fuente|inmueble|operacion|zona|distrito|direccion|precio|soles|dolares|variacion|mantenimiento|caracteristica|area|dormitorio|baños|estacionamientos|detalle|enlace|fecha
adondevivir|departamentos|venta|Lima Este|Ate Vitarte|"Full Amoblado, Equipado, Vista Exterior, 5 Años DE Antiguedad EN Salamanca
Salamanca De Monterrico, Ate Vitarte"|S/ 352,800 · USD 105,000|352800|105000|||"62 m² tot.
2 dorm.
1 baño"|62|2|||¡Bienvenido a departamento moderno con solo 5 años de antigüedad en El Rosal de Salamanca! Este encantador hogar ofrece 2 acogedores dormitorios, 1 baño completo y un balcón perfecto para disfrutar del aire fresco. La cocina está equipada y lista para tus aventuras culinarias. Además, cuenta con una lavandería práctica. Ubicado en el tercer piso, este departamento amoblado te permite vivir con estilo y comodidad. Disfruta de la tranquilidad con seguridad y portería las 24 horas. ¿Tienes mascotas? ¡Son bienvenidas aquí! Con un ascensor a tu disposición, el acceso es fácil y rápido. Contarás con una linda vista, y la disposición frente te asegura una estadía agradable día a día. Vive cerca de todo lo que necesitas en Lima, en una urbanización segura. No dejes pasar esta oportunidad única de ser parte de una comunidad vibrante. ¡Tu nuevo hogar te espera! resumen: precio de venta amoblado: us$ 105, 000Departamento – El Rosal de Salamanca-Ubicado en urbanización segura y tranquila-A 1 cuadra de hermoso Parque con lozas deportivas y juegos infantiles &quot;las dalias&quot;, A pocos metros de Av. Los Quechuas. -3. er piso con ascensor-5 años de antigüedad y poco uso-Vista exterior con excelente iluminación natural-Sala–comedor ventilada-Balcón con vista exterior-Cocina equipada, con menaje y funcional-2 dormitorios cómodos-1 baño completo-Área de lavandería-Amoblado y equipado-Seguridad y portería 24/7-Se permiten mascotas“Honestidad, Transparencia y Servicios Creativos. Nuestros pilares para brindarles la mejor asesoría inmobiliaria. ”Si desea vender o alquilar su inmueble no dude en contactarse con nosotros.|https://www.adondevivir.com/propiedades/clasificado/veclapin-full-amoblado-equipado-5-anos-de-antiguedad-y-vista-148968287.html?n_src=Listado&n_pills=Guardian%C3%ADa%2FSeguridad+privada&n_pg=1&n_pos=1|2026-03-18
adondevivir|departamentos|venta|Lima Este|Ate Vitarte|"Av. Marginal al 100
Javier Prado Et.6, Ate Vitarte"|S/ 404,168 · USD 120,000|404168|120000|||"126 m² tot.
3 dorm.
2 baños"|126|3|2||Oferta de departamento – segundo piso, 126 m²Ubicación privilegiada cerca al Trébol de Javier Prado, con acceso rápido a universidades, centros comerciales y parques. Vive en un entorno seguro, tranquilo y con excelente iluminación natural. Características principales: Área total: 126 m²Piso: Segundo pisoEdificio de solo tres pisos3 habitaciones ampliasSala y comedor con luz natural directaÁrea para estudio o home officeCocina y lavandería. Excelente ventilación e iluminaciónSeguridad y ambiente residencialBeneficios: Conectividad a las principales vías de la ciudadCerca a parques, colegios y centros comercialesIdeal para familias o profesionales que buscan comodidad y ubicaciónOportunidad única: vive con calidad y tranquilidad en una zona estratégica de la ciudad. Contáctanos para agendar una visita y conocer tu próximo hogar.|https://www.adondevivir.com/propiedades/clasificado/veclapin-departamento-en-javier-prado-et.6-149149205.html?n_src=Listado&n_pills=%C3%81rea+de+lavander%C3%ADa&n_pg=1&n_pos=2|2026-03-18
adondevivir|departamentos|venta|Lima Este|Ate Vitarte|"Av. Prol. Javier Prado Este 9051 al 9000
Ate Vitarte, Lima"|S/ 705,600 · USD 210,000|705600|210000|||"270 m² tot.
5 dorm.
4 baños"|270|5|4||Contacto: santa cruz buendía yieny kennithcell: 9*8*6*9*8*7*3*4*6venta de amplio dúplex en av. Javier prado – ategran oportunidad de inversión o vivienda en una de las avenidas más importantes y comerciales de Lima. - Ubicado en plena Avenida Javier Prado- Frente al Poder Judicial del Perú- A solo 3 minutos del Real Plaza Puruchuco- A 3 cuadras de la estación Estación Los Jardines del Metro de Lima-Cerca de bancos, supermercados, centros comerciales y principales servicios. características generalesárea total: 270 m²(135 m² en 4° piso + 135 m² en 5° piso) 5 habitaciones amplias4 baños completosLuz y agua independizadosExcelente iluminación naturalAmbientes amplios y ventiladosDormitorio con baño incorporadoHabitaciones adicionalesEspacios versátiles (oficina, sala de estar o área social) Potencial para terraza o zona de reunionesideal para: - Familia numerosa- Vivienda + oficina- Inversión para alquiler por habitaciones- Profesionales que buscan ubicación estratégicaUna propiedad con gran metraje, excelente conectividad y alto potencial de valorización. Te invito a conocerlo personalmente. Para más información o agendar una visita, contáctame. contacto: santa cruz buendía yieny kennithcell: 9*8*6*9*8*7*3*4*6id: 1*1*7*2*9*4*2|https://www.adondevivir.com/propiedades/clasificado/veclapin-venta-de-duplex-en-av-javier-prado-ate-149037895.html?n_src=Listado&n_pills=%C3%81rea+de+lavander%C3%ADa&n_pg=1&n_pos=3|2026-03-18
adondevivir|departamentos|venta|Lima Este|Ate Vitarte|"Prolongacion Javier Prado Este 9132
Los Portales De Javier Prado, Ate Vitarte"|S/ 450,000 · USD 120,000|450000|120000|||"126 m² tot.
4 dorm.
3 baños
1 estac."|126|4|3|1|Ate - (Urb. Los Portales de Javier Prado) departamento en venta Prolong. Javier Prado Ate, muy cerca de Real Plaza Puruchuco, con acceso a avenidas principales en 4to piso (sin ascensor) 6 razones para comprar el departamento 1. Es amplio mide 126 Mts. 2. Tiene vista a calle (iluminación asegurada) 3. Solo 01 departamento por piso ( baja densidad de vecinos, solo 04 pisos) 4. Es de estreno (nadie lo ha ocupado). 5. Dormitorios para camas Queen. (02 con baño completo y 02 comparten un baño). 6. No tiene deuda, hipoteca o cargas. 7. No pagas mantenimiento. Además la sala comedor es amplia, baño de cocina cerrada con puerta vaiven y lavandería separada y ventilada con espacio para tendal, Adquierelo por solo us$ 120, 000 Hay cochera disponible adicional al precio del departamento, Opcional: $10, 000 Datos adicionales: Arbitrios e impuestos al día. Departamento paga Alcabala. Contacto: Enrique Alema? n al Ver datos|https://www.adondevivir.com/propiedades/clasificado/veclapin-departamento-de-estreno-de-126-m-de-04-dorm.-03-banos-147857158.html?n_src=Listado&n_pills=%C3%81rea+de+lavander%C3%ADa&n_pg=1&n_pos=4|2026-03-18
adondevivir|departamentos|venta|Lima Este|Ate Vitarte|"Urbanización El Banco De Javier Prado, Ate, Lima
Ate Vitarte, Lima"|"S/ 379,000 · USD 113,500
5%"|379000|113500|5%|80|"90 m² tot.
3 dorm.
2 baños"|90|3|2||Se vende amplio y moderno departamento – Excelente ubicación límite con La Molina5 piso sin ascensorSe vende lindo y amplio departamento de 90. 35 m², con vista externa y excelente distribución. Cuenta con 3 dormitorios, todos con closets. El dormitorio principal incluye baño incorporado. Además, dispone de un baño completo adicional para compartir. Ambos baños cuentan con espejos biselados, puertas corredizas, buena iluminación y acabados modernos. La propiedad ofrece una amplia sala-comedor, destacando un mueble decorativo con iluminación, ideal para un ambiente moderno y acogedor. La cocina se encuentra totalmente amoblada, con reposteros altos y bajos, campana extractora y buen espacio de almacenamiento. Incluye área de lavandería con conexión para lavadora, lavadero y mueble auxiliar. Área total: 90. 35 m²Documentación: En regla, inscrito en Registros PúblicosUbicación estratégica: Cerca de parques y avenidas principalesA pocos minutos del Óvalo HuarochiríEspaldas del colegio AlpamayoCerca del Estadio Monumental de la ulímite con La MolinaPrecio de venta: us$ 115. 000|https://www.adondevivir.com/propiedades/clasificado/veclapin-urbanizacion-el-banco-de-javier-prado-ate-lima-5-148895945.html?n_src=Listado&n_pills=%C3%81rea+de+lavander%C3%ADa&n_pg=1&n_pos=5|2026-03-18
adondevivir|departamentos|venta|Lima Este|Ate Vitarte|"Jr. Juan Jose Crespo al 100
Ate Vitarte, Lima"|S/ 684,560 · USD 199,000|684560|199000|||"372 m² tot.
3 dorm.
2 baños
2 estac."|372|3|2|2|**¡Oportunidad Exclusiva en Ate Vitarte! ** Tu nuevo hogar te espera en una de las zonas más encantadoras de Lima. Descubre esta acogedora casa que incluye el primer piso y los aires del tercer piso, asimismo cuenta con 02 amplios estacionamientos. Un espacio pensado para disfrutar de la tranquilidad, la comodidad y una vida en armonía con la naturaleza. Natural y Frente a Parque: Disfruta de la frescura de las áreas verdes y la paz que solo vivir frente a un parque puede ofrecer. Ideal para quienes valoran los espacios abiertos y la calidad de vida. Vista Privilegiada: Con una hermosa vista a la calle y al exterior, tu nuevo hogar estará lleno de luz natural y con una fachada que destaca. **Características del Departamento: • 3 cómodas habitaciones• 2 baños completos• Amplia sala y comedor para compartir en familia• Cocina funcional y bien distribuida• ¡Incluye 2 estacionamientos! • Frente a un parque hermoso y bien cuidadoEste departamento es perfecto para quienes buscan un hogar amplio, bien ubicado y listo para mudarse. Ubicado en una zona privilegiada de Ate Vitarte, rodeado de serenidad, áreas verdes y con fácil acceso a servicios, comercios y entretenimiento. ¡No dejes pasar esta oportunidad única de vivir como siempre soñaste! Contáctanos hoy y ven a conocer el lugar donde comienza tu nueva historia. Consultar con el Agente Inmobiliario encargado para mayor información Ver datos.|https://www.adondevivir.com/propiedades/clasificado/veclapin-departamento-a-la-venta-en-ate-vitarte-147856025.html?n_src=Listado&n_pg=1&n_pos=6|2026-03-18
adondevivir|departamentos|venta|Lima Este|Ate Vitarte|"Jerez 120
Ate Vitarte, Lima"|"S/ 560,000 · USD 160,000
11%"|560000|160000|11%||"114 m² tot.
4 dorm.
2 baños
1 estac."|114|4|2|1|Se vende amplio departamento en primer piso + cocheraExcelente oportunidad de adquirir un espacioso departamento de 124 m², ubicado a la altura de la cuadra 31 de Separadora Industrial en ate vitarte, en una zona residencial tranquila y segura. El departamento se encuentra en primer piso, lo que brinda comodidad y fácil acceso, y cuenta con: -3 dormitorios, todos bien ventilados y con excelente iluminación natural-Dormitorio de servicio con baño completo-Cochera incluida-Área total: 124 m²La zona destaca por sus amplios jardines y áreas verdes, ideales para disfrutar en familia, además de contar con vigilancia las 24 horas del día, brindando seguridad y tranquilidad. Vive en un entorno con clima seco y sol todo el año, ideal para una mejor calidad de vida. No pierda esta oportunidad de ser dueño de este cómodo y funcional departamento. Contáctenos para más información o para agendar una visita. Contáctanos hoy y agenda tu visita. T. C. 3. 50Tipo de cambio referencial, sujeto a variación diaria por fluctuación del mercado|https://www.adondevivir.com/propiedades/clasificado/veclapin-se-vende-departamento-primer-piso-mas-cochera-148689996.html?n_src=Listado&n_pills=Jard%C3%ADn&n_pg=1&n_pos=7|2026-03-18
adondevivir|departamentos|venta|Lima Este|Ate Vitarte|"Lerida 211 al 200
Mayorazgo, Ate Vitarte"|S/ 530,100 · USD 155,000|530100|155000||100|"143 m² tot.
3 dorm.
3 baños"|143|3|3||Contacto: maria arevalo: 9*6*3*2*9*2*9*9*9¡Vive con el espacio y la comodidad que tu familia merece! Imagina un hogar donde cada miembro tenga su propio baño, donde la sala y la cocina se integran en un solo ambiente acogedor, y donde disfrutas de la tranquilidad de una zona segura. Ese lugar existe: tu nuevo departamento en semisótano en Ate Vitarte. Características principales: Área ocupada: 156. 32 m²Área construida: 142. 43 m²Área libre: 13. 89 m²3 dormitorios, cada uno con baño completo propioSala comedor amplia con cocina abiertaAntigüedad: 26 años, bien conservadoUbicación estratégica: Al lado del Colegio San Lorenzo, cerca a la Pre Lima, con rápido acceso a Javier Prado, Separadora Industrial y centros comerciales como Puruchuco. Además, estarás a pasos de parques, servicios y zonas seguras que realzan tu calidad de vida. Beneficios que te encantarán: Privacidad total: cada habitación con baño propioConectividad y comodidad a minutos de todoEspacios amplios, funcionales y bien ventiladosZona tranquila, ideal para familiasSi buscas un hogar espacioso, práctico y en una ubicación privilegiada, este departamento es para ti. ¡Contáctanos y agenda tu visita hoy mismo — descubre el lugar donde tu nueva etapa comienza! contacto: maria arevalo: 9*6*3*2*9*2*9*9*9id: 1*1*5*8*9*9*8|https://www.adondevivir.com/propiedades/clasificado/veclapin-venta-de-departamento-en-mayorazgo-147904304.html?n_src=Listado&n_pills=%C3%81rea+de+lavander%C3%ADa&n_pg=1&n_pos=8|2026-03-18
adondevivir|departamentos|venta|Lima Este|Ate Vitarte|"C. Marbella al 200
Mayorazgo, Ate Vitarte"|S/ 482,330 · USD 139,000|482330|139000|||"99 m² tot.
3 dorm.
2 baños"|99|3|2||Contacto: laura riscocel: 9*4*3*7*7*6*6*2*8venta de departamento 99 m2 en mayorazgo ate A unas cuadras del centro preuniversitario U lima¿Estás buscando el departamento de tus sueños? ¡Tenemos la solución perfecta para ti! Se vende amplio departamento en piso 3, ubicado en Urb. Mayorazgo iii Etapa, en una zona residencial y segura. ubicación En calle Marbella 259. - A 1 cuadra de Av. Separadora Industrial y Ovalo de Mayorazgo. - A pocas cuadras del centro preuniversitario ulima e Iglesia San José de Mayorazgo. - A la altura del Estadio Monumental de la U. - Cercano al tren (Estación Hermilio Valdizan), mercado Productores, mercado Mayorista, Centro Comercial Plaza Josfel y Real Plaza Puruchuco. áreas- Área de terreno (at): 99. 05 m2- Área Construida (ac): 99. 05 m2distribución- Sala - comedor - Cocina cerrada- Lavandería- 1 habitación principal con baño incorporado- 2 habitaciones secundarias- 1 baño compartido- 1 habitación y baño de servicio. - Ascensor Documentación en reglaNo pierdas la oportunidad de vivir cómodamente en una de las mejores zonas de Lima. ¡Agenda tu visita ya! contacto: laura riscocel: 9*4*3*7*7*6*6*2*8id: 1*1*2*8*8*3*4|https://www.adondevivir.com/propiedades/clasificado/veclapin-venta-de-departamento-99-m-sup2--en-mayorazgo-ate-145779176.html?n_src=Listado&n_pills=%C3%81rea+de+lavander%C3%ADa&n_pg=1&n_pos=9|2026-03-18
adondevivir|departamentos|venta|Lima Este|Ate Vitarte|"Rio Marañon, Ate 15498, Perú
Ate Vitarte, Lima"|S/ 235,280 · USD 68,000|235280|68000|||"75 m² tot.
3 dorm.
2 baños"|75|3|2||Contacto: Doris Gueverateléfono: 9*6*6*6*5*6*5*9*9venta dpto en los angeles de vitarte - atedisfruta de la comodidad, seguridad y una ubicación estratégica de un departamento tipo flat 75. 12 m², ubicado en el 2er piso, ideal para quienes deseen calidad de vida. Características: • 3 amplios dormitorios• Dormitorio principal con baño. • Cocina estilo americano, integrada con el comedor, sala con vista a calle, iluminación y ventilación natural. • Área de lavandería y tendal. Muy cerca de las principales vías de acceso como a la Av. Metropolitana, Av. Los Ángeles, Mercado Mayorista, Mercado Productores, C. C Puruchuco, Josfel, parques, colegios, supermercados. ¡No dejes pasar esta oportunidad! Agenda tu visita hoy mismo y descubre tu próximo hogarTambién contamos con otros departamentos flat disponibles: 2do Piso• Área: 57. 96 m²• 2 dormitorios (principal con baño y clóset incluido) • Cocina americana con muebles altos y encimeras. • 2 baños3er Piso• Área: 75. 12 m²• 3 amplios dormitorios, • Dormitorio principal con baño. • Cocina estilo americano, integrada con el comedor, sala con vista a calle, iluminación y ventilación natural. • Área de lavandería y tendal. 5to Piso• Área: 57. 96 m²• 2 dormitorios (principal con baño y clóset incluido) • Cocina americana con muebles altos y encimeras de granito• Medio baño¡Opciones para cada necesidad! Escríbeme y te ayudo a encontrar el departamento ideal para ti. contacto: Doris Gueverateléfono: 9*6*6*6*5*6*5*9*9id: 1*1*7*4*4*8*8|https://www.adondevivir.com/propiedades/clasificado/veclapin-departamento-en-ate-vitarte-149207644.html?n_src=Listado&n_pills=%C3%81rea+de+lavander%C3%ADa&n_pg=1&n_pos=10|2026-03-18
adondevivir|departamentos|venta|Lima Este|Ate Vitarte|"calle los libertadores 396
Valdiviezo, Ate Vitarte"|S/ 256,700 · USD 75,500|256700|75500|||"79 m² tot.
3 dorm.
2 baños"|79|3|2||Moderno edificio de 7 pisos, con solo 2 departamentos por piso, ideal para quienes buscan privacidad, comodidad y buena distribución. Unidades de 79 m² y 94 m², disponibles del 2. º al 6. º piso. Pensado especialmente para familias jóvenes con niños, gracias a su cercanía a colegios y a un parque zonal, así como para personas que trabajan en Lima Este y buscan excelente conectividad. Cada departamento cuenta con: 3 dormitorios con buena iluminación natural. 2 baños completos. Sala – comedor amplia y luminosa. Cocina abierta, moderna y funcional. Lavandería compacta. Contara con Ascensor. Ubicación estratégica. Cerca al Mercado de Frutas, Parque Cahuide, Terminal y Camal de Yerbateros. Rápido acceso a Carretera Central, Av. Circunvalación y Av. Nicolás Arriola. Proyecto en obra, con acabados por culminar. Una excelente oportunidad para vivir en un espacio moderno y bien ubicado. Escríbeme para más información.|https://www.adondevivir.com/propiedades/clasificado/veclapin-edificio-multifamiliar-moderno-lima-esteezo-147571027.html?n_src=Listado&n_pills=%C3%81rea+de+lavander%C3%ADa&n_pg=1&n_pos=11|2026-03-18
adondevivir|departamentos|venta|Lima Este|Ate Vitarte|"Prolongación Los Ajenjos al 100
Salamanca De Monterrico, Ate Vitarte"|S/ 465,300 · USD 141,000|465300|141000||160|"72 m² tot.
3 dorm.
2 baños
2 estac."|72|3|2|2|Departamento en venta en la Urbanización Salamanca, ideal para parejas jóvenes o familias pequeñas que buscan vivir en una zona residencial bien conectada y con todo a la mano. Excelente ubicación con rápido acceso a Vía de Evitamiento y Av. Circunvalación, facilitando la movilidad hacia distintos distritos de Lima. El departamento tiene 72 m², se encuentra en 5to piso con ascensor y cuenta con vista externa, lo que garantiza buena iluminación natural. La sala comedor se integra a un pequeño balcón, perfecto para un momento de descanso al final del día. Dispone de cocina cerrada con mesada de granito y lavandería independiente, aportando mayor orden y practicidad. Cuenta con 2 dormitorios con clósets, el dormitorio principal con baño completo incorporado, y un segundo baño completo ubicado en el pasadizo que también funciona como baño de visitas. Como valor agregado, el departamento ofrece un ambiente flexible, ideal como home office o cuarto de bebé, con clóset incluido, adaptándose fácilmente a nuevas etapas de vida. Uno de sus mayores diferenciales es que incluye doble cochera y depósito, una característica poco común en Salamanca, que incrementa notablemente su valor. El edificio cuenta con ascensor y seguridad, y el departamento se encuentra impecable y listo para mudarse. Ubicado a 10 minutos caminando de Plaza Vea Salamanca, cerca de colegios como Pamer, Trilce y Saco Oliveros, y de la Universidad de Lima.|https://www.adondevivir.com/propiedades/clasificado/veclapin-departamento-en-venta-en-salamanca-72-m-sup2--doble-149273178.html?n_src=Listado&n_pills=Guardian%C3%ADa%2FSeguridad+privada&n_pg=1&n_pos=12|2026-03-18
adondevivir|departamentos|venta|Lima Este|Ate Vitarte|"Calle prolongacion los ajenjos
Salamanca De Monterrico, Ate Vitarte"|S/ 328,000 · USD 98,000|328000|98000||80|"70 m² tot.
3 dorm.
2 baños"|70|3|2||Agente domus: Wilson Mendoza 9. 6. 1. 7. 1. 8. 6. 4. 5. Oportunidad en Salamanca de Monterrico en ate. ¡Viva la vida en un departamento en el corazón de Salamanca! Presentamos este hermoso departamento de 70 m2, ubicado en el cuarto piso de un edificio moderno y seguro. Este departamento es ideal para aquellos que buscan un hogar cómodo y práctico en una zona privilegiada de la ciudad. A pocas cuadras de la Av. Javier Prado - Jockey Plaza. Frente a la iglesia de los Mormònes en Salamanca. Características. - 3 dormitorios amplios y luminosos. - 2 baños completos con acabados de alta calidad. - Cocina equipada con: - Encimera, Campana y horno. - Tablero de granito. - Lavandería super ventilada. - Conexión a Gas Calidda para una mayor comodidad. - Therma para agua caliente. - Ascensor para un acceso rápido y seguro. Ubicado en el corazón de Salamanca, a pasos del plaza vea del arco de Salamanca, cerca de la Universidad y de los principales lugares de interés. - Zona segura y tranquila, con fácil acceso a las principales vías de la ciudad. - Cercana a parques, colegios y universidades. Equipamiento y comodidades. - Departamento equipado con todo lo necesario para una vida cómoda y práctica. - Ascensor para un acceso rápido y seguro. listo para habitar ¡ El precio en soles es referencial al tipo de cambio. No pierda la oportunidad de hacer de este departamento su hogar. Contacte con nosotros para obtener más información y programar una visita.|https://www.adondevivir.com/propiedades/clasificado/veclapin-vendo-departamento-en-salamanca-de-monterrico.-147603536.html?n_src=Listado&n_pills=Guardian%C3%ADa%2FSeguridad+privada&n_pg=1&n_pos=13|2026-03-18
adondevivir|departamentos|venta|Lima Este|Ate Vitarte|"Lerida 238
Mayorazgo, Ate Vitarte"|S/ 439,000 · USD 125,788|439000|125788||80|"114 m² tot.
3 dorm.
2 baños"|114|3|2||Amplio departamento en edificio exclusivo de solo 3 pisos con 1 departamento por nivel, ideal para quienes buscan privacidad y tranquilidad. Distribución. Sala – comedor amplia y bien iluminada. Cocina con reposteros altos y bajos con ingreso independiente. 3 dormitorios con clóset. Dormitorio principal con baño incorporado. Sala de estar o family room. Medio baño de visita. 1 baño completo adicional. Lavandería independiente con área de tendal. Características. Área: 114 m² Antigüedad: 20 años. Pet friendly. 2 cisternas de agua. Ubicación. Cerca de Real Plaza Puruchuco y con fácil acceso a Jockey Plaza, colegios, universidades y transporte. Precio competitivo en la zona. Agenda tu visita.|https://www.adondevivir.com/propiedades/clasificado/veclapin-departamento-amplio-en-venta-114-m-sup2--1-por-149218352.html?n_src=Listado&n_pills=%C3%81rea+de+lavander%C3%ADa&n_pg=1&n_pos=14|2026-03-18
adondevivir|departamentos|venta|Lima Este|Ate Vitarte|"Calle E 17
Alameda De La Rivera, Ate Vitarte"|S/ 357,000 · USD 105,000|357000|105000|||"103 m² tot.
3 dorm.
2 baños"|103|3|2||Doors, te presenta departamentos de estreno en Venta, ubicados en una zona privilegiada por estar cerca del Mercado Mayorista y Mercado Productores, a pasos de colegios, parques y avenidas principalesAl ingresar al departamento encontraras una sala comedor amplia e iluminada con vista a la calle, una cocina completa, área de lavandería independiente, dos baños completos, tres dormitorios amplios, el dormitorio principal con baño incorporado. Los acabados de los departamentos son de primera calidad, Los Departamentos disponibles: Tercer piso $106, 000. 00Cuarto piso $98, 000. 00Quinto piso $92, 500El edificio es de cinco pisos, un departamento por pisoAgendemos una visita! En Doors, ofrecemos un servicio integral en la gestión de compra, venta y alquiler de inmuebles. Nuestro equipo de profesionales trabaja con seriedad, transparencia y compromiso para garantizar operaciones seguras y exitosas. Nos enfocamos en brindar asesoría personalizada, acompañando a cada cliente en cada etapa del proceso inmobiliario, desde la valoración del inmueble hasta la firma final. Con un profundo conocimiento del mercado y una red de contactos sólida, ayudamos a propietarios e inversores a tomar las mejores decisiones. Nuestra misión es ser un aliado de confianza, generando valor y construyendo relaciones duraderas basadas en la ética y la excelencia. En Doors, creemos que una casa es mucho más que paredes y techos: es el lugar donde empiezan los sueños. Por eso, trabajamos cada día para ayudarte a encontrar el hogar perfecto o la inversión ideal. Te acompañamos en todo el camino, con cercanía, honestidad y experiencia, para que vivas el proceso de comprar, vender o alquilar de forma sencilla y segura. Nuestro propósito es unir personas con lugares especiales, y hacerlo siempre con pasión y confianza.|https://www.adondevivir.com/propiedades/clasificado/veclapin-departamento-estreno-en-venta-en-la-urb.-alameda-de-la-148352967.html?n_src=Listado&n_pills=Seguridad&n_pg=1&n_pos=15|2026-03-18
adondevivir|departamentos|venta|Lima Este|Ate Vitarte|"Av. Prol. Javier Prado Este 6800
Mayorazgo Etapa V, Ate Vitarte"|S/ 418,100 · USD 113,000|418100|113000||90|"50 m² tot.
1 dorm.
1 baño"|50|1|||Se vende dpto de 50. 5 m2 frente del colegio El Alpamayo, con una vista espectacular al parque. Sala-comedor con vista panorámica, kitchenette, dormitorio principal con vista panorámica, baño, lavandería. Ventanas amplias tipo mampara. Paredes y techo empastados. El edificio es seguro y modernoExiste el mantenimiento y la limpieza correspondiente, y en forma permanente. Costo promedio mensual de mantenimiento y servicios de limpieza es S/ 90. 00 soles. Escalera descansada. T. C. 3. 50Tipo de cambio referencial, sujeto a variación diaria por fluctuación del mercado|https://www.adondevivir.com/propiedades/clasificado/veclapin-venta-departamento-frente-el-colegio-alpamayo-146958015.html?n_src=Listado&n_pills=%C3%81rea+de+lavander%C3%ADa&n_pg=1&n_pos=16|2026-03-18
adondevivir|departamentos|venta|Lima Este|Ate Vitarte|"Las Fresas
Ceres, Ate Vitarte"|S/ 325,085 · USD 95,000|325085|95000||20|"90 m² tot.
3 dorm.
2 baños"|90|3|2||Departamentos de: - 3 Dormitorios. - Dormitorio principal #1 con baño incluido. - Dormitorio #2. - Dormitorio #3. - Sala amplia con vista exterior y balcón. - Baño completo para Dormitorio #2 y #3. - Baño de visita. - Cocina moderno con repostero y horno. - Lavandería. - Tendal de ropa (piso 6) - Gas natural. - Intercomunicador. - Tanque sisterna de agua con bomba 1 tanque elevados. Ubicado en calle las fresas cuadra 2. Referencia Cuadra 10 de av Metropolitana y las nueces. (paradero chuletón)|https://www.adondevivir.com/propiedades/clasificado/veclapin-venta-de-departamento-148615387.html?n_src=Listado&n_pills=Guardian%C3%ADa%2FSeguridad+privada&n_pg=1&n_pos=17|2026-03-18
adondevivir|departamentos|venta|Lima Este|Ate Vitarte|"Salamanca de Monterrico
Salamanca De Monterrico, Ate Vitarte"|S/ 463,500 · USD 133,000|463500|133000||100|"107 m² tot.
3 dorm.
2 baños"|107|3|2||Venta Departamento en Salamanca De Monterrico S/ 503, 700Edificio exclusivo de solo 3 departamentos, uno por piso. Ubicado en zona tranquila y estratégica de Salamanca – ate, este edificio de construcción sólida y ambiente familiar ofrece privacidad y comodidad. Se vende amplio departamento de 107 m2 en tercer piso, Distribución: • 3 habitaciones espaciosas • 2 baños• Hall de Ingreso Amplio• Star que se puede usar como para Sala de Tv• Amplia Sala comedor• Cocina independiente concepto cerrado muebles altos y bajos de madera caoba• Área de lavandería• Area de Tendal en 4to piso• Una habitación adicional que se puede adecuar o adaptar según necesidad. • Espacio para realizar ParrillaVentajas de la propiedad: • Frente a Parque• Excelente conectividad: cerca de avenidas principales, colegios, supermercados, bancos y transporte público• Zona tranquila y segura• A pesar de no contar con cochera tiene espacio exclusivo y seguro frente al departamento para estacionar tu carro. Ubicación: Salamanca de Monterrico, distrito de ate – Lima, PerúPrecio: Ocasión Estado: Muy BuenoPiso: 3er piso sin ascensorDocumentación en regla, libre de hipotecaContáctanos para más información o agendar una visita. ¡No dejes pasar esta oportunidad en una de las zonas más buscadas de ate! Para más información sobre esta propiedad, indícanos el código sapVer datos. Asesor asignado: Lisseth Carrasco. Contáctanos vía WhatsApp o a través de nuestra página web.|https://www.adondevivir.com/propiedades/clasificado/veclapin-departamento-en-venta-148289012.html?n_src=Listado&n_pills=%C3%81rea+de+lavander%C3%ADa&n_pg=1&n_pos=18|2026-03-18
adondevivir|departamentos|venta|Lima Este|Ate Vitarte|"Calle Saucos al 2XX
Salamanca De Monterrico, Ate Vitarte"|S/ 521,040 · USD 156,000|521040|156000||280|"130 m² tot.
3 dorm.
2 baños"|130|3|2||Excelente ubicación a 2 cuadras de Plaza Vea, a 6 minutos del Jockey Plaza, Avenidas principales como Vía Evitamiento y Javier Prado. Comercios, restaurantes y transporte público cercano, todo a pie. Características: - Antigüedad 10 años- 130 mt2 área total- Sala/comedora - Cocina abierta con reposteros altos y bajos - Baños 2 completos - 3 dormitorios - Terraza y área de lavandería Distribución: Piso 7: Sala, comedor, cocina, 2 dormitorios y 1 baño completo Piso 8: 1 dormitorio, 1 baño completo, Terraza, Terma, lavandería. Ubicado en el piso 7 con ascensor. No cuenta con cochera. Mantenimiento 280 vigilancia lunes A viernes: 8 A 7 pm - Y sabado 8 A 1pm ms ruc: 2. 0. 6. 0. 9. 3. 4. 7. 9. 8. 9|https://www.adondevivir.com/propiedades/clasificado/veclapin-oportunidad:-duplex-con-terraza-en-venta-a-5-minutos-148649857.html?n_src=Listado&n_pills=%C3%81rea+de+lavander%C3%ADa&n_pg=1&n_pos=19|2026-03-18
adondevivir|departamentos|venta|Lima Este|Ate Vitarte|"Calle cordillera del condor
Mayorazgo, Ate Vitarte"|S/ 295,000|295000||||"70 m² tot.
2 dorm.
2 baños"|70|2|2||Departamentos en Venta de 70. 50 m2 en Ate Urbanización Alpamayo Limite con La molina Cerca de Centros Comerciales Mall Puruchuco Jockey Plaza Universidades Pre Lima Univ San martin U Lima, U Agraria, U San Ignacio, A espaldas del Colegio Alpamayo y del colegio Innova School cerca a la Nueva Estación del tren Urbanización con seguridad 24 horas dos portones de ingreso, Avenidas Principales como Javier Prado Este, Av Huarochiri, Av Constructores. 5to piso. Consta de. Sala Comedor Cocina Lavanderia. 2 dormitorios. 2 baños. Gas natural. Intercomunicador. Acabados de Lujo. Cocina con muebles Altos y bajos con mesa de granito. Departamentos con Vista a la Calle con Papeles en regla Título de propiedad Independiente con partida registral e Inscrito en la Municipalidad. No paga impuesto de alcabala. comunicarse al. 9. 6. 1. 2. 6. 7. 2. 1. 1.|https://www.adondevivir.com/propiedades/clasificado/veclapin-ocasion-vendo-departamento-5to-piso-en-ate-urb-144444049.html?n_src=Listado&n_pills=%C3%81rea+de+lavander%C3%ADa&n_pg=1&n_pos=20|2026-03-18
adondevivir|departamentos|venta|Lima Este|Ate Vitarte|"SALAMANCA DE MONTERRICO RECAUDADORES
Salamanca De Monterrico, Ate Vitarte"|S/ 318,000 · USD 95,000|318000|95000|||"64 m² tot.
2 dorm.
1 baño
1 estac."|64|2||1|Lindo departamento vista A la calle 4to piso sin ascensor amplia sala comedor espaciosa Y bien ventilada cocina con reposteros altos Y bajos tipo americana lavandería separada de la cocina 2 dormitorios con clóset un baño completo con ducha de hidromasajes cuenta con cochera para camioneta, zona privilegiada de salamanca A una cuadra de avenida paracas cerca parques colegios A 10 minutos del jockey plaza precio us$ 95, 000 citas inmediatas sra. Miluzka martínez|https://www.adondevivir.com/propiedades/clasificado/veclapin-ocasion-dpto-64-m-sup2--2-dorm.-cochera-us$95-000-148674941.html?n_src=Listado&n_pills=%C3%81rea+de+lavander%C3%ADa&n_pg=1&n_pos=21|2026-03-18
adondevivir|departamentos|venta|Lima Este|Ate Vitarte|"Calle Sabadell 125
Mayorazgo, Ate Vitarte"|S/ 360,000 · USD 107,470|360000|107470|||"99 m² tot.
3 dorm.
2 baños"|99|3|2||Ubicado en Calle Sabadell 125, Urb. Mayorazgo 4ta Etapa – Ate Vitarte. Si buscas un departamento amplio, bien distribuido y en una zona residencial tranquila, esta puede ser una excelente oportunidad. Edificio de solo 5 pisos (1 departamento por piso), ideal si valoras privacidad y poco tránsito interno. Características del inmueble: - Área construida: 99. 38 m² - Piso: 4to piso (acceso por escaleras) - Antigüedad: 13 años. - Vista a la calle. * 3 dormitorios. - Principal con baño completo, clóset empotrado y escritorio. - 2 secundarios (uno con clóset y escritorio) - 2 baños completos + 1 medio baño de visita. - Sala-comedor amplia con muy buena iluminación natural. - Cocina con muebles altos y bajos, tablero de cuarzo y buena ventilación. - Lavandería independiente. - Servicios de agua y luz independientes. - Pet friendly. Importante: No cuenta con estacionamiento. Entorno y seguridad: - Edificio de 5 pisos con 1 departamento por piso. - Caseta de seguridad en la cuadra. - Zona residencial, segura y con clima agradable, muy cerca del límite con La Molina. Ubicación estratégica: - A 1 cuadra de la Av. Huarochirí y del Instituto Geofísico del Perú (igp) - A 1 cuadra del Parque Gerona. - A 3 minutos de la Av. Separadora Industrial. - A 6 minutos de la Av. Los Constructores. - A 7 minutos del Centro Preuniversitario de la Universidad de Lima (Ulima) - A 10 minutos del Real Plaza Puruchuco. - Cercano a colegios, supermercados, veterinarias y comercios locales. Precio: S/ 360, 000 (negociable) Existe un saldo hipotecario (38%) que se cancela como parte de la operación de compra. Contacto: 941*517*662 - Agencia Inspira Vivehg. Agenda tu visita hoy mismo.|https://www.adondevivir.com/propiedades/clasificado/veclapin-venta-de-departamento-en-mayorazgo-4ta-etapa-limite-147974523.html?n_src=Listado&n_pills=Cerca+a+colegios&n_pg=1&n_pos=22|2026-03-18
adondevivir|departamentos|venta|Lima Este|Ate Vitarte|"EL PALMAR
Salamanca De Monterrico, Ate Vitarte"|S/ 470,000 · USD 130,000|470000|130000||240|"80 m² tot.
3 dorm.
2 baños
1 estac."|80|3|2|1|Comentarles que el departamento esta alquilado, lo vendo en este momento como una gran oportunidad de inversión, la renta mensual que se percibe es de soles 2, 000, asumiendo tambien los inquilinos el mantenimientoy el pago de arbitrios. Departamento ubicado en la urbanización Salamanca de Monterrico, el cual viene con un estacionamiento. 07 años de antigüedad - Segundo piso – se aceptan mascotas. Sala comedor con vista a la calle, la cual tiene un acogedor balcón. Cocina, lavandería. 03 dormitorios, el principal con baño incorporado y walking closet, los dormitorios secundarios tienen closet empotrado, comparten baño. Vigilancia. área 82. 35 m2, sin incluir el área de la cochera, que mide 15 m2, por lo cual el total del área es de 97 m2. Estare encantada de atenderlos, Carolina, espero su llamada 9. 9. 8. 2. 4. 6. 5. 0. 5|https://www.adondevivir.com/propiedades/clasificado/veclapin-dpto-para-inversion-inquilino-esta-hace-varios-anos.-146921165.html?n_src=Listado&n_pills=Cerca+a+colegios&n_pg=1&n_pos=23|2026-03-18
adondevivir|departamentos|venta|Lima Este|Ate Vitarte|"Calle Las Fresas cuadra 1
Ate Vitarte, Lima"|S/ 320,000 · USD 95,000|320000|95000||30|"95 m² tot.
3 dorm.
2 baños"|95|3|2||Venta de moderno departamento en zona muy segura de ate! Ubicado en La calle las Fresas - Ceres - Ate, a una cuadra de la Av. Metropolitana, cerca al Real Plaza Puruchuco y al mercado mayorista. Costa de 3 dormitorios, 2 baños completos, 1/2 baño, sala-comedor, sala de estar, cocina, lavandería, balcón y tendal de ropa techado en el siguiente piso (azotea, área común). * Área: 95m2. * 5to. Piso (Vista Externa). Consta de: - Dormitorio Principal con baño incorporado. - Dormitorio #2. - Dormitorio #3. - Baño completo para Dormitorios #2 y #3. - Medio Baño o baño de visita. - Sala amplia con vista externa. - Balcón. - Sala de estar. - Cocina moderna con reposteros (cuenta con cocina y horno). - Lavandería. - Tendal de ropa #1. - Intercomunicador. - Gas Natural Cálida. - Tanque Cisterna de agua con bomba y 2 tanques elevados. Áreas comunes: Escaleras, azotea y Tendal de ropa techado para cada departamento, en el ultimo piso. Excelente iluminación. Zona muy segura. Cerca a parques, centros comerciales, colegios, universidades, restaurantes, etc. Precio: $95, 000. (Dólares). Mayor información. Jhonny Eduardo Lopez. Celular: (+51). 9. 2. 1. 5. 4. 8. 7. 6. 3. * * **|https://www.adondevivir.com/propiedades/clasificado/veclapin-venta-de-moderno-departamento-en-zona-muy-segura-de-146138608.html?n_src=Listado&n_pills=%C3%81rea+de+lavander%C3%ADa&n_pg=1&n_pos=24|2026-03-18
adondevivir|departamentos|venta|Lima Este|Ate Vitarte|"Calle Sabadell Urbanización Mayorazgo
Mayorazgo, Ate Vitarte"|S/ 349,000|349000||||"99 m² tot.
3 dorm.
2 baños"|99|3|2||Venta de departamento en urb. Mayorazgo 4ta Etapa. Calle Sabadell - ate Características: • Área: 99. 38 m²• Ubicado en 4To piso sin ascensor• Sala – comedor• Cocina cerrada con reposteros altos y bajos• Vista externa• 3 habitaciones principal con baños propio y Closet• 1 baños Compartido• 1/2 Baño de Visita• Área de Lavandería• Antigüedad: 13 años• Mantenimiento no se paga• No cuenta con cochera• Edificio de 5 pisos• No cuenta con gas Cálida ( se puede solicitar) Precio: 349. 000 Solesfr-194|https://www.adondevivir.com/propiedades/clasificado/veclapin-departamento-urbanizacion-mayorazgo-148303449.html?n_src=Listado&n_pills=%C3%81rea+de+lavander%C3%ADa&n_pg=1&n_pos=25|2026-03-18
adondevivir|departamentos|venta|Lima Este|Ate Vitarte|"Prolongacion Javier Prado Este 9132
Ate Vitarte, Lima"|S/ 518,000 · USD 140,000|518000|140000||50|"152 m² tot.
4 dorm.
3 baños
1 estac."|152|4|3|1|Ate - (Urb. Los Portales de Javier Prado) departamento en venta Prolong. Javier Prado Ate, muy cerca de Real Plaza Puruchuco, con acceso a avenidas principales en 2do piso (sin ascensor) razones para comprar el departamento 1. Es amplio mide 152 Mts. 2. Tiene vista a calle (iluminación asegurada) 3. Solo 01 departamento por piso ( baja densidad de vecinos, solo 04 pisos) 4. Dormitorios para camas Queen. (02 con baño completo y 02 comparten un baño). 5. No tiene deuda, hipoteca o cargas. 6. No pagas mantenimiento. Además la sala comedor es amplia, baño de cocina cerrada con puerta vaiven y lavandería separada y ventilada con espacio para tendal, Adquierelo por solo us$ 140, 000 Hay cochera disponible adicional al precio del departamento, Opcional: $10, 000 Datos adicionales: Arbitrios e impuestos al día. Departamento paga Alcabala. Contacto: Enrique Alema? n al Ver datos|https://www.adondevivir.com/propiedades/clasificado/veclapin-venta-de-departamento-de-152-m-en-prolg.-javier-prado-147857135.html?n_src=Listado&n_pills=%C3%81rea+de+lavander%C3%ADa&n_pg=1&n_pos=26|2026-03-18
adondevivir|departamentos|venta|Lima Este|Ate Vitarte|"Calle Las Tunas al 100 Salamanca de Monterrico
Salamanca De Monterrico, Ate Vitarte"|S/ 370,000|370000||||"53 m² tot.
2 dorm.
1 baño"|53|2|||Maria palacios 9*1*4*7*7*8*0*9*8Mudate a Salamanca, a nuestro moderno proyecto Residencial Salamanca de Monterrico 19, un edificio de 10 pisos con 31 flats y 3 duplex, desde 49 m2 a 134 m2, de 2 a 4 dormitorios, con acabados de primera calidadUbicado a 02 cuadras de Plaza Vea Salamanca con fácil acceso a avenidas principales como Evitamiento, Javier Prado, Circunvalación, Panamericana Sur y CanadáFecha de entrega: Julio 2026Banco que financia: interbankdepartamento Ver datos esquina av. Paracas con calle las tunasarea techada: 43. 46 m2Area libre: 9. 84 m2Area total: 53. 30 m2*Sala comedor con balcón* Cocina abierta*01 dormitorio principal con closet empotrado y balcón*01 dormitorio secundario con closet*01 baño completo*Lavandería*Vista externa, esquina Av. Paracas con Calle Las Tunasareas comunes* Lobby* Zona bbqde estreno, no pagas alcabala¡|https://www.adondevivir.com/propiedades/clasificado/veclapin-departamento-en-venta-en-salamanca-de-estreno-con-148259723.html?n_src=Listado&n_pills=%C3%81rea+de+lavander%C3%ADa&n_pg=1&n_pos=27|2026-03-18
adondevivir|departamentos|venta|Lima Este|Ate Vitarte|"Calle Las Tunas al 400
Salamanca De Monterrico, Ate Vitarte"|S/ 750,000|750000||||130 m² tot.|130||||Maria palacios 9* 1*4*7*7*8*0*9*8Descubre este dúplex de 130. 61 m2 en el piso 10, moderno, cómodo y con espacios bien definidos, diseñado para brindarte amplitud, luz natural y una distribución perfecta entre áreas sociales y privadas. descripcion: Departamento 1002 esquina Av. Paracas con Calle Las Tunas, listo para mudarse en Julio 2026 primer nivel: -Sala-comedor con acceso a balcones que rodean el entorno, creando un ambiente de excelente luz natural y ventilado. -Cocina abierta, con gas natural, práctica, lista para equipar con tus electrodomésticos. -Baño de visitas-Escalera con peldaños de madera, que aporta un toque elegante a todo el ambientesegundo nivel: - 01 Dormitorio principal con una mampara de vidrio que conecta con la terraza, ideal para disfrutar la vista y la iluminación natural con baño completo incorporado y closet de pared a pared, combinando funcionalidad y confort. - 02 dormitorios secundarios con mampara de vidrio que conecta con la terraza con closet empotrados- 01 baño completo- Lavanderíaareas comunes: - Lobby-Zona bbq- Vigilancia 24 horas con cámaras de seguridad y personal permanente- Excelente ventilación e iluminación natural en todos los ambientesAdemás, opción a cochera y depósito, porque tu comodidad y espacio siempre son prioridad. Cerca avenidas principales como Av. Canadá, Av. Circunvalación y Av Javier Pardo a 05 minutos de cc Jockey Plaza, creado pensando en quienes buscan alta conectividadno pagas alcabalaprecio S/ 750, 000 negociableno incluye cochera|https://www.adondevivir.com/propiedades/clasificado/veclapin-venta-duplex-en-salamanca-con-terraza-y-03-dorm.-148259757.html?n_src=Listado&n_pills=Seguridad&n_pg=1&n_pos=28|2026-03-18
adondevivir|departamentos|venta|Lima Este|Ate Vitarte|"Condominio Prados DEL SOL
Ate Vitarte, Lima"|S/ 177,500 · USD 50,000|177500|50000|||"62 m² tot.
3 dorm.
2 baños"|62|3|2||Contacto: sara carrascalcel: 9*2*3*9*8*8*9*6*0¡Tu depa ideal en Ate te espera en Prados del Sol! Imagina vivir en un condominio completo, con seguridad, áreas comunes de primera, espacios pensados para toda la familia y una ubicación estratégica cerca de todo… ¡Sí existe! Y está en Condominio Prados del Sol – Torre J, Dpto 506. ¿Qué lo hace especial? - 3 dormitorios iluminados, el principal con baño completo- 2 baños bien distribuidos- Cocina con reposteros altos y bajos- Conexión para internet y cable en sala y dormitorio principal- Ventanales amplios con excelente ventilación- Espacio ideal para escritorio- Lavandería y punto de gas- 5to piso (escaleras descansadas) con intercomunicador Áreas comunes como ningún otro condominio en la zona: Minimarket, guardería, coworking, gimnasio, parque, sala de eventos, parrillas, cancha deportiva y mucho másSeguridad y orden: 3 accesos controlados al condominioMantenimiento S/150. 00 (incluye el agua) Ubicación top en Ate: A pasos de empresas como Gloria y Laive, muy cerca de la upc, Científica del Sur, Mall Santa Clara, Puruchuco y el Zoológico de Huachipa. ¡Con fácil acceso a la Carretera Central y el tren! Escríbeme y agenda tu visita. contacto: sara carrascalcel: 9*2*3*9*8*8*9*6*0id: 1*1*4*0*4*0*9|https://www.adondevivir.com/propiedades/clasificado/veclapin-venta-de-departamento-en-condominio-prados-del-sol-146555823.html?n_src=Listado&n_pills=Gimnasio&n_pg=1&n_pos=29|2026-03-18
adondevivir|departamentos|venta|Lima Este|Ate Vitarte|"Las Tunas Salamanca de Monterrico
Salamanca De Monterrico, Ate Vitarte"|S/ 330,000|330000||||"56 m² tot.
1 dorm.
1 baño"|56|1|||Maria palacios 9*1*4*7*7*8*0*9*8Mudate a Salamanca, a nuestra moderna Residencial Salamanca de Monterrico 19, un edificio de 10 pisos con 31 flats y 3 duplex, desde 49 m2 a 134 m2, de 2 a 4 dormitorios, con acabados de primera calidadUbicado a 02 cuadras de Plaza Vea Salamanca con fácil acceso a avenidas principales como Evitamiento, Javier Prado, Circunvalación, Panamericana Sur y Canadá. departamento 202 esquina av. Paracas con calle las tunasarea techada: 38. 52 m2Area libre: 8. 69 m2Area total: 47. 21 m2*Sala comedor con balcón* Cocina abierta*01 dormitorio principal con closet empotrado y balcón*01 baño completo*Lavandería*Vista externa, esquina Av. Paracas con Calle Las Tunasareas comunes* Lobby* Zona bbqprecio S/ 330, 000 negociable¡|https://www.adondevivir.com/propiedades/clasificado/veclapin-venta-departamento-de-estreno-en-salamanca-de-01-148398392.html?n_src=Listado&n_pills=%C3%81rea+de+lavander%C3%ADa&n_pg=1&n_pos=30|2026-03-18
adondevivir|departamentos|venta|Lima Este|Ate Vitarte|"Calle Las Tunas al 400
Salamanca De Monterrico, Ate Vitarte"|S/ 370,000|370000||||"52 m² tot.
2 dorm.
1 baño"|52|2|||Maria palacios 9*1*4*7*7*8*0*9*8venta de departamento de estreno en salamanca de 02 dormitorios Y balconesmudate a Salamanca, a nuestro moderno proyecto Residencial Salamanca de Monterrico 19, un edificio de 31 flats y 3 duplex, desde 49 m2 a 134 m2, de 2 a 4 dormitorios, con acabados de primera calidadUbicado a 02 cuadras de Plaza Vea Salamanca con fácil acceso a avenidas principales como Evitamiento, Javier Prado, Circunvalación, Panamericana Sur y CanadáFecha de entrega: Julio 2026Banco que financia: interbankdepartamento 602 Vista externa entre Av. Paracas y Calle Las TunasArea techada: 43. 46 m2Area libre: 8. 69 m2Area total: 52. 15 m2*Sala comedor con balcón* Cocina abierta*01 dormitorio principal, closet empotrado y balcón*01 dormitorio secundario con closet*01 baño completo de visitas*Lavanderíaareas comunes* Lobby* Zona bbqno pagas alcabala¡¡precio S/ 370, 000 negociable|https://www.adondevivir.com/propiedades/clasificado/veclapin-venta-de-departamento-de-estreno-en-salamanca-de-02-148398828.html?n_src=Listado&n_pills=%C3%81rea+de+lavander%C3%ADa&n_pg=2&n_pos=1|2026-03-18
adondevivir|departamentos|venta|Lima Este|Ate Vitarte|"Pasaje Juan Sifuentes ATE
Ate Vitarte, Lima"|S/ 435,000 · USD 115,000|435000|115000||100|"120 m² tot.
3 dorm.
1 baño"|120|3|||Verónica Troncoso Paredes 9 3 7 7 7 2 1 5 0 Vendo lindo departamento en 1er piso completamente remodelado en urbanización Grumete ate 1er piso, se encuentra en una ubicación céntrica con acceso rápido a avenidas principales como Av. Javier Prado, Av. Circunvalación, Trébol, Panamericana Sur, Vía de Evitamiento, entre otros. Así mismo, tienes todo lo que necesitas tales como, Supermercados, Centros Comerciales Jockey Plaza, Mall Santa Anita, La Rambla, Centros de Salud, Colegios, Restaurantes, Bancos, Iglesias, Veterinaria, Bodegas, zona altamente comercial y mucho más. Características -Sala comedor amplia. -Cocina tipo americana con reposteros altos y bajos. - Tres dormitorios. -Un baño completo. (Con puertas de vidrio templado) -Sala de estar -Patio amplio y lavandería El departamento se encuentra completamente remodelado con acabados de primera. Tiene dos puertas de ingreso.|https://www.adondevivir.com/propiedades/clasificado/veclapin-vendo-lindo-departamento-en-1er-piso-ate-urb-grumete-147857252.html?n_src=Listado&n_pills=%C3%81rea+de+lavander%C3%ADa&n_pg=2&n_pos=2|2026-03-18
adondevivir|departamentos|venta|Lima Este|Ate Vitarte|"Calle Las Tunas al 400
Salamanca De Monterrico, Ate Vitarte"|S/ 760,000|760000||||"134 m² tot.
4 dorm.
3 baños"|134|4|3||Maria palacios 9* 1*4*7*7*8*0*9*8Descubre este dúplex de 134. 46 m2 en el piso 10, moderno, cómodo y con espacios bien definidos, diseñado para brindarte amplitud, luz natural y una distribución perfecta entre áreas sociales y privadas, listo para entregar en julio 2026Cerca avenidas principales como Av. Canadá, Av. Circunvalación y Av, Javier Pardo a 05 minutos de cc Jockey Plaza, creado pensando en quienes buscan alta conectividaddescripcion: Departamento 1001 vista Av. Paracasprimer nivel: -Sala-comedor con acceso a balcón, creando un ambiente de excelente luz natural y ventilado. -Cocina abierta, con gas natural, práctica, lista para equipar con tus electrodomésticos. - Dormitorio principal con closet de pared a pared y baño completo incorporado, ideal para disfrutar de tu propio santuario de descanso. -01 dormitorio secundario con closet-Baño completo de visitas-Escalera con peldaños de madera, que aporta un toque elegante a todo el ambientesegundo nivel: - Hall que se integra y da luz natural desde la terraza- Terraza que se integra con el hall, ambos espacios funcionan como una extensión natural uno del otro-02 dormitorios secundarios- 01 baño completo-Lavanderíaareas comunes: - Lobby- Zona bbq- Vigilancia 24 horas con cámaras de seguridad y personal permanente- Excelente ventilación e iluminación natural en todos los ambientesAdemás, opción a cochera, porque tu comodidad y espacio siempre son prioridad. no pagas alcabalaprecio S/ 760, 000 negociable(No incluye cochera)|https://www.adondevivir.com/propiedades/clasificado/veclapin-venta-duplex-en-salamanca-de-04-dorm.-y-terraza-148408615.html?n_src=Listado&n_pills=Seguridad&n_pg=2&n_pos=3|2026-03-18
adondevivir|departamentos|venta|Lima Este|Ate Vitarte|"Las Tunas Salamanca de Monterrico
Salamanca De Monterrico, Ate Vitarte"|S/ 330,000|330000||||"56 m² tot.
1 dorm.
1 baño"|56|1|||Maria palacios 9*1*4*7*7*8*0*9*8Mudate a Salamanca, a nuestra moderna Residencial Salamanca de Monterrico 19, un edificio de 10 pisos con 31 flats y 3 duplex, desde 49 m2 a 134 m2, de 2 a 4 dormitorios, con acabados de primera calidadUbicado a 02 cuadras de Plaza Vea Salamanca con fácil acceso a avenidas principales como Evitamiento, Javier Prado, Circunvalación, Panamericana Sur y Canadá. departamento 202 esquina av. Paracas con calle las tunasarea techada: 38. 52 m2Area libre: 8. 69 m2Area total: 47. 21 m2*Sala comedor con balcón* Cocina abierta*01 dormitorio principal con closet empotrado y balcón*01 baño completo*Lavandería*Vista externa, esquina Av. Paracas con Calle Las Tunasareas comunes* Lobby* Zona bbqprecio S/ 330, 000 negociable¡|https://www.adondevivir.com/propiedades/clasificado/veclapin-venta-departamento-de-estreno-en-salamanca-de-01-148398392.html?n_src=Listado&n_pills=%C3%81rea+de+lavander%C3%ADa&n_pg=2&n_pos=4|2026-03-18
adondevivir|departamentos|venta|Lima Este|Ate Vitarte|"Calle Las Tunas al 400
Salamanca De Monterrico, Ate Vitarte"|S/ 750,000|750000||||130 m² tot.|130||||Maria palacios 9* 1*4*7*7*8*0*9*8Descubre este dúplex de 130. 61 m2 en el piso 10, moderno, cómodo y con espacios bien definidos, diseñado para brindarte amplitud, luz natural y una distribución perfecta entre áreas sociales y privadas. descripcion: Departamento 1002 esquina Av. Paracas con Calle Las Tunas, listo para mudarse en Julio 2026 primer nivel: -Sala-comedor con acceso a balcones que rodean el entorno, creando un ambiente de excelente luz natural y ventilado. -Cocina abierta, con gas natural, práctica, lista para equipar con tus electrodomésticos. -Baño de visitas-Escalera con peldaños de madera, que aporta un toque elegante a todo el ambientesegundo nivel: - 01 Dormitorio principal con una mampara de vidrio que conecta con la terraza, ideal para disfrutar la vista y la iluminación natural con baño completo incorporado y closet de pared a pared, combinando funcionalidad y confort. - 02 dormitorios secundarios con mampara de vidrio que conecta con la terraza con closet empotrados- 01 baño completo- Lavanderíaareas comunes: - Lobby-Zona bbq- Vigilancia 24 horas con cámaras de seguridad y personal permanente- Excelente ventilación e iluminación natural en todos los ambientesAdemás, opción a cochera y depósito, porque tu comodidad y espacio siempre son prioridad. Cerca avenidas principales como Av. Canadá, Av. Circunvalación y Av Javier Pardo a 05 minutos de cc Jockey Plaza, creado pensando en quienes buscan alta conectividadno pagas alcabalaprecio S/ 750, 000 negociableno incluye cochera|https://www.adondevivir.com/propiedades/clasificado/veclapin-venta-duplex-en-salamanca-con-terraza-y-03-dorm.-148259757.html?n_src=Listado&n_pills=%C3%81rea+de+lavander%C3%ADa&n_pg=2&n_pos=5|2026-03-18
adondevivir|departamentos|venta|Lima Este|Ate Vitarte|"Prolongacion Javier Prado Este 9132
Ate Vitarte, Lima"|S/ 518,000 · USD 140,000|518000|140000||50|"152 m² tot.
4 dorm.
3 baños
1 estac."|152|4|3|1|Ate - (Urb. Los Portales de Javier Prado) departamento en venta Prolong. Javier Prado Ate, muy cerca de Real Plaza Puruchuco, con acceso a avenidas principales en 2do piso (sin ascensor) razones para comprar el departamento 1. Es amplio mide 152 Mts. 2. Tiene vista a calle (iluminación asegurada) 3. Solo 01 departamento por piso ( baja densidad de vecinos, solo 04 pisos) 4. Dormitorios para camas Queen. (02 con baño completo y 02 comparten un baño). 5. No tiene deuda, hipoteca o cargas. 6. No pagas mantenimiento. Además la sala comedor es amplia, baño de cocina cerrada con puerta vaiven y lavandería separada y ventilada con espacio para tendal, Adquierelo por solo us$ 140, 000 Hay cochera disponible adicional al precio del departamento, Opcional: $10, 000 Datos adicionales: Arbitrios e impuestos al día. Departamento paga Alcabala. Contacto: Enrique Alema? n al Ver datos|https://www.adondevivir.com/propiedades/clasificado/veclapin-venta-de-departamento-de-152-m-en-prolg.-javier-prado-147857135.html?n_src=Listado&n_pills=%C3%81rea+de+lavander%C3%ADa&n_pg=2&n_pos=6|2026-03-18
adondevivir|departamentos|venta|Lima Este|Ate Vitarte|"Calle Las Tunas Salamanca de Monterrico
Salamanca De Monterrico, Ate Vitarte"|S/ 365,000|365000||||"48 m² tot.
2 dorm.
1 baño"|48|2|||Maria palacios 9*1*4*7*7*8*0*9*8Mudate a Salamanca, a nuestro moderno proyecto Residencial Salamanca de Monterrico 19, un edificio de 10 pisos con 31 flats y 3 duplex, desde 49 m2 a 134 m2, de 2 a 4 dormitorios, con acabados de primera calidadUbicado a 02 cuadras de Plaza Vea Salamanca con fácil acceso a avenidas principales como Evitamiento, Javier Prado, Circunvalación, Panamericana Sur y CanadáFecha de entrega: Julio 2026Banco que financia: interbankdepartamento 203 vista externaarea techada: 43. 73 m2Area libre: 4. 91 m2Area total: 48. 64 m2*Sala comedor con balcón* Cocina abierta*01 dormitorio principal con balcón y closet empotrado*01 dormitorio secundario con closet*01 baño completo de visitas*Lavandería*Vista externa para Calle Las Tunasareas comunes* Lobby* Zona bbqdepartamento de estreno, no pagas alcabalaprecio S/ 365, 000Agenda tu visita ¡|https://www.adondevivir.com/propiedades/clasificado/veclapin-venta-departamento-con-vista-externa-en-salamanca-148056964.html?n_src=Listado&n_pills=%C3%81rea+de+lavander%C3%ADa&n_pg=2&n_pos=7|2026-03-18
adondevivir|departamentos|venta|Lima Este|Ate Vitarte|"Rio Marañon, Ate 15498
Ate Vitarte, Lima"|S/ 173,000 · USD 50,000|173000|50000|||"58 m² tot.
2 dorm.
2 baños"|58|2|2||Contacto: Doris Gueverateléfono: 9*6*6*6*5*6*5*9*9venta dpto en los angeles de vitarte - atedisfruta de la comodidad, seguridad y una ubicación estratégica de un departamento tipo flat 57. 96 m², ubicado en el 5to piso, ideal para quienes deseen calidad de vida. Características: • 2 dormitorios (principal con baño y clóset incluido) • Cocina americana con muebles• 2 bañosMuy cerca de las principales vías de acceso como a la Av. Metropolitana, Av. Los Ángeles, Mercado Mayorista, Mercado Productores, C. C Puruchuco, Josfel, parques, colegios, supermercados. ¡No dejes pasar esta oportunidad! Agenda tu visita hoy mismo y descubre tu próximo hogarTambién contamos con otros departamentos flat disponibles: 2do Piso: • Área: 75. 12 m²• 3 amplios dormitorios• Dormitorio principal con baño. • Cocina estilo americano, integrada con el comedor, sala con vista a calle, iluminación y ventilación natural. • Área de lavandería y tendal. 2do Piso• Área: 57. 96 m²• 2 dormitorios (principal con baño y clóset incluido) • Cocina americana con muebles altos y encimeras. • 2 baños3er Piso• Área: 75. 12 m²• 3 amplios dormitorios, • Dormitorio principal con baño. • Cocina estilo americano, integrada con el comedor, sala con vista a calle, iluminación y ventilación natural. • Área de lavandería y tendal. ¡Opciones para cada necesidad! Escríbeme y te ayudo a encontrar el departamento ideal para ti. contacto: Doris Gueverateléfono: 9*6*6*6*5*6*5*9*9id: 1*1*7*4*4*9*1|https://www.adondevivir.com/propiedades/clasificado/veclapin-departamento-en-ate-vitarte-149206864.html?n_src=Listado&n_pills=%C3%81rea+de+lavander%C3%ADa&n_pg=2&n_pos=8|2026-03-18
adondevivir|departamentos|venta|Lima Este|Ate Vitarte|"Los Olmos Salamanca de Monterrico
Salamanca De Monterrico, Ate Vitarte"|S/ 725,000|725000||||"124 m² tot.
3 dorm.
3 baños"|124|3|3||Maria palacios 9* 1*4*7*7*8*0*9*8En un espacio lleno de luz natural, diseño moderno y confort absoluto te espera este duplex de estreno en Salamanca de Monterrico ubicado cerca avenidas principales como Av. Canadá, Av. Circunvalación y Av, Javier Pardo a 05 minutos de cc Jockey Plaza, creado pensando en quienes buscan alta conectividadduplex 124 M2 – Piso 8* primer nivel: * Sala-comedor perfecta para compartir momentos únicos. * Cocina cerrada moderna y práctica, lista para inspirar a tu chef interior. * Dormitorio principal con closet de pared a pared y baño completo, ideal para disfrutar de tu propio santuario de descanso. *01 dormitorio secundario con closet* Escaleras con peldaños de madera, un detalle de diseño que aporta estilo y permite que la luz natural fluya en todo el ambiente. * segundo nivel: * Un pequeño hall que conecta con otro dormitorio secundario con closet y una mampara de vidrio amplia que se abre a una terraza soñada, perfecta para tus reuniones, momentos de relax o tus desayunos con vista al cielo. *Lavanderíaareas comunes: * Lobby de ingreso elegante y seguro* Mini Gym equipado* sum (Salón de Usos Múltiples) ideal para reuniones y eventos* Estacionamiento para bicicletas* Vigilancia 24 horas con cámaras de seguridad y personal permanente* Excelente ventilación e iluminación natural en todos los ambientesAdemás, opción a cochera y depósito, porque tu comodidad y espacio siempre son prioridad. Este dúplex no es solo una propiedad… es el inicio de una nueva etapa, el hogar donde tus sueños se hacen realidad. no pagas alcabalaprecio S/ 725, 000 negociable(No incluye cochera ni deposito) Agenda tu visita|https://www.adondevivir.com/propiedades/clasificado/veclapin-se-vende-duplex-de-124-m-sup2--con-terraza-en-148003264.html?n_src=Listado&n_pills=%C3%81rea+de+lavander%C3%ADa&n_pg=2&n_pos=9|2026-03-18
adondevivir|departamentos|venta|Lima Este|Ate Vitarte|"Zarzamoras
Ate Vitarte, Lima"|S/ 810,000 · USD 240,356|810000|240356|||"174 m² tot.
4 dorm.
2 baños
1 estac."|174|4|2|1|Lindo y Acogedor dpto Duplex Penthouse en Salamanca. Excelente ubicación por encontrarse en una zona residencial, a pocas cuadras de vías de acceso a cualquier parte de la ciudad como la Av. Javier Prado, la Vía Evitamiento y Circunvalación, a pocas cuadras de Plaza Vea. El dpto cuenta con muy buena distribución la cual permite mantener aislada el área de descanso del área social, en el primer nivel encontramos: - Sala / Comedor con vista a la calle- Cocina cerrada- 3 dormitorios, el principal con walking closet y baño incorporado, los otros 2 con closet- 1 baño completo adicional para los dormitorios secundarios y la visita. El segundo nivel cuenta con: - Family Room- Amplia terraza con isla de granito y área de parrilla- Bar empotrado- 1 dormitorio ó estudio- 1/2 baño de visita- Área de Lavandería- Patio- CocheraEl dpto cuenta con Gas CaliddaLas imágenes y/o información de este inmueble son de carácter referencial. R. uc.: Razón social: Inversiones Delia S. A. C.|https://www.adondevivir.com/propiedades/clasificado/veclapin-vendo-dpto-en-salamanca-vista-a-la-calle-terraza-147615929.html?n_src=Listado&n_pills=%C3%81rea+de+lavander%C3%ADa&n_pg=2&n_pos=10|2026-03-18
adondevivir|departamentos|venta|Lima Este|Ate Vitarte|"Urb. Javier Prado 6ta Etapa Mz.B, Lt. 24 ATE
Javier Prado Et.6, Ate Vitarte"|S/ 425,000 · USD 125,000|425000|125000|||"122 m² tot.
4 dorm.
2 baños"|122|4|2||Departamento en Ate, Lima — Oportunidad ideal para familias. Dirección: C. Colorado 234, Ate, Lima. Área construída: 92. 40 m² Piso: 5. Habitaciones: 4. Baños: 2. piso 6to. Habitacion amplia. azotea O area para terraza. Descripción breve: Luminoso departamento de 92. 40 m² de A. C. Y 29. 85 A. Libre, con distribución funcional: amplia sala-comedor, cocina independiente y cuatro dormitorios que ofrecen versatilidad (habitaciones principales y espacios para estudio o despacho). Ubicado en el quinto piso, con buena ventilación y privacidad. Además cuenta con azotea puede servir para Terraza, tendedero y otros, porque cuenta con una habitación adicional. Ventajas: - Excelente para familias que necesitan varios dormitorios. - Ubicación práctica en Ate, con acceso a transporte y servicios cercanos, muy cerca al Trebol de Javier Prado a parques, escuelas, universidades, y centro comercial y financiero. - Amplias posibilidades de modernización y personalización según gusto. Perfecto para quienes buscan un departamento con espacio y potencial de valorización. Solicita una visita y comprueba su distribución y ubicación. (Sin datos de contacto en esta publicación)|https://www.adondevivir.com/propiedades/clasificado/veclapin-se-vende-dpto.-de-92.40-m-sup2--azotea-en-5to-con-148528536.html?n_src=Listado&n_pg=2&n_pos=11|2026-03-18
adondevivir|departamentos|venta|Lima Este|Ate Vitarte|"Garcilazo de la Vega
Ate Vitarte, Lima"|S/ 591,500 · USD 175,000|591500|175000|||"126 m² tot.
4 dorm.
2 baños"|126|4|2||¿Buscas la combinación perfecta entre ubicación privilegiada, espacio familiar y autonomía total? ¡La encontraste! Te presentamos este amplio y acogedor departamento en segundo piso, ubicado en el corazón de la Urb. Salamanca en Ate, a pocos pasos del emblemático Arco de Ingreso a Salamanca. Y de conocidos restaurantes criollos y de pescados y mariscos, este departamento ofrece comodidad, amplitud y excelente conectividad. Ideal para familias que desean vivir en una zona segura, cerca de todo y con fácil acceso a las avenidas Los Quechuas y Circunvalación. Área ocupada: 126. 31 m² Área techada: 116. 41 m² Distribución funcional: - Sala comedor con amplias ventanas y excelente iluminación natural. - Cocina espaciosa con reposteros altos y bajos. - Lavandería con conexiones para lavadora, secadora y espacio para tendal. - 4 dormitorios con roperos movibles (principal con baño incorporado). - Segundo dormitorio con salida a patio. - Baño completo adicional para los dormitorios secundarios. Otros beneficios: Medidores independientes de luz y agua. Conexión a gas natural. Sin pago de mantenimiento. Edificio seguro con reja y puerta de acero. Precio: usd 175, 000. Otras oportunidades en: tercer piso: usd 165, 000 Área: 116 m2 4 dormitorios. cuarto piso: usd 145, 000 Área: 116 m2 4 dormitorios. Una excelente opción para quienes trabajan o tienen negocios en la zona de Salamanca, La Molina o San Borja, y buscan vivir en un entorno residencial tranquilo con todos los servicios a la mano.|https://www.adondevivir.com/propiedades/clasificado/veclapin-amplio-departamento-en-segundo-piso-urb.-salamanca-148660110.html?n_src=Listado&n_pills=%C3%81rea+de+lavander%C3%ADa&n_pg=2&n_pos=12|2026-03-18
adondevivir|departamentos|venta|Lima Este|Ate Vitarte|"SALAMANCA DE MONTERRICO RECAUDADORES
Salamanca De Monterrico, Ate Vitarte"|S/ 493,000 · USD 145,000|493000|145000||190|"92 m² tot.
3 dorm.
3 baños"|92|3|3||Vendo lindo departamento 92 M² amplia sala comedor vista la calle, cocina con reposteros altos Y bajos tableros de granito, cocina americana, lavandería independiente de la cocina, 3 amplios dormitorios cada uno con baño Y con closets acabados de lujo edificio con ascensor de vanguardia calle privada, excelente ubicación A dos cuadras de avenida paracas precio us$145, 000 negociable. Citas inmediatas Ver datos Sra. Martinez mayor información Ver datos contacto. ubicación referencial|https://www.adondevivir.com/propiedades/clasificado/veclapin-ocasion-amplio-dpto-92-m-sup2--3-dorm.-4-banos-v-calle-146506841.html?n_src=Listado&n_pills=Seguridad&n_pg=2&n_pos=13|2026-03-18
adondevivir|departamentos|venta|Lima Este|Ate Vitarte|"Av. Javier Prado Este al 7800
Mayorazgo Chico, Ate Vitarte"|S/ 402,000 · USD 120,000|402000|120000||250|"75 m² tot.
3 dorm.
2 baños
1 estac."|75|3|2|1|Doors, Descubra este moderno departamento de 3 años, ubicado en el corazón de Mayorazgo Chico, en Lima. Con una superficie de 75 m2, esta propiedad ofrece 3 dormitorios con closets y 2 baños, ideal para familias. La distribución frontal garantiza excelente luz natural. Disfrute de la comodidad de una cocina equipada, sala comedor, y un balcón. El edificio cuenta con 12 pisos y 2 ascensores, proporcionando fácil acceso a su nuevo hogar. Incluye un estacionamiento cubierto. La seguridad está garantizada las 24 horas y cuenta con servicios esenciales como agua corriente, gas natural, electricidad e internet. Este departamento está ubicado cerca de importantes vías de acceso, a pasos del Centro Comercial Puruchuco en una zona urbana tranquila, ideal para vivir o trabajar. Además, es apto para mascotas y profesionales. Los gastos comunes son de solo S/. 250. No pierda la oportunidad de adquirir esta propiedad luminosa y funcional en una ubicación privilegiada. En Doors, ofrecemos un servicio integral en la gestión de compra, venta y alquiler de inmuebles. Nuestro equipo de profesionales trabaja con seriedad, transparencia y compromiso para garantizar operaciones seguras y exitosas. Nos enfocamos en brindar asesoría personalizada, acompañando a cada cliente en cada etapa del proceso inmobiliario, desde la valoración del inmueble hasta la firma final. Con un profundo conocimiento del mercado y una red de contactos sólida, ayudamos a propietarios e inversores a tomar las mejores decisiones. Nuestra misión es ser un aliado de confianza, generando valor y construyendo relaciones duraderas basadas en la ética y la excelencia. En Doors, creemos que una casa es mucho más que paredes y techos: es el lugar donde empiezan los sueños. Por eso, trabajamos cada día para ayudarte a encontrar el hogar perfecto o la inversión ideal. Te acompañamos en todo el camino, con cercanía, honestidad y experiencia, para que vivas el proceso de comprar, vender o alquilar de forma sencilla y segura. Nuestro propósito es unir personas con lugares especiales, y hacerlo siempre con pasión y confianza.|https://www.adondevivir.com/propiedades/clasificado/veclapin-departamento-en-venta-en-mayorazgo-chico-ate-149106551.html?n_src=Listado&n_pills=Guardian%C3%ADa%2FSeguridad+privada&n_pg=2&n_pos=14|2026-03-18
adondevivir|departamentos|venta|Lima Este|Ate Vitarte|"URB Olimpo Calle Efesto
Olimpo, Ate Vitarte"|S/ 550,000 · USD 164,670|550000|164670|||"94 m² tot.
3 dorm.
1 baño"|94|3|||Vendo departamento en urb. Olimpo ateexcelente Oportunidad, Venta de Departamento de estreno - no paga alcabala. Modernos Acabados de Lujo y Vista Externa en la Urb. Olimpo - AteDepartamentos disponibles:? 5to piso con ascensor? 6to piso con ascensorCaracterísticas:? Área total: 94. 37m2? Sala Comedor Amplia totalmente iluminadaBalcón para brindarte momentos de relax? 3 habitaciones Amplias (Principal con baño privado) Todas las habitaciones con closet.? 2 baños con Excelente Acabados? Cocina abierta totalmente Equipada con Acabados de Lujo. Reposteros altos, bajos y Hermosa Mesa en Cuarzo.? 1 cuarto de lavanderíaBásico: Instalación de gas naturalEdificio moderno de 6 pisos con solo 13 departamentos (2 dptos. Por piso) Acceso por ascensor y escaleras auxiliaresAño de construcción: 2025Mantenimiento: S/200. 00(Incluye agua, limpieza de áreas comunes y mantenimiento del ascensor) Zona residencial cerca de: Colegios: Leader School, Santa MaríaParque Macedonio de la TorreUbicación estratégica: A pocos pasos de Av. Quechuas y Vía de Evitamiento con Mercados yvariedad de Comercios. Ideal para quienes buscan comodidad, seguridad y buena ubicación en una zonaresidencial tranquila. Dirección: Calle Hefestos 439 Urb. Olimpo - Ate¡Contáctanos y agenda tu visita hoy!|https://www.adondevivir.com/propiedades/clasificado/veclapin-departamento-en-olimpo-148948336.html?n_src=Listado&n_pills=Cuartos+de+servicio&n_pg=2&n_pos=15|2026-03-18
adondevivir|departamentos|venta|Lima Este|Ate Vitarte|"Calle Trinitarias 147 al 100
Residencial Salamanca De Monterrico, Ate Vitarte"|S/ 569,500 · USD 170,000|569500|170000||130|"99 m² tot.
3 dorm.
3 baños
1 estac."|99|3|3|1|¡Descubre tu nuevo hogar frente al parque! Este encantador dúplex en la prestigiosa Residencial Salamanca de Monterrico, Ate Vitarte, te ofrece una experiencia única de vida moderna. Con un área de 99 m2 este departamento cuenta con 3 amplias habitaciones y 3 baños, ideal para familias jóvenes o profesionales. Ubicado en el segundo piso de un edificio con ascensor, disfrutarás de una vista espectacular hacia el parque. La cuota de mantenimiento es de solo S/130, lo que significa tranquilidad a un precio accesible. A pesar de no contar con estacionamiento cubierto, tienes un espacio dedicado para tu vehículo. Experimenta la comodidad de vivir en una zona residencial, rodeada de áreas verdes y con fácil acceso a servicios y transporte. No dejes pasar la oportunidad de vivir en este dúplex que combina ubicación estratégica y estilo de vida vibrante. ¡Tu nuevo hogar te espera! estacionamiento: usd Ver datos adicionales Agenda una cita para hoy mismo|https://www.adondevivir.com/propiedades/clasificado/veclapin-departamento-en-venta-en-salamanca-2.-piso-bien-149079246.html?n_src=Listado&n_pg=2&n_pos=16|2026-03-18
adondevivir|departamentos|venta|Lima Este|Ate Vitarte|"C. Colorado 234
Javier Prado Et.6, Ate Vitarte"|S/ 446,174 · USD 130,000|446174|130000||150|"120 m² tot.
4 dorm.
2 baños"|120|4|2||Dúplex en venta frente al Jockey Plaza – Salamanca de Monterrico. Se vende dúplex con excelente ubicación frente al Jockey Plaza, a pocos minutos de la Universidad de Lima y el Trébol de Javier Prado. Zona residencial tranquila, frente a parque, con vigilancia y rodeada de comercios, tiendas y servicios. Ubicado en el 5. º y 6. º piso (sin ascensor, acceso por escaleras). Características: - Área total aproximada: 120 m² - 65 m² primer nivel / 55 m² segundo nivel. - 4 dormitorios. - 2 baños. - Tendal propio. - Luz independiente. - Agua compartida con el dúplex. Gastos: - Mantenimiento: S/150 a S/180 (incluye agua) - Arbitrios: aprox. S/50 mensuales. Beneficio: No paga impuesto de alcabala. Precio: us$ 130, 000. Contacto: Luis Alonso Arias. Teléfono / WhatsApp: 9 - 9 - 7 - 3 - 7 - 8 -1 - 9 - 4.|https://www.adondevivir.com/propiedades/clasificado/veclapin-duplex-en-venta-frente-al-jockey-plaza-excelente-149253566.html?n_src=Listado&n_pills=Frente+a+parque&n_pg=2&n_pos=17|2026-03-18
adondevivir|departamentos|venta|Lima Este|Ate Vitarte|"Calle Bayovar, 190
Salamanca De Monterrico, Ate Vitarte"|S/ 382,565|382565|||100|"61 m² tot.
2 dorm.
2 baños"|61|2|2||Departamento moderno y recién construído en estreno, en Salamanca de Monterrico. El departamento cuenta con ingresso por ascensor directo al departamento y ingreso por escalera tradicional, sistema contra incendio, Balcón grande panorámico con vista a la calle, Sala, Comedor, Cocina, Suite principal con baño y closet moderno retroiluminado, habitacion secundária amplia, baño de completo en porcelanato marmorizado de piso a techo. Acabados finos de Decor Center, pisos de spc (piedra sinterizada) y tablero de cocina en power top (marmol carrara), griferias de acero Inoxidable de garantia, 3 Puntos de Gás Natural (cálida). Departamento muy iluminado y ventilado, de excelente ubicación frente a parque, vigilancia permanente 24/7 con cámaras de seguridad externas. Cerca a Plaza Vea, parques, grifos, bancos, mercados, clínicas, farmacias, comisaría, restaurantes, peluquerías, gimnasios, iglesia y colegios. Fácil acceso a avenidas principales como Av. Circunvalación, Av Evitamiento, Panamericana Sur y Av Canadá, a solo 5 minutos del Jockey Plaza. Comunicate ahora mismo al 9. 8. 4. 9. 8. 1. 1. 3. 3|https://www.adondevivir.com/propiedades/clasificado/veclapin-departamento-flat-2-habitaciones-estreno-146592734.html?n_src=Listado&n_pills=Gimnasio&n_pg=2&n_pos=18|2026-03-18
adondevivir|departamentos|venta|Lima Este|Ate Vitarte|"Calle A al 100
Santa Clara, Ate Vitarte"|S/ 217,000 · USD 55,000|217000|55000||100|"61 m² tot.
3 dorm.
2 baños"|61|3|2||Departamento en venta en santa clara - ate - 62m²venta de departamento 62m² - casa club paseo del sol - santa clara atese vende departamento ubicado en condominio casa club paseo del sol en la urbanizacion parques de santa clara ate, A pocas cuadras de la carretera central, av. Miguel grau. Av. San martin Y huanchihuaylas. área total 62m²distribucion externa: - ubicado en el 2º piso de edificio de 05 pisos. Vista parque interno- seguridad Y sistema videovigilancia 24hrs. - areas comunes: sala de usos múltiples, juegos infantiles, sala de reuniones, tiendas. - escalerasdistribucion interna: - sala comedor iluminado- cocina con resposteros- área de lavandería- dormitorio principal con baño incorporado- 02 dormitorios secundarios con vista externa- 01 baño completo secundario Y para visitas- sala de star O de estudiosadicional: - mantenimiento S/ 100. 00 soles incluido agua- antiguedad 12 años- documentos en reglapara agendar una visita Y conocer el inmueble, por favor contáctate con nosotros.|https://www.adondevivir.com/propiedades/clasificado/veclapin-departamento-03-habitaciones-en-2do-piso-santa-clara-148516898.html?n_src=Listado&n_pills=%C3%81rea+de+lavander%C3%ADa&n_pg=2&n_pos=19|2026-03-18
adondevivir|departamentos|venta|Lima Este|Ate Vitarte|"salamanca
Salamanca De Monterrico, Ate Vitarte"|S/ 416,000 · USD 122,000|416000|122000||150|"88 m² tot.
3 dorm.
2 baños
1 estac."|88|3|2|1|"Vista exterior, balcón y ascensor | Piso 3. Departamento de 88 m², ubicado en Salamanca, junto a parque, con vista exterior y pequeño balcón, en piso 3 con ascensor, dentro de un edificio tranquilo de solo 11 departamentos. Características generales. - Área: 88 m² - Vista exterior. - Balcón. - Piso 3 con ascensor. - Edificio de 11 departamentos. - Mantenimiento aproximado: S/ 150. Distribución. - 3 dormitorios. - 2 baños completos. - Sala comedor cómoda. - Cocina independiente. - Espacio de lavandería. Ubicación. - Junto a parque. - A pocos minutos del Jockey Plaza. - Cerca del Mercado de Salamanca. - Próximo a colegios como Saco Oliveros. - Rápido acceso a Av. Javier Prado y Vía de Evitamiento. Precio de venta: us$ 122, 000. Estacionamiento adicional disponible por us$ 12, 000. Ideal para quienes buscan ubicación, funcionalidad y buena conectividad, ya sea para vivir o como inversión. Contáctame para más información o agendar una visita"|https://www.adondevivir.com/propiedades/clasificado/veclapin-departamento-en-salamanca-junto-a-parque-88-m-sup2-148801312.html?n_src=Listado&n_pills=%C3%81rea+de+lavander%C3%ADa&n_pg=2&n_pos=20|2026-03-18
adondevivir|departamentos|venta|Lima Este|Ate Vitarte|"Avenida 26 de Mayo
Ate Vitarte, Lima"|S/ 165,825 · USD 49,500|165825|49500|||"57 m² tot.
1 dorm.
1 baño"|57|1|||Vendo departamento en ate, en primer piso, de 1 dormitorio, 1 baño, sala-comedor, cocina, lavandería, patio. Área total: 57. 20 M2. Precio: 49, 500 dólares|https://www.adondevivir.com/propiedades/clasificado/veclapin-vendo-departamento-de-estreno-en-ate-145459737.html?n_src=Listado&n_pills=%C3%81rea+de+lavander%C3%ADa&n_pg=2&n_pos=21|2026-03-18
adondevivir|departamentos|venta|Lima Este|Ate Vitarte|"Calle Australia
Portales De J.prado, Ate Vitarte"|S/ 360,000|360000|||1|"93 m² tot.
3 dorm.
2 baños"|93|3|2||Venta de Moderno Departamento, antisísmico, en Zona Muy Segura de Ate, límite con La Molina! Ubicado en La calle Australia 5to piso - Portales de Javier Prado - Ate, a una cuadra de la Av. Javier Prado, a unas cuadras de Real Plaza Puruchuco y cerca a los mercados Josfel, mayorista y Productores. Edificio moderno tan solo de cinco departamentos, un departamento por piso. * Área: 93m2. * Altura: 2. 50m. * Quinto piso (Vista Externa). * Opcional: Estacionamiento con puerta levadiza. Consta de: - Habitación Principal con baño incorporado. (Vista Externa) - Habitación #2. - Habitación #3. - Baño completo para habitaciones #2 y #3. - Sala-comedor con vista externa. - Balcón. - Cocina tipo Kitchenette, moderna, con reposteros altos y bajos, conexión a gas cálida. - Lavandería. - Intercomunicador. - Gas Natural, 2 puntos de conexión (cocina y lavandería). - Tanque Cisterna de agua de 3m3, con bomba y 2 tanques elevados de 1100L c/u. Áreas comunes: Escaleras y hall de ingreso.. Excelente iluminación. Zona muy segura. Cerca a parques, centros comerciales, colegios, universidades, restaurantes, etc. Precio: S/. 360, 000. (Soles). Estacionamiento: S/. 42, 000. (soles). Mayor información. Jhonny Eduardo Lopez. Celular: (+51). 9. 2. 1. 5. 4. 8. 7. 6. 3. *|https://www.adondevivir.com/propiedades/clasificado/veclapin-venta-de-moderno-depto.-de-estreno-5to-piso-ate-147472665.html?n_src=Listado&n_pills=Cerca+a+colegios&n_pg=2&n_pos=22|2026-03-18
adondevivir|departamentos|venta|Lima Este|Ate Vitarte|"SALAMANCA DE MONTERRICO RECAUDADORES
Salamanca De Monterrico, Ate Vitarte"|S/ 513,400 · USD 151,000|513400|151000||150|"91 m² tot.
2 dorm.
2 baños"|91|2|2||Espectacular dúplex de estreno en salamanca de 91m² 1er nivel: sala comedor muy amplia, cocina tipo americana con reposteros altos Y bajos tableros de granito (gas cálida), baño completo de la visita, dormitorio amplios con closet. 2do nivel: dormitorio principal muy amplio con baño completo incorporado, sala de estar, terraza amplia con proyecion A zona de parrilas, zona de lavandería Y tendal. cocheras techadas disponibles en 15, 000 dólares. visitas inmediatas Ver datos mayor información Ver datos. ubicación referencial|https://www.adondevivir.com/propiedades/clasificado/veclapin-estreno-duplex-91-m-sup2--terraza-2-dorm.-2-banos-147064892.html?n_src=Listado&n_pills=Guardian%C3%ADa%2FSeguridad+privada&n_pg=2&n_pos=23|2026-03-18
adondevivir|departamentos|venta|Lima Este|Ate Vitarte|"DINAMARCA 136
Portales De J.prado, Ate Vitarte"|S/ 455,000|455000||||"99 m² tot.
3 dorm.
2 baños"|99|3|2||“Amplio y luminoso departamento de 3 dormitorios y 2 baños frente al parque en Ate”. “Ubicación: El edificio está ubicado en una zona muy tranquila frente al Parque Tradiciones Peruanas en ate, cerca de avenidas principales, colegios, supermercados y centros comerciales. ” “Distribución: El departamento se encuentra en el 2do piso y tiene un área de 99. 60m2. Cuenta con una amplia sala comedor con vista al parque, una cocina muy amplia con muebles altos y bajos y espacio de lavandería, un pasaje que nos lleva a la zona de dormitorios y dos baños completos. El dormitorio principal tiene su propio baño y espacio para una cama king size. Los otros dos dormitorios son muy iluminados y tienen capacidad para una cama de dos plazas y dos camas de plaza y media respectivamente. ” Departamento en Venta. 2 años de antigüedad. 99m2. 3 dormitorios. 2 baños. Sala comedor. Cocina de concepto abierto. Área de Lavandería. Gas Natural Instalado. Zona Residencial Cerrada. Frente a Parque. Segundo Piso. A pocos minutos de Centro Comercial Puruchuco. Servicios de agua y luz independientes. “Disfruta de la tranquilidad y el confort de este hermoso departamento, ideal para familias que buscan un lugar acogedor y bien ubicado. No pierdas esta oportunidad de vivir frente a un parque y cerca de todo lo que necesitas. ” “Si te interesa este departamento, no dudes en llamarme al número 9877. 5. 4020 o enviarme un correo Ver datos. Las visitas se pueden coordinar con un día de anticipación. ”|https://www.adondevivir.com/propiedades/clasificado/veclapin-amplio-y-luminoso-departamento-de-3-dorm.-frente-al-145003163.html?n_src=Listado&n_pills=%C3%81rea+de+lavander%C3%ADa&n_pg=2&n_pos=24|2026-03-18
adondevivir|departamentos|venta|Lima Este|Ate Vitarte|"CALLE PUQUINAS 400
Salamanca De Monterrico, Ate Vitarte"|S/ 345,000 · USD 100,000|345000|100000||80|"70 m² tot.
3 dorm.
2 baños"|70|3|2||Venta de departamento en salamanca – ate. se vende lindo dpto de estreno. area 70 M2. 4to piso. residencial salamanca de monterrico proyecto terminado. excelente ubicación cerca A plaza vea, colegios, parques, mercados, farmacias, restaurants, acceso A avenidas principales como av los quechuas, av circunvalacion Y av canada. A 5 minutos del jockey plaza. son dptos de estreno, 2 dptos por piso solo escaleras, no ascensor, tiene gas natural. buena distrbucion, funcional E iluminado. departamentos de 3 dormitorios (principal con baño incorporado), E dormitorios secundarios, 2 baños completos, cocna abierta con reposterosaltos Y bajos, lavanderia, salacomedor Y balcon, vista externa. techos altos 2. 79 M2 de altura. 2do piso 115, 000 dolares area 74M2. 3er piso 110, 000 dólares área 70 m2. 4to piso 100, 000 dolares area 70M2. se apaga alcabala. mantenimiento 80 soles. no tiene estacionamiento|https://www.adondevivir.com/propiedades/clasificado/veclapin-bajo-de-precio!venta-de-departamento-en-salamanca-145707428.html?n_src=Listado&n_pills=%C3%81rea+de+lavander%C3%ADa&n_pg=2&n_pos=25|2026-03-18
adondevivir|departamentos|venta|Lima Este|Ate Vitarte|"Ceres
Ceres, Ate Vitarte"|S/ 352,000 · USD 105,000|352000|105000|||"125 m² tot.
3 dorm.
3 baños"|125|3|3||Contacto: janina salas // cel: 940*166*752. Venta Departamento en Ceres $/ Ver datos. 000. Venta Departamento duplex de Estreno en Urb. Ceres - Vitarte. ¡Tu Nuevo Hogar en Zona Estratégica de Ate Vitarte te Espera! Se vende amplio departamento de Estreno de 125 m² en Urbanización Ceres de Vitarte, ubicado en la misma avenida Metropolitana. Disfruta de la comodidad y la excelente ubicación, a unos pasos del Mercado Ceres de Vitarte. Características: - Espacioso: 125 m² de área construida, ideal para familia Joven con vista a la calle. - 5to y 6to nivel Ingreso con escaleras. Distribución ideal: 1er nivel: 1 Sala de estudio. 1 Baño de visita. 1 Cocina con plancha de 4 hornillas con muebles altos y bajos a campo abierto. 1 Campana Extractora con instalación completa. 1 Ventana muy amplia con vista Panorámica a la avenida metropolitana. 2do nivel: 1 dormitorio principal con baño propio y closets de pared a techo incorporado. 2 dormitorio secundario con baño completo. - Area de lavandería con revestimiento de acero inoxidable. - Piso de Porcelanato Cerámico y Laminado. - Acabados de calidad: Listo para mudarte. - Ubicación privilegiada: Cerca de todo lo que necesitas: comercios, transporte público, Paradero Chuletón y el Mercado Ceres de Vitarte. Ideal para: Familias que buscan comodidad, ubicación estratégica y un precio accesible. No pierdas la oportunidad de adquirir este departamento en una zona con alta plusvalía. Precio negociable.|https://www.adondevivir.com/propiedades/clasificado/veclapin-venta-de-duplex-en-ceres-148754768.html?n_src=Listado&n_pills=%C3%81rea+de+lavander%C3%ADa&n_pg=2&n_pos=26|2026-03-18
adondevivir|departamentos|venta|Lima Este|Ate Vitarte|"Av. Javier Prado Este 7840
Mayorazgo Chico, Ate Vitarte"|S/ 450,900 · USD 135,000|450900|135000||250|"81 m² tot.
3 dorm.
2 baños"|81|3|2||Te presentamos una oportunidad única en la exclusiva Urbanización Mayorazgo, Ate. Este espectacular departamento en 7mo piso te ofrece el estilo de vida que mereces, combinando la mejor conectividad con la comodidad de un hogar moderno. El departamento: Disfruta de un espacio exclusivo, luminoso y seguro; de solo 5 años de antigüedad; con una distribución inteligente y amplia de 81. 03 m² que cuenta con: - 3 amplios dormitorios (principal con baño incorporado y ducha teléfono para un spa en casa). - Sala-Comedor iluminada que se integra a un. ¡balcón con vista despejada! Tu rincón perfecto para desayunar o relajarte con el vibrante panorama de la ciudad. - Kitchenette equipada con reposteros adicionales, maximizando el espacio de almacenaje. - Lavandería independiente con tendal de acero graduable. Exclusividad Y valor añadido (¡incluidos en el precio!): Este no es un departamento cualquiera. Incluye detalles premium que marcan la diferencia y te harán ahorrar desde el primer día: - Puerta principal de seguridad blindada importada (9 pines de seguridad), para tu tranquilidad absoluta. - Mueble organizador para tv y sonido integrado en la sala. - Terma eléctrica instalada, garantizando agua caliente siempre. - Ascensor para discapacitados y cámaras de seguridad en todo el edificio. - El edificio cuenta con conexión a gas Calidda. Ubicación premium: Acceso inmediato a: - Estadio Monumental (a minutos caminando). - Parque Asturias (para tus momentos de recreación y deporte). - Metro de Lima (Estación Mercado Santa Anita), Paradero Corredor Rojo. El transporte rápido a tu alcance. - Centros Comerciales (Real Plaza Puruchuco, Mall Aventura Santa Anita). - Colegios (Alpamayo, John Dalton), Centro Pre Univ. De Lima. - Rápida conexión con La Molina, Surco y el resto de Lima en minutos. Vive en una zona de alta plusvalía y crecimiento constante. Perfecto para tu familia o como una inversión sólida con gran rentabilidad en alquiler. ¡¡No dejes pasar esta oportunidad y agenda tu visita Hoy Mismo!! Mantenimiento: S/ 250. precio: usd 135, 000|https://www.adondevivir.com/propiedades/clasificado/veclapin--vive-en-mayorazgo!-exclusivo-dpto-con-gran-vista-a-148659681.html?n_src=Listado&n_pills=%C3%81rea+de+lavander%C3%ADa&n_pg=2&n_pos=27|2026-03-18
adondevivir|departamentos|venta|Lima Este|Ate Vitarte|"Valladolid
Mayorazgo 1etpa, Ate Vitarte"|S/ 816,000 · USD 240,000|816000|240000|||"204 m² tot.
2 dorm.
2 baños
1 estac."|204|2|2|1|"¿Buscas un hogar donde la comodidad, los espacios amplios y los momentos para compartir realmente se disfruten? Esta propiedad en la Urbanización Mayorazgo puede ser justo lo que estabas esperando. Ubicada en Calle Valladolid, en una zona residencial tranquila, cerca del Centro Preuniversitario de la Universidad de Lima, con rápido acceso a Avenida Huarochirí y a minutos de La Molina. Incluye un departamento en primer piso, funcional para el día a día, y una amplia terraza social equipada en el quinto piso, ideal para reuniones y momentos especiales. Lo que hace especial A esta propiedad: - 203. 87 m² de área total | 118. 03 m² techados. - Departamento en primer piso, cómodo y funcional. - Sala – comedor con bar equipado, ideal para reuniones. - Kitchenette equipada con cocina a gas y eléctrica empotradas, campana extractora, reposteros altos y bajos y alacenas. - 2 dormitorios amplios. - Dormitorio principal con salida a terraza, jacuzzi, baño incorporado, aire acondicionado y calefacción. - Dormitorio secundario con baño privado y salida a patio. - Baño de visitas. - Lavandería y patio interior. - Sistema de seguridad y alarma instalado. la gran protagonista: terraza privada en el 5. º piso. Un espacio pensado para disfrutar con familia y amigos: - Amplia terraza con espacio para dos salas casuales y comedor. - Parrilla con mesa de cuarzo. - Caja china y horno de barro. - Bar con lavadero de doble poza. - Cocina eléctrica. - 2 estufas a gas para noches de invierno. incluye: - 1 cochera en primer piso con portón enrollable automático. - Opción de cochera adicional. precio de oportunidad: - usd 240, 000 (negociable) - usd 250, 000 con cochera adicional. Una excelente oportunidad para quienes buscan la comodidad de un primer piso con espacios para disfrutar y una terraza diseñada para reuniones inolvidables. Contáctame al 9""6""1""2""0""1""8""0""7 para más información o para agendar una visita."|https://www.adondevivir.com/propiedades/clasificado/veclapin-baja-de-precio-dpto.-1er-piso-en-mayorazgo-terraza-149278164.html?n_src=Listado&n_pills=%C3%81rea+de+lavander%C3%ADa&n_pg=2&n_pos=28|2026-03-18
adondevivir|departamentos|venta|Lima Este|Ate Vitarte|"SALAMANCA DE MONTERRICO
Salamanca De Monterrico, Ate Vitarte"|S/ 460,000 · USD 128,000|460000|128000||200|"63 m² tot.
3 dorm.
2 baños
1 estac."|63|3|2|1|Vive en Salamanca de Monterrico - Departamento frente a parque, estreno, entrega inmediata! Disfruta de un departamento de estreno tipo flat de 63 m², ubicado en una de las mejores zonas de Salamanca de Monterrico, frente a un parque, con un entorno tranquilo, seguro y a solo 5 minutos del Jockey Plaza. Ideal para quienes buscan comodidad, modernidad y calidad de vida cerca de todo. Características del departamento. Tres dormitorios bien distribuidos. Dos baños completos. Sala comedor con balcón y vista externa hacia el parque. Cocina funcional con reposteros altos y bajos. Área de lavandería. Instalación a gas natural. Áreas comunes del condominio. Zona de parrillas para compartir con amigos y familia. Gimnasio totalmente equipado. Sala de coworking para trabajar cómodamente desde casa. Entrega inmediata, no paga alcabala y cuenta con seguridad permanente, lo que garantiza tranquilidad para ti y tu familia. Precio: S/ 460, 000 - No paga alcabala. Área de 63 m² primer piso. Cochera Adicional desde S/. 65, 500. No dejes pasar la oportunidad de vivir en un departamento frente a un parque, con excelente ubicación y áreas comunes diseñadas para tu bienestar. Visitanos Y conoce tu proximo hogar! C 9. 1. 0. 3. 0. 4. 8. 1. 1 / 9. 5. 3. 8. 5. 0. 4. 5. 4. Inmobiliaria Home Inversiones|https://www.adondevivir.com/propiedades/clasificado/veclapin-exclusivo-depa-en-salamanca-de-monterrico!-venta-146936127.html?n_src=Listado&n_pills=Cerca+a+colegios&n_pg=2&n_pos=29|2026-03-18
adondevivir|departamentos|venta|Lima Este|Ate Vitarte|"Las Hiedras 196
Los Recaudadores, Ate Vitarte"|S/ 493,000 · USD 145,000|493000|145000|||"100 m² tot.
2 dorm.
2 baños
1 estac."|100|2|2|1|Departamento en venta con caracteristicas unicas E irrepetibles en salamanca! Multifuncional, practico Y excelente ubicación, aprox 100 m2. - En Primer Piso. - Frente y vista directa al Parque Trujillo. - Doble ingreso desde calle. - Excelente distribución interior. - Dos dormitorios. - Dos baños. - Cocina funcional. - Lavandería. - Patio interior. - Estacionamiento amplio acceso directo a calle. - Edificio de sólo 6 pisos. - Acceso con seguridad. Comunicarse a los teléfonos: Ver datos (Sólo WhatsApp) - Ver datos - Ver datos. No somos corredores.|https://www.adondevivir.com/propiedades/clasificado/veclappa-departamento-en-venta-con-caracteristicas-unicas-e-148828356.html?n_src=Listado&n_pills=Seguridad&n_pg=2&n_pos=30|2026-03-18
adondevivir|departamentos|venta|Lima Este|Ate Vitarte|"Av. las Torres 320
Ate Vitarte, Lima"|S/ 310,000|310000||||"116 m² tot.
3 dorm.
2 baños"|116|3|2||"Departamento en venta – primer piso con amplia terraza | ate. Condominio Prados del Sol – Ate. Ubicado en Av. Las Torres de Huachipa 320, a solo 3 minutos del Zoológico de Huachipa, con rápido acceso a la Carretera Central, centros comerciales y principales empresas de la zona. Características generales: Área de terreno: 115. 95 m² Área construida: 61. 60 m² Antigüedad: 8 años. Ubicado en primer piso. Distribución: Dormitorio principal con baño incorporado. 2 dormitorios secundarios. 1 baño completo. Sala – comedor amplia y bien iluminada. Cocina funcional. Lavandería con patio. Terraza de 40 m², ideal para área social, parrilla, piscina, ampliación o dormitorio adicional. Condiciones: Mantenimiento aproximado: S/ 200 (incluye consumo de agua) Departamento sin carga ni gravamen. Apto para crédito hipotecario y fondos propios. Documentación en regla y lista para la operación. Áreas comunes del condominio: Cancha de fútbol. Gimnasio. Sala de eventos. Tienda interna. Lavandería. Guardería. Áreas verdes. Seguridad y vigilancia 24/7. no incluye estacionamiento, solo estacionamiento exterior para visitas. Precio de venta: S/ 310, 000. no esperes mas Y agenda tu visita!!"|https://www.adondevivir.com/propiedades/clasificado/veclapin-vendo-departamento-1er-piso-condominio-prados-del-sol-148961434.html?n_src=Listado&n_pills=Jard%C3%ADn&n_pg=3&n_pos=1|2026-03-18
adondevivir|departamentos|venta|Lima Este|Ate Vitarte|"SALAMANCA DE MONTERRICO RECAUDADORES
Salamanca De Monterrico, Ate Vitarte"|S/ 748,000 · USD 220,000|748000|220000||150|"132 m² tot.
4 dorm.
3 baños"|132|4|3||Esterno amplio dúplex + terraza en salamanca 132m² 1er piso: sala comedor muy amplia con balcón vista A la calle, cocina tipo americana muy amplia (gas calidad), dormitorio principal súper amplio con closet Y baño completo incorporado, 2 dos dormitorios secundarios amplios con clóset, baño completo compartido, lavandería independiente (gas calidad) 2do piso: sala de estar amplia con proyección A un 4 dormitorio, baño completo, zona de terraza muy amplia con proyección A zona de parrillas. Cocheras techadas disponibles en 15, 000 dólares. visitas inmediatas Ver datos mayor información Ver datos. ubicación referencial|https://www.adondevivir.com/propiedades/clasificado/veclapin-estreno-amplio-duplex-132-m-sup2--terraza-4-dorm.-3-147065224.html?n_src=Listado&n_pills=Seguridad&n_pg=3&n_pos=2|2026-03-18
adondevivir|departamentos|venta|Lima Este|Ate Vitarte|"GRUMETE MEDINA JR MIGUEL VALCARCEL_.
Grumete Medina, Ate Vitarte"|S/ 270,000|270000|||20|"91 m² tot.
2 dorm.
1 baño"|91|2|||Se expone los departamentos del piso 1 al piso 4 en la Urb Grumete Medina, cerca al parque de los Anillos y limite con Salamanca. Son departamentos independizados, Son departamentos amplios, con 3 dormitorios, cocina, sala, balcón, bonitos acabados, en la cocina puede Ud comprar su cocina de 6 hornillas. Piso 1 con area de 96m2 precio 315mil soles ( 4 habitaciones) Piso 2 con area de 91m2 precio 300 mil soles. Piso 3 con area de 91m2 precio 285 mil soles. Piso 4 con area de 91m2 precio 270 mil soles. Documentos en regla, se pude hipotecar con cualquier banco. Watsap Ver datosVer datos, Pasaje Valcarcel frente al Colegio Maria Auxiliadora. link videos: DlbKfp_5gW8 piso 25cn8T3C-g piso 36eflh7Ww-4? feature=share baño|https://www.adondevivir.com/propiedades/clasificado/veclapin-cerca-salamanca-desde-270-mil-soles-148387448.html?n_src=Listado&n_pg=3&n_pos=3|2026-03-18
adondevivir|departamentos|venta|Lima Este|Ate Vitarte|"Urb. El Rosal - Salamanca
Salamanca De Monterrico, Ate Vitarte"|S/ 436,000 · USD 129,000|436000|129000|||"85 m² tot.
3 dorm.
2 baños
1 estac."|85|3|2|1|Departamento en Venta frente a Parque – Urb. El Rosal - Salamanca? ¡Vive cerca de todo, en la tranquilidad de una zona residencialA solo 5 min del Jockey Plaza, ubicado en zona estratégica con acceso rápidos a Av. Javier Prado, Canadá y Circunvalación. - 1er Piso elevado - 3 dormitorios (el principal cuenta con baño propio) - 1 baño completo secundario - Área de Terraza- Therma instalada- 1 cochera- Solo 2 departamentos por piso- Medidores de luz y agua independientes- Mantenimiento aprox. S/60- Antigüedad: 16 años * Precio de venta: $129, 000|https://www.adondevivir.com/propiedades/clasificado/veclapin-departamento-puerta-del-sol-149151786.html?n_src=Listado&n_pg=3&n_pos=4|2026-03-18
adondevivir|departamentos|venta|Lima Este|Ate Vitarte|"A una Cuadra de Plaza Vea Salamanca
Salamanca De Monterrico, Ate Vitarte"|S/ 331,240 · USD 98,000|331240|98000||140|"69 m² tot.
3 dorm.
2 baños"|69|3|2||¡Acogedor departamento en Salamanca – Ate! Vive en una de las zonas más céntricas y tranquilas de Salamanca. Este acogedor departamento se ubica en el 2do nivel de un edificio de solo tres pisos, ideal para quienes buscan comodidad, buena ubicación y un entorno familiar. Rodeado de amplios parques, colegios, restaurantes y diversos comercios, se encuentra a solo una cuadra de Plaza Vea, lo que garantiza practicidad en el día a día. Además, cuenta con excelente conectividad, con fácil acceso a Av. Los Quechuas, Av. Vía de Evitamiento y Av. Circunvalación. A pocos minutos del Centro Comercial Jockey Plaza, Universidad de Lima y la Facultad de Medicina Veterinaria de la unmsm, lo que lo convierte en una excelente opción tanto para vivienda familiar como para inversión. Distribución: - Amplia Sala comedor- Cocina- 3 dormitorios (dormitorio principal con baño incorporado) - 2 baños completos- Área de lavanderíaMantenimiento: S/ 140 aprox. (incluye consumo de agua) ¡No pierdas la oportunidad de visitarlo y conocer tu próximo hogar! * Las fotografías, precios y descripción de esta propiedad son|https://www.adondevivir.com/propiedades/clasificado/veclapin-departamento-en-salamanca-de-monterrico-149153701.html?n_src=Listado&n_pills=%C3%81rea+de+lavander%C3%ADa&n_pg=3&n_pos=5|2026-03-18
adondevivir|departamentos|venta|Lima Este|Ate Vitarte|"Av. Prol. Javier Prado Este
Ate Vitarte, Lima"|S/ 200,400 · USD 60,000|200400|60000|||"72 m² tot.
2 dorm.
1 baño"|72|2|||Departamento en venta en ubicacion estrategica, cerca acentros comerciales, mercados, a escasas cudras de Real Plaza Puruchuco. Sala. Comedor. Cocina amoblada. 2 dormitorios ampios. Baño. El deparatmento cuanta con buena iluminacion y esta muy bien ventilado.|https://www.adondevivir.com/propiedades/clasificado/veclapin-departamento-en-venta-av-javier-prado-este.-148953049.html?n_src=Listado&n_pg=3&n_pos=6|2026-03-18
adondevivir|departamentos|venta|Lima Este|Ate Vitarte|"SALAMANCA DE MONTERRICO RECAUCACORES
Salamanca De Monterrico, Ate Vitarte"|S/ 402,000 · USD 111,900|402000|111900||150|"67 m² tot.
3 dorm.
2 baños"|67|3|2||Bellisimo dpto vista A la calle de estreno 67M² amplia sala comedor con balcon, cocina con reposterios altos Y bajos con tableros de granito cocina equipada con cocina horno campana marca sole, lavanderia con gas calida, 3 amplios dormitorios con closet, 2 amplios baños el principal con ducha de hidromasages, acabados de lujo zona centrica A 5 minutos del jockey plaza Y muy cerca de plaza vea de salamanca, cocheras aparte en 15, 000 dolares. citas inmediatas Ver datos Y mayor información Ver datos contacto. ubicación referencial|https://www.adondevivir.com/propiedades/clasificado/veclapin-ocasion-estreno-lindo-dpto-67-m-sup2--3-dorm.-2-banos-145462758.html?n_src=Listado&n_pills=%C3%81rea+de+lavander%C3%ADa&n_pg=3&n_pos=7|2026-03-18
adondevivir|departamentos|venta|Lima Este|Ate Vitarte|"Calle 8 Lote 29 Manza A-11 Manza A-11, Ate, Lima, Lima
Ate Vitarte, Lima"|S/ 299,330 · USD 80,900|299330|80900|||"97 m² tot.
3 dorm.
2 baños"|97|3|2||Id: 3 6 3 4 9 venta de amplio departamento en ate - frente A parque - 2do. Piso Departamento especial para familias pequeñas, profesionales que trabajan desde casa, emprendedores e inversionistas ¿Qué lo hace tan especial? Este departamento 2 en 1 ofrece un gran potencial de renta y reventa. ¡Descubre cómo aprovechar al máximo sus características! Ambiente principal: Sala/Comedor Cocina Separada: Con opción de incluir la lavandería. Dormitorio Principal Dormitorio Secundario Baño Completo Segundo ambiente: este segundo ambiente es un área privada e independiente, ideal para negocio propio, consultorio, almacén o alquiler permanente/temporal (Airbnb). Ofrece grandes beneficios: Sala/Comedor Cocina Dormitorio Baño Completo Oportunidad de Negocio: Perfecto para incrementar ingresos familiares con el alquiler o emprendimiento. ¡Agenda una visita y empieza a pensar en tu futuro! 121% comprometidos en brindarte un servicio de excelencia.|https://www.adondevivir.com/propiedades/clasificado/veclapin-venta-de-amplio-departamento-en-ate-frente-a-parque-147504120.html?n_src=Listado&n_pills=Parrilla&n_pg=3&n_pos=8|2026-03-18
adondevivir|departamentos|venta|Lima Este|Ate Vitarte|"Calle Zavaleta al 100
Zavaleta, Ate Vitarte"|S/ 247,459 · USD 73,213|247459|73213|||"73 m² tot.
3 dorm.
2 baños"|73|3|2||Venta de departamento – ate / condominio en av. Zavaleta. Se vende un moderno departamento de 73 m² ubicado en el 2° piso con ascensor, dentro de un condominio seguro y bien equipado. (Colocar precio aquí). El edificio cuenta con vigilancia permanente y una excelente distribución. El departamento ofrece 3 habitaciones con muy buena iluminación natural, 2 baños completos, cocina cerrada con lavandería integrada, instalación de gas natural, therma, y agua caliente en todos los ambientes. La sala-comedor es amplia, cuenta con mampara y un balcón con muy buena vista e iluminación. El condominio ofrece gimnasio equipado, boulevard privado, área social para eventos (previa reserva), portería y seguridad permanente, además de ascensores y escaleras de emergencia. Ubicado estratégicamente, se encuentra cerca de colegios reconocidos como Innova Schools (Ate 2), la Universidad César Vallejo, utp, Tecsup y el Mercado Mayorista. Además, está a pocos minutos del Centro Comercial Puruchuco, Vacilandia, y cuenta con acceso rápido a la Carretera Central y al futuro paradero de la Línea 2 del Metro de Lima.|https://www.adondevivir.com/propiedades/clasificado/veclapin-departamento-zavaleta-148446517.html?n_src=Listado&n_pills=Gimnasio&n_pg=3&n_pos=9|2026-03-18
adondevivir|departamentos|venta|Lima Este|Ate Vitarte|"Nicolas Ayllon al 8500
La Estrella, Ate Vitarte"|S/ 380,800 · USD 112,000|380800|112000|||"125 m² tot.
3 dorm.
1 estac."|125|3||1|Vendo Dúplex con terrazaVenta Amplio Dúplex con áreas comunes Vendo Dúplex 3 Habitaciones - 2 baños - cocina- terraza - Cocheracaracteristicas del edificio* Total de departamentos 544* Torres 11* Pisos por torre 8* Departamentos por piso ( 6 torres 8 departamentos por piso - 5 torres 4 departamentos por piso) * Áreas comunes ( 6 locales comerciales - Casa Club Sur y Norte*Cocheras 217caracteristicas del duplexedificio con áreas comunesDúplex de 125 m2 - 5 departamentos por piso - 8 pisos en total - 48 departamentos en totalDúplex ubicado ubicado en el 8 y 9 piso con ascensorprimer nivelsala comedorCocina Zona de lavanderíasegundo nivelhabitación principal con baño incorporadoHabitaciones secundariasBaño secundariocaracteristicas de la zona*Av. Nicolás Ayllón N°8510, a la altura del km 10. 5 de la Carretera Central*Cerca a avenidas (Av. Estrella - Av. 28 de Julio - Av. Central *Cerca Metro de Santa Clara - Real Plaza Santa Clara - *Cerca a la Universidad Científica del Sur - Sede Atedetalles importantes-Documentos en regla-Te apoyamos en la gestión crediticia-No tiene hipoteca*|https://www.adondevivir.com/propiedades/clasificado/veclapin-vendo-amplio-duplex-con-terraza-en-condominio-148700658.html?n_src=Listado&n_pills=Seguridad&n_pg=3&n_pos=10|2026-03-18
adondevivir|departamentos|venta|Lima Este|Ate Vitarte|"Pasaje Los Alpes Urb. Alpamayo
Ate Vitarte, Lima"|S/ 664,660 · USD 199,000|664660|199000|||"150 m² tot.
4 dorm.
3 baños"|150|4|3||¡Vive con amplitud, comodidad y tranquilidad en ate! Descubre este hermoso dúplex de 150 m² (75 m² por nivel), ubicado en el 3er y 4to piso, con una excelente distribución y espacios ideales para toda la familia * 4 dormitorios amplios (principal con baño privado y clóset) * 1 estudio perfecto para home office o sala de tv* Moderna cocina estilo americano* 3 baños completos + ½ baño de visitas** Muebles altos y bajos con elegantes encimeras de granito** Ubicado en ate, dentro de una urbanización que te brinda mayor seguridad, orden y un entorno residencial ideal para vivir con tranquilidad * Disfruta de la paz de la zona, poco tránsito, ambiente familiar y la comodidad de tener todo cerca, sin el estrés del centro de la ciudad **Un hogar pensado para quienes buscan espacio, calidad de vida y una excelente inversión ¿Agendamos una visita? ** Así mismo contamos con otros Departamentos Dúplex **- Área: 90m²(45m² por nivel) Consultar con el Agente Inmobiliario encargado para mayor información Ver datos.|https://www.adondevivir.com/propiedades/clasificado/veclapin-departamento-duplex-en-venta-urb-de-ate-149027929.html?n_src=Listado&n_pg=3&n_pos=11|2026-03-18
adondevivir|departamentos|venta|Lima Este|Ate Vitarte|"Calle Los Uros
Salamanca De Monterrico, Ate Vitarte"|S/ 616,000 · USD 176,000|616000|176000|||"192 m² tot.
3 dorm.
4 baños"|192|3|4||Uros – salamancaentrega inmediata¡Tu nuevo hogar te espera en Salamanca! Modernos y luminosos departamentos con acabados de primera, ubicados en Calle Los Uros, una zona residencial tranquila y bien conectada, a solo 5 minutos del Jockey Plaza, avenidas principales, colegios y parques. Ubicación: Salamanca de Monterrico – AteDiseño moderno: cocina americana semi amoblada con mesa de granito, lavandería y punto de gas. Ambientes amplios: iluminación natural, vista a parque y excelente distribución. Financiamiento Banco InterbankEstacionamientos desde: S/ 54, 150Se paga alcabala-modelo 1 – flat (primer y tercer piso) Área: 106. 50 m²Precio: $146, 000Distribución: 3 dormitorios, 2 baños, sala-comedor con vista a parque, cocina americana semi amoblada y lavandería. Área: 90. 70 m²Precio: $145, 000Distribución: 3 dormitorios, 2 baños, sala-comedor con vista a parque, cocina americana semi amoblada y lavandería. Código interno: pe-rx-08-F3A-modelo 2 – dúplex (tercer y cuarto piso) Área total: 192 m²Precio: $176, 000Distribución: 3 dormitorios, sala de estar, 2 baños completos, 2 baños de visita, cocina americana semi amoblada, lavandería, terraza y balcón con vista a parque. Código interno: pe-rx-08-D3A-Vive con comodidad, diseño y una excelente ubicación en el corazón de Salamanca – Ate. Código base: pe-rx-08 (Entrega inmediata)|https://www.adondevivir.com/propiedades/clasificado/veclapin-departamento-en-salamanca-de-monterrico-147990256.html?n_src=Listado&n_pills=%C3%81rea+de+lavander%C3%ADa&n_pg=3&n_pos=12|2026-03-18
adondevivir|departamentos|venta|Lima Este|Ate Vitarte|"Lerida 216 al 200
Mayorazgo, Ate Vitarte"|S/ 513,000 · USD 150,000|513000|150000||100|"131 m² tot.
3 dorm.
3 baños"|131|3|3||Contacto: maria arevalo: 9*6*3*2*9*2*9*9*9¡Vive con la comodidad y el espacio que tu familia merece! Imagina un hogar donde cada miembro tenga su propio baño, con sala y cocina integradas en un ambiente acogedor y seguro. Ese lugar existe: tu nuevo departamento en quinto piso en Ate Vitarte. Características: Área total: 131. 73 m²3 dormitorios, cada uno con baño completoSala comedor con cocina abiertaAntigüedad: 26 años, bien conservadoUbicación: Al lado del Colegio San Lorenzo, cerca a la Pre Lima, con rápido acceso a Javier Prado, Separadora Industrial y Puruchuco. A pasos de parques, servicios y zonas seguras que realzan tu calidad de vida. Beneficios: Privacidad total: cada habitación con su baño propioConectividad y comodidad a minutos de todoEspacios amplios, funcionales y ventiladosZona tranquila, ideal para familias¡Agenda tu visita hoy y comienza tu nueva etapa en el lugar que tu familia merece! contacto: maria arevalo: 9*6*3*2*9*2*9*9*9id: 1*1*5*9*0*0*7|https://www.adondevivir.com/propiedades/clasificado/veclapin-venta-departamento-5to-piso-mayorazgo-ate-cerca-pre-de-147907893.html?n_src=Listado&n_pg=3&n_pos=13|2026-03-18
adondevivir|departamentos|venta|Lima Este|Ate Vitarte|"Prolongacion Javier Prado al 8000
Mayorazgo, Ate Vitarte"|"S/ 215,900 · USD 63,500
8%"|215900|63500|8%|120|"52 m² tot.
1 baño"|52||||Venta de departamentos en Ate Mayorazgo Imagina vivir en un espacio pensado en ti, en casuarinas 1 elegir vivir tranquilo y seguro Ubicación En misma av prolongación Javier prado a un paso del corredor rojo cerca al mall de puruchuco una zona segura y tranquila. Área: 52, 67m2- Amplia sala comedor- Cocina con muebles altos y bajos- 2 habitaciones- vista interna- Piso 3- 1 baño compartido- No cuenta con cochera- Cuenta con ascensor- No tiene gas cálidda- Área de lavandería- Antigüedad 4 años- Mantenimiento 120 soles- Áreas comunes: terraza y zona de parrillaprecios: $ 63, 500 negociable rr-24|https://www.adondevivir.com/propiedades/clasificado/veclapin-departamento-mayorazgo-149135133.html?n_src=Listado&n_pills=Parrilla&n_pg=3&n_pos=14|2026-03-18
adondevivir|departamentos|venta|Lima Este|Ate Vitarte|"Av. 28 de Julio Ate
Santa Clara, Ate Vitarte"|S/ 181,440 · USD 54,000|181440|54000||120|"55 m² tot.
3 dorm.
1 baño"|55|3|||"*¡tu nuevo hogar te espera en condominio jardines de santa clara - ate*Se vende hermoso departamento en el 8º piso, ideal para quienes buscan comodidad, vistas despejadas y excelente ubicación. Área: 55m2Ambientes: 3 dormitorios | Sala–comedor con pisos de vinílico | 1 baño completo | Cocina y lavandería integradaBalcón con vista abierta – Ideal para disfrutar del atardecer8º piso – Luminoso y ventilado todo el díaEdificio con ascensorSeguridad y acceso controladoEspacios comunes en excelente estado como zona de lavandería, zona de parrilla, cine, sala de internet, pequeña capilla, gimnasio, bodega. Ideal para vivienda propia o inversión Cercano a transporte público, supermercados, universidades y másValor: $60, 0000Mantenimiento: S/120. 00 aprox. Contáctanos para más información o agendar una visita hoy¡! rp1-scr. U. C Ver datos"|https://www.adondevivir.com/propiedades/clasificado/veclapin-departamento-en-condominio-jardines-de-santa-clara-146355791.html?n_src=Listado&n_pills=Jard%C3%ADn&n_pg=3&n_pos=15|2026-03-18
adondevivir|departamentos|venta|Lima Este|Ate Vitarte|"Calle Trinitarias
Ate Vitarte, Lima"|S/ 772,800 · USD 230,000|772800|230000||150|"136 m² tot.
3 dorm.
3 baños
1 estac."|136|3|3|1|"Triplex en Venta – Salamanca | 136 m² | 1 Estacionamiento. Amplio y moderno triplex ubicado en excelente zona residencial de Salamanca. Ideal para familias que buscan comodidad, buena distribución y una terraza privada para disfrutar. Área: 136 m² Estacionamiento: 1 privado. Distribución: 1er nivel: Sala comedor amplia e iluminada. Cocina cerrada con muebles altos y bajos. Baño de visita. 2do nivel: Dormitorio principal con baño incorporado. 2 dormitorios secundarios. 1 baño completo compartido. 3er nivel: Sala de estar o sala de video. Lavandería amplia. 1 baño completo. Terraza amplia ideal para reuniones. Ubicado en zona tranquila y estratégica, cerca de parques, colegios, comercios y principales vías de acceso. Contáctame para mayor información y agendar una visita."|https://www.adondevivir.com/propiedades/clasificado/veclapin-exclusivo-triplex-en-salamanca-de-monterrico-149043628.html?n_src=Listado&n_pills=Parrilla&n_pg=3&n_pos=16|2026-03-18
adondevivir|departamentos|venta|Lima Este|Ate Vitarte|"Pasaje Guardia Civil al 100
Santa Clara, Ate Vitarte"|S/ 243,750 · USD 65,000|243750|65000|||"64 m² tot.
2 dorm.
1 baño"|64|2|||¡Oportunidad de Venta: Departamento en Santa Clara - Primer Piso! Descripción del Inmueble: 1 Habitación Amplia (se puede dividir en 2 habitaciones) 1 Baño Completo Cocina Espaciosa Amplia Sala y Comedor Amplia Área de Lavandería Ubicación Inmejorable: Departamento en el primer piso A media cuadra de la Policía Nacional A 2 cuadras de la carretera central A pocas cuadras del Centro Comercial Real Plaza A 3 cuadras de la universidad utpa una cuadra del parque de Santa Clara Acceso Rápido: Transporte público y privadoServicios: Agua y luz con medidor medidor independiente Precio: Venta: *$65, 000Se vende como acciones y derechos Agenda tu visita ya! R. U. C Ver datos|https://www.adondevivir.com/propiedades/clasificado/veclapin--oportunidad-de-venta:-departamento-en-santa-clara-144911752.html?n_src=Listado&n_pills=%C3%81rea+de+lavander%C3%ADa&n_pg=3&n_pos=17|2026-03-18
adondevivir|departamentos|venta|Lima Este|Ate Vitarte|"Calle Valladolid al 200
Ate Vitarte, Lima"|S/ 584,100 · USD 165,000|584100|165000||180|"107 m² tot.
3 dorm.
2 baños"|107|3|2||¡Oportunidad única en un entorno privilegiado! Este encantador departamento de Lujo 107 m2Ubicación: Situado a la espalda de la Pre de la Universidad de LimaCon fácil acceso a vías principales Av. Huarochirí, Constructores, Av. Javier Prado Este, fácil acceso a La Molina, Surco, San Borja. Rápido acceso a transporte público, tiendas, colegios, universidades, institutos, a pocos minutos del centro comercial Parque La Molina, centro comercial Jockey Plaza y Real Plaza Puruchuco, esta vivienda te brinda comodidad y convenienciaSu distribución perfecta comprende una habitación principal con clóset, dos habitaciones secundarias con clóset, sala, comedor, dos baños, cocina y lavandería. Los acabados de alta calidad destacan en cada rincón. Vive con estilo y comodidad en este hogar exclusivo que incluye una terraza con zona de parrilla en el último piso. Modernos departamentos, edificio de 7 pisos, 02 departamentos por piso, con vista panorámica, iluminados, con finos acabados, luminaria completa, ascensor marca Schindler, techos altos 2. 70m, todos los departamentos cuentan con pisos laminados vinílico de marca Karhs (Alemania) en la sala comedor y dormitorios; en los baños, cocina y lavandería pisos de porcelanato, tableros de granito en cocina y tableros de mármol en baños, lavandería con tendal aéreo, vidrios templados, ascensor para discapacitados en el ingreso y ascensor hidráulico para autosDetalles del departamento: Área Ocupada: 107 m2Área Construida: 107 m2Habitaciones: 3 (1 principal, 2 secundarias) Baños: 2Gas CaliddaAscensorAscensor para discapacitadosEl departamento viene equipado con: Therma a Gas naturalCocina encimerahorno microondasHorno de convenciónRefrigeradoraCampana extractoraTendalPrecio de Estacionamiento $13, 000no paga alcabalaDepartamentos IndependizadosDocumentación en regla¡No pierdas la oportunidad de conocer tu próximo hogar! Contáctanos para agendar una visita y descubrir todas las maravillas que este lugar tiene para ofrecer. ¡Te esperamos! R. U. C Ver datos|https://www.adondevivir.com/propiedades/clasificado/veclapin-venta-de-exclusivos-departamentos-en-mayorazgo-ate-146951872.html?n_src=Listado&n_pills=%C3%81rea+de+lavander%C3%ADa&n_pg=3&n_pos=18|2026-03-18
adondevivir|departamentos|venta|Lima Este|Ate Vitarte|"Linos 187 A 1 Cuadra DE Plaza VEA
Salamanca De Monterrico, Ate Vitarte"|S/ 369,000 · USD 110,000|369000|110000||250|"68 m² tot.
2 dorm.
2 baños"|68|2|2||Departamento en venta en salamanca A una cuadra de plaza vea Vive en una zona tranquila, con excelente ubicación y todo a la mano. Área: 68 m²2 dormitorios con clóset2 baños completosCocina estilo americanoSala – comedor con excelente distribuciónLavandería y tendalVista interna con muy buena luz natural4to piso con ascensorEdificio frente a parque cerradoA solo 1 cuadra de Plaza VeaÁreas comunes: PiscinaZona de parrillasPrecio: usd 110, 000También se acepta pago en solesIdeal para pareja joven, familia pequeña o como inversión rentable.|https://www.adondevivir.com/propiedades/clasificado/veclapin-vendo-dpto-de-2-dorm-a-1-cuadra-plaza-vea-de-salamanca-149079821.html?n_src=Listado&n_pills=%C3%81rea+de+lavander%C3%ADa&n_pg=3&n_pos=19|2026-03-18
adondevivir|departamentos|venta|Lima Este|Ate Vitarte|"Quizquiz 168, Salamanca
Salamanca De Monterrico, Ate Vitarte"|S/ 525,000 · USD 150,000|525000|150000|||"121 m² tot.
2 dorm.
3 baños"|121|2|3||Contacto: 9 6 1 2 2 2 9 9 2¡Vive Cómodo en Salamanca – Departamento en 1er Piso! *Precio: usd 160, 000*Ubicación: Pasaje Quiz Quiz, cuadra 9 de Av. Los Quechuas – Frente al Parque Vilca, Salamanca, Ate. Si buscas un hogar amplio, seguro y bien ubicado en Salamanca, este departamento en primer piso es para ti. Perfecto para familias que desean comodidad, para personas mayores que prefieren evitar escaleras y también para quienes buscan una opción de inversión con gran potencial. *Área: Área total: 121. 39 m²Área techada: 108. 93 m²Área libre: 12. 46 m²*Características: 2 dormitorios (con opción a un 3ro). 2 baños completos. Sala – comedor amplia e iluminada. Cocina con reposteros bajos. Patio – terraza con lavadero y baño completo (ideal para parrilla, área social o ampliación). *Distribución flexible: Ingreso con dos accesos: uno al departamento principal y otro a un mini depa adjunto con dormitorio y baño completo. Posibilidad de integrar ambos espacios formando un tercer dormitorio, o mantenerlo independiente como oficina o mini depa de renta. Construcción sólida y de buena calidad, con remodelaciones recientes en instalaciones de agua y desagüe cableado eléctrico y pisos. *Ubicación: Pasaje cerrado con reja de seguridad. Frente al Parque Vilca. Conectividad rápida a calles y avenidas principales. Cerca de bancos, comercios y a 3 cuadras de la Parroquia Nuestra Señora de la Esperanza. Una propiedad versátil y bien ubicada: ideal para vivir con tranquilidad o invertir con visión de futuro. R. U. C Ver datos|https://www.adondevivir.com/propiedades/clasificado/veclapin-departamento-en-venta-1er-piso-en-salamanca-ate-147714051.html?n_src=Listado&n_pg=3&n_pos=20|2026-03-18
adondevivir|departamentos|venta|Lima Este|Ate Vitarte|"Calle 8 Lote 29 Manza A-11 Manza A-11
Ate Vitarte, Lima"|S/ 280,830 · USD 75,900|280830|75900|||"97 m² tot.
3 dorm.
2 baños"|97|3|2||Id: 3 6 3 5 0 venta de amplio departamento en ate - frente A parque - 3er piso Departamento especial para familias pequeñas, profesionales que trabajan desde casa, emprendedores e inversionistas ¿Qué lo hace tan especial? Este departamento 2 en 1 ofrece un gran potencial de renta y reventa. ¡Descubre cómo aprovechar al máximo sus características! Ambiente principal: Sala/Comedor Cocina Separada: Con opción de incluir la lavandería. Dormitorio Principal Dormitorio Secundario Baño Completo Segundo ambiente: este segundo ambiente es un área privada e independiente, ideal para negocio propio, consultorio, almacén o alquiler permanente/temporal (Airbnb). Este espacio privado ofrece grandes beneficios: Sala/Comedor Cocina Dormitorio Baño Completo Área Privada e Independiente: Ideal para negocio propio, consultorio o alquiler. Oportunidad de Negocio: Perfecto para incrementar ingresos familiares con el alquiler o emprendimiento. ¡Agenda una visita y empieza a pensar en tu futuro! 121% comprometidos en brindarte un servicio de excelencia.|https://www.adondevivir.com/propiedades/clasificado/veclapin-venta-de-amplio-departamento-en-ate-frente-a-parque-147503986.html?n_src=Listado&n_pills=%C3%81rea+de+lavander%C3%ADa&n_pg=3&n_pos=21|2026-03-18
adondevivir|departamentos|venta|Lima Este|Ate Vitarte|"Condominio Kampu De Sta.clara
Ate Vitarte, Lima"|S/ 244,400 · USD 65,000|244400|65000|||"102 m² tot.
3 dorm.
2 baños
1 estac."|102|3|2|1|Venta Departamento Dúplex con Cochera, 102 m², en Condominio Kampu Santa Clara. metrajes: * 102 m² Total* 69 m² Techada* 2 baños* 1 estacionamiento* 3 dormitorios* 12 antigüedadarea: - Área Terreno: 102. 00 m2. descripcion: - Vista exterior 5to y 6to piso- Habitaciones 3- Baños 2- Pisos laminados y porcelanato- Puertas Contra placadas- Ventanas y mamparas corredizas con cristal incoloro- No cuenta con closets- La cocina cuenta con reposteros altos y bajos- Intercomunicador en la cocina- Lavadero de acero inoxidable de dos pozas- Luminarias con soquetes y focos incandescentes- No cuenta con ascensor. distribucion duplex: 1er Nivel- Sala- comedor- Cocina- Baño completo- 03 Habitaciones2do Nivel- Sala de estar- Baño completo- Terraza amplia- Lavanderíaareas comunes: - Canchas deportivas multiusos- Área de juegos- Salones de uso comúnprecio Y condiciones: - En Venta $ 65, 000 incluido Cocherausos: - Viviendapanorama: - Cerca de Avenidas Principales, Carretera Central, Ramiro Prialé- Cerca de la Comisaria de Santa Clara, Centros escolares- Cerca Parroquia de Santa clara- Cerca de Supermercados, real palaza de Santa Clara, centros comerciales y bancarios (Interbank, Scotiabank, Bbva, bcp, etc. -Condominio kampu edificio A3 - 5to. Piso y 6to Piso en un edificio de seis niveles- Seguridad con puertas de ingreso con personal de SeguridadR. U. C Ver datos|https://www.adondevivir.com/propiedades/clasificado/veclapin-venta-de-duplex-en-condominio-kampu-de-sta.-clara-145512330.html?n_src=Listado&n_pills=%C3%81rea+de+lavander%C3%ADa&n_pg=3&n_pos=22|2026-03-18
adondevivir|departamentos|venta|Lima Este|Ate Vitarte|"Av. Alfonso Ugarte - Santa Clara
Ate Vitarte, Lima"|S/ 177,465 · USD 49,990|177465|49990|||"52 m² tot.
2 dorm.
1 baño"|52|2|||Santa Clara tiene el depa ideal para ti - 52. 40 m2 - $49 990 3er piso Vista Posteriorno cochera - no ascensorhaz realidad tu independencia o empieza una nueva etapa familiar en este cóodo departamentoIncluye: 2 habitaciones con excelente ventilación Y walking closed1 baño completoCocina con muebles altos y bajosPiso de porcelanato resistenteConexión a gas naturalMedidores independientesUbicación estratégica: Cerca de avenidas principales y colegios como Innova School Contáctame: César Ambrosio – 9-1-2- 9-0-7- 0-5-1 R. U. C Ver datos|https://www.adondevivir.com/propiedades/clasificado/veclapin-departamento-en-venta-santa-clara-piso-3-vista-148032370.html?n_src=Listado&n_pg=3&n_pos=23|2026-03-18
adondevivir|departamentos|venta|Lima Este|Ate Vitarte|"Calle B Mz D Lote 3
Alameda De Ate Etapa I, Ate Vitarte"|S/ 834,250 · USD 235,000|834250|235000|||"120 m² tot.
9 dorm.
8 baños
1 estac."|120|9|8|1|¿Buscas una propiedad lista para generar ingresos desde el primer día? Este edificio multifamiliar en Alameda de Ate I Etapa es ideal para inversionistas que buscan rentabilidad segura y sostenida. Características principales: - Área total: 394. 94 m² - Edificio de 4 pisos. - 1 departamento completo de 120 m² con cochera. - 6 minidepartamentos funcionales para alquiler. - 9 dormitorios en total y 8 baños. - Áreas de lavandería y kitchenet en las unidades. Ubicación estratégica: - A pocos minutos de vías principales. - Cerca de colegios, parques y comercios. - Zona consolidada y con alta demanda de alquiler. Precio de venta: us$ 235, 000. Contáctanos hoy y asegura tu próxima inversión en Ate.|https://www.adondevivir.com/propiedades/clasificado/veclapin-oportunidad-unica-de-inversion-en-ate-edificio-147787210.html?n_src=Listado&n_pills=Cerca+a+colegios&n_pg=3&n_pos=24|2026-03-18
adondevivir|departamentos|venta|Lima Este|Ate Vitarte|"LAS Savilas AL 200- Salamanca - ATE Frente A Parque
Salamanca De Monterrico, Ate Vitarte"|S/ 349,000 · USD 105,000|349000|105000||180|"78 m² tot.
2 dorm.
1 baño"|78|2|||Se Vende departamento frente a parque en Salamanca de Monterrico. El Departamento se encuentra en el 2do piso. Cerca a Restaurantes, Tiendas, Grifos, Supermercados, etc. características: -Mantenimiento: Aprox S/. 180-Metraje: 78. 92 m2-Piso: 2do piso - sin ascensor-Vista Exterior-Frente a parque distribución: -Sala - Comedor iluminada con vista externa. -Cocina cerrada con barra de granito, muebles altos y bajos, remodalada al 100%. -1 Dormitorio Principal con closet amplios de melamine. -1 Dormitorio Secundario con closet. -1 baño completo que comparten los dormitorios. -LavanderíaPrecio de venta: $ 115, 000tc: Referencial|https://www.adondevivir.com/propiedades/clasificado/veclapin-departamento-en-venta-2-dorm.-frente-a-parque-en-148535654.html?n_src=Listado&n_pills=%C3%81rea+de+lavander%C3%ADa&n_pg=3&n_pos=25|2026-03-18
adondevivir|departamentos|venta|Lima Este|Ate Vitarte|"Calle las Calendarias Mh Lt. 1 1
Santa Elvira, Ate Vitarte"|S/ 199,675 · USD 57,050|199675|57050|||"57 m² tot.
2 dorm.
2 baños"|57|2|2||Santa Elvira – AteEntrega inmediata – No paga alcabalaDepartamentos ubicados en Urb. Santa Elvira, una zona residencial tranquila con excelente conectividad. Unidades funcionales con sala–comedor, cocina equipada, 2 baños, vista interna y ascensor. No cuenta con estacionamientos. unidades disponiblessan antonio 2(Solo 2 dormitorios) Áreas desde 55. 83 m² hasta 66. 93 m²Precios desde usd 55, 830 hasta usd 66, 930Piso 5 – 2 dormitoriosÁrea: 57. 05 m²Precio: usd 57, 050Piso 6 – 2 dormitoriosÁrea: 56. 24 m²Precio: usd 56, 240Piso 7 – 2 dormitoriosÁrea: 66. 93 m²Precio: usd 66, 930Piso 8 – 2 dormitoriosÁrea: 55. 83 m²Precio: usd 55, 830Código interno: pe-rr-19-F2asan antonio 3(1, 2 y 3 dormitorios) Áreas desde 43. 39 m² hasta 77. 14 m²Precios desde usd 43, 390 hasta usd 77, 1401 dormitorioPiso 10Área: 43. 39 m²Precio: usd 43, 3902 dormitoriosPiso 9Área: 55. 27 m²Precio: usd 55, 270Piso 10Área: 55. 27 m²Precio: usd 55, 270Piso 10Área: 65. 77 m²Precio: usd 65, 770Piso 10 (segunda unidad) Área: 55. 27 m²Precio: usd 55, 2703 dormitoriosPiso 10Área: 77. 14 m²Precio: usd 77, 140Código interno: pe-rr-19-F3bcódigo base: pe-rr-19|https://www.adondevivir.com/propiedades/clasificado/veclapin-departamento-santa-elvira-148293212.html?n_src=Listado&n_pills=%C3%81rea+de+lavander%C3%ADa&n_pg=3&n_pos=26|2026-03-18
adondevivir|departamentos|venta|Lima Este|Ate Vitarte|"Prolongación Javier Prado al 7317
Mayorazgo 1etpa, Ate Vitarte"|S/ 385,000 · USD 110,000|385000|110000|||"92 m² tot.
3 dorm.
2 baños"|92|3|2||Se vende departamento en Mayorazgo, Ate. Ubicado en plena Avenida Javier Prado, cdra. 73. Departamento en 3er piso con vista exterior, en un edificio de solo 4 pisos (un departamento por piso), que garantiza total tranquilidad. Presenta finos acabados en madera caoba. · Area total: 92. 83 m2· Piso: 3ro· 3 habitaciones· 2 baños completos· Sala-comedor amplia e iluminada· Cocina cerrada con reposteros de caoba y tableros de granito· Area de lavandería independiente· Doble puerta de ingreso· Cochera opcional· Zona bien conectada y segura· Se aceptan mascotasPrecio del departamento: usd 110, 000. Precio de la cochera opcional: usd 15, 000. Ideal para quienes buscan comodidad y funcionalidad. La zona es tranquila, con excelente conexión a toda Lima, rodeada de parques, en límite con La Molina, y cerca de colegios, iglesias y la Pre de la Universidad de Lima. Agenda tu visita hoy mismo. 9. 2. 6. 3. 1. 5. 9. 1. 4|https://www.adondevivir.com/propiedades/clasificado/veclapin-departamento-en-mayorazgo-1etpa-148783185.html?n_src=Listado&n_pills=%C3%81rea+de+lavander%C3%ADa&n_pg=3&n_pos=27|2026-03-18
adondevivir|departamentos|venta|Lima Este|Ate Vitarte|"Av. Alfonso Ugarte - Santa Clara
Ate Vitarte, Lima"|S/ 183,144 · USD 51,590|183144|51590|||"51 m² tot.
2 dorm.
1 baño"|51|2|||¡Vive en Santa Clara desde $51, 590! Piso 3 - vista A calledepartamento de 51. 23 m² listo para mudarte. Ideal para jóvenes profesionales o familias que buscan un espacio funcional y bien ubicado. no cochera - no ascensor Distribución y acabados: 2 dormitorios bien iluminados 1 baño completo Cocina equipada con muebles altos y bajos Piso de porcelanato moderno Medidores independientes de agua y luz Conexión a gas natural Cerca de todo: Zona céntrica y de fácil acceso A pocas cuadras del colegio Innova School Agenda tu visita hoy: César Ambrosio 9. 1. 2. 9. 0. 7. 0. 5. 1. R. U. C Ver datos|https://www.adondevivir.com/propiedades/clasificado/veclapin-venta-de-departamento-santa-clara-piso-3-vista-calle-148040359.html?n_src=Listado&n_pg=3&n_pos=28|2026-03-18
adondevivir|departamentos|venta|Lima Este|Ate Vitarte|"Condominio Villa Santa Clara
Santa Clara, Ate Vitarte"|S/ 195,000 · USD 58,035|195000|58035|||"65 m² tot.
3 dorm.
2 baños"|65|3|2||"Venta de departamento – condominio villa santa clara | ateexcelente oportunidad de adquirir un departamento moderno y funcional en el Condominio Villa Santa Clara, una de las zonas residenciales con mayor crecimiento y demanda en Santa Clara – Ate. Ideal para vivienda familiar o inversión. Área total: 65. 87 m²Piso: 7. º piso con ascensorCochera: No incluyeDistribución del inmueble: Sala–comedor amplia, con muy buena iluminación natural y ventilaciónBalcón con vista abiertaCocina funcional con muebles altos y bajos y conexión a gas naturalDormitorio principal con baño incorporadoDos dormitorios adicionalesBaño de visitasEl departamento se encuentra en excelentes condiciones, listo para ser habitado de inmediato. Áreas comunes del condominio: Seguridad las 24 horasSalón de eventosCancha deportivaJuegos infantilesZona de parrillasMinimarketÁreas verdesMantenimiento mensual aproximado: S/ 120Ubicación estratégica, con fácil acceso a transporte público, cerca de colegios, supermercados y diversos comercios, y a solo 5 minutos del Real Plaza Santa Clara. R. U. C Ver datos"|https://www.adondevivir.com/propiedades/clasificado/veclapin-se-vende-bonito-departamento-en-ate-santa-clara-149120907.html?n_src=Listado&n_pills=Seguridad&n_pg=3&n_pos=29|2026-03-18
adondevivir|departamentos|venta|Lima Este|Ate Vitarte|"Ceres
Ate Vitarte, Lima"|S/ 266,250 · USD 75,000|266250|75000|||"62 m² tot.
2 dorm.
1 baño"|62|2|||Departamento en Venta – Ceres, AteSe ofrece acogedor departamento de 62 m², ubicado en primer piso, ideal para familias pequeñas o parejas que buscan comodidad y fácil acceso. El inmueble cuenta con: 2 habitaciones bien iluminadas1 baño completoSala comedor amplia y funcionalCocina independiente con buena ventilaciónUbicado en la zona de Ceres, distrito de Ate, con cercanía a avenidas principales, comercios, colegios y transporte público. Perfecto para quienes buscan una ubicación estratégica y tranquilidad a la vez. ¡Oportunidad única de vivir en una zona con proyección y buena conectividad! R. U. C Ver datos|https://www.adondevivir.com/propiedades/clasificado/veclapin-oportunidad!-vendo-departamento-en-ceres-ate-147075577.html?n_src=Listado&n_pg=3&n_pos=30|2026-03-18
adondevivir|departamentos|venta|Lima Este|Ate Vitarte|"Av. Marco Puente Llanos
Ate Vitarte, Lima"|S/ 175,000|175000||||"54 m² tot.
2 dorm.
1 baño"|54|2|||Venta de departamentos remodelados en av. Marco puente llanos, A 05 minutos del real plaza puruchuco - ate! Detalles de modelos: flat de 2 dormitorios: - Área: 54. 79 m2- Ubicado en 3er piso- Vista interna- Sala comedor - Cocina- 2 dormitorios- 1 baño precio: $48, 000bn-02A flat de 2 dormitorios: - Área: 54. 79 m2- Ubicado en 4to piso- Sala comedor - Cocina- 2 dormitorios- 1 baño precio: $50, 000bn-02C - Antigüedad: 10 años -? Remodelados hace 04 años-? Cuenta con Gas Cálida-? Intercomunicador en departamento -? Área comunes: Lavaderos y tendederos para cada departamento y espacio libre para realizar reuniones -? No cuenta con cochera -? No ascensorbn - 02|https://www.adondevivir.com/propiedades/clasificado/veclapin-departamento-en-ate-vitarte-147617916.html?n_src=Listado&n_pg=4&n_pos=1|2026-03-18
adondevivir|departamentos|venta|Lima Este|Ate Vitarte|"Av. Nicolás Ayllón al 7500
Ate Vitarte, Lima"|S/ 218,860 · USD 62,000|218860|62000|||"66 m² tot.
3 dorm.
2 baños
1 estac."|66|3|2|1|Contacto: raul narcisocel: 9*6*7*7*2*9*5*6*4- Venta departamento y estacionamiento en ocasion! - En Condominio Villa Santa Clara, en plena Carretera Central y frente a paradero Huachipa- Ubicación perfecta, acceso directo a Carretera Central y autopista Ramiro Priale- A solo 10 minutos de Centro Comercial Plaza Vitarte y 15 de Ceres Medio- Espacios amplios, iluminados y bien distribuidos- Ideal para familias jovenes con aspiración a la vivienda propiacontactame hoy mismo Y aprovecha esta super oportunidad! contacto: raul narcisocel: 9*6*7*7*2*9*5*6*4id: 1*1*4*5*5*7*8|https://www.adondevivir.com/propiedades/clasificado/veclapin-departamento-en-ate-vitarte-146877690.html?n_src=Listado&n_pg=4&n_pos=2|2026-03-18
adondevivir|departamentos|venta|Lima Este|Ate Vitarte|"Puquinas al 100
Salamanca De Monterrico, Ate Vitarte"|S/ 340,000 · USD 99,000|340000|99000||120|"70 m² tot.
3 dorm.
2 baños"|70|3|2||Departamento de estreno en salamanca – listo para entrega inmediata - te regalamos los muebles empotrados! Se vende moderno departamento ubicado en la urbanización Salamanca, a la altura de la cuadra 12 de Av. Los Quechuas, en zona residencial estratégica con fácil acceso a transporte público y rápida conexión a la Vía de Evitamiento. Ubicación ideal para quienes buscan conectividad, tranquilidad y cercanía a colegios, cafeterías, restaurantes y comercio local. El departamento se encuentra en 4to piso con escaleras descansadas, vista externa y excelente iluminación natural. Edificio tranquilo de solo 8 departamentos. *Características principales: - 3 dormitorios- Dormitorio principal con baño completo- 1 baño completo compartido- Cocina estilo americana- Área de lavandería- Ventana tipo balcón- Punto de conexión a gas Cálidda- Pisos y paredes de baños en Porcelanato, ideal para mascotas y durabilidad, - Luminaria moderna. - Rapi duchas de regalo instaladas en ambos baños. - Lavandería*Aspectos legales y ventajas competitivas: Departamento independizadoLibre de hipotecaConstruido por persona natural (paga alcabala) Documentación en reglaEntrega inmediata*te regalamos lo muebles empotrados! - El precio incluye closets en melamina para los tres dormitorios, con cajonera, colgador y espacio de almacenamiento. - El precio incluye tablero de cuarzo y muebles empotrados en cocina de almacenamiento, nuevos y recién instalados. *También disponible sólo 1 departamento en 2do piso a s/. 395, 000 soles ( con 1 Baño de visitas además de los 2 completos + Área de lavandería independiente y abierta). *3er y 4to piso con opción de compra sin los muebles empotrados (se realizará un descuento) Precio negociable. Tipo de cambio referencial. Visitas previa coordinación.|https://www.adondevivir.com/propiedades/clasificado/veclapin-venta-dpto-salamanca-de-monterrico-4to-piso-3-dorm-149112838.html?n_src=Listado&n_pills=%C3%81rea+de+lavander%C3%ADa&n_pg=4&n_pos=3|2026-03-18
adondevivir|departamentos|venta|Lima Este|Ate Vitarte|"Ceres
Ate Vitarte, Lima"|S/ 273,750 · USD 75,000|273750|75000|||"62 m² tot.
2 dorm.
1 baño"|62|2|||Departamento en Venta – Ceres, AteSe ofrece acogedor departamento de 62 m², ubicado en primer piso, ideal para familias pequeñas o parejas que buscan comodidad y fácil acceso. El inmueble cuenta con: 2 habitaciones bien iluminadas1 baño completoSala comedor amplia y funcionalCocina independiente con buena ventilaciónUbicado en la zona de Ceres, distrito de Ate, con cercanía a avenidas principales, comercios, colegios y transporte público. Perfecto para quienes buscan una ubicación estratégica y tranquilidad a la vez. ¡Oportunidad única de vivir en una zona con proyección y buena conectividad! R. U. C Ver datos|https://www.adondevivir.com/propiedades/clasificado/veclapin-oportunidad!-vendo-departamento-en-ceres-ate-146555905.html?n_src=Listado&n_pg=4&n_pos=4|2026-03-18
adondevivir|departamentos|venta|Lima Este|Ate Vitarte|"Pasaje Los Alpes Urb. Alpamayo
Ate Vitarte, Lima"|S/ 330,660 · USD 99,000|330660|99000|||"75 m² tot.
2 dorm.
2 baños"|75|2|2||¡Vive con comodidad, seguridad y excelente ubicación en una de las mejores urbanizaciones de Ate! Se vende hermoso flat de 75 m², ubicado en el 5to piso, ideal para quienes buscan independencia, confort y calidad de vida **Características Principales: * 2 amplios dormitorios, cada uno con baño incorporado * El dormitorio principal cuenta con bañera, perfecta para relajarte después de un largo día. * Moderna cocina estilo americano, integrada a la sala comedor, ideal para compartir en familia o con amigos. * Medio baño de visitas. * Muebles altos y bajos con elegantes encimeras de granito, que brindan durabilidad y un acabado sofisticado. ** Vivir en una urbanización de Ate te ofrece: - Tranquilidad y orden. - Calles amplias y entorno residencial. - Cercanía a parques, colegios, supermercados y principales vías de acceso - Excelente proyección y crecimiento de la zona Ideal para vivir o invertir. Anímate a vivir en este bello flat, agenda tu visita ya! ** Así mismo contamos con otros Departamentos Flat **- Área: 45m²- 2 Dormitorios (Principal con baño y closet incluido) - Cocina Americana, muebles altos y encimeras de granito. - Medio baño. - Ubicados en el 5to piso. Consultar con el Agente Inmobiliario encargado para mayor información Ver datos.|https://www.adondevivir.com/propiedades/clasificado/veclapin-hermoso-departamento-flat-en-venta-en-urb-de-ate-149028073.html?n_src=Listado&n_pg=4&n_pos=5|2026-03-18
adondevivir|departamentos|venta|Lima Este|Ate Vitarte|"Av. Javier Prado Este al 8100
Mayorazgo, Ate Vitarte"|S/ 442,470 · USD 129,000|442470|129000|||"78 m² tot.
3 dorm.
2 baños
1 estac."|78|3|2|1|** ¡venta de departamento en urbanización mayorazgo! **- Área: 78. 35 m²** Mantenimiento: 300 soles aprox * Excelente ubicación: - Cerca de parques- A pocos minutos de Av. Javier Prado Este, Prolongación Javier Prado y Av. Separadora Industrial- Colegios cercanos- Restaurantes y comercios- Centro Comercial Plaza Josfel- Estación del Mercado Santa Anita- Cercanía al C. C Real Plaza Puruchuco* Características del departamento: - Piso 5- 3 dormitorios- 2 baños completos- 1 cochera- Depósito- Estacionamiento para bicicleta- Área común en el 1er piso* Beneficios de vivir en Mayorazgo: - Seguridad y tranquilidad- Ambiente familiar- Áreas comunes y espacios recreativos- Excelente plusvalía- Orden y limpieza- Infraestructura moderna ¡Agenda tu visita hoy mismo y conoce tu próximo hogar! Consultar con el Agente Inmobiliario encargado para mayor información Ver datos.|https://www.adondevivir.com/propiedades/clasificado/veclapin-venta-de-departamento-en-urb.-mayorazgo-cochera-149260523.html?n_src=Listado&n_pg=4&n_pos=6|2026-03-18
adondevivir|departamentos|venta|Lima Este|Ate Vitarte|"Ceres
Ate Vitarte, Lima"|S/ 273,750 · USD 75,000|273750|75000|||"62 m² tot.
2 dorm.
1 baño"|62|2|||Departamento en Venta – Ceres, AteSe ofrece acogedor departamento de 62 m², ubicado en primer piso, ideal para familias pequeñas o parejas que buscan comodidad y fácil acceso. El inmueble cuenta con: 2 habitaciones bien iluminadas1 baño completoSala comedor amplia y funcionalCocina independiente con buena ventilaciónUbicado en la zona de Ceres, distrito de Ate, con cercanía a avenidas principales, comercios, colegios y transporte público. Perfecto para quienes buscan una ubicación estratégica y tranquilidad a la vez. ¡Oportunidad única de vivir en una zona con proyección y buena conectividad! R. U. C Ver datos|https://www.adondevivir.com/propiedades/clasificado/veclapin-oportunidad!-vendo-departamento-en-ceres-ate-146556110.html?n_src=Listado&n_pg=4&n_pos=7|2026-03-18
adondevivir|departamentos|venta|Lima Este|Ate Vitarte|"Calle Hungría 144
Ate Vitarte, Lima"|S/ 329,280 · USD 98,000|329280|98000|||"110 m² tot.
3 dorm.
2 baños
1 estac."|110|3|2|1|Departamento bien ubicado, iluminado y con una ventilación excepcional gracias a sus tres tragaluces. A pasos de Real Plaza Puruchuco, centros bancarios, tiendas importadoras, mercado y posta Micaela: todo lo que necesitas, realmente cerca. La propiedad está muy bien conservada, con mantenimiento reciente, luz independiente, gas instalado y agua compartida solo entre cuatro pisos. *Contáctate con Milagros Mayaute 9. 0. 2. 8. 3. 5. 5. 0. 1* - Área de 110 M² - 2do Piso. - 03 Dormitorios. - 02 Baños. - 1/2 Baño. Precio: us$ 98, 000. 00. Cochera: us$ 12, 000. 00. ¡Todo lo que necesitas para vivir de la mejor manera! No pierdas la oportunidad. Contáctanos ahora para más información y agendar una visita. *Contáctate con Milagros Mayaute 9. 0. 2. 8. 3. 5. 5. 0. 1*|https://www.adondevivir.com/propiedades/clasificado/veclapin-vendo-departamento-de-110-m-sup2--en-ate-148420020.html?n_src=Listado&n_pills=%C3%81rea+de+lavander%C3%ADa&n_pg=4&n_pos=8|2026-03-18
adondevivir|departamentos|venta|Lima Este|Ate Vitarte|"Calle Valladolid al 200
Ate Vitarte, Lima"|S/ 654,900 · USD 185,000|654900|185000|||"122 m² tot.
3 dorm.
3 baños"|122|3|3||¡Oportunidad única en un entorno privilegiado! Este encantador departamento de Lujo 122 m2Ubicación: Situado a la espalda de la Pre de la Universidad de LimaCon fácil acceso a vías principales Av. Huarochirí, Constructores, Av. Javier Prado Este, fácil acceso a La Molina, Surco, San Borja. Rápido acceso a transporte público, tiendas, colegios, universidades, institutos, a pocos minutos del centro comercial Parque La Molina, centro comercial Jockey Plaza y Real Plaza Puruchuco, esta vivienda te brinda comodidad y convenienciaSu distribución perfecta comprende una habitación principal con clóset, dos habitaciones secundarias con clóset, sala, comedor, dos baños, cocina y lavandería. Los acabados de alta calidad destacan en cada rincón. Vive con estilo y comodidad en este hogar exclusivo que incluye una terraza con zona de parrilla en el último piso. Modernos departamentos, edificio de 7 pisos, 02 departamentos por piso, con vista panorámica, iluminados, con finos acabados, luminaria completa, ascensor marca Schindler, techos altos 2. 70m, todos los departamentos cuentan con pisos laminados vinílico de marca Karhs (Alemania) en la sala comedor y dormitorios; en los baños, cocina y lavandería pisos de porcelanato, tableros de granito en cocina y tableros de mármol en baños, lavandería con tendal aéreo, vidrios templados, ascensor para discapacitados en el ingreso y ascensor hidráulico para autosDetalles del departamento: Área Ocupada: 122 m2Área Construida: 122 m2Habitaciones: 3 (1 principal, 2 secundarias) Baños: 3Gas CaliddaAscensorAscensor para discapacitadosEl departamento viene equipado con: Therma a Gas naturalCocina encimerahorno microondasHorno de convenciónRefrigeradoraCampana extractoraTendalPrecio de Estacionamiento $13, 000no paga alcabalaDepartamentos IndependizadosDocumentación en regla¡No pierdas la oportunidad de conocer tu próximo hogar! Contáctanos para agendar una visita y descubrir todas las maravillas que este lugar tiene para ofrecer. ¡Te esperamos! R. U. C Ver datos|https://www.adondevivir.com/propiedades/clasificado/veclapin-venta-de-exclusivos-departamentos-de-estreno-en-146951915.html?n_src=Listado&n_pills=%C3%81rea+de+lavander%C3%ADa&n_pg=4&n_pos=9|2026-03-18
adondevivir|departamentos|venta|Lima Este|Ate Vitarte|"Zeus 303
Ate Vitarte, Lima"|S/ 447,700 · USD 127,914|447700|127914|||"72 m² tot.
2 dorm.
2 baños
1 estac."|72|2|2|1|Proyecto Exclusivos departamentos flat en Ate Salamanca frente a parque zeus– Vive con comodidad y privacidad en AteDescubre zeus, un exclusivo proyecto multifamiliar ubicado en la Urbanización Olimpo en Ate, pensado para quienes buscan tranquilidad, buena ubicación y calidad de vida. Este moderno edificio de solo 6 pisos y 2 departamentos por nivel ofrece un ambiente más privado y exclusivo, ideal para familias o profesionales que desean vivir cerca de todo sin renunciar a la comodidad. Porque es un proyecto diferente? Departamentos funcionales y bien distribuidosEl proyecto cuenta con departamentos tipo flat desde 70 m² hasta 85 m², diseñados para aprovechar cada espacio con ambientes modernos y prácticos. Distribución: Sala – comedor con excelente iluminaciónCocina tipo kitchenetteLavandería2 o 3 dormitorios2 baños completosLos departamentos han sido diseñados con acabados de primera calidad, brindando un ambiente moderno y confortable para tu familia. Ubicación privilegiada frente a parqueUno de los grandes atractivos del proyecto es su ubicación frente a un amplio parque, lo que permite disfrutar de un entorno natural y mayor tranquilidad dentro de la ciudad. Además, vivirás rodeado de todo lo que necesitas: Colegios cercanosiep San Francisco de AsísLiceo René DescartesNuestra Señora de la Esperanza? Mercados y comercioMercado Santa RosaMercado Sarita Colonia Áreas verdes cercanasParque Zeus N°2Parque de los AnillosParque JunoParque SicuaniParque Los Álamos Restaurantes Centros de saludTodo esto convierte a zeus en una excelente opción para quienes buscan vivir conectados con la ciudad, pero rodeados de tranquilidad y naturaleza. Un edificio pensado para tu privacidadA diferencia de grandes condominios, zeus ofrece un concepto más exclusivo: Solo 2 departamentos por piso Edificio de 6 niveles Ambiente residencial tranquilo Excelente distribución interior Ideal para familias, profesionales o inversiónSu ubicación estratégica y su diseño funcional hacen de este proyecto una oportunidad perfecta para: vivienda familiarprofesionales que trabajan cercainversión inmobiliariaAgenda tu visita y conoce tu próximo hogar. T. C. 3. 50Tipo de cambio referencial, sujeto a variación diaria por fluctuación del mercado|https://www.adondevivir.com/propiedades/clasificado/veclapin-departamento-flat-en-salamanca-calle-zeus-ate-149255654.html?n_src=Listado&n_pills=%C3%81rea+de+lavander%C3%ADa&n_pg=4&n_pos=10|2026-03-18
adondevivir|departamentos|venta|Lima Este|Ate Vitarte|"Av. Nicolás Ayllón 7548, Lima 15491, Perú
Ate Vitarte, Lima"|S/ 200,000 · USD 59,701|200000|59701|||"65 m² tot.
3 dorm.
2 baños"|65|3|2||"Venta de departamento – condominio villa santa clara | ateexcelente oportunidad de adquirir un moderno y acogedor departamento en uno de los condominios más completos y mejor ubicados de Santa Clara – Ate, ideal para familias o como inversión. Área total: 65. 87 m² Ubicado en: 7. º piso con ascensor Cochera: No incluye Distribución: Amplia sala–comedor con excelente iluminación naturalBalcón con vista abierta, ideal para disfrutar de la ventilación y la luz naturalCocina funcional con muebles altos y bajos + conexión a gas naturalDormitorio principal con baño privadoDos dormitorios adicionalesBaño de visitasEl departamento se encuentra en perfecto estado de conservación, listo para mudarse de inmediato. Áreas comunes del condominio: Seguridad 24/7Salón de eventosCancha deportivaJuegos infantilesZona de parrillasMinimarketAmplias áreas verdes Mantenimiento aproximado: S/ 120 mensuales Ubicación privilegiada: Fácil acceso a transporte públicoCercano a colegios, supermercados y comerciosA solo 5 minutos del Real Plaza Santa Clara Agenda tu visita hoy mismo y conoce tu próximo hogar en una zona segura, moderna y de alta demanda. ¡Excelente oportunidad que no puedes dejar pasar! R. U. C Ver datos"|https://www.adondevivir.com/propiedades/clasificado/veclapin-se-vende-bonito-departamento-en-ate-santa-clara-148805594.html?n_src=Listado&n_pills=Seguridad&n_pg=4&n_pos=11|2026-03-18
adondevivir|departamentos|venta|Lima Este|Ate Vitarte|"Av Javier Prado Lote 18 Mayorazgo Ate 18
Mayorazgo, Ate Vitarte"|S/ 303,523 · USD 84,312|303523|84312|||"70 m² tot.
2 dorm.
2 baños"|70|2|2||Javier prado – ateentrega inmediataVive en un moderno edificio en Casuarinas 1, ubicado en una zona tranquila y segura de Mayorazgo – Ate, a pasos del Mall de Puruchuco y con una excelente conexión a toda la ciudad. Desde 43. 18 m² hasta 70. 26 m²Desde $51, 816 hasta $84, 3126 unidades disponiblesPisos disponibles: 4, 5, 6, 8 y 9Sin cochera / Sin gas CáliddaCon ascensor-modelo 1 – flat (menor metraje y precio) Área total: 43. 18 m²Precio: $51, 816Distribución: 2 dormitorios, 2 baños, sala–comedor, cocina con muebles altos y bajos, lavandería y vista interna. Piso disponible: 5Código interno: pe-rr-17-F2A-modelo 2 – flat (mayor metraje y precio) Área total: 70. 26 m²Precio: $84, 312Distribución: 2 dormitorios, 2 baños, sala–comedor, cocina equipada, lavandería y vista externa. Piso disponible: 8Código interno: pe-rr-17-F2B-Vive en Mayorazgo – Ate, con amplios espacios, seguridad y comodidad, cerca del Mall de Puruchuco y principales avenidas. Código base: pe-rr-17|https://www.adondevivir.com/propiedades/clasificado/veclapin-departamento-mayorazgo-148041425.html?n_src=Listado&n_pills=%C3%81rea+de+lavander%C3%ADa&n_pg=4&n_pos=12|2026-03-18
adondevivir|departamentos|venta|Lima Este|Ate Vitarte|"Calle las Calendarias Mh Lt. 1 1
Santa Elvira, Ate Vitarte"|S/ 269,900 · USD 77,140|269900|77140|||"77 m² tot.
3 dorm.
2 baños"|77|3|2||Santa Elvira – AteEntrega inmediata – No paga alcabalaDepartamentos ubicados en Urb. Santa Elvira, una zona residencial tranquila con excelente conectividad. Unidades funcionales con sala–comedor, cocina equipada, 2 baños, vista interna y ascensor. No cuenta con estacionamientos. unidades disponiblessan antonio 2(Solo 2 dormitorios) Áreas desde 55. 83 m² hasta 66. 93 m²Precios desde usd 55, 830 hasta usd 66, 930Piso 5 – 2 dormitoriosÁrea: 57. 05 m²Precio: usd 57, 050Piso 6 – 2 dormitoriosÁrea: 56. 24 m²Precio: usd 56, 240Piso 7 – 2 dormitoriosÁrea: 66. 93 m²Precio: usd 66, 930Piso 8 – 2 dormitoriosÁrea: 55. 83 m²Precio: usd 55, 830Código interno: pe-rr-19-F2asan antonio 3(1, 2 y 3 dormitorios) Áreas desde 43. 39 m² hasta 77. 14 m²Precios desde usd 43, 390 hasta usd 77, 1401 dormitorioPiso 10Área: 43. 39 m²Precio: usd 43, 3902 dormitoriosPiso 9Área: 55. 27 m²Precio: usd 55, 270Piso 10Área: 55. 27 m²Precio: usd 55, 270Piso 10Área: 65. 77 m²Precio: usd 65, 770Piso 10 (segunda unidad) Área: 55. 27 m²Precio: usd 55, 2703 dormitoriosPiso 10Área: 77. 14 m²Precio: usd 77, 140Código interno: pe-rr-19-F3bcódigo base: pe-rr-19|https://www.adondevivir.com/propiedades/clasificado/veclapin-departamento-santa-elvira-148293281.html?n_src=Listado&n_pills=%C3%81rea+de+lavander%C3%ADa&n_pg=4&n_pos=13|2026-03-18
adondevivir|departamentos|venta|Lima Este|Ate Vitarte|"Condomino Villa Santa Clara
Ate Vitarte, Lima"|S/ 230,000 · USD 62,162|230000|62162||85|"65 m² tot.
3 dorm.
2 baños
1 estac."|65|3|2|1|Tu nuevo hogar te espera en una zona tranquila, segura y con excelente ubicación! Este acogedor departamento de 65. 75 m², ubicado en el séptimo piso, ha sido remodelado completamente y está listo para mudarse. Ideal para familias que buscan comodidad, funcionalidad y áreas comunes para disfrutar al máximo. Características del departamento• 3 dormitorios amplios con excelente iluminación natural• Dormitorio principal con baño completo privado• Baño secundario para las otras dos habitaciones• Sala-comedor con balcón y vista a los jardines del condominio• Cocina funcional + lavandería anexa• Cochera incluida en el precio• Pet-friendly: ¡mascotas bienvenidas! • Edificio de 12 pisos (antigüedad: 13 años) Áreas comunes• Loza deportiva para practicar al aire libre• Zona de parrillas para reuniones con familia y amigos• Salón de usos múltiples para eventos• Juegos infantiles con grass sintético• Seguridad 24/7 y cámaras de vigilancia Ubicación estratégicaA minutos de Real Plaza Santa Clara, supermercados Plaza Vea y Metro, bancos, farmacias, universidades (utp, César Vallejo), colegios (Innova Schools) y más. ¡Todo a tu alcance! Precio totalS/ 230, 000 – incluye departamento + cocheraMantenimiento mensual: S/ 85(Cubre agua, vigilancia, limpieza y mantenimiento de áreas comunes y jardines) ¡Agenda tu visita hoy mismo! Contáctanos y conoce tu próximo hogar en Santa Clara. ¡No dejes pasar esta oportunidad! Es negociable T. C. 3. 50Tipo de cambio referencial, sujeto a variación diaria por fluctuación del mercado|https://www.adondevivir.com/propiedades/clasificado/veclapin-departamento-mas-cochera-en-santa-clara-s-230-000-148349879.html?n_src=Listado&n_pills=%C3%81rea+de+lavander%C3%ADa&n_pg=4&n_pos=14|2026-03-18
adondevivir|departamentos|venta|Lima Este|Ate Vitarte|"las Fresas al 200
Ceres, Ate Vitarte"|S/ 260,480 · USD 74,000|260480|74000|||"64 m² tot.
2 dorm.
1 baño"|64|2|||Contacto: maria arevalocel: 9*6*3*2*9*2*9*9*9¡Tu Nuevo Hogar en Zona Estratégica de Vitarte te Espera! Se vende amplio departamento de Estreno de 63. 7 m² en Urbanización Ceres de Vitarte, ubicado en Calle Las Fresas. Disfruta de la comodidad y la excelente ubicación, a unos pasos de la Av. Metropolitana y el Mercado Ceres de Vitarte. Características: - Espacioso: 63. 7 m² de área construida, ideal para familias. - Distribución ideal: 2 dormitorios, 1 baño completo, área de lavandería, cocina y sala. - Sexto piso: Acceso cómodo y seguro. - Acabados de calidad: Listo para mudarte. - Ubicación privilegiada: Cerca de todo lo que necesitas: comercios, transporte público, Chuletón y el Mercado Ceres de Vitarte. Ideal para: Familias que buscan comodidad, ubicación estratégica y un precio accesible. No pierdas la oportunidad de adquirir este departamento en una zona con alta plusvalía.. Precio negociable. ¡Para mayor información contáctame! contacto: maria arevalocel: 9*6*3*2*9*2*9*9*9id: 1*1*5*0*6*5*4|https://www.adondevivir.com/propiedades/clasificado/veclapin-venta-departamento-de-estreno-en-urb.-ceres-vitarte-147257727.html?n_src=Listado&n_pills=%C3%81rea+de+lavander%C3%ADa&n_pg=4&n_pos=15|2026-03-18
adondevivir|departamentos|venta|Lima Este|Ate Vitarte|"av san Martin 1320 santa clara
Santa Clara, Ate Vitarte"|S/ 234,864 · USD 69,900|234864|69900||104|"70 m² tot.
3 dorm.
2 baños
1 estac."|70|3|2|1|Departamento 70 M2 + cochera $73, 000– Condominio Paseo del Sol. 3er piso (sin ascensor) . Distribución: 3 dormitorios (1 con baño privado) Sala–comedor amplia e iluminada. Cocina cerrada. Área de lavandería. 1 baño completo compartido. Incluye cochera. Condominio Paseo del Sol. Vigilancia 24/7 y control de accesos. Áreas comunes: zona de juegos para niños y cancha de fútbol. Ubicación privilegiada: A solo 4 cuadras del Instituto sise. Cerca de colegios y mercado. Fácil acceso a la Av. Carretera Central. Precio de venta: us$ 73, 000|https://www.adondevivir.com/propiedades/clasificado/veclapin-departamento-cochera.-santa-clara-ate.-condominio-147658825.html?n_src=Listado&n_pills=%C3%81rea+de+lavander%C3%ADa&n_pg=4&n_pos=16|2026-03-18
adondevivir|departamentos|venta|Lima Este|Ate Vitarte|"Av. Alfonso Ugarte- Santa Clara Piso 5
Ate Vitarte, Lima"|S/ 204,000 · USD 60,000|204000|60000|||120 m² tot.|120||||¡Oportunidad de Inversión! Aires en Venta en 5to Piso – Santa Clara – $60, 000 ¿Buscas construir tu propio espacio o invertir en una zona estratégica? ¡Esta es tu oportunidad! Ubicación: Santa Clara – AteÁrea total: 120 m²Precio: $60, 000Zona urbanizada y de alto tránsitoCerca al colegio Innova Schools, mercados, transporte y avenidas principalesIdeal para construir un departamento, dúplex o para inversión inmobiliariaDocumentación en reglaAires totalmente independizadosUna excelente opción para familias que buscan construir su hogar o inversionistas que desean rentabilizar en una zona en crecimiento. Contáctame para más información o agendar una visitaCésar Ambrosio – 9-1-2 -9-0-7- 0-5-1R. U. C Ver datos|https://www.adondevivir.com/propiedades/clasificado/veclapin-aires-en-venta-en-5to-piso-santa-clara-$60-000-148032780.html?n_src=Listado&n_pg=4&n_pos=17|2026-03-18
adondevivir|departamentos|venta|Lima Este|Ate Vitarte|"Calle Lérida 2 26 3
Mayorazgo, Ate Vitarte"|S/ 561,600 · USD 156,000|561600|156000|||"130 m² tot.
3 dorm.
2 baños"|130|3|2||Mayorazgo – ate Entrega inmediata – No paga alcabalaImagina vivir en un amplio departamento de 130 m², diseñado para tu comodidad y la de tu familia, en una zona tranquila y bien ubicada cerca del Real Plaza Puruchuco. Área total: 130 m²Precio: $156, 000 (negociable) Pisos disponibles: 2, 3 y 4Distribución: 3 dormitorios amplios con clóset, habitación principal con baño, sala–comedor, cocina equipada, lavandería, cuarto y baño de servicio. Sin cochera /? Sin áreas comunesGas Cálidda /? AscensorCódigo interno: pe-rr-18-F3A-Vive con amplitud y confort en Mayorazgo – Ate, cerca de colegios, parques y centros comerciales. Código base: pe-rr-18|https://www.adondevivir.com/propiedades/clasificado/veclapin-departamento-mayorazgo-148041907.html?n_src=Listado&n_pills=Cuartos+de+servicio&n_pg=4&n_pos=18|2026-03-18
adondevivir|departamentos|venta|Lima Este|Ate Vitarte|"Prolongación las Puquinas Salamanca de Monterrico al 100
Salamanca De Monterrico, Ate Vitarte"|S/ 365,000 · USD 106,000|365000|106000||120|"71 m² tot.
3 dorm.
2 baños"|71|3|2||Departamento de estreno en salamanca – listo para entrega inmediata Se vende moderno departamento ubicado en la urbanización Salamanca, a la altura de la cuadra 12 de Av. Los Quechuas, en zona residencial estratégica con fácil acceso a transporte público y rápida conexión a la Vía de Evitamiento. Ubicación ideal para quienes buscan conectividad, tranquilidad y cercanía a colegios, cafeterías, restaurantes y comercio local. El departamento se encuentra en 3er piso con escaleras descansadas, vista externa y excelente iluminación natural. Edificio tranquilo de solo 10 departamentos. *Características principales: - 3 dormitorios- Dormitorio principal con baño completo- 1 baño completo compartido- Cocina estilo americana- Ventana tipo balcón- Punto de conexión a gas Cálidda- Pisos y paredes de baños en Porcelanato, ideal para mascotas y durabilidad, - Luminaria moderna. - Rapi duchas de regalo instaladas en ambos baños. - Clóset empotrados en melamina, incluye cajoneras, colgador y espacio de almacenamiento. - Tablero de cuarzo en cocina. - Muebles a medida de estreno en cocina. - Lavandería. *Aspectos legales y ventajas competitivas: Departamento independizadoLibre de hipotecaConstruido por persona natural (paga alcabala) Documentación en reglaEntrega inmediata*También disponible sólo 1 departamento en 2do piso a s/. 395, 000 soles ( con 1 Baño de visitas además de los 2 completos + Área de lavandería independiente y abierta) *3er y 4to piso con opción de compra sin los muebles empotrados (se realizará un descuento) Precio negociable. Tipo de cambio referencial. Visitas previa coordinación.|https://www.adondevivir.com/propiedades/clasificado/veclapin-vta-dpto-salamanca-de-monterrico-3-dorm-149112807.html?n_src=Listado&n_pills=%C3%81rea+de+lavander%C3%ADa&n_pg=4&n_pos=19|2026-03-18
adondevivir|departamentos|venta|Lima Este|Ate Vitarte|"Rio Marañon, Ate 15498, Perú
Ate Vitarte, Lima"|S/ 217,980 · USD 63,000|217980|63000|||"58 m² tot.
2 dorm.
1 baño"|58|2|||Contacto: Doris Gueverateléfono: 9*6*6*6*5*6*5*9*9venta dpto en los angeles de vitarte - atedisfruta de la comodidad, seguridad y una ubicación estratégica de un departamento tipo flat 57. 96 m², ubicado en el 2do piso, ideal para quienes deseen calidad de vida. Características: • Área: 57. 96 m²• 2 dormitorios (principal con baño y clóset incluido) • Cocina americana con muebles altos y encimeras• 1 bañoMuy cerca de las principales vías de acceso como a la Av. Metropolitana, Av. Los Ángeles, Mercado Mayorista, Mercado Productores, C. C Puruchuco, Josfel, parques, colegios, supermercados. ¡No dejes pasar esta oportunidad! Agenda tu visita hoy mismo y descubre tu próximo hogarTambién contamos con otros departamentos flat disponibles: 2do Piso: • Área: 75. 12 m²• 3 amplios dormitorios• Dormitorio principal con baño. • Cocina estilo americano, integrada con el comedor, sala con vista a calle, iluminación y ventilación natural. • Área de lavandería y tendal. 3er Piso• Área: 75. 12 m²• 3 amplios dormitorios, • Dormitorio principal con baño. • Cocina estilo americano, integrada con el comedor, sala con vista a calle, iluminación y ventilación natural. • Área de lavandería y tendal. 5to Piso• Área: 57. 96 m²• 2 dormitorios (principal con baño y clóset incluido) • Cocina americana con muebles altos y encimeras de granito• Medio baño¡Opciones para cada necesidad! Escríbeme y te ayudo a encontrar el departamento ideal para ti. contacto: Doris Gueverateléfono: 9*6*6*6*5*6*5*9*9id: 1*1*7*4*4*8*9|https://www.adondevivir.com/propiedades/clasificado/veclapin-departamento-en-ate-vitarte-149207747.html?n_src=Listado&n_pills=%C3%81rea+de+lavander%C3%ADa&n_pg=4&n_pos=20|2026-03-18
adondevivir|departamentos|venta|Lima Este|Ate Vitarte|"Calle Gibson 116 - A 2 Paralelas DEL Paradero Javier Prado
Salamanca De Monterrico, Ate Vitarte"|S/ 207,000 · USD 62,000|207000|62000||80|"55 m² tot.
1 dorm.
1 baño"|55|1|||Departamento en venta en Salamanca de Monterrico, Lima. Con disponibilidad inmediata y papeles en regla. Ubicado en una zona residencial, este departamento interno de 55 m2 ofrece una distribución práctica con 5 ambientes, incluyendo cocina americana y comedor diario. Cuenta con 1 dormitorio con armarios empotrados y 1 baño completo. El departamento no cuenta con cocheraIdeal para personas que buscan comodidad y funcionalidad, el inmueble cuenta con servicios básicos como electricidad, agua potable, y alumbrado público. Sin estacionamiento, pero bien comunicado con transporte público. Con 20 años de antigüedad, este departamento es apto para crédito y representa una excelente oportunidad de inversión con bajos gastos de mantenimiento de solo S/80 mensuales. Se encuentra cerca de colegios como Saco Oliveros, Trilce, Pamer, Univ. De Lima, Jockey Plaza, Av. Evitamiento, Av. Javier Prado, Panamericana Sur.|https://www.adondevivir.com/propiedades/clasificado/veclapin-vendo-dpto-de-1-dorm-55-m-sup2--en-salamanca-149128245.html?n_src=Listado&n_pills=%C3%81rea+de+lavander%C3%ADa&n_pg=4&n_pos=21|2026-03-18
adondevivir|departamentos|venta|Lima Este|Ate Vitarte|"calle guipuzcoa s-40
Mayorazgo, Ate Vitarte"|S/ 384,400 · USD 108|384400|108||100|"75 m² tot.
3 dorm.
2 baños
1 estac."|75|3|2|1|Vendo departamento de estreno en ate vitarte con cochera ideal para ti que buscas un lugar espacioso y tranquilo, este departamento esta diseñado para para disfrutar cada rincon, se ubica en la urbanizacion mayorazgo 1er etapa, con facil acceso a todo, javier prado, av separadora industrial, a 3 minutos de la av la molina. Area total 75m2. 3er piso. sala- comedor. cocina cerrada con muebles altos y bajos. 3 habitaciones con closet. 3 baños compleos. vista interna. gas natural. muy iluminada y ventilada. lavanderia. tendal en la azotea. cochera zotano. precio 108. 000 dolares. precio de l cochera 15. 000 dolares. mantenimiento 100 soles incluido agua. no dejes pasar esta oportunidad y agenda tu visita al Ver datos|https://www.adondevivir.com/propiedades/clasificado/veclapin-vendo-departamento-de-estreno-ate-75-m-sup2-147187391.html?n_src=Listado&n_pills=%C3%81rea+de+lavander%C3%ADa&n_pg=4&n_pos=22|2026-03-18
adondevivir|departamentos|venta|Lima Este|Ate Vitarte|"Av Javier Prado Lote 18 Mayorazgo Ate 18
Mayorazgo, Ate Vitarte"|S/ 186,537 · USD 51,816|186537|51816|||"43 m² tot.
2 dorm.
2 baños"|43|2|2||Javier prado – ateentrega inmediataVive en un moderno edificio en Casuarinas 1, ubicado en una zona tranquila y segura de Mayorazgo – Ate, a pasos del Mall de Puruchuco y con una excelente conexión a toda la ciudad. Desde 43. 18 m² hasta 70. 26 m²Desde $51, 816 hasta $84, 3126 unidades disponiblesPisos disponibles: 4, 5, 6, 8 y 9Sin cochera / Sin gas CáliddaCon ascensor-modelo 1 – flat (menor metraje y precio) Área total: 43. 18 m²Precio: $51, 816Distribución: 2 dormitorios, 2 baños, sala–comedor, cocina con muebles altos y bajos, lavandería y vista interna. Piso disponible: 5Código interno: pe-rr-17-F2A-modelo 2 – flat (mayor metraje y precio) Área total: 70. 26 m²Precio: $84, 312Distribución: 2 dormitorios, 2 baños, sala–comedor, cocina equipada, lavandería y vista externa. Piso disponible: 8Código interno: pe-rr-17-F2B-Vive en Mayorazgo – Ate, con amplios espacios, seguridad y comodidad, cerca del Mall de Puruchuco y principales avenidas. Código base: pe-rr-17|https://www.adondevivir.com/propiedades/clasificado/veclapin-departamento-mayorazgo-148041363.html?n_src=Listado&n_pills=%C3%81rea+de+lavander%C3%ADa&n_pg=4&n_pos=23|2026-03-18
adondevivir|departamentos|venta|Lima Este|Ate Vitarte|"Ajenjos al 100
Salamanca De Monterrico, Ate Vitarte"|S/ 569,500 · USD 170,000|569500|170000|||"160 m² tot.
3 dorm.
2 baños
2 estac."|160|3|2|2|¡oportunidad única! Departamento de Lujo en Salamanca, AteDescripción: Hermoso departamento de 160 m2 en el exclusivo distrito de Salamanca, Ate. Con lindos acabados y una distribución perfecta, este departamento cuenta con: - 2 habitaciones amplias y luminosas- 1 habitacion mediana- 2 baños completos con acabados de alta calidad- 1 baño de visita- 2 cocheras paralelas- Zona residencial tranquila y segura- Fácil acceso a avenidas principales y serviciosCaracterísticas: - Área: 160 m2- Habitaciones: 3- Baños: 3- Cocheras: 2- Piso 1- En excelente estadoUbicación: Salamanca, Ate, es un distrito en crecimiento con una excelente ubicación estratégica. Cerca de parques, centros comerciales y servicios, este departamento ofrece una calidad de vida excepcional. Interesado? Si deseas obtener más información o programar una visita, no dudes en contactarnos. Estamos aquí para ayudarte a encontrar tu hogar ideal. Precio: $170, 000R. U. C Ver datos|https://www.adondevivir.com/propiedades/clasificado/veclapin-se-vende-amplio-departamento-en-primer-piso-148138100.html?n_src=Listado&n_pg=4&n_pos=24|2026-03-18
adondevivir|departamentos|venta|Lima Este|Ate Vitarte|"Calle 8 Lote 29 MZ A-11 Manzana A-11
Ate Vitarte, Lima"|S/ 365,930 · USD 98,900|365930|98900|||"99 m² tot.
2 dorm.
3 baños
1 estac."|99|2|3|1|Id: 3 6 3 4 5 venta de departamento primer piso - ate Este departamento es ideal para familias emprendedoras que buscan comodidad y oportunidades con potencial comercial. Características Destacadas: Sala/Comedor Dormitorio Principal con baño privado Dormitorio Secundario Baño Completo Adicional para el dormitorio secundario y las visitas Cocina Cerrada con reposteros altos y bajos Área de Lavandería independiente Cochera Multiusos. Incluye un baño completo Beneficios Adicionales: Ubicación Estratégica: Situado en una zona de alta demanda y crecimiento, asegurando una excelente inversión a futuro. Ambiente Natural: Rodeado de áreas verdes y naturaleza, perfecto para disfrutar de un estilo de vida relajado y saludable. Futuro Comercial: La cochera multiusos ofrece un gran potencial para establecer tu propio negocio o generar ingresos adicionales a través del alquiler. Puede transformarse en un local comercial, oficina, almacén, taller o alquilarse como una habitación independiente, ya que cuenta con un baño completo ¡Ideal para emprendedores! Comodidades Cercanas: Próximo a colegios, supermercados y centros comerciales, facilitando la vida diaria de la familia. Versatilidad: La disposición de los espacios permite múltiples usos, adaptándose a las necesidades cambiantes de la familia y los emprendedores. ¡Agenda una visita y descubre todas las posibilidades que este departamento tiene para ofrecerte! 121% comprometidos en brindarte un servicio de excelencia.|https://www.adondevivir.com/propiedades/clasificado/veclapin-venta-de-departamento-primer-piso-ate-id:-3-6-3-4-5-147504218.html?n_src=Listado&n_pills=Parrilla&n_pg=4&n_pos=25|2026-03-18
adondevivir|departamentos|venta|Lima Este|Ate Vitarte|"CALLE BADAHOZ 105 ATE
Mayorazgo Etapa Iii, Ate Vitarte"|S/ 437,500 · USD 125,000|437500|125000||180|"95 m² tot.
3 dorm.
2 baños"|95|3|2||Se vende lindo departamento en mayorazgo. area 95 M2. antiguedad 9 años. dpto super iluminado. ubicado en 3 er piso, edificio de 5 pisos (1 dpto por pso) muy buena ubicacion cerca av huarochiri Y av separadora industrial, consta de: sala comedor con vista A la calle, cocina con reposteros altos Y bajos mesada en piedra granito, 3 dormitorios el principal con baño, todos los dormitorios tienen closet de pared A pared. 1 baño visita. lavanderia independiente. cuato Y baño de servicio. mantenimiento 180 soles (incluye agua del dpto, luz areas comunes Y limpieza) el edificio cuenta con cisterna Y bomba hidroneumatica|https://www.adondevivir.com/propiedades/clasificado/veclapin-vende-lindo-departamento-en-mayorazgo-ate-145349654.html?n_src=Listado&n_pills=Cerca+a+colegios&n_pg=4&n_pos=26|2026-03-18
adondevivir|departamentos|venta|Lima Este|Ate Vitarte|"Prol. Av. Javier Prado Este
Ate Vitarte, Lima"|S/ 350,000 · USD 105,000|350000|105000||170|"70 m² tot.
3 dorm.
2 baños"|70|3|2||¡se vende departamento en piso 17 – mayorazgo chico, ate! Ubicado en Av. Javier Prado Este cuadra 81, en un edificio moderno con solo 2 años de antigüedad. Vive en las alturas y disfruta de una vista privilegiada a la Huaca Puruchuco. Frente al estadio de la U. -Área aprox.: 70 m² -Piso 17 – vista despejada y full iluminación natural. -3 dormitorios. -2 baños completos (uno incorporado al dormitorio principal) -Sala – comedor amplia y cómoda. -Balcón con vista espectacular. -Cocina + lavandería funcional. -Seguridad 24/7, los 7 días de la semana. -Áreas comunes: -Recepción elegante. -Sala de usos múltiples. -Terraza ideal para reuniones. -Precio de venta: S/. 350, 000 o usd 105, 000. -Negociable. -Mantenimiento: S/. 170 (incluye agua) Contáctanos para más información o agendar una visita: Ver datos. Ver datos. Servicios e Inversiones arqmak S. A. C. Ruc: Ver datos. Ideal para vivir o invertir en una zona estratégica de Lima|https://www.adondevivir.com/propiedades/clasificado/veclapin-departamento-en-piso-17-mayorazgo-chico-ate-148932718.html?n_src=Listado&n_pills=Seguridad&n_pg=4&n_pos=27|2026-03-18
adondevivir|departamentos|venta|Lima Este|Ate Vitarte|"Avenida. Nicolas Ayllon numero Ate
La Estrella, Ate Vitarte"|S/ 235,000 · USD 70,000|235000|70000|||"66 m² tot.
3 dorm.
2 baños
1 estac."|66|3|2|1|"Excelente Oportunidad en Villa Santa Clara – Segunda Etapa | Torre 10 | 3er Piso. Precio: $78, 000 (negociable) – Incluye Estacionamiento. Descubre este cómodo y bien distribuido departamento ubicado en el reconocido condominio *Villa Santa Clara, en plena avenida principal. Situado en la **Torre 10, en un *tercer piso con ascensor y escaleras de emergencia, ofrece seguridad, accesibilidad y una excelente calidad de vida. * Características del departamento: * 3 dormitorios bien iluminados. * 2 baños completos. * Sala–comedor amplia y ventilada. * Balcón con agradable vista. * Cocina cerrada y privada, con *lavandería integrada. * Buena iluminación y ventilación natural. * Incluye cochera con estacionamiento asignado. Documentos en regla, propiedad lista para transferir de inmediato. Pertenece a Ate Vitarte. Se acepta propuestas y se puede llegar a un buen acuerdo. Una excelente oportunidad de inversión o vivienda en uno de los condominios más solicitados de la zona. ** *"|https://www.adondevivir.com/propiedades/clasificado/veclapin-venta-departamento-estacionamiento-ate-villa-148387036.html?n_src=Listado&n_pills=Parrilla&n_pg=4&n_pos=28|2026-03-18
adondevivir|departamentos|venta|Lima Este|Ate Vitarte|"Jr. Mariano Melgar 479
Ate Vitarte, Lima"|S/ 208,000 · USD 62,000|208000|62000||150|"61 m² tot.
3 dorm.
2 baños"|61|3|2||Referencia: A minutos del Real Plaza Santa Clara y cerca de la utp Santa Clara. Características del inmueble: • Área total y techada: 60. 87 m² • Piso: 2. • Antigüedad: 12 años. • Ascensor. • Sala – comedor. • Cocina independiente amoblada. • Lavandería. • 3 dormitorios.  – Dormitorio principal con baño incorporado.  – 2 dormitorios secundarios. • 2 baños completos (incluye baño de visita) • Balcón. • No cuenta con cochera. Áreas comunes del condominio: • Juegos para niños. • Áreas verdes. • Seguridad 24/7. Entorno: • Avenidas principales: Av. Santa Rosa y Av. Simón Bolívar. • Comercios cercanos: Real Plaza Santa Clara y utp Santa Clara. • Parque Kennedy – Ate en la zona. Condiciones de venta: • Precio: usd 62, 000 (negociable) • Mantenimiento: S/ 150. Entrega: Inmediata|https://www.adondevivir.com/propiedades/clasificado/veclapin-venta-de-departamento-en-santa-clara-ate-condominio-148443655.html?n_src=Listado&n_pills=%C3%81rea+de+lavander%C3%ADa&n_pg=4&n_pos=29|2026-03-18
adondevivir|departamentos|venta|Lima Este|Ate Vitarte|"Calle san martin
Santa Clara, Ate Vitarte"|S/ 179,999|179999|||3|"67 m² tot.
3 dorm.
2 baños"|67|3|2||Se vende departamento de 3 habitaciones con ascensor. Documentos listos para la venta, sin cargas ni gravámenes. Dpto recién remodelado de 67 m² en piso 6 con ascensor. Dentro de un seguro condominio que encuentras en Google Maps como Las Torres de Santa Clara ii. Vista externa y cuenta con 02 puntos de gas Cálidda. Esto te ayudará a ahorrar mensualmente en electricidad. 1 punto para la therma a gas. 1 punto para la cocina a gas. 03 dormitorios y 2 baños, uno de ellos dentro del dormitorio matrimonial. Capacidades de los dormitorios: Dormitorio principal: Cama Queen. Dormitorio secundario 1: Cama de 2 plazas + veladores. Dormitorio secundario 2: Cama de 1 ½ plaza + veladores. Cocina con tableros instalados, lista para que coloques a tu gusto la mueblería alta y baja. A lado de la cocina, área grande de lavandería con espacio para tu lavaseca. Mantenimiento del edificio: S/ 149 mensuales aprox. (incluye el consumo de agua). Luz independiente. Ubicación: a espaldas de Av. Nicolás Ayllón, a solo 5 minutos del Parque Huachipa. Precio de venta: S/ 180. 000 soles (precio fijo) Contacto. angélica pinto|https://www.adondevivir.com/propiedades/clasificado/veclapin-ap-se-vende-depa-en-santa-clara-con-ascensor-ocasion-148292388.html?n_src=Listado&n_pills=Cerca+a+colegios&n_pg=4&n_pos=30|2026-03-18
adondevivir|departamentos|venta|Lima Este|Ate Vitarte|"Avenida 28 de Julio 124
5 Estrellas De Santa Clara, Ate Vitarte"|S/ 180,000|180000|||150|"60 m² tot.
3 dorm.
2 baños"|60|3|2||Remato departamento jardines. Descripción: 3 dormtorios, 2 baños, Sala, Comedor. Cocina, Lavandería. Balcón, Piso 8 con asensor. 65 m2. telefono Ver datos|https://www.adondevivir.com/propiedades/clasificado/veclappa-remato-departamento-santa-clara-condominio-jardines-147980849.html?n_src=Listado&n_pills=%C3%81rea+de+lavander%C3%ADa&n_pg=5&n_pos=1|2026-03-18
adondevivir|departamentos|venta|Lima Este|Ate Vitarte|"Av. Ate
La Merced, Ate Vitarte"|S/ 324,500 · USD 87,000|324500|87000|||"105 m² tot.
3 dorm.
3 baños"|105|3|3||¡Bienvenido a tu nuevo hogar en Ate, a pasos de La Molina! Este encantador departamento en el tercer piso te ofrece una combinación perfecta de comodidad y ubicación privilegiada. Disfruta de las impresionantes vistas al Parque La Merced desde tu ventana. Paz y tranquilidad en medio de la ciudad. -Adéntrate en la amplia sala y comedor, diseñados para recibir a tus seres queridos y crear momentos inolvidables juntos. -La cocina cerrada, con muebles empotrados altos y bajos, es el sueño de todo chef aficionado. ¡Prepara tus platos favoritos con estilo y comodidad! -Descansa plácidamente en los tres dormitorios amplios, cada uno con su propio closet para mantener tus cosas organizadas. -Con un total de tres baños, olvídate de las esperas por la mañana y disfruta de la privacidad que te mereces. -Esta propiedad cuenta con 15 años de antigüedad y está lista para habitar, ¡sin necesidad de esperar! -Ubicado estratégicamente cerca del colegio La Merced y con acceso rápido a las principales avenidas, este departamento ofrece conveniencia y accesibilidad en cada esquina. No pierdas la oportunidad de vivir en este encantador hogar. ¡Contáctanos ahora y hazlo tuyo antes de que sea demasiado tarde!|https://www.adondevivir.com/propiedades/clasificado/veclapin-amplio-departamento-en-ate-a-pasos-de-la-molina-147695433.html?n_src=Listado&n_pills=%C3%81rea+de+lavander%C3%ADa&n_pg=5&n_pos=2|2026-03-18
adondevivir|departamentos|venta|Lima Este|Ate Vitarte|"Urb. Alpamayo, ate
Ate Vitarte, Lima"|S/ 418,000 · USD 110,000|418000|110000|||"100 m² tot.
3 dorm.
2 baños"|100|3|2||¡Descubre tu nuevo hogar en Ate, Lima! Presentamos un exclusivo departamento con un diseño moderno y espacios bien distribuidos que te encantarán: ? Área Construida: 100 m² de confort y estilo 3 Habitaciones: espacios acogedores para tu descanso 2 Baños completos: diseño contemporáneo para tu comodidad Sin Estacionamientos: pero con facilidad de parqueo en los alrededores Ubicado en la tranquila Urb. Alpamayo, este departamento de solo 2 años de antigüedad se sitúa en la Lt 10 Mz K, queda en esquina, frente a parque, ofreciendo un ambiente seguro y agradable para tu familia. ¡Una oportunidad imperdible para quienes buscan comodidad, seguridad y una excelente ubicación en Ate! No esperes más para conocer el lugar donde podrías crear nuevos y memorables momentos. Tu nuevo comienzo está aquí. ? Precio de Venta: $110, 000 negociable|https://www.adondevivir.com/propiedades/clasificado/veclapin-ocasion!-depa-en-venta-en-ate-2do-piso-100-m-sup2--147695642.html?n_src=Listado&n_pg=5&n_pos=3|2026-03-18
adondevivir|departamentos|venta|Lima Este|Ate Vitarte|"SALAMANCA DE MONTERRICO RECAUDADORES
Salamanca De Monterrico, Ate Vitarte"|S/ 599,000 · USD 166,900|599000|166900||100|"124 m² tot.
4 dorm.
3 baños"|124|4|3||Vendo de estreno bellísimo dúplex visto espectacular A toda la ciudad frente A parque 123. 57 M² amplia sala comedor balcón A la calle cocina con reposteros altos bajos tableros de granito, cocina equipada con campana horno Y cocina marca sole lavandería con gas cálida 4 amplios dormitorios con closet el principal con baño incorporado con ducha de hidromasajes un segundo baño completo A compartir por los dormitorios secundarios Y un tercer baño completo en el segundo piso del dúplex también cuenta con una terraza enorme zona de barbecue precio us$ 166, 900 negociables. citas inmediatas Ver datos mayor información Ver datos contacto. ubicación referencial|https://www.adondevivir.com/propiedades/clasificado/veclapin-ocasion-estreno-bellisimo-duplex-124-m-sup2--4-dorm.-3-145445492.html?n_src=Listado&n_pills=Parrilla&n_pg=5&n_pos=4|2026-03-18
adondevivir|departamentos|venta|Lima Este|Ate Vitarte|"Alt. DE Colegio Alpamayo - Alpamayo
Ate Vitarte, Lima"|S/ 304,200 · USD 90,000|304200|90000||60|"75 m² tot.
2 dorm.
2 baños"|75|2|2||¡Hermoso departamento ubicado en zona tranquila de Ate Vitarte! Se vende departamento con acabados de primera calidad, con muebles en melamina, además de pisos cerámicos en cocina y baños. Se encuentra distribuido en un área total de 75. 00 m2. Departamentos amplios e iluminados, cuentan con sala, comedor, cocina y área de lavandería. Ubicado en el 4to piso. Se encuentra a unos pasos de la Av. Javier Prado Este, Óvalo Huarochirí, Av. Huarochirí, Agentes Interbancarios, Av. Punta Sal, Minimarket Molina, Colegio Alpamayo, Boticas. Distribución: • Sala comedor• Cocina• 2 dormitorios• 2 baños• Estudio¡No dudes en visitarlo! * Las fotografías, precios y descripción de esta propiedad son referenciales. MapVer datos|https://www.adondevivir.com/propiedades/clasificado/veclapin-departamento-ate-vitarte-147636113.html?n_src=Listado&n_pills=%C3%81rea+de+lavander%C3%ADa&n_pg=5&n_pos=5|2026-03-18
adondevivir|departamentos|venta|Lima Este|Ate Vitarte|"Calle Artemisa
Ate Vitarte, Lima"|S/ 527,000 · USD 155,000|527000|155000||50|"100 m² tot.
3 dorm.
2 baños"|100|3|2||Se vende lindo departamento muy bien ubicado. área 100 m2. estreno 5 años. 10 m2 de azotea. se ubica en calle cerrada con vigilancia. edificio de 4 pisos más azotea. descripción: sala comedor amplia. cocina ampliar con reposteros altos Y bajos. bañi visita. dorm principal con baño. 2 dormitorios secundarios. lavandería. en la azotea tiene 10 mt de área. cuarto de servicio más azotea. mantenimiento 50 soles|https://www.adondevivir.com/propiedades/clasificado/veclapin-venta-lindo-y-amplio-departamento-olimpo-ate-149265082.html?n_src=Listado&n_pills=Guardian%C3%ADa%2FSeguridad+privada&n_pg=5&n_pos=6|2026-03-18
adondevivir|departamentos|venta|Lima Este|Ate Vitarte|"capulies y paracas
Salamanca De Monterrico, Ate Vitarte"|S/ 502,000|502000||||"83 m² tot.
3 dorm.
2 baños"|83|3|2||Venta de departamento Salamanca De Monterrico. Precios Especiales Capulies Ate Salamanca. edificio capulies es una nueva propuesta de edificio multifamiliar de diseño moderno pensado en ti, con moderno diseño y comodidad para disfrutar en familia. Ubicado estratégicamente en el corazón de Salamanca cerca a todo, centros comerciales, restaurantes, veterinarias, renovadora de calzado, colegios, universidades, nidos, etc. Cuenta con 9 pisos mas azotea, 24 departamentos bien distribuidos con iluminación natural, areas sociales de usos multipes, gimnasio, parqueo de bicicletas y más. Contamos con cochera en el sótano. Marzo 2025. Para mayor información al 9. 9. 9. 2. 7. 0. 9. 1. 8 con gusto te atenderé. Consúltame por los precios especiales.|https://www.adondevivir.com/propiedades/clasificado/veclapin-venta-departamento-de-83-m-sup2--de-3-dorm.-en-ate-142841224.html?n_src=Listado&n_pills=Gimnasio&n_pg=5&n_pos=7|2026-03-18
adondevivir|departamentos|venta|Lima Este|Ate Vitarte|"Calle Las Hiedras 107
Los Recaudadores, Ate Vitarte"|S/ 420,000 · USD 125,000|420000|125000||250|"68 m² tot.
3 dorm.
2 baños
1 estac."|68|3|2|1|Excelente oportunidad, se vende acogedor departamento muy bien distribuido y en la mejor zona de Salamanca, con un parque a escasos metros y cerca a colegios, universidades, centros comerciales y acceso directo a vías importantes (Javier Pardo, Carretera Central, Panamericana Sur y Norte) El departamento se encuentra en perfecto estado, se ubica en el cuarto piso, con vista a la calle en todos sus ambientes y además cuenta con un estacionamiento en el sótano. El flat tiene 68. 00 m2 donde se desarrollan: . Sala-comedor con iluminación natural y balcón.. Cocina tradicional con granito y muebles altos y bajos.. Lavandería con terma a gas natural.. Dormitorio principal con baño incorporado, closet y amplio balcon.. Dos dormitorios secundarios con closet y vista a la calle.. Baño familiar completo. Documentos en Regla. Contáctanos y agenda tu cita|https://www.adondevivir.com/propiedades/clasificado/veclapin-se-vende-departamento-en-salamanca-148021318.html?n_src=Listado&n_pills=Cerca+a+colegios&n_pg=5&n_pos=8|2026-03-18
adondevivir|departamentos|venta|Lima Este|Ate Vitarte|"Av. Javier Prado Este al 6500
Ate Vitarte, Lima"|S/ 380,380 · USD 104,500|380380|104500|||"84 m² tot.
3 dorm.
2 baños"|84|3|2||Contacto: anita marticorenacel: 9*3*2*5*1*1*1*3*5Si buscas un hogar moderno, seguro y bien ubicado, este departamento en quinto piso es ideal para ti. Ubicado en la Urbanización Alpamayo, en Ate, límite con La Molina, disfrutarás de tranquilidad y seguridad 24/7. Características destacadas: - 3 dormitorios con excelente iluminación y closet empotrado. - 2 baños modernos y funcionales. - Amplia sala comedor, perfecta para reuniones familiares. - Cocina con acabados de estreno. - 83. 77 m² de espacios bien distribuidos. - Zona con vigilancia 24/7 para tu tranquilidad. Ubicación: Urbanización Alpamayo – Ate, límite con La Molina. Zona segura y tranquila, con acceso a todo lo que necesitas. ¡No pierdas esta oportunidad! Contáctame y agenda tu visita hoy mismo. contacto: anita marticorenacel: 9*3*2*5*1*1*1*3*5id: 1*1*2*9*7*1*5|https://www.adondevivir.com/propiedades/clasificado/veclapin-venta-departamento-de-estreno-en-ate-seguridad-145827725.html?n_src=Listado&n_pills=Seguridad&n_pg=5&n_pos=9|2026-03-18
adondevivir|departamentos|venta|Lima Este|Ate Vitarte|"Calle E
La Rivera, Ate Vitarte"|S/ 255,600 · USD 72,000|255600|72000||100|"104 m² tot.
4 dorm.
3 baños"|104|4|3||Doors, te presenta este amplio departamento en venta, ubicado en una zona privilegiada por estar cerca de colegios, comercios y avenidas principales. Al ingresar encontraras una sala comedor amplia y muy iluminada con vista a la calle, una cocina abierta, una lavandería, cuatro dormitorios amplios, dos dormitorios con baño completo y un baño completo para los dos dormitorios secundarios, área de tendal en la azoteaEn Doors, ofrecemos un servicio integral en la gestión de compra, venta y alquiler de inmuebles. Nuestro equipo de profesionales trabaja con seriedad, transparencia y compromiso para garantizar operaciones seguras y exitosas. Nos enfocamos en brindar asesoría personalizada, acompañando a cada cliente en cada etapa del proceso inmobiliario, desde la valoración del inmueble hasta la firma final. Con un profundo conocimiento del mercado y una red de contactos sólida, ayudamos a propietarios e inversores a tomar las mejores decisiones. Nuestra misión es ser un aliado de confianza, generando valor y construyendo relaciones duraderas basadas en la ética y la excelencia. En Doors, creemos que una casa es mucho más que paredes y techos: es el lugar donde empiezan los sueños. Por eso, trabajamos cada día para ayudarte a encontrar el hogar perfecto o la inversión ideal. Te acompañamos en todo el camino, con cercanía, honestidad y experiencia, para que vivas el proceso de comprar, vender o alquilar de forma sencilla y segura. Nuestro propósito es unir personas con lugares especiales, y hacerlo siempre con pasión y confianza.|https://www.adondevivir.com/propiedades/clasificado/veclapin-departamento-en-venta-en-la-urb.-alameda-de-la-rivera-148280972.html?n_src=Listado&n_pills=Seguridad&n_pg=5&n_pos=10|2026-03-18
adondevivir|departamentos|venta|Lima Este|Ate Vitarte|"Calle Monteblanco al 100
Ate Vitarte, Lima"|S/ 420,000 · USD 120,000|420000|120000||200|"88 m² tot.
3 dorm.
3 baños
1 estac."|88|3|3|1|¡Vive en la mejor zona de Ate, límite con La Molina! Se vende departamento flat de 88. 6 m² en la exclusiva Urb. Alpamayo – Mayorazgo. Una zona cerrada, tranquila y segura, con vigilancia 24/7 y doble acceso vehicular y peatonal. Ubicación privilegiadaA espaldas del Colegio AlpamayoA 5 min del Mall Real Plaza PuruchucoA 4 cdras de la Av. Javier Prado (Óvalo Huarochirí) Cerca de colegios, comercios y a 8 min del MolicentroCaracterísticas que te encantaránPiso 3 con ascensor privado directo al departamentoSala comedor con balcón y vista exterior, súper iluminada3 habitaciones con closet empotradoPrincipal amplia con baño incluido y balcón2 secundarias con closets y excelente distribución2 baños completos con mampara y acabados modernosCocina funcional con reposteros bajos y espejo grandeLavandería y tendal independienteCuarto y baño de servicioEstacionamiento en paralelo + zona privada de bicicletasPlus del departamentoÚnico en la zona con ascensor privado y cochera incluidaAntigüedad: solo 6 añosDiseño moderno, fresco y con excelente iluminación naturalMantenimiento: S/ 200 (incluye agua y ascensor) Vigilancia: S/ 20 mensuales¡Este es el hogar que estabas buscando para ti y tu familia! Agenda tu visita hoy mismo y descubre tu próximo departamento.|https://www.adondevivir.com/propiedades/clasificado/veclapin-departamentoventa-de-departamento-en-ate-148747585.html?n_src=Listado&n_pills=%C3%81rea+de+lavander%C3%ADa&n_pg=5&n_pos=11|2026-03-18
adondevivir|departamentos|venta|Lima Este|Ate Vitarte|"Rio Santa
Los Angeles De Vitarte, Ate Vitarte"|S/ 238,520 · USD 67,000|238520|67000||1|"70 m² tot.
2 dorm.
1 baño"|70|2|||Vendo lindo dpto urb Los Ángeles - ate. 3er piso. 70 m. Lindo dpto con vista a la calle, con muy buena ubicación, frente parque. Dpto remodelado hace 1 año. Sala comedor. Cocina con mesada de cerámica y lavandería. 1 Baño completo. 2 Dormitorio. Sala tv. Se ubica a 1 cdta de av metropolitana, a 4 cdras del mall puruchucos a 1 cdta de Nicolás ayllon, frente a parque san martin. Precio negociable|https://www.adondevivir.com/propiedades/clasificado/veclapin-vendo-dpto-amplio-en-urb-los-angeles-ate-146909194.html?n_src=Listado&n_pills=%C3%81rea+de+lavander%C3%ADa&n_pg=5&n_pos=12|2026-03-18
adondevivir|departamentos|venta|Lima Este|Ate Vitarte|"Calle Burgos 176
Mayorazgo, Ate Vitarte"|S/ 255,000 · USD 76,000|255000|76000||70|"116 m² tot.
3 dorm.
2 baños"|116|3|2||Vendo lindo departamento duplex A un paso de la universidad pre-lima. altura de la cdra. Av constructores Y huarochiri en urb. Mayorazgo ate. cuenta con seguridad A la entrada de la urbanización cerrada con rejas de seguridad. Cerca A parque zona segura ubicado en un edifico familiar. Consta de sala comedor bien iluminada, cocina cerrada con reposteros bajos, 3 dormitorios Y 2 baños. el dpto se encuentra en un tercer Y 4to piso, cuenta con lavanderia Y tendal. el mantenimiento incluye limpieza Y luz en areas comunes. Se vende en dólares. Documentación. sin cargas gravamenes ni hipotecas. El precio de remate es por que se vende tal como está, por remodelar Y por regularización de area construida del 4to piso. Area total. 116M2. área declarada: 65M2|https://www.adondevivir.com/propiedades/clasificado/veclapin-remato-departamento-duplex-en-venta-116-m-sup2--urb.-149268905.html?n_src=Listado&n_pills=%C3%81rea+de+lavander%C3%ADa&n_pg=5&n_pos=13|2026-03-18
adondevivir|departamentos|venta|Lima Este|Ate Vitarte|"Alt. DE Colegio Alpamayo - Alpamayo
Ate Vitarte, Lima"|S/ 334,620 · USD 99,000|334620|99000||60|"75 m² tot.
2 dorm.
2 baños"|75|2|2||¡Hermoso departamento ubicado en zona tranquila de Ate Vitarte! Se vende departamento con acabados de primera calidad, con muebles en melamina, además de pisos cerámicos en cocina y baños. Se encuentra distribuido en un área total de 75. 00 m2. Departamentos amplios e iluminados, cuentan con sala, comedor, cocina y área de lavandería. Se encuentra a unos pasos de la Av. Javier Prado Este, Óvalo Huarochirí, Av. Huarochirí, Agentes Interbancarios, Av. Punta Sal, Minimarket Molina, Colegio Alpamayo, Boticas. Distribución: • Sala comedor• Cocina• 2 dormitorios• 2 baños• Área de lavandería ¡No dudes en visitarlo! * Las fotografías, precios y descripción de esta propiedad son referenciales. MapVer datos|https://www.adondevivir.com/propiedades/clasificado/veclapin-departamento-ate-vitarte-147636116.html?n_src=Listado&n_pills=%C3%81rea+de+lavander%C3%ADa&n_pg=5&n_pos=14|2026-03-18
adondevivir|departamentos|venta|Lima Este|Ate Vitarte|"avenida 26 de Mayo
Ate Vitarte, Lima"|S/ 291,450 · USD 87,000|291450|87000|||"95 m² tot.
2 dorm.
2 baños"|95|2|2||Vendo departamento en Ate Vitarte, en quinto piso, de dos dormitorios, dos baños, sala-comedor, cocina, lavandería, terraza y patio. Área total: 95. 21 M2. Precio: 87, 000 dólares|https://www.adondevivir.com/propiedades/clasificado/veclapin-vendo-departamento-de-estreno-en-ate-vitarte-148820501.html?n_src=Listado&n_pills=Seguridad&n_pg=5&n_pos=15|2026-03-18
adondevivir|departamentos|venta|Lima Este|Ate Vitarte|"Avenida Nicolás Ayllón 510
Ate Vitarte, Lima"|S/ 164,500 · USD 47,000|164500|47000|||"47 m² tot.
2 dorm.
1 baño"|47|2|||En venta edificio con dptos en estreno, se vende todo el edificio de 4 pisos o por dpto, 1 dpto por piso, en el interior de un condominio, más seguridad, se encuentra al costado del nuevo hospital de Ate pero de forma interna para que no sufra con la bulla de la carretera central, se están rematando por viaje del propietario, en venta piso 2, piso 3|https://www.adondevivir.com/propiedades/clasificado/veclapin-mg-venta-de-dptos-al-costado-del-nuevo-hospital-de-ate-149127467.html?n_src=Listado&n_pills=Cerca+a+colegios&n_pg=5&n_pos=16|2026-03-18
adondevivir|departamentos|venta|Lima Este|Ate Vitarte|"Calle Sabadel
Ate Vitarte, Lima"|S/ 339,000|339000||||"99 m² tot.
3 dorm.
3 baños"|99|3|3||Venta de departamento en Ate Vitarte! 99m2, cuarto piso, Ubicado en la Calle Sabadell, urbanización Mayorazgo, cuarta etapa, a una cuadra del cruce entre la Av. Separadora Industrial y la Av. Huarochirí. Consta de 3 dormitorios, 3 baños, sala comedor, cocina y lavandería. Toda la documentación en regla. Año de construcción 2012. Solicita vídeo al interno. Condiciones del trato: -S/350, 000 mil soles a tratar. -Pago de servicios por consumo propio. -Contar con cash o inicial de 20% aprox para calificar al crédito hipotecario. *bel group real estate* www. brokerenlinea. com|https://www.adondevivir.com/propiedades/clasificado/veclapin-venta-3-dorm.-99-m-sup2--cuarto-piso-en-ate-147605161.html?n_src=Listado&n_pills=%C3%81rea+de+lavander%C3%ADa&n_pg=5&n_pos=17|2026-03-18
adondevivir|departamentos|venta|Lima Este|Ate Vitarte|"SALAMANACA DE MONTERRICO RECAUDADORES
Salamanca De Monterrico, Ate Vitarte"|S/ 727,650 · USD 189,000|727650|189000|||"139 m² tot.
4 dorm.
3 baños"|139|4|3||Ocasion de 140mt2 ubicado en salamanca en Us$189, 000 negociables. amplia sala comedor con vista A parque, cocina iluminada de gran tamaño E iluminada con reposteros altos Y bajos, cuarto tipo estudio, baño completo, 3 dormitorios amplios cada uno con su closet el principal con vista al parque, baño completo, area de lavanderia, cuarto Y baño de servicio. cuenta con gran terraza con excelente vista. citas inmediatas Ver datos Y mayor información Ver datos contacto. ubicación referencial|https://www.adondevivir.com/propiedades/clasificado/veclapin-ocasion-140-m-sup2--4-dorm-3-banos-con-terraza-en-144307530.html?n_src=Listado&n_pills=Frente+a+parque&n_pg=5&n_pos=18|2026-03-18
adondevivir|departamentos|venta|Lima Este|Ate Vitarte|"Calle Navarra cuadra 4 Mayorazgo Chico Ate
Mayorazgo Chico, Ate Vitarte"|S/ 439,000 · USD 130,000|439000|130000||120|"123 m² tot.
2 baños
1 estac."|123||2|1|Vendo Dpto C/cochera 1er Piso Mayorazgo Ate. Vendo departamento en 1er piso con cochera en la Urbanización Mayorazgo Chico Ate. Departamento remodelado y con excelente mantenimiento. Tiene 03 dormitorios con closets, 02 baños completos, 01 patio pequeño interior, hall de distribución, lavandería amplia, 01 cuarto de estudio o dormitorio al costado de la lavandería. Cocina con reposteros altos y bajos equipada y ventilada. Sala y comedor amplio con ingreso independiente. Tiene un tendal en el 4to piso y un almacén mediano al frente de la Cochera. Cuenta con una Cochera amplia. Todos los documentos en orden. Directo de dueño. Precio Dpto: $130, 000. Precio Cochera: $10, 000. Citas al Ver datos. Rosana Castillo.|https://www.adondevivir.com/propiedades/clasificado/veclapin-vendo-dpto-c-cochera-1er-piso-mayorazgo-ate-147675054.html?n_src=Listado&n_pills=Parrilla&n_pg=5&n_pos=19|2026-03-18
adondevivir|departamentos|venta|Lima Este|Ate Vitarte|"Terpsicore 177 ate
Ate Vitarte, Lima"|S/ 297,000 · USD 85,000|297000|85000|||"130 m² tot.
3 dorm.
2 baños"|130|3|2||Departamento ocacion. Area total 130 m2. Departamento 65. 4p m2 3 dormitorios. Sala comedor cocina lavandería. Aires acceso independiente partida registral independiente. Construcción aligerar. 2 ambientes 1 baño 30 m2. Terraza 30 m2. 5to piso. A 1 cuadra de los quechuas|https://www.adondevivir.com/propiedades/clasificado/veclapin-ocasion-salamanca-departamento-148095348.html?n_src=Listado&n_pills=%C3%81rea+de+lavander%C3%ADa&n_pg=5&n_pos=20|2026-03-18
adondevivir|departamentos|venta|Lima Este|Ate Vitarte|"Alt. DE Colegio Alpamayo - Alpamayo
Ate Vitarte, Lima"|S/ 321,100 · USD 95,000|321100|95000||60|"69 m² tot.
2 dorm.
2 baños"|69|2|2||¡Hermoso departamento ubicado en zona tranquila de Ate Vitarte! Se vende departamento con acabados de primera calidad, con muebles en melamina, además de pisos cerámicos en cocina y baños. Se encuentra distribuido en un área total de 72. 00 m2. Departamentos amplios e iluminados, cuentan con sala, comedor, cocina y área de lavandería. Se encuentra a unos pasos de la Av. Javier Prado Este, Óvalo Huarochirí, Av. Huarochirí, Agentes Interbancarios, Av. Punta Sal, Minimarket Molina, Colegio Alpamayo, Boticas. Distribución: • Sala comedor• Cocina• 2 dormitorios• 2 baños• Tiene opción para un 3er dormitorio• Área de lavandería¡No dudes en visitarlo! * Las fotografías, precios y descripción de esta propiedad son|https://www.adondevivir.com/propiedades/clasificado/veclapin-departamento-ate-vitarte-147636114.html?n_src=Listado&n_pills=%C3%81rea+de+lavander%C3%ADa&n_pg=5&n_pos=21|2026-03-18
adondevivir|departamentos|venta|Lima Este|Ate Vitarte|"SALAMANCA MONTERRICO RECUADADORES
Salamanca De Monterrico, Ate Vitarte"|S/ 580,000 · USD 157,000|580000|157000|||"95 m² tot.
3 dorm.
2 baños"|95|3|2||Lindo dúplex vista espectacular al parque, 95 M² amplia sala comedor con ventanales con vista al parque, medio baño de visita amplia cocina con reposteros altos Y bajos tableros de granito cocina equipada encimera empotrada horno Y campana el segundo nivel cuenta con escaleras con pasos de madera Y barandas de acero inoxidable tres dormitorios el principal con baño incorporado los dormitorios secundarios comparten un segundo baño completo todos los dormitorios cuentan con clóset de pared A pared Y ventanas A la calle precio us$ 157, 000 negociable excelente ubicación muy cerca avenida paracas Y A plaza vea de salamanca cercana A colegios Y mercados. Citas inmediatas Ver datos mayor información Ver datos contacto. ubicación referencial|https://www.adondevivir.com/propiedades/clasificado/veclapin-ocasion-amplio-duplex-95-m-sup2--v-parque-3-dorm.-146075902.html?n_src=Listado&n_pills=Guardian%C3%ADa%2FSeguridad+privada&n_pg=5&n_pos=22|2026-03-18
adondevivir|departamentos|venta|Lima Este|Ate Vitarte|"Av. Javier Prado Este al 6500
Ate Vitarte, Lima"|S/ 482,500 · USD 135,000|482500|135000|||"161 m² tot.
3 dorm.
2 baños"|161|3|2||Contacto: anita marticorenacel: 9*3*2*5*1*1*1*3*5Si buscas espacio, modernidad y una zona segura, este departamento en sexto piso es para ti. Con acabados de estreno y una terraza de 40 m², disfrutarás de un hogar amplio y perfecto para compartir con familia y amigos. Características principales: - 3 dormitorios con excelente iluminación y closet empotrado. - 2 baños modernos y funcionales. - Amplia cocina, ideal para los amantes de la gastronomía. - Adicionalmente tiene espaciosa terraza de 40 m², perfecta para reuniones y momentos de relax. - Zona segura y tranquila, con acceso fácil a La Molina. Ubicación: Ate, límite con La Molina. ¡Agenda tu visita hoy mismo! contacto: anita marticorenacel: 9*3*2*5*1*1*1*3*5id: 1*1*2*9*7*1*6|https://www.adondevivir.com/propiedades/clasificado/veclapin-venta-departamento-en-6to-piso-con-gran-terraza-145827732.html?n_src=Listado&n_pg=5&n_pos=23|2026-03-18
adondevivir|departamentos|venta|Lima Este|Ate Vitarte|"Av el banco
El Banco De Javier Prado, Ate Vitarte"|S/ 356,000 · USD 98,000|356000|98000|||"63 m² tot.
2 dorm.
2 baños"|63|2|2||Vive en un departamento de estreno, moderno y funcional, ubicado en una urbanización cerrada, segura y tranquila, frente a parque y áreas verdes, con acceso rápido a las principales vías: Av. Javier Prado, Av. Melgarejo y Óvalo Huarochirí. Cerca de colegios, minimarkets y comercios. Ideal para familias jóvenes o primera vivienda. Características del departamento. Área total: 63 m² Cocina semi amoblada con: Cocina encimera empotrable. Horno. Campana extractora. Terma a gas. Instalación de gas natural. Características del edificio: Ascensor Schindler. Área común. Zona de parrilla. Instalación interna de gas natural. Medidor de luz independiente. Sistema contra incendios. Disponibilidad: Departamentos en 4°, 7º y 9º piso. Contáctanos y agenda tu visita con sgl Inmobiliaria. ¡Aprovechá esta oportunidad de vivir en una zona segura, frente a parque y con excelente conectividad!|https://www.adondevivir.com/propiedades/clasificado/veclapin-venta-de-departamento-frente-a-parque-urbanizacion-147112445.html?n_src=Listado&n_pills=Cerca+a+colegios&n_pg=5&n_pos=24|2026-03-18
adondevivir|departamentos|venta|Lima Este|Ate Vitarte|"Torres DE Santa Clara II
Ate Vitarte, Lima"|S/ 260,625 · USD 69,500|260625|69500|||"73 m² tot.
3 dorm.
2 baños
1 estac."|73|3|2|1|¡Espectacular departamento en Ate Vitarte! Se vende departamento en condominio en una zona exclusiva. En un área de 73. 00 m2 en Ate Vitarte. Esta ubicado en el 5to piso de un edificio de 10 pisos. A unos pasos del Real Plaza Santa Clara, Metro Santa Clara, Parque Zoológico Huachipa, Centro de Salud El Éxito, Campo Deportivo el alamo. Es la oportunidad de disfrutar desde una zona exclusiva próxima a todo lo que usted y su familia se merecen. Distribución: • Sala • Comedor• Cocina con muebles altos y bajos• 3 Dormitorios• Dormitorio principal con baño• Cochera. • Áreas comunes: piscina para niños y adultos, sala de eventos y gimnasio. • AscensorPrecio total: us$ 69, 500 dólares americanos. ¡No dudes en visitarla y vivir en un zona segura! * Las fotografías, precios y descripción de esta propiedad son|https://www.adondevivir.com/propiedades/clasificado/veclapin-departamento-ate-vitarte-148608240.html?n_src=Listado&n_pills=Guardian%C3%ADa%2FSeguridad+privada&n_pg=5&n_pos=25|2026-03-18
adondevivir|departamentos|venta|Lima Este|Ate Vitarte|"Valladolid 117
Mayorazgo 1etpa, Ate Vitarte"|S/ 868,400 · USD 260,000|868400|260000|||"204 m² tot.
2 dorm.
2 baños
2 estac."|204|2|2|2|"Vive una experiencia única en este residencial que combina la comodidad de un hogar listo para entrar a vivir con el lujo de tener tu propio espacio de entretenimiento privado en las alturas. Ubicación estratégica Y privilegiada. - Ubicado en la tranquila y consolidada Urbanización Mayorazgo (Ate), en el límite con La Molina. - A pocos pasos del Centro Pre-Universitario de la Universidad de Lima y de avenidas principales como Huarochirí y Javier Prado. - Conectividad perfecta para familias académicas y profesionales exigentes. Tu hogar llave en mano, con todo incluido. Este no es un departamento cualquiera. Es un producto premium listo para crear memorias desde el primer día, sin gastos extra ni trámites de mudanza. Características principales: - Área total: 203. 87 m² | Área techada: 118. 03 m² - 2 dormitorios con baño privado. - 2 cocheras con portón eléctrico enrollable. Distribución Y equipamiento de alta gama en primer piso: - Sala-Comedor: Amoblada y equipada con tv 50"". - Cocina Integrada (Kitchenette): Totalmente equipada con cocina eléctrica y a gas empotrada, horno, microondas, campana, refrigeradora de dos puertas y vajilla completa. - Baño de visita. - Dormitorio Principal con Suite de Lujo: Incluye cama, roperos de pared a pared, jacuzzi incorporado, aire acondicionado/calefacción y salida a una terraza. - Dormitorio Secundario Amplio: Con baño privado y espacio para escritorio. - Sistema de seguridad y alarma integrado. La joya de la propiedad: tu terraza-azotea privada (área de entretenimiento exclusiva) Sube a tu refugio personal en el quinto piso. Un espacio de más de 85 m² que es el verdadero diferencial de esta propiedad. Equipamiento Completo para el Entretenimiento: - Zona de Lounge: Con 2 juegos de sala casual y mesas de centro. - Área de Parrillas y Gastronomía: Equipada con parrilla con mesa de cuarzo, caja china, horno de barro y cocina eléctrica. - Bar Completo y comedor exterior para 8 personas. - Comodidades Adicionales: Congeladora, lavadero, baño de visita y estufas para todo clima. Este inmueble es perfecto para: Familias con hijos preuniversitarios/universitarios que valoran la proximidad a la Universidad de Lima y un hogar completo sin complicaciones. Profesionales y ejecutivos que buscan un ""hogar-llave en mano"" con amenidades de lujo, privacidad y espacios para socializar. Inversionistas inteligentes que visualizan un activo listo para alquiler corporativo o de lujo de alto rendimiento. Precio: usd 260, 000 (Negociable)."|https://www.adondevivir.com/propiedades/clasificado/veclapin-departamento-premium-en-1er-piso-con-terraza-azotea-148646616.html?n_src=Listado&n_pills=%C3%81rea+de+lavander%C3%ADa&n_pg=5&n_pos=26|2026-03-18
adondevivir|departamentos|venta|Lima Este|Ate Vitarte|"Avenida 26 de Mayo
Ate Vitarte, Lima"|S/ 268,000 · USD 80,000|268000|80000|||"79 m² tot.
2 dorm.
1 baño"|79|2|||Vendo departamento en Ate Vitarte, en quinto piso, de dos dormitorios, un baño, sala-comedor, cocina, lavandería, terraza. Área total: 78. 65M2. Precio: 80, 000 dólares|https://www.adondevivir.com/propiedades/clasificado/veclapin-vendo-departamento-de-estreno-en-ate-vitarte-148820023.html?n_src=Listado&n_pills=Parrilla&n_pg=5&n_pos=27|2026-03-18
adondevivir|departamentos|venta|Lima Este|Ate Vitarte|"Parque Angamos al 100
Salamanca De Monterrico, Ate Vitarte"|S/ 214,500 · USD 62,000|214500|62000||150|"59 m² tot.
2 dorm.
1 baño"|59|2|||Ocasión venta departamento en salamanca – frente A parquecaracterísticas generalesprecio venta: $62, 000mantenimiento: S/150 (limpieza edificio, iluminación, mantenimientos extintores, luces emergencia) ubicación: vista internaárea construida: 59 m²N° de piso: 4to pisoN° dpto. Por piso: 2N° dormitorios: 2N° baños completos: 1lavandería: siascensor: noantigÜedad: 7 añosestacionamiento: solo para alquilardeposito: novigilancia 24 X 7: si (caseta externa) el departamentokitchenette: Muy Iluminados con vista internaCocina con reposteros altos y bajos en melanina, tablero de melamine y rea de lavanderíapisos de cerámicoPrimer Dormitorio con closet de pared a pared, incluye cajonesSegundo Dormitorio con closet de pared a pared, incluye cajonesLavandería: Con instalación lavadora y secadoraadicionales: IntercomunicadorGas Natural CálidaMedidor de Agua independienteMedidor de luz Independiente2 Tanques de agua en el edificio|https://www.adondevivir.com/propiedades/clasificado/veclapin-departamento-en-venta-frente-a-parque-en-salamanca-149204388.html?n_src=Listado&n_pills=Seguridad&n_pg=5&n_pos=28|2026-03-18
adondevivir|departamentos|venta|Lima Este|Ate Vitarte|"SALAMANCA DE MONTERRICO RECAUDADORES
Salamanca De Monterrico, Ate Vitarte"|S/ 592,000 · USD 160,000|592000|160000||250|"91 m² tot.
3 dorm.
2 baños"|91|3|2||Vendo lindo departamento moderno 1 año de antiguedad, de 91 M2. Cuenta con amplia sala comedor, Y balcón con vista A la calle, cocina con reposteros altos Y bajos (totalmente equipada) con cocina Y campana Y horno, tableros de granito, lavandería independiente cuenta con gas calida, 3 dormitorios con closets el principal con baño incorporado, Y un segundo baño para las visitas Y para compartir con los dormitorios secundarios, el edificio es moderno acabados de lujo ascensor y. cuenta con 1 cochera precio 160, 000 dólares. Citas inmediatas Ver datos Y mayor información Ver datos contacto. ubicación referencial|https://www.adondevivir.com/propiedades/clasificado/veclapin-bellisimo-dpto-estreno-91-m-sup2--3-dorm.-160-000-146081341.html?n_src=Listado&n_pills=%C3%81rea+de+lavander%C3%ADa&n_pg=5&n_pos=29|2026-03-18
adondevivir|departamentos|venta|Lima Este|Ate Vitarte|"Av. las Torres 316
Ate Vitarte, Lima"|S/ 190,000|190000||||"61 m² tot.
3 dorm.
3 baños"|61|3|3||Huachipa. Departamento en condominio Prados del sol Huachipa frente al zoológico, avenida las Torres de Huachipa 320 edificio G departamento 407. Descripción. Precio: 190, 000. - Área 61. 95 Mt2. - Sala comedor. - Cocina. - Lavanderia. - 3 Dormitorios. - 2 baños completos. - Balcón con vista al parque. - antigüedad 7 años. - Mantenimiento se paga 130 soles incluye el agua. - luz independiente. - condominio cuenta con. - Areas recreativas. - Canchita de gras. - juego para niños. - Area de lavandería. - parques. - centro de cuidado de niños. - a una cuadra del zoológico de Huachipa. - a dos cuadras del mercado Yuli. - A 5 minutos del mall de Santa Clara. - A una cuadra de la carretera central. - Más información: Ver datos Antony Sánchez|https://www.adondevivir.com/propiedades/clasificado/veclapin-se-vende-departamento-de-3-habitaciones-huachipa-148723722.html?n_src=Listado&n_pills=%C3%81rea+de+lavander%C3%ADa&n_pg=5&n_pos=30|2026-03-18
adondevivir|departamentos|venta|Lima Este|Ate Vitarte|"Calle Sabadel
Ate Vitarte, Lima"|S/ 339,000|339000||||"99 m² tot.
3 dorm.
3 baños"|99|3|3||Venta de departamento en Ate Vitarte! 99m2, cuarto piso, Ubicado en la Calle Sabadell, urbanización Mayorazgo, cuarta etapa, a una cuadra del cruce entre la Av. Separadora Industrial y la Av. Huarochirí. Consta de 3 dormitorios, 3 baños, sala comedor, cocina y lavandería. Toda la documentación en regla. Año de construcción 2012. Solicita vídeo al interno. Condiciones del trato: -S/350, 000 mil soles a tratar. -Pago de servicios por consumo propio. -Contar con cash o inicial de 20% aprox para calificar al crédito hipotecario. *bel group real estate* www. brokerenlinea. com|https://www.adondevivir.com/propiedades/clasificado/veclapin-venta-3-dorm.-99-m-sup2--cuarto-piso-en-ate-147605161.html?n_src=Listado&n_pills=%C3%81rea+de+lavander%C3%ADa&n_pg=6&n_pos=1|2026-03-18
adondevivir|departamentos|venta|Lima Este|Ate Vitarte|"Calle E
La Rivera, Ate Vitarte"|S/ 255,600 · USD 72,000|255600|72000||100|"104 m² tot.
4 dorm.
3 baños"|104|4|3||Doors, te presenta este amplio departamento en venta, ubicado en una zona privilegiada por estar cerca de colegios, comercios y avenidas principales. Al ingresar encontraras una sala comedor amplia y muy iluminada con vista a la calle, una cocina abierta, una lavandería, cuatro dormitorios amplios, dos dormitorios con baño completo y un baño completo para los dos dormitorios secundarios, área de tendal en la azoteaEn Doors, ofrecemos un servicio integral en la gestión de compra, venta y alquiler de inmuebles. Nuestro equipo de profesionales trabaja con seriedad, transparencia y compromiso para garantizar operaciones seguras y exitosas. Nos enfocamos en brindar asesoría personalizada, acompañando a cada cliente en cada etapa del proceso inmobiliario, desde la valoración del inmueble hasta la firma final. Con un profundo conocimiento del mercado y una red de contactos sólida, ayudamos a propietarios e inversores a tomar las mejores decisiones. Nuestra misión es ser un aliado de confianza, generando valor y construyendo relaciones duraderas basadas en la ética y la excelencia. En Doors, creemos que una casa es mucho más que paredes y techos: es el lugar donde empiezan los sueños. Por eso, trabajamos cada día para ayudarte a encontrar el hogar perfecto o la inversión ideal. Te acompañamos en todo el camino, con cercanía, honestidad y experiencia, para que vivas el proceso de comprar, vender o alquilar de forma sencilla y segura. Nuestro propósito es unir personas con lugares especiales, y hacerlo siempre con pasión y confianza.|https://www.adondevivir.com/propiedades/clasificado/veclapin-departamento-en-venta-en-la-urb.-alameda-de-la-rivera-148280972.html?n_src=Listado&n_pills=%C3%81rea+de+lavander%C3%ADa&n_pg=6&n_pos=2|2026-03-18
adondevivir|departamentos|venta|Lima Este|Ate Vitarte|"Av. Javier Prado Este al 6500
Ate Vitarte, Lima"|S/ 482,500 · USD 135,000|482500|135000|||"161 m² tot.
3 dorm.
2 baños"|161|3|2||Contacto: anita marticorenacel: 9*3*2*5*1*1*1*3*5Si buscas espacio, modernidad y una zona segura, este departamento en sexto piso es para ti. Con acabados de estreno y una terraza de 40 m², disfrutarás de un hogar amplio y perfecto para compartir con familia y amigos. Características principales: - 3 dormitorios con excelente iluminación y closet empotrado. - 2 baños modernos y funcionales. - Amplia cocina, ideal para los amantes de la gastronomía. - Adicionalmente tiene espaciosa terraza de 40 m², perfecta para reuniones y momentos de relax. - Zona segura y tranquila, con acceso fácil a La Molina. Ubicación: Ate, límite con La Molina. ¡Agenda tu visita hoy mismo! contacto: anita marticorenacel: 9*3*2*5*1*1*1*3*5id: 1*1*2*9*7*1*6|https://www.adondevivir.com/propiedades/clasificado/veclapin-venta-departamento-en-6to-piso-con-gran-terraza-145827732.html?n_src=Listado&n_pg=6&n_pos=3|2026-03-18
adondevivir|departamentos|venta|Lima Este|Ate Vitarte|"Av. Ate
La Merced, Ate Vitarte"|S/ 324,500 · USD 87,000|324500|87000|||"105 m² tot.
3 dorm.
3 baños"|105|3|3||¡Bienvenido a tu nuevo hogar en Ate, a pasos de La Molina! Este encantador departamento en el tercer piso te ofrece una combinación perfecta de comodidad y ubicación privilegiada. Disfruta de las impresionantes vistas al Parque La Merced desde tu ventana. Paz y tranquilidad en medio de la ciudad. -Adéntrate en la amplia sala y comedor, diseñados para recibir a tus seres queridos y crear momentos inolvidables juntos. -La cocina cerrada, con muebles empotrados altos y bajos, es el sueño de todo chef aficionado. ¡Prepara tus platos favoritos con estilo y comodidad! -Descansa plácidamente en los tres dormitorios amplios, cada uno con su propio closet para mantener tus cosas organizadas. -Con un total de tres baños, olvídate de las esperas por la mañana y disfruta de la privacidad que te mereces. -Esta propiedad cuenta con 15 años de antigüedad y está lista para habitar, ¡sin necesidad de esperar! -Ubicado estratégicamente cerca del colegio La Merced y con acceso rápido a las principales avenidas, este departamento ofrece conveniencia y accesibilidad en cada esquina. No pierdas la oportunidad de vivir en este encantador hogar. ¡Contáctanos ahora y hazlo tuyo antes de que sea demasiado tarde!|https://www.adondevivir.com/propiedades/clasificado/veclapin-amplio-departamento-en-ate-a-pasos-de-la-molina-147695433.html?n_src=Listado&n_pills=%C3%81rea+de+lavander%C3%ADa&n_pg=6&n_pos=4|2026-03-18
adondevivir|departamentos|venta|Lima Este|Ate Vitarte|"Altura DE Hefesto CON Quechuas - Salamanca
Ate Vitarte, Lima"|S/ 375,000 · USD 100,000|375000|100000|||"50 m² tot.
2 dorm.
1 baño
1 estac."|50|2||1|¡Modernos departamentos en zona tranquila de Salamanca! Se vende departamentos bien iluminados, distribuidos en una zona exclusiva de 50. 00 mt2 cada uno en Ate Vitarte. Asimismo, estos departamento se encuentran en ubicados en un edificio de 4 pisos. A unos pasos de la Av. Evitamiento, Av. Los Quechuas, Mifarma Salamanca, Mini Mercado Olimpo. Se encuentra entre las Av. Separadora Industrial y av. Los Quechuas. Es la oportunidad de disfrutar desde una zona exclusiva próxima a todo lo que usted y su familia se merece. Distribución: Dptos. 201, 301, 401: • Sala-comedor• Cocina tipo kitchenette• Tablero de granito• Piso de porcelanato• Dormitorio principal con baño. Dptos. 202, 302, 402: • Sala-comedor• Cocina con muebles altos y bajos• Tablero de granito• Dormitorio principal con baño• Piso de porcelanato. • Área de lavandería. Precio total: $100, 000 dólares americanos. * Las fotografías, precios y descripción de esta propiedad son|https://www.adondevivir.com/propiedades/clasificado/veclapin-departamento-ate-147557930.html?n_src=Listado&n_pills=Cuartos+de+servicio&n_pg=6&n_pos=5|2026-03-18
adondevivir|departamentos|venta|Lima Este|Ate Vitarte|"Alt. Cdra 9 DE AV. Paracas - Salamanca
Ate Vitarte, Lima"|S/ 596,250 · USD 159,000|596250|159000|||"192 m² tot.
3 dorm.
2 baños
1 estac."|192|3|2|1|¡Lindo departamento! Se vende departamento bien distribuido en una zona exclusiva, área de 192. 00 mt2 en Ate Vitarte. Se ubica en el primer piso. A unos pasos del Hiper Plaza Vea-Ate, Promart Homecenter, Av. Nicolás Ayllón, Colegio La Merced, Grifo Primax, Tai Loy. Es la oportunidad de disfrutar desde una zona exclusiva próxima a todo lo que usted y su familia se merecen. Distribución: • Sala y comedor• Cocina amoblada con comedor de diario• Área de lavandería• 3 dormitorios• 2 baños, terraza• Paralela y cochera cerrada para 1 auto• No se paga mantenimiento. Precio total: us$ 159, 000 dólares americanos. * Las fotografías, precios y descripción de esta propiedad son|https://www.adondevivir.com/propiedades/clasificado/veclapin-departamento-ate-147557264.html?n_src=Listado&n_pills=%C3%81rea+de+lavander%C3%ADa&n_pg=6&n_pos=6|2026-03-18
adondevivir|departamentos|venta|Lima Este|Ate Vitarte|"Malvas
Ate Vitarte, Lima"|S/ 753,000 · USD 225,000|753000|225000||180|"154 m² tot.
3 dorm.
3 baños
1 estac."|154|3|3|1|Amplio departamento en salamanca en edificio frente A un parque, la zona es muy tranquila Y segura, ya que tiene vigilancia permanente las 24 horas del dia. el departamento se encuentra en la urbanizacion los recaudadores en un edificio de 7 pisos, tres departamentos por piso. estamos en un duplex con terraza zona de bbq. El edificio cuenta con ascensor Y escaleras amplias de emergencia. El departamento tiene un area total de 154. 36M2 Y 115. 04 M2 de area construida, cuenta con muy buena iluminacion Y una excelente distribucion que viene de la siguiente manera: primer nivel: amplia sala con balcon. comedor. amplia cocina cerrada amoblada con muebles altos Y bajos en melamine Y tablero de granito. alacena de almacenamiento en corredor. baño completo. habitacion secundaria con closets. habitacion principal con baño incorporado Y closets. escaleras al segundo nivel. segundo nivel: habitacion secundaria con closets. baño completo. zona de lavanderia. hall. family room O sala de entretenimiento. patio. terraza con bbq. cuenta con conexion de gas natural. tenemos una ubicacion privilegiada con acceso facil A toda la ciudad, es una urbanizacion rodeada de parques, tenemos accesos A todo, plaza vea A tres cuadras, policlinicos, institutos, universidades Y colegios, zona tranquila Y segura con vigilancia vehicular A dos cuadras de paraderos Y cinco minutos del jockey plaza javier prado. El departamento se encuentra listo para ser ocupado. edificio pet friendly. mantenimiento: s/. 180. 00 soles. precio de departamento: us $210, 000. precio de la cochera us$15, 000. la cochera es paralela con porton de ingreso independiente. tipo de cambio del dia. citas accesibles al whatsapp O llamadas. contacto: Ver datos. katherine zapata|https://www.adondevivir.com/propiedades/clasificado/veclapin-duplex-frente-a-parque-148774333.html?n_src=Listado&n_pills=%C3%81rea+de+lavander%C3%ADa&n_pg=6&n_pos=7|2026-03-18
adondevivir|departamentos|venta|Lima Este|Ate Vitarte|"Alt. Cdra 4 DE Paracas - Salamanca
Ate Vitarte, Lima"|S/ 573,750 · USD 153,000|573750|153000|||"77 m² tot.
3 dorm.
2 baños"|77|3|2||¡Hermosos departamentos en zona exclusiva de Salamanca en venta! Se vende magnífico departamento Dúplex en zona exclusiva de Ate Vitarte, en un lugar muy tranquilo y seguro. Asimismo, se ubica cerca al Súper Plaza Vea Salamanca. A unos pasos de la Av. Circunvalación y la Carretera Panamericana Sur. La oportunidad de disfrutar desde una zona exclusiva próxima a todo lo que usted y su familia se merecen: tranquila y segura. Distribución: • Sala• Comedor• 3 dormitorios (el principal con baño incluido) • 1 baño completo• 1 medio baño• Terraza• Cocina con muebles altos y bajos• Áreas comunes• Pisos laminados• Edificio de 6 pisos con ascensor• 1 Cochera con un costo adicional de 14 mil dólares. Precio total: $153, 000 dólares americanos. * Las fotografías, precios y descripción de esta propiedad son|https://www.adondevivir.com/propiedades/clasificado/veclapin-departamento-ate-147558006.html?n_src=Listado&n_pills=%C3%81rea+de+lavander%C3%ADa&n_pg=6&n_pos=8|2026-03-18
adondevivir|departamentos|venta|Lima Este|Ate Vitarte|"SALAMANCA DE MONTERRICO RECAUDADORES
Salamanca De Monterrico, Ate Vitarte"|S/ 599,000 · USD 166,900|599000|166900||100|"124 m² tot.
4 dorm.
3 baños"|124|4|3||Vendo de estreno bellísimo dúplex visto espectacular A toda la ciudad frente A parque 123. 57 M² amplia sala comedor balcón A la calle cocina con reposteros altos bajos tableros de granito, cocina equipada con campana horno Y cocina marca sole lavandería con gas cálida 4 amplios dormitorios con closet el principal con baño incorporado con ducha de hidromasajes un segundo baño completo A compartir por los dormitorios secundarios Y un tercer baño completo en el segundo piso del dúplex también cuenta con una terraza enorme zona de barbecue precio us$ 166, 900 negociables. citas inmediatas Ver datos mayor información Ver datos contacto. ubicación referencial|https://www.adondevivir.com/propiedades/clasificado/veclapin-ocasion-estreno-bellisimo-duplex-124-m-sup2--4-dorm.-3-145445492.html?n_src=Listado&n_pills=Seguridad&n_pg=6&n_pos=9|2026-03-18
adondevivir|departamentos|venta|Lima Este|Ate Vitarte|"Av. las Torres 316
Ate Vitarte, Lima"|S/ 190,000|190000||||"61 m² tot.
3 dorm.
3 baños"|61|3|3||Huachipa. Departamento en condominio Prados del sol Huachipa frente al zoológico, avenida las Torres de Huachipa 320 edificio G departamento 407. Descripción. Precio: 190, 000. - Área 61. 95 Mt2. - Sala comedor. - Cocina. - Lavanderia. - 3 Dormitorios. - 2 baños completos. - Balcón con vista al parque. - antigüedad 7 años. - Mantenimiento se paga 130 soles incluye el agua. - luz independiente. - condominio cuenta con. - Areas recreativas. - Canchita de gras. - juego para niños. - Area de lavandería. - parques. - centro de cuidado de niños. - a una cuadra del zoológico de Huachipa. - a dos cuadras del mercado Yuli. - A 5 minutos del mall de Santa Clara. - A una cuadra de la carretera central. - Más información: Ver datos Antony Sánchez|https://www.adondevivir.com/propiedades/clasificado/veclapin-se-vende-departamento-de-3-habitaciones-huachipa-148723722.html?n_src=Listado&n_pills=%C3%81rea+de+lavander%C3%ADa&n_pg=6&n_pos=10|2026-03-18
adondevivir|departamentos|venta|Lima Este|Ate Vitarte|"Calle san martin
Santa Clara, Ate Vitarte"|S/ 179,999|179999|||3|"67 m² tot.
3 dorm.
2 baños"|67|3|2||Se vende departamento de 3 habitaciones con ascensor. Documentos listos para la venta, sin cargas ni gravámenes. Dpto recién remodelado de 67 m² en piso 6 con ascensor. Dentro de un seguro condominio que encuentras en Google Maps como Las Torres de Santa Clara ii. Vista externa y cuenta con 02 puntos de gas Cálidda. Esto te ayudará a ahorrar mensualmente en electricidad. 1 punto para la therma a gas. 1 punto para la cocina a gas. 03 dormitorios y 2 baños, uno de ellos dentro del dormitorio matrimonial. Capacidades de los dormitorios: Dormitorio principal: Cama Queen. Dormitorio secundario 1: Cama de 2 plazas + veladores. Dormitorio secundario 2: Cama de 1 ½ plaza + veladores. Cocina con tableros instalados, lista para que coloques a tu gusto la mueblería alta y baja. A lado de la cocina, área grande de lavandería con espacio para tu lavaseca. Mantenimiento del edificio: S/ 149 mensuales aprox. (incluye el consumo de agua). Luz independiente. Ubicación: a espaldas de Av. Nicolás Ayllón, a solo 5 minutos del Parque Huachipa. Precio de venta: S/ 180. 000 soles (precio fijo) Contacto. angélica pinto|https://www.adondevivir.com/propiedades/clasificado/veclapin-ap-se-vende-depa-en-santa-clara-con-ascensor-ocasion-148292388.html?n_src=Listado&n_pills=Cerca+a+colegios&n_pg=6&n_pos=11|2026-03-18
adondevivir|departamentos|venta|Lima Este|Ate Vitarte|"Calle Las Hiedras 107
Los Recaudadores, Ate Vitarte"|S/ 420,000 · USD 125,000|420000|125000||250|"68 m² tot.
3 dorm.
2 baños
1 estac."|68|3|2|1|Excelente oportunidad, se vende acogedor departamento muy bien distribuido y en la mejor zona de Salamanca, con un parque a escasos metros y cerca a colegios, universidades, centros comerciales y acceso directo a vías importantes (Javier Pardo, Carretera Central, Panamericana Sur y Norte) El departamento se encuentra en perfecto estado, se ubica en el cuarto piso, con vista a la calle en todos sus ambientes y además cuenta con un estacionamiento en el sótano. El flat tiene 68. 00 m2 donde se desarrollan: . Sala-comedor con iluminación natural y balcón.. Cocina tradicional con granito y muebles altos y bajos.. Lavandería con terma a gas natural.. Dormitorio principal con baño incorporado, closet y amplio balcon.. Dos dormitorios secundarios con closet y vista a la calle.. Baño familiar completo. Documentos en Regla. Contáctanos y agenda tu cita|https://www.adondevivir.com/propiedades/clasificado/veclapin-se-vende-departamento-en-salamanca-148021318.html?n_src=Listado&n_pills=%C3%81rea+de+lavander%C3%ADa&n_pg=6&n_pos=12|2026-03-18
adondevivir|departamentos|venta|Lima Este|Ate Vitarte|"Avenida 28 de Julio 124
5 Estrellas De Santa Clara, Ate Vitarte"|S/ 180,000|180000|||150|"60 m² tot.
3 dorm.
2 baños"|60|3|2||Remato departamento jardines. Descripción: 3 dormtorios, 2 baños, Sala, Comedor. Cocina, Lavandería. Balcón, Piso 8 con asensor. 65 m2. telefono Ver datos|https://www.adondevivir.com/propiedades/clasificado/veclappa-remato-departamento-santa-clara-condominio-jardines-147980849.html?n_src=Listado&n_pills=%C3%81rea+de+lavander%C3%ADa&n_pg=6&n_pos=13|2026-03-18
adondevivir|departamentos|venta|Lima Este|Ate Vitarte|"Calle rio Santa
Los Angeles De Vitarte, Ate Vitarte"|S/ 242,080 · USD 68,000|242080|68000||1|"70 m² tot.
1 dorm.
2 baños"|70|1|2||Vendo amplio dpto en urb Los Ángeles - ate. Ubicado en el 2do piso. Antigüedad 20 años. 70 m. Buena ubicación cerca av metropolitana, a 2 cdras de Nicolás ayllon y 4 cdras al mall Puruchuco. Sala comedor. Cocina con mesada en ceramico. Lavandería. Dorm principal con baño. Baño completo. Piso de cerámico. frente a parque. Precio 68, 000 dólares|https://www.adondevivir.com/propiedades/clasificado/veclapin-vendo-amplio-dpto-urb-los-angeles-ate-146909087.html?n_src=Listado&n_pills=%C3%81rea+de+lavander%C3%ADa&n_pg=6&n_pos=14|2026-03-18
adondevivir|departamentos|venta|Lima Este|Ate Vitarte|"Avenida Nicolás Ayllón 510
Ate Vitarte, Lima"|S/ 164,500 · USD 47,000|164500|47000|||"47 m² tot.
2 dorm.
1 baño"|47|2|||En venta edificio con dptos en estreno, se vende todo el edificio de 4 pisos o por dpto, 1 dpto por piso, en el interior de un condominio, más seguridad, se encuentra al costado del nuevo hospital de Ate pero de forma interna para que no sufra con la bulla de la carretera central, se están rematando por viaje del propietario, en venta piso 2, piso 3|https://www.adondevivir.com/propiedades/clasificado/veclapin-mg-venta-de-dptos-al-costado-del-nuevo-hospital-de-ate-149127467.html?n_src=Listado&n_pills=Cerca+a+colegios&n_pg=6&n_pos=15|2026-03-18
adondevivir|departamentos|venta|Lima Este|Ate Vitarte|"Calle Monteblanco al 100
Ate Vitarte, Lima"|S/ 420,000 · USD 120,000|420000|120000||200|"88 m² tot.
3 dorm.
3 baños
1 estac."|88|3|3|1|¡Vive en la mejor zona de Ate, límite con La Molina! Se vende departamento flat de 88. 6 m² en la exclusiva Urb. Alpamayo – Mayorazgo. Una zona cerrada, tranquila y segura, con vigilancia 24/7 y doble acceso vehicular y peatonal. Ubicación privilegiadaA espaldas del Colegio AlpamayoA 5 min del Mall Real Plaza PuruchucoA 4 cdras de la Av. Javier Prado (Óvalo Huarochirí) Cerca de colegios, comercios y a 8 min del MolicentroCaracterísticas que te encantaránPiso 3 con ascensor privado directo al departamentoSala comedor con balcón y vista exterior, súper iluminada3 habitaciones con closet empotradoPrincipal amplia con baño incluido y balcón2 secundarias con closets y excelente distribución2 baños completos con mampara y acabados modernosCocina funcional con reposteros bajos y espejo grandeLavandería y tendal independienteCuarto y baño de servicioEstacionamiento en paralelo + zona privada de bicicletasPlus del departamentoÚnico en la zona con ascensor privado y cochera incluidaAntigüedad: solo 6 añosDiseño moderno, fresco y con excelente iluminación naturalMantenimiento: S/ 200 (incluye agua y ascensor) Vigilancia: S/ 20 mensuales¡Este es el hogar que estabas buscando para ti y tu familia! Agenda tu visita hoy mismo y descubre tu próximo departamento.|https://www.adondevivir.com/propiedades/clasificado/veclapin-departamentoventa-de-departamento-en-ate-148747585.html?n_src=Listado&n_pills=Cuartos+de+servicio&n_pg=6&n_pos=16|2026-03-18
adondevivir|departamentos|venta|Lima Este|Ate Vitarte|"Av. Javier Prado Este al 6500
Ate Vitarte, Lima"|S/ 380,380 · USD 104,500|380380|104500|||"84 m² tot.
3 dorm.
2 baños"|84|3|2||Contacto: anita marticorenacel: 9*3*2*5*1*1*1*3*5Si buscas un hogar moderno, seguro y bien ubicado, este departamento en quinto piso es ideal para ti. Ubicado en la Urbanización Alpamayo, en Ate, límite con La Molina, disfrutarás de tranquilidad y seguridad 24/7. Características destacadas: - 3 dormitorios con excelente iluminación y closet empotrado. - 2 baños modernos y funcionales. - Amplia sala comedor, perfecta para reuniones familiares. - Cocina con acabados de estreno. - 83. 77 m² de espacios bien distribuidos. - Zona con vigilancia 24/7 para tu tranquilidad. Ubicación: Urbanización Alpamayo – Ate, límite con La Molina. Zona segura y tranquila, con acceso a todo lo que necesitas. ¡No pierdas esta oportunidad! Contáctame y agenda tu visita hoy mismo. contacto: anita marticorenacel: 9*3*2*5*1*1*1*3*5id: 1*1*2*9*7*1*5|https://www.adondevivir.com/propiedades/clasificado/veclapin-venta-departamento-de-estreno-en-ate-seguridad-145827725.html?n_src=Listado&n_pills=Seguridad&n_pg=6&n_pos=17|2026-03-18
adondevivir|departamentos|venta|Lima Este|Ate Vitarte|"Alt. DE Colegio Alpamayo - Alpamayo
Ate Vitarte, Lima"|S/ 334,620 · USD 99,000|334620|99000||60|"75 m² tot.
2 dorm.
2 baños"|75|2|2||¡Hermoso departamento ubicado en zona tranquila de Ate Vitarte! Se vende departamento con acabados de primera calidad, con muebles en melamina, además de pisos cerámicos en cocina y baños. Se encuentra distribuido en un área total de 75. 00 m2. Departamentos amplios e iluminados, cuentan con sala, comedor, cocina y área de lavandería. Se encuentra a unos pasos de la Av. Javier Prado Este, Óvalo Huarochirí, Av. Huarochirí, Agentes Interbancarios, Av. Punta Sal, Minimarket Molina, Colegio Alpamayo, Boticas. Distribución: • Sala comedor• Cocina• 2 dormitorios• 2 baños• Área de lavandería ¡No dudes en visitarlo! * Las fotografías, precios y descripción de esta propiedad son referenciales. MapVer datos|https://www.adondevivir.com/propiedades/clasificado/veclapin-departamento-ate-vitarte-147636116.html?n_src=Listado&n_pills=%C3%81rea+de+lavander%C3%ADa&n_pg=6&n_pos=18|2026-03-18
adondevivir|departamentos|venta|Lima Este|Ate Vitarte|"SALAMANCA DE MONTERRICO RECAUDADORES
Salamanca De Monterrico, Ate Vitarte"|S/ 450,000 · USD 127,000|450000|127000||100|"72 m² tot.
3 dorm.
2 baños"|72|3|2||Departamento en segundo piso de estreno en salamanca de monterrico. sala comedor muy amplia bien iluminada Y ventilada, cocina tipo americana con reposteros altos Y bajos sin tableros de granito (gas calidad), dormitorio principal muy amplio con clóset Y baño completo incorporado, los dos dormitorios secundarios bien iluminados, baño completo compartido, lavandería independiente con punto de (gas calidad). Precio us$ 127, 000 dólares (no paga alcabala) cocheras en us$ 17, 000 dólares. visitas inmediatas Ver datos mayor información Ver datos. ubicación referencial|https://www.adondevivir.com/propiedades/clasificado/veclapin-estreno-ocasion-dpto-en-segundo-piso-72-m-sup2--3-147167367.html?n_src=Listado&n_pills=%C3%81rea+de+lavander%C3%ADa&n_pg=6&n_pos=19|2026-03-18
adondevivir|departamentos|venta|Lima Este|Ate Vitarte|"Calle Los Gladiolos 140, Salamanca
Ate Vitarte, Lima"|"S/ 293,500 · USD 85,000
27%"|293500|85000|27%||"95 m² tot.
3 dorm.
2 baños"|95|3|2||¡bajó de precio! Ahora $95, 000 (precio final) Departamento en venta en Salamanca, zona residencial cerca de las avenidas Circunvalación y Canadá. Un lugar seguro, tranquilo y con excelente ubicación, cerca de colegios, centros comerciales y vías principales. Características del departamento: Área: 95 m² 4to piso (sin ascensor, escaleras descansadas) Sala amplia con vista externa. Cocina independiente y espaciosa. Lavandería. 3 dormitorios grandes. 2 baños completos. Antigüedad: 12 años. Nuevo precio: $95, 000 dólares – precio fijo, no negociable. Documentación en regla, listo para la venta. ¡Aprovecha esta oportunidad única antes que se venda!|https://www.adondevivir.com/propiedades/clasificado/veclapin-se-vende-departamento-en-salamanca-zona-residencial-y-147513986.html?n_src=Listado&n_pills=%C3%81rea+de+lavander%C3%ADa&n_pg=6&n_pos=20|2026-03-18
adondevivir|departamentos|venta|Lima Este|Ate Vitarte|"Los Mochicas
Salamanca De Monterrico, Ate Vitarte"|S/ 320,000 · USD 89,000|320000|89000||1|"74 m² tot.
2 dorm.
1 baño"|74|2|||Se vende acogedor departamento de 74 m², ubicado en el 3er piso de un edificio en la urbanización Los Mochicas, Salamanca – Ate. Ideal para quienes buscan comodidad, ubicación céntrica y excelente relación calidad-precio. Características del inmueble: Área total: 74 m² 2 dormitorios bien distribuidos. 1 baño completo. Sala y comedor iluminados. Cocina independiente. Lavandería. 10 años de antigüedad. No paga mantenimiento. Ubicación privilegiada: En la tranquila y residencial zona de Salamanca de Ate, cerca de supermercados, colegios, bancos, avenidas principales y con fácil acceso a la Vía de Evitamiento y Javier Prado. Opción ideal para familias pequeñas, parejas jóvenes o como inversión por la alta demanda de alquiler en la zona. ¡Agenda tu visita! 9+5+9+1+9+9+2+7+6. Lilibeth Villanueva|https://www.adondevivir.com/propiedades/clasificado/veclapin-venta-de-departamento-piso-3-en-salamanca-ate-los-147426348.html?n_src=Listado&n_pills=%C3%81rea+de+lavander%C3%ADa&n_pg=6&n_pos=21|2026-03-18
adondevivir|departamentos|venta|Lima Este|Ate Vitarte|"Valladolid 117
Mayorazgo 1etpa, Ate Vitarte"|S/ 868,400 · USD 260,000|868400|260000|||"204 m² tot.
2 dorm.
2 baños
2 estac."|204|2|2|2|"Vive una experiencia única en este residencial que combina la comodidad de un hogar listo para entrar a vivir con el lujo de tener tu propio espacio de entretenimiento privado en las alturas. Ubicación estratégica Y privilegiada. - Ubicado en la tranquila y consolidada Urbanización Mayorazgo (Ate), en el límite con La Molina. - A pocos pasos del Centro Pre-Universitario de la Universidad de Lima y de avenidas principales como Huarochirí y Javier Prado. - Conectividad perfecta para familias académicas y profesionales exigentes. Tu hogar llave en mano, con todo incluido. Este no es un departamento cualquiera. Es un producto premium listo para crear memorias desde el primer día, sin gastos extra ni trámites de mudanza. Características principales: - Área total: 203. 87 m² | Área techada: 118. 03 m² - 2 dormitorios con baño privado. - 2 cocheras con portón eléctrico enrollable. Distribución Y equipamiento de alta gama en primer piso: - Sala-Comedor: Amoblada y equipada con tv 50"". - Cocina Integrada (Kitchenette): Totalmente equipada con cocina eléctrica y a gas empotrada, horno, microondas, campana, refrigeradora de dos puertas y vajilla completa. - Baño de visita. - Dormitorio Principal con Suite de Lujo: Incluye cama, roperos de pared a pared, jacuzzi incorporado, aire acondicionado/calefacción y salida a una terraza. - Dormitorio Secundario Amplio: Con baño privado y espacio para escritorio. - Sistema de seguridad y alarma integrado. La joya de la propiedad: tu terraza-azotea privada (área de entretenimiento exclusiva) Sube a tu refugio personal en el quinto piso. Un espacio de más de 85 m² que es el verdadero diferencial de esta propiedad. Equipamiento Completo para el Entretenimiento: - Zona de Lounge: Con 2 juegos de sala casual y mesas de centro. - Área de Parrillas y Gastronomía: Equipada con parrilla con mesa de cuarzo, caja china, horno de barro y cocina eléctrica. - Bar Completo y comedor exterior para 8 personas. - Comodidades Adicionales: Congeladora, lavadero, baño de visita y estufas para todo clima. Este inmueble es perfecto para: Familias con hijos preuniversitarios/universitarios que valoran la proximidad a la Universidad de Lima y un hogar completo sin complicaciones. Profesionales y ejecutivos que buscan un ""hogar-llave en mano"" con amenidades de lujo, privacidad y espacios para socializar. Inversionistas inteligentes que visualizan un activo listo para alquiler corporativo o de lujo de alto rendimiento. Precio: usd 260, 000 (Negociable)."|https://www.adondevivir.com/propiedades/clasificado/veclapin-departamento-premium-en-1er-piso-con-terraza-azotea-148646616.html?n_src=Listado&n_pills=Seguridad&n_pg=6&n_pos=22|2026-03-18
adondevivir|departamentos|venta|Lima Este|Ate Vitarte|"Rio Santa
Los Angeles De Vitarte, Ate Vitarte"|S/ 238,520 · USD 67,000|238520|67000||1|"70 m² tot.
2 dorm.
1 baño"|70|2|||Vendo lindo dpto urb Los Ángeles - ate. 3er piso. 70 m. Lindo dpto con vista a la calle, con muy buena ubicación, frente parque. Dpto remodelado hace 1 año. Sala comedor. Cocina con mesada de cerámica y lavandería. 1 Baño completo. 2 Dormitorio. Sala tv. Se ubica a 1 cdta de av metropolitana, a 4 cdras del mall puruchucos a 1 cdta de Nicolás ayllon, frente a parque san martin. Precio negociable|https://www.adondevivir.com/propiedades/clasificado/veclapin-vendo-dpto-amplio-en-urb-los-angeles-ate-146909194.html?n_src=Listado&n_pills=%C3%81rea+de+lavander%C3%ADa&n_pg=6&n_pos=23|2026-03-18
adondevivir|departamentos|venta|Lima Este|Ate Vitarte|"SALAMANACA DE MONTERRICO RECAUDADORES
Salamanca De Monterrico, Ate Vitarte"|S/ 727,650 · USD 189,000|727650|189000|||"139 m² tot.
4 dorm.
3 baños"|139|4|3||Ocasion de 140mt2 ubicado en salamanca en Us$189, 000 negociables. amplia sala comedor con vista A parque, cocina iluminada de gran tamaño E iluminada con reposteros altos Y bajos, cuarto tipo estudio, baño completo, 3 dormitorios amplios cada uno con su closet el principal con vista al parque, baño completo, area de lavanderia, cuarto Y baño de servicio. cuenta con gran terraza con excelente vista. citas inmediatas Ver datos Y mayor información Ver datos contacto. ubicación referencial|https://www.adondevivir.com/propiedades/clasificado/veclapin-ocasion-140-m-sup2--4-dorm-3-banos-con-terraza-en-144307530.html?n_src=Listado&n_pills=Cuartos+de+servicio&n_pg=6&n_pos=24|2026-03-18
adondevivir|departamentos|venta|Lima Este|Ate Vitarte|"Prol. Av. Javier Prado Este
Ate Vitarte, Lima"|S/ 350,000 · USD 105,000|350000|105000||170|"70 m² tot.
3 dorm.
2 baños"|70|3|2||¡se vende departamento en piso 17 – mayorazgo chico, ate! Ubicado en Av. Javier Prado Este cuadra 81, en un edificio moderno con solo 2 años de antigüedad. Vive en las alturas y disfruta de una vista privilegiada a la Huaca Puruchuco. Frente al estadio de la U. -Área aprox.: 70 m² -Piso 17 – vista despejada y full iluminación natural. -3 dormitorios. -2 baños completos (uno incorporado al dormitorio principal) -Sala – comedor amplia y cómoda. -Balcón con vista espectacular. -Cocina + lavandería funcional. -Seguridad 24/7, los 7 días de la semana. -Áreas comunes: -Recepción elegante. -Sala de usos múltiples. -Terraza ideal para reuniones. -Precio de venta: S/. 350, 000 o usd 105, 000. -Negociable. -Mantenimiento: S/. 170 (incluye agua) Contáctanos para más información o agendar una visita: Ver datos. Ver datos. Servicios e Inversiones arqmak S. A. C. Ruc: Ver datos. Ideal para vivir o invertir en una zona estratégica de Lima|https://www.adondevivir.com/propiedades/clasificado/veclapin-departamento-en-piso-17-mayorazgo-chico-ate-148932718.html?n_src=Listado&n_pills=Seguridad&n_pg=6&n_pos=25|2026-03-18
adondevivir|departamentos|venta|Lima Este|Ate Vitarte|"Capulíes - Salamanca
Ate Vitarte, Lima"|S/ 522,200 · USD 155,416|522200|155416|||"82 m² tot.
3 dorm.
2 baños"|82|3|2||Vive en Salamanca en un departamento moderno y bien ubicado Ubicación estratégica en la Urbanización Los Recaudadores – Salamanca A pasos del Jockey Plaza, El Derby, universidades, bancos, supermercados y con rápido acceso a Av. Circunvalación, Javier Prado y Canadá. Tu nuevo hogar incluye: • 3 dormitorios con clóset (principal con baño incorporado) • 2 baños completos • Sala comedor con cocina tipo kitchenette • Cocina equipada con tablero de granito y reposteros altos/bajos • Lavandería y conexión a gas • Vista exterior Y áreas comunes que suman valor a tu estilo de vida: • Lobby moderno de ingreso • Salón de usos múltiples • Zonas bbq y terrazas para compartir • Gimnasio equipado • Estacionamientos para bicicletas • Ascensor de última generación • Seguridad total 24/7 precio de estacionamiento: S/61, 000 / S/62, 000 (No incluido en el costo del departamento) Agenda tu visita. Contacto erika sanchez Ver datos|https://www.adondevivir.com/propiedades/clasificado/veclapin-venta-de-departamento-salamanca-149290032.html?n_src=Listado&n_pills=Parrilla&n_pg=6&n_pos=26|2026-03-18
adondevivir|departamentos|venta|Lima Este|Ate Vitarte|"Calle uno & av los Quechuas
Grumete Medina, Ate Vitarte"|S/ 448,920 · USD 129,000|448920|129000||70|"85 m² tot.
3 dorm.
2 baños
1 estac."|85|3|2|1|Excelente oportunidad de vivir en Salamanca, a pocos minutos de la Vía de Evitamiento, cerca de centros comerciales, universidades y zonas de fácil acceso. Características: 1er piso interior, frente a parque. 3 dormitorios amplios. Sala comedor con mampara y salida a patio interior. Cocina cerrada independiente. 2 baños completos. 1 cochera con ingreso amplio. Pet friendly. Ideal para familias que buscan comodidad, buena ubicación y áreas de recreación cerca.|https://www.adondevivir.com/propiedades/clasificado/veclapin-venta-o-alquiler-departamento-1-piso-en-salamanaca-148086452.html?n_src=Listado&n_pg=6&n_pos=27|2026-03-18
adondevivir|departamentos|venta|Lima Este|Ate Vitarte|"Capulies - Salamanca
Los Recaudadores, Ate Vitarte"|S/ 407,000 · USD 121,130|407000|121130||2|"67 m² tot.
2 dorm.
2 baños"|67|2|2||Tu nuevo hogar en salamanca – urb. Recaudadores Ubicación estratégica en la Urbanización Los Recaudadores – Salamanca, con acceso inmediato a: Jockey Plaza Centro Empresarial El Derby. Plaza Vea, colegios, universidades, bancos, restaurantes y principales vías como Av. Circunvalación, Javier Prado y Canadá. Caracteristicas del departamento: • 2 dormitorios con clóset (principal con baño incorporado) • 2 baños completos. • Sala comedor tipo kitchenette • Cocina equipada con reposteros altos, bajos y tablero de granito • Lavandería • Conexión a gas para cocina y terma • Balcón con vista exteriorAgenda tu visita contacto erika sanchez 968*840*017|https://www.adondevivir.com/propiedades/clasificado/veclapin-venta-de-departamento-con-vista-exterior-salamanca-147407199.html?n_src=Listado&n_pills=Gimnasio&n_pg=6&n_pos=28|2026-03-18
adondevivir|departamentos|venta|Lima Este|Ate Vitarte|"capulies y paracas
Salamanca De Monterrico, Ate Vitarte"|S/ 502,000|502000||||"83 m² tot.
3 dorm.
2 baños"|83|3|2||Venta de departamento Salamanca De Monterrico. Precios Especiales Capulies Ate Salamanca. edificio capulies es una nueva propuesta de edificio multifamiliar de diseño moderno pensado en ti, con moderno diseño y comodidad para disfrutar en familia. Ubicado estratégicamente en el corazón de Salamanca cerca a todo, centros comerciales, restaurantes, veterinarias, renovadora de calzado, colegios, universidades, nidos, etc. Cuenta con 9 pisos mas azotea, 24 departamentos bien distribuidos con iluminación natural, areas sociales de usos multipes, gimnasio, parqueo de bicicletas y más. Contamos con cochera en el sótano. Marzo 2025. Para mayor información al 9. 9. 9. 2. 7. 0. 9. 1. 8 con gusto te atenderé. Consúltame por los precios especiales.|https://www.adondevivir.com/propiedades/clasificado/veclapin-venta-departamento-de-83-m-sup2--de-3-dorm.-en-ate-142841224.html?n_src=Listado&n_pills=Cerca+a+colegios&n_pg=6&n_pos=29|2026-03-18
adondevivir|departamentos|venta|Lima Este|Ate Vitarte|"Av el banco
El Banco De Javier Prado, Ate Vitarte"|S/ 356,000 · USD 98,000|356000|98000|||"63 m² tot.
2 dorm.
2 baños"|63|2|2||Vive en un departamento de estreno, moderno y funcional, ubicado en una urbanización cerrada, segura y tranquila, frente a parque y áreas verdes, con acceso rápido a las principales vías: Av. Javier Prado, Av. Melgarejo y Óvalo Huarochirí. Cerca de colegios, minimarkets y comercios. Ideal para familias jóvenes o primera vivienda. Características del departamento. Área total: 63 m² Cocina semi amoblada con: Cocina encimera empotrable. Horno. Campana extractora. Terma a gas. Instalación de gas natural. Características del edificio: Ascensor Schindler. Área común. Zona de parrilla. Instalación interna de gas natural. Medidor de luz independiente. Sistema contra incendios. Disponibilidad: Departamentos en 4°, 7º y 9º piso. Contáctanos y agenda tu visita con sgl Inmobiliaria. ¡Aprovechá esta oportunidad de vivir en una zona segura, frente a parque y con excelente conectividad!|https://www.adondevivir.com/propiedades/clasificado/veclapin-venta-de-departamento-frente-a-parque-urbanizacion-147112445.html?n_src=Listado&n_pills=Seguridad&n_pg=6&n_pos=30|2026-03-18
adondevivir|departamentos|venta|Lima Este|Ate Vitarte|"Avenida 26 de Mayo
Ate Vitarte, Lima"|S/ 268,000 · USD 80,000|268000|80000|||"79 m² tot.
2 dorm.
1 baño"|79|2|||Vendo departamento en Ate Vitarte, en quinto piso, de dos dormitorios, un baño, sala-comedor, cocina, lavandería, terraza. Área total: 78. 65M2. Precio: 80, 000 dólares|https://www.adondevivir.com/propiedades/clasificado/veclapin-vendo-departamento-de-estreno-en-ate-vitarte-148820023.html?n_src=Listado&n_pills=Parrilla&n_pg=7&n_pos=1|2026-03-18
adondevivir|departamentos|venta|Lima Este|Ate Vitarte|"avenida 26 de Mayo
Ate Vitarte, Lima"|S/ 291,450 · USD 87,000|291450|87000|||"95 m² tot.
2 dorm.
2 baños"|95|2|2||Vendo departamento en Ate Vitarte, en quinto piso, de dos dormitorios, dos baños, sala-comedor, cocina, lavandería, terraza y patio. Área total: 95. 21 M2. Precio: 87, 000 dólares|https://www.adondevivir.com/propiedades/clasificado/veclapin-vendo-departamento-de-estreno-en-ate-vitarte-148820501.html?n_src=Listado&n_pills=Cerca+a+colegios&n_pg=7&n_pos=2|2026-03-18
adondevivir|departamentos|venta|Lima Este|Ate Vitarte|"Torres DE Santa Clara II
Ate Vitarte, Lima"|S/ 260,625 · USD 69,500|260625|69500|||"73 m² tot.
3 dorm.
2 baños
1 estac."|73|3|2|1|¡Espectacular departamento en Ate Vitarte! Se vende departamento en condominio en una zona exclusiva. En un área de 73. 00 m2 en Ate Vitarte. Esta ubicado en el 5to piso de un edificio de 10 pisos. A unos pasos del Real Plaza Santa Clara, Metro Santa Clara, Parque Zoológico Huachipa, Centro de Salud El Éxito, Campo Deportivo el alamo. Es la oportunidad de disfrutar desde una zona exclusiva próxima a todo lo que usted y su familia se merecen. Distribución: • Sala • Comedor• Cocina con muebles altos y bajos• 3 Dormitorios• Dormitorio principal con baño• Cochera. • Áreas comunes: piscina para niños y adultos, sala de eventos y gimnasio. • AscensorPrecio total: us$ 69, 500 dólares americanos. ¡No dudes en visitarla y vivir en un zona segura! * Las fotografías, precios y descripción de esta propiedad son|https://www.adondevivir.com/propiedades/clasificado/veclapin-departamento-ate-vitarte-148608240.html?n_src=Listado&n_pills=Piscina&n_pg=7&n_pos=3|2026-03-18
adondevivir|departamentos|venta|Lima Este|Chaclacayo|"CONDOMINIO LOS PRADOS
Chaclacayo, Chaclacayo"|S/ 332,500 · USD 95,000|332500|95000||250|"123 m² tot.
4 dorm.
2 baños
1 estac."|123|4|2|1|Disfruta de la vida en Chaclacayo, un distrito con clima cálido todo el año, dentro del prestigioso condominio Los Prados de Chaclacayo, diseñado para brindarte tranquilidad, seguridad y confort. Características principales: 4 dormitorios amplios, con excelente iluminación y closets. 2 baños. Cocina espaciosa y equipada, con muebles altos y bajos, tableros de granito. Sala y comedor con vistas privilegiadas, ideales para disfrutar momentos especiales en familia. Sala de estar y terraza privada, perfectas para reuniones, parrillas o simplemente relajarte bajo el sol de Chaclacayo. 1 estacionamientos. ♀️ Áreas comunes excepcionales: Piscina ideal para los días soleados. Áreas sociales diseñadas para compartir momentos inolvidables. Jardines interiores y espacios recreativos para niños, ofreciendo un ambiente seguro y tranquilo. Ubicación inmejorable: El condominio Los Prados de Chaclacayo está ubicado estratégicamente.. Su entorno combina la tranquilidad de la naturaleza con la comodidad de tener todo al alcance. Precio: usd 95, 000. ¡Este es el hogar que siempre soñaste! No dejes pasar la oportunidad de vivir en uno de los mejores condominios de Chaclacayo. Contáctanos hoy mismo para agendar una visita y enamorarte de este dúplex.|https://www.adondevivir.com/propiedades/clasificado/veclapin-duplex-frente-a-piscina-en-los-prados-de-chaclacayo-145303061.html?n_src=Listado&n_pills=Guardian%C3%ADa%2FSeguridad+privada&n_pg=1&n_pos=1|2026-03-18
adondevivir|departamentos|venta|Lima Este|Chaclacayo|"Condominio los Prados de chaclacayo
Chaclacayo, Lima"|S/ 299,000 · USD 99,000|299000|99000||250|"120 m² tot.
3 dorm.
2 baños"|120|3|2||Dpto. En 1er piso con jardín interior Y piscina en chaclacayo. Ubicación estratégica: Condominio Los Prados, Chaclacayo. Clima inmejorable todo el año, sol y aire fresco. A minutos de colegios, mercados, supermercados, bancos, restaurantes, cafeterías, bodegas, centro médico y la zona turística de Chaclacayo. Acceso directo por la Carretera Central. Características: 1er piso con jardín-terraza de 48. 27 m² Área total: 119. 67 m² (ac: 71. 40 m² + al: 48. 27 m²) Sala-Comedor bien iluminado. Cocina semi-abierta con reposteros altos y bajos. 3 dormitorios (principal con baño incorporado) 2 baños completos. Lavandería amplia y ventilada. 10 años de antigüedad. Áreas comunes del condominio: ️ Recepción y seguridad 24/7. ️ Ascensor por block. ️ Jardín central y piscina. ️ 2 zonas de parrilla y patio de juegos. ️ sum y gimnasio al aire libre. ️ Área comercial con bodega y bazar. Precio de ocasión: usd $99, 000 negociable. Mantenimiento: S/ 250 aprox. Visitas previa cita|https://www.adondevivir.com/propiedades/clasificado/veclapin-primer-piso-con-piscina-y-jardin-148345216.html?n_src=Listado&n_pills=Parrilla&n_pg=1&n_pos=2|2026-03-18
adondevivir|departamentos|venta|Lima Este|Chaclacayo|"Avenida Los Geranios 525
Chaclacayo, Lima"|S/ 510,000 · USD 150,000|510000|150000||130|"175 m² tot.
3 dorm.
3 baños
1 estac."|175|3|3|1|¡Bienvenido a la comodidad de vivir en Chaclacayo! Este encantador departamento se encuentra en una zona privilegiada. Si buscas un lugar espacioso, funcional y con excelentes comodidades, este departamento es ideal para ti. El departamento se encuentra en el piso 3 tiene 175. 36m2, cuenta con muy buena distribución con vista externa, con una sala comedor muy amplio, cocina con muebles altos y bajos. Cuenta con tres habitaciones: Dormitorio principal con closet y baño completo. Dormitorios secundarios con closet y comparten un baño completo. cuarto de servicio con su baño completo. Estacionamiento. La propiedad se encuentra a un paso de la carretera central, rodeado de parques, iglesias, la zona es muy tranquila. Cuenta con los documentos en regla. Disponible|https://www.adondevivir.com/propiedades/clasificado/veclapin-venta-de-bonito-departamento-con-vista-externa-piso-3-142589514.html?n_src=Listado&n_pills=Cuartos+de+servicio&n_pg=1&n_pos=3|2026-03-18
adondevivir|departamentos|venta|Lima Este|Chaclacayo|"Condominio del Valle, Chaclacayo
Chaclacayo, Lima"|S/ 296,000 · USD 80,000|296000|80000|||"82 m² tot.
3 dorm.
2 baños
1 estac."|82|3|2|1|Caracteristicas: Cocina con muebles altos y bajosÁrea de lavandería3 habitaciones2 bañosComedor y sala con acceso al balcóndescripcióncondominio Del Valle esta ubicado en la Carretera Central, cuenta con minimarket, área de juego para niños, área de parrilla, salón para eventos y sobre todo seguridad 24/7La habitación principal cuenta con su baño incorporado, Todas las habitaciones tienen su closet empotrado. El estacionamiento es aire libreEste precioso condominio tiene una infraestructura fuerte y sólida, pero no cuenta con ascensor. Si quieres vivir en un lugar tranquilo, seguro, accesible a la carretera central y sobre todo con un saludable clima todo el año entonces no dudes en comunicarte conmigo y agendar una cita. Todos los documentos esta saneados listo para ser transferible con crédito hipotecario o al contado. T. C. 3. 50Tipo de cambio referencial, sujeto a variación diaria por fluctuación del mercado|https://www.adondevivir.com/propiedades/clasificado/veclapin-hermoso-departamento-147516717.html?n_src=Listado&n_pills=Seguridad&n_pg=1&n_pos=4|2026-03-18
adondevivir|departamentos|venta|Lima Este|Chaclacayo|"Calle B 411, Chaclacayo
Chaclacayo, Lima"|S/ 437,500 · USD 125,000|437500|125000|||"144 m² tot.
4 dorm.
2 baños
1 estac."|144|4|2|1|Este bello duplex consta de: 5to piso-Cocina abierta con muebles altos y bajos con cocina por inducción y campana-Comedor y Sala con acceso al balcón con una hermosa vista-1 habitación que es un Walk in closet que se puede modificar-1 habitación amplia con closet empotrado- Baño completo6to piso-1 habitación con su baño incorporado que tiene sauna-1 sala de estar con mampara que da acceso a la terraza-Terraza techada con madera resistente y lindo acabado, -Área de lavandería-Estacionamiento techado con policarbonatoSi deseas mas información y concretar una cita, no dudes en llamarme o escribirme. T. C. 3. 50Tipo de cambio referencial, sujeto a variación diaria por fluctuación del mercado|https://www.adondevivir.com/propiedades/clasificado/veclapin-duplex-con-hermoso-acabado-147566865.html?n_src=Listado&n_pills=%C3%81rea+de+lavander%C3%ADa&n_pg=1&n_pos=5|2026-03-18
adondevivir|departamentos|venta|Lima Este|Chaclacayo|"Calle B 411, Chaclacayo
Chaclacayo, Lima"|S/ 280,830 · USD 75,900|280830|75900|||"73 m² tot.
3 dorm.
2 baños
1 estac."|73|3|2|1|Características del departamento-Cocina con muebles altos y bajos-Área de lavandería-Comedor -Sala con acceso al balcón con hermosa -Vista hacia las áreas comunes y piscina-2 Dormitorios-1 Baño completo-1 Dormitorio principal con closet y -Baño incorporadoEste condominio esta cerca a parques, Colegios, Bancos, supermercados, mercados, boticas, a unas cuadras de la Carretera Central. Si deseas mas información comunícate conmigo. T. C. 3. 50Tipo de cambio referencial, sujeto a variación diaria por fluctuación del mercado|https://www.adondevivir.com/propiedades/clasificado/veclapin-departamento-acogedor-con-vista-hacia-la-piscina-147485858.html?n_src=Listado&n_pills=Piscina&n_pg=1&n_pos=6|2026-03-18
adondevivir|departamentos|venta|Lima Este|Chaclacayo|"Condominio los Prados de Chaclacayo
Chaclacayo, Lima"|S/ 228,883|228883||||"105 m² tot.
3 dorm.
2 baños"|105|3|2||Contacto directo / Zaida Zeta / Cel. 9. 2. 3. 7. 6. 4. 1. 3. 2Venta de amplio departamento en los condominios Los Prados de Chaclacayo. A 105, 41 m²Primer piso con jardín interiorDescripción y beneficios del: Cocina americana: equipada con muebles altos y bajos, cocina a gas, micro ondas y campana extractora. Sala y comedor: con buena distribución. Lavandería: independiente para mayor practicidad. Incluye Terma marca Sole operativa en perfecto estado. Tres dormitorios: con clóset, espacios cómodos y bien organizados, todos con vista a jardín interior. Dos baños completos: con mueblería instalada therma sole en buen estado, agua caliente y fria para toda la vivienda. Área de escritorio: perfecta para trabajo remoto o estudio. No tiene CocheraExcelente iluminación natural en todos los ambientes. Áreas comunes del condominio: PiscinaZona de parrillaJuegos para niñosÁreas verdesMini gimnasioVigilancia permanente. Información adicionalCosto de mantenimiento aprox: S/. 200Precio de venta en dolares: usd 67, 900Contacto directoZaida Zeta cel. 9. 2. 3. 7. 6. 4. 1. 3. 2|https://www.adondevivir.com/propiedades/clasificado/veclapin-venta-de-departamento-en-chaclacayo-primer-piso-148935589.html?n_src=Listado&n_pills=Jard%C3%ADn&n_pg=1&n_pos=7|2026-03-18
adondevivir|departamentos|venta|Lima Este|Chaclacayo|"Condominio del Valle, Chaclacayo
Chaclacayo, Lima"|S/ 314,500 · USD 85,000|314500|85000|||"85 m² tot.
3 dorm.
2 baños
1 estac."|85|3|2|1|Este condominio esta ubicado en la carretera central de eso permite que todos los habitantes se puedan movilizar tranquilamente a sus centros de trabajo o estudio, además este condominio cuenta con un minimarket, centro de juego para niños, salon de uso, área de parrilla, seguridad 24/7. T. C. 3. 50Tipo de cambio referencial, sujeto a variación diaria por fluctuación del mercado|https://www.adondevivir.com/propiedades/clasificado/veclapin-hermoso-depa-en-4to-piso-145082402.html?n_src=Listado&n_pg=1&n_pos=8|2026-03-18
adondevivir|departamentos|venta|Lima Este|Chaclacayo|"Full Amoblado, Equipado, Vista Exterior, 5 Años DE Antiguedad EN Salamanca
Salamanca De Monterrico, Ate Vitarte"|S/ 352,800 · USD 105,000|352800|105000|||"62 m² tot.
2 dorm.
1 baño"|62|2|||¡Bienvenido a departamento moderno con solo 5 años de antigüedad en El Rosal de Salamanca! Este encantador hogar ofrece 2 acogedores dormitorios, 1 baño completo y un balcón perfecto para disfrutar del aire fresco. La cocina está equipada y lista para tus aventuras culinarias. Además, cuenta con una lavandería práctica. Ubicado en el tercer piso, este departamento amoblado te permite vivir con estilo y comodidad. Disfruta de la tranquilidad con seguridad y portería las 24 horas. ¿Tienes mascotas? ¡Son bienvenidas aquí! Con un ascensor a tu disposición, el acceso es fácil y rápido. Contarás con una linda vista, y la disposición frente te asegura una estadía agradable día a día. Vive cerca de todo lo que necesitas en Lima, en una urbanización segura. No dejes pasar esta oportunidad única de ser parte de una comunidad vibrante. ¡Tu nuevo hogar te espera! resumen: precio de venta amoblado: us$ 105, 000Departamento – El Rosal de Salamanca-Ubicado en urbanización segura y tranquila-A 1 cuadra de hermoso Parque con lozas deportivas y juegos infantiles &quot;las dalias&quot;, A pocos metros de Av. Los Quechuas. -3. er piso con ascensor-5 años de antigüedad y poco uso-Vista exterior con excelente iluminación natural-Sala–comedor ventilada-Balcón con vista exterior-Cocina equipada, con menaje y funcional-2 dormitorios cómodos-1 baño completo-Área de lavandería-Amoblado y equipado-Seguridad y portería 24/7-Se permiten mascotas“Honestidad, Transparencia y Servicios Creativos. Nuestros pilares para brindarles la mejor asesoría inmobiliaria. ”Si desea vender o alquilar su inmueble no dude en contactarse con nosotros.|https://www.adondevivir.com/propiedades/clasificado/veclapin-full-amoblado-equipado-5-anos-de-antiguedad-y-vista-148968287.html?n_src=Listado&n_pills=Guardian%C3%ADa%2FSeguridad+privada&n_pg=1&n_pos=1|2026-03-18
adondevivir|departamentos|venta|Lima Este|Chaclacayo|"Lerida 211 al 200
Mayorazgo, Ate Vitarte"|S/ 530,100 · USD 155,000|530100|155000||100|"143 m² tot.
3 dorm.
3 baños"|143|3|3||Contacto: maria arevalo: 9*6*3*2*9*2*9*9*9¡Vive con el espacio y la comodidad que tu familia merece! Imagina un hogar donde cada miembro tenga su propio baño, donde la sala y la cocina se integran en un solo ambiente acogedor, y donde disfrutas de la tranquilidad de una zona segura. Ese lugar existe: tu nuevo departamento en semisótano en Ate Vitarte. Características principales: Área ocupada: 156. 32 m²Área construida: 142. 43 m²Área libre: 13. 89 m²3 dormitorios, cada uno con baño completo propioSala comedor amplia con cocina abiertaAntigüedad: 26 años, bien conservadoUbicación estratégica: Al lado del Colegio San Lorenzo, cerca a la Pre Lima, con rápido acceso a Javier Prado, Separadora Industrial y centros comerciales como Puruchuco. Además, estarás a pasos de parques, servicios y zonas seguras que realzan tu calidad de vida. Beneficios que te encantarán: Privacidad total: cada habitación con baño propioConectividad y comodidad a minutos de todoEspacios amplios, funcionales y bien ventiladosZona tranquila, ideal para familiasSi buscas un hogar espacioso, práctico y en una ubicación privilegiada, este departamento es para ti. ¡Contáctanos y agenda tu visita hoy mismo — descubre el lugar donde tu nueva etapa comienza! contacto: maria arevalo: 9*6*3*2*9*2*9*9*9id: 1*1*5*8*9*9*8|https://www.adondevivir.com/propiedades/clasificado/veclapin-venta-de-departamento-en-mayorazgo-147904304.html?n_src=Listado&n_pills=%C3%81rea+de+lavander%C3%ADa&n_pg=1&n_pos=2|2026-03-18
adondevivir|departamentos|venta|Lima Este|Chaclacayo|"Av. Marginal al 100
Javier Prado Et.6, Ate Vitarte"|S/ 404,168 · USD 120,000|404168|120000|||"126 m² tot.
3 dorm.
2 baños"|126|3|2||Oferta de departamento – segundo piso, 126 m²Ubicación privilegiada cerca al Trébol de Javier Prado, con acceso rápido a universidades, centros comerciales y parques. Vive en un entorno seguro, tranquilo y con excelente iluminación natural. Características principales: Área total: 126 m²Piso: Segundo pisoEdificio de solo tres pisos3 habitaciones ampliasSala y comedor con luz natural directaÁrea para estudio o home officeCocina y lavandería. Excelente ventilación e iluminaciónSeguridad y ambiente residencialBeneficios: Conectividad a las principales vías de la ciudadCerca a parques, colegios y centros comercialesIdeal para familias o profesionales que buscan comodidad y ubicaciónOportunidad única: vive con calidad y tranquilidad en una zona estratégica de la ciudad. Contáctanos para agendar una visita y conocer tu próximo hogar.|https://www.adondevivir.com/propiedades/clasificado/veclapin-departamento-en-javier-prado-et.6-149149205.html?n_src=Listado&n_pills=%C3%81rea+de+lavander%C3%ADa&n_pg=1&n_pos=3|2026-03-18
adondevivir|departamentos|venta|Lima Este|Chaclacayo|"Av. Prol. Javier Prado Este 9051 al 9000
Ate Vitarte, Lima"|S/ 705,600 · USD 210,000|705600|210000|||"270 m² tot.
5 dorm.
4 baños"|270|5|4||Contacto: santa cruz buendía yieny kennithcell: 9*8*6*9*8*7*3*4*6venta de amplio dúplex en av. Javier prado – ategran oportunidad de inversión o vivienda en una de las avenidas más importantes y comerciales de Lima. - Ubicado en plena Avenida Javier Prado- Frente al Poder Judicial del Perú- A solo 3 minutos del Real Plaza Puruchuco- A 3 cuadras de la estación Estación Los Jardines del Metro de Lima-Cerca de bancos, supermercados, centros comerciales y principales servicios. características generalesárea total: 270 m²(135 m² en 4° piso + 135 m² en 5° piso) 5 habitaciones amplias4 baños completosLuz y agua independizadosExcelente iluminación naturalAmbientes amplios y ventiladosDormitorio con baño incorporadoHabitaciones adicionalesEspacios versátiles (oficina, sala de estar o área social) Potencial para terraza o zona de reunionesideal para: - Familia numerosa- Vivienda + oficina- Inversión para alquiler por habitaciones- Profesionales que buscan ubicación estratégicaUna propiedad con gran metraje, excelente conectividad y alto potencial de valorización. Te invito a conocerlo personalmente. Para más información o agendar una visita, contáctame. contacto: santa cruz buendía yieny kennithcell: 9*8*6*9*8*7*3*4*6id: 1*1*7*2*9*4*2|https://www.adondevivir.com/propiedades/clasificado/veclapin-venta-de-duplex-en-av-javier-prado-ate-149037895.html?n_src=Listado&n_pills=Jard%C3%ADn&n_pg=1&n_pos=4|2026-03-18
adondevivir|departamentos|venta|Lima Este|Chaclacayo|"Prolongacion Javier Prado Este 9132
Los Portales De Javier Prado, Ate Vitarte"|S/ 450,000 · USD 120,000|450000|120000|||"126 m² tot.
4 dorm.
3 baños
1 estac."|126|4|3|1|Ate - (Urb. Los Portales de Javier Prado) departamento en venta Prolong. Javier Prado Ate, muy cerca de Real Plaza Puruchuco, con acceso a avenidas principales en 4to piso (sin ascensor) 6 razones para comprar el departamento 1. Es amplio mide 126 Mts. 2. Tiene vista a calle (iluminación asegurada) 3. Solo 01 departamento por piso ( baja densidad de vecinos, solo 04 pisos) 4. Es de estreno (nadie lo ha ocupado). 5. Dormitorios para camas Queen. (02 con baño completo y 02 comparten un baño). 6. No tiene deuda, hipoteca o cargas. 7. No pagas mantenimiento. Además la sala comedor es amplia, baño de cocina cerrada con puerta vaiven y lavandería separada y ventilada con espacio para tendal, Adquierelo por solo us$ 120, 000 Hay cochera disponible adicional al precio del departamento, Opcional: $10, 000 Datos adicionales: Arbitrios e impuestos al día. Departamento paga Alcabala. Contacto: Enrique Alema? n al Ver datos|https://www.adondevivir.com/propiedades/clasificado/veclapin-departamento-de-estreno-de-126-m-de-04-dorm.-03-banos-147857158.html?n_src=Listado&n_pills=%C3%81rea+de+lavander%C3%ADa&n_pg=1&n_pos=5|2026-03-18
adondevivir|departamentos|venta|Lima Este|Chaclacayo|"Urbanización El Banco De Javier Prado, Ate, Lima
Ate Vitarte, Lima"|"S/ 379,000 · USD 113,500
5%"|379000|113500|5%|80|"90 m² tot.
3 dorm.
2 baños"|90|3|2||Se vende amplio y moderno departamento – Excelente ubicación límite con La Molina5 piso sin ascensorSe vende lindo y amplio departamento de 90. 35 m², con vista externa y excelente distribución. Cuenta con 3 dormitorios, todos con closets. El dormitorio principal incluye baño incorporado. Además, dispone de un baño completo adicional para compartir. Ambos baños cuentan con espejos biselados, puertas corredizas, buena iluminación y acabados modernos. La propiedad ofrece una amplia sala-comedor, destacando un mueble decorativo con iluminación, ideal para un ambiente moderno y acogedor. La cocina se encuentra totalmente amoblada, con reposteros altos y bajos, campana extractora y buen espacio de almacenamiento. Incluye área de lavandería con conexión para lavadora, lavadero y mueble auxiliar. Área total: 90. 35 m²Documentación: En regla, inscrito en Registros PúblicosUbicación estratégica: Cerca de parques y avenidas principalesA pocos minutos del Óvalo HuarochiríEspaldas del colegio AlpamayoCerca del Estadio Monumental de la ulímite con La MolinaPrecio de venta: us$ 115. 000|https://www.adondevivir.com/propiedades/clasificado/veclapin-urbanizacion-el-banco-de-javier-prado-ate-lima-5-148895945.html?n_src=Listado&n_pills=%C3%81rea+de+lavander%C3%ADa&n_pg=1&n_pos=6|2026-03-18
adondevivir|departamentos|venta|Lima Este|Chaclacayo|"Condominio Golf LOS Andes - Ñaña
Chosica (Lurigancho), Lima"|S/ 190,840 · USD 56,000|190840|56000|||"57 m² tot.
3 dorm.
2 baños
1 estac."|57|3|2|1|"Bajó de precio Y es negociable!! ¡Si quieres vivir en un solo lugar con sol todo el año, este es el lugar perfecto para ti! Departamento de estrenolindo Departamento de 57. 75 m² en un bonito condominio ubicación: Estamos ubicados en el Km. 19 de la Carretera Centraldescripción: Piso 2, vista exteriorHabitación principal con baño incluido2 habitaciones adicionales, con vista exteriorBaño completo para compartir. Cocina Americana abiertaSala comedor con excelente iluminación naturalLavanderíaCocherael condominio: Ingreso por un ingreso libre muy cuidadoCon un solo ingreso, cámaras de vigilancia y personal de seguridad 24/7. Áreas verdes y espacios de recreaciónEl costo de mantenimiento es de S/ 180 aprox. Que incluye el aguaresumen: 57. 75 m²Piso 2Vista exterior3 habitaciones | 2 baños completosCocina abiertaEl Condominio es Pet-friendly. Precio negociableEs una gran oportunidad de vivir en un lugar muy bonito, limpio y sobre todo con mucha seguridad* Sujeto a tipo de cambio de la sbscomunicate conmigo para reservar una cita! R. U. C Ver datos"|https://www.adondevivir.com/propiedades/clasificado/veclapin-venta-de-lindo-departamento-en-condominio-golf-los-145951229.html?n_src=Listado&n_pills=%C3%81rea+de+lavander%C3%ADa&n_pg=1&n_pos=7|2026-03-18
adondevivir|departamentos|venta|Lima Este|Chaclacayo|"C. Marbella al 200
Mayorazgo, Ate Vitarte"|S/ 482,330 · USD 139,000|482330|139000|||"99 m² tot.
3 dorm.
2 baños"|99|3|2||Contacto: laura riscocel: 9*4*3*7*7*6*6*2*8venta de departamento 99 m2 en mayorazgo ate A unas cuadras del centro preuniversitario U lima¿Estás buscando el departamento de tus sueños? ¡Tenemos la solución perfecta para ti! Se vende amplio departamento en piso 3, ubicado en Urb. Mayorazgo iii Etapa, en una zona residencial y segura. ubicación En calle Marbella 259. - A 1 cuadra de Av. Separadora Industrial y Ovalo de Mayorazgo. - A pocas cuadras del centro preuniversitario ulima e Iglesia San José de Mayorazgo. - A la altura del Estadio Monumental de la U. - Cercano al tren (Estación Hermilio Valdizan), mercado Productores, mercado Mayorista, Centro Comercial Plaza Josfel y Real Plaza Puruchuco. áreas- Área de terreno (at): 99. 05 m2- Área Construida (ac): 99. 05 m2distribución- Sala - comedor - Cocina cerrada- Lavandería- 1 habitación principal con baño incorporado- 2 habitaciones secundarias- 1 baño compartido- 1 habitación y baño de servicio. - Ascensor Documentación en reglaNo pierdas la oportunidad de vivir cómodamente en una de las mejores zonas de Lima. ¡Agenda tu visita ya! contacto: laura riscocel: 9*4*3*7*7*6*6*2*8id: 1*1*2*8*8*3*4|https://www.adondevivir.com/propiedades/clasificado/veclapin-venta-de-departamento-99-m-sup2--en-mayorazgo-ate-145779176.html?n_src=Listado&n_pills=%C3%81rea+de+lavander%C3%ADa&n_pg=1&n_pos=8|2026-03-18
adondevivir|departamentos|venta|Lima Este|Chaclacayo|"Jr. Juan Jose Crespo al 100
Ate Vitarte, Lima"|S/ 684,560 · USD 199,000|684560|199000|||"372 m² tot.
3 dorm.
2 baños
2 estac."|372|3|2|2|**¡Oportunidad Exclusiva en Ate Vitarte! ** Tu nuevo hogar te espera en una de las zonas más encantadoras de Lima. Descubre esta acogedora casa que incluye el primer piso y los aires del tercer piso, asimismo cuenta con 02 amplios estacionamientos. Un espacio pensado para disfrutar de la tranquilidad, la comodidad y una vida en armonía con la naturaleza. Natural y Frente a Parque: Disfruta de la frescura de las áreas verdes y la paz que solo vivir frente a un parque puede ofrecer. Ideal para quienes valoran los espacios abiertos y la calidad de vida. Vista Privilegiada: Con una hermosa vista a la calle y al exterior, tu nuevo hogar estará lleno de luz natural y con una fachada que destaca. **Características del Departamento: • 3 cómodas habitaciones• 2 baños completos• Amplia sala y comedor para compartir en familia• Cocina funcional y bien distribuida• ¡Incluye 2 estacionamientos! • Frente a un parque hermoso y bien cuidadoEste departamento es perfecto para quienes buscan un hogar amplio, bien ubicado y listo para mudarse. Ubicado en una zona privilegiada de Ate Vitarte, rodeado de serenidad, áreas verdes y con fácil acceso a servicios, comercios y entretenimiento. ¡No dejes pasar esta oportunidad única de vivir como siempre soñaste! Contáctanos hoy y ven a conocer el lugar donde comienza tu nueva historia. Consultar con el Agente Inmobiliario encargado para mayor información Ver datos.|https://www.adondevivir.com/propiedades/clasificado/veclapin-departamento-a-la-venta-en-ate-vitarte-147856025.html?n_src=Listado&n_pg=1&n_pos=9|2026-03-18
adondevivir|departamentos|venta|Lima Este|Chaclacayo|"Jerez 120
Ate Vitarte, Lima"|"S/ 560,000 · USD 160,000
11%"|560000|160000|11%||"114 m² tot.
4 dorm.
2 baños
1 estac."|114|4|2|1|Se vende amplio departamento en primer piso + cocheraExcelente oportunidad de adquirir un espacioso departamento de 124 m², ubicado a la altura de la cuadra 31 de Separadora Industrial en ate vitarte, en una zona residencial tranquila y segura. El departamento se encuentra en primer piso, lo que brinda comodidad y fácil acceso, y cuenta con: -3 dormitorios, todos bien ventilados y con excelente iluminación natural-Dormitorio de servicio con baño completo-Cochera incluida-Área total: 124 m²La zona destaca por sus amplios jardines y áreas verdes, ideales para disfrutar en familia, además de contar con vigilancia las 24 horas del día, brindando seguridad y tranquilidad. Vive en un entorno con clima seco y sol todo el año, ideal para una mejor calidad de vida. No pierda esta oportunidad de ser dueño de este cómodo y funcional departamento. Contáctenos para más información o para agendar una visita. Contáctanos hoy y agenda tu visita. T. C. 3. 50Tipo de cambio referencial, sujeto a variación diaria por fluctuación del mercado|https://www.adondevivir.com/propiedades/clasificado/veclapin-se-vende-departamento-primer-piso-mas-cochera-148689996.html?n_src=Listado&n_pills=Jard%C3%ADn&n_pg=1&n_pos=10|2026-03-18
adondevivir|departamentos|venta|Lima Este|Chaclacayo|"Rio Marañon, Ate 15498, Perú
Ate Vitarte, Lima"|S/ 235,280 · USD 68,000|235280|68000|||"75 m² tot.
3 dorm.
2 baños"|75|3|2||Contacto: Doris Gueverateléfono: 9*6*6*6*5*6*5*9*9venta dpto en los angeles de vitarte - atedisfruta de la comodidad, seguridad y una ubicación estratégica de un departamento tipo flat 75. 12 m², ubicado en el 2er piso, ideal para quienes deseen calidad de vida. Características: • 3 amplios dormitorios• Dormitorio principal con baño. • Cocina estilo americano, integrada con el comedor, sala con vista a calle, iluminación y ventilación natural. • Área de lavandería y tendal. Muy cerca de las principales vías de acceso como a la Av. Metropolitana, Av. Los Ángeles, Mercado Mayorista, Mercado Productores, C. C Puruchuco, Josfel, parques, colegios, supermercados. ¡No dejes pasar esta oportunidad! Agenda tu visita hoy mismo y descubre tu próximo hogarTambién contamos con otros departamentos flat disponibles: 2do Piso• Área: 57. 96 m²• 2 dormitorios (principal con baño y clóset incluido) • Cocina americana con muebles altos y encimeras. • 2 baños3er Piso• Área: 75. 12 m²• 3 amplios dormitorios, • Dormitorio principal con baño. • Cocina estilo americano, integrada con el comedor, sala con vista a calle, iluminación y ventilación natural. • Área de lavandería y tendal. 5to Piso• Área: 57. 96 m²• 2 dormitorios (principal con baño y clóset incluido) • Cocina americana con muebles altos y encimeras de granito• Medio baño¡Opciones para cada necesidad! Escríbeme y te ayudo a encontrar el departamento ideal para ti. contacto: Doris Gueverateléfono: 9*6*6*6*5*6*5*9*9id: 1*1*7*4*4*8*8|https://www.adondevivir.com/propiedades/clasificado/veclapin-departamento-en-ate-vitarte-149207644.html?n_src=Listado&n_pills=%C3%81rea+de+lavander%C3%ADa&n_pg=1&n_pos=11|2026-03-18
adondevivir|departamentos|venta|Lima Este|Chaclacayo|"calle los libertadores 396
Valdiviezo, Ate Vitarte"|S/ 256,700 · USD 75,500|256700|75500|||"79 m² tot.
3 dorm.
2 baños"|79|3|2||Moderno edificio de 7 pisos, con solo 2 departamentos por piso, ideal para quienes buscan privacidad, comodidad y buena distribución. Unidades de 79 m² y 94 m², disponibles del 2. º al 6. º piso. Pensado especialmente para familias jóvenes con niños, gracias a su cercanía a colegios y a un parque zonal, así como para personas que trabajan en Lima Este y buscan excelente conectividad. Cada departamento cuenta con: 3 dormitorios con buena iluminación natural. 2 baños completos. Sala – comedor amplia y luminosa. Cocina abierta, moderna y funcional. Lavandería compacta. Contara con Ascensor. Ubicación estratégica. Cerca al Mercado de Frutas, Parque Cahuide, Terminal y Camal de Yerbateros. Rápido acceso a Carretera Central, Av. Circunvalación y Av. Nicolás Arriola. Proyecto en obra, con acabados por culminar. Una excelente oportunidad para vivir en un espacio moderno y bien ubicado. Escríbeme para más información.|https://www.adondevivir.com/propiedades/clasificado/veclapin-edificio-multifamiliar-moderno-lima-esteezo-147571027.html?n_src=Listado&n_pills=%C3%81rea+de+lavander%C3%ADa&n_pg=1&n_pos=12|2026-03-18
adondevivir|departamentos|venta|Lima Este|Chaclacayo|"Prolongación Los Ajenjos al 100
Salamanca De Monterrico, Ate Vitarte"|S/ 465,300 · USD 141,000|465300|141000||160|"72 m² tot.
3 dorm.
2 baños
2 estac."|72|3|2|2|Departamento en venta en la Urbanización Salamanca, ideal para parejas jóvenes o familias pequeñas que buscan vivir en una zona residencial bien conectada y con todo a la mano. Excelente ubicación con rápido acceso a Vía de Evitamiento y Av. Circunvalación, facilitando la movilidad hacia distintos distritos de Lima. El departamento tiene 72 m², se encuentra en 5to piso con ascensor y cuenta con vista externa, lo que garantiza buena iluminación natural. La sala comedor se integra a un pequeño balcón, perfecto para un momento de descanso al final del día. Dispone de cocina cerrada con mesada de granito y lavandería independiente, aportando mayor orden y practicidad. Cuenta con 2 dormitorios con clósets, el dormitorio principal con baño completo incorporado, y un segundo baño completo ubicado en el pasadizo que también funciona como baño de visitas. Como valor agregado, el departamento ofrece un ambiente flexible, ideal como home office o cuarto de bebé, con clóset incluido, adaptándose fácilmente a nuevas etapas de vida. Uno de sus mayores diferenciales es que incluye doble cochera y depósito, una característica poco común en Salamanca, que incrementa notablemente su valor. El edificio cuenta con ascensor y seguridad, y el departamento se encuentra impecable y listo para mudarse. Ubicado a 10 minutos caminando de Plaza Vea Salamanca, cerca de colegios como Pamer, Trilce y Saco Oliveros, y de la Universidad de Lima.|https://www.adondevivir.com/propiedades/clasificado/veclapin-departamento-en-venta-en-salamanca-72-m-sup2--doble-149273178.html?n_src=Listado&n_pills=Seguridad&n_pg=1&n_pos=13|2026-03-18
adondevivir|departamentos|venta|Lima Este|Chaclacayo|"Calle prolongacion los ajenjos
Salamanca De Monterrico, Ate Vitarte"|S/ 328,000 · USD 98,000|328000|98000||80|"70 m² tot.
3 dorm.
2 baños"|70|3|2||Agente domus: Wilson Mendoza 9. 6. 1. 7. 1. 8. 6. 4. 5. Oportunidad en Salamanca de Monterrico en ate. ¡Viva la vida en un departamento en el corazón de Salamanca! Presentamos este hermoso departamento de 70 m2, ubicado en el cuarto piso de un edificio moderno y seguro. Este departamento es ideal para aquellos que buscan un hogar cómodo y práctico en una zona privilegiada de la ciudad. A pocas cuadras de la Av. Javier Prado - Jockey Plaza. Frente a la iglesia de los Mormònes en Salamanca. Características. - 3 dormitorios amplios y luminosos. - 2 baños completos con acabados de alta calidad. - Cocina equipada con: - Encimera, Campana y horno. - Tablero de granito. - Lavandería super ventilada. - Conexión a Gas Calidda para una mayor comodidad. - Therma para agua caliente. - Ascensor para un acceso rápido y seguro. Ubicado en el corazón de Salamanca, a pasos del plaza vea del arco de Salamanca, cerca de la Universidad y de los principales lugares de interés. - Zona segura y tranquila, con fácil acceso a las principales vías de la ciudad. - Cercana a parques, colegios y universidades. Equipamiento y comodidades. - Departamento equipado con todo lo necesario para una vida cómoda y práctica. - Ascensor para un acceso rápido y seguro. listo para habitar ¡ El precio en soles es referencial al tipo de cambio. No pierda la oportunidad de hacer de este departamento su hogar. Contacte con nosotros para obtener más información y programar una visita.|https://www.adondevivir.com/propiedades/clasificado/veclapin-vendo-departamento-en-salamanca-de-monterrico.-147603536.html?n_src=Listado&n_pills=%C3%81rea+de+lavander%C3%ADa&n_pg=1&n_pos=14|2026-03-18
adondevivir|departamentos|venta|Lima Este|Chaclacayo|"Lerida 238
Mayorazgo, Ate Vitarte"|S/ 439,000 · USD 125,788|439000|125788||80|"114 m² tot.
3 dorm.
2 baños"|114|3|2||Amplio departamento en edificio exclusivo de solo 3 pisos con 1 departamento por nivel, ideal para quienes buscan privacidad y tranquilidad. Distribución. Sala – comedor amplia y bien iluminada. Cocina con reposteros altos y bajos con ingreso independiente. 3 dormitorios con clóset. Dormitorio principal con baño incorporado. Sala de estar o family room. Medio baño de visita. 1 baño completo adicional. Lavandería independiente con área de tendal. Características. Área: 114 m² Antigüedad: 20 años. Pet friendly. 2 cisternas de agua. Ubicación. Cerca de Real Plaza Puruchuco y con fácil acceso a Jockey Plaza, colegios, universidades y transporte. Precio competitivo en la zona. Agenda tu visita.|https://www.adondevivir.com/propiedades/clasificado/veclapin-departamento-amplio-en-venta-114-m-sup2--1-por-149218352.html?n_src=Listado&n_pills=%C3%81rea+de+lavander%C3%ADa&n_pg=1&n_pos=15|2026-03-18
adondevivir|departamentos|venta|Lima Este|Chaclacayo|"Calle E 17
Alameda De La Rivera, Ate Vitarte"|S/ 357,000 · USD 105,000|357000|105000|||"103 m² tot.
3 dorm.
2 baños"|103|3|2||Doors, te presenta departamentos de estreno en Venta, ubicados en una zona privilegiada por estar cerca del Mercado Mayorista y Mercado Productores, a pasos de colegios, parques y avenidas principalesAl ingresar al departamento encontraras una sala comedor amplia e iluminada con vista a la calle, una cocina completa, área de lavandería independiente, dos baños completos, tres dormitorios amplios, el dormitorio principal con baño incorporado. Los acabados de los departamentos son de primera calidad, Los Departamentos disponibles: Tercer piso $106, 000. 00Cuarto piso $98, 000. 00Quinto piso $92, 500El edificio es de cinco pisos, un departamento por pisoAgendemos una visita! En Doors, ofrecemos un servicio integral en la gestión de compra, venta y alquiler de inmuebles. Nuestro equipo de profesionales trabaja con seriedad, transparencia y compromiso para garantizar operaciones seguras y exitosas. Nos enfocamos en brindar asesoría personalizada, acompañando a cada cliente en cada etapa del proceso inmobiliario, desde la valoración del inmueble hasta la firma final. Con un profundo conocimiento del mercado y una red de contactos sólida, ayudamos a propietarios e inversores a tomar las mejores decisiones. Nuestra misión es ser un aliado de confianza, generando valor y construyendo relaciones duraderas basadas en la ética y la excelencia. En Doors, creemos que una casa es mucho más que paredes y techos: es el lugar donde empiezan los sueños. Por eso, trabajamos cada día para ayudarte a encontrar el hogar perfecto o la inversión ideal. Te acompañamos en todo el camino, con cercanía, honestidad y experiencia, para que vivas el proceso de comprar, vender o alquilar de forma sencilla y segura. Nuestro propósito es unir personas con lugares especiales, y hacerlo siempre con pasión y confianza.|https://www.adondevivir.com/propiedades/clasificado/veclapin-departamento-estreno-en-venta-en-la-urb.-alameda-de-la-148352967.html?n_src=Listado&n_pills=%C3%81rea+de+lavander%C3%ADa&n_pg=1&n_pos=16|2026-03-18
adondevivir|departamentos|venta|Lima Este|Chaclacayo|"Av. Prol. Javier Prado Este 6800
Mayorazgo Etapa V, Ate Vitarte"|S/ 418,100 · USD 113,000|418100|113000||90|"50 m² tot.
1 dorm.
1 baño"|50|1|||Se vende dpto de 50. 5 m2 frente del colegio El Alpamayo, con una vista espectacular al parque. Sala-comedor con vista panorámica, kitchenette, dormitorio principal con vista panorámica, baño, lavandería. Ventanas amplias tipo mampara. Paredes y techo empastados. El edificio es seguro y modernoExiste el mantenimiento y la limpieza correspondiente, y en forma permanente. Costo promedio mensual de mantenimiento y servicios de limpieza es S/ 90. 00 soles. Escalera descansada. T. C. 3. 50Tipo de cambio referencial, sujeto a variación diaria por fluctuación del mercado|https://www.adondevivir.com/propiedades/clasificado/veclapin-venta-departamento-frente-el-colegio-alpamayo-146958015.html?n_src=Listado&n_pills=%C3%81rea+de+lavander%C3%ADa&n_pg=1&n_pos=17|2026-03-18
adondevivir|departamentos|venta|Lima Este|Chaclacayo|"Las Fresas
Ceres, Ate Vitarte"|S/ 325,085 · USD 95,000|325085|95000||20|"90 m² tot.
3 dorm.
2 baños"|90|3|2||Departamentos de: - 3 Dormitorios. - Dormitorio principal #1 con baño incluido. - Dormitorio #2. - Dormitorio #3. - Sala amplia con vista exterior y balcón. - Baño completo para Dormitorio #2 y #3. - Baño de visita. - Cocina moderno con repostero y horno. - Lavandería. - Tendal de ropa (piso 6) - Gas natural. - Intercomunicador. - Tanque sisterna de agua con bomba 1 tanque elevados. Ubicado en calle las fresas cuadra 2. Referencia Cuadra 10 de av Metropolitana y las nueces. (paradero chuletón)|https://www.adondevivir.com/propiedades/clasificado/veclapin-venta-de-departamento-148615387.html?n_src=Listado&n_pills=Guardian%C3%ADa%2FSeguridad+privada&n_pg=1&n_pos=18|2026-03-18
adondevivir|departamentos|venta|Lima Este|Chaclacayo|"Salamanca de Monterrico
Salamanca De Monterrico, Ate Vitarte"|S/ 463,500 · USD 133,000|463500|133000||100|"107 m² tot.
3 dorm.
2 baños"|107|3|2||Venta Departamento en Salamanca De Monterrico S/ 503, 700Edificio exclusivo de solo 3 departamentos, uno por piso. Ubicado en zona tranquila y estratégica de Salamanca – ate, este edificio de construcción sólida y ambiente familiar ofrece privacidad y comodidad. Se vende amplio departamento de 107 m2 en tercer piso, Distribución: • 3 habitaciones espaciosas • 2 baños• Hall de Ingreso Amplio• Star que se puede usar como para Sala de Tv• Amplia Sala comedor• Cocina independiente concepto cerrado muebles altos y bajos de madera caoba• Área de lavandería• Area de Tendal en 4to piso• Una habitación adicional que se puede adecuar o adaptar según necesidad. • Espacio para realizar ParrillaVentajas de la propiedad: • Frente a Parque• Excelente conectividad: cerca de avenidas principales, colegios, supermercados, bancos y transporte público• Zona tranquila y segura• A pesar de no contar con cochera tiene espacio exclusivo y seguro frente al departamento para estacionar tu carro. Ubicación: Salamanca de Monterrico, distrito de ate – Lima, PerúPrecio: Ocasión Estado: Muy BuenoPiso: 3er piso sin ascensorDocumentación en regla, libre de hipotecaContáctanos para más información o agendar una visita. ¡No dejes pasar esta oportunidad en una de las zonas más buscadas de ate! Para más información sobre esta propiedad, indícanos el código sapVer datos. Asesor asignado: Lisseth Carrasco. Contáctanos vía WhatsApp o a través de nuestra página web.|https://www.adondevivir.com/propiedades/clasificado/veclapin-departamento-en-venta-148289012.html?n_src=Listado&n_pills=%C3%81rea+de+lavander%C3%ADa&n_pg=1&n_pos=19|2026-03-18
adondevivir|departamentos|venta|Lima Este|Chaclacayo|"Calle Saucos al 2XX
Salamanca De Monterrico, Ate Vitarte"|S/ 521,040 · USD 156,000|521040|156000||280|"130 m² tot.
3 dorm.
2 baños"|130|3|2||Excelente ubicación a 2 cuadras de Plaza Vea, a 6 minutos del Jockey Plaza, Avenidas principales como Vía Evitamiento y Javier Prado. Comercios, restaurantes y transporte público cercano, todo a pie. Características: - Antigüedad 10 años- 130 mt2 área total- Sala/comedora - Cocina abierta con reposteros altos y bajos - Baños 2 completos - 3 dormitorios - Terraza y área de lavandería Distribución: Piso 7: Sala, comedor, cocina, 2 dormitorios y 1 baño completo Piso 8: 1 dormitorio, 1 baño completo, Terraza, Terma, lavandería. Ubicado en el piso 7 con ascensor. No cuenta con cochera. Mantenimiento 280 vigilancia lunes A viernes: 8 A 7 pm - Y sabado 8 A 1pm ms ruc: 2. 0. 6. 0. 9. 3. 4. 7. 9. 8. 9|https://www.adondevivir.com/propiedades/clasificado/veclapin-oportunidad:-duplex-con-terraza-en-venta-a-5-minutos-148649857.html?n_src=Listado&n_pills=%C3%81rea+de+lavander%C3%ADa&n_pg=1&n_pos=20|2026-03-18
adondevivir|departamentos|venta|Lima Este|Chaclacayo|"Calle cordillera del condor
Mayorazgo, Ate Vitarte"|S/ 295,000|295000||||"70 m² tot.
2 dorm.
2 baños"|70|2|2||Departamentos en Venta de 70. 50 m2 en Ate Urbanización Alpamayo Limite con La molina Cerca de Centros Comerciales Mall Puruchuco Jockey Plaza Universidades Pre Lima Univ San martin U Lima, U Agraria, U San Ignacio, A espaldas del Colegio Alpamayo y del colegio Innova School cerca a la Nueva Estación del tren Urbanización con seguridad 24 horas dos portones de ingreso, Avenidas Principales como Javier Prado Este, Av Huarochiri, Av Constructores. 5to piso. Consta de. Sala Comedor Cocina Lavanderia. 2 dormitorios. 2 baños. Gas natural. Intercomunicador. Acabados de Lujo. Cocina con muebles Altos y bajos con mesa de granito. Departamentos con Vista a la Calle con Papeles en regla Título de propiedad Independiente con partida registral e Inscrito en la Municipalidad. No paga impuesto de alcabala. comunicarse al. 9. 6. 1. 2. 6. 7. 2. 1. 1.|https://www.adondevivir.com/propiedades/clasificado/veclapin-ocasion-vendo-departamento-5to-piso-en-ate-urb-144444049.html?n_src=Listado&n_pills=%C3%81rea+de+lavander%C3%ADa&n_pg=1&n_pos=21|2026-03-18
adondevivir|departamentos|venta|Lima Este|Chaclacayo|"SALAMANCA DE MONTERRICO RECAUDADORES
Salamanca De Monterrico, Ate Vitarte"|S/ 318,000 · USD 95,000|318000|95000|||"64 m² tot.
2 dorm.
1 baño
1 estac."|64|2||1|Lindo departamento vista A la calle 4to piso sin ascensor amplia sala comedor espaciosa Y bien ventilada cocina con reposteros altos Y bajos tipo americana lavandería separada de la cocina 2 dormitorios con clóset un baño completo con ducha de hidromasajes cuenta con cochera para camioneta, zona privilegiada de salamanca A una cuadra de avenida paracas cerca parques colegios A 10 minutos del jockey plaza precio us$ 95, 000 citas inmediatas sra. Miluzka martínez|https://www.adondevivir.com/propiedades/clasificado/veclapin-ocasion-dpto-64-m-sup2--2-dorm.-cochera-us$95-000-148674941.html?n_src=Listado&n_pills=%C3%81rea+de+lavander%C3%ADa&n_pg=1&n_pos=22|2026-03-18
adondevivir|departamentos|venta|Lima Este|Chosica Lurigancho|"Condominio Golf LOS Andes - Ñaña
Chosica (Lurigancho), Lima"|S/ 190,840 · USD 56,000|190840|56000|||"57 m² tot.
3 dorm.
2 baños
1 estac."|57|3|2|1|"Bajó de precio Y es negociable!! ¡Si quieres vivir en un solo lugar con sol todo el año, este es el lugar perfecto para ti! Departamento de estrenolindo Departamento de 57. 75 m² en un bonito condominio ubicación: Estamos ubicados en el Km. 19 de la Carretera Centraldescripción: Piso 2, vista exteriorHabitación principal con baño incluido2 habitaciones adicionales, con vista exteriorBaño completo para compartir. Cocina Americana abiertaSala comedor con excelente iluminación naturalLavanderíaCocherael condominio: Ingreso por un ingreso libre muy cuidadoCon un solo ingreso, cámaras de vigilancia y personal de seguridad 24/7. Áreas verdes y espacios de recreaciónEl costo de mantenimiento es de S/ 180 aprox. Que incluye el aguaresumen: 57. 75 m²Piso 2Vista exterior3 habitaciones | 2 baños completosCocina abiertaEl Condominio es Pet-friendly. Precio negociableEs una gran oportunidad de vivir en un lugar muy bonito, limpio y sobre todo con mucha seguridad* Sujeto a tipo de cambio de la sbscomunicate conmigo para reservar una cita! R. U. C Ver datos"|https://www.adondevivir.com/propiedades/clasificado/veclapin-venta-de-lindo-departamento-en-condominio-golf-los-145951229.html?n_src=Listado&n_pills=Seguridad&n_pg=1&n_pos=1|2026-03-18
adondevivir|departamentos|venta|Lima Este|Chosica Lurigancho|"MALECON COSTA AZUL
Chosica (Lurigancho), Lima"|S/ 836,000 · USD 220,000|836000|220000||400|"95 m² tot.
3 dorm.
3 baños"|95|3|3||Ubicado en una zona tranquila, ideal para quienes buscan disfrutar de la brisa marina todos los días. El edificio ofrece seguridad permanente y mantenimiento impecable. Vive con una vista espectacular al mar en este hermoso departamento ubicado en el exclusivo Edificio Costa Azul, en Chorrillos. - Precio: us$ 220, 000. - Área: 95 m² -Piso: 9. - Mantenimiento: S/ 400. - Antigüedad: 5 años. - Paga alcabala. El departamento cuenta con: -3 amplios dormitorios. -Sala comedor con vista panorámica. -Cocina funcional con buena ventilación. -Área de lavandería independiente. -2 baños completos. -Acabados modernos y excelente iluminación natural. Fácil acceso a principales avenidas y cerca de comercios, restaurantes y zonas recreativas.|https://www.adondevivir.com/propiedades/clasificado/veclapin-venta-de-hermoso-departamento-3-dorm.-frente-al-mar-143986468.html?n_src=Listado&n_pills=%C3%81rea+de+lavander%C3%ADa&n_pg=1&n_pos=2|2026-03-18
adondevivir|departamentos|venta|Lima Este|Chosica Lurigancho|"LAS TERRAZAS DE CARAPONGUILLO
Terrazas De Caraponguillo, Chosica (Lurigancho)"|S/ 130,000 · USD 39,000|130000|39000|||"90 m² tot.
3 dorm.
2 baños
1 estac."|90|3|2|1|Excelentes departamentos de estreno con buenos acabados, de 2 y 3 dormitorios con 1 y 2 baños completos y patio. Todos los ambientes super iluminados, cada uno tiene su propia lavanderia y completamente independientes. Cada dormitorio tiene su closet grande, con separaciones y gabetas. La cocina ya viene completamente amoblada con reposteros y compartimiento para colocar microondas. Los servicios de luz y agua son completamente independientes ya que cada uno tiene su propio medidor. Telf 9. 5. 2. 3. 7. 1. 9. 4. 3. Tiene un frente increíble ya que tiene vista para una ladera con jardín y arboles naturales de color verde. El lugar es super seguro, ya que existe una tranquera de seguridad antes de entrar a esta urbanización. También hay un local comercial que estaría disponible para alquilar en el 1er piso, el cual tiene su baño propio, completamente independiente y es un ambiente super amplio. Teléfono para contacto Ver datos. La dirección es Manzana ``B`` Lote 20 en las Terrazas de Caraponguillo. Es la primera Avenida a la mano izquierda, entrando por la entrada principal (caseta de Seguridad) Teléfono para contacto: Ver datos|https://www.adondevivir.com/propiedades/clasificado/veclapin-venta-de-departamentos-estreno-143506396.html?n_src=Listado&n_pills=Frente+a+parque&n_pg=1&n_pos=3|2026-03-18
adondevivir|departamentos|venta|Lima Este|Chosica Lurigancho|"SOL DE HUAMPANI
Chosica (Lurigancho), Lima"|S/ 264,250 · USD 79,000|264250|79000||150|"85 m² tot.
3 dorm.
2 baños
1 estac."|85|3|2|1|El departamento está ubicado en el tercer piso, del bloque 1, con hermosa vista interior A los jardines del condominio. Tiene buena distribución, iluminación Y ventilación. Es ideal para parejas solas, con hijos en edad escolar O cursando estudios superiores Y tambien para adultos mayores. Se permiten mascotas. La zona tiene buen clima seco Y soleado, con areas verdes Y lejos del ruido. Tiene cerca gran cantidad de colegios, universidades, mercados, supermercados (plaza vea Y metro) , bancos, farmacias, iglesias, tiendas comerciales etc. Con la ampliación de la av. Ramiro priale Y la apertura del bypass las torres (recientemente inaugurado), se llega desde lima en 45 minutos. Descripción del departamento: * sala-comedor. * cocina cerrada con reposteros. * 3 dormitorios, el dormitorio principal con baño incorporado. * los otros dormitorios comparten un baño. * lavandería. * sala de estar. los pisos son laminados en sala, comedor Y dormitorios Y de cerÀmico en cocina. Lavandería Y baños. Documentos en regla.|https://www.adondevivir.com/propiedades/clasificado/veclapin-vendo-dpto.-de-3-dorm.-en-condominio-bonavista-golf-de-148632359.html?n_src=Listado&n_pills=%C3%81rea+de+lavander%C3%ADa&n_pg=1&n_pos=4|2026-03-18
adondevivir|departamentos|venta|Lima Este|Chosica Lurigancho|"Avenida Los Tucanes
Chosica (Lurigancho), Lima"|S/ 291,550 · USD 85,000|291550|85000||90|"87 m² tot.
3 dorm.
2 baños"|87|3|2||Hermoso departamento ubicado en la av los tucanes, en el segundo piso. Tiene 3 habitaciones, 2 baños completos, reja de seguridad, portero eléctrico, balcón y lavandería. Cerca a centros recreacionales Aquapark, elephant park, perulandia, crika, hoteles y restaurantes campestres, a 2 cuadras del cementerio Campo Fe. Sol y campo verde todo el año. Zona residencial. Pertenece al distrito de Lurigancho. El precio es negociable. Hay disponibilidad de estacionamientos para alquiler y venta|https://www.adondevivir.com/propiedades/clasificado/veclappa-venta-de-departamento-148705448.html?n_src=Listado&n_pills=%C3%81rea+de+lavander%C3%ADa&n_pg=1&n_pos=5|2026-03-18
adondevivir|departamentos|venta|Lima Este|Chosica Lurigancho|"Urbanización Mirasol de Huampani - Primera Etapa
Chosica (Lurigancho), Lima"|S/ 262,000 · USD 78,000|262000|78000|||"88 m² tot.
3 dorm.
2 baños
2 estac."|88|3|2|2|Departamentos en venta para uso personal O para un valor ingreso personal cómo alquiler en una zona segura, tranquila de chosica limite con chaclacayo Y de muy fácil acceso para salir A av. Concurridas, con muy buena distribución, mucho acceso de luz natural, completamente equipada Y lista para ser habitada, A 3 minutos de la nueva autopista ramiro priale Y 5 minutos de la carretera central nicolas ayllón Y puente ñaña. - Dirección: Urbanización Mirasol de Huampani, Primera Etapa - 25hr+6J8 Lurigancho-Chosica. - precio de las cocheras opcional: $9, 500 Y $6, 500 ambas con partidas independientes. departamento: - área ocupada: 86. 46M² - área techada: 76. 85M² departamentos ubicados en zona semi residencial Y/O condominio con supervisión constante de un vigilante contratado para seguridad de los vecinos de la zona las 24 horas, bodegas A unos pasos, parques cercanos, colegios, mercados Y avenidas comerciales importantes cercanas. - 3 habitaciones con closets incorporados Y con buena iluminación natural. - 2 baños completos con ducha incorporada. - espacio para ambientar una sala de estudio. - sala/comedor amplio. - cocina con reposteros bajos Y altos con tableros de cerámica. - área de lavandería Y patio trasero. - tragaluz. - cochera interna abierta aparte. - azotea aparte. - escaleras con descanso. - con medidor de agua Y luz independiente. referencias: - Minutos de la autopista ramiro priale Y carretera central nicolas ayllón. - 20 minutos de todos los centros de estudio de nivel universitario como son la universidad científica, utp, vallejo, instituto sise, etc. Así cómo de las 2 sedes del centro comercial real plaza santa clara Y puruchuco que conecta la javier prado. - 30 Minutos de los clubs campestres de Chosica, así cómo el parque Chosica Y/O clubs de chaclacayo así cómo el parque central de Chaclacayo. la casa está inscrita en registros públicos, lista para ser vendida, única propietaria. No pierda la oportunidad de conocer estos departamentos con cochera Y de estreno que podría ser el lugar perfecto para usted Y su familia.|https://www.adondevivir.com/propiedades/clasificado/veclapin-venta-de-departamento-de-estreno-en-condominio-mirasol-147181640.html?n_src=Listado&n_pills=Guardian%C3%ADa%2FSeguridad+privada&n_pg=1&n_pos=6|2026-03-18
adondevivir|departamentos|venta|Lima Este|Chosica Lurigancho|"Urbanización Mirasol de Huampani - Primera Etapa
Chosica (Lurigancho), Lima"|S/ 228,000 · USD 68,000|228000|68000|||"85 m² tot.
3 dorm.
2 baños
2 estac."|85|3|2|2|Departamentos en venta para uso personal O para un valor ingreso personal cómo alquiler en una zona segura, tranquila de chosica limite con chaclacayo Y de muy fácil acceso para salir A av. Concurridas, con muy buena distribución, mucho acceso de luz natural, completamente equipada Y lista para ser habitada, A 3 minutos de la nueva autopista ramiro priale Y 5 minutos de la carretera central nicolas ayllón Y puente ñaña. - Dirección: Urbanización Mirasol de Huampani, Primera Etapa - 25hr+6J8 Lurigancho-Chosica. - precio de las cocheras opcional: $9, 500 Y $6, 500 ambas con partidas independientes. departamento: - área ocupada: 83. 80M² - área techada: 83. 80M² departamentos ubicados en zona semi residencial Y/O condominio con supervisión constante de un vigilante contratado para seguridad de los vecinos de la zona las 24 horas, bodegas A unos pasos, parques cercanos, colegios, mercados Y avenidas comerciales importantes cercanas. - 3 habitaciones con closets incorporados Y con buena iluminación natural. - 2 baños completos con ducha incorporada. - sala/comedor amplio. - cocina con reposteros bajos Y altos con tableros de cerámica. - tragaluz. - cochera interna abierta aparte. - azotea aparte. - escaleras con descanso. - con medidor de agua Y luz independiente. referencias: - Minutos de la autopista ramiro priale Y carretera central nicolas ayllón. - 20 minutos de todos los centros de estudio de nivel universitario como son la universidad científica, utp, vallejo, instituto sise, etc. Así cómo de las 2 sedes del centro comercial real plaza santa clara Y puruchuco que conecta la javier prado. - 30 Minutos de los clubs campestres de Chosica, así cómo el parque Chosica Y/O clubs de chaclacayo así cómo el parque central de Chaclacayo. la casa está inscrita en registros públicos, lista para ser vendida, única propietaria. No pierda la oportunidad de conocer estos departamentos con cochera Y de estreno que podría ser el lugar perfecto para usted Y su familia.|https://www.adondevivir.com/propiedades/clasificado/veclapin-venta-de-departamento-de-estreno-en-condominio-mirasol-147181665.html?n_src=Listado&n_pills=Seguridad&n_pg=1&n_pos=7|2026-03-18
adondevivir|departamentos|venta|Lima Este|Chosica Lurigancho|"Condominio Golf LOS Andes 2 DE Ñaña
Chosica (Lurigancho), Lima"|S/ 220,000 · USD 65,671|220000|65671|||"60 m² tot.
3 dorm.
2 baños
1 estac."|60|3|2|1|Descripcion: departamento N°101, en primer piso, de 60. 74 M2, con vista exteriory estacionamiento N°61sala comedor, vista exteriorcocina americana abiertahabitación principal con vista exterior. Con baño completo, 2 habitaciones secundarias, con vista exteriorbaño completo, lavanderia Y tendedero, terma. estacionamiento 61áreas comunes: salón de actividadescancha de fulbitocon un solo ingreso, muy cuidado;cámaras de vigilancia Y personal de seguridad 24/7. áreas verdes Y espacios de recreaciónmantenimiento S/100servicios de luz Y agua con medidorresumen: 60. 74 M²1er. PisoVista exterior3 habitaciones / 2 baños completosCocina abiertaLavanderia, tendederoThermaEstacionamientoConsultar con el Agente Inmobiliario encargado para mayor información Ver datos.|https://www.adondevivir.com/propiedades/clasificado/veclapin-venta-de-departamento-en-primer-piso-en-nana-148465374.html?n_src=Listado&n_pills=%C3%81rea+de+lavander%C3%ADa&n_pg=1&n_pos=8|2026-03-18
adondevivir|departamentos|venta|Lima Este|Chosica Lurigancho|"Sol de Huampani 3 era Etapa
Chosica (Lurigancho), Lima"|S/ 254,100 · USD 70,000|254100|70000|||"89 m² tot.
3 dorm.
2 baños"|89|3|2||Departamento en Venta – Sol de Huampani 3 era Etapa¿Buscas tranquilidad, comodidad y un entorno natural cerca de la ciudad? ¡Este departamento en Sol de Huampani es para ti! Se encuentra rodeado de parques - Ubicación: Condominio Sol de Huampani, Ate Vitarte, Lima - Área: 89. 97 m² - Dormitorios: 3 - Baños: 2 - Cocina - lavandería - Ahorra en acabados y elige materiales a tu gusto - Perfecto para personalización total o inversión a largo plazoCaracterísticas destacadas: - Ubicado en un 2 do piso, con una hermosa vista al parque tanto en la parte frontal y posterior al departamento; excelente iluminación natural. - Sala - comedor amplia con vista interior tranquila - Zona segura y con rápido acceso a la carretera Central y Ramiro Priale - Documentación en regla y independizadoContáctame para más información o Agenda tu visita ya! R. U. C Ver datos|https://www.adondevivir.com/propiedades/clasificado/veclapin-venta-de-departamento-en-casco-sol-de-huampani-146585306.html?n_src=Listado&n_pills=%C3%81rea+de+lavander%C3%ADa&n_pg=1&n_pos=9|2026-03-18
adondevivir|departamentos|venta|Lima Este|Chosica Lurigancho|"MANZANA B7 LOTE 9 lurigancho chosica sol de huampani
Chosica (Lurigancho), Lima"|S/ 280,000 · USD 80,000|280000|80000||1|"97 m² tot.
3 dorm.
2 baños"|97|3|2||Venta de departamento de estreno en lurgancho - chosica – 2do piso, amplio Y moderno. Ubicación: Lurigancho - Chosica. ️ Área construida: 97. 30 m² Piso: Segundo. Estado: Departamento de estreno (paga alcabala) Características principales: 3 amplios dormitorios con excelente iluminación natural. 2 baños completos y funcionales. Sala – comedor espaciosa, ideal para compartir en familia. Cocina con muebles altos y bajos, lista para equipar. Lavandería independiente, ventilada y cómoda. Construcción moderna y acabados de calidad. Ventajas competitivas. Ubicado en zona con clima soleado casi todo el año. Ambiente tranquilo y familiar, lejos del bullicio de Lima. Excelente relación calidad – precio, ideal para vivir o invertir. Fácil acceso a avenidas principales y transporte público. Contáctame para mayor información.|https://www.adondevivir.com/propiedades/clasificado/veclapin-venta-departamento-en-lurigancho-chosica-urb-sol-de-147382150.html?n_src=Listado&n_pills=%C3%81rea+de+lavander%C3%ADa&n_pg=1&n_pos=10|2026-03-18
adondevivir|departamentos|venta|Lima Este|Chosica Lurigancho|"Calle Crisantemos 293
Chosica (Lurigancho), Lima"|S/ 136,500 · USD 39,000|136500|39000|||"56 m² tot.
2 dorm.
1 baño"|56|2|||Vendo lindos dptos de estreno en urbanizacion santa maria en chosica - A 2 cuadras de la iglesia cristo reydptos. De 53m2 de estreno, se encuentran en un lindo edificio de solo 4 pisos y 10 exclusivos dptos. Y consta de: 1. Sala comedor2. Cocina con muebles altos y bajos3. Zona de lavandería con therma4. Baño completo5. 02 habitaciones* Paga alcabaladepartamentos disponibles en segundo, tercerco Y cuarto piso (vista interna). El edificio cuenta con sistema de cámaras de seguridad, sistema de intercomunicadores, cisterna, tanque elevado y una azotea como zona común. T. C. 3. 50Tipo de cambio referencial, sujeto a variación diaria por fluctuación del mercado|https://www.adondevivir.com/propiedades/clasificado/veclapin-dptos-53-m-sup2--de-estreno-en-chosica-a-2-cuadras-148995588.html?n_src=Listado&n_pills=%C3%81rea+de+lavander%C3%ADa&n_pg=1&n_pos=11|2026-03-18
adondevivir|departamentos|venta|Lima Este|Chosica Lurigancho|"Urbanización Mirasol de Huampani - Primera Etapa
Chosica (Lurigancho), Lima"|S/ 208,000 · USD 62,000|208000|62000|||"84 m² tot.
4 dorm.
3 baños
2 estac."|84|4|3|2|Departamentos en venta para uso personal O para un valor ingreso personal cómo alquiler en una zona segura, tranquila de chosica limite con chaclacayo Y de muy fácil acceso para salir A av. Concurridas, con muy buena distribución, mucho acceso de luz natural, completamente equipada Y lista para ser habitada, A 3 minutos de la nueva autopista ramiro priale Y 5 minutos de la carretera central nicolas ayllón Y puente ñaña. - área ocupada: 83. 80M² - área techada: 83. 80M² - Dirección: Urbanización Mirasol de Huampani, Primera Etapa - 25hr+6J8 Lurigancho-Chosica. - precio de las cocheras opcional: $9, 500 Y $6, 500 ambas con partidas independientes. - precio de la azotea opcional: $23, 000 incluye 1 habitación + 1 baño completo con ducha incorporada con posibilidad de poder ascender O construir más según indique los parametros pertinentes, con partida independiente. azotea: - área ocupada: 83. 80M² - área techada: 25. 86M² departamentos ubicados en zona semi residencial Y/O condominio con supervisión constante de un vigilante contratado para seguridad de los vecinos de la zona las 24 horas, bodegas A unos pasos, parques cercanos, colegios, mercados Y avenidas comerciales importantes cercanas. - 3 habitaciones con closets incorporados Y con buena iluminación natural. - 2 baños completos con ducha incorporada. - sala/comedor amplio. - cocina con reposteros bajos Y altos con tableros de cerámica. - tragaluz. - cochera interna abierta aparte. - azotea aparte. - escaleras con descanso. - con medidor de agua Y luz independiente. referencias: - Minutos de la autopista ramiro priale Y carretera central nicolas ayllón. - 20 minutos de todos los centros de estudio de nivel universitario como son la universidad científica, utp, vallejo, instituto sise, etc. Así cómo de las 2 sedes del centro comercial real plaza santa clara Y puruchuco que conecta la javier prado. - 30 Minutos de los clubs campestres de Chosica, así cómo el parque Chosica Y/O clubs de chaclacayo así cómo el parque central de Chaclacayo. la casa está inscrita en registros públicos, lista para ser vendida, única propietaria. No pierdas la oportunidad de conocer estos departamentos con cochera de estreno que podría ser el lugar perfecto para su familia.|https://www.adondevivir.com/propiedades/clasificado/veclapin-venta-de-departamento-de-estreno-en-condominio-mirasol-147184431.html?n_src=Listado&n_pills=Seguridad&n_pg=1&n_pos=12|2026-03-18
adondevivir|departamentos|venta|Lima Este|Chosica Lurigancho|"calle 8 Mz B
Chosica (Lurigancho), Lima"|S/ 288,000 · USD 80,000|288000|80000||150|"83 m² tot.
3 dorm.
1 baño"|83|3|||¿Buscas un departamento donde puedas crear cada espacio a tu medida y sin pagar acabados que no te gustan? ¡Esta es tu oportunidad! Ubicado en la tranquila y residencial Urb. Sol de Huampaní, este departamento te ofrece la base perfecta para construir el hogar que siempre soñaste o una excelente inversión inmobiliaria. Características: Área: 83 m² 3er piso. En gris (tarrajeado, listo para acabados) Construcción 2015. Sin ascensor. Ambientes amplios y bien iluminados. Distribución funcional para sala, comedor, cocina cerrada, 3 dormitorios o 2 dormitorios y 1 estudio, baño y lavandería. El edificio obedece al diseño de arquitectura e ingenieria que cumple con el reglamento nacional de construcción. Cuenta con cisterna y tanque elevado. Las áeras comunes como escaleras y descansos tienen medidas reglamentarias. Ubicación estratégica: Zona segura, residencial y de alta proyección, cerca de Chosica y Chaclacayo, ideal para quienes buscan tranquilidad, sol y aire puro. Ventajas: Personaliza cada detalle a tu gusto. Menor inversión inicial. Mayor valorización futura. Perfecto para vivienda o renta|https://www.adondevivir.com/propiedades/clasificado/veclapin-departamento-de-83-m-sup2--con-3-habitaciones-en-venta-148531886.html?n_src=Listado&n_pills=%C3%81rea+de+lavander%C3%ADa&n_pg=1&n_pos=13|2026-03-18
adondevivir|departamentos|venta|Lima Este|Chosica Lurigancho|"URB. SAN ANTONIO DE CAROPONGO
Carapongo, Chosica (Lurigancho)"|S/ 224,500 · USD 59,000|224500|59000|||120 m² tot.|120||||Venta de terreno en urb san antonio de caropongo. área departamento: 120 m2. Cerca: Cerca al Poder Judial - Corte Superior, al C. E. B. E. San Antonio de Caropongo, a la Iglesia, parques y centros comerciales. Precio: 70, 000. 00 dólares. Contacto: Ver datos - Ver datos.|https://www.adondevivir.com/propiedades/clasificado/veclapin-terreno-en-caropongo-lurigancho-57053822.html?n_src=Listado&n_pg=1&n_pos=14|2026-03-18
adondevivir|departamentos|venta|Lima Este|Chosica Lurigancho|"AVENIDA ALAMEDA DE ÑAÑA
Caraponguillo, Chosica (Lurigancho)"|S/ 190,800 · USD 53,000|190800|53000||100|"66 m² tot.
3 dorm.
2 baños
1 estac."|66|3|2|1|Este acogedor departamento se encuentra en el conjunto residencial mirador del golf - I etapa, tendras un sol radiante toda la temporada del año, perfecto para disfrutar momentos agradables con la familia. Este departamento se encuentra en el 8vo piso con ascensor. El departamento cuenta con una excelente ubicacion, esta A 2 minutos de la av. Rodrigo priale, cerca A mercados, colegios Y A 3 minutos del puente ñaña. Caracteristicas: ° sala comedor con vista externa al condominio. ° cocina abierta con mesa de granito Y muebles bajos. ° cuenta con 3 dormitorios, la principal con baño incorporado. ° lavanderia. ° 2 baños completos. ° gas natural. Cuenta con áreas sociales como: area de parrilla. Sala para eventos ( cumpleaños, bautizos, etc). Juegos para niños. Estacionamiento de bicicletas. ° cochera adicional us$15, 000 dolares. ° seguridad las 24 hrs. ° no pierdas esta gran oportunidad de adquirir este acogedor departamento que se encuentra totalmente en regla. Contactanos para brindarte mas informacion.|https://www.adondevivir.com/propiedades/clasificado/veclapin-venta-departamento-en-nana-chosica-144631872.html?n_src=Listado&n_pills=Parrilla&n_pg=1&n_pos=15|2026-03-18
adondevivir|departamentos|venta|Lima Este|Chosica Lurigancho|"URB.SOL DE HUAMPANI 3RA ETAPA MZ B3 LT7 CALLE 6
Chosica (Lurigancho), Lima"|S/ 170,000|170000||||"75 m² tot.
2 dorm.
2 baños"|75|2|2||"¡bajo de precio! Dpto nuevo de 2 dormitorios en sol de huampani | S/. 170, 000. ¡vive donde el sol brilla todo el año! Precio especial por tiempo limitado, Antes S/. 205, 000 ahora S/. 170, 000 – Ahorro inmediato de S/. 35, 000. Departamento nuevo de 75. 62 m² con 2 dormitorios, listo para mudarte. Ubicado en Sol de Huampani, donde el clima cálido todo el año y la tranquilidad definen tu día a día. Lo que incluye: - Sala-comedor amplia con excelente luz natural. - Cocina cerrada + lavandería. - Dormitorio principal con baño incorporado. - Segundo baño completo. - Piso 4: semi amoblado con closets | Piso 3: listo para personalizar. Edificio exclusivo: Solo 4 departamentos (1 por piso). Disponibles Piso 3 y Piso 4. ¿Inversionista? Llévate ambos por S/. 330, 000 (S/. 165, 000 c/u). Ideal para renta o para tener familia cerca. Califica para Crédito Mi Vivienda. Te asesoramos con el financiamiento. Una ubicación perfecta para vivir mejor, Sol de Huampani 3ra Etapa es una urbanización segura y bien conectada. Estás a minutos de: - Av. Bernard Balaguer y Carretera Central. - La ampliación de la nueva Av. Ramiro Prialé que acercará todo aún más. - El Golf Los Andes. - Centro Deportivo y Cultural del Colegio Alexander Von Humboldt. - Urbanizaciones Girasoles de Huampani y Golf de Huampani. - Colegios como Foyer, Trilce e Innova Schools. - Centros médicos, supermercados y la Universidad Peruana Unión. Además, estás muy cerca de Chaclacayo, con zonas de recreación y comercios para toda la familia. No lo pienses más. Contáctame y agenda tu visita."|https://www.adondevivir.com/propiedades/clasificado/veclapin--bajo-de-precio!-dpto-nuevo-de-2-dorm.-en-sol-de-146751886.html?n_src=Listado&n_pills=Cerca+a+colegios&n_pg=1&n_pos=16|2026-03-18
adondevivir|departamentos|venta|Lima Este|Chosica Lurigancho|"Esquina Las Palomas y las Perdices
Chosica (Lurigancho), Lima"|S/ 174,300 · USD 52,000|174300|52000|||"67 m² tot.
2 dorm.
1 baño"|67|2|||En huachipa sol todo el año. Ubicado En la Urbanización El Club etapa 2 Santa María de Huachipa ala altura de las esquinas de la calle las palomas con las perdices, con vista exterior. Distribucion. Amplia sala comedor con cocina americana con mesa en L con porcelanato negro jaspeado. 2 habitaciones con ventanas panorámicas de pared a pared y de techo a 30 cm del piso con vista interior a jardín y piscina. Baño completo con porcelanato en pared marrón claro jaspeado piso y ducha en marrón café. Estamos evaluando venderlo con aires esto implicaria aumentar el precio según alo que le corresponda. Nos encanta que lo visiten estamos seguros que pronto será vendido permite que sea tu departamento. Llámame al 9Ver datos|https://www.adondevivir.com/propiedades/clasificado/veclapin-comodo-departamento-piso-3-147971203.html?n_src=Listado&n_pills=Parrilla&n_pg=1&n_pos=17|2026-03-18
adondevivir|departamentos|venta|Lima Este|Chosica Lurigancho|"Esquina Las Palomas y las Perdices
Chosica (Lurigancho), Lima"|S/ 408,700 · USD 122,000|408700|122000|||"142 m² tot.
3 dorm.
1 baño"|142|3|||Piso 2 vista exterior. Ubicado en la esquina de las calles las palomas y las perdices con una Area 142 m2. distribucion. Sala comedor muy amplia tipo L con 2 amplias ventanas con vista exterior. Cocina tipo americana mesa de porcelanato negro jaspeado muebles bajos muy utilitarios con ventilada ventana a área común. 3 Habitaciones 2 de ellas con amplias ventanas con vista interior a piscina y jardín. Hermoso y cómodo baño completo. Estamos listos para mostrarte nos encanta que visites a tu futuro departamento. Llamame 9Ver datos|https://www.adondevivir.com/propiedades/clasificado/veclapin-departamento-en-la-zona-campestre-de-huachipa-147969507.html?n_src=Listado&n_pills=Parrilla&n_pg=1&n_pos=18|2026-03-18
adondevivir|departamentos|venta|Lima Este|Chosica Lurigancho|"Condominio Golf LOS Andes - Ñaña
Chosica (Lurigancho), Lima"|S/ 129,500 · USD 37,000|129500|37000||110|"58 m² tot.
3 dorm.
2 baños"|58|3|2||¡Oportunidad única en Lurigancho, Lima! Descubre la comodidad y la exclusividad que te ofrece este hermoso departamento ubicado en el condominio golf los andes - ñaña. Ideal para ti y tu familia. Características del Departamento: - Piso: 3 de un edificio familiar y seguro. - Área Construida: 58. 00 m² optimizados para tu confort. - Habitaciones: 3, perfectas para el descanso y la privacidad. - Baños: 2, modernos y funcionales. - Antigüedad: 10 Años, con el mejor cuidado y mantenimiento. - Mantenimiento: S/. 110. 00Este departamento es una joya que combina la tranquilidad de la zona con la facilidad de acceso a servicios y entretenimiento. Sin estacionamientos propios, pero con opciones disponibles en un área común. ¡No pierdas la oportunidad de crear tu hogar en un sitio privilegiado! Con espacios diseñados para compartir y disfrutarT. C. 3. 50Tipo de cambio referencial, sujeto a variación diaria por fluctuación del mercado|https://www.adondevivir.com/propiedades/clasificado/veclapin--oportunidad-se-remata-departamento-en-el-condominio-146439944.html?n_src=Listado&n_pg=1&n_pos=19|2026-03-18
adondevivir|departamentos|venta|Lima Este|Chosica Lurigancho|"Sol de Huampani cuarta etapa chosica
Chosica (Lurigancho), Lima"|"S/ 110,000 · USD 33,000
7%"|110000|33000|7%||"56 m² tot.
2 dorm.
1 baño"|56|2|||Venta de departamento de 56m2 en plena Av. Balaguer, Sol de Huampani. Ubicado en segundo de facil acceso, cerca a paradero, colegios, tiendas comerciales. Características principales: - Amplia y iluminada sala comedor. - Cocina por implementar de acuerdo a tus preferencias. - Espacio de lavandería. - 02 habitaciones. - Baño completo. Documentación saneada. Contáctame y asegura tu visita. Katherine Asencios|https://www.adondevivir.com/propiedades/clasificado/veclapin-venta-de-departamento-56-m-sup2--sol-de-huampani-147795963.html?n_src=Listado&n_pills=%C3%81rea+de+lavander%C3%ADa&n_pg=1&n_pos=20|2026-03-18
adondevivir|departamentos|venta|Lima Este|Chosica Lurigancho|"Villa del Sol
Chosica (Lurigancho), Lima"|S/ 227,000 · USD 66,500|227000|66500||50|"69 m² tot.
2 dorm.
2 baños"|69|2|2||Vendo Bello Dpto en La Villa del sol Lurigancho-Chosica, Pasaje Jacarandaes. A 5 minutos del Parque Central, cerca a Bancos, Centros Comerciales, Colegios y parques. Descripción: Área: 69. 50m2. - 2 habitaciones. - 2 baños. - Sala - comedor bien iluminadados. - Cocina - Lavandería. - 2 piso. Aprovecha esta oportunidad de vivir con sol todo el año contáctame al 9. 4. 6*5. 7. 2*0. 7. 4 Solo Whatssap|https://www.adondevivir.com/propiedades/clasificado/veclapin-venta-departamento-en-lurigancho-chosica-$66-500-149272511.html?n_src=Listado&n_pills=%C3%81rea+de+lavander%C3%ADa&n_pg=1&n_pos=21|2026-03-18
adondevivir|departamentos|venta|Lima Este|Chosica Lurigancho|"Full Amoblado, Equipado, Vista Exterior, 5 Años DE Antiguedad EN Salamanca
Salamanca De Monterrico, Ate Vitarte"|S/ 352,800 · USD 105,000|352800|105000|||"62 m² tot.
2 dorm.
1 baño"|62|2|||¡Bienvenido a departamento moderno con solo 5 años de antigüedad en El Rosal de Salamanca! Este encantador hogar ofrece 2 acogedores dormitorios, 1 baño completo y un balcón perfecto para disfrutar del aire fresco. La cocina está equipada y lista para tus aventuras culinarias. Además, cuenta con una lavandería práctica. Ubicado en el tercer piso, este departamento amoblado te permite vivir con estilo y comodidad. Disfruta de la tranquilidad con seguridad y portería las 24 horas. ¿Tienes mascotas? ¡Son bienvenidas aquí! Con un ascensor a tu disposición, el acceso es fácil y rápido. Contarás con una linda vista, y la disposición frente te asegura una estadía agradable día a día. Vive cerca de todo lo que necesitas en Lima, en una urbanización segura. No dejes pasar esta oportunidad única de ser parte de una comunidad vibrante. ¡Tu nuevo hogar te espera! resumen: precio de venta amoblado: us$ 105, 000Departamento – El Rosal de Salamanca-Ubicado en urbanización segura y tranquila-A 1 cuadra de hermoso Parque con lozas deportivas y juegos infantiles &quot;las dalias&quot;, A pocos metros de Av. Los Quechuas. -3. er piso con ascensor-5 años de antigüedad y poco uso-Vista exterior con excelente iluminación natural-Sala–comedor ventilada-Balcón con vista exterior-Cocina equipada, con menaje y funcional-2 dormitorios cómodos-1 baño completo-Área de lavandería-Amoblado y equipado-Seguridad y portería 24/7-Se permiten mascotas“Honestidad, Transparencia y Servicios Creativos. Nuestros pilares para brindarles la mejor asesoría inmobiliaria. ”Si desea vender o alquilar su inmueble no dude en contactarse con nosotros.|https://www.adondevivir.com/propiedades/clasificado/veclapin-full-amoblado-equipado-5-anos-de-antiguedad-y-vista-148968287.html?n_src=Listado&n_pills=Seguridad&n_pg=1&n_pos=1|2026-03-18
adondevivir|departamentos|venta|Lima Este|Chosica Lurigancho|"Lerida 211 al 200
Mayorazgo, Ate Vitarte"|S/ 530,100 · USD 155,000|530100|155000||100|"143 m² tot.
3 dorm.
3 baños"|143|3|3||Contacto: maria arevalo: 9*6*3*2*9*2*9*9*9¡Vive con el espacio y la comodidad que tu familia merece! Imagina un hogar donde cada miembro tenga su propio baño, donde la sala y la cocina se integran en un solo ambiente acogedor, y donde disfrutas de la tranquilidad de una zona segura. Ese lugar existe: tu nuevo departamento en semisótano en Ate Vitarte. Características principales: Área ocupada: 156. 32 m²Área construida: 142. 43 m²Área libre: 13. 89 m²3 dormitorios, cada uno con baño completo propioSala comedor amplia con cocina abiertaAntigüedad: 26 años, bien conservadoUbicación estratégica: Al lado del Colegio San Lorenzo, cerca a la Pre Lima, con rápido acceso a Javier Prado, Separadora Industrial y centros comerciales como Puruchuco. Además, estarás a pasos de parques, servicios y zonas seguras que realzan tu calidad de vida. Beneficios que te encantarán: Privacidad total: cada habitación con baño propioConectividad y comodidad a minutos de todoEspacios amplios, funcionales y bien ventiladosZona tranquila, ideal para familiasSi buscas un hogar espacioso, práctico y en una ubicación privilegiada, este departamento es para ti. ¡Contáctanos y agenda tu visita hoy mismo — descubre el lugar donde tu nueva etapa comienza! contacto: maria arevalo: 9*6*3*2*9*2*9*9*9id: 1*1*5*8*9*9*8|https://www.adondevivir.com/propiedades/clasificado/veclapin-venta-de-departamento-en-mayorazgo-147904304.html?n_src=Listado&n_pills=%C3%81rea+de+lavander%C3%ADa&n_pg=1&n_pos=2|2026-03-18
adondevivir|departamentos|venta|Lima Este|Chosica Lurigancho|"Av. Marginal al 100
Javier Prado Et.6, Ate Vitarte"|S/ 404,168 · USD 120,000|404168|120000|||"126 m² tot.
3 dorm.
2 baños"|126|3|2||Oferta de departamento – segundo piso, 126 m²Ubicación privilegiada cerca al Trébol de Javier Prado, con acceso rápido a universidades, centros comerciales y parques. Vive en un entorno seguro, tranquilo y con excelente iluminación natural. Características principales: Área total: 126 m²Piso: Segundo pisoEdificio de solo tres pisos3 habitaciones ampliasSala y comedor con luz natural directaÁrea para estudio o home officeCocina y lavandería. Excelente ventilación e iluminaciónSeguridad y ambiente residencialBeneficios: Conectividad a las principales vías de la ciudadCerca a parques, colegios y centros comercialesIdeal para familias o profesionales que buscan comodidad y ubicaciónOportunidad única: vive con calidad y tranquilidad en una zona estratégica de la ciudad. Contáctanos para agendar una visita y conocer tu próximo hogar.|https://www.adondevivir.com/propiedades/clasificado/veclapin-departamento-en-javier-prado-et.6-149149205.html?n_src=Listado&n_pills=%C3%81rea+de+lavander%C3%ADa&n_pg=1&n_pos=3|2026-03-18
adondevivir|departamentos|venta|Lima Este|Chosica Lurigancho|"Av. Prol. Javier Prado Este 9051 al 9000
Ate Vitarte, Lima"|S/ 705,600 · USD 210,000|705600|210000|||"270 m² tot.
5 dorm.
4 baños"|270|5|4||Contacto: santa cruz buendía yieny kennithcell: 9*8*6*9*8*7*3*4*6venta de amplio dúplex en av. Javier prado – ategran oportunidad de inversión o vivienda en una de las avenidas más importantes y comerciales de Lima. - Ubicado en plena Avenida Javier Prado- Frente al Poder Judicial del Perú- A solo 3 minutos del Real Plaza Puruchuco- A 3 cuadras de la estación Estación Los Jardines del Metro de Lima-Cerca de bancos, supermercados, centros comerciales y principales servicios. características generalesárea total: 270 m²(135 m² en 4° piso + 135 m² en 5° piso) 5 habitaciones amplias4 baños completosLuz y agua independizadosExcelente iluminación naturalAmbientes amplios y ventiladosDormitorio con baño incorporadoHabitaciones adicionalesEspacios versátiles (oficina, sala de estar o área social) Potencial para terraza o zona de reunionesideal para: - Familia numerosa- Vivienda + oficina- Inversión para alquiler por habitaciones- Profesionales que buscan ubicación estratégicaUna propiedad con gran metraje, excelente conectividad y alto potencial de valorización. Te invito a conocerlo personalmente. Para más información o agendar una visita, contáctame. contacto: santa cruz buendía yieny kennithcell: 9*8*6*9*8*7*3*4*6id: 1*1*7*2*9*4*2|https://www.adondevivir.com/propiedades/clasificado/veclapin-venta-de-duplex-en-av-javier-prado-ate-149037895.html?n_src=Listado&n_pills=Jard%C3%ADn&n_pg=1&n_pos=4|2026-03-18
adondevivir|departamentos|venta|Lima Este|Chosica Lurigancho|"Prolongacion Javier Prado Este 9132
Los Portales De Javier Prado, Ate Vitarte"|S/ 450,000 · USD 120,000|450000|120000|||"126 m² tot.
4 dorm.
3 baños
1 estac."|126|4|3|1|Ate - (Urb. Los Portales de Javier Prado) departamento en venta Prolong. Javier Prado Ate, muy cerca de Real Plaza Puruchuco, con acceso a avenidas principales en 4to piso (sin ascensor) 6 razones para comprar el departamento 1. Es amplio mide 126 Mts. 2. Tiene vista a calle (iluminación asegurada) 3. Solo 01 departamento por piso ( baja densidad de vecinos, solo 04 pisos) 4. Es de estreno (nadie lo ha ocupado). 5. Dormitorios para camas Queen. (02 con baño completo y 02 comparten un baño). 6. No tiene deuda, hipoteca o cargas. 7. No pagas mantenimiento. Además la sala comedor es amplia, baño de cocina cerrada con puerta vaiven y lavandería separada y ventilada con espacio para tendal, Adquierelo por solo us$ 120, 000 Hay cochera disponible adicional al precio del departamento, Opcional: $10, 000 Datos adicionales: Arbitrios e impuestos al día. Departamento paga Alcabala. Contacto: Enrique Alema? n al Ver datos|https://www.adondevivir.com/propiedades/clasificado/veclapin-departamento-de-estreno-de-126-m-de-04-dorm.-03-banos-147857158.html?n_src=Listado&n_pills=%C3%81rea+de+lavander%C3%ADa&n_pg=1&n_pos=5|2026-03-18
adondevivir|departamentos|venta|Lima Este|Chosica Lurigancho|"Zarate- Distrito de SAN Juan DE Lurigancho
San Juan de Lurigancho, Lima"|S/ 350,550 · USD 95,000|350550|95000|||"148 m² tot.
3 dorm."|148|3|||"Ocasión venta de departamento en san juan de lurigancho Cerca a todo¡El espacio ideal para tu familia! ubicación: - Urb. Chacarilla de Otero | San Juan de Lurigancho- A 1 cuadra de Av. Chimú cdra. 4 - A pocas cdras. De la Estación de Tren Caja de Agua, sunarp y la Municipalidad San Juan de Lurigancho- Entorno altamente comercial: bancos, farmacias, restaurantes, notarias, policlínicos, consultorios, y otros negocios- Accesible a principales vías: Av. Próceres de la independencia | Av. Túpac Amarudescripción: - Área: 148. 98 m2- 2do piso ( 2 pisos en total) - Vista externa a calle - Sala comedor | 3 habitaciones | 2 baños | 1 cocina - Muy buena iluminación y distribución- Pisos de losetas en sala y pasadizos | pisos de parqué en habitaciones | pisos de cerámico en bañosdistribución: - Sala comedor amplia- Cocina cerrada c/ muebles altos y bajos- 3 habitaciones con closet empotrado- 2 Baños completosprecio: - Inscrito en rrpp- Documentos en regla. ¡El espacio ideal para tu familia! R. U. C Ver datos"|https://www.adondevivir.com/propiedades/clasificado/veclapin-departamento-en-san-juan-de-lurigancho-149173656.html?n_src=Listado&n_pills=%C3%81rea+de+lavander%C3%ADa&n_pg=1&n_pos=6|2026-03-18
adondevivir|departamentos|venta|Lima Este|Chosica Lurigancho|"Akapana 1169
Mangomarca, San Juan de Lurigancho"|S/ 444,000 · USD 120,000|444000|120000|||"127 m² tot.
2 dorm.
2 baños"|127|2|2||Descubre este amplio departamento en el 2do en venta, perfecta para familias numerosas o como inversión para alquiler. Ubicada en el Jr. Akapana cuadra 11 Urb. Mangomarca sjl, con acceso a servicios básicos, parques, transporte público, colegios y centros comerciales. Características del Inmueble: Inmueble de 4 pisos con distribución independiente, ideal para vivienda multifamiliar o renta. dpto 2do piso (127 M2) - 2 habitaciones amplias bien iluminada, una con baño propio- Sala comedor iluminada con luz natural y con buena ventilación. - 1 Baño completo de Visitas- Cocina equipada con muebles altos y bajos. - Área de lavandería con conexión a gas natural. - Independizado- Servicio de Luz independiente- Servicio de Gas Independiente- Servicio de Agua compartidaUbicación Estratégica: Cerca de colegios, mercados, bancos y transporte público, con acceso rápido a avenidas principales. Ideal para inversión con alta rentabilidad por alquiler de pisos independientes. Inversión de Toda la casa es de: $400, 000 mil dólares¡No dejes pasar esta oportunidad! Agenda tu visita hoy mismo y asegura tu inversión. Contáctame para más información. T. C. 3. 50Tipo de cambio referencial, sujeto a variación diaria por fluctuación del mercado|https://www.adondevivir.com/propiedades/clasificado/veclapin-oportunidad-unica:-venta-de-departamento-en-2do-piso-145991854.html?n_src=Listado&n_pills=%C3%81rea+de+lavander%C3%ADa&n_pg=1&n_pos=7|2026-03-18
adondevivir|departamentos|venta|Lima Este|Chosica Lurigancho|"Urbanización El Banco De Javier Prado, Ate, Lima
Ate Vitarte, Lima"|"S/ 379,000 · USD 113,500
5%"|379000|113500|5%|80|"90 m² tot.
3 dorm.
2 baños"|90|3|2||Se vende amplio y moderno departamento – Excelente ubicación límite con La Molina5 piso sin ascensorSe vende lindo y amplio departamento de 90. 35 m², con vista externa y excelente distribución. Cuenta con 3 dormitorios, todos con closets. El dormitorio principal incluye baño incorporado. Además, dispone de un baño completo adicional para compartir. Ambos baños cuentan con espejos biselados, puertas corredizas, buena iluminación y acabados modernos. La propiedad ofrece una amplia sala-comedor, destacando un mueble decorativo con iluminación, ideal para un ambiente moderno y acogedor. La cocina se encuentra totalmente amoblada, con reposteros altos y bajos, campana extractora y buen espacio de almacenamiento. Incluye área de lavandería con conexión para lavadora, lavadero y mueble auxiliar. Área total: 90. 35 m²Documentación: En regla, inscrito en Registros PúblicosUbicación estratégica: Cerca de parques y avenidas principalesA pocos minutos del Óvalo HuarochiríEspaldas del colegio AlpamayoCerca del Estadio Monumental de la ulímite con La MolinaPrecio de venta: us$ 115. 000|https://www.adondevivir.com/propiedades/clasificado/veclapin-urbanizacion-el-banco-de-javier-prado-ate-lima-5-148895945.html?n_src=Listado&n_pills=%C3%81rea+de+lavander%C3%ADa&n_pg=1&n_pos=8|2026-03-18
adondevivir|departamentos|venta|Lima Este|Chosica Lurigancho|"C. Marbella al 200
Mayorazgo, Ate Vitarte"|S/ 482,330 · USD 139,000|482330|139000|||"99 m² tot.
3 dorm.
2 baños"|99|3|2||Contacto: laura riscocel: 9*4*3*7*7*6*6*2*8venta de departamento 99 m2 en mayorazgo ate A unas cuadras del centro preuniversitario U lima¿Estás buscando el departamento de tus sueños? ¡Tenemos la solución perfecta para ti! Se vende amplio departamento en piso 3, ubicado en Urb. Mayorazgo iii Etapa, en una zona residencial y segura. ubicación En calle Marbella 259. - A 1 cuadra de Av. Separadora Industrial y Ovalo de Mayorazgo. - A pocas cuadras del centro preuniversitario ulima e Iglesia San José de Mayorazgo. - A la altura del Estadio Monumental de la U. - Cercano al tren (Estación Hermilio Valdizan), mercado Productores, mercado Mayorista, Centro Comercial Plaza Josfel y Real Plaza Puruchuco. áreas- Área de terreno (at): 99. 05 m2- Área Construida (ac): 99. 05 m2distribución- Sala - comedor - Cocina cerrada- Lavandería- 1 habitación principal con baño incorporado- 2 habitaciones secundarias- 1 baño compartido- 1 habitación y baño de servicio. - Ascensor Documentación en reglaNo pierdas la oportunidad de vivir cómodamente en una de las mejores zonas de Lima. ¡Agenda tu visita ya! contacto: laura riscocel: 9*4*3*7*7*6*6*2*8id: 1*1*2*8*8*3*4|https://www.adondevivir.com/propiedades/clasificado/veclapin-venta-de-departamento-99-m-sup2--en-mayorazgo-ate-145779176.html?n_src=Listado&n_pills=%C3%81rea+de+lavander%C3%ADa&n_pg=1&n_pos=9|2026-03-18
adondevivir|departamentos|venta|Lima Este|Santa Anita|"Calle Pinzon - URB Santa Anita, Santa Anita
Santa Anita, Santa Anita"|S/ 530,400 · USD 156,000|530400|156000||100|"107 m² tot.
3 dorm.
2 baños"|107|3|2||Venta de amplio Y moderno departamento en los flamencos – santa anita107 m² + vista A parquedescubre este excelente departamento ubicado en una zona estratégica de Santa Anita, a pocos minutos del Óvalo y muy cerca de comercios, restaurantes, estudios de abogados, ferreterías, Mall Aventura Santa Anita y todo lo que necesitas para una vida práctica y conectada. Características del inmueble: • Edificio de 5 pisos – 1 departamento por nivel. • Ubicado en 3er piso (sin ascensor). • Sala amplia con balcón y hermosa vista directa al parque. • Comedor espacioso, ideal para una mesa de 8 sillas, con mueble empotrado. • Cocina cerrada, con tablero de granito y buena distribución. • Lavandería independiente. • Dormitorio principal con baño completo amplio. • Dos dormitorios secundarios donde ingresan camas de 2 plazas. • Un baño completo para compartir. Adicionales: • Solo 3 años de antigüedad. • Documentación en regla y lista para la venta. • Cochera (precio adicional) Un departamento moderno, bien distribuido y con una ubicación privilegiada frente a parque. Ideal para familias que buscan comodidad, amplitud y accesibilidad.|https://www.adondevivir.com/propiedades/clasificado/veclapin-departamento-en-santa-anita-148756353.html?n_src=Listado&n_pills=%C3%81rea+de+lavander%C3%ADa&n_pg=1&n_pos=1|2026-03-18
adondevivir|departamentos|venta|Lima Este|Santa Anita|"Hurin Cuzco 246
Santa Anita, Lima"|S/ 420,000 · USD 120,000|420000|120000|||"155 m² tot.
5 dorm.
2 baños"|155|5|2||Ubicado en Santa Anita, este departamento está disponible en venta. Con una superficie construida de 155 m², ofrece un espacio cómodo y funcional. Cuenta con 5 dormitorios y 2 baños, ideal para familias grandes o aquellos que buscan espacio adicional. El dormitorio principal tiene baño propio. El departamento se encuentra en el piso 3 de un edificio con 3 departamentos. Dispone de área de lavandería e ingreso independiente. Además, cuenta con 10 balcones para disfrutar del aire libre. La propiedad tiene 15 años de antigüedad y se beneficia de su cercanía a centros comerciales. Santa Anita es un distrito residencial con acceso a diversas opciones de transporte público y principales avenidas. En la zona encontrará colegios, supermercados, mercados locales y centros de salud, facilitando el día a día.|https://www.adondevivir.com/propiedades/clasificado/veclapin-departamento-de-155-m-sup2--con-5-dorm.-en-venta-148987026.html?n_src=Listado&n_pills=Cerca+a+colegios&n_pg=1&n_pos=2|2026-03-18
adondevivir|departamentos|venta|Lima Este|Santa Anita|"Azares al 100
Santa Anita, Santa Anita"|S/ 487,410 · USD 145,000|487410|145000|||"178 m² tot.
4 dorm.
2 baños
1 estac."|178|4|2|1|Consultar con el Agente Inmobiliario encargado para mayor información Ver datos.|https://www.adondevivir.com/propiedades/clasificado/veclapin-se-vende-departamento-duplex-piso-1-santa-anita-147825947.html?n_src=Listado&n_pills=%C3%81rea+de+lavander%C3%ADa&n_pg=1&n_pos=3|2026-03-18
adondevivir|departamentos|venta|Lima Este|Santa Anita|"Calle los Algarrobos
Santa Anita, Lima"|S/ 438,000|438000||||"95 m² tot.
3 dorm.
2 baños"|95|3|2||Vendo departamento de estreno en santa anita (urb. Portada de ceres) contacto: mario farfan 9. 9. 8. 3. 9. 5. 1. 7. 5ideal para familias que buscan confort, seguridad Y una excelente ubicaciónen plena urbanizacion la portada de ceres, zona tranquila, segura Y de facil acceso A vias principales, colegios parques Y centros comerciales. caracteristicas del departamento 4to piso (95M2) el edificio cuenta con ascensor 3 amplios dormitorios todos con closet en melamina dormitorio principal con baño incorporado sala comedor con excelente iluminacion Y con vista A la calle. Baños modernos con bellos acabados intercomunicador digital Y con pantalla led cocina cerrada con muebles altos Y bajos area de lavanderia gas natural ya instalado en el departamentodocumentos en regla, listo para entrega inmediata.. precio de oportunidad – no dejes pasar esta ocacion! contactame hoy mismo para agendar una visita Y conocer tu proximo hogar|https://www.adondevivir.com/propiedades/clasificado/veclapin-venta-de-departamento-en-santa-anita-urb-portada-de-148255776.html?n_src=Listado&n_pills=%C3%81rea+de+lavander%C3%ADa&n_pg=1&n_pos=4|2026-03-18
adondevivir|departamentos|venta|Lima Este|Santa Anita|"CALLE TUCANES 286
Santa Anita, Lima"|S/ 340,000 · USD 110,000|340000|110000||120|"98 m² tot.
3 dorm.
2 baños
1 estac."|98|3|2|1|Hermoso departamento ubicado en primer piso elevado, dentro de una zona residencial tranquila, segura y rodeada de parques, en el distrito de Santa Anita. Ubicación. Situado en la calle Los Tucanes, a pocos pasos de la Plaza de Armas de Santa Anita. Cercano a la Estación 2 del Metro, al Óvalo Santa Anita y a solo cinco minutos del Mall de Santa Anita. Zona con seguridad y excelente conectividad. Descripción del departamento. Al ingresar, se encuentra una amplia y bien iluminada sala comedor, ideal para el disfrute familiar. La cocina cuenta con muebles altos y bajos, funcional y bien distribuida. El dormitorio principal dispone de closet empotrado, baño privado y acceso a una pequeña terraza. Dos dormitorios secundarios con closets empotrados, cómodos y con buena iluminación natural. Baño de visita estratégicamente ubicado, separando el área social del área privada. Amplia lavandería, bien iluminada y funcional. Resumen. Área ocupada: 98 m² Área construida: 64 m² Área libre: 43 m² Primer piso elevado. Sala comedor amplia. Cocina con muebles altos y bajos. 3 dormitorios (principal con baño privado) 2 baños. Terraza. Lavandería. Incluye 1 cochera y 1 depósito. Antigüedad: 13 años. Mantenimiento: S/ 120 aprox. (incluye agua) Disponibilidad inmediata, listo para la transferencia.|https://www.adondevivir.com/propiedades/clasificado/veclapin-venta-de-departamento-en-primer-piso-elevado-santa-148625427.html?n_src=Listado&n_pills=%C3%81rea+de+lavander%C3%ADa&n_pg=1&n_pos=5|2026-03-18
adondevivir|departamentos|venta|Lima Este|Santa Anita|"Entre Av. 7 de Junio y Av. Los Ficus
Santa Anita, Lima"|S/ 410,400 · USD 120,000|410400|120000|||"109 m² tot.
3 dorm.
1 baño"|109|3|||¡Acogedor Departamento en Santa Anita – Primer Piso! Vive con comodidad y excelente ubicación en este funcional departamento ubicado en el primer piso de un edificio de solo 4 pisos, en una zona céntrica y de fácil acceso. Ideal para familias que buscan tranquilidad sin alejarse de todo. Ubicación privilegiada: Cercano a amplios parques, colegios, restaurantes y comercios. A pocos minutos del Mall Santa Anita y Makro Santa Anita. Fácil acceso por las principales avenidas: Av. 7 de Junio, Av. Los Cipreses y Av. Francisco Bolognesi. Distribución: - Sala – comedor- Baño de visita- Cocina con comedor de diario- 3 dormitorios- 1 baño completo- Patio posteriorPosibilidad de alquilar cochera en el edificio por S/250. Una excelente opción para vivir o invertir en una zona con alta demanda. No lo pienses más y agenda tu visita hoy mismo. ¡Este departamento puede ser tu próximo hogar! * Las fotografías, precios y descripción de esta propiedad son|https://www.adondevivir.com/propiedades/clasificado/veclapin-departamento-en-santa-anita-148709041.html?n_src=Listado&n_pg=1&n_pos=6|2026-03-18
adondevivir|departamentos|venta|Lima Este|Santa Anita|"los petirrojos 101
Santa Anita, Lima"|S/ 510,400 · USD 145,000|510400|145000|||"108 m² tot.
3 dorm.
1 baño"|108|3|||"Agente: Roberto Ampuero 9 8 2 # 0 3 1 # 1 6 0. Departamento con vista al parque en Santa Anita — Calle Petirrojos. 108 m² | 3 dormitorios | 1 baño | Todo el 2. º piso. Ubicación excepcional. Ubicado en Calle Petirrojos, una zona residencial muy bien conectada y frente al Parque Quiñones, este departamento combina tranquilidad y excelente acceso. A pocos minutos encontrarás el Óvalo Santa Anita (Estación del Metro), la Municipalidad de Santa Anita, el Mall Aventura Santa Anita, y avenidas principales como Ruiseñores y Santa Rosa, lo que te permite llegar rápidamente a cualquier punto de Lima. Además, la zona cuenta con universidades, colegios, mercados, bancos y servicios a muy corta distancia. Distribución funcional y bien iluminada. Este departamento ocupa la totalidad del segundo piso del edificio, lo que le otorga independencia, buena ventilación y una sensación de amplitud única. Su distribución está pensada para aprovechar cada ambiente con comodidad: ️ Sala-comedor amplia y luminosa, cuenta con un tragaluz, con ventanales y vista directa al Parque Quiñones, perfecta para disfrutar de la luz natural y del entorno verde. Cocina independiente, iluminada y acceso de servicio directo al departamento. ️ Tres dormitorios espaciosos, bien distribuidos y con buena iluminación. Baño completo con ventilación natural. Entrada principal y de servicio, ideal para una circulación más cómoda y funcional. Características generales. Área construida: 108. 00 m² Piso: 2 (todo el nivel) ️ Dormitorios: 3. Baños: 1. ️ Excelente iluminación y ventilación natural. ️ Antigüedad: 50 años. Por qué elegirlo. Ubicación estratégica entre avenidas principales y frente a un hermoso parque. Ambientes amplios, ventilados y bien distribuidos. Ideal para remodelar y personalizar al gusto. Fácil acceso a transporte, comercio, servicios y vías rápidas. ️ Tranquilidad y privacidad, al ocupar todo el segundo piso. Vive con la comodidad de un departamento amplio, con la mejor vista al parque y la conectividad que solo Santa Anita puede ofrecer. Contáctanos hoy y agenda tu visita para conocer este departamento lleno de potencial. Agente: Roberto Ampuero 9 8 2 # 0 3 1 # 1 6 0"|https://www.adondevivir.com/propiedades/clasificado/veclapin-venta-de-departamento-en-los-petirrojos-frente-al-147506772.html?n_src=Listado&n_pg=1&n_pos=7|2026-03-18
adondevivir|departamentos|venta|Lima Este|Santa Anita|"las Brisas191
Los Ficus, Santa Anita"|S/ 571,500 · USD 170,089|571500|170089|||"140 m² tot.
4 dorm.
3 baños"|140|4|3||Vive con comodidad, seguridad y excelente ubicación en este amplio departamento ubicado en una zona residencial, rodeada de parques y con vigilancia permanente. Ubicación privilegiada: Calle Las brisas con cedros– Santa AnitaA pasos del parque los ficus de Santa AnitaA pocas cuadras de la Estación 2 del MetroA 5 minutos del Mall de Santa AnitaCerca del Óvalo Santa AnitaDescripción del departamento: Al ingresar, te recibe una amplia y luminosa sala comedor, ideal para disfrutar momentos en familia. La cocina cuenta con muebles altos y bajos, combinando funcionalidad y estilo. Dormitorio principal: Closet empotradoBaño privadoAcceso a una pequeña terraza, perfecta para relajarte y disfrutar del aire frescoDormitorios secundarios: 4 habitaciones cómodasClosets empotradosMuy bien iluminadasBaños: Baño de visita, estratégicamente ubicadoBaño completo en el dormitorio principalLavandería: Amplia, bien iluminada y muy cómoda para las tareas del hogar. Resumen general: Área ocupada: 140. 20 m²Área construida: 140m²Área libre: tercerr piso elevadoAmplia sala comedorCocina con muebles altos y bajos4habitaciones (principal con baño privado), 3 bañosLavanderiaAntigüedad: 10 añosNo dejes pasar la oportunidad de vivir o invertir en una de las mejores zonas de Santa Anita. Área Ocupada140. 20 m²medidasárea Libre140. 20 m²Consultar con el Agente Inmobiliario encargado para mayor información Ver datos.|https://www.adondevivir.com/propiedades/clasificado/veclapin-se-vende-departamento-en-parque-3-los-ficus-santa-148954215.html?n_src=Listado&n_pills=%C3%81rea+de+lavander%C3%ADa&n_pg=1&n_pos=8|2026-03-18
adondevivir|departamentos|venta|Lima Este|Santa Anita|"las Brisas134 Alto Ficus
Alto Los Ficus, Santa Anita"|S/ 280,000 · USD 83,000|280000|83000|||"75 m² tot.
2 dorm.
1 baño"|75|2|||Departamento moderno con ingreso independiente, diseñado para ofrecerte amplitud y privacidad. -Disfruta de una espaciosa y bien iluminada sala-comedor integrada-Práctica cocina de concepto abierto con muebles altos y bajos-2dormitorios cómodos, -sala comedor-cocina lavanderia-1 baño-piso 4-area 75. 50m2-Área de lavandería-Ubicación inmejorable: cerca al moll santa anita Mercado de Productores, Mercado Mayorista de Santa Anita, colegios, restaurantes y todo el comercio que necesitas para tu día a día. Comodidad, ubicación y calidad en un sólo lugar. documento en regla listo para la firma Consultar con el Agente Inmobiliario encargado para mayor información Ver datos.|https://www.adondevivir.com/propiedades/clasificado/veclapin-se-vende-moderno-departamento-en-los-ficus-santa-anita-148834154.html?n_src=Listado&n_pills=Seguridad&n_pg=1&n_pos=9|2026-03-18
adondevivir|departamentos|venta|Lima Este|Santa Anita|"Av. Bolognesi
Santa Anita, Lima"|S/ 570,742 · USD 170,371|570742|170371|||"95 m² tot.
3 dorm.
4 baños"|95|3|4||Dúplex de gran amplitud en el último nivel del edificio. Primer piso con sala, comedor, kitchenette, lavandería, un dormitorio y dos baños completos. Segundo piso con dos dormitorios adicionales, dos baños completos, terraza y jardín seco. Vista interna hacia el patio interior. Una opción ideal para familias que buscan mayor independencia y áreas al aire libre. Búscanos como @housebrokerperu. House Bróker Perú|https://www.adondevivir.com/propiedades/clasificado/veclapin-duplex-de-3-dorm.-en-sta.-anita-148237146.html?n_src=Listado&n_pills=Jard%C3%ADn&n_pg=1&n_pos=10|2026-03-18
adondevivir|departamentos|venta|Lima Este|Santa Anita|"Calle 6
Alameda De Ate, Santa Anita"|S/ 302,600 · USD 89,000|302600|89000||100|"90 m² tot.
4 dorm.
2 baños"|90|4|2||Doors, te presenta un moderno Departamento en venta en la segura zona de Alameda de Ate, etapa ii de Santa Anita, Lima. Este espacioso departamento de 90 m2 se encuentra en el cuarto piso y ofrece una orientación este, garantizando luz natural durante gran parte del día. Con 10 años de antigüedad, está en perfectas condiciones y es apto para crédito. Cuenta con 4 dormitorios, todos con closet, 2 baños completos, y una distribución funcional que incluye cocina, lavandería, sala comedor, patio, toilette, escritorio, estudio y galería, su ubicación estratégica es privilegiada por estar cerca del mercado mayorista de Santa Anita, el mercado productores. En cuanto a servicios, el departamento está equipado con agua corriente, desagüe, gas natural, internet, electricidad, línea telefónica y cable. Adicionalmente, dispone de seguridad 24 horas, es apto para mascotas y profesionales, y destaca por su luminosidad. La zonificación urbana y la disposición al frente lo convierten en una opción ideal para familias o profesionales que buscan comodidad y seguridad. . En Doors, ofrecemos un servicio integral en la gestión de compra, venta y alquiler de inmuebles. Nuestro equipo de profesionales trabaja con seriedad, transparencia y compromiso para garantizar operaciones seguras y exitosas. Nos enfocamos en brindar asesoría personalizada, acompañando a cada cliente en cada etapa del proceso inmobiliario, desde la valoración del inmueble hasta la firma final. Con un profundo conocimiento del mercado y una red de contactos sólida, ayudamos a propietarios e inversores a tomar las mejores decisiones. Nuestra misión es ser un aliado de confianza, generando valor y construyendo relaciones duraderas basadas en la ética y la excelencia. En Doors, creemos que una casa es mucho más que paredes y techos: es el lugar donde empiezan los sueños. Por eso, trabajamos cada día para ayudarte a encontrar el hogar perfecto o la inversión ideal. Te acompañamos en todo el camino, con cercanía, honestidad y experiencia, para que vivas el proceso de comprar, vender o alquilar de forma sencilla y segura. Nuestro propósito es unir personas con lugares especiales, y hacerlo siempre con pasión y confianza.|https://www.adondevivir.com/propiedades/clasificado/veclapin-departamento-en-venta-en-la-urb.-alameda-de-ate-etapa-149288637.html?n_src=Listado&n_pills=Guardian%C3%ADa%2FSeguridad+privada&n_pg=1&n_pos=11|2026-03-18
adondevivir|departamentos|venta|Lima Este|Santa Anita|"Av Francisco Bolognesi al 1000
Alto Los Ficus, Santa Anita"|S/ 350,817|350817||||"3 dorm.
2 baños
12 estac."||3|2|12|Comenzamos la preventa del proyecto stratos, ubicado en Sant AnitaExcelente ubicación: cerca de parques, avenidas principales, colegios, a 3min del mall, Universidad San Martin, cerca vias principales, via evitamiento, carretera central, etc. El proyecto contará con solo 25 modernos departamentos con excelente distribución: sala comedor con balcón y vista exterior, baño de visitas, 3 dormitorios con closet (principal con baño incorporado), baño completo para dormitoriossecundarios, cocina con reposteros altos y bajos, área de lavandería. Cochera en preventa desde; S/ 71, 327. 20 hasta 102, 670. 40 soles Areas comunes: zona de parrilla, zona de bicicletas, terraza y lavanderia. Contamos con flats desde2 hasta 97mt2 y dúplex de 93. 22mt2 y 74. 29mt2. Precios increíbles! Desde los S/350, 816. 70 soles! No dejes pasar la oportunidad de vivir en una de las mejores zonas de Santa Anita. Contáctame para enviarte toda la información. Carolina Bravo cel: Ver datos|https://www.adondevivir.com/propiedades/clasificado/veclapin-departamento-en-av-francisco-bolognesi-sta-anita-149289570.html?n_src=Listado&n_pills=%C3%81rea+de+lavander%C3%ADa&n_pg=1&n_pos=12|2026-03-18
adondevivir|departamentos|venta|Lima Este|Santa Anita|"Av. Bolognesi
Santa Anita, Lima"|S/ 393,360 · USD 117,394|393360|117394|||"55 m² tot.
2 dorm.
2 baños"|55|2|2||Departamento flat de 55. 11m2 ubicado en el quinto piso, con una distribución moderna y funcional. Cuenta con sala, comedor, kitchenette, lavandería, dos dormitorios y dos baños completos. Vista interna hacia el patio interior, ideal para quienes buscan tranquilidad dentro de la ciudad. Búscanos como @housebrokerperu. House Bróker Perú|https://www.adondevivir.com/propiedades/clasificado/veclapin-dpto.-de-2-dorm.-en-sta.-anita-148235352.html?n_src=Listado&n_pills=%C3%81rea+de+lavander%C3%ADa&n_pg=1&n_pos=13|2026-03-18
adondevivir|departamentos|venta|Lima Este|Santa Anita|"Av. Francisco Bolognesi
Santa Anita, Lima"|S/ 537,526 · USD 160,456|537526|160456|||"77 m² tot.
3 dorm.
2 baños"|77|3|2||Amplio departamento flat de 77. 43m2 en sexto piso con excelente iluminación natural y vista a la Av. Francisco Bolognesi. Distribución cómoda con tres dormitorios, dos baños completos, sala, comedor, kitchenette y lavandería independiente. Espacios pensados para una vida práctica y conectada. Búscanos como @housebrokerperu. House Bróker Perú|https://www.adondevivir.com/propiedades/clasificado/veclapin-dpto.-de-3-dorm.-en-sta.-anita-148235486.html?n_src=Listado&n_pills=%C3%81rea+de+lavander%C3%ADa&n_pg=1&n_pos=14|2026-03-18
adondevivir|departamentos|venta|Lima Este|Santa Anita|"Los Álamos 666
Santa Anita, Lima"|S/ 206,400 · USD 60,000|206400|60000|||"61 m² tot.
2 dorm.
1 baño"|61|2|||Agente Roberto Ampuero 982 # 031 # 160. Si estás buscando un departamento funcional, bien distribuido y a un precio accesible, esta puede ser una excelente oportunidad. Se vende departamento de 61 m² ubicado en el 3er piso, en Jr Los Álamos – Santa Anita, una ubicación residencial con acceso a comercios, transporte y servicios cercanos. El inmueble cuenta con una distribución cómoda y bien iluminada, ideal para personas que buscan un hogar práctico o una inversión con buena proyección. Distribución del departamento: - Sala – comedor amplia (20 m²) con buena iluminación natural. - 2 dormitorios (9 m² cada uno) con espacio funcional. - Cocina (6 m²) con muebles altos y bajos renovados, lista para usar. - 1 baño completo (4 m²) equipado con terma. - Ambientes con buena iluminación y ventilación. Este departamento es ideal para: parejas. familias pequeñas. personas que buscan su primera vivienda. inversionistas que desean alquilar en una zona con demanda. Su excelente relación precio–ubicación lo convierte en una oportunidad interesante dentro del mercado de Santa Anita. Precio de venta: $60, 000. Contáctanos para más información o agendar una visita. Agente Roberto Ampuero 982 # 031 # 160. Propiedades con este precio y metraje en la zona suelen tener alta demanda, por lo que recomendamos programar tu visita con anticipación.|https://www.adondevivir.com/propiedades/clasificado/veclapin-departamento-en-venta-en-santa-anita-61-m-sup2--2-149277319.html?n_src=Listado&n_pg=1&n_pos=15|2026-03-18
adondevivir|departamentos|venta|Lima Este|Santa Anita|"Av. Bolognesi
Santa Anita, Lima"|S/ 394,782 · USD 117,845|394782|117845|||"56 m² tot.
2 dorm.
2 baños"|56|2|2||Departamento flat de 55. 51m2 ubicado en el octavo piso, con un diseño eficiente que integra sala, comedor, kitchenette, lavandería, dos dormitorios y dos baños completos. Vista interna hacia el patio interior, perfecto para quienes priorizan privacidad y tranquilidad. Búscanos como @housebrokerperu. House Bróker Perú|https://www.adondevivir.com/propiedades/clasificado/veclapin-dpto.-de-2-dorm.-en-sta.-anita-148236965.html?n_src=Listado&n_pills=%C3%81rea+de+lavander%C3%ADa&n_pg=1&n_pos=16|2026-03-18
adondevivir|departamentos|venta|Lima Este|Santa Anita|"AV. Huarochiri al 1000
El Asesor, Santa Anita"|S/ 304,200 · USD 89,000|304200|89000|||"74 m² tot.
3 dorm.
2 baños"|74|3|2||Se vende departamento – av. Huarochirí 1086, santa anita (muy pronto fotos del interior) Vista externa · Excelente ubicación · Zona de alta conectividadFuncional y bien distribuido departamento ubicado en plena Avenida Huarochirí, una de las vías más importantes de Santa Anita, ideal para vivienda familiar o inversión por su alta demanda de alquiler. Características del departamento: Vista externa, con buena ventilación e iluminación naturalSala comedor - con vista exterior. 2 habitaciones, 1 habitación principal con baño completo incluido Cocina independiente con muebles altos y bajos - Lavandería1 baño común completoInstalaciones para agua caliente y fría. Cuenta con gas calidano cuenta con cochera luz independiente cuenta con contometroventajas de la ubicación: Cercano al Mercado Mayorista de Santa Anita, ideal para comercio y abastecimientoFácil acceso al Mall Aventura Santa Anita, con supermercados, tiendas, restaurantes y cineZona con transporte público constante, comercios, colegios y serviciosUna excelente oportunidad para quienes buscan ubicación estratégica, comodidad y valorización constante. departamento independizado, libre de gravamen, listo para transferir! Agenda la visita! ¡confianza total! Ubícanos en nuestra página web oficina Centro empresarial Link Tower – Manuel Olguin 335- Oficina 1203 - Urb los Granados - Santiago de Surco|https://www.adondevivir.com/propiedades/clasificado/veclapin-se-vende-departamento-en-santa-anita-3habitaciones-149279216.html?n_src=Listado&n_pills=%C3%81rea+de+lavander%C3%ADa&n_pg=1&n_pos=17|2026-03-18
adondevivir|departamentos|venta|Lima Este|Santa Anita|"las aburardas
Santa Anita, Lima"|S/ 219,000 · USD 60,000|219000|60000|||"50 m² tot.
2 dorm.
1 baño"|50|2|||¡Oportunidad Única de Inversión! Se Vende Minidepartamento en Santa Anita. Agente: Roberto Ampuero 9 8 2 # 0 3 1 # 1 6 0. Ubicación: Vistas espectaculares al Parque de la Plaza de Armas de Santa Anita. Características del Minidepartamento: Área Total: 50 m² Habitaciones: 2 cómodas habitaciones de 9 m² cada una, perfectas para descansar. Sala-Comedor: Amplia y luminosa sala de 18 m², ideal para compartir momentos en familia. Cocina: Cocina funcional de 8 m², equipada para tus necesidades diarias. Baño: Moderno baño de 6 m², diseñado para tu comodidad. Beneficios: Vista privilegiada al parque, ideal para disfrutar de la naturaleza. Ubicación estratégica cerca de servicios, tiendas y transporte público. Ambiente tranquilo y seguro para vivir. Precio: Contáctanos para más información y agenda tu visita. Agente: Roberto Ampuero 9 8 2 # 0 3 1 # 1 6 0. ¡No dejes pasar esta oportunidad! Tu nuevo hogar te espera en Santa Anita.|https://www.adondevivir.com/propiedades/clasificado/veclapin-se-vende-minidepartamento-frente-a-parque-plaza-de-145909233.html?n_src=Listado&n_pg=1&n_pos=18|2026-03-18
adondevivir|departamentos|venta|Lima Este|Santa Anita|"Av. Bolognesi
Santa Anita, Lima"|S/ 459,136 · USD 137,056|459136|137056|||"67 m² tot.
3 dorm.
2 baños"|67|3|2||Moderno departamento flat de 66. 83m2 en séptimo piso con vista a la Av. Francisco Bolognesi. Incluye dos dormitorios más un estudio, dos baños completos, sala, comedor, kitchenette y lavandería. Ideal para quienes necesitan un espacio adicional para trabajo o estudio. Búscanos como @housebrokerperu. House Bróker Perú|https://www.adondevivir.com/propiedades/clasificado/veclapin-dpto.-de-3-dorm.-en-sta.-anita-148236908.html?n_src=Listado&n_pills=%C3%81rea+de+lavander%C3%ADa&n_pg=1&n_pos=19|2026-03-18
adondevivir|departamentos|venta|Lima Este|Santa Anita|"LAS Brisas al 100
Santa Anita, Santa Anita"|S/ 280,000 · USD 84,000|280000|84000|||"68 m² tot.
2 dorm.
1 baño"|68|2|||Vive con comodidad, seguridad y excelente ubicación en este amplio departamento ubicado en una zona residencial, rodeada de parques y con vigilancia permanente. Ubicación privilegiada: Calle Las brisas con cedros– Santa AnitaA pasos del parque los ficus de Santa AnitaA pocas cuadras de la Estación 2 del MetroA 5 minutos del Mall de Santa AnitaCerca del Óvalo Santa AnitaDescripción del departamento: Al ingresar, te recibe una amplia y luminosa sala comedor, ideal para disfrutar momentos en familia. La cocina cuenta con muebles bajos. Dormitorio principal: Dormitorios secundarios: 2 habitaciones cómodasMuy bien iluminadasvista externaBaños: Baño completoConsultar con el Agente Inmobiliario encargado para mayor información Ver datos.|https://www.adondevivir.com/propiedades/clasificado/veclapin-departamento-a-la-venta-en-los-cedros-santa-anita-149003706.html?n_src=Listado&n_pg=1&n_pos=20|2026-03-18
adondevivir|departamentos|venta|Lima Este|Santa Anita|"Calle las Avellanas Portada de Ceres Santa Anita
Santa Anita, Lima"|S/ 205,000 · USD 58,000|205000|58000||30|"63 m² tot.
2 dorm.
1 baño"|63|2|||¡Tu nuevo hogar en Santa Anita, con excelente ubicación! Vive en un entorno seguro, privado y frente a un parque, con acceso rápido a todo lo que necesitas. Este moderno departamento en 4to piso, ubicado en una urbanización privada de Santa Anita, te ofrece comodidad, tranquilidad y una ubicación estratégica a pocos minutos del Mercado Productores. Área total: 63. 50 m² Características principales: - Sala-comedor amplia y luminosa, ideal para disfrutar momentos en familia - Cocina cerrada con tablero de granito, equipada con conexión a agua caliente y fría - 2 cómodos dormitorios, diseñados para tu descanso y comodidad - Baño completo con agua caliente y fría, funcional y bien distribuido - Acabados de alta calidad, con elegantes pisos de porcelanato - Intercomunicador con portero eléctrico, para mayor seguridad - Vista interna, brindando un ambiente tranquilo y sin ruidos externos Espacios adicionales: -Área de tendal, para mayor comodidad en tu día a día - Zona de parrilla, perfecta para reuniones y momentos especiales - Patio interno, que aporta iluminación y ventilación natural Ubicación privilegiada: - A pocos minutos del Mercado Productores - Fácil acceso a principales vías y transporte público - Cerca de colegios, centros comerciales y supermercados Documentación en regla, lista para la venta. ¡Aprovecha esta oportunidad única! Contáctame ahora y agenda una visita. ¡Tu nuevo hogar te espera!|https://www.adondevivir.com/propiedades/clasificado/veclapin-departamento-en-santa-anita-frente-a-parque-en-urb.-147695318.html?n_src=Listado&n_pg=1&n_pos=21|2026-03-18
adondevivir|departamentos|venta|Lima Este|Santa Anita|"C. Marbella al 200
Mayorazgo, Ate Vitarte"|S/ 482,330 · USD 139,000|482330|139000|||"99 m² tot.
3 dorm.
2 baños"|99|3|2||Contacto: laura riscocel: 9*4*3*7*7*6*6*2*8venta de departamento 99 m2 en mayorazgo ate A unas cuadras del centro preuniversitario U lima¿Estás buscando el departamento de tus sueños? ¡Tenemos la solución perfecta para ti! Se vende amplio departamento en piso 3, ubicado en Urb. Mayorazgo iii Etapa, en una zona residencial y segura. ubicación En calle Marbella 259. - A 1 cuadra de Av. Separadora Industrial y Ovalo de Mayorazgo. - A pocas cuadras del centro preuniversitario ulima e Iglesia San José de Mayorazgo. - A la altura del Estadio Monumental de la U. - Cercano al tren (Estación Hermilio Valdizan), mercado Productores, mercado Mayorista, Centro Comercial Plaza Josfel y Real Plaza Puruchuco. áreas- Área de terreno (at): 99. 05 m2- Área Construida (ac): 99. 05 m2distribución- Sala - comedor - Cocina cerrada- Lavandería- 1 habitación principal con baño incorporado- 2 habitaciones secundarias- 1 baño compartido- 1 habitación y baño de servicio. - Ascensor Documentación en reglaNo pierdas la oportunidad de vivir cómodamente en una de las mejores zonas de Lima. ¡Agenda tu visita ya! contacto: laura riscocel: 9*4*3*7*7*6*6*2*8id: 1*1*2*8*8*3*4|https://www.adondevivir.com/propiedades/clasificado/veclapin-venta-de-departamento-99-m-sup2--en-mayorazgo-ate-145779176.html?n_src=Listado&n_pills=%C3%81rea+de+lavander%C3%ADa&n_pg=1&n_pos=1|2026-03-18
adondevivir|departamentos|venta|Lima Este|Santa Anita|"Lerida 211 al 200
Mayorazgo, Ate Vitarte"|S/ 530,100 · USD 155,000|530100|155000||100|"143 m² tot.
3 dorm.
3 baños"|143|3|3||Contacto: maria arevalo: 9*6*3*2*9*2*9*9*9¡Vive con el espacio y la comodidad que tu familia merece! Imagina un hogar donde cada miembro tenga su propio baño, donde la sala y la cocina se integran en un solo ambiente acogedor, y donde disfrutas de la tranquilidad de una zona segura. Ese lugar existe: tu nuevo departamento en semisótano en Ate Vitarte. Características principales: Área ocupada: 156. 32 m²Área construida: 142. 43 m²Área libre: 13. 89 m²3 dormitorios, cada uno con baño completo propioSala comedor amplia con cocina abiertaAntigüedad: 26 años, bien conservadoUbicación estratégica: Al lado del Colegio San Lorenzo, cerca a la Pre Lima, con rápido acceso a Javier Prado, Separadora Industrial y centros comerciales como Puruchuco. Además, estarás a pasos de parques, servicios y zonas seguras que realzan tu calidad de vida. Beneficios que te encantarán: Privacidad total: cada habitación con baño propioConectividad y comodidad a minutos de todoEspacios amplios, funcionales y bien ventiladosZona tranquila, ideal para familiasSi buscas un hogar espacioso, práctico y en una ubicación privilegiada, este departamento es para ti. ¡Contáctanos y agenda tu visita hoy mismo — descubre el lugar donde tu nueva etapa comienza! contacto: maria arevalo: 9*6*3*2*9*2*9*9*9id: 1*1*5*8*9*9*8|https://www.adondevivir.com/propiedades/clasificado/veclapin-venta-de-departamento-en-mayorazgo-147904304.html?n_src=Listado&n_pills=%C3%81rea+de+lavander%C3%ADa&n_pg=1&n_pos=2|2026-03-18
adondevivir|departamentos|venta|Lima Este|Santa Anita|"Full Amoblado, Equipado, Vista Exterior, 5 Años DE Antiguedad EN Salamanca
Salamanca De Monterrico, Ate Vitarte"|S/ 352,800 · USD 105,000|352800|105000|||"62 m² tot.
2 dorm.
1 baño"|62|2|||¡Bienvenido a departamento moderno con solo 5 años de antigüedad en El Rosal de Salamanca! Este encantador hogar ofrece 2 acogedores dormitorios, 1 baño completo y un balcón perfecto para disfrutar del aire fresco. La cocina está equipada y lista para tus aventuras culinarias. Además, cuenta con una lavandería práctica. Ubicado en el tercer piso, este departamento amoblado te permite vivir con estilo y comodidad. Disfruta de la tranquilidad con seguridad y portería las 24 horas. ¿Tienes mascotas? ¡Son bienvenidas aquí! Con un ascensor a tu disposición, el acceso es fácil y rápido. Contarás con una linda vista, y la disposición frente te asegura una estadía agradable día a día. Vive cerca de todo lo que necesitas en Lima, en una urbanización segura. No dejes pasar esta oportunidad única de ser parte de una comunidad vibrante. ¡Tu nuevo hogar te espera! resumen: precio de venta amoblado: us$ 105, 000Departamento – El Rosal de Salamanca-Ubicado en urbanización segura y tranquila-A 1 cuadra de hermoso Parque con lozas deportivas y juegos infantiles &quot;las dalias&quot;, A pocos metros de Av. Los Quechuas. -3. er piso con ascensor-5 años de antigüedad y poco uso-Vista exterior con excelente iluminación natural-Sala–comedor ventilada-Balcón con vista exterior-Cocina equipada, con menaje y funcional-2 dormitorios cómodos-1 baño completo-Área de lavandería-Amoblado y equipado-Seguridad y portería 24/7-Se permiten mascotas“Honestidad, Transparencia y Servicios Creativos. Nuestros pilares para brindarles la mejor asesoría inmobiliaria. ”Si desea vender o alquilar su inmueble no dude en contactarse con nosotros.|https://www.adondevivir.com/propiedades/clasificado/veclapin-full-amoblado-equipado-5-anos-de-antiguedad-y-vista-148968287.html?n_src=Listado&n_pills=Guardian%C3%ADa%2FSeguridad+privada&n_pg=1&n_pos=3|2026-03-18
adondevivir|departamentos|venta|Lima Este|Santa Anita|"Prolongacion Javier Prado Este 9132
Los Portales De Javier Prado, Ate Vitarte"|S/ 450,000 · USD 120,000|450000|120000|||"126 m² tot.
4 dorm.
3 baños
1 estac."|126|4|3|1|Ate - (Urb. Los Portales de Javier Prado) departamento en venta Prolong. Javier Prado Ate, muy cerca de Real Plaza Puruchuco, con acceso a avenidas principales en 4to piso (sin ascensor) 6 razones para comprar el departamento 1. Es amplio mide 126 Mts. 2. Tiene vista a calle (iluminación asegurada) 3. Solo 01 departamento por piso ( baja densidad de vecinos, solo 04 pisos) 4. Es de estreno (nadie lo ha ocupado). 5. Dormitorios para camas Queen. (02 con baño completo y 02 comparten un baño). 6. No tiene deuda, hipoteca o cargas. 7. No pagas mantenimiento. Además la sala comedor es amplia, baño de cocina cerrada con puerta vaiven y lavandería separada y ventilada con espacio para tendal, Adquierelo por solo us$ 120, 000 Hay cochera disponible adicional al precio del departamento, Opcional: $10, 000 Datos adicionales: Arbitrios e impuestos al día. Departamento paga Alcabala. Contacto: Enrique Alema? n al Ver datos|https://www.adondevivir.com/propiedades/clasificado/veclapin-departamento-de-estreno-de-126-m-de-04-dorm.-03-banos-147857158.html?n_src=Listado&n_pills=%C3%81rea+de+lavander%C3%ADa&n_pg=1&n_pos=4|2026-03-18
adondevivir|departamentos|venta|Lima Este|Santa Anita|"Jr. Juan Jose Crespo al 100
Ate Vitarte, Lima"|S/ 684,560 · USD 199,000|684560|199000|||"372 m² tot.
3 dorm.
2 baños
2 estac."|372|3|2|2|**¡Oportunidad Exclusiva en Ate Vitarte! ** Tu nuevo hogar te espera en una de las zonas más encantadoras de Lima. Descubre esta acogedora casa que incluye el primer piso y los aires del tercer piso, asimismo cuenta con 02 amplios estacionamientos. Un espacio pensado para disfrutar de la tranquilidad, la comodidad y una vida en armonía con la naturaleza. Natural y Frente a Parque: Disfruta de la frescura de las áreas verdes y la paz que solo vivir frente a un parque puede ofrecer. Ideal para quienes valoran los espacios abiertos y la calidad de vida. Vista Privilegiada: Con una hermosa vista a la calle y al exterior, tu nuevo hogar estará lleno de luz natural y con una fachada que destaca. **Características del Departamento: • 3 cómodas habitaciones• 2 baños completos• Amplia sala y comedor para compartir en familia• Cocina funcional y bien distribuida• ¡Incluye 2 estacionamientos! • Frente a un parque hermoso y bien cuidadoEste departamento es perfecto para quienes buscan un hogar amplio, bien ubicado y listo para mudarse. Ubicado en una zona privilegiada de Ate Vitarte, rodeado de serenidad, áreas verdes y con fácil acceso a servicios, comercios y entretenimiento. ¡No dejes pasar esta oportunidad única de vivir como siempre soñaste! Contáctanos hoy y ven a conocer el lugar donde comienza tu nueva historia. Consultar con el Agente Inmobiliario encargado para mayor información Ver datos.|https://www.adondevivir.com/propiedades/clasificado/veclapin-departamento-a-la-venta-en-ate-vitarte-147856025.html?n_src=Listado&n_pg=1&n_pos=5|2026-03-18
adondevivir|departamentos|venta|Lima Este|Santa Anita|"Av. Prol. Javier Prado Este 9051 al 9000
Ate Vitarte, Lima"|S/ 705,600 · USD 210,000|705600|210000|||"270 m² tot.
5 dorm.
4 baños"|270|5|4||Contacto: santa cruz buendía yieny kennithcell: 9*8*6*9*8*7*3*4*6venta de amplio dúplex en av. Javier prado – ategran oportunidad de inversión o vivienda en una de las avenidas más importantes y comerciales de Lima. - Ubicado en plena Avenida Javier Prado- Frente al Poder Judicial del Perú- A solo 3 minutos del Real Plaza Puruchuco- A 3 cuadras de la estación Estación Los Jardines del Metro de Lima-Cerca de bancos, supermercados, centros comerciales y principales servicios. características generalesárea total: 270 m²(135 m² en 4° piso + 135 m² en 5° piso) 5 habitaciones amplias4 baños completosLuz y agua independizadosExcelente iluminación naturalAmbientes amplios y ventiladosDormitorio con baño incorporadoHabitaciones adicionalesEspacios versátiles (oficina, sala de estar o área social) Potencial para terraza o zona de reunionesideal para: - Familia numerosa- Vivienda + oficina- Inversión para alquiler por habitaciones- Profesionales que buscan ubicación estratégicaUna propiedad con gran metraje, excelente conectividad y alto potencial de valorización. Te invito a conocerlo personalmente. Para más información o agendar una visita, contáctame. contacto: santa cruz buendía yieny kennithcell: 9*8*6*9*8*7*3*4*6id: 1*1*7*2*9*4*2|https://www.adondevivir.com/propiedades/clasificado/veclapin-venta-de-duplex-en-av-javier-prado-ate-149037895.html?n_src=Listado&n_pills=%C3%81rea+de+lavander%C3%ADa&n_pg=1&n_pos=6|2026-03-18
adondevivir|departamentos|venta|Lima Este|Santa Anita|"Jerez 120
Ate Vitarte, Lima"|"S/ 560,000 · USD 160,000
11%"|560000|160000|11%||"114 m² tot.
4 dorm.
2 baños
1 estac."|114|4|2|1|Se vende amplio departamento en primer piso + cocheraExcelente oportunidad de adquirir un espacioso departamento de 124 m², ubicado a la altura de la cuadra 31 de Separadora Industrial en ate vitarte, en una zona residencial tranquila y segura. El departamento se encuentra en primer piso, lo que brinda comodidad y fácil acceso, y cuenta con: -3 dormitorios, todos bien ventilados y con excelente iluminación natural-Dormitorio de servicio con baño completo-Cochera incluida-Área total: 124 m²La zona destaca por sus amplios jardines y áreas verdes, ideales para disfrutar en familia, además de contar con vigilancia las 24 horas del día, brindando seguridad y tranquilidad. Vive en un entorno con clima seco y sol todo el año, ideal para una mejor calidad de vida. No pierda esta oportunidad de ser dueño de este cómodo y funcional departamento. Contáctenos para más información o para agendar una visita. Contáctanos hoy y agenda tu visita. T. C. 3. 50Tipo de cambio referencial, sujeto a variación diaria por fluctuación del mercado|https://www.adondevivir.com/propiedades/clasificado/veclapin-se-vende-departamento-primer-piso-mas-cochera-148689996.html?n_src=Listado&n_pills=Jard%C3%ADn&n_pg=1&n_pos=7|2026-03-18
adondevivir|departamentos|venta|Lima Este|Santa Anita|"Urbanización El Banco De Javier Prado, Ate, Lima
Ate Vitarte, Lima"|"S/ 379,000 · USD 113,500
5%"|379000|113500|5%|80|"90 m² tot.
3 dorm.
2 baños"|90|3|2||Se vende amplio y moderno departamento – Excelente ubicación límite con La Molina5 piso sin ascensorSe vende lindo y amplio departamento de 90. 35 m², con vista externa y excelente distribución. Cuenta con 3 dormitorios, todos con closets. El dormitorio principal incluye baño incorporado. Además, dispone de un baño completo adicional para compartir. Ambos baños cuentan con espejos biselados, puertas corredizas, buena iluminación y acabados modernos. La propiedad ofrece una amplia sala-comedor, destacando un mueble decorativo con iluminación, ideal para un ambiente moderno y acogedor. La cocina se encuentra totalmente amoblada, con reposteros altos y bajos, campana extractora y buen espacio de almacenamiento. Incluye área de lavandería con conexión para lavadora, lavadero y mueble auxiliar. Área total: 90. 35 m²Documentación: En regla, inscrito en Registros PúblicosUbicación estratégica: Cerca de parques y avenidas principalesA pocos minutos del Óvalo HuarochiríEspaldas del colegio AlpamayoCerca del Estadio Monumental de la ulímite con La MolinaPrecio de venta: us$ 115. 000|https://www.adondevivir.com/propiedades/clasificado/veclapin-urbanizacion-el-banco-de-javier-prado-ate-lima-5-148895945.html?n_src=Listado&n_pills=%C3%81rea+de+lavander%C3%ADa&n_pg=1&n_pos=8|2026-03-18
adondevivir|departamentos|venta|Lima Este|Santa Anita|"Rio Marañon, Ate 15498, Perú
Ate Vitarte, Lima"|S/ 235,280 · USD 68,000|235280|68000|||"75 m² tot.
3 dorm.
2 baños"|75|3|2||Contacto: Doris Gueverateléfono: 9*6*6*6*5*6*5*9*9venta dpto en los angeles de vitarte - atedisfruta de la comodidad, seguridad y una ubicación estratégica de un departamento tipo flat 75. 12 m², ubicado en el 2er piso, ideal para quienes deseen calidad de vida. Características: • 3 amplios dormitorios• Dormitorio principal con baño. • Cocina estilo americano, integrada con el comedor, sala con vista a calle, iluminación y ventilación natural. • Área de lavandería y tendal. Muy cerca de las principales vías de acceso como a la Av. Metropolitana, Av. Los Ángeles, Mercado Mayorista, Mercado Productores, C. C Puruchuco, Josfel, parques, colegios, supermercados. ¡No dejes pasar esta oportunidad! Agenda tu visita hoy mismo y descubre tu próximo hogarTambién contamos con otros departamentos flat disponibles: 2do Piso• Área: 57. 96 m²• 2 dormitorios (principal con baño y clóset incluido) • Cocina americana con muebles altos y encimeras. • 2 baños3er Piso• Área: 75. 12 m²• 3 amplios dormitorios, • Dormitorio principal con baño. • Cocina estilo americano, integrada con el comedor, sala con vista a calle, iluminación y ventilación natural. • Área de lavandería y tendal. 5to Piso• Área: 57. 96 m²• 2 dormitorios (principal con baño y clóset incluido) • Cocina americana con muebles altos y encimeras de granito• Medio baño¡Opciones para cada necesidad! Escríbeme y te ayudo a encontrar el departamento ideal para ti. contacto: Doris Gueverateléfono: 9*6*6*6*5*6*5*9*9id: 1*1*7*4*4*8*8|https://www.adondevivir.com/propiedades/clasificado/veclapin-departamento-en-ate-vitarte-149207644.html?n_src=Listado&n_pills=%C3%81rea+de+lavander%C3%ADa&n_pg=1&n_pos=9|2026-03-18
adondevivir|departamentos|venta|Lima Este|El Agustino|"Calle Bocatoma 154
La Atarjea, El Agustino"|S/ 473,200 · USD 140,000|473200|140000|||"125 m² tot.
4 dorm.
2 baños"|125|4|2||¡Amplio departamento con terraza ideal para disfrutar en familia en El Agustino! Descubre este espacioso y cómodo departamento ubicado en cuarto piso, con una excelente distribución y ambientes diseñados para brindar confort, privacidad y momentos inolvidables. Características principales: Área total: 125. 96 m² ️ 4 dormitorios amplios, perfectos para familia numerosa o espacios de trabajo en casa. Dormitorio principal con baño completo incorporado, brindando privacidad y comodidad. 1 baño completo adicional para uso familiar y visitas. ️ Cocina espaciosa e iluminada, equipada con muebles altos y bajos. Área de lavandería independiente. Amplia terraza, ideal para: Zona de parrilla. Reuniones sociales. Momentos familiares. Crear tu propio espacio de relax. Ubicación estratégica: Cerca de parques. A solo una cuadra de la Vía de Evitamiento, con fácil acceso a toda la ciudad. Zona residencial tranquila y de alta demanda. Precio de oportunidad: $140, 000 dólares. Este departamento es ideal para quienes buscan amplitud, buena ubicación y un espacio perfecto para disfrutar en familia y compartir momentos especiales.|https://www.adondevivir.com/propiedades/clasificado/veclapin-venta-departamento-de-estreno-148956153.html?n_src=Listado&n_pills=%C3%81rea+de+lavander%C3%ADa&n_pg=1&n_pos=1|2026-03-18
adondevivir|departamentos|venta|Lima Este|El Agustino|"las Camelias al 200
El Agustino, Lima"|S/ 270,000 · USD 95,522|270000|95522|||"77 m² tot.
3 dorm.
3 baños
1 estac."|77|3|3|1|Se vende departamento + cocherala oportunidad de vivir en un moderno departamento en Condominio los Nogales. Se encuentra en un lugar accesible el cual brinda un ambiente acogedor y una comunidad amigable. Espacio y Comodidad: - Área Construida: 77m²- Habitaciones: 3, perfectas para descanso y privacidad. - Baños: 3- Sala / comedor amplia para compartir momentos especiales. • Cocina cerrada• Área de lavandería con Therma a gas de servicio- Antigüedad: 10 Años, con estructura y acabados modernos. . El edificio cuenta con: 3 ascensores, sala de juegos, sala de cine, gym, 2 piscinas, 2 canchitas de fútbol.. Precio de cochera 55mil solesLocalización Estratégica: - Cerca a evitamiento, Mall Santa Anita, Jockey plaza. Consultar con el Agente Inmobiliario encargado para mayor información Ver datos.|https://www.adondevivir.com/propiedades/clasificado/veclapin-departamento-a-la-venta-incl.-cochera-el-agustino-148833504.html?n_src=Listado&n_pills=Gimnasio&n_pg=1&n_pos=2|2026-03-18
adondevivir|departamentos|venta|Lima Este|El Agustino|"AV. LOS NOGALES 251
Los Nogales, El Agustino"|S/ 379,000 · USD 105,000|379000|105000||230|"102 m² tot.
3 dorm.
2 baños"|102|3|2||¡Tu nuevo comienzo está aquí! Departamento con terraza en condominio con áreas comunes – El Agustino. ¡Vive en un lugar seguro, bien ubicado y con todo lo que tu familia necesita! Este departamento de primer piso con terraza está en el Condominio Recrea El Agustino. Ubicado cerca de colegios, mercados, vías principales y transporte público. Ideal si buscas comodidad, ubicación y un entorno familiar. 102 m² totales / 76 m² ocupados. Cocina amplia con comedor y zona de parrilla. 3 dormitorios, principal con baño y closet, secudarios comparten un baño, mas cuarto y baño de servicio. 1er piso con terraza ideal para reuniones, mascotas o un jardín privado. Condominio cerrado con vigilancia y áreas verdes, piscina olimpica de verano, zonas de parrilla, cancha de futbol, zonas de niños. Areas comunes para toda la familia y seguridad 24/7. Zona tranquila y con fácil acceso. El departamento cuenta con la instalación para colocar los equipos de aire acondicionado, en la sala y dormitorios, y conmutación para luminarias en pasillo y sala y demás ambientes. Sistema de deshumecedor, cable e internet en cada dormitorio. Se incluye planos electricos. ️ El departamento necesita acabados, ¡pero es tu oportunidad de personalizarlo a tu gusto y aumentar su valor! ¡Precio negociable! No dejes pasar esta oportunidad de tener tu propio espacio en una de las zonas con mayor desarrollo urbano de Lima Este.|https://www.adondevivir.com/propiedades/clasificado/veclapin-vendo-1er-piso-3-dorm.-ideal-familias-edificio-areas-146863973.html?n_src=Listado&n_pills=Parrilla&n_pg=1&n_pos=3|2026-03-18
adondevivir|departamentos|venta|Lima Este|El Agustino|"Los Puquiales 100 al 200
Seremza, El Agustino"|"S/ 330,957 · USD 99,000
13%"|330957|99000|13%||"142 m² tot.
5 dorm.
2 baños"|142|5|2||¡amplio departamento en seremsa – 142 m² de oportunidad! Se vende espacioso departamento de 142 m²en urbanizacion, ideal para familias numerosas o inversión, ubicado en unazona estratégica, y de alta conectividad, con seguridad, cerca a parques, juego para niños y canchita de futboll, Características del departamento: 5 dormitorios amplios (el principal con baño completo) 1 Sala 1 Cocina con comedorLavandería 1 baño completo Excelente distribución y gran metraje La zona tiene gas natural Agua, luz y desague Ubicación privilegiada: A un paso de la Panamericana y Autopista Ramiro PrialéCerca de Fábrica tekno y sedapala pasos del Hospital Hipólito UnanueMuy cerca de la Facultad de Medicina – unfva 3 minutos de El Agustino PlazaA solo 3 minutos del Mall de Santa AnitaA 10 minutos del centro de limaIdeal para vivienda familiar, alquiler o proyecto de inversión gracias a su excelente ubicación y amplio metraje. ¡No dejes pasar esta oportunidad! Contáctanos para más información o para agendar una visita.|https://www.adondevivir.com/propiedades/clasificado/veclapin-departamento-en-seremsa-142-m-sup2--el-agustino-148649104.html?n_src=Listado&n_pills=%C3%81rea+de+lavander%C3%ADa&n_pg=1&n_pos=4|2026-03-18
adondevivir|departamentos|venta|Lima Este|El Agustino|"calle El jardin
El Agustino, Lima"|S/ 214,000 · USD 59,000|214000|59000|||"63 m² tot.
2 dorm.
1 baño"|63|2|||Departamento de 2dormitorios ubicado a la altura de los cruces de las Avenidas Huarochiri con Ferrocarril. En Tercer piso. Sala Comedor. 2 dormitorios. Cocina. Baño|https://www.adondevivir.com/propiedades/clasificado/veclapin-departamento-el-agustino-limite-con-santa-anita-146144443.html?n_src=Listado&n_pg=1&n_pos=5|2026-03-18
adondevivir|departamentos|venta|Lima Este|El Agustino|"Urbanización Popular el Agustino Mz F Lote 40 Unidad Inmobiliaria N°2 Zona A
El Agustino, Lima"|S/ 427,000 · USD 122,000|427000|122000|||"133 m² tot.
3 dorm.
2 baños"|133|3|2||Descubre este hermoso departamento pensado para brindar comodidad, privacidad y excelentes espacios en cada ambiente. Distribución general: 133 m² muy bien aprovechados3 dormitorios ampliosHabitación principal con baño incorporadoDormitorios secundarios con closets y buena iluminación (si aplica) Sala comedor espaciosa, ideal para reuniones familiares o socialesVentanales que aportan luz natural y ventilaciónCocina cerrada: Sistema a gas naturalMuebles altos y bajos en excelente estadoAmplio espacio para cocinar cómodamenteAcceso directo a la lavanderíaLavandería: Con mamparas de vidrio, que permiten independencia y mejor ventilaciónEspacio para lavadora, secadora y almacenamientoExtras del departamento: Distribución moderna y funcionalAmbientes ventilados e iluminadosIdeal para familia que busca comodidad y amplitudUn departamento completo, cómodo y listo para mudarse. Perfecto para quienes buscan vivir con estilo y espacio. T. C. 3. 50Tipo de cambio referencial, sujeto a variación diaria por fluctuación del mercado|https://www.adondevivir.com/propiedades/clasificado/veclapin-departamento-de-133-m-sup2--el-agustino-148594145.html?n_src=Listado&n_pills=%C3%81rea+de+lavander%C3%ADa&n_pg=1&n_pos=6|2026-03-18
adondevivir|departamentos|venta|Lima Este|El Agustino|"Condominio LAS Palmeras - EL Agustino
El Agustino, Lima"|S/ 211,680 · USD 63,000|211680|63000|||"74 m² tot.
3 dorm.
1 baño"|74|3|||Se vende departamento 4 piso el agustino - muy buena ubicacion el departamento se encuentra en el cuarto piso el departamento se encuentra dentro del condominio las palmerasel departamento es bien iluminado edificio de 4 pisosun baño completotres cuartos ampliosarea de estudio / oficinaluz es idependienteun punto de gas caliddamantenimiento: vigilancia particular - luz de las areas comunes - el agua - limpieza de las areas comunes S/80. 00tiene un punto en la cocina gas natural caliddarodeado de jardines area construida: 74. 5M2precio: us$ 63, 000 - negociablesdireccion: calle 3 dentro del condominio las palmera - el agustino (puerta 2) A unas minutos de puente nuevo - av. Riva aguero - frente A tottuscontactos: 9. 9. 4. 1. 8. 4. 2. 9. 8miguel iberico_________Jessica Tapia - Asociados: Tu socio inmobiliario en PerúTe ayudamos a vender, comprar o alquilar tu propiedad con un servicio personalizado y profesional. Encontramos el comprador, inquilino o inmueble perfecto para ti, asegurando que todo el proceso sea ágil y seguro. Visita nuestra web y haz realidad tus metas inmobiliarias|https://www.adondevivir.com/propiedades/clasificado/veclapin-se-vende-departamento-4-piso-en-el-agustino-excelente-148622187.html?n_src=Listado&n_pills=Guardian%C3%ADa%2FSeguridad+privada&n_pg=1&n_pos=7|2026-03-18
adondevivir|departamentos|venta|Lima Este|El Agustino|"Condominio las palmeras, el agustino
El Agustino, Lima"|S/ 203,500 · USD 55,000|203500|55000||130|"60 m² tot.
3 dorm.
1 baño"|60|3|||*R. U. C: 2. 0. 6. 0. 0. 1. 6. 2. 9. 9. 4* Razón Social: Constructora e Inmobiliaria Casa 21 S. A. C. ¡Gran oportunidad en El Agustino! Se vende departamento de 3 dormitorios, idealmente ubicado a solo una cuadra de la Av. Ancash, y a espaldas de Tottus. Este espacioso hogar cuenta con baño completo, cocina funcional, y una sala-comedor acogedora. Su privilegiada ubicación te sitúa a pasos de la Municipalidad de El Agustino, el Mall de Agustino, el Policlínico Daffi, Omaped, restaurantes y una variedad de comercios. ¡Todo lo que necesitas está a tu alcance! No pierdas la oportunidad de adquirir este departamento con excelente conectividad y servicios a tu disposición. *Contáctate con Pilar Ponce de León 9. 7. 1. 1. 0. 6. 6. 3. 9* - Área de 62. 45m2. - 5to Piso. - 03 Dormitorios. - 01 Baño. - Cocina con conexión de gas natural. - Vista interna. - Áreas comunes (Parques, áreas verdes, tiendas dentro del condominio) Precio: us$: 55, 000. 00. Mantenimiento: S/130. 00. ¡Todo lo que necesitas para vivir de la mejor manera! No pierdas la oportunidad. Contáctanos ahora para más información y agendar una visita. *Contáctate con Pilar Ponce de León 9. 7. 1. 1. 0. 6. 6. 3. 9*|https://www.adondevivir.com/propiedades/clasificado/veclapin-venta-de-departamento-en-el-agustino-de-62-m-sup2-144785192.html?n_src=Listado&n_pg=1&n_pos=8|2026-03-18
adondevivir|departamentos|venta|Lima Este|El Agustino|"Comisaría de Santoy
El Agustino, Lima"|S/ 203,000 · USD 58,000|203000|58000|||67 m² tot.|67||||Contáctame: dina molina 9. 7. 7. 1. 7. 4. 3. 3. 7. Se vende departamento de estreno de 2 habitaciones muy cómodo y bien distribuido. Se encuentra en el 3er piso en una zona céntrica del distrito de El Agustino, donde encontrarás todo lo que necesitas a un paso: colegios, mercados, centro comercial, bancos y avenidas principales como José de la Riva Agüero y Calle Chiquián, además de conexiones a los conos como Sur y Norte. Cuenta con: 2 dormitorios amplios 1 baño completo cocina áreas de lavandería sala comedor vista panorámica hacia parques y avenidasUna excelente oportunidad para vivir con todo lo que necesitas y más. Contacta para más información. contáctame: dina molina 9. 7. 7. 1. 7. 4. 3. 3. 7. R. U. C Ver datos|https://www.adondevivir.com/propiedades/clasificado/veclapin-venta-de-departamento-en-3er-piso-en-el-agustino-146115638.html?n_src=Listado&n_pills=%C3%81rea+de+lavander%C3%ADa&n_pg=1&n_pos=9|2026-03-18
adondevivir|departamentos|venta|Lima Este|El Agustino|"Av. los Nogales 251
El Agustino, Lima"|S/ 570,000 · USD 162,857|570000|162857||250|"127 m² tot.
3 dorm.
2 baños"|127|3|2||Duplex moderno en El Agustino — Av. Los Nogales 251¡Oportunidad para vivir en un dúplex bien distribuido y listo para habitar! -Dirección: Av. Los Nogales 251, El Agustino-Área: 127. 60 m²-Edificio: 20 pisos- Antigüedad: 8 añosCaracterísticas principales: - 3 habitaciones, ideal para familia o para home office- 2 baños completos, distribuidos en ambos niveles- Duplex: distribución en dos niveles que maximiza privacidad y espacio- Espacios luminosos y buena circulación interior (diseño que permite zonificar áreas sociales y privadas) Por qué te conviene: - Excelente relación espacio/precio para un dúplex de 127 mt de area ocupada y 83. 85 m² de area techada. - Ubicación en avenida principal que facilita movilidad y acceso a servicios. - Ideal para quienes buscan comodidad en un hogar con distribución funcional y reciente (8 años). - Mantenimiento 250¿Te interesa coordinar una visita o recibir más detalles? Escríbeme para agendar sin compromiso. T. C. 3. 50Tipo de cambio referencial, sujeto a variación diaria por fluctuación del mercado|https://www.adondevivir.com/propiedades/clasificado/veclapin-acogedor-duplex-en-venta-149224322.html?n_src=Listado&n_pg=1&n_pos=10|2026-03-18
adondevivir|departamentos|venta|Lima Este|El Agustino|"Asentamiento Humano Ancieta Alta Primera Etapa Mz M Lt 19
El Agustino, Lima"|S/ 1,702,000 · USD 460,000|1702000|460000|||"76 m² tot.
12 dorm.
4 baños"|76|12|4||¡gran oportunidad! De inversión edificio de 6 pisos en el agustinoubicación: Zona tranquila y estratégica en El Agustino, cerca de avenidas principales, mercados, colegios y zonas comerciales. Ideal para inversión o vivienda. Área de terreno: 75. 00 m²Precio a tratar – Documentación en reglaCaracterísticas de la propiedadConstrucción moderna y recién terminada, con bellos acabados y distribución óptima. Primer piso: Un amplio local comercial, perfecto para negocio propio, alquiler o inversión rentable. Del segundo al quinto piso: Departamentos independientes, cada uno con: 3 habitaciones cómodas y bien iluminadas2 baños completosSala – Comedor – Cocina funcional y espaciosaÁrea de lavandería dentro de cada departamentoAzotea o sexto piso, 2 minidepartamentos con 1 habitación más baño incluido, uno de ellos tiene cocina y el otro una pequeña habitación. También espacio destinado para lavandería, con techo de calamina moderno, brindando mayor protección y comodidad. Ideal para familias grandes, alquiler por pisos o inversión inmobiliaria con alta rentabilidad. Ubicación en zona tranquila y segura, con acceso a transporte público y servicios esencialesContáctame ahora mismo para más información y agendar una visita! ¡No pierdas esta gran oportunidad de inversiónT. C. 3. 50Tipo de cambio referencial, sujeto a variación diaria por fluctuación del mercado|https://www.adondevivir.com/propiedades/clasificado/veclapin-vendo-edificio-de-6-pisos-moderno-en-el-agustino-147398828.html?n_src=Listado&n_pills=%C3%81rea+de+lavander%C3%ADa&n_pg=1&n_pos=11|2026-03-18
adondevivir|departamentos|venta|Lima Este|El Agustino|"JR Cristobal Colon 1120
El Agustino, Lima"|S/ 610,000 · USD 180,000|610000|180000|||"110 m² tot.
7 dorm.
4 baños"|110|7|4||Venta de amplio triplex en el agustino – ideal para familia grande O inversión9. 0. 8. 7. 5. 6. 9. 1. 7Se ofrece en venta un espacioso triplex de tres niveles, ubicado en una zona residencial y de fácil acceso en El Agustino. Esta propiedad combina amplitud, comodidad y funcionalidad, siendo una excelente alternativa tanto para vivienda familiar como para inversión. Características del inmueble: Área total distribuida en tres pisos. 7 habitaciones amplias, ideales para uso familiar o alquiler independiente. 4 baños completos con acabados modernos. Sala-comedor con buena iluminación y ventilación natural. Cocina espaciosa, equipada con muebles altos y bajos. Área de lavandería independiente. Espacio disponible para acondicionar zona de depósito o terraza. Ubicación: Ubicado cerca a avenidas Riva Agüero, bancos, mercado, en zona centrica de LimaBeneficios adicionales: Construcción sólida y en excelente estado de conservación. Propiedad ideal para familias numerosas o como proyecto de inversión para alquiler por niveles. Documentación en regla y lista para la transferencia. luz lizano valdivia9. 0. 8. 7. 5. 6. 9. 1. 7Precio de oportunidad. Contáctenos hoy mismo para coordinar una visita y descubrir todo el potencial de este amplio triplex en El Agustino.|https://www.adondevivir.com/propiedades/clasificado/veclapin-se-vende-departamento-triplex-en-el-agustino-148092582.html?n_src=Listado&n_pills=%C3%81rea+de+lavander%C3%ADa&n_pg=1&n_pos=12|2026-03-18
adondevivir|departamentos|venta|Lima Este|El Agustino|"Calle Mariscal Caceres 302, Mz. Mz-a Lt. 20, Urb San Cayetano
El Agustino, Lima"|S/ 294,000 · USD 84,000|294000|84000|||"85 m² tot.
3 dorm.
2 baños"|85|3|2||Venta de departamento triplex en condominio – el agustino? Ubicado en el distrito de El AgustinoSi estás buscando un espacio amplio, funcional y con gran potencial de inversión, esta es tu oportunidad? Departamento Triplex – 85 m² aprox. Distribuidos inteligentemente1er Piso (35 m² – Remodelado) Sala – comedor con buena iluminación1 baño completoCocina con lavaderoSistema a gas instalado2do Piso (35 m²) 2 habitaciones ampliasExcelente iluminación y ventilación natural3er Piso (15 m²) 1 habitación con baño incluidoÁrea de lavanderíaPequeña terraza ideal para relajarse o ampliar según necesidadUbicado dentro de condominio. Inmueble con más de 50 años de antigüedad. Ideal para familia numerosa o como inversión para generar renta (hasta 3 espacios independientes). Excelente oportunidad para quienes desean invertir en una propiedad con buena distribución y potencial de valorización. Agenda tu visita hoy mismo. T. C. 3. 50Tipo de cambio referencial, sujeto a variación diaria por fluctuación del mercado|https://www.adondevivir.com/propiedades/clasificado/veclapin-venta-de-departamento-triplex-en-condominio-el-149237268.html?n_src=Listado&n_pills=%C3%81rea+de+lavander%C3%ADa&n_pg=1&n_pos=13|2026-03-18
adondevivir|departamentos|venta|Lima Este|El Agustino|"Av. los Nogales 251
El Agustino, Lima"|S/ 270,000 · USD 77,143|270000|77143|||"62 m² tot.
2 dorm.
1 baño"|62|2|||Breve descripción: Espacioso y funcional departamento de 62. 60 m² en edificio de 8 pisos, ideal para pareja o familia pequeña. Propiedad con 10 años de antigüedad y distribución práctica que aprovecha cada ambiente. Características principales: - Edificio: 8 pisos- Dirección: Av. Los Nogales 251, El Agustino, Lima- Área construida: 62. 60 m²- Habitaciones: 2- Baños: 1- Antigüedad: 10 años- Estacionamiento: no disponiblePor qué te conviene: - Distribución eficiente para sala-comedor y dormitorios cómodos. - Oportunidad para personalizar y modernizar según tu gusto. - Ubicación con acceso a opciones de transporte y servicios cercanos. ¿Te interesa? Solicita más detalles o agenda una visita para conocerlo en persona. T. C. 3. 50Tipo de cambio referencial, sujeto a variación diaria por fluctuación del mercado|https://www.adondevivir.com/propiedades/clasificado/veclapin-departamento-en-el-agustino-av-los-nogales-149106795.html?n_src=Listado&n_pg=1&n_pos=14|2026-03-18
adondevivir|departamentos|venta|Lima Este|El Agustino|"Condominio los girasoles
El Agustino, Lima"|S/ 244,000 · USD 73,000|244000|73000|||"64 m² tot.
3 dorm.
2 baños"|64|3|2||Bonito Departamento - El Agustino. Departamento en Venta - Urb. Las Palmeras. Área: 64. 55 m² - Piso 1. U$ 74, 500. 00. precio en dolares americanos. Edificio multifamiliar moderno, acogedor y Pet friendly. Condominio cerrado y seguro, muy cerca de colegios, universidades y variedad de negocios. Lugar ideal para vivir junto con los que amas. A pocos minutos dela estación del Tren, El Ángel y Presbítero Maestro. A 5 minutos de Mall Aventura Plaza y Centro Bancario Santa Anita. Descripción: - Sala comedor. - 1 habitación que cuenta con 1 baño completo. - 2 habitaciones que comparten 1 baño completo. - Cocina con muebles altos y bajos. - Lavandería. Paredes revestidas de pintura, en sala-comedor, dormitorios y pasadizos. Las puertas interiores y la principal son contra placadas de mdf. Luminarias completas. - Áreas verdes. - 2 ascensores Modernos. - Seguridad las 24 horas del día. - Luz, gas Cálida. - Mantenimiento S/. 120. 00. Cerca de Avenidas Principales: - Av. Ferrocarril. - Av. Cesar Vallejo. - Av. José Carlos Mariátegui. - Av. Panamericana Norte. - Av. Ancash. Servicios Complementarios Cercanos: - Plaza Vea El Agustino. - Tottus. - Metro El Agustino. - Agustino Plaza. - Cine uvk. - sisol Salud. - Hosp. Hipólito Unanue. - Restaurant Norkys. - Universidad Federico Villareal. - Colegio Saco Oliveros. - Colegio Santa Rita. - Lavanderías, Restaurantes, Farmacias, Gimnasios, etc. Se puede comprar con cualquier banco. Libre de cargas y gravámenes. Visitas: Día: Lunes a Viernes. Hora: 2. 00 pm a 4. 00 pm. * con 24 horas de antelación. Disponibilidad inmediata. Tu nuevo hogar, a un precio inigualable. ¡Tu familia lo merece!|https://www.adondevivir.com/propiedades/clasificado/veclapin-bonito-departamento-en-venta-el-agustino-urb.-las-148801864.html?n_src=Listado&n_pills=%C3%81rea+de+lavander%C3%ADa&n_pg=1&n_pos=15|2026-03-18
adondevivir|departamentos|venta|Lima Este|El Agustino|"Calle Bocatoma 152
La Atarjea, El Agustino"|S/ 523,900 · USD 155,000|523900|155000|||"125780 m² tot.
3 dorm.
2 baños
1 estac."|125780|3|2|1|Moderno, funcional y con excelente ubicación. Descubre este hermoso departamento de estreno, diseñado para brindarte comodidad, seguridad y una distribución ideal para tu familia. Ubicado en la tranquila y estratégica Urb. La Atarjea, a pasos de vías principales, comercios y transporte. Características del departamento: 3 dormitorios amplios e iluminados. 2 baños modernos (incluye baño en dormitorio principal) Sala – comedor con espacio bien aprovechado. Cocina con buena ventilación. Lavandería abierta de fácil uso. Cochera incluida. Plus adicional: Área para comercio en el primer nivel, ideal para quienes buscan vivir y emprender en el mismo lugar, o para obtener un ingreso extra mediante alquiler. Zona y ubicación: Situado en Urb. La Atarjea – El Agustino, zona residencial en crecimiento. Rápido acceso a Evitamiento, Puente Nuevo, y avenidas principales. Cerca de mercados, colegios, bancos y servicios. Es un departamento listo para estrenar, con excelente potencial de crecimiento y valorización. Contáctame para coordinar una visita y conocerlo hoy mismo.|https://www.adondevivir.com/propiedades/clasificado/veclapin-departamento-de-estreno-en-venta-urb.-la-atarjea-el-148942270.html?n_src=Listado&n_pills=%C3%81rea+de+lavander%C3%ADa&n_pg=1&n_pos=16|2026-03-18
adondevivir|departamentos|venta|Lima Este|El Agustino|"Av. Los Nogales 251
Los Nogales, El Agustino"|S/ 300,000 · USD 84,500|300000|84500||150|"63 m² tot.
2 dorm.
2 baños
1 estac."|63|2|2|1|La oportunidad de vivir en un moderno Condominio como es Casa Club Recrea Los Nogales. Exclusivo Departamento de sólo 2 años de antigüedad ubicado en la Torre 13, piso 14. Inmejorable ubicación, Av. Los Nogales 251, límite Santa Anita con El Agustino. A solo unas cuadras de Av. Evitamiento, muy cerca del Jockey Plaza, Mall Santa Anita y Mercado Santa Rosa. Distribución; • Amplia y muy iluminada sala/comedor con vista panorámica. • Moderna cocina equipada con muebles altos/bajos, tablero en granito y campana extractora. • 1 Espacioso Master Suite con mucha iluminación natural, con baño completo incluido. • 1 Dormitorio secundario. • 1 Baño completo compartido. • Área de lavandería con Therma a gas cálidda. • Áreas comunes (Lobby, Piscina, Cancha de Fútbol, Zona de parrillas, Salón de eventos, etc. • Edificio con 2 ascensores y personal de seguridad 24/7. • Estacionamiento paralelo en sótano. Mantenimiento; S/ 150 soles aprox. Precio; S/ 300, 000. 00 soles.|https://www.adondevivir.com/propiedades/clasificado/veclapin-en-condominio-club-los-nogales!.-depa-en-piso-14-147695428.html?n_src=Listado&n_pills=Jard%C3%ADn&n_pg=1&n_pos=17|2026-03-18
adondevivir|departamentos|venta|Lima Este|El Agustino|"Halcones
El Agustino, Lima"|S/ 221,000 · USD 65,000|221000|65000|||"64 m² tot.
2 dorm.
1 baño"|64|2|||"64 m² | 4to piso con ascensor. Funcional y bien distribuido, ideal para vivir o invertir. Características: - Sala–comedor acogedora. - Cocina cerrada. - Lavandería. - 2 dormitorios. - 2 baños completos. - Medidor satelital independiente. - 4to piso con ascensor. Ubicado en El Agustino, zona de fácil acceso, cerca de servicios y vías principales. Contáctame para más información o agendar una visita al 9. 1. 8. 0. 9. 0. 3. 2. 4."|https://www.adondevivir.com/propiedades/clasificado/veclapin--venta-de-departamento-en-el-agustino!-148932603.html?n_src=Listado&n_pills=%C3%81rea+de+lavander%C3%ADa&n_pg=1&n_pos=18|2026-03-18
adondevivir|departamentos|venta|Lima Este|El Agustino|"Asentamiento Humano Ancieta Alta Primera Etapa Mz M Lt 19 Sección Inmobiliaria N° 5
El Agustino, Lima"|S/ 444,000 · USD 120,000|444000|120000|||"150 m² tot.
5 dorm.
2 baños"|150|5|2||¡dúplex de estreno en el agustino – 5to piso! -Ubicación: En una zona tranquila y segura de El Agustino, con acceso rápido a avenidas principales, transporte público, mercados, colegios, bancos y centros comerciales. -Área: 76. 92 m² por planta-Precio a tratar – Documentación en regla, listo para la ventaCaracterísticas del dúplex: -Construcción moderna, de estreno y con bellos acabados, diseñada para brindar comodidad y funcionalidad. -Distribución ideal para una vida confortable: Primera planta: -3 amplias habitaciones, con excelente iluminación y ventilación. -2 baños completos, con acabados modernos. -Sala-Comedor espacioso, perfecto para compartir en familia. -Cocina bien distribuida, con área para almacenamiento y preparación de alimentos. -Área de lavandería independiente, con espacio suficiente para lavadora y secado. Segunda planta: -2 mini departamentos independientes, ideales para alquiler o familias extendidas. -Área de lavandería adicional. Perfecto para quienes buscan un hogar moderno y bien ubicado en una zona de crecimiento y alta demanda inmobiliaria. Zona tranquila y de fácil acceso, con todo lo necesario cerca para una vida práctica y cómoda. ¡Contáctame ahora mismo para más información y programar una visita! No dejes pasar esta oportunidad de tener tu dúplex de estreno en El Agustino. ¡Hazlo tuyo hoy mismo! T. C. 3. 50Tipo de cambio referencial, sujeto a variación diaria por fluctuación del mercado|https://www.adondevivir.com/propiedades/clasificado/veclapin-vendo-duplex-de-estreno-en-el-agustino-146293182.html?n_src=Listado&n_pills=%C3%81rea+de+lavander%C3%ADa&n_pg=1&n_pos=19|2026-03-18
adondevivir|departamentos|venta|Lima Este|El Agustino|"Asentamiento Humano Ancieta Alta Primera Etapa Mz M Lt 19 Sección Inmobiliaria N° 2
El Agustino, Lima"|S/ 351,500 · USD 95,000|351500|95000|||"76 m² tot.
3 dorm.
1 baño"|76|3|||Ubicación: En una zona tranquila y segura de El Agustino, con acceso rápido a avenidas principales, transporte público, mercados, colegios, bancos y centros comerciales. -Área: 76. 92 m²-Precio a tratar – Documentación en regla, listo para la ventaCaracterísticas del departamento: -Construcción moderna, de estreno y con bellos acabados, diseñada para brindar comodidad y funcionalidad. -Distribución ideal para una vida confortable: -3 amplias habitaciones, con excelente iluminación y ventilación. -2 baños completos, con acabados modernos. -Sala – Comedor espacioso, perfecto para compartir en familia. -Cocina bien distribuida, con área para almacenamiento y preparación de alimentos. -Área de lavandería independiente, con espacio suficiente para lavadora y secado. Perfecto para quienes buscan un hogar moderno y bien ubicado en una zona de crecimiento y alta demanda inmobiliaria. Zona tranquila y de fácil acceso, con todo lo necesario cerca para una vida práctica y cómoda. ¡Contáctame ahora mismo para más información y programar una visita! No dejes pasar esta oportunidad de tener tu departamento de estreno en El Agustino. ¡Hazlo tuyo hoy mismo! T. C. 3. 50Tipo de cambio referencial, sujeto a variación diaria por fluctuación del mercado|https://www.adondevivir.com/propiedades/clasificado/veclapin--departamento-de-estreno-en-el-agustino-2do-piso!-146011501.html?n_src=Listado&n_pills=%C3%81rea+de+lavander%C3%ADa&n_pg=1&n_pos=20|2026-03-18
adondevivir|departamentos|venta|Lima Este|El Agustino|"Av. Los Nogales 251
Los Nogales, El Agustino"|S/ 300,000 · USD 83,000|300000|83000||150|"66 m² tot.
3 dorm.
2 baños
1 estac."|66|3|2|1|La oportunidad de vivir en un moderno Condominio como es Casa Club Recrea Los Nogales. Exclusivo Departamento de sólo 2 años de antigüedad en el piso 15. Inmejorable ubicación, Av. Los Nogales 240, límite Santa Anita con El Agustino. A solo unas cuadras de Av. Evitamiento, muy cerca del Jockey Plaza, Mall Santa Anita y Mercado Santa Rosa. Distribución; • Amplia y muy iluminada sala/comedor con balcón y vista panorámica. • Moderna cocina equipada con muebles altos/bajos, tablero en granito y campana extractora. • 1 Espacioso Master Suite con mucha iluminación natural, con baño completo incluido. • 2 Dormitorios secundarios. • 1 Baño completo compartido. • Área de lavandería con Therma a gas cálidda. • Áreas comunes (Lobby, Piscina, Cancha de Fútbol, Zona de parrillas, Salón de eventos, etc. • Edificio con 2 ascensores y personal de seguridad 24/7. • Estacionamiento paralelo en sótano. Mantenimiento; S/ 150 soles aprox. Precio; S/ 310, 000. 00 soles.|https://www.adondevivir.com/propiedades/clasificado/veclapin-en-condominio-casa-club-los-nogales!.depa-piso-15-147694937.html?n_src=Listado&n_pills=Jard%C3%ADn&n_pg=1&n_pos=21|2026-03-18
adondevivir|departamentos|venta|Lima Este|El Agustino|"Ancieta Alta Etapa 1, Mz. A Lt. 29, Unidad Inmobiliaria N°3, El Agustino
El Agustino, Lima"|S/ 192,500 · USD 55,000|192500|55000|||"61 m² tot.
3 dorm.
1 baño"|61|3|||"Departamento en Venta – Ubicación Estratégica en El AgustinoSegundo piso | 61. 33 m² | Frente a parque | Zona tranquilaDescubre un departamento diseñado para ofrecer comodidad, ubicación y calidad de vida. Ubicado a espaldas del Agustino Plaza y a solo dos cuadras de la Estación El Ángel, este inmueble combina movilidad, tranquilidad y cercanía a todo lo que necesitas. Características del departamento3 habitaciones ideales para familia, home office o habitación de descanso. Sala–comedor con excelente iluminación natural. Cocina abierta, moderna y funcional. Baño completo en perfecto estado. Espacio de lavandería independiente. Frente a parque, perfecto para disfrutar áreas verdes y un entorno seguro. Por qué te encantará vivir aquíZona tranquila, familiar y con buena convivencia. A pasos de centros comerciales, bancos, Metro, servicios y transporte público. Excelente opción tanto para vivir como para invertir: alta demanda por su ubicación estratégica. Ubicación que marca la diferenciaVivir aquí es tener todo al alcance: movilidad, comercio, áreas verdes y seguridad… todo en un solo lugar. Ideal para quienes buscan una vida práctica sin renunciar a la tranquilidad. T. C. 3. 50Tipo de cambio referencial, sujeto a variación diaria por fluctuación del mercado"|https://www.adondevivir.com/propiedades/clasificado/veclapin-vendo-departamento-frente-a-parque-en-el-agustino-148268364.html?n_src=Listado&n_pills=%C3%81rea+de+lavander%C3%ADa&n_pg=1&n_pos=22|2026-03-18
adondevivir|departamentos|venta|Lima Este|El Agustino|"Av. Los Nogales 251
Los Nogales, El Agustino"|S/ 300,000 · USD 80,000|300000|80000||150|"66 m² tot.
3 dorm.
2 baños
1 estac."|66|3|2|1|La oportunidad de vivir en un moderno Condominio como es Casa Club Recrea Los Nogales. Exclusivo Departamento de sólo 5 años de antigüedad en el piso 19. Inmejorable ubicación, Av. Los Nogales 240, límite Santa Anita con El Agustino. A solo unas cuadras de Av. Evitamiento, muy cerca del Jockey Plaza, Mall Santa Anita y Mercado Santa Rosa. Distribución; • Amplia y muy iluminada sala/comedor con balcón y vista exterior. • Moderna cocina equipada con muebles altos y bajos. • 1 Espacioso Master Suite con mucha iluminación natural, con baño completo incluido. • 2 Dormitorios secundarios. • 1 Baño completo compartido. • Área de lavandería con Therma a gas cálidda. • Áreas comunes (Lobby, Piscina, Cancha de Fútbol, Zona de parrillas, Salón de eventos, etc. • Edificio con 2 ascensores y personal de seguridad 24/7. • Amplio Estacionamiento paralelo Mantenimiento; S/ 150 soles aprox. Precio negociable; S/ 300, 000. 00 soles.|https://www.adondevivir.com/propiedades/clasificado/veclapin-en-condominio-casa-club-los-nogales!-depa-en-piso-19-147694799.html?n_src=Listado&n_pills=Gimnasio&n_pg=1&n_pos=23|2026-03-18
adondevivir|departamentos|venta|Lima Este|San Juan de Lurigancho|"LAS Flores
San Juan de Lurigancho, Lima"|S/ 311,400 · USD 90,000|311400|90000|||"98 m² tot.
2 dorm.
2 baños"|98|2|2||"¡ocasión única! Se vende departamento en zona exclusiva – urb. Las flores, S. J. L. Área: 98 m² | Piso: 3roUbicación privilegiadaDepartamento ubicado en la exclusiva Urbanización Las Flores, una de las zonas más seguras, tranquilas y residenciales de San Juan de Lurigancho. Ideal para quienes buscan comodidad, accesibilidad y calidad de vida. Entorno estratégico: • A solo 2 cuadras del Instituto Británico• A 5 min de la Estación Los Jardines• Cerca de Metro, Tottus y Mall Aventura Plaza• Rodeado de áreas verdes y cerca del Parque Zonal Wiracocha• Cerca a colegios, bancos, lozas deportivas y mercadosCaracterísticas del departamento• 2 habitaciones amplias• Sala – comedor bien iluminada• Cocina funcional• 1 baño completo• Área de lavandería independiente• Excelente iluminación y ventilación naturalDocumentación en regla – Inscrito en sunarp¡Listo para entrega inmediata! ¿Te interesa esta propiedad? Contáctame para más información o agendar una visita sin compromiso. Tu nuevo hogar te espera en la mejor zona de S. J. L. R. U. C Ver datos"|https://www.adondevivir.com/propiedades/clasificado/veclapin-moderno-y-amplio-departamento-en-urb.-las-flores-en-148064977.html?n_src=Listado&n_pills=%C3%81rea+de+lavander%C3%ADa&n_pg=1&n_pos=1|2026-03-18
adondevivir|departamentos|venta|Lima Este|San Juan de Lurigancho|"Akapana 1169
Mangomarca, San Juan de Lurigancho"|S/ 315,000 · USD 90,000|315000|90000|||"100 m² tot.
3 dorm.
1 baño"|100|3|||"Departamento en Venta – 100 m² | Segundo PisoAmplio y cómodo departamento de 100 m², ubicado en primer piso, ideal para familias que buscan practicidad y buena distribución. El inmueble cuenta con: -3 habitaciones con buena iluminación natural-1 baño completo y 1 medio baño-Sala – comedor amplia, perfecta para compartir en familia-Cocina abierta con muebles altos y bajos-Zona de lavandería independiente-1 cochera incluida-Luz independiente-Agua y desagüe independiente-Gas Calidda independiente-Inversión $ 90 mil dolaressu ubicación en el segundo piso brinda mayor comodidad y fácil acceso, ideal para familias con niñosExcelente distribución, espacios funcionales y listos para mudarse. Contactame para mayor información y agendar una visita!! T. C. 3. 50Tipo de cambio referencial, sujeto a variación diaria por fluctuación del mercado"|https://www.adondevivir.com/propiedades/clasificado/veclapin-departamento-en-venta-mangomarca-san-juan-de-149045120.html?n_src=Listado&n_pills=%C3%81rea+de+lavander%C3%ADa&n_pg=1&n_pos=2|2026-03-18
adondevivir|departamentos|venta|Lima Este|San Juan de Lurigancho|"SAN Hilarion
San Juan de Lurigancho, Lima"|S/ 467,100 · USD 135,000|467100|135000|||"137 m² tot.
3 dorm.
2 baños"|137|3|2||¡se vende hermoso departamento de estreno en san juan de lurigancho! ¡Increíble oportunidad de vivienda lista para entrega inmediata! Ubicación privilegiada: Ubicado en una urbanización tranquila y residencial, a pasos de la Estación Los Postes, con fácil acceso a las principales Avenidas. Estos departamentos de estreno están diseñados para ofrecerte lo último en comodidad, estilo y funcionalidad. Ubicados en una excelente zona, tendrás todo a tu alcance mientras disfrutas de la tranquilidad de vivir en un espacio completamente nuevo. Área total: 137 m²Ubicación: 4to PisoDocumentación 100% en regla – Inscrito en sunarpde estreno – entrega inmediataDistribución moderna y funcional: • Amplia sala comedor con vista externa e iluminación natural con amplias ventanas• Cocina acogedora con muebles altos y bajos• Lavandería independiente, funcional y ventilada• 1 habitación principal amplia con clóset empotrado de piso a techo + baño completo incorporado• 2 habitaciones adicionales, cada una con clóset completo• 1 baño principal completo adicional• Servicios básicos completos• Gas natural Calidda instaladoEntorno ideal para tu familia: • A solo una cuadra de tottus• Frente a parque con loza deportiva• Cerca a colegios, centros médicos, bancos y centros comerciales• A pocas cuadras de Supermercado Metro• Cerca del Parque Zonal WiracochaTodo lo que necesitas a pocos pasos de tu nuevo hogar. ¡Solo tienes que mudarte! ¿Interesado(a)? Escríbeme sin compromiso para más información, fotos o para agendar una visita. Tu próximo hogar te está esperando. ¡no dejes pasar esta oportunidad! R. U. C Ver datos|https://www.adondevivir.com/propiedades/clasificado/veclapin-venta-de-moderno-y-amplio-departamento-de-estreno-en-149227821.html?n_src=Listado&n_pills=%C3%81rea+de+lavander%C3%ADa&n_pg=1&n_pos=3|2026-03-18
adondevivir|departamentos|venta|Lima Este|San Juan de Lurigancho|"SAN Hilarion
San Juan de Lurigancho, Lima"|S/ 501,700 · USD 145,000|501700|145000|||"137 m² tot.
3 dorm.
2 baños"|137|3|2||¡se vende hermoso departamento de estreno en san juan de lurigancho! ¡Increíble oportunidad de vivienda lista para entrega inmediata! ? Ubicación privilegiada: ? ¡Estrena tu nuevo hogar en una Urbanizacion tranquila y residencial! A pocos pasos de la Estación Los Postes, con acceso rápido a: Av. San HilariónAv. Próceres de la IndependenciaAv. Las Flores de PrimaveraAv. 13 de EneroAv. Santa Rosa________________________________________- Área total: 137 m²- Ubicado en el 3er Piso- Documentación en regla – Inscrito en sunarp________________________________________- Características del departamento: • Espaciosa sala comedor con vista externa, excelente iluminación natural y amplias ventanas• Cocina acogedora con muebles altos y bajos• Área de lavandería independiente• 1 habitación principal con clóset empotrado de piso a techo y baño completo incorporado• 2 habitaciones adicionales, cada una con clóset elegante• 1 baño principal completo• Servicios básicos completos• Gas natural Calidda instalado________________________________________- Entorno ideal para tu familia: • A 1 cuadra de tottus• Frente a parque con loza deportiva• Cerca de colegios, centros médicos y bancos• A pocas cuadras de Supermercado Metro• Cerca al Parque Zonal Wiracocha________________________________________Departamento de estreno – Entrega inmediata¡Solo tienes que mudarte! ________________________________________¿Te interesa esta propiedad? Escríbeme para más información, fotos o agendar una visita sin compromiso. Tu nuevo hogar te espera con las puertas abiertas. R. U. C Ver datos|https://www.adondevivir.com/propiedades/clasificado/veclapin-se-vende-hermoso-departamento-de-estreno-en-san-juan-147615890.html?n_src=Listado&n_pills=%C3%81rea+de+lavander%C3%ADa&n_pg=1&n_pos=4|2026-03-18
adondevivir|departamentos|venta|Lima Este|San Juan de Lurigancho|"San Hilarion
San Juan de Lurigancho, Lima"|S/ 543,220 · USD 157,000|543220|157000|||"148 m² tot.
2 dorm.
2 baños"|148|2|2||¡departamento de estreno en venta – San Juan de Lurigancho! Ubicación estratégica cerca de la estación Los Postes y principales avenidas: Av. San Hilarión, Av. Próceres de la Independencia, Av. Las Flores de Primavera y Av. 13 de Enero. ¡Estrena tu nuevo hogar Disfruta de un entorno tranquilo y residencial! Área total: 148 m²Ubicación: Piso 2Distribución moderna y funcional: Amplia sala comedor con excelente iluminación naturalCocina abierta amoblada con muebles altos y bajosLavandería y tendal independientePatio/tragaluz que brinda mayor ventilación1 habitación principal con clóset y baño privado1 habitación secundaria con clóset1 baño completo adicionalServicios básicos completosGas natural Calidda instalado-Entorno y conectividad: A solo 1 cuadra de TottusFrente a parque con loza deportivaCerca a colegios, centros médicos, centros comerciales y bancosA pocas cuadras del Supermercado Metro y el Parque Zonal Wiracocha-De estreno – entrega inmediataDocumentación en regla – inscrito en sunarp¡Listo para mudarte! -¿Te interesa? Contáctame para enviarte más fotos, resolver tus dudas o agendar una visita. Tu nuevo hogar te está esperandoR. U. C Ver datos|https://www.adondevivir.com/propiedades/clasificado/veclapin-venta-de-departamento-moderno-muy-amplio-de-estreno-en-147615863.html?n_src=Listado&n_pills=%C3%81rea+de+lavander%C3%ADa&n_pg=1&n_pos=5|2026-03-18
adondevivir|departamentos|venta|Lima Este|San Juan de Lurigancho|"Akapana 1169
Mangomarca, San Juan de Lurigancho"|S/ 350,000 · USD 100,000|350000|100000|||"120 m² tot.
3 dorm.
1 baño
1 estac."|120|3||1|"Departamento en Venta – 120 m² | Primer PisoAmplio y cómodo departamento de 120 m², ubicado en primer piso, ideal para familias que buscan practicidad y buena distribución. -3 habitaciones con buena iluminación natural-1 baño completo y 1 medio baño-Sala – comedor amplia, perfecta para compartir en familia-Cocina abierta con muebles altos y bajos-Zona de lavandería independiente-1 cochera incluidainversión $ 100 mil dólares-Luz independiente-Gas Calidda-Agua y desagüe independienteSu ubicación en primer piso brinda mayor comodidad y fácil acceso, ideal para familias con niños, adultos mayores o personas que prefieren evitar escaleras. Excelente distribución, espacios funcionales y listos para mudarse. T. C. 3. 50Tipo de cambio referencial, sujeto a variación diaria por fluctuación del mercado"|https://www.adondevivir.com/propiedades/clasificado/veclapin-departamento-en-venta-mangomarca-san-juan-de-149045005.html?n_src=Listado&n_pills=%C3%81rea+de+lavander%C3%ADa&n_pg=1&n_pos=6|2026-03-18
adondevivir|departamentos|venta|Lima Este|San Juan de Lurigancho|"Akapana 1169
Mangomarca, San Juan de Lurigancho"|S/ 444,000 · USD 120,000|444000|120000|||"127 m² tot.
2 dorm.
2 baños"|127|2|2||Descubre este amplio departamento en el 2do en venta, perfecta para familias numerosas o como inversión para alquiler. Ubicada en el Jr. Akapana cuadra 11 Urb. Mangomarca sjl, con acceso a servicios básicos, parques, transporte público, colegios y centros comerciales. Características del Inmueble: Inmueble de 4 pisos con distribución independiente, ideal para vivienda multifamiliar o renta. dpto 2do piso (127 M2) - 2 habitaciones amplias bien iluminada, una con baño propio- Sala comedor iluminada con luz natural y con buena ventilación. - 1 Baño completo de Visitas- Cocina equipada con muebles altos y bajos. - Área de lavandería con conexión a gas natural. - Independizado- Servicio de Luz independiente- Servicio de Gas Independiente- Servicio de Agua compartidaUbicación Estratégica: Cerca de colegios, mercados, bancos y transporte público, con acceso rápido a avenidas principales. Ideal para inversión con alta rentabilidad por alquiler de pisos independientes. Inversión de Toda la casa es de: $400, 000 mil dólares¡No dejes pasar esta oportunidad! Agenda tu visita hoy mismo y asegura tu inversión. Contáctame para más información. T. C. 3. 50Tipo de cambio referencial, sujeto a variación diaria por fluctuación del mercado|https://www.adondevivir.com/propiedades/clasificado/veclapin-oportunidad-unica:-venta-de-departamento-en-2do-piso-145991854.html?n_src=Listado&n_pills=%C3%81rea+de+lavander%C3%ADa&n_pg=1&n_pos=7|2026-03-18
adondevivir|departamentos|venta|Lima Este|San Juan de Lurigancho|"Zarate- Distrito de SAN Juan DE Lurigancho
San Juan de Lurigancho, Lima"|S/ 350,550 · USD 95,000|350550|95000|||"148 m² tot.
3 dorm."|148|3|||"Ocasión venta de departamento en san juan de lurigancho Cerca a todo¡El espacio ideal para tu familia! ubicación: - Urb. Chacarilla de Otero | San Juan de Lurigancho- A 1 cuadra de Av. Chimú cdra. 4 - A pocas cdras. De la Estación de Tren Caja de Agua, sunarp y la Municipalidad San Juan de Lurigancho- Entorno altamente comercial: bancos, farmacias, restaurantes, notarias, policlínicos, consultorios, y otros negocios- Accesible a principales vías: Av. Próceres de la independencia | Av. Túpac Amarudescripción: - Área: 148. 98 m2- 2do piso ( 2 pisos en total) - Vista externa a calle - Sala comedor | 3 habitaciones | 2 baños | 1 cocina - Muy buena iluminación y distribución- Pisos de losetas en sala y pasadizos | pisos de parqué en habitaciones | pisos de cerámico en bañosdistribución: - Sala comedor amplia- Cocina cerrada c/ muebles altos y bajos- 3 habitaciones con closet empotrado- 2 Baños completosprecio: - Inscrito en rrpp- Documentos en regla. ¡El espacio ideal para tu familia! R. U. C Ver datos"|https://www.adondevivir.com/propiedades/clasificado/veclapin-departamento-en-san-juan-de-lurigancho-149173656.html?n_src=Listado&n_pills=%C3%81rea+de+lavander%C3%ADa&n_pg=1&n_pos=8|2026-03-18
adondevivir|departamentos|venta|Lima Este|San Juan de Lurigancho|"Akapana 1169
Mangomarca, San Juan de Lurigancho"|S/ 407,000 · USD 110,000|407000|110000|||"127 m² tot.
2 dorm.
2 baños"|127|2|2||Descubre este amplio departamento en el 3er piso en venta, perfecta para familias numerosas o como inversión para alquiler. Ubicada en el Jr. Akapana cuadra 11 Urb. Mangomarca sjl, con acceso a servicios básicos, parques, transporte público, colegios y centros comerciales. Características del Inmueble: Inmueble de 4 pisos con distribución independiente, ideal para vivienda multifamiliar o renta. dpto 3er piso (127 M2) - 2 habitaciones amplias bien iluminada, una con baño propio - Sala comedor iluminada con luz natural y con buena ventilación. - 1 Baño completo de Visita- Cocina equipada con muebles altos y bajos. - Área de lavandería con conexión a gas natural. - Independizado- Servicio de Luz independiente- Servicio de Gas Independiente- Servicio de Agua compartidaUbicación Estratégica: Cerca de colegios, mercados, bancos y transporte público, con acceso rápido a avenidas principales. Ideal para inversión con alta rentabilidad por alquiler de pisos independientes. Inversión de Toda la casa es de: $400, 000 mil dólares¡No dejes pasar esta oportunidad! Agenda tu visita hoy mismo y asegura tu inversión. Contáctame para más información. T. C. 3. 50Tipo de cambio referencial, sujeto a variación diaria por fluctuación del mercado|https://www.adondevivir.com/propiedades/clasificado/veclapin-increible-oportunidad-de-inversion-departamento-en-145991939.html?n_src=Listado&n_pills=%C3%81rea+de+lavander%C3%ADa&n_pg=1&n_pos=9|2026-03-18
adondevivir|departamentos|venta|Lima Este|San Juan de Lurigancho|"Av. San Hilarion Este
San Juan de Lurigancho, Lima"|S/ 437,739 · USD 125,000|437739|125000|||"136 m² tot.
2 dorm.
2 baños"|136|2|2||Vendo departamento en 4to piso frente a parque, mercados, supermercados y colegios. Todo nuevo y con ventanas antiruido. Área: 136. 89 m² Piso: 4to. Ingreso por escaleras con descanso. *Sin estacionamiento. *Se paga Alcabala. detalles: - 2 Dormitorios con closet de suelo a techo. - 2 Baños completos. - Cocina abierta estilo americano. - Amplia sala/comedor con iluminación natural. - Ventanas anti-ruido. descripción: - 1 habitación principal con baño y ropero. - 1 habitación secundaria con vista interna y ropero. - 1 baño compartido para visitas. - Sala-comedor amplia con vista exterior al parque. - Cocina americana equipada con muebles altos y bajos. - Área de lavandería. - Iluminación led en todos los ambientes. - Intercomunicador. - Contómetro de agua y luz. - Gas Calidda. - No cuenta con ascensor o estacionamiento. ubicación: - Cerca a comisaría local. - Cerca de un supermercado y avenidas principales. - Frente a parque y loza de fútbol. - Con estacionamientos cercanos que reciben abonados. (*) Precio de venta en dólares sujeto a tipo de cambio sbs. (*) Propiedad saneada, inscrita en Registros Públicos y con título de propiedad.|https://www.adondevivir.com/propiedades/clasificado/veclapin-vendo-moderno-departamento-de-estreno-4to-piso-147878272.html?n_src=Listado&n_pills=%C3%81rea+de+lavander%C3%ADa&n_pg=1&n_pos=10|2026-03-18
adondevivir|departamentos|venta|Lima Este|San Juan de Lurigancho|"5373 Jr. Este,
Mariscal Caceres, San Juan de Lurigancho"|S/ 400,000|400000||||"270 m² tot.
6 dorm.
3 baños"|270|6|3||Urb: Mariscal Cáceres. Area: 270 m2. Piso: 4. Antigüedad 5 años. distribución. Se vende todo el 4er piso mas los Aires, que cuenta con 3 departamentos con entradas independientes cada uno de ellos cuenta con: 2 Habitaciones amplias y bien iluminadas. 1 Sala comedor. 1 cocina abierta. 1 baño completo. Precio: 400 mil soles negociables. Documentos título de propiedad, listo para crédito hipotecario ó recursos propios. Ubicado Altura del paradero 6 de mariscal Cáceres paralelo de la avenida Wiesse, Cerca de Mega force y el centro comercial Celima, junto tiendas uno y a 5 minutos de la estación de tren Bayóvar. Excelente oportunidad para familias numerosas o inversionistas que buscan tres departamentos totalmente independientes en una misma propiedad. Agenda tu visita al: 9-4-4-2-7-3-0-5-9. 9-4-1-1-3-8-5-9-1. lima house inmobiliaria|https://www.adondevivir.com/propiedades/clasificado/veclapin-venta-de-3-departamentos-en-un-solo-piso-mas-aires-147916747.html?n_src=Listado&n_pills=Seguridad&n_pg=1&n_pos=11|2026-03-18
adondevivir|departamentos|venta|Lima Este|San Juan de Lurigancho|"jr las Galenas 351
San Juan de Lurigancho, Lima"|S/ 521,888 · USD 142,777|521888|142777|||"154 m² tot.
4 dorm.
4 baños"|154|4|4||Dali Tafur 9-6-0-9-6-6-7-3-1 ¡gran oportunidad en san juan de lurigancho – venta de piso completo con 2 departamentos de estreno! ¿Buscas vivir o invertir en una zona estratégica de Lima? ¡Esta es tu oportunidad perfecta! Se vende un piso completo de 154 m², ubicado en el cuarto piso, que incluye dos departamentos de estreno, en una zona de alta demanda y conectividad en San Juan de Lurigancho. Ubicación privilegiada: A solo pasos de la Estación Los Postes del Tren Eléctrico, supermercados Metro y Tottus, comisaría, colegios, bancos y todo tipo de comercios. Acceso rápido a avenidas principales y transporte público. Distribución de cada departamento: 2 dormitorios amplios y bien iluminados Sala-comedor acogedora Cocina equipada con gas natural (Calidda) 1 baño completo Acabados modernos y listos para habitar Características destacadas: Área total: 154 m² construidos Documentos en regla – listos para transferencia Ideal para familias grandes, dos núcleos familiares, o renta inmediata doble Precio de ocasión por estreno Inversión segura y rentable en una de las zonas con mayor crecimiento urbano de Lima. ¡Agenda tu visita hoy mismo! Aprovecha esta oportunidad única de tener 2 departamentos en un solo título, en zona estratégica y a excelente precio. Documentos en regla con titulo de propiedad|https://www.adondevivir.com/propiedades/clasificado/veclapin--gran-oportunidad-en-sjl-venta-de-piso-completo-con-147792058.html?n_src=Listado&n_pg=1&n_pos=12|2026-03-18
adondevivir|departamentos|venta|Lima Este|San Juan de Lurigancho|"A.h. La Unión de Santa Cruz - El Paraíso de Huachipa
San Juan de Lurigancho, Lima"|S/ 117,440 · USD 32,000|117440|32000|||"70 m² tot.
2 dorm.
1 baño"|70|2|||Venta departamento ubicado en ah la union de santa cruz - paraiso de huachipa Aprovecha esta oportunidad de vivir en uno de los mejores lugares de huachipa con diversos comercios, seguridad las 24 horas y en pleno crecimiento urbanístico. A unos 5 minutos de La zona comercial (Bancos, Restaurantes, grifos, ferreterías etc), a una cuadra de colegio. Muy cerca del mercado, a 3 minutos de los principales paraderos con salida para Lima. No lo dudes más Y mudate ya! avenidas cercanas: - A 3 minutos Av. Ramiro Priale- A 5 minutos de la carretera central - A 10 minutos del Zoológico de huachipa- Cerca de muchas oficinas de grandes empresas. Caracteristicas: - Area 70 M2. - 02 Dormitorios- 01 baño completo- 01 cocina - 01 sala - 01 comedor - pet friendly- Disponibilidad inmediata * Se encuentra ubicado en La unión de Santa Cruz - Paraíso de Huachipa - primer piso, excelente iluminación, Medidor de Luz independientes (Pago según consumo) Con cable, teléfono, agua potable. Precio: usd 32, 000. 00documentos en reglajc06/01/24Proyectum|https://www.adondevivir.com/propiedades/clasificado/veclapin-departamento-en-venta-huachipa-148997577.html?n_src=Listado&n_pills=%C3%81rea+de+lavander%C3%ADa&n_pg=1&n_pos=13|2026-03-18
adondevivir|departamentos|venta|Lima Este|San Juan de Lurigancho|"Jr Los Calamos al 1483
Las Flores, San Juan de Lurigancho"|S/ 319,000 · USD 95,000|319000|95000|||"153 m² tot.
3 dorm.
2 baños"|153|3|2||Departamento Flat de 153 m² en San Juan de Lurigancho — Urb. Las FloresDirección: jr. Los cálamos nro. 1483 mz 111 lt 19, urb. Las flores, san juan de lurigancho Edificio: 4 pisos Área construida: 153 m² Habitaciones: 3 Baños: 2 Estacionamiento: No incluido Antigüedad: 9 añosDescripción: Amplio departamento flat de 153 m² con ambientes bien distribuidos, ideal para familia o como inversión. Cuenta con sala-comedor espaciosa, 3 dormitorios y 2 baños, ofreciendo comodidad y funcionalidad. Ubicado en la tranquila Urb. Las Flores, con fácil acceso a vías principales y cercano a comercios y servicios de la zona. Beneficios: - Espacios generosos para personalizar y optimizar según tus necesidades. - Buena relación área/precio por ubicación en sjl. - Edificio compacto y con buena convivencia por ser de solo 5 pisos. ¿Te interesa verlo en persona? Agenda tu visita y conoce todas las posibilidades que ofrece este departamento. contactame. 9. 0. 8. . 7. 5. 6. . 9. 1. 7. luz lizano|https://www.adondevivir.com/propiedades/clasificado/veclapin-venta-departamento-frente-a-parque-excelente-zona-de-148212433.html?n_src=Listado&n_pills=Cuartos+de+servicio&n_pg=1&n_pos=14|2026-03-18
adondevivir|departamentos|venta|Lima Este|San Juan de Lurigancho|"LAS Galenas SAN Hilarion
Sagrado Corazon De Jesus, San Juan de Lurigancho"|S/ 257,400 · USD 69,977|257400|69977|||"70 m² tot.
2 dorm.
2 baños"|70|2|2||Dali Tafur 9. 6. 0. 9. 6. 6. 7. 3. 1 ¿Buscas una combinación perfecta entre espacio, modernidad y excelente ubicación? ¡Lo encontraste! Ubicación estratégica A solo metros de la estación Los Postes (Línea? 1 del Metro), en la intersección de la Av. Próceres de la Independencia y Av. Los Postes—con acceso rápido a corredores principales y transporte complementario 70? m² de distribución inteligente Sala-comedor amplia y luminosa, con balcón exterior ideal para aire fresco y relax. 2 habitaciones bien distribuidas. 2 baños completos, uno en el dormitorio principal para mayor privacidad. Entrega inmediata de estreno Departamento listo para habitar, sin necesidad de remodelaciones. Perfecto para familia o como inversión rentable desde el primerdía. Compra al contado con acciones Y derechos Entorno con toda la infraestructura Rodeado de supermercados, centros comerciales, colegios, institutos, clínicas, parques, bancos y talleres mecánicos Precio especial al contado Documentación Acciones y derechos. Ideal para vivir cómodo o invertir con alta demanda en sjl. Contáctanos ya y asegúralo. ¡Este depa se vende rápido! Dali Tafur 9-6-0-9-6-6-73-1|https://www.adondevivir.com/propiedades/clasificado/veclapin--departamento-de-estreno-en-san-juan-de-lurigancho-a-147792073.html?n_src=Listado&n_pg=1&n_pos=15|2026-03-18
adondevivir|departamentos|venta|Lima Este|San Juan de Lurigancho|"Jr. Las Rimarimas 713
San Juan de Lurigancho, Lima"|S/ 299,000 · USD 89,000|299000|89000||60|"92 m² tot.
4 dorm.
2 baños"|92|4|2||¡Gran oportunidad! Se vende el mejor departamento de 92m² en la Urb. Las Flores, San Juan de Lurigancho, ideal para una familia grande gracias a su excelente distribución con 4 dormitorios, acabados de primera y un diseño moderno. Disfruta de un amplio espacio en la sala-comedor con vista a la calle, una cocina americana funcional y una lavandería independiente. Ubicado en un edificio terminado con una bonita fachada y una construcción de calidad, este departamento cuenta con servicios independientes de luz, agua con contómetro y gas Calidda, garantizando comodidad y ahorro. ¡Ven a conocer tu nuevo hogar en una de las mejores zonas de sjl! *Contáctate con Marcela Gomez 9. 9. 3. 2. 6. 2. 0. 0. 6* *Contáctate con Angelica Perez 9. 9. 3. 7. 5. 0. 4. 0. 7* - Área de 92. 32m2. - 4to Piso (escaleras) - 04 Dormitorios. - 02 Baños. - 1 ½ Baño. - Vista externa. - Cocina con muebles altos y bajos tipo americano. - Lavandería. - Conexión de gas natural. Precio: us$ 89, 000. Mantenimiento: S/ 60. 00. *venta solo al contado* *documentos en regla* ¡Todo lo que necesitas para vivir de la mejor manera! No pierdas la oportunidad. Contáctanos ahora para más información y agendar una visita. *Contáctate con Marcela Gomez 9. 9. 3. 2. 6. 2. 0. 0. 6* *Contáctate con Angelica Perez 9. 9. 3. 7. 5. 0. 4. 0. 7*|https://www.adondevivir.com/propiedades/clasificado/veclapin-vendo-departamento-estreno-4to-piso-de-92-m-sup2--148609200.html?n_src=Listado&n_pills=%C3%81rea+de+lavander%C3%ADa&n_pg=1&n_pos=16|2026-03-18
adondevivir|departamentos|venta|Lima Este|San Juan de Lurigancho|"San Hilario
San Hilarion, San Juan de Lurigancho"|S/ 258,210 · USD 75,500|258210|75500|||"70 m² tot.
2 dorm.
2 baños"|70|2|2||¡Oportunidad única! Vive donde todo te queda cerca Dali Tafur 9-6-0-9-6-6-7-3-1Te Presentamos este moderno Departamento de estrenoen el Corazón de San Juan de Lurigancho, con una ubicación estratégica que te conecta con lo mejor del distrito: 2 habitaciones amplias y bien iluminadas A solo metros de la estación Los Postes (Línea 1 del Metro) Conexión directa a todas las avenidas principales A minutos de centros comerciales, colegios, mercados y más Zona tranquila, segura y de alta valorización Precio de oportunidad – ideal para familias jóvenes o inversión Departamento listo para entrega inmediata Contáctanos hoy y descubre todo lo que este espacio tiene para ti. ¡Tu nuevo hogar te está esperando!|https://www.adondevivir.com/propiedades/clasificado/veclapin--oportunidad-unica!-vive-donde-todo-te-queda-cerca-sjl-148702171.html?n_src=Listado&n_pills=%C3%81rea+de+lavander%C3%ADa&n_pg=1&n_pos=17|2026-03-18
adondevivir|departamentos|venta|Lima Este|San Juan de Lurigancho|"Avenida Central -sjl
San Juan de Lurigancho, Lima"|S/ 201,600 · USD 60,000|201600|60000|||"90 m² tot.
2 dorm.
1 baño"|90|2|||¡Departamento en Venta – Amplio y Luminoso! - mas información al 9-4-3-5-5-4-3-8-2 Wuendy FloresSe vende bonito departamento ubicado en 3er piso, amplio, bien iluminado y con excelente distribución. Consta de: 2 habitaciones grandes 1 baño completo Sala comedor espaciosa Cocina funcionalArea común: Azotea, incluye ( Lavandería + area para tendal) Ubicado en plena Avenida Central, a tan solo 2 cuadras de la Av. Fernando Wiese y a 3 minutos de la estación Bayóvar del tren, lo que lo convierte en una excelente opción para vivir o invertir. La zona está rodeada de mercados, tiendas y cuenta con fácil acceso a transporte público. Precio: $60, 000 dólares Todos los documentos en regla – listo para transferir. ¡No pierdas esta oportunidad! Contáctanos para más información o agendar una visita.|https://www.adondevivir.com/propiedades/clasificado/veclapin-departamento-en-3er-piso-de-82-m-sup2--en-san-juan-de-148496186.html?n_src=Listado&n_pills=%C3%81rea+de+lavander%C3%ADa&n_pg=1&n_pos=18|2026-03-18
adondevivir|departamentos|venta|Lima Este|San Juan de Lurigancho|"Arrayanes 729
San Silvestre, San Juan de Lurigancho"|S/ 418,000|418000||||"106 m² tot.
3 dorm.
2 baños"|106|3|2||Urb: San Silvestre. Área desde 106 m2 y 114 m² distribución. Los flat cuentan con. 1 Sala comedor. 1 Cocina con mesa de granito con muebles altos y bajos. 1 habitación principal con baño incluido. 2 habitaciones secundarias. 1 baño completo. 1 medio baño. 2 Puntos de gas de calidda. 1 terma A Gas. Área de lavandería. Con terma. Balcón. ascensor y escaleras. Área común y área de parrilla. Dúplex cuentan con. 1 Sala comedor. 1 Cocina con mesa de granito con muebles altos y bajos. 5 habitaciones. 3 baños completos. 1 medio baño. 1 Terma a gas. Área de lavandería. Área de tendal y zona de parrillas. Precios de los flat. Primer piso: 428, 080 soles negociables. Cuarto piso: 427, 040 soles negociables. Quinto piso: 422, 880 soles negociables. Precio del dúplex. Piso sexto: 605, 920 soles negociables. Ubicado altura del paradero 4 de la Av. Las Flores de Primavera, espaldas del parque San Silvestre y parque Yungay, a 3 minutos de la estación piramide del Sol, cerca de colegios institutos, y más. Agenda tu visita al: 9-4-1-1-3-8-5-9-1. 9-4-4-2-7-3-0-5-9. lima house inmobiliaria|https://www.adondevivir.com/propiedades/clasificado/veclapin-venta-de-flat-y-duplex-de-estreno-en-san-juan-de-148235521.html?n_src=Listado&n_pills=%C3%81rea+de+lavander%C3%ADa&n_pg=1&n_pos=19|2026-03-18
adondevivir|departamentos|venta|Lima Este|San Juan de Lurigancho|"5373 Jr. Este
Mariscal Caceres, San Juan de Lurigancho"|"S/ 360,000
6%"|360000||6%||"270 m² tot.
6 dorm.
3 baños"|270|6|3||Urb: Mariscal Cáceres. Area: 270 m2. Piso: 3. Antigüedad 5 años. distribución. Se vende todo el 3er piso que cuenta con 3 departamentos con entradas independientes cada uno de ellos cuenta con: 2 Habitaciones amplias y bien iluminadas. 1 Sala comedor. 1 cocina abierta. 1 baño completo. Precio: 360 mil soles negociables. Documentos título de propiedad, listo para crédito hipotecario ó recursos propios. Ubicado Altura del paradero 6 de mariscal Cáceres paralelo de la avenida Wiesse, Cerca de Mega force y el centro comercial Calima junto, tiendas uno y a 5 minutos de la estación de tren Bayóvar. Excelente oportunidad para familias numerosas o inversionistas que buscan tres departamentos totalmente independientes en una misma propiedad. Agenda tu visita al: 9-4-4-2-7-3-0-5-9. 9-4-1-1-3-8-5-9-1. lima house inmobiliaria|https://www.adondevivir.com/propiedades/clasificado/veclapin-departamento-de-270-m-sup2--con-6-habitaciones-en-147916421.html?n_src=Listado&n_pills=%C3%81rea+de+lavander%C3%ADa&n_pg=1&n_pos=20|2026-03-18
adondevivir|departamentos|venta|Lima Este|San Juan de Lurigancho|"El Periodista 155
Canto De Sol, San Juan de Lurigancho"|S/ 429,990 · USD 128,000|429990|128000|||"119 m² tot.
3 dorm.
3 baños"|119|3|3||Unidad Inmobiliaria 1: ao 138. 49 m2 at 119. 17 m2 Vivienda Dúplex S/. 429, 990. 3° piso: Patio central, sala doble altura, comedor y kitchenette integrado, dormitorio principal con baño completo, escalera. 4°piso: 2 dormitorios, hall, 01baño completo, lavandería. Vistas al interior. Muebles empotrados, iluminación, intercomunicador, red para tv e internet, agua con temporizador, conexión a medidor de luz independiente, cuenta con excelente iluminación y ventilación natural y acabados de primera. Unidad Inmobiliaria 2: ao 46. 67 m2 at 46. 67 m2 Vivienda Flat S/. 124, 990. 4° piso: Sala comedor Kitchenette integrado, lavandería, baño completo y un dormitorio. Con intercomunicador, red para tv e internet, agua con temporizador, conexión a medidor de luz independiente, con excelente iluminación y ventilación natural y acabados de primera. Vistas al interior y a la avenida. Unidad Inmobiliaria 3: ao 99. 64 m2 at 94. 05 m2 Vivienda Flat S/. 254, 990. 5° piso: Sala, comedor y cocina integrada, balcón con zona de parrilla, 02 baños completos, 02 dormitorios + 01 estudio amplios y lavandería. Con intercomunicador, red para tv e internet, agua con temporizador, conexión a medidor de luz independiente, con excelente iluminación y ventilación natural y acabados de primera. Vistas al interior y a la avenida.|https://www.adondevivir.com/propiedades/clasificado/veclapin-departamentos-3-de-estreno-en-san-juan-de-lurigancho-148933936.html?n_src=Listado&n_pills=Cerca+a+colegios&n_pg=1&n_pos=21|2026-03-18
adondevivir|departamentos|venta|Lima Este|San Juan de Lurigancho|"Puruchuco 838
Mangomarca, San Juan de Lurigancho"|S/ 340,400 · USD 92,000|340400|92000|||"107 m² tot.
3 dorm.
2 baños"|107|3|2||Hermoso departamento de estreno con buenos acabados, en 5to piso (sin ascensor) con un área de 107. 57m2, iluminado, amplio, ventilado con excelente distribución: Sala y Comedor, balcón, cocina abierta con muebles bajos y mesa de centro todo con cuarzo negro, un deposito, baño completo para cuartos secundarios y visita, 3 dormitorios, el principal con baño completo, y una amplia lavandería, cuanta con 2 puntos calidda para cocina y therma. Ubicado en la mejor zona de sjl, en Mangomarca, a una cuadra del parque santa rosa, a dos cuadras de avenida las lomas altura de la cuadra 13, cerca a colegios, mercado, tiendas Mass, iglesia y a 8 minutos del mall aventura plaza sjl. Documentos en regla, sin hipotecas ni cargas, puede ser comprado al contado o mediante crédito hipotecario en cualquier banco, te podemos evaluar para tu calificación con el banco. Conoce tu nuevo depa y agenda al 9. 1. 2. 6. 2. 9. 0. 0. 7|https://www.adondevivir.com/propiedades/clasificado/veclapin-vendo-departamento-de-estreno-en-mangomarca-sjl-148933007.html?n_src=Listado&n_pills=%C3%81rea+de+lavander%C3%ADa&n_pg=1&n_pos=22|2026-03-18
adondevivir|departamentos|venta|Lima Este|San Juan de Lurigancho|"Los pinos
Los Pinos, San Juan de Lurigancho"|S/ 240,000 · USD 72,000|240000|72000||150|"68 m² tot.
2 dorm.
2 baños"|68|2|2||Michelle Oporto: 9. 0. 3. 2. 7. 8. 2. 9 1. $72, 000 usd. 68 metros. Venta departamento. no paga alcabala. caracteristicas. 2 Dormitorios. Sala + Comedor. Área de lavandería. intercomunicador. ascensor. 7 pisos. 14 departamentos. cerca de Colegios. Centros Comerciales y Estación del tren|https://www.adondevivir.com/propiedades/clasificado/veclapin-san-juan-de-lurigancho-departamento-$72-000-cerca-147269598.html?n_src=Listado&n_pills=%C3%81rea+de+lavander%C3%ADa&n_pg=1&n_pos=23|2026-03-18
adondevivir|departamentos|venta|Lima Este|San Juan de Lurigancho|"11°57'03.2""S 76°59'23.7""W
Bayovar, San Juan de Lurigancho"|S/ 169,000 · USD 50,000|169000|50000||50|"70 m² tot.
2 dorm.
1 baño"|70|2|||Si lo que buscas es independencia, o formar tu hogar, esta es tu oportunidad. Departamento acogedor, funcional, ubicado en zona estratégica, a solo 3 cuadras de Av Wiesse. Cerca de colegios, Bancos, supermercados, estación dekl tren. Inscrito en registros públicos, saneado, con ingreso independiente. Puedes adquirirlo a través del programa Mi Vivienda, consultame si calificas.|https://www.adondevivir.com/propiedades/clasificado/veclapin-departamento-en-venta-en-san-juan-de-lurigancho-148510845.html?n_src=Listado&n_pills=Cerca+a+colegios&n_pg=1&n_pos=24|2026-03-18
adondevivir|departamentos|venta|Lima Este|San Juan de Lurigancho|"EL HIERRO
Inca Manco Capac, San Juan de Lurigancho"|S/ 250,915 · USD 74,900|250915|74900|||"100 m² tot.
5 dorm.
2 baños"|100|5|2||Se vende amplio y bien iluminado departamento de 100 m², ubicado en segundo piso, con vista a la calle e ingreso totalmente independiente, en zona tranquila y de fácil acceso. Ubicado en una zona residencial con fácil acceso a servicios y comercios. En los alrededores, encontrará supermercados, farmacias y bancos. También hay diversas opciones de transporte público disponibles, facilitando la movilidad hacia diferentes puntos de la ciudad. Ubicación privilegiada: Cerca al Club Metropolitano Wiracocha, Fábrica Celima, Av. Santa Rosa de Lima y Av. 13 de Enero, con movilidad a todo lugar y acceso rápido a avenidas principales. Características: 5 dormitorios. 2 baños completos. Cocina. Lavandería. Espacio adicional de 2 x 4 m ideal como tendal. Ambientes amplios, iluminados y ventilados. Servicios independientes: luz, agua y gas Cálidda. Documentación en regla. El departamento no cuenta con cochera. Precio de Ocasión. usd 74, 900 (al contado) Ideal para familia o inversión, por su tamaño, ubicación y distribución.|https://www.adondevivir.com/propiedades/clasificado/veclapin-vendo-amplio-departamento-2do-piso-san-juan-de-148681823.html?n_src=Listado&n_pills=%C3%81rea+de+lavander%C3%ADa&n_pg=1&n_pos=25|2026-03-18
adondevivir|departamentos|venta|Lima Este|San Juan de Lurigancho|"Av. San Hilarión - SJL
San Juan de Lurigancho, Lima"|S/ 507,778 · USD 145,000|507778|145000|||"146 m² tot.
2 dorm.
2 baños"|146|2|2||Venta de departamento bien ubicado, cerca de avenidas principales, centro comercial y frente a parque. Área: 146 m² detalles: - 2do Piso. - 2 Dormitorios. - 2 Baños. descripción: - 1 habitación principal con baño y ropero. - 1 habitación secundaria con vista interna y ropero. - 1 baño compartido para visitas. - Sala-comedor amplia con vista exterior al parque. - Cocina americana equipada con muebles altos y bajos. - Área de lavandería. - Ventanas antiruido para mayor tranquilidad. - Iluminación led en todos los ambientes. - Intercomunicador. - Contómetro de agua y luz. - Gas Calidda. - No cuenta con ascensor o estacionamiento. ubicación: - A la espalda de la comisaría. - Cerca de un centro comercial y avenidas principales. - Frente a parque y loza de fútbol. (*) Sujeto a tipo de cambio sbs si el precio está en dólares. (*) Propiedad saneada, inscrita en Registros Públicos y con título de propiedad.|https://www.adondevivir.com/propiedades/clasificado/veclapin-vendo-departamento-de-estreno-en-2do-piso-frente-a-147877247.html?n_src=Listado&n_pills=%C3%81rea+de+lavander%C3%ADa&n_pg=1&n_pos=26|2026-03-18
adondevivir|departamentos|venta|Lima Este|San Juan de Lurigancho|"C. 5
San Juan de Lurigancho, Lima"|S/ 144,050 · USD 43,000|144050|43000||20|"41 m² tot.
2 dorm.
1 baño"|41|2|||Este mini departamento es perfecto para ti! Súper bien distribuidos. ️ Sala – comedor integrada. Cocina tipo kitchenette. ️ 2 dormitorios. 1 baño. Cuenta con Gas Cálidda. Luz con medidor independiente. Agua común (opción de instalar contómetro) ️ Seguridad 24/7 (solo S/ 20 mensuales) Parque principal dentro del condominio. ¡Pet friendly! Ideal para parejas, familia pequeña o como inversión. Vive en un ambiente tranquilo, seguro y dentro de condominio.|https://www.adondevivir.com/propiedades/clasificado/veclapin-venta-de-mini-departamento-149103792.html?n_src=Listado&n_pills=Guardian%C3%ADa%2FSeguridad+privada&n_pg=1&n_pos=27|2026-03-18
adondevivir|departamentos|venta|Lima Este|San Juan de Lurigancho|"Jr. Contisuyo 617 Mz. F3 Lt. 41, Urb. Zarate, San Juan de Lurigancho
Zarate, San Juan de Lurigancho"|S/ 346,500 · USD 99,000|346500|99000|||"143 m² tot.
5 dorm.
2 baños
1 estac."|143|5|2|1|"Propiedad multifamiliar en venta – zárate | san juan de luriganchodoble ingreso | Medidores independientes | Alta rentabilidadExcelente oportunidad de inversión en una de las zonas más comerciales y mejor conectadas de San Juan de Lurigancho. Se vende primer piso dividido en dos departamentos totalmente independientes, ideal para generar renta inmediata o combinar vivienda y negocio. Zárate – San Juan de LuriganchoA solo minutos de los principales puntos comerciales y de transporte del distrito. datos generalesárea de terreno: 143. 67 m²Área construida: 112. 64 m²Medidores independientes de luz, agua y gas Cálidda en ambos departamentosdistribución – departamento 13 habitaciones1 baño completoCocina funcionalSala cómodaÁrea de lavanderíaCochera con proyección comercial, ideal para tienda o negociodistribución – departamento 22 habitaciones1 baño completoCocinaSalaÁrea de lavanderíaubicación estratégicazona altamente comercial y residencialCercano a bancos, tiendas, mercados y comercios importantesA solo 5 minutos del Mall de San Juan de LuriganchoA 5 minutos de la Estación del Tren Eléctrico Pirámide del SolExcelente conectividad y alta demanda de alquiler¿por qué esta propiedad es una gran inversión? Dos unidades independientes = doble fuente de ingresosServicios separados = gestión sencilla de alquilerCochera con uso comercial = valor agregadoZona de alta rotación y demanda constanteIdeal para inversionistas, familias o renta mixtaAgenda una visita y asegura un activo inmobiliario con rentabilidad comprobada en Zárate. Propiedades con estas características son escasas y se venden rápido. T. C. 3. 50Tipo de cambio referencial, sujeto a variación diaria por fluctuación del mercado"|https://www.adondevivir.com/propiedades/clasificado/veclapin-inversion-con-doble-rentabilidad:-primer-piso-con-2-149238325.html?n_src=Listado&n_pills=%C3%81rea+de+lavander%C3%ADa&n_pg=1&n_pos=28|2026-03-18
adondevivir|departamentos|venta|Lima Este|San Juan de Lurigancho|"Zárate
San Juan de Lurigancho, Lima"|S/ 320,450 · USD 85,000|320450|85000|||"149 m² tot.
3 dorm.
2 baños"|149|3|2||"Contacto: 9. 9. 5. 9. 9. 0. 5. 3. 4 | Zulema Ricaldi++ amplio departamento | A un paso de zarate | cerca A la estación tren caja de agua++ Cerca a parques y a pocas cdras. De zona comercial de Av. Gran Chimú++ ¡El espacio ideal para tu familia! ++ ¿por qué mudarte A este depa? - Amplitud- Ubicación estratégica: Cerca a todo, a pocas cdras. De Est. Caja de Agua y Pirámide del Sol- Excelente precio: $640 / m2++ descripción: - Área: 148. 98m2- Piso 2 | Total: 3 pisos | Solo 1 dpto por piso- Vista exterior desde sala comedor- Vista interior desde habitaciones- 3 habitaciones + estudio | 2 baños++ ubicación: - San Juan de Lurigancho | Lima- A un paso de Zárate- A 1 cdra. Próceres de la Independencia- A pocas cdras. De Est. Caja de Agua y Pirámide del Sol- Cerca a parques y colegios- Cerca a la zona comercial de Zárate y Próceres: bancos, minimarkets, restaurantes, notarias, policlínicos, consultorios, y otros negocios locales- A pocos minutos: sunarp, Municipalidad sjl, Mall Aventura sjl (Plaza Vea), Parque Zonal Wiracocha++ distribución: - Sala comedor c/ vista exterior- Cocina cerrada implementada c/ muebles altos y bajos- Área de lavandería- Habitación principal con clóset amplio- 2 habitaciones secundarias- 1 habitación adicional como estudio- 2 baños completos++ precio: $ 95, 000- Totalmente saneado: Libre de cargas y gravámenes- Inscrito en sunarp: Título de propiedadContacto: 9. 9. 5. 9. 9. 0. 5. 3. 4 | Zulema RicaldiR. U. C Ver datos"|https://www.adondevivir.com/propiedades/clasificado/veclapin-amplio-departamento-cerca-a-la-estacion-tren-caja-de-148428010.html?n_src=Listado&n_pills=%C3%81rea+de+lavander%C3%ADa&n_pg=1&n_pos=29|2026-03-18
adondevivir|departamentos|venta|Lima Este|San Juan de Lurigancho|"jr los Calamos al 1483
Los Jardines, San Juan de Lurigancho"|S/ 304,245 · USD 80,000|304245|80000|||"165 m² tot.
3 dorm.
1 baño"|165|3|||Oportunidad Única: Departamento con Terraza y Vista al Parque en Los Jardines - sjljr. Los Calamos 1483/edificioDeje de buscar y empiece a vivir la vida que soñó. Le presentamos este espectacular departamento ubicado en el codiciado sector de Los Jardines en San Juan de Lurigancho, una zona tranquila y con excelente proyección. UbicaciónSituado en un 5to piso con una vista privilegiada frente a un hermoso parque en el Jr. Los Calamos 1483, disfrutará de aire fresco, tranquilidad y seguridad. La cercanía a la estación del Metro &quot;Los Jardines&quot; y principales avenidas garantiza una conectividad excepcional. Los Jardines es conocida por ser una zona residencial consolidada y atractiva dentro del distrito. Características Destacadas del DepartamentoAcabados: Cuenta con excelentes y modernos acabados que le brindan un ambiente sofisticado y de calidad. ¡Listo para mudarse! Distribución Ideal: Sus 3 cómodas habitaciones son perfectas para la vida familiar, ofreciendo el espacio necesario para el descanso y la privacidad. Baño Completo: Dispone de 1 baño con acabados de primera. La Joya de la Propiedad: La Terraza AmpliaEste departamento brilla por su terraza excepcionalmente grande y versátil. Es el lugar perfecto para sus reuniones sociales, parrillas, un jardín urbano, o simplemente un espacio de relax con vista al parque. Lo mejor: Su gran tamaño y diseño permiten modificaciones y adaptaciones a su gusto, transformándola en un estudio, una zona de juegos, o incluso ampliar su área social. Este no es solo un departamento, es el inicio de un nuevo estilo de vida. Imagine despertarse y disfrutar de su café con vista verde o tener el lugar ideal para que su familia crezca. ¡Contáctenos hoy mismo para coordinar su visita y no pierda la oportunidad de asegurar su nuevo hogar en una de las mejores zonas de San Juan de Lurigancho!|https://www.adondevivir.com/propiedades/clasificado/veclapin-departamento-en-venta-frende-al-parque-en-sjl-los-148268881.html?n_src=Listado&n_pills=Jard%C3%ADn&n_pg=1&n_pos=30|2026-03-18
adondevivir|departamentos|venta|Lima Este|San Juan de Lurigancho|"C. 21 Mz.61a - Lt.10, San Juan de Lurigancho 15416, Perú
San Juan de Lurigancho, Lima"|S/ 231,150 · USD 69,000|231150|69000|||"108 m² tot.
3 dorm.
3 baños"|108|3|3||¡oportunidad única de inversión Y vivienda! ¡se vende hermoso Y amplio departamento! Hola, te presento este hermoso departamento flat de 109 m², ideal para familias que buscan comodidad, privacidad y excelente ubicación. - Ubicado en 3er piso de edificio de 5 pisos (sin ascensor) Un departamento por piso – Vive con mayor privacidad y tranquilidad. Distribución perfecta para tu comodidad: 3 habitaciones, cada una con baño propio (¡comodidad total!) Amplia y luminosa sala comedor Cocina abierta, moderna y funcional Área de lavandería independiente Baño de visitas Conexión a Gas Natural Calidda- Ubicación estratégica, rodeada de todo lo que necesitas: Áreas verdes y parques Canchas deportivas Comercios de la zona Cerca al ipd A pocos minutos de la Estación Bayóvar Cerca al Mercado La Unión-Edificio con excelentes cimientos y buena estructuraDocumentación 100% en regla, listo para transferencia inmediata. Ideal para vivir o invertir. ¡No dejes pasar esta gran oportunidad! Escríbeme para agendar tu visita y conocer tu próximo hogar. R. U. C Ver datos|https://www.adondevivir.com/propiedades/clasificado/veclapin--se-vende-hermoso-y-amplio-departamento!-149119382.html?n_src=Listado&n_pills=%C3%81rea+de+lavander%C3%ADa&n_pg=2&n_pos=1|2026-03-18
adondevivir|departamentos|venta|Lima Este|San Juan de Lurigancho|"Jr Galenas
San Hilarion, San Juan de Lurigancho"|S/ 285,000 · USD 85,000|285000|85000|||"150 m² tot.
3 dorm."|150|3|||Dali Tafur 9. 6. 0. 9. 6. 6. 7. 3. 1 ¡departamento de estreno con terraza en sjl! ? Vive con espacio, diseño y ubicación privilegiada en este hermoso departamento de estreno ubicado en 5to piso (sin ascensor), ideal para quienes buscan comodidad y una excelente inversión.? 3 amplias habitaciones? Sala espaciosa y muy iluminada? Diseño moderno y acabados de primera? Gas natural? ? Espectacular terraza privada de 150 m² – perfecta para reuniones, parrillas o zona de descanso? Ubicación estratégica:?? Cerca a Metro y Tottus?? A pasos de la Comisaría de Huayrona?? A 3 cuadras de la Estación del Tren Los Postes?? Acceso rápido a Av. Wisse, Av. Central y principales avenidas?? A solo 5 minutos del Mall de sjl? ¡Todo esto a un súper precio! Una oportunidad única para vivir o invertir en una de las zonas con mayor crecimiento de San Juan de Lurigancho.? Agenda tu visita hoy mismo y no dejes pasar esta oportunidad. ¡Departamentos así se venden rápido!|https://www.adondevivir.com/propiedades/clasificado/veclapin-departamento-de-estreno-con-terraza-exclusiva-148514711.html?n_src=Listado&n_pg=2&n_pos=2|2026-03-18
adondevivir|departamentos|venta|Lima Este|San Juan de Lurigancho|"Jr. Tahuantisuyo San Juan de Lurigancho
Zarate, San Juan de Lurigancho"|S/ 167,500 · USD 50,000|167500|50000|||"64 m² tot.
2 dorm.
1 baño"|64|2|||*R. U. C: 2. 0. 6. 0. 0. 1. 6. 2. 9. 9. 4* Razón Social: Constructora e Inmobiliaria Casa 21 S. A. C. Venta de departamento en Zárate de 64 m², con vista interna pero excelente iluminación y ventilación, pensado para quienes buscan comodidad y un entorno tranquilo. Su ubicación es inmejorable: a tan solo una cuadra del Malecón Checa y de la Av. Chimu, lo que te conecta rápidamente con la Estación del Tren Eléctrico y con múltiples opciones de transporte público que facilitan el traslado hacia cualquier distrito de Lima. Este departamento combina practicidad, amplitud y una zona segura, ideal para vivir con tranquilidad sin alejarse de los principales accesos de la ciudad. Una oportunidad única para quienes desean un hogar bien ubicado y con todas las ventajas de Zárate. *Contáctate con Verónica Chumpitaz 9. 2. 2. 2. 7. 2. 3. 6. 0. * - Área de 63. 98m2. - 3er Piso (escaleras) - 02 Dormitorios amplios. - 01 Baño. - Sala comedor amplio. - Vista interior iluminada y ventilada. - Cocina cerrada con muebles altos y bajos. Precio: us$ 45, 000. 00. ¡Todo lo que necesitas para vivir de la mejor manera! No pierdas la oportunidad. Contáctanos ahora para más información y agendar una visita. *Contáctate con Verónica Chumpitaz 9. 2. 2. 2. 7. 2. 3. 6. 0. *|https://www.adondevivir.com/propiedades/clasificado/veclapin-venta-de-departamento-zarate-san-juan-de-lurigancho-147714263.html?n_src=Listado&n_pills=Cerca+a+colegios&n_pg=2&n_pos=3|2026-03-18
adondevivir|departamentos|venta|Lima Este|San Juan de Lurigancho|"Urb los Jazmines
San Juan de Lurigancho, Lima"|S/ 260,000 · USD 77,380|260000|77380|||"100 m² tot.
3 dorm.
2 baños"|100|3|2||A pocas cuadras de la estación del tren san martín! Hermoso departamento en urb. Los jazmines – sjlárea total: 100 m² aprox. (6x16) Precio: S/ 260, 000Mantenimiento: cero solesVive en una de las zonas más cómodas, seguras y bien ubicadas de sjl, a solo minutos de la Estación del Tren San Martín. A tu alrededor encontrarás todo lo que necesitas: mercados (Valle Sagrado y Canto Rey), colegios, centros comerciales como Metro, bancos, parques y vías principales. Zona tranquila y vigilada, con cámaras de seguridad y vigilantes nocturnos, ideal para familias que buscan comodidad y paz. Características del departamento (4° piso): Altura de 2. 80 m, amplios e iluminados ambientes Excelente ventilación natural y vista abierta Sala-comedor acogedora con vista a la calle Cocina moderna con barra de porcelanato y muebles bajos de madera 3 dormitorios: Principal con baño propio y vista a la calle Segundo dormitorio con vista a la calle, muy iluminadoTercer dormitorio con vista interna, igualmente luminoso Baño de visitas completo Cortinas elegantes en todos los ambientes Pisos enlosetados, acabados de primera Servicios: luz, gas y agua (agua compartida) Áreas comunes: Zona de lavandería y tendalesEspacio para parrilla, perfecto para reuniones familiares o con amigos A solo unos pasos del Gran Colegio María Arguedas (Inicial, Primaria y Secundaria). Fácil acceso a transporte público y principales avenidas. Un departamento moderno, bien distribuido, con acabados de calidad y una ubicación estratégica. ¡Ideal para vivir cómodamente o como inversión con alta rentabilidad! Contáctame hoy mismo para más información o agendar una visita. ¡No dejes pasar esta gran oportunidad! R. U. C Ver datos|https://www.adondevivir.com/propiedades/clasificado/veclapin-a-pocas-cuadras-de-la-estacion-del-tren-san-martin!-148518106.html?n_src=Listado&n_pills=%C3%81rea+de+lavander%C3%ADa&n_pg=2&n_pos=4|2026-03-18
adondevivir|departamentos|venta|Lima Este|San Juan de Lurigancho|"jr los Calamos al 1483
Los Jardines, San Juan de Lurigancho"|S/ 304,245 · USD 80,000|304245|80000|||"165 m² tot.
3 dorm.
1 baño"|165|3|||Oportunidad Única: Departamento con Terraza y Vista al Parque en Los Jardines - sjljr. Los Calamos 1483/edificioDeje de buscar y empiece a vivir la vida que soñó. Le presentamos este espectacular departamento ubicado en el codiciado sector de Los Jardines en San Juan de Lurigancho, una zona tranquila y con excelente proyección. UbicaciónSituado en un 5to piso con una vista privilegiada frente a un hermoso parque en el Jr. Los Calamos 1483, disfrutará de aire fresco, tranquilidad y seguridad. La cercanía a la estación del Metro &quot;Los Jardines&quot; y principales avenidas garantiza una conectividad excepcional. Los Jardines es conocida por ser una zona residencial consolidada y atractiva dentro del distrito. Características Destacadas del DepartamentoAcabados: Cuenta con excelentes y modernos acabados que le brindan un ambiente sofisticado y de calidad. ¡Listo para mudarse! Distribución Ideal: Sus 3 cómodas habitaciones son perfectas para la vida familiar, ofreciendo el espacio necesario para el descanso y la privacidad. Baño Completo: Dispone de 1 baño con acabados de primera. La Joya de la Propiedad: La Terraza AmpliaEste departamento brilla por su terraza excepcionalmente grande y versátil. Es el lugar perfecto para sus reuniones sociales, parrillas, un jardín urbano, o simplemente un espacio de relax con vista al parque. Lo mejor: Su gran tamaño y diseño permiten modificaciones y adaptaciones a su gusto, transformándola en un estudio, una zona de juegos, o incluso ampliar su área social. Este no es solo un departamento, es el inicio de un nuevo estilo de vida. Imagine despertarse y disfrutar de su café con vista verde o tener el lugar ideal para que su familia crezca. ¡Contáctenos hoy mismo para coordinar su visita y no pierda la oportunidad de asegurar su nuevo hogar en una de las mejores zonas de San Juan de Lurigancho!|https://www.adondevivir.com/propiedades/clasificado/veclapin-departamento-en-venta-frende-al-parque-en-sjl-los-148268881.html?n_src=Listado&n_pills=Jard%C3%ADn&n_pg=2&n_pos=5|2026-03-18
adondevivir|departamentos|venta|Lima Este|San Juan de Lurigancho|"Zárate
San Juan de Lurigancho, Lima"|S/ 320,450 · USD 85,000|320450|85000|||"149 m² tot.
3 dorm.
2 baños"|149|3|2||"Contacto: 9. 9. 5. 9. 9. 0. 5. 3. 4 | Zulema Ricaldi++ amplio departamento | A un paso de zarate | cerca A la estación tren caja de agua++ Cerca a parques y a pocas cdras. De zona comercial de Av. Gran Chimú++ ¡El espacio ideal para tu familia! ++ ¿por qué mudarte A este depa? - Amplitud- Ubicación estratégica: Cerca a todo, a pocas cdras. De Est. Caja de Agua y Pirámide del Sol- Excelente precio: $640 / m2++ descripción: - Área: 148. 98m2- Piso 2 | Total: 3 pisos | Solo 1 dpto por piso- Vista exterior desde sala comedor- Vista interior desde habitaciones- 3 habitaciones + estudio | 2 baños++ ubicación: - San Juan de Lurigancho | Lima- A un paso de Zárate- A 1 cdra. Próceres de la Independencia- A pocas cdras. De Est. Caja de Agua y Pirámide del Sol- Cerca a parques y colegios- Cerca a la zona comercial de Zárate y Próceres: bancos, minimarkets, restaurantes, notarias, policlínicos, consultorios, y otros negocios locales- A pocos minutos: sunarp, Municipalidad sjl, Mall Aventura sjl (Plaza Vea), Parque Zonal Wiracocha++ distribución: - Sala comedor c/ vista exterior- Cocina cerrada implementada c/ muebles altos y bajos- Área de lavandería- Habitación principal con clóset amplio- 2 habitaciones secundarias- 1 habitación adicional como estudio- 2 baños completos++ precio: $ 95, 000- Totalmente saneado: Libre de cargas y gravámenes- Inscrito en sunarp: Título de propiedadContacto: 9. 9. 5. 9. 9. 0. 5. 3. 4 | Zulema RicaldiR. U. C Ver datos"|https://www.adondevivir.com/propiedades/clasificado/veclapin-amplio-departamento-cerca-a-la-estacion-tren-caja-de-148428010.html?n_src=Listado&n_pills=%C3%81rea+de+lavander%C3%ADa&n_pg=2&n_pos=6|2026-03-18
adondevivir|departamentos|venta|Lima Este|San Juan de Lurigancho|"URB Campoy
Campoy, San Juan de Lurigancho"|S/ 163,300 · USD 46,000|163300|46000|||"42 m² tot.
2 dorm.
1 baño"|42|2|||Contacto: santa cruz buendía yieny kennithcell: 9*8*6*9*8*7*3*4*6Acogedor Departamento en Campoy Frente a Tottus¡Ideal para quienes buscan comodidad y buena ubicación! Este lindo departamento de 42 m² se encuentra en el 3er piso de un edificio tranquilo y bien ubicado, frente a Tottus, en residencial Campoy, a unos minutos del mall Plaza San Juan de Lurigancho y estación del Tren Caja de Agua Características: - 2 habitaciones bien distribuidas- 1 baño completo- Sala comedor acogedora- Cocina con muebles bajos- Área de lavandería integrada Excelente ubicación con fácil acceso a transporte público, mercados, colegios y comercios. ¡Ideal para parejas jóvenes, estudiantes o como inversión! Contáctame para agendar una visitaBlock T Mz. A Lote 42Urbanización Campoy¡Para mayor información contáctame! contacto: santa cruz buendía yieny kennithcell: 9*8*6*9*8*7*3*4*6id: 1*1*4*7*0*6*4|https://www.adondevivir.com/propiedades/clasificado/veclapin-venta-de-departamento-en-urb-campoy-san-juan-146973121.html?n_src=Listado&n_pills=%C3%81rea+de+lavander%C3%ADa&n_pg=2&n_pos=7|2026-03-18
adondevivir|departamentos|venta|Lima Este|San Juan de Lurigancho|"Akapana 1169
Mangomarca, San Juan de Lurigancho"|S/ 1,480,000 · USD 400,000|1480000|400000|||"127 m² tot.
2 dorm.
2 baños"|127|2|2||Descubre esta amplia casa de 4 pisos en venta, perfecta para familias numerosas o como inversión para alquiler. Se vende toda la casa o por departamentos, Ubicada en el Jr. Akapana cuadra 11 Urb. Mangomarca sjl, con acceso a servicios básicos, parques, transporte público, colegios y centros comerciales. Características del Inmueble: 4 pisos con distribución independiente, ideal para vivienda multifamiliar o renta. 1. - dpto 1er piso (135 M2) - 2 habitaciones amplias, una con baño propio - Cochera amplia- Sala comedor bien iluminada con ventilación natural. - 1 Baño completo de Visitas- Cocina equipada con muebles altos y bajos. - Área de lavandería con conexión a gas natural. - Independizado2. - dpto 2do piso (127 M2) - 2 habitaciones amplias, una con baño propio - Sala comedor bien iluminada con ventilación natural. - 1 Baño completo de Visitas- Cocina equipada con muebles altos y bajos. - Área de lavandería con conexión a gas natural. - Independizado3. - dpto 3er piso (127 M2) - 2 habitaciones amplias, una con baño propio- Sala comedor bien iluminada con ventilación natural. - 1 Baño completo de Visitas- Cocina equipada con muebles altos y bajos. - Área de lavandería con conexión a gas natural. - Independizado4. - dpto 4to piso (49 M2) - 2 habitaciones amplias, una con baño propio - Sala comedor bien iluminada con ventilación natural. - 1 Baño completo de Visitas- Cocina equipada con muebles altos y bajos. - Azotea libre- Aires- Área de lavandería con conexión a gas natural. - IndependizadoCuenta Luz independiente, Gas Calidda independiente y agua compartidaUbicación Estratégica: Cerca de colegios, mercados, bancos y transporte público, con acceso rápido a avenidas principales. Ideal para inversión con alta rentabilidad por alquiler de pisos independientes. Inversión de Toda la casa es de: $350, 000 mil dólares¡No dejes pasar esta oportunidad! Agenda tu visita hoy mismo y asegura tu inversión. Contáctame para más información. T. C. 3. 50Tipo de cambio referencial, sujeto a variación diaria por fluctuación del mercado|https://www.adondevivir.com/propiedades/clasificado/veclapin--casa-de-4-pisos-en-venta-ideal-para-vivienda-o-145918325.html?n_src=Listado&n_pills=%C3%81rea+de+lavander%C3%ADa&n_pg=2&n_pos=8|2026-03-18
adondevivir|departamentos|venta|Lima Este|San Juan de Lurigancho|"Las Bellotitas, Sn Juan de Lurigancho
San Juan de Lurigancho, Lima"|S/ 504,000 · USD 150,000|504000|150000|||"240 m² tot.
3 dorm.
2 baños"|240|3|2||"¡ocasión única! Se vende departamento dúplex en zona exclusiva – urb. Las flores, S. J. L. Precio de oportunidad: us$ 150, 000Área total: 240 m² | Área construida: 175 m² | Piso: 3ro y 4toUbicación privilegiadaDepartamento ubicado en la exclusiva Urbanización Las Flores, una de las zonas más seguras, tranquilas y residenciales de San Juan de Lurigancho. Ideal para quienes buscan comodidad, accesibilidad y calidad de vida. Entorno estratégicoA solo 2 cuadras del Instituto BritánicoA 5 minutos de la Estación Los JardinesCerca de Metro, Tottus y Mall Aventura PlazaRodeado de áreas verdes y cerca del Parque Zonal WiracochaCerca a colegios, bancos, losas deportivas y mercadosCaracterísticas del departamento3 habitaciones ampliasSala comedor bien iluminadaCocina funcional2 baños completosÁrea de lavandería independienteExcelente iluminación y ventilación naturalDocumentaciónDocumentación en regla, inscrito en sunarplisto para entrega inmediata¿Te interesa esta propiedad? Contáctame para más información o para agendar una visita sin compromiso. Tu nuevo hogar te espera en la mejor zona de S. J. L. R. U. C Ver datos"|https://www.adondevivir.com/propiedades/clasificado/veclapin--ocasion-unica!-se-vende-departamento-duplex-en-zona-148460835.html?n_src=Listado&n_pills=%C3%81rea+de+lavander%C3%ADa&n_pg=2&n_pos=9|2026-03-18
adondevivir|departamentos|venta|Lima Este|San Juan de Lurigancho|"Jiron Baritina al 200
Inca Manco Capac, San Juan de Lurigancho"|S/ 176,000 · USD 50,000|176000|50000|||"70 m² tot.
3 dorm.
1 baño"|70|3|||Venta de Departamento en San Juan de LuriganchoDescripciónSe venden departamento de 3 habitaciones y 1 baño en un edificio de solo 3 pisos, con 1 departamento por piso, ubicado en el distrito de San Juan de Lurigancho, cerca de parques y áreas verdes, y a media cuadra del centro de salud. El departamento ofrece una excelente calidad de vida y una ubicación privilegiada. Características- 3 habitaciones cómodas y luminosas- 1 baño completo- Edificio de solo 3 pisos, con 1 departamento por piso- Zona residencial tranquila y segura- Acceso fácil a servicios y comerciosUbicación- Distrito de San Juan de Lurigancho- A media cuadra del centro de salud- A una cuadra de la Av. Los Jardines- A 3 cuadras de metro Los Jardines- A 3 cuadras de la estación del tren Los Jardines- Cerca de parques y áreas verdes- Zona residencial tranquila y segura- Acceso fácil a servicios y comercios- Transporte público cercaPrecio$50, 000InteresadosSi estás buscando un departamento espacioso y cómodo en San Juan de Lurigancho, cerca de parques y con acceso fácil a servicios de salud y avenidas principales, no dudes en contactarnos para obtener más información y programar una visita. ContactoPara obtener más información y programar una visita, por favor no dudes en contactarnos. Estamos aquí para ayudarte a encontrar tu hogar ideal. R. U. C Ver datos|https://www.adondevivir.com/propiedades/clasificado/veclapin-ocasion-venta-departamento-en-san-juan-de-lurigancho-147524766.html?n_src=Listado&n_pills=Jard%C3%ADn&n_pg=2&n_pos=10|2026-03-18
adondevivir|departamentos|venta|Lima Este|San Juan de Lurigancho|"Urbanizacion LOS Pinos
San Juan de Lurigancho, Lima"|S/ 210,000 · USD 62,000|210000|62000|||"69 m² tot.
2 dorm.
1 baño"|69|2|||En venta departamento – primer piso- cerca A la estacion santa rosa del tren electrico regina alayo - 9. 2. 3. 7. 0. 2. 7. 8. 7Se vende departamento ubicado en primer piso, con entrada totalmente independiente, ideal para quienes buscan comodidad, accesibilidad y privacidad. Características del inmueble: Primer pisoEntrada independiente2 habitaciones1 baño completoÁrea de cocinaSala–comedor Ubicación estratégica: Ubicado a pocos minutos de la Estación Santa Rosa del Tren Eléctrico, con fácil acceso a transporte público, avenidas principales, comercios, colegios y servicios esenciales. Ideal para: Familias, parejas o inversionistas, gracias a su alta demanda de alquiler y excelente conectividad. Oportunidad ideal para vivir o invertir. regina alayo - 9. 2. 3. 7. 0. 2. 7. 8. 7|https://www.adondevivir.com/propiedades/clasificado/veclapin-venta-departamento-primer-piso-san-juan-de-148918749.html?n_src=Listado&n_pg=2&n_pos=11|2026-03-18
adondevivir|departamentos|venta|Lima Este|San Juan de Lurigancho|"Terrazas Del Sol
San Juan de Lurigancho, Lima"|S/ 135,000 · USD 36,486|135000|36486|||"40 m² tot.
1 dorm.
1 baño"|40|1|||Ubicado en el distrito de San Juan de Lurigancho, Urbanización Campoy cerca de Tottus, Candy, bancos y mercados; condominio totalmente cerrado y seguro, posee video vigilancia en ascensores y pasadizos y Caseta de vigilancia las 24 horas. Departamento de 40 mt2 ubicado en el piso 17; 01 dormitorio, sala y comedor con cocina americana con reposteros altos y mampara con vista a la calle, 02 mamparas, cuarto principal con baño, y con balcón con vista a la calle. Muy buena iluminación natural, si busca tranquilidad y seguridad esta es su alternativa. Tiene las siguientes zonas comunes: Zona de parrilla02 salones de recepción01 lavandería implementada(Lavadoras y secadoras) 03 hileras de ascensoresEscaleras de emergencia01 mirador piso 19Seguridad 24/07Se vende por viaje está inscrito en los registros públicos. precio: 150, 000 solesT. C. 3. 70Tipo de cambio referencial, sujeto a variación diaria por fluctuación del mercado|https://www.adondevivir.com/propiedades/clasificado/veclapin--en-venta!-lindo-departamento-en-el-condominio-145344866.html?n_src=Listado&n_pills=Seguridad&n_pg=2&n_pos=12|2026-03-18
adondevivir|departamentos|venta|Lima Este|San Juan de Lurigancho|"Jirón Las Rimarimas 2025
Las Flores, San Juan de Lurigancho"|S/ 304,380 · USD 89,000|304380|89000||60|"92 m² tot.
4 dorm.
2 baños"|92|4|2||¡ Aprovecha esta oportunidad departamento de Estreno! área 92m² en la Urb. Las Flores, San Juan de Lurigancho en estreno, ideal distribución con 4 dormitorios, acabados de primera y un diseño moderno. Una amplia sala y comedor con vista a la calle, una cocina americana y una lavandería independiente. Este departamento cuenta con servicios independientes de luz, agua con contómetro y gas Calidda. Agenda tu visita al 9. 2. 2. 2. 7. 2. 3. 6. 0 Verónica Chumpitaz. - Área de 92. 32m2. - 4to Piso escaleras. - 04 Dormitorios. - 02 Baños. - 1 ½ Baño. - Vista externa. - Cocina con muebles altos y bajos tipo americano. - Lavandería. - Conexión de gas natural. Precio: us$ 89, 990. Mantenimiento: S/ 60. 00|https://www.adondevivir.com/propiedades/clasificado/veclapin-venta-de-departamento-area-de-92-mt-san-juan-de-149187329.html?n_src=Listado&n_pills=%C3%81rea+de+lavander%C3%ADa&n_pg=2&n_pos=13|2026-03-18
adondevivir|departamentos|venta|Lima Este|San Juan de Lurigancho|"Calle 13, San Juan De Lurigancho
Campoy, San Juan de Lurigancho"|S/ 157,500 · USD 45,000|157500|45000|||"55 m² tot.
3 dorm.
1 baño"|55|3|||Oportunidad Unica! Se vende departamento en Campoy, ubicado en zona tranquila y de fácil acceso a avenidas principales, colegios, supermercados y transporte público. Zona residencial en crecimiento con alta valorización, Ubicación estratégica con rápida conexión a la Av. CircunvalaciónCaracterísticas- Area 55 mt2- 3 Habitaciones amplias- 1 Baño- Sala comedor con vista externa- Cocina con muebles altos y bajos-Ubicado en el segundo piso sin ascensor-Edificio seguro y de fácil acceso. -Sin cochera (ideal si te mueves en transporte público, bici o apps) -Mantenimiento de 50 soles-Cuenta con instalación de gas Calidda -Luz independienteContactame para agendar una visita!! T. C. 3. 50Tipo de cambio referencial, sujeto a variación diaria por fluctuación del mercado|https://www.adondevivir.com/propiedades/clasificado/veclapin-remate-departamento-en-campoy-oportunidad-unica-147935450.html?n_src=Listado&n_pg=2&n_pos=14|2026-03-18
adondevivir|departamentos|venta|Lima Este|San Juan de Lurigancho|"Jr. Contisuyo 617 Mz. F3 Lt. 41, Urb. Zarate, San Juan de Lurigancho
Zarate, San Juan de Lurigancho"|S/ 346,500 · USD 99,000|346500|99000|||"143 m² tot.
5 dorm.
2 baños
1 estac."|143|5|2|1|"Propiedad multifamiliar en venta – zárate | san juan de luriganchodoble ingreso | Medidores independientes | Alta rentabilidadExcelente oportunidad de inversión en una de las zonas más comerciales y mejor conectadas de San Juan de Lurigancho. Se vende primer piso dividido en dos departamentos totalmente independientes, ideal para generar renta inmediata o combinar vivienda y negocio. Zárate – San Juan de LuriganchoA solo minutos de los principales puntos comerciales y de transporte del distrito. datos generalesárea de terreno: 143. 67 m²Área construida: 112. 64 m²Medidores independientes de luz, agua y gas Cálidda en ambos departamentosdistribución – departamento 13 habitaciones1 baño completoCocina funcionalSala cómodaÁrea de lavanderíaCochera con proyección comercial, ideal para tienda o negociodistribución – departamento 22 habitaciones1 baño completoCocinaSalaÁrea de lavanderíaubicación estratégicazona altamente comercial y residencialCercano a bancos, tiendas, mercados y comercios importantesA solo 5 minutos del Mall de San Juan de LuriganchoA 5 minutos de la Estación del Tren Eléctrico Pirámide del SolExcelente conectividad y alta demanda de alquiler¿por qué esta propiedad es una gran inversión? Dos unidades independientes = doble fuente de ingresosServicios separados = gestión sencilla de alquilerCochera con uso comercial = valor agregadoZona de alta rotación y demanda constanteIdeal para inversionistas, familias o renta mixtaAgenda una visita y asegura un activo inmobiliario con rentabilidad comprobada en Zárate. Propiedades con estas características son escasas y se venden rápido. T. C. 3. 50Tipo de cambio referencial, sujeto a variación diaria por fluctuación del mercado"|https://www.adondevivir.com/propiedades/clasificado/veclapin-inversion-con-doble-rentabilidad:-primer-piso-con-2-149238325.html?n_src=Listado&n_pills=%C3%81rea+de+lavander%C3%ADa&n_pg=2&n_pos=15|2026-03-18
adondevivir|departamentos|venta|Lima Este|San Juan de Lurigancho|"Urbanizacion Los Pinos Mz H Lote 12
San Juan de Lurigancho, Lima"|S/ 238,000 · USD 68,000|238000|68000|||"72 m² tot.
2 dorm.
2 baños"|72|2|2||¡Vive donde todo te queda cerca en San Juan de Lurigancho! Si estás buscando comodidad, ubicación estratégica y un espacio ideal para tu familia, este departamento puede ser exactamente lo que estabas esperando. Ubicado en segundo piso y frente a un parque, disfrutarás de un entorno tranquilo y agradable para vivir. Además, se encuentra a pocos metros de la estación del tren Santa Rosa y a espaldas del hospital de Essalud, lo que te brinda conectividad, seguridad y acceso inmediato a servicios esenciales. Área: 72. 46 m² perfectamente distribuidos para aprovechar cada espacio. Distribución del departamento: Amplia sala comedor, ideal para compartir momentos en familiaCocina funcional con excelente iluminaciónBaño completoHabitación principal con baño privado para mayor comodidadHabitación secundariaAmbiente adicional perfecto como tercera habitación, home office o estudioDocumentación en reglaListo para transferir y mudarte sin complicacionesEste departamento combina ubicación, comodidad y valor, una oportunidad ideal para quienes desean vivir cerca de todo y con fácil acceso al transporte. Agenda tu visita hoy mismo y descubre tu próximo hogar. ¡Este puede ser el lugar donde comience tu nueva historia! T. C. 3. 50Tipo de cambio referencial, sujeto a variación diaria por fluctuación del mercado|https://www.adondevivir.com/propiedades/clasificado/veclapin-tu-nuevo-hogar-en-sjl:-ubicacion-privilegiada-frente-a-149238263.html?n_src=Listado&n_pg=2&n_pos=16|2026-03-18
adondevivir|departamentos|venta|Lima Este|San Juan de Lurigancho|"El Periodista al 200
San Juan de Lurigancho, Lima"|S/ 386,100 · USD 110,000|386100|110000|||"138 m² tot.
3 dorm.
2 baños"|138|3|2||Contacto: sandra mauriciocel: 9*5*2*6*5*2*4*1*4¡El espacio que tu familia merece está aquí, en Canto Grande! ¿Tienes una familia y quieres darle comodidad, seguridad e intimidad… en un lugar que sea realmente suyo? Este dúplex es perfecto para dar ese gran paso hacia la independencia que tanto soñaron dúplex moderno de 138. 49 m² Ubicado a solo pasos del Paradero 5 de Canto Grande y del futuro Mega Plaza, cerca de colegios, mercados y avenidas principales. Ideal para familias jóvenes, parejas que esperan su primer bebé o quienes buscan dejar atrás el alquiler y comenzar una nueva etapa en su propio hogar. Distribución inteligente y acogedora: 3er piso: Sala con doble altura, comedor y kitchenette integradosDormitorio principal con baño completoPatio central con luz natural 4to piso: 2 dormitorios, hall familiar, baño completo y lavandería ventilada Detalles que marcan la diferencia: - Muebles empotrados- Iluminación natural en todos los ambientes- Red para tv e internet- Agua con temporizador y medidor de luz independiente- Intercomunicador y acabados de primera- Listo para comprar con crédito hipotecario o al contado Un hogar pensado para crecer, compartir y vivir con libertad. No cuenta con ascensor Agenda tu visita hoy mismo y ven a conocer el espacio donde tu familia puede empezar su nueva historia. ¡Hazlo tuyo antes que alguien más lo reserve! contacto: sandra mauriciocel: 9*5*2*6*5*2*4*1*4id: 1*1*4*5*6*9*3|https://www.adondevivir.com/propiedades/clasificado/veclapin-duplex-en-san-juan-de-lurigancho-146876972.html?n_src=Listado&n_pills=%C3%81rea+de+lavander%C3%ADa&n_pg=2&n_pos=17|2026-03-18
adondevivir|departamentos|venta|Lima Este|San Juan de Lurigancho|"Akapana 1169
Mangomarca, San Juan de Lurigancho"|S/ 296,000 · USD 80,000|296000|80000|||"55 m² tot.
2 dorm.
1 baño"|55|2|||Descubre este amplio departamento en el 4to Piso en venta, perfecta para familias numerosas o como inversión para alquiler. Ubicada en el Jr. Akapana cuadra 11 Urb. Mangomarca sjl, con acceso a servicios básicos, parques, transporte público, colegios y centros comerciales. Características del Inmueble: Inmueble de 4 pisos con distribución independiente, ideal para vivienda multifamiliar o renta. dpto 4to piso (50 M2) - 2 habitaciones amplias bien iluminada, una con baño propio - Sala comedor- 1 Baño completo de Visitas- Cocina- Área de lavandería - Independizado- Servicio de Luz independiente- Servicio de Agua compartidaUbicación Estratégica: Cerca de colegios, mercados, bancos y transporte público, con acceso rápido a avenidas principales. Ideal para inversión con alta rentabilidad por alquiler de pisos independientes. Inversión de Toda la casa es de: $400, 000 mil dólares¡No dejes pasar esta oportunidad! Agenda tu visita hoy mismo y asegura tu inversión. Contáctame para más información. T. C. 3. 50Tipo de cambio referencial, sujeto a variación diaria por fluctuación del mercado|https://www.adondevivir.com/propiedades/clasificado/veclapin-tu-nuevo-hogar-en-mangomarca-sjl-te-espera-no-dejes-145991996.html?n_src=Listado&n_pills=%C3%81rea+de+lavander%C3%ADa&n_pg=2&n_pos=18|2026-03-18
adondevivir|departamentos|venta|Lima Este|San Juan de Lurigancho|"San Hilarion
San Juan de Lurigancho, Lima"|S/ 1,392,000 · USD 400,000|1392000|400000|||"422 m² tot.
8 dorm.
6 baños"|422|8|6||Se vende hermosa casa con 3 departamentos de estreno en san juan de lurigancho¡Increíble oportunidad de vivienda lista para entrega inmediata.! Ubicación privilegiada: - A pocos pasos de la Estación Los Postes, con acceso rápido a las principales avenidas. - Ubicado en una urbanización tranquila y residencial. - Inmueble con confort, diseño moderno y excelente distribución. - Todo a tu alcance mientras disfrutas de la tranquilidad de vivir en un espacio completamente nuevo. -Características de los departamentos: Departamentos independizados con intercomunicador por cada piso. 2do Piso – Área 148 m²: - Amplia sala comedor con vista externa, excelente iluminación y grandes ventanas. - Cocina con muebles altos y bajos. - Área de lavandería independiente. - 1 habitación principal con clóset empotrado y baño incorporado. - 1 habitación adicional con clóset. - 1 baño completo adicional. - Servicios básicos completos. - Gas natural Calidda instalado. -3er y 4to Piso – Área 137 m² (cada piso): - Cómoda sala comedor con vista externa e iluminación natural, ventana grande. - Moderna cocina con muebles altos y bajos. - Área de lavandería independiente. - 1 habitación principal con clóset empotrado y baño privado. - 2 habitaciones adicionales con clóset. - 1 baño completo adicional. - Servicios básicos completos. - Gas natural Calidda instalado. -Entorno ideal para tu familia: - Cerca de Metro, Tottus y Mall Aventura Plaza. - A 1 cuadra de Tottus. - Frente a parque con loza deportiva. - Cerca de colegios, centros médicos y bancos. - A pocas cuadras de supermercado Metro. - Cercano al Parque Zonal Wiracocha. - Documentación en regla – Inscrito en sunarp. - Departamentos de estreno – Entrega inmediata. - Solo tienes que mudarte y disfrutar. -¿Te interesa esta propiedad? Escríbeme para más información, fotos o para agendar una visita sin compromiso. Tu nuevo hogar te espera con las puertas abiertas. R. U. C Ver datos|https://www.adondevivir.com/propiedades/clasificado/veclapin--se-vende-hermosa-casa-con-3-departamentos-de-estreno-148065041.html?n_src=Listado&n_pills=Cuartos+de+servicio&n_pg=2&n_pos=19|2026-03-18
adondevivir|departamentos|venta|Lima Este|San Juan de Lurigancho|"Las Flores
San Juan de Lurigancho, Lima"|S/ 236,240 · USD 68,000|236240|68000|||"120 m² tot.
1 dorm.
1 baño"|120|1|||"¡ocasión única! Se vende departamento en zona exclusiva – urb. Las flores, S. J. L. Precio de oportunidad: $68, 000Área: 120 m² | Piso: 4-Ubicación privilegiada: Departamento ubicado en la exclusiva Urbanización Las Flores, una de las zonas más seguras, tranquilas y residenciales de San Juan de Lurigancho. Ideal para quienes buscan comodidad, accesibilidad y calidad de vida. -Entorno estratégico: A solo 2 cuadras del Instituto BritánicoA 5 minutos de la Estación Los JardinesCerca de Metro, Tottus y Mall Aventura PlazaRodeado de áreas verdes y cerca del Parque Zonal WiracochaCerca a colegios Innova Schools, Camino Brent, etc. Cerca a bancos, lozas deportivas y mercados-Características del departamento: Área Total: 120 m² | Área construida: 55 m²Área libre: 65 m² (libre para construir y ampliar a su gusto) 1 habitaciónSala – comedor bien iluminadaCocina funcional1 baño completoÁrea de lavandería independienteExcelente iluminación y ventilación natural-Documentación en regla – Inscrito en sunarplisto para entrega inmediata-¿Te interesa esta propiedad? Contáctame para más información o para agendar una visita sin compromiso. Tu nuevo hogar te espera en la mejor zona de S. J. L. R. U. C Ver datos"|https://www.adondevivir.com/propiedades/clasificado/veclapin--ocasion-unica!-se-vende-departamento-en-zona-148064982.html?n_src=Listado&n_pills=%C3%81rea+de+lavander%C3%ADa&n_pg=2&n_pos=20|2026-03-18
adondevivir|departamentos|venta|Lima Este|San Juan de Lurigancho|"Calle Roma Mz M2 Lote 03 Urb. Horacio Zevallos San Juan de Lurigancho
San Juan de Lurigancho, Lima"|S/ 662,000 · USD 180,000|662000|180000|||"200 m² tot.
3 dorm.
2 baños
2 estac."|200|3|2|2|Se vende una casa de 2 pisos en la calle roma urbanizacion horacio zevallos en san juan de lurigancho. muy centrica, altura de la cuadra 15 de la avenida fernando wiesse, rodeada de centros comerciales, cerca A la estacion de tren bayobar. la casa de 126m2 de area de terreno, consta de 2 pisos: primer piso: sala comedor, cocina amplia con lavanderia, 1 baño completo, 2 estacionamientos. segundo piso: 3 dormitorios, 1 baño completo. documentacion saneada, no hipotecas ni gravamenes. el valor del inmueble es de $ 180, 000 negociables. para mayor informacion Y visitas contactar al 9. 9. 4. 9. 3. 8. 7. 5. 7 lourdes ramos. &quot; nuova inmobiliaria sac. &quot;|https://www.adondevivir.com/propiedades/clasificado/veclapin-casa-en-venta-en-san-juan-de-lurigancho-143123607.html?n_src=Listado&n_pills=%C3%81rea+de+lavander%C3%ADa&n_pg=2&n_pos=21|2026-03-18
adondevivir|departamentos|venta|Lima Este|San Juan de Lurigancho|"Campoy
Campoy, San Juan de Lurigancho"|S/ 207,295 · USD 63,000|207295|63000||180|"67 m² tot.
3 dorm.
2 baños"|67|3|2||Venta de Departamento CampoyC+O+N+T+A+C+T+O: 9+5+0+3+9+5+2+4+8Distribución y características: - 67 m² bien distribuidos- 3 dormitorios: -Dormitorio master con baño incorporado. - 2 Dormitorios comparte baño. - Sala - Comedor - Cocina y área de lavado cómodas. Áreas comunes: -Área de Parrilla -2 salónes para eventos - Portería - seguridad 24/7 - Ascensores para que llegar a casa sea siempre cómodo y fácil. Ubicado en San Juan de Lurigancho – Campoy, Cerca de: -Colegio Innova School -Tottus -Grifo a 2 cuadras-Polideportivo -Colegio La Sorbona Agenda tu visita!|https://www.adondevivir.com/propiedades/clasificado/veclapin-venta-de-departamento-en-san-juan-de-lurigancho-147407264.html?n_src=Listado&n_pills=Seguridad&n_pg=2&n_pos=22|2026-03-18
adondevivir|departamentos|venta|Lima Este|San Juan de Lurigancho|"Jirón Las Calendulas 538
Las Flores, San Juan de Lurigancho"|S/ 355,000 · USD 100,000|355000|100000|||"138 m² tot.
4 dorm.
1 baño"|138|4|||Vive en éste Exclusivo Departamento de 137. 50m2 en 2do piso frente al Parque La Amistad. Ubicado en Jirón Las Caléndulas cuadra 5 de Urbanización las flores de San Juan de Lurigancho, altura del paradero 2 de Avenida Las Flores de Primavera. A solo 5 minutos de las Estaciones de Tren Pirámide del Sol y Caja de Agua. La oportunidad de disfrutar desde una zona exclusiva próxima a todo lo que Ud. Y su familia se merecen. Distribución; • Amplia y muy iluminada Sala/Comedor con vista al parque. • Moderna Cocina con tablero en granito. • Amplio Dormitorio principal con vista al parque. • 3 amplios Dormitorios secundarios. • 1 Renovado Baño completo compartido por los dormitorios con zona de Lavandería. Además cuenta con Gas Cálidda ya instalada. Precio negociable; us$ 100, 000. 00 dólares americanos.|https://www.adondevivir.com/propiedades/clasificado/veclapin-vive-en-urb.-las-flores-de-sjl!.depa-de-137.5-m-sup2-147695227.html?n_src=Listado&n_pills=%C3%81rea+de+lavander%C3%ADa&n_pg=2&n_pos=23|2026-03-18
adondevivir|departamentos|venta|Lima Este|San Juan de Lurigancho|", Los Angeles S/N, San Juan de Lurigancho 15457, Perú
San Juan de Lurigancho, Lima"|S/ 220,500 · USD 61,938|220500|61938||150|"60 m² tot.
2 dorm.
2 baños"|60|2|2||¡Vive cómodo, seguro y con una gran vista! Se vende moderno departamento de 60 m², ubicado en el piso 13 de un condominio con excelentes áreas comunes y vigilancia permanente. Distribución: 2 habitaciones con buena iluminación. 2 baños completos. Cocina cerrada - Área de lavandería. Detalles del condominio: 3 ascensores por torre. Áreas comunes: zona de parrillas y salón de reuniones. Seguridad 24/7 y control de accesos. Mantenimiento: S/ 150 (incluye agua y mantenimiento de áreas comunes) Antigüedad: 7 años. Documentación completa, con hipoteca vigente (apto para compra al contado o con crédito hipotecario) Ubicado en la Urb. Campoy – San Juan de Lurigancho, cerca de colegios, mercados, bancos y avenidas principales. Para más información o agendar una visita, contáctame por interno.|https://www.adondevivir.com/propiedades/clasificado/veclapin-venta-de-departamento-en-piso-13-condominio-las-147092262.html?n_src=Listado&n_pills=Seguridad&n_pg=2&n_pos=24|2026-03-18
adondevivir|departamentos|venta|Lima Este|San Juan de Lurigancho|"427 Jr. Chinchaysuyo
Zarate, San Juan de Lurigancho"|S/ 219,000|219000||||"59 m² tot.
3 dorm.
1 baño"|59|3|||Urb. Zarate. piso: 2. área: 59 m² Vista interna. distribución. 1 Sala comedor con buena iluminación. 1 cocina con muebles altos y bajos. 3 Habitaciones con buena ventilación y iluminación natural. 1 Baño completo. 1 Medio baño. Zona de tendal en el 5to piso. 1 Habitación con closet empotrado. Área de lavandería. Precio: 219 mil soles ligeramente negociables. Documentos: título de propiedad, listo para crédito hipotecario o recursos propios. Ubicado entre el Jr. Chinchaysuyo y Jr. Tiahuanaco, a pocos pasos del Parque Ciro Alegría, 5 minutos del Mall Aventura, 7 minutos de puente nuevo, cerca de colegios, restaurantes, institutos, centros comerciales y mas. Agenda tu visita al: 9-4-1-1-3-8-5-9-1. 9-4-4-2-7-3-0-5-9. lima house inmobiliaria|https://www.adondevivir.com/propiedades/clasificado/veclapin-venta-de-departamento-en-san-juan-de-lurigancho-148170441.html?n_src=Listado&n_pills=Guardian%C3%ADa%2FSeguridad+privada&n_pg=2&n_pos=25|2026-03-18
adondevivir|departamentos|venta|Lima Este|San Juan de Lurigancho|"El Periodista al 100
San Juan de Lurigancho, Lima"|S/ 122,850 · USD 35,000|122850|35000|||"47 m² tot.
1 dorm.
1 baño"|47|1|||Contacto: sandra mauricio cel: 9*5*2*6*5*2*4*1*4 ¡Tu espacio ideal está aquí! Perfecto para empezar tu independencia con estilo Te presentamos este Flat moderno de 46. 67? m², ubicado en el 4° piso, con una distribución práctica y acogedora, diseñado para quienes buscan comodidad, buena ubicación y privacidad. Distribución inteligente: Sala comedor con excelente iluminación naturalKitchenette integrada para aprovechar cada rincón1 dormitorio acogedor con vista interior y hacia la avenidaBaño completo modernoLavandería ventilada Equipado con todo lo que necesitas: - Intercomunicador-Red para tv e internet- Agua con temporizador- Medidor de luz independiente- Acabados de primera calidad- Excelente iluminación y ventilación natural en todos los ambientes Ubicado cerca del Paradero 5 y del futuro Mega Plaza – excelente zona, tranquila, con colegios, mercados y acceso directo a toda Lima. Ideal para: Jóvenes que buscan su primera viviendaParejas que inician su vida juntosNo tiene ascenso Listo para comprar con crédito hipotecario o al contado. ¡Agenda tu visita hoy mismo! Este flat puede ser tuyo y el inicio de una vida con total independencia y bienestar. contacto: sandra mauriciocel: 9*5*2*6*5*2*4*1*4id: 1*1*4*5*7*0*7|https://www.adondevivir.com/propiedades/clasificado/veclapin-departamento-en-san-juan-de-lurigancho-146876229.html?n_src=Listado&n_pills=%C3%81rea+de+lavander%C3%ADa&n_pg=2&n_pos=26|2026-03-18
adondevivir|departamentos|venta|Lima Este|San Juan de Lurigancho|"jiron kotosh 1218
Mangomarca, San Juan de Lurigancho"|S/ 270,000 · USD 75,900|270000|75900|||"86 m² tot.
3 dorm.
1 baño"|86|3|||Se vende departamento en tercer piso en mangomarca - Área 86m2. Sala y Comedor, Cocina con muebles altos y bajos, 3 dormitorios con closet, Baño completo, Lavandería. Ubicado en la mejor zona de sjl, paralela a la av Las Lomas cuadra 12, zona con seguridad, cerca a colegios, a avenidas, iglesia, mercado, a 5 minutos del nuevo Mall aventura Plaza sjl.|https://www.adondevivir.com/propiedades/clasificado/veclapin-vendo-departamento-en-mangomarca-143291530.html?n_src=Listado&n_pills=%C3%81rea+de+lavander%C3%ADa&n_pg=2&n_pos=27|2026-03-18
adondevivir|departamentos|venta|Lima Este|San Juan de Lurigancho|"2398 Av. El Santuario
Mangomarca, San Juan de Lurigancho"|S/ 280,000 · USD 78,000|280000|78000|||"85 m² tot.
3 dorm.
2 baños"|85|3|2||Urb: mangomarca. Área: 86 m2. tercer y cuarto piso. distribución. Primera planta. 2 habitaciones amplias. 1 habitación principal con closet. 1 Cocina. 1 Sala comedor. 2 baños completos. Segunda planta. 1 Habitación. 1 Cuarto de servicio. Área de lavandería. Precio: 78 mil dolares negociables. Documentación en regla, título de propiedad listo para crédito hipotecario o recursos propios. Ubicado a 3 cuadras del Centro de Salud Mangomarca. A 2 cuadras del Parque Villa Mangomarca, 10 minutos del mall aventura y la estación de tren Pirámide del Sol, y más. Agenda tu visita al: 9-4-1-1-3-8-5-9-1. 9-4-4-2-7-3-0-5-9. lima house inmobiliaria|https://www.adondevivir.com/propiedades/clasificado/veclapin-venta-de-departamento-duplex-en-san-juan-de-lurigancho-146963461.html?n_src=Listado&n_pills=%C3%81rea+de+lavander%C3%ADa&n_pg=2&n_pos=28|2026-03-18
adondevivir|departamentos|venta|Lima Este|San Juan de Lurigancho|"Mz J lote 2 Los Pinos
Los Pinos, San Juan de Lurigancho"|S/ 287,100 · USD 87,000|287100|87000||50|"98 m² tot.
3 dorm.
2 baños"|98|3|2||Si lo que buscas es una inversión inteligente o simplemente un lugar perfecto para comenzar una nueva etapa de vida, este departamento tiene todo lo que necesitas. Amplio departamento con acabados modernos que combinan confort con elegancia, estratégicamente ubicados. 3er piso: Sala comedor amplio. 3 dormitorios. 2 baños completos. ¡Contáctanos para agendar una visita o recibir más fotos del inmueble!|https://www.adondevivir.com/propiedades/clasificado/veclapin-departamento-en-venta-3er-piso-san-juan-de-lurigancho-148254674.html?n_src=Listado&n_pills=%C3%81rea+de+lavander%C3%ADa&n_pg=2&n_pos=29|2026-03-18
adondevivir|departamentos|venta|Lima Este|San Juan de Lurigancho|"Av. El Santuario 2450,
San Juan de Lurigancho, Lima"|S/ 246,260 · USD 70,360|246260|70360|||"65 m² tot.
2 dorm.
2 baños"|65|2|2||Descubre la comodidad y la practicidad en este encantador mini departamento en el piso 5, 501, de la Av. Santuario 2450! Este acogedor hogar ofrece todo lo que necesitas para vivir cómodamente en un espacio funcional y bien distribuido. Características destacadas: - Dos habitaciones, perfectas para adaptarse a tus necesidades de espacio y privacidad. - Dos baños completos, diseñado con atención a los detalles para tu comodidad. - Cocina integrada, que maximiza el espacio y facilita la preparación de tus comidas favoritas. - Sala comedor acogedora, ideal para relajarte y disfrutar de momentos especiales con tus seres queridos. - Lavandería integrada, para hacer tus tareas del hogar de manera conveniente. - Con 69m2, este mini departamento ofrece un espacio compacto pero funcional para una vida cómoda. Ubicado en una zona privilegiada, este mini departamento es perfecto para aquellos que buscan comodidad y practicidad en un hogar acogedor. ¡No dejes pasar esta oportunidad! Contáctanos hoy mismo para programar una visita y hacer realidad el sueño de vivir en este encantador espacio. T. C. 3. 50Tipo de cambio referencial, sujeto a variación diaria por fluctuación del mercado|https://www.adondevivir.com/propiedades/clasificado/veclapin-se-vende-departamento-sjl-146289522.html?n_src=Listado&n_pills=%C3%81rea+de+lavander%C3%ADa&n_pg=2&n_pos=30|2026-03-18
adondevivir|departamentos|venta|Lima Este|San Juan de Lurigancho|"Urb. LOS Jazmines
San Juan de Lurigancho, Lima"|S/ 191,950 · USD 55,000|191950|55000|||"67 m² tot.
2 dorm.
1 baño"|67|2|||¡Excelente oportunidad de compra en San Juan de Lurigancho, Urb. Los Jazmines!. - Ubicación: A espaldas de la Clínica San Miguel, cerca del Parque José Carlos Mariátegui, estación San Martín del tren 1 y mercado 10. - Área: 67m2 (tercer nivel) Descripción: - Sala-comedor- 2 habitaciones- 1 baño- Lavandería en quinto pisoVentajas: - Ubicación estratégica cerca de centros comerciales, colegios y transporte público. - Acceso a avenidas importantes como Canto Grande, Av. Polonia y Próceres de la Independencia. Ideal para: - Familias que buscan un departamento cerca de centros educativos y comerciales. - Inversores que buscan una propiedad con potencial de renta. - Personas que trabajan cerca de la zona y buscan un lugar conveniente para vivir¿Te interesa esta propiedad? ¡Agenda tu visita ahora! Giuliana Alcántara – Agente Inmobiliaria Lima|https://www.adondevivir.com/propiedades/clasificado/veclapin-departamento-en-san-juan-de-lurigancho-149119243.html?n_src=Listado&n_pills=%C3%81rea+de+lavander%C3%ADa&n_pg=3&n_pos=1|2026-03-18
adondevivir|departamentos|venta|Lima Este|San Juan de Lurigancho|"Jiron Los Tordos 19
San Juan de Lurigancho, Lima"|S/ 288,575 · USD 85,000|288575|85000|||"106 m² tot.
3 dorm.
3 baños"|106|3|3||Contacto: Arq. Marilyn Ramirez 901*541*966Venta de Departamento4to Piso + AiresSan Juan de LuriganchoPrecio de oportunidad: $85, 000 dólaresHermoso departamentoArea: 90. 38 m² + Aires4to Piso: 3 Dormitorios2 BañosSala ComedorCocinaSala de EstarAires: AzoteaLavanderíaUbicación estratégica: -A la espalda de Av. Lurigancho-A sólo una cuadra del mall Aventura San Juan de Lurigancho. -A dos cuadras de la estación del metro Pirámide del Sol. -Cerca de supermercados, colegios y oficinas. Apto crédito hipotecarioMantenimiento S/ 0. 00Documentación en reglaContáctame y agenda tu visita! Contacto: Arq. Marilyn Ramirez 901*541*966|https://www.adondevivir.com/propiedades/clasificado/veclapin-venta-de-departamento-aires-en-piso-4-147982776.html?n_src=Listado&n_pills=%C3%81rea+de+lavander%C3%ADa&n_pg=3&n_pos=2|2026-03-18
adondevivir|departamentos|venta|Lima Este|San Juan de Lurigancho|"AV. Bernardo DE Balaguer al 100
Los Jardines De Ñaña, San Juan de Lurigancho"|S/ 223,780 · USD 67,000|223780|67000|||"71 m² tot.
3 dorm.
2 baños
1 estac."|71|3|2|1|Lelis gongora9+8+4+9+7+8+2+9+7id Ver datosdepartamento en venta – el encanto de ñaña, san juan de luriganchodescubre este acogedor y funcional departamento ubicado en un moderno condominio de San Juan de Lurigancho – Ñaña, ideal para familias que buscan comodidad, seguridad y excelentes áreas comunes. Características del departamento• Área total: 71. 04 m²• Antigüedad: 10 años• Piso: 7 (con ascensor) • Distribución: • 3 habitaciones iluminadas• 2 baños completos• Sala y comedor con buena ventilación• Cocina abierta de moderno estilo• Incluye cochera• Ubicado en condominio seguro y familiarÁreas comunes del condominio• Zona de parrilla• Gimnasio equipado• Piscina• Cancha de fútbol• Espacios amplios para recreación y descansoBeneficios de la ubicaciónSituado dentro del reconocido condominio, una zona tranquila, segura y con acceso rápido a servicios y transporte. • Fácil acceso a vías principales• Cerca de comercios, colegios y áreas verdes• Zona de clima cálido y agradable• Perfecto para vivir lejos del ruido, pero cerca de todo lo necesario|https://www.adondevivir.com/propiedades/clasificado/veclapin-departamento-en-los-jardines-de-nana-149243971.html?n_src=Listado&n_pills=Piscina&n_pg=3&n_pos=3|2026-03-18
adondevivir|departamentos|venta|Lima Este|San Juan de Lurigancho|"Calle Las Hiedras 775, Los Jazmines
Los Jazmines, San Juan de Lurigancho"|S/ 514,750 · USD 145,000|514750|145000|||"184 m² tot.
4 dorm.
3 baños
2 estac."|184|4|3|2|Se vende departamento de tres habitacioness ubicado en la Urb. Los Jazmines, Calle Las Hiedras Cdra. 7, a espaldas de la Clinica San Miguel y sólo 4 minutos de la Estación San Martín de la Línea 1. La zona cuenta con todo tipo de comercio alrededor, Supermercado Metro, Parques y Centros Médicos. Adicional cuenta con un 1 mini departamento con ingreso independiente y una cochera hasta para 2 autos. La distribución es la siguiente: - Hall de ingreso de ingreso amplio. - Sala Comedor. - 3 habitaciones (1 de ellas con baño) para remodelar. - 1 baño completo. - Cocina con espacio para comedor de diario. - Lavandería. - Mini departamento con ingreso independiente que cuenta con cocina, sala de estar, baño, habitación amplia y patio. - Cochera para dos autos. La casa cuenta con at: 172m2 y ac: 184m2. Documentación en regla; inscrito en Sunarp|https://www.adondevivir.com/propiedades/clasificado/veclapin-vendo-departamento-1er-piso-mini-depa-cochera-en-142615943.html?n_src=Listado&n_pills=Cerca+a+colegios&n_pg=3&n_pos=4|2026-03-18
adondevivir|departamentos|venta|Lima Este|San Juan de Lurigancho|"Av Santuario 2368
Mangomarca, San Juan de Lurigancho"|S/ 370,000 · USD 104,800|370000|104800|||"110 m² tot.
3 dorm.
2 baños"|110|3|2||Vendo amplio Y moderno departamento en la mejor zona de mangomarca. 105, 000 dolares negociable. Un departamento por piso con ascensor, vista exterior, con excelente distribución y buena iluminación. Ubicado en la mejor zona de mangomarca, cerca de colegios, iglesia, mercado y el nuevo Mall Aventura sjl. El departamento cuenta con una moderna arquitectura, muy buenos acabados, estructura sismo resistente y con conexión de gas natural. Exclusivo edificio multifamiliar cuenta con ascensor y portero eléctrico con cámara. Distribución: - Sala amplia con vista al exterior. - Comedor. - Cocina con conexión de gas natural, con muebles de melamina altos y bajos. - 01 Habitación principal muy amplia con walking closet y baño privado. - 01 Segunda habitación amplia con closet con cajonería. - 01 Tercera habitación amplia con closet. - 01 baño completo que comparten las dos habitaciones. - 1/2 baño de visita. - Lavandería con conexión de gas y con buena ventilación. Agenda tu visita y conoce tu nuevo hogar! 9. 4. 0. 2. 5. 2. 6. 2. 6. Saby Melendez. Agente Inmobiliaria. Código Ver datos pn mvcs|https://www.adondevivir.com/propiedades/clasificado/veclapin-vendo-departamento-en-mangomarca-110-m-sup2--3dorm-147565353.html?n_src=Listado&n_pills=%C3%81rea+de+lavander%C3%ADa&n_pg=3&n_pos=5|2026-03-18
adondevivir|departamentos|venta|Lima Este|San Juan de Lurigancho|"Mz k1 Lote 15 Urb. Los Pinos
Los Pinos, San Juan de Lurigancho"|S/ 324,070 · USD 95,000|324070|95000|||"85 m² tot.
2 dorm.
2 baños"|85|2|2||Oscar Rojas 959/708/668Ubicado frente a un parque a 5 Mnts de la Estación del tren San MartinNo pierdas esta gran oportunidad!! Cocina amoblada con reposteros en la parte alta y baja, piso de mayolica1 hab con baño privado con terma, walk in closet1 amplia habitación con vista a la calle1 baño completo con termaAmplia sala - comedor, piso laminadoPuerta de ingreso frente al parque y muy cerca de la Av. Polonia y WiesseCerca de Colegios Particulares y nacionales, de facil acceso a 5 mnts de hospitales y clínicas. Contáctanos!!|https://www.adondevivir.com/propiedades/clasificado/veclapin-venta-de-hermoso-departamento-en-los-pinos-sjl-148874464.html?n_src=Listado&n_pg=3&n_pos=6|2026-03-18
adondevivir|departamentos|venta|Lima Este|San Juan de Lurigancho|"Pasaje jose maria arguedas 174
Chacarilla De Otero, San Juan de Lurigancho"|S/ 246,000 · USD 73,000|246000|73000|||"115 m² tot.
4 dorm.
2 baños"|115|4|2||Venta Departamento en Zarate. Vendo Departamento Dúplex en Urb. Chacarilla de Otero, pasaje José María Arguedas 174 a una cuadra de la av. Próceres de la Independencia, a solo minutos del Mall San Juan de Lurigancho, estación Pirámide o Caja de Agua, parques, colegio, mercado y a minutos del teatro Municipal. Área total 115. 41m. Distribución: 2do piso 76. 70m. Sala. Comedor. Cocina cerrada. Baño completo. 2 Habitaciones. Lavandería. 3er piso 38. 71m. 1 Habitación. 1 Habitación (acondicionada como cocina actualmente) 1 baño. Documentacion en regla y listo para la venta. Precio $74, 000 Dólares negociable. Agende una visita. *9*4*0*2*5*2*6*2*6* Saby Melendez|https://www.adondevivir.com/propiedades/clasificado/veclapin-vendo-departamento-duplex-zarate-146673631.html?n_src=Listado&n_pills=%C3%81rea+de+lavander%C3%ADa&n_pg=3&n_pos=7|2026-03-18
adondevivir|departamentos|venta|Lima Este|San Juan de Lurigancho|"Los Eucaliptos Mz.P1 - Lt.15
San Juan de Lurigancho, Lima"|S/ 275,200 · USD 80,000|275200|80000|||"130 m² tot.
3 dorm.
2 baños"|130|3|2||Amplio segundo piso con aires en Urb. Las Casuarinas – San Juan de Lurigancho. Se vende espaciosa propiedad ubicada en segundo piso, con 130 m² de área construida, además de 130 m² de aires, sumando 260 m² en total. Una excelente oportunidad para quienes buscan amplitud y potencial de crecimiento. Distribución del segundo piso (130 m²) Sala–comedor amplia con vista a la calle, muy iluminada y cómoda para compartir en familia. Cocina de muy buen tamaño, con ventilación e iluminación natural. ️ 3 dormitorios amplios, ideales para el descanso y con buen espacio para mobiliario. ️ Gran ambiente adicional, perfecto para una segunda sala, sala de estar, estudio o área de entretenimiento. 2 baños completos, bien distribuidos para mayor comodidad. Zona independiente de lavandería, práctica y ventilada. Cuenta con conexión a gas cálida. # Aires (130 m²) La propiedad cuenta con 130 m² de aires, el mismo metraje que el segundo piso, lo que brinda gran potencial para construir un tercer nivel, una amplia terraza, zona social o incluso otro departamento. *Ubicación: * Situada en la *Urb. Las Casuarinas, San Juan de Lurigancho*, en una zona residencial con fácil acceso a todo tipo de servicios: parques, restaurantes, farmacias, bodegas y comercios. Además, se encuentra *a solo 10 minutos de la Estación San Martín del tren y del supermercado metro e hiraoka*, lo que facilita la movilidad y las compras diarias. Condiciones de venta: * La propiedad se vende *por acciones Y derechos*. * Se transfiere el *70% de la propiedad (260 m²) *. * *Venta solo al contado o mediante préstamo personal* (no aplica crédito hipotecario). Una propiedad con *amplios espacios y excelente proyección*, ideal para vivienda o inversión.|https://www.adondevivir.com/propiedades/clasificado/veclapin-venta-de-260-m-sup2--amplio-segundo-piso-aires-san-149272986.html?n_src=Listado&n_pills=%C3%81rea+de+lavander%C3%ADa&n_pg=3&n_pos=8|2026-03-18
adondevivir|departamentos|venta|Lima Este|San Juan de Lurigancho|"Jiron LAS Escarchas
San Juan de Lurigancho, Lima"|S/ 529,250 · USD 145,000|529250|145000|||"165 m² tot.
2 dorm.
2 baños"|165|2|2||Vendo dpto - 1er piso - 2 dormitorios – ur. San hilarión - sjl Vendo dpto. En el Jr. Las Escarchas 482. Urbanización San Hilarión, 1era Etapa. Distrito de San Juan de Lurigancho, provincia y departamento de Lima. Detalles - Dormitorios: 2 - Baños: 2 - Piso: 1er piso - Área total: 164. 47 m2. - Área ocupada: 123. 90 m2. - Área libre: 40. 57 m2. - Antigüedad: 15 años descripcion: - Sala y comedor muy amplio - 2 dormitorio con baño compartido - Cocina cerrada con muebles altos y bajos - Área de lavandería - Vista exterior - Terraza interior y jardín muy amplio. - Ingreso independiente el edificio: - Nro. De departamentos: 7 - Nro. De pisos: 7 - 1 departamento por piso - Ascensor: 1 (por instalar) - Se permiten mascotas ubicacion: - El dpto. Se encuentra entre el paradero Los Postes y San Carlos del Metro, línea 1 - Cerca de las avenidas Próceres de la Independencia. - A 1 cuadra de la avenida Jorge Basadre Este. -A 1 cuadra de la avenida San Hilarión Este. - A 1 cuadra del parque Chavín de Huántar. - A espalda del Colegio San Carlos. - Cerca de Bodegas, Mercados, Restaurantes. - Fácil acceso al transporte público y privado. Precio: - Departamento, us$ 145, 000 dólares americanos. - Medidor de luz independiente. - Medidor de agua independiente. - La propiedad se encuentra saneada, inscrita en Registros Públicos y con título de propiedad.|https://www.adondevivir.com/propiedades/clasificado/veclapin-vendo-dpto-1er-piso-164-m-sup2--urb.-san-hilarion-148311502.html?n_src=Listado&n_pills=%C3%81rea+de+lavander%C3%ADa&n_pg=3&n_pos=9|2026-03-18
adondevivir|departamentos|venta|Lima Este|San Juan de Lurigancho|"Urb. Huampani. Condominio Mirador DEL Golf. II Etapa. Dpto al 700
Chosica, San Juan de Lurigancho"|S/ 210,000 · USD 62,500|210000|62500|||"50 m² tot.
2 dorm.
1 baño"|50|2|||! Departamento en venta - en estreno - Ocasión Imperdible¡¿Buscas tu nuevo hogar en un condominio exclusivo rodeado de tranquilidad y naturaleza? En El Golf de Huampaní – Ñaña te espera un departamento de estreno con diseño moderno. Ubicación Privilegiada: Disfruta de un clima soleado todo el año en ñaña. Inversión segura: Aprovecha la plusvalía en alza en esta zona de expansión, ideal para invertir (Plusvalía garantizada). Entorno dinámico: Departamento en ñaña, donde el sol y el crecimiento comercial crean un ambiente vibrante. El departamento consta de: - 2 dormitorios. - Escritorio o salita de estar- Sala–comedor- Baño completo- Cocina abierta- Lavandería independiente, el departamento trae therma instalada. areas comunes: Sala de eventos, estacionamiento (opcional), zona de parrilla. Cada bloque de departamentos, con puerta de seguridad con llave y/o clave. Por compra inmediata, recibe una refrigeradora nueva y práctica como obsequio. hasta el 15 de Abril 2026! ¡No dejes pasar esta oportunidad única de vivir en un condominio exclusivo! Contáctanos hoy mismo y agenda tu visita. El precio en dólares, solo es referencial.|https://www.adondevivir.com/propiedades/clasificado/veclapin-departamento-en-venta.-condominio-el-golf.-urb.-149195952.html?n_src=Listado&n_pills=Seguridad&n_pg=3&n_pos=10|2026-03-18
adondevivir|departamentos|venta|Lima Este|San Juan de Lurigancho|"Puruchuco 632
Mangomarca, San Juan de Lurigancho"|S/ 424,800 · USD 118,000|424800|118000|||"125 m² tot.
3 dorm.
2 baños"|125|3|2||"¿Buscas un departamento amplio, bien ubicado y listo para mudarte? Este lindo departamento en Mangomarca es la oportunidad perfecta para ti y tu familia. Se vende totalmente amoblado, los muebles vienen de regalo, es ideal para quienes quieren mudarse ya sin hacer cambios ni gastar en muebles. Cuenta con ambientes amplios, ventilación y una distribución moderna. Mangomarca es una zona tranquila, residencial y con excelente oferta de servicios. A pocos pasos de parques, colegios, Minimarket, centros comerciales, mercado, Av. Las Lomas y Av. El Santuario y acceso rápido a medios de transporte urbano y particular. Es una propiedad perfecta para familias que buscan espacio y comodidad, o para inversionistas que desean rentarla rápidamente. Descripcion: Área: 125 m² | Antigüedad: 9 años. Precio: usd 118, 000 (¡Se vende amoblado!) - precio negociable. Características que lo hacen único: 3 habitaciones amplias (la habitación principal con baño propio) Sala y comedor amplios, iluminados. Cocina tipo americana, amoblada y equipada. 1 baño de visitas. 1 baño completo compartido por 02 habitaciones. Zona de lavandería espaciosa. Conexión de gas natural. Incluye mobiliario – ¡listo para mudarte! Departamento ubicado en el 4to piso - sin ascensor. Contáctanos ahora y agenda tu visita con sgl Inmobiliaria. ¡Este departamento puede ser el hogar que estabas esperando!"|https://www.adondevivir.com/propiedades/clasificado/veclapin-venta-de-departamento-en-urbanizacion-mangomarca-147477776.html?n_src=Listado&n_pills=Cerca+a+colegios&n_pg=3&n_pos=11|2026-03-18
adondevivir|departamentos|venta|Lima Este|San Juan de Lurigancho|"Jirón Las Calendulas 542
Las Flores, San Juan de Lurigancho"|S/ 248,500 · USD 70,000|248500|70000|||"79 m² tot.
2 dorm.
1 baño"|79|2|||Vive en este Exclusivo Departamento de estreno a precio de ocasión. Con 2 dormitorios en 3er Piso, vista interior de 78. 90m2, frente al Parque La Amistad. Ubicado en Jirón Las Caléndulas cuadra 5 de Urbanización las flores de San Juan de Lurigancho, altura del paradero 2 de Avenida Las Flores de Primavera. A solo 5 minutos de las Estaciones de Tren Pirámide del Sol y Caja de Agua. La oportunidad de disfrutar desde una zona exclusiva próxima a todo lo que Ud. Y su familia se merecen. Distribución; • Amplia y muy iluminada Sala/Comedor. • Amplio Dormitorio principal. • 1 Dormitorio secundario. • 1 Baño completo compartido por los dormitorios. • Cocina no equipada. • Lavandería. Además cuenta con Gas Cálidda ya instalada. Precio ocasión; us$ 70, 000. 00 dólares americanos.|https://www.adondevivir.com/propiedades/clasificado/veclapin-ocasion-urb.-las-flores-sjl!-departamento-78.90-147695247.html?n_src=Listado&n_pills=Cerca+a+colegios&n_pg=3&n_pos=12|2026-03-18
adondevivir|departamentos|venta|Lima Este|San Juan de Lurigancho|"Ca. las Anémonas 813
Las Flores, San Juan de Lurigancho"|S/ 221,000 · USD 65,000|221000|65000|||"79 m² tot.
2 dorm.
1 baño"|79|2|||Urb. Las Flores. piso: 4 lado derecho. área: 78 m² antigÜedad: estreno. distribución: 2 Habitaciones amplias. 1 Cocina abierta. 1 Sala-comedor. 1 Baño completo. 1 Lavandería. Excelente iluminación y ventilación natural. Servicios: luz y agua independientes. Zona de tendal en el 5to piso. precio: 65 mil dolares negociables. Documentos: título de propiedad, listo para crédito hipotecario o recursos propios. Ubicado a espaldas del paradero 5 de la Av. Flores de Primavera, 4 minutos de la Estación Piramide de Sol y Mall Aventura, 5 minutos del Club Metropolitano Wiracocha y metro haciendo, cerca de colegios y mas. Agenda tu visita al: 9-4-1-1-3-8-5-9-1. 9-4-4-2-7-3-0-5-9. lima house inmobiliaria|https://www.adondevivir.com/propiedades/clasificado/veclapin-se-vende-departamento-de-estreno-en-san-juan-de-147379543.html?n_src=Listado&n_pills=Cerca+a+colegios&n_pg=3&n_pos=13|2026-03-18
adondevivir|departamentos|venta|Lima Este|San Juan de Lurigancho|"Los Amautas al 1100
Zarate, San Juan de Lurigancho"|S/ 134,064 · USD 39,900|134064|39900|||56 m² tot.|56||||Se vende departamento frente al parque A espalda de la av. Gran chimú - záratepreguntar por la Srta. Magda Agreda, por el código 1. 1. 5. 8. 4. 4. 5. La propiedad se encuentra en el 3er piso. Área: 56m²Cuenta con: -Una habitación. -Cocina. -Sala, Comedor. -Un baño. -Lavandería. El departamento se encuentra ubicado en la cuadra 11 a espaldas de la Av Gran chimúFrente al parqueA una cuadra de Malecón Checa a 3 minutos de Puente Nuevo. A 10 minutos al Mall. Cerca a mercados, colegios, farmacias, restaurantes, comisaría. Zona con muchos negocios. contáctame! agenda tu visitapreguntar por la Srta. Magda Agreda, por el código 1. 1. 5. 8. 4. 4. 5 Consultar con el Agente Inmobiliario encargado para mayor información Ver datos.|https://www.adondevivir.com/propiedades/clasificado/veclapin-se-vende-departamento-frente-al-parque-en-la-av-gran-147866794.html?n_src=Listado&n_pills=%C3%81rea+de+lavander%C3%ADa&n_pg=3&n_pos=14|2026-03-18
adondevivir|departamentos|venta|Lima Este|San Juan de Lurigancho|"Av. El Santuario 1643
San Juan de Lurigancho, Lima"|S/ 189,000 · USD 54,000|189000|54000|||"50 m² tot.
2 dorm.
1 baño"|50|2|||¡Descubre tu nuevo hogar en San Juan de Lurigancho! Te presentamos este acogedor departamento flat, ideal para quienes buscan comodidad y accesibilidad. Con una ubicación privilegiada en Av. El Santuario 1643, este departamento te ofrece la oportunidad de vivir cerca de todo lo que necesitas. Características del Departamento: -2 Habitaciones confortables para tu descanso. -1 Baño completo para la comodidad de tu familia. -Área Construida: 50. 61 m², perfectamente distribuidos. -Sala y comedor con espacio para crear memorias inolvidables. Pisos nuevos-Cocina lista para preparar tus platillos favoritos. Recien remodelada-Un hogar con historia. Ubicado en el corazón de San Juan de Lurigancho, estarás cerca de centros comerciales como Macro, a 5 minutos del Mall Aventura. A 10 min de Metro la hacienda y estacion del tren piramide del sol, parques, escuelas y todo lo necesario para tu día a día. No dejes pasar la oportunidad de vivir en un espacio cómodo y bien ubicado. ¡Este departamento flat es la elección perfecta para empezar una nueva etapa en tu vida! Vive en el lugar que siempre soñaste. Imagina tu vida aquí. Y hazlo realidad. T. C. 3. 50Tipo de cambio referencial, sujeto a variación diaria por fluctuación del mercado|https://www.adondevivir.com/propiedades/clasificado/veclapin-se-vende-departamento-145195105.html?n_src=Listado&n_pg=3&n_pos=15|2026-03-18
adondevivir|departamentos|venta|Lima Este|San Juan de Lurigancho|"Avenida Central & Jiron Educacion
San Juan de Lurigancho, Lima"|S/ 93,520 · USD 28,000|93520|28000|||"39 m² tot.
1 dorm.
1 baño"|39|1|||"Minidepartamento en Venta. 40 m² | Piso 5. ️ 1 dormitorio. Baño completo. Cocina abierta + sala bien distribuida. ️ Excelente iluminación natural. Mariscal Cáceres – San Juan de Lurigancho. Altura Av. Central con Jr. Educación. A unos minutos de la estación del tren. Cerca de mercados, colegios, restaurantes y más"|https://www.adondevivir.com/propiedades/clasificado/veclapin-minidepartamento-en-venta-san-juan-de-lurigancho-148603891.html?n_src=Listado&n_pg=3&n_pos=16|2026-03-18
adondevivir|departamentos|venta|Lima Este|San Juan de Lurigancho|"Av. El Santuario 2450
San Juan de Lurigancho, Lima"|S/ 245,000 · USD 70,000|245000|70000|||"69 m² tot.
2 dorm.
1 baño"|69|2|||¡Descubre la comodidad y la practicidad en este encantador mini departamento en el piso 5, 502, de la Av. Santuario 2450! Este acogedor hogar ofrece todo lo que necesitas para vivir cómodamente en un espacio funcional y bien distribuido. Características destacadas: -Dos habitaciones, perfectas para adaptarse a tus necesidades de espacio y privacidad. -Un baño completo, diseñado con atención a los detalles para tu comodidad. -Cocina integrada, que maximiza el espacio y facilita la preparación de tus comidas favoritas. -Sala comedor acogedora, ideal para relajarte y disfrutar de momentos especiales con tus seres queridos. - Lavandería integrada, para hacer tus tareas del hogar de manera conveniente. - Con 69m2, este mini departamento ofrece un espacio compacto pero funcional para una vida cómoda. Ubicado en una zona privilegiada, este mini departamento es perfecto para aquellos que buscan comodidad y practicidad en un hogar acogedor. ¡No dejes pasar esta oportunidad! Contáctanos hoy mismo para programar una visita y hacer realidad el sueño de vivir en este encantador espacio. T. C. 3. 50Tipo de cambio referencial, sujeto a variación diaria por fluctuación del mercado|https://www.adondevivir.com/propiedades/clasificado/veclapin-se-vende-departamento-sjl-145806713.html?n_src=Listado&n_pills=%C3%81rea+de+lavander%C3%ADa&n_pg=3&n_pos=17|2026-03-18
adondevivir|departamentos|venta|Lima Este|San Juan de Lurigancho|"Av. El Santuario 2450 dep 301
San Juan de Lurigancho, Lima"|S/ 451,500 · USD 129,000|451500|129000|||"131 m² tot.
3 dorm.
2 baños"|131|3|2||¡Bienvenido al departamento 301 en el tercer piso de la Av. Santuario 2450! Este encantador hogar te ofrece un ambiente acogedor y espacioso, ideal para disfrutar de la vida en la ciudad. Características destacadas: -3 habitaciones luminosas y confortables, perfectas para tu familia o invitados. -2 baños completos, uno de ellos en la habitación principal, brindándote comodidad y privacidad. - Una amplia sala comedor donde podrás compartir momentos especiales con tus seres queridos. - Una cocina funcional y bien equipada, lista para despertar tu creatividad culinaria. - Un estudio con vista a la calle, ideal para trabajar desde casa o para tus momentos de concentración. - Una práctica lavandería que facilitará tus tareas del hogar. Este departamento combina comodidad, funcionalidad y estilo en una ubicación privilegiada. ¡No dejes pasar la oportunidad de hacerlo tuyo! Contáctanos para programar una visita y descubrir todas las maravillas que tiene para ofrecerte. T. C. 3. 50Tipo de cambio referencial, sujeto a variación diaria por fluctuación del mercado|https://www.adondevivir.com/propiedades/clasificado/veclapin-se-vende-departamento-sjl-148349875.html?n_src=Listado&n_pills=%C3%81rea+de+lavander%C3%ADa&n_pg=3&n_pos=18|2026-03-18
adondevivir|departamentos|venta|Lima Este|San Juan de Lurigancho|"kalasasaya 1230
Mangomarca, San Juan de Lurigancho"|S/ 279,450 · USD 81,000|279450|81000|||"92 m² tot.
3 dorm.
1 baño"|92|3|||¡oportunidad única! Departamento en mangomarca – jr. Kalasasaya. Precio reducido – Ahora uno de los mejores precios de la zona en relación a su metraje y ubicación. No dejes pasar la oportunidad de adquirir un departamento amplio de 92 m², bien distribuido, en el 3er piso de un edificio familiar en Mangomarca. Características destacadas: Sala y comedor iluminados, con elegante piso de parquet. 3 dormitorios bastante amplios, mucho más grandes que la mayoría de ofertas de la zona. Baño con tina y acabados en mármol, diseñado para la comodidad de toda la familia. Cocina independiente, práctica y funcional. Escaleras de acceso anchas y funcionales, que facilitan la mudanza y el día a día. Azotea común con zona de lavandería y tendal, ideal para aprovechar cada espacio. Ubicación privilegiada: A solo 2 calles de la Av. Las Lomas, una de las principales vías de Mangomarca. Con un gran parque detrás del edificio, perfecto para recreación y paseos familiares. Colegios cercanos, a pocos minutos caminando. Mercado local a solo 2 cuadras, ideal para tus compras diarias. Tiendas y servicios de conveniencia al alcance de la mano. Beneficios adicionales: Precio ajustado, hoy uno de los más atractivos frente a propiedades similares de la zona. Único dueño, sin deudas ni hipotecas. Documentación en regla, inscrito en sunarp. Ubicado en una zona tranquila y de fácil acceso. Si buscas amplitud, comodidad y una inversión segura, este departamento es para ti. Jr. Kalasasaya – Mangomarca, San Juan de Lurigancho|https://www.adondevivir.com/propiedades/clasificado/veclapin-ocasion-venta-dep-3er-piso-mangomarca-147393317.html?n_src=Listado&n_pills=Cerca+a+colegios&n_pg=3&n_pos=19|2026-03-18
adondevivir|departamentos|venta|Lima Este|San Juan de Lurigancho|"Calle 1 con jiron Los Jazmines , Campoy. San Juan De Lurigancho.
Campoy, San Juan de Lurigancho"|S/ 270,000 · USD 61,500|270000|61500|||"76 m² tot.
3 dorm.
2 baños
4 estac."|76|3|2|4|*Venta de Departamentos en Preventa en San Juan de Lurigancho - Campoy* Contacto: . 9. 0. 7. 5. 0. 6. 0. 8. 7. Presentamos una excelente oportunidad de inversión en el distrito de San Juan de Lurigancho, en la zona de Campoy, a la espalda del Mercado San Miguel. Este proyecto inmobiliario se ofrece en preventa y consta de un moderno edificio de cinco pisos, diseñado para brindar comodidad y calidad de vida a sus residentes. *Características del Proyecto: * - *Departamentos disponibles de diferentes tamaños: * - *58 m²: * Ideal para parejas o personas que buscan un espacio funcional y cómodo. - *63 m²: * Perfecto para quienes requieren un poco más de espacio sin sacrificar la funcionalidad. - *75 m²: * El más amplio, ideal para familias que desean mayor amplitud y comodidad. Precios: S/240. 000 - S/250. 000 - S/270. 000 - S/290. 000. Tiempo de entrega: 2 meses. Adelanto: 15% Documentos en regla. *Adicionales: * - *Cocheras disponibles: * Además de los departamentos, se ofrecen cocheras para la comodidad de los propietarios, brindando seguridad y facilidad de acceso. - *Edificio de cinco pisos: * El edificio ha sido diseñado para garantizar la privacidad y la tranquilidad de los residentes, con modernos acabados y espacios funcionales. La zona de Campoy en San Juan de Lurigancho es conocida por su accesibilidad, cercanía a servicios básicos como colegios, centros de salud, y centros comerciales, lo que convierte a este proyecto en una opción atractiva para quienes buscan vivir en una zona en desarrollo con buena conectividad. *¡No pierdas la oportunidad de adquirir tu departamento en esta maravillosa ubicación! * Aprovecha las ventajas de la preventa y asegura tu nuevo hogar o una excelente inversión.|https://www.adondevivir.com/propiedades/clasificado/veclapin-preventa-sjl-campoy-departamentos-de-estreno.-145966939.html?n_src=Listado&n_pills=Cerca+a+colegios&n_pg=3&n_pos=20|2026-03-18
adondevivir|departamentos|venta|Lima Este|San Juan de Lurigancho|"Autopista ramiro priale
San Antonio De Carapongo, San Juan de Lurigancho"|S/ 180,000 · USD 53,412|180000|53412|||"86 m² tot.
3 dorm.
2 baños"|86|3|2||Departamento en segundo piso en la Urb. San Antonio de Carapongo en Lurigancho-Chosica. Cuenta con: 3 dormitorios (el principal con baño privado) 1 Baño de visitas. Amplia sala comedor, y sala de estar con vista a la calle. Cocina y Lavandería. Pisos de Porcelanato. Se encuentra a 50 mts de la Av. Ramiro Prialé, con facil acceso a transporte público. Contáctame para una visita.|https://www.adondevivir.com/propiedades/clasificado/veclapin-departamento-en-venta-en-segundo-piso-en-urb.-san-148212497.html?n_src=Listado&n_pills=%C3%81rea+de+lavander%C3%ADa&n_pg=3&n_pos=21|2026-03-18
adondevivir|departamentos|venta|Lima Este|San Juan de Lurigancho|"Los pinos
Los Pinos, San Juan de Lurigancho"|S/ 216,000 · USD 65,000|216000|65000||150|"64 m² tot.
2 dorm.
2 baños"|64|2|2||Vendo. san juan de lurigancho. departamento 64 metros. * no paga alcabala. * 2 Dormitorios. * Sala + Comedor. * Área de lavandería en la Terraza. * intercomunicador. * ascensor. * 7 pisos. * 14 departamentos. cerca de Colegios Centros Comerciales, y Estación del tren. Contacto. michelle oporto. teléfono: 9. 0. 3. 2. 7. 8. 2. 9 1.|https://www.adondevivir.com/propiedades/clasificado/veclapin-san-juan-de-lirigancho-$65-000-departamento-2-dorm.-147274629.html?n_src=Listado&n_pills=%C3%81rea+de+lavander%C3%ADa&n_pg=3&n_pos=22|2026-03-18
adondevivir|departamentos|venta|Lima Este|San Juan de Lurigancho|"482 Jirón Las Escarchas Urb. San Hilarión San Juan de Lurigancho
San Juan de Lurigancho, Lima"|S/ 450,000 · USD 125,000|450000|125000|||"151 m² tot.
4 dorm.
3 baños"|151|4|3||Vendo dpto - 2er piso - 4 dorm – ur. San hilarión - sjl Vendo dpto. En el Jr. Las Escarchas 482, (Mz P, Lote 6). Urbanización San Hilarión, 1era Etapa. Distrito de San Juan de Lurigancho, provincia y departamento de Lima. Detalles - Dormitorios: 4 - Baños: 3 - Piso: 2do piso - Área total: 151. 75 m2. - Área ocupada: 151, 75 m2. - Antigüedad: 15 años descripcion: - Sala y comedor amplio - 4 dormitorio. - 3 baños completos. - Cocina cerrada - Área de lavandería - Vista exterior. - Ingreso independiente el edificio: - Nro. De departamentos: 7 - Nro. De pisos: 7 - 1 departamento por piso - Ascensor: 1 (por instalar) - Se permiten mascotas ubicacion: - El dpto. Se encuentra entre el paradero Los Postes y San Carlos del Metro, línea 1 - Cerca de las avenidas Próceres de la Independencia. - A 1 cuadra de la avenida Jorge Basadre Este. A 1 cuadra de la avenida San Hilarión Este. - A 1 cuadra del parque Chavín de Huántar. - A espalda del Colegio San Carlos. - Cerca de Bodegas, Mercados, Restaurantes. - Fácil acceso al transporte público y privado. Precio: - Departamento, us$ 125, 000 dólares americanos. - Medidor de luz independiente. - Medidor de agua independiente. - La propiedad se encuentra saneada, inscrita en Registros Públicos y con título de propiedad.|https://www.adondevivir.com/propiedades/clasificado/veclapin-venta-de-dpto-2do-piso-152-m-sup2--urb.-san-148352723.html?n_src=Listado&n_pills=%C3%81rea+de+lavander%C3%ADa&n_pg=3&n_pos=23|2026-03-18
adondevivir|departamentos|venta|Lima Este|San Juan de Lurigancho|"Motupe
San Juan de Lurigancho, Lima"|S/ 134,750 · USD 38,500|134750|38500|||"60 m² tot.
2 dorm.
1 baño"|60|2|||¡Excelente oportunidad de inversión y vivienda! Se vende acogedor departamento ubicado en una zona segura y de fácil acceso en San Juan de LuriganchoIdeal para familias que buscan comodidad, tranquilidad y buena ubicación. El inmueble se encuentra en el primer piso, lo que brinda mayor accesibilidad y practicidad. Cuenta con una distribución funcional que aprovecha muy bien los espacios: Area de 60 m22 dormitorios bien iluminados1 baño completoSala y comedor con buena ventilaciónCocina con barra, moderna y prácticaUbicado cerca de transporte público, comercios, colegios y servicios esenciales. Precio: usd 38, 500Una excelente opción para vivir o invertir. ¡No dejes pasar esta oportunidad!|https://www.adondevivir.com/propiedades/clasificado/veclapin-oportunidad-unica:-departamento-en-primer-piso-en-sjl-148515103.html?n_src=Listado&n_pg=3&n_pos=24|2026-03-18
adondevivir|departamentos|venta|Lima Este|San Juan de Lurigancho|"Las Madreselvas 146
San Juan de Lurigancho, Lima"|S/ 27,097,000 · USD 79,000|27097000|79000|||"61 m² tot.
2 dorm.
2 baños"|61|2|2||¡Venta de lindo departamento en primer piso frente a parque – Urb. Los Jazmines, San Juan de Lurigancho! Se vende acogedor y funcional departamento en primer piso, ubicado frente al parque Hiromito, en la Urbanización Los Jazmines, una de las zonas más tranquilas y mejor ubicadas de San Juan de Lurigancho. Área techada: 57. 85m² Área ocupada: 61. 50m² Distribución: 2 habitaciones amplias. 2 baños completos (uno dentro del dormitorio principal) Sala-comedor. Cocina estilo americana. Lavandería. Pequeño patio frontal de uso exclusivo (por usos y costumbres) Ubicación privilegiada: Frente al Parque Hiromito, rodeado de áreas verdes y parques. Muy cerca de: Estación del tren Estación San Martín. Metro. Centros financieros, restaurantes. Colegios, academias y universidades del distrito. ️ Excelente iluminación natural: sol casi todo el año. Zona segura, tranquila y de alta demanda. No pierdas esta oportunidad de vivir o invertir en una de las mejores zonas de San Juan de Lurigancho. Contáctame ahora y agenda tu visita.|https://www.adondevivir.com/propiedades/clasificado/veclapin-venta-de-lindo-departamento-en-primer-piso-frente-a-149177942.html?n_src=Listado&n_pills=Cerca+a+colegios&n_pg=3&n_pos=25|2026-03-18
adondevivir|departamentos|venta|Lima Este|San Juan de Lurigancho|"Jr. Los Jazmines 264. San Juan de Lurigancho
San Juan de Lurigancho, Lima"|S/ 294,588 · USD 88,200|294588|88200|||"155 m² tot.
5 dorm.
2 baños"|155|5|2||Vendo departamento de 155M2 cerca estacion tren en sjl. Dirección: Urb. Los Jaminez, San Juan de Lurigancho. Contáctame 9. 9. 0. 4. 6. 8. 1. 5. 5. Características principales: - Duplex: 2do Piso, 3er Piso y azotea. - Área construida: 155 m² Área 2do Piso: 73. 50m2. Área 3er Piso: 80. 850m2. - ️ Habitaciones: 5. - Baños: 2. Descripción: Departamento tipo Duplex o puedes usarlo como dos departamentos ya que tien ingresos independientes para cada piso. Departamento funcional de 155 m², ideal para familia o para compartir. Espacios bien distribuidos que permiten aprovechar la luz natural y una circulación cómoda entre ambientes. El edificio solo cuneta con tres pisos y azotea que ofrece privacidad y buen mantenimiento general. Ventajas de la zona: - Ubicado a espalda de la Av. Canto Grande, con acceso a vías principales y servicios cercanos. - Entorno con comercios y opciones de transporte que facilitan la movilidad diaria. - A unos pasos del Parque Franciso de Asis. Documentacion en regla, lista para la venta. ¿Interesado en conocerlo? Solicita más información o agenda tu visita para comprobar personalmente su distribución y potencial.|https://www.adondevivir.com/propiedades/clasificado/veclapin-vendo-departamento-duplex-en-urb-jazmines-de-155-147832059.html?n_src=Listado&n_pills=%C3%81rea+de+lavander%C3%ADa&n_pg=3&n_pos=26|2026-03-18
adondevivir|departamentos|venta|Lima Este|San Juan de Lurigancho|"Los Acianos al 500
Las Flores, San Juan de Lurigancho"|S/ 290,700 · USD 85,000|290700|85000|||"90 m² tot.
2 dorm.
2 baños
1 estac."|90|2|2|1|Descubre este acogedor departamento en Las Flores, San Juan de Lurigancho. Con 90 m² de área techada, ofrece una distribución funcional y cómoda. La entrada cuenta con reja externa e interna, brindando seguridad adicional. Disfruta de una sala comedor amplia, cocina, 2 baños completos y 2 habitaciones. Además, dispone de lavandería con tendal y tragaluz, asegurando buena ventilación. El estacionamiento se ubica en la vereda frontal. Ubicado frente a un parque con canchas deportivas, el entorno es ideal para la recreación. La seguridad es prioritaria, con vigilancia 24/7 y acceso controlado. Su estratégica ubicación entre los paraderos 7 y 8 de Las Flores facilita el acceso al tren y centros comerciales en solo 5 minutos. Con todos los servicios básicos como agua, desagüe, electricidad e internet, este departamento es una excelente opción para quienes buscan comodidad y seguridad en el corazón de San Juan de Lurigancho. Sin hipotecas y sin costos de mantenimiento, es una oportunidad única. Medidor de Luz independiente, Acceso independienteEn la zona, no hay gas cállidaSe paga al edificio 30 soles por el aguaEdificio de 4 pisosSe paga al mes por seguridad, dentro del barrio cerrado, S/5. - para guardianía privadarapVer datosVer datos /@redpoint. com. peTelf: Ver datos / Ver datos|https://www.adondevivir.com/propiedades/clasificado/veclapin-departamento-en-san-juan-de-lurigancho-149166825.html?n_src=Listado&n_pills=Seguridad&n_pg=3&n_pos=27|2026-03-18
