fuente|inmueble|operacion|zona|distrito|direccion|precio|soles|dolares|variacion|mantenimiento|caracteristica|area|dormitorio|baños|estacionamientos|detalle|enlace|fecha
adondevivir|departamentos|alquiler|Lima Centro|Lima Cercado|"Calle Teodoro Cárdenas 214
Lima Cercado, Lima"|S/ 2,600 · USD 774|2600|774||320|"80 m² tot.
3 dorm.
2 baños"|80|3|2||Solo se alquila amoblado!! Solo se alquila amoblado!! Celular: 9. 6. 1. 8. 9. 1. 5. 2. 7 / Solicitar Video por WhatsApp. Se alquila lindo Departamento de 3 Dormitorios con walking closet, y cuenta con balcón en la sala y dormitorio, de area 80m2, ubicado en piso 14 vista panoramica, departamento bien ubicado muy cerca al Hospital Rebagliati a tan solo 2 cuadras, edificio muy buscado por personal Medico, cuenta con Linda areas comunes. Dirección: teodoro cardenas 214, . imite a lince. Edificio cuenta con gas Natural. Características: - 3 Dormitorios con camas. - 2 Baños completos. - Area 80m2. - Sala con Balcón. - cuenta con lavadora. - Cocina con Reposteros altos y bajos. - Cocina y Horno empotrado. - Ubicado piso 14 vista exterior. - terma y cocina a gas natural. - Mantenimiento S/. 320 incluye agua. - Inquilino paga arbitrios. Areas comunes: - Piscina. - Gimnasio. - 2 Zonas de parrillas. - Zona de juegos para Niños. - Sala de Reuniones. Condiciones: - Contrato mínimo 12 meses. - Previa evaluación a infocorp. - Demostrar sustento de ingresos (Boletas de pago) - Garantía 2x1|https://www.adondevivir.com/propiedades/clasificado/alclapin-se-alquila-departamento-amoblado-de-80-m-sup2--de-3-148910435.html?n_src=Listado&n_pills=Piscina&n_pg=1&n_pos=1|2026-02-23
adondevivir|departamentos|alquiler|Lima Centro|Lima Cercado|"Republica de Venezuela al 2500
Lima Cercado, Lima"|S/ 2,399|2399||||"73 m² tot.
3 dorm.
2 baños
1 estac."|73|3|2|1|Alquiler de moderno departamento en el corazón de Cercado de Lima, ubicado en Republica de Venezuela 2575, Piso 10, Con 73 m² de superficie techada, esta propiedad ofrece 3 dormitorios, 1 dormitorio de servicio y 2 1/2 baños, ideal para su comodidad y estilo de vida. La disposición al frente garantiza luminosidad y vistas despejadas. El edificio cuenta con 2 ascensores, facilitando el acceso. Disfrute de servicios completos como agua corriente, electricidad, Internet y cable. Entre las comodidades adicionales se incluyen gimnasio, parrilla, sala de juegos, lavandería, club house, zonas verdes y una recepción 24 horas. El departamento es apto para mascotas y dispone de armarios empotrados. La cercanía a servicios públicos y la disponibilidad de un estacionamiento cubierto hacen de este departamento una opción atractiva para quienes buscan comodidad en una ubicación céntrica.|https://www.adondevivir.com/propiedades/clasificado/alclapin-alquiler-departamento-de-estreno-03-dorm.-148924040.html?n_src=Listado&n_pills=Parrilla&n_pg=1&n_pos=2|2026-02-23
adondevivir|departamentos|alquiler|Lima Centro|Lima Cercado|"Avenida Tingo María 1048
Lima Cercado, Lima"|"S/ 1,900
5%"|1900||5%|220|"63 m² tot.
3 dorm.
2 baños"|63|3|2||Se alquila amplio y cómodo departamento ubicado en la Av. Tingo María, cruce con Av. Venezuela, en el Cercado de Lima límite con Breña. Zona estratégica, muy cerca de la Universidad upn, colegios, comercios y principales vías de acceso. Área: 64 m² Piso 5. Vista interna. 3 dormitorios. 2 baños (uno incorporado en el dormitorio principal) Sala – comedor. Cocina con reposteros altos y bajos. Cocina empotrada, horno, campana y terma. Gas natural. Áreas comunes del edificio: - Sala sum. Precio de alquiler: S/ 1900. Mantenimiento: S/ 220. Contrato mínimo: 1 año. Condiciones: 2 meses de garantía + 1 mes de adelanto. Ideal para familias, parejas o personas que busquen comodidad, buena ubicación y fácil acceso a todo.|https://www.adondevivir.com/propiedades/clasificado/alclapin-alquilo-acogedor-departamento-bien-ubicado-148785498.html?n_src=Listado&n_pills=%C3%81rea+de+lavander%C3%ADa&n_pg=1&n_pos=3|2026-02-23
adondevivir|departamentos|alquiler|Lima Centro|Lima Cercado|"Av. Oscar R. Benavides 1120
Lima Cercado, Lima"|S/ 1,700|1700|||100|"66 m² tot.
3 dorm.
2 baños"|66|3|2||"Alquiler | Departamento de Estreno en el Centro de Lima – Ubicación, comodidad y conectividad en un solo lugar️ Vive en el corazón de Lima, a pasos de la Plaza Dos de Mayo, en un departamento de estreno diseñado para quienes valoran la practicidad, el confort y una excelente conectividad. Ideal para familias o profesionales que desean estar cerca de todo sin renunciar a la tranquilidad y seguridad. Área: 66 m² | Piso: 17. Salida rápida al Aeropuerto Jorge Chávez y fácil acceso a transporte público, comercios, centros educativos y servicios esenciales. Características del departamento: ️ 3 habitaciones cómodas y bien iluminadas. ️ 2 baños completos. ️ Sala–comedor con vista externa, ideal para disfrutar de luz natural. ️ Cocina cerrada funcional. ️ Zona de lavandería cerrada. Áreas comunes pensadas para disfrutar en familia: ️ Parques internos. Juegos para niños. Zona de parrillas. Salón para niños. Sala de reuniones. Seguridad 24/7 para tu tranquilidad. Mantenimiento: aprox. S/ 100. Precio de alquiler: - Sin cochera: S/ 1, 700. Requisitos: - Sustento de ingresos. Una excelente oportunidad para vivir bien ubicado, con todo lo que necesitas a tu alcance. ¡Agenda tu visita y conoce tu próximo hogar!"|https://www.adondevivir.com/propiedades/clasificado/alclapin-alquiler-departamento-de-estreno-en-el-centro-de-148615740.html?n_src=Listado&n_pills=%C3%81rea+de+lavander%C3%ADa&n_pg=1&n_pos=4|2026-02-23
adondevivir|departamentos|alquiler|Lima Centro|Lima Cercado|"Av AREQUIPA 1388 - 10
Santa Beatriz, Lima Cercado"|S/ 1,600|1600|||120|"40 m² tot.
1 dorm.
1 baño"|40|1|||Alquilo mini departamento - santa beatriz- av. Arequipa cdra 13- alquilo mini departamento. piso 13. edificio de 20 pisos. 2 ascensores. area: 40 M2. sala comedor con vista A arenales. 1 dormitorio con closet. 1 baño completo incorporado. cocina abierta tipo kitchenette con reposteros altos Y bajos. lavanderia. no tiene cochera. areas comunes: piscina. sala de eventos. sala de reuniones. sala de internet. lavanderia. vigilancia 24 horas. mantenimiento 110 soles. no mascotas. no niños. alquiler: 1, 600 soles. contrato minimo 1 año. condiciones 2X1. Requisitos: no estar mal reportado en infocorp, sustento de ingresos.|https://www.adondevivir.com/propiedades/clasificado/alclapin-alquilo-mini-departamento-santa-beatriz-av-148864770.html?n_src=Listado&n_pills=Ascensor&n_pg=1&n_pos=5|2026-02-23
adondevivir|departamentos|alquiler|Lima Centro|Lima Cercado|"Calle Casapalca 1674 – Condominio Amauta
Lima Cercado, Lima"|S/ 1,550|1550|||160|"73 m² tot.
2 dorm.
2 baños"|73|2|2||Vive en un condominio seguro y completo, en una ubicación estratégica a un paso de Breña y Pueblo Libre, con acceso rápido a avenidas principales, mercados, bodegas y todo lo que necesitas para tu día a día. Ubicación: Calle Casapalca 1674 – Condominio Amauta. Referencia: Cdra. 22 de Prolongación Arica, altura fábrica Azaleia. precio de alquiler: S/ 1, 550. - Edificio de 20 pisos 16 dptos. Por piso. - Departamento disponible ubicado en el Tercer piso. - Cuatro ascensores. - Áreas comunes ideales para la familia: Parque interno, juego para niños, salón de eventos, zona de parrilla y piscina. - 73M2. - Sala Comedor con balcón. - Vista al parque del condominio. - kitchenette con muebles altos y bajos, horno y campana empotrada. - Lavandería. 02 Dormitorios. - Principal con baño propio, clóset espacio para cama Queen o de 2 plazas. - Dormitorio Secundario espacio para cama de 1½ o 2 plazas. - 2 baños en toda la propiedad, baño en el cuarto principal y un baño para compartir también con ducha. - Se acepta 01 mascota de raza pequeña. **El departamento se entrega sin amoblar** servicios. - Luz independiente. - Gas independiente. - Mantenimiento mensual: S/ 160 Aprox. - Arbitrios mensuales S/ 25 soles. - 1 mes de garantía y 1 mes de adelanto. requisitos. - Sustentar ingresos (boletas, recibos por honorarios o pdt) - No estar mal reportado en Infocorp. - Contrato mínimo de 1 año|https://www.adondevivir.com/propiedades/clasificado/alclapin-se-alquila-moderno-departamento-en-prolongacion-arica-148799577.html?n_src=Listado&n_pills=Piscina&n_pg=1&n_pos=6|2026-02-23
adondevivir|departamentos|alquiler|Lima Centro|Lima Cercado|"Av Arequipa 1388
Santa Beatriz, Lima Cercado"|S/ 2,300 · USD 680|2300|680||195|"70 m² tot.
3 dorm.
2 baños"|70|3|2||"Alquilo lindo Departamento en Av. Arequipa – Santa Beatriz | Vista Exterior | Piso 5. no tiene cochera no se acepta mascota. Santa Beatriz, Cercado de Lima, con acceso inmediato a: Av. Arequipa, Vía Expresa y principales arterias de la ciudad. Centros de salud, comercios y servicios como starbucks. Transporte público y ciclovía. Piso: 5 torre A. Vista: Exterior. Sala comedor on salida a balcón y vista urbana muy iuminado. Dormitorios: 3 ️ uno con baño incorporado, el otro de tamaño bueno y el otro más pequeño, tipo estudio (Todos con closets) Otro baño completo para los dos dormitorios secundarios. Cocina independiente, funcional y bien distribuida️ Lavandería con terma a lado de la cocina. no tiene cochera no se acepta mascota. Renta 2300 soles dos meses de garantía por 1 de adelanto. Mantenimiento 195 soles. El cliente deberá estar bien en la central de riesgos y contar con ingresos comprobables. Visitas y consultas con Alejandro Lostaunau añ Ver datos"|https://www.adondevivir.com/propiedades/clasificado/alclapin-alquilo-lindo-departamento-en-av-arequipa-santa-148810117.html?n_src=Listado&n_pills=Seguridad&n_pg=1&n_pos=7|2026-02-23
adondevivir|departamentos|alquiler|Lima Centro|Lima Cercado|"Mariano Carranza al 600
Santa Beatriz, Lima Cercado"|S/ 2,500 · USD 750|2500|750|||"77 m² tot.
2 dorm.
2 baños
1 estac."|77|2|2|1|Alquilo acogedor departamento con balcón ubicado en Mariano Carranza, cerca de la estación Metropoliano, Cerca del Circuito Mágico de las aguas, a pocas cuadras de la Av. PetitThouars y de la Av. Arequipa. Detalle: Área: 77m2 Ubicado en segundo piso con ascensor. Sala comedor con balcón y vista a calle. Cocina cerrada con muebles altos y bajos. Lavandería con lavadero y terma. 02 Dormitorios en total con clóset incorporado (01 principal con baño privado). 01 habitación adicional como para cuarto de estudio o de bebé. 01 baño principal compartido. Pasadizo con clóset para guardar ropa blanca. Incluye cochera. Vigilancia. Mantenimiento 170 aprox incl agua. Alquiler mensual: 2, 500 soles (2x1) informes Y contacto: marina Ver datos|https://www.adondevivir.com/propiedades/clasificado/alclapin-alquiler-de-departamento-en-santa-beatriz-cercado-de-148837581.html?n_src=Listado&n_pills=%C3%81rea+de+lavander%C3%ADa&n_pg=1&n_pos=8|2026-02-23
adondevivir|departamentos|alquiler|Lima Centro|Lima Cercado|"Avenida Alejandro Bertello 830
Lima Cercado, Lima"|S/ 2,900 · USD 880|2900|880||200|"73 m² tot.
2 dorm.
2 baños"|73|2|2||Departamento de estreno en alquiler, ubicado en la accesible Avenida Alejandro Bertello cdra 8, en el sexto piso de un imponente edificio con vista externa. Este departamento cuenta con un buena distribución de 73 m2, ofreciéndote todo el espacio que necesitas para disfrutar y sentirte cómodo. Consta de Sala-comedor con balcón, cocina tipo americana con lavandería, sala tv perfecto para transformar en tu oficina en casa si lo deseas. También cuenta con dos habitaciones donde la principal tiene W/Closet y baño; un segundo baño para la habitacion 2 y la visita. Finalmente contarte que el edificio cuenta con personal 24/7, y con áreas sociales de zona de parrilla y piscina en la parte superior para que ademas disfrutes de la vista del distrito.|https://www.adondevivir.com/propiedades/clasificado/alclapin-de-estreno!-alquiler-departamento-en-bertello-lima-148969196.html?n_src=Listado&n_pills=Piscina&n_pg=1&n_pos=9|2026-02-23
adondevivir|departamentos|alquiler|Lima Centro|Lima Cercado|"Calle Teodoro Cárdenas número 214
Santa Beatriz, Lima Cercado"|S/ 2,300 · USD 685|2300|685||250|"68 m² tot.
3 dorm.
2 baños"|68|3|2||Se alquila lindo Departamento de 3 Dormitorios, con un área 68 m2, ubicado en piso 19, vista panorámica, buena ubicación, a tan solo 2 cdras del Hospital Rebagliati, lindas areas comunes; piscina, zona de parrilla, juego de niños, sum, cerca a Centro Comercial, supermercados, bancos, colegios, universidades, clínicas, farmacias, restaurantes. Dirección: Teodoro Cárdenas 214, limite a lince. Edificio cuenta con gas Natural Cálidda. Características: - 3 Dormitorios. - 2 Baños completos - puertas de ducha con vidrio templado. - Área 68m2. - Sala - Comedor. - Cocina empotrada. - Zona de lavandería con calentador a Gas Cálidda. - Ubicado piso 19. - Cocina a gas Cálidda. - Mantenimiento S/ 250 incluye servicio de agua. - Inquilino pagan arbitrios. reestreno: Pisos porcelanato nuevos, paredes empastadas y pintadas, cortinas nuevas, totalmente renovado. A pasos de: Kentucky Fried Chicken, Starbucks, Mifarma, Serpost, entre otros. Areas comunes: - Piscina. - Gimnasio. - 2 Zonas de parrillas. - Zona de juegos para Niños. - Sala de Reuniones. Condiciones: - Contrato mínimo 1 año. - Garantía 2 meses x 1 mes adelantado. *sin cochera*|https://www.adondevivir.com/propiedades/clasificado/alclapin-alquiler-de-dpto.-de-68-m-sup2-.-en-condominio-149001706.html?n_src=Listado&n_pills=Gimnasio&n_pg=1&n_pos=10|2026-02-23
adondevivir|departamentos|alquiler|Lima Centro|Lima Cercado|"Avenida Santa Gertrudis 686
Lima Cercado, Lima"|S/ 1,900|1900||||"70 m² tot.
2 dorm.
1 baño"|70|2|||"Alquilo Departamento | Quinto Piso 2 Dormitorios. excelente oportunidad de alquiler departamento, zona resindencial. distrito lima limite pueblo libre. Zonificación residencial | alquiler S/. 1, 900. 00. Contacto: Daniel Barrientos | 9. 3. 9. 7. 8. 3. 6. 0. 2. Ubicación: Av. Santa Gertrudis cdra. 6 Quinto Piso - Lima Limite con Pueblo Libre. Distrito Lima. Área Costruida: 50m² Terraza: 20m² Area Total: 70m² descripcion: - Departamento zona Residencial, cerca a Universidad Catolica, Plaza San Miguel, Supermercado (Wong), zona de comida y otros servicios. - Quinto Piso. - No cuenta con cochera. distribucion. - Amplia Sala Comerdor. - 2 Dormitorio Amplios. - 1 Baño. - Cocina abierta Tipo americana. - Lavanderia. - Terraza Amplia. condiciones economicas: - Precio de Alquiler: S/. 1, 900. 00. - Garantia 2 meses. - Adelanto 2 meses. - Periodo de Contrato: a partir de 1 año. - Incluye mantenimiento: agua, luz de las areas comunes, limpieza de las areas comunes. Contacto: Daniel Barrientos | 9. 3. 9. 7. 8. 3. 6. 0. 2."|https://www.adondevivir.com/propiedades/clasificado/alclapin-alquilo-departamento-av-santa-gertrudis-esq.-mariano-148952975.html?n_src=Listado&n_pills=%C3%81rea+de+lavander%C3%ADa&n_pg=1&n_pos=11|2026-02-23
adondevivir|departamentos|alquiler|Lima Centro|Lima Cercado|"Av. Óscar R. Benavides 3046
Lima Cercado, Lima"|"S/ 1,600
8%"|1600||8%|170|"68 m² tot.
3 dorm.
2 baños"|68|3|2||"El departamento que buscabas en una ubicación súper céntrica - condominio con bellas áreas comunes - Pet friendly. Vive en el corazón de Lima, a pasos de la Plaza Dos de Mayo, en un departamento de estreno diseñado para quienes valoran la practicidad, el confort y una excelente conectividad. Ideal para familias o profesionales que desean estar cerca de todo sin renunciar a la tranquilidad y seguridad. Área: 68 m² | Piso: 10. Salida rápida al Aeropuerto Jorge Chávez y fácil acceso a transporte público, comercios, centros educativos y servicios esenciales. Características del departamento: ️ 3 habitaciones amplias y bien iluminadas. ️ 2 baños completos. ️ Sala–comedor con vista externa, excelente iluminación. ️ Cocina cerrada y espaciosa. ️ Zona de lavandería. Áreas comunes pensadas para disfrutar en familia: ️ Parques internos. Juegos para niños. Zona de parrillas. Salón para niños. Sala de reuniones. Seguridad 24/7. Mantenimiento: aprox. S/ 90. Precio de alquiler: S/ 1, 600 (no cuenta con cochera) Requisitos: - Sustento de ingresos. Un mes de garantía, un mes de adelanto. Separa tu cita inmediatamente!"|https://www.adondevivir.com/propiedades/clasificado/alclapin-lindo-y-funcional-departamento-3dorm.-en-alquiler-148768577.html?n_src=Listado&n_pills=%C3%81rea+de+lavander%C3%ADa&n_pg=1&n_pos=12|2026-02-23
adondevivir|departamentos|alquiler|Lima Centro|Lima Cercado|"Av. Bélisario Sosa Peláez 1111
Lima Cercado, Lima"|S/ 1,500|1500||||"65 m² tot.
3 dorm.
1 baño"|65|3|||Alquiler de Cómodo y Acogedor Departamento — Cercado de Lima. Dirección: Av. Belisario Sosa Peláez dentro de Condominio, muy Seguro! Área construida: 65. 32 m² Edificio: 3 pisos. Antigüedad: 44 años. Características principales: - 3 habitaciones amplias. - 1 baño funcional y con mueble debajo lavatorio. - Cocina con ventana al interior para una buena ventilación y Lavandería. - Estacionamientos: 0 (sin cochera) - Vista a la calle — excelente iluminación natural y ventilación. - Distribución práctica ideal para familia pequeña o pareja que busca espacio y comodidad. Por qué te puede interesar: - Espacio bien aprovechado de 65 m², con ambientes definidos. - Ubicación sobre avenida, con accesos y servicios cercanos a parques y zonas recreativas. - Opción económica y funcional si buscas vivir en una zona consolidada de Lima. ¿Quieres más detalles o coordinar una visita? Estoy disponible para agendarla.|https://www.adondevivir.com/propiedades/clasificado/alclapin-alquiler-comodo-y-seguro-departamento-en-cercado-de-148455328.html?n_src=Listado&n_pills=%C3%81rea+de+lavander%C3%ADa&n_pg=1&n_pos=13|2026-02-23
adondevivir|departamentos|alquiler|Lima Centro|Lima Cercado|"Av. Óscar R. Benavides 1106
Lima Cercado, Lima"|S/ 2,300|2300|||200|"65 m² tot.
3 dorm.
2 baños
1 estac."|65|3|2|1|Alquilo departamento en Alto Lima Park Proyecto Cercado con áreas comunes, se encuentra estratégicamente ubicado, a solo minutos de la estación central del Metropolitano y del Centro Comercial Real Plaza. Esto significa que tendrás acceso rápido a transporte público, a lugares de compras y entretenimiento. ¿Quieres pasar una noche divertida con amigos? Aquí, cuentas con una sala de adultos equipada con un elegante bar y una mesa de billar para pasar noches llenas de risas y juegos, adicional cuenta con áreas de parrillas, gimnasio, área de cine privado para 15 personas super amplio + cancha de fulbito + cancha de voley y cancha de basquet. Distribución: Piso laminado en todo el departamento + gas calidda en todo el departmento (cocina + terma) Ubicado en piso 3 cuenta con ascensor. - Sala comedor con salida al balcón. - cocina con muebles altos y bajos. - lavanderia con lavadero y terma. - Habitación principal con su baño completo. - Segundo con closet y tercera habitación sin closet. - Segundo baño completo. Incluye un estacionamiento techado. Cuenta con porteria 24/7 - mantenimiento 200 soles incluido agua. Condiciones de renta 1 año de contrato con 2 garantías + 1 mes de renta adelantada. Requisitos: contar con sus boletas de pago + reporte de infocorp verde + certificado único laboral|https://www.adondevivir.com/propiedades/clasificado/alclapin-alquilo-departamento-en-alto-lima-park-proyecto-146177436.html?n_src=Listado&n_pills=Gimnasio&n_pg=1&n_pos=14|2026-02-23
adondevivir|departamentos|alquiler|Lima Centro|Lima Cercado|"Av. Óscar R. Benavides 1147
Lima Cercado, Lima"|S/ 1,700 · USD 459|1700|459|||"71 m² tot.
3 dorm.
2 baños"|71|3|2||Alquiler de departamento de 3 habitaciones en el Centro de Lima! Amplio departamento de 71 m², ubicado en el segundo piso, ideal para quienes buscan comodidad y excelente ubicación. A solo unos pasos de la Plaza Dos de Mayo, con salida rápida al Aeropuerto Jorge Chávez y fácil acceso a transporte público, comercios y servicios esenciales. - 3 Habitaciones- 2 baños- Sala comedor con vista externa- Cocina con muebles altos y Bajos- Zona de Lavandería Cerrada- Áreas comunes: Juegos para niños, zona de parrilla, parques internos, salon de niños, sala de reuniones- Vigilancia 24/7Si se aceptan mascotasMantenimiento S/100 soles aproximadamentePrecio del Alquiler sin Cochera S/1, 700 solesPrecio del Alquiler con Cochera S/2, 000 solesRequisitos para el alquiler- Sustento de ingresos- sbscontactame para agendar una visita! T. C. 3. 70Tipo de cambio referencial, sujeto a variación diaria por fluctuación del mercado|https://www.adondevivir.com/propiedades/clasificado/alclapin--departamento-de-estreno-en-alquiler-en-el-centro-de-147303751.html?n_src=Listado&n_pills=%C3%81rea+de+lavander%C3%ADa&n_pg=1&n_pos=15|2026-02-23
adondevivir|departamentos|alquiler|Lima Centro|Lima Cercado|"Calle Manuel del Pino al 800 Santa Beatriz
Santa Beatriz, Lima Cercado"|S/ 2,200 · USD 650|2200|650|||"99 m² tot.
2 dorm.
1 baño"|99|2|||Alquiler de departamento en santa beatrizubicado en la Calle Manuel del pino, frente a parque, a 1 cuadra de la estación México del Metropolitano. Detalle: Área: 99 m2Ubicado en 2do piso. Sala comedor amplios y vista calle. Cocina cerrada con muebles altos y bajos. Patio con lavandería y baño. 02 Dormitorios amplios con clósets01 baño completoMantenimiento 100 soles aprox incl agua. Alquiler mensual: 2, 200 soles (2x1) informes Y visitas Ver datos marina|https://www.adondevivir.com/propiedades/clasificado/alclapin-alquiler-de-departamento-en-santa-beatriz-149040975.html?n_src=Listado&n_pills=%C3%81rea+de+lavander%C3%ADa&n_pg=1&n_pos=16|2026-02-23
adondevivir|departamentos|alquiler|Lima Centro|Lima Cercado|"Av. Óscar R. Benavides 495
Lima Cercado, Lima"|S/ 2,200|2200|||173|"58 m² tot.
2 dorm.
2 baños"|58|2|2||Vive en las alturas y disfruta de una vista espectacular desde el piso 17. Este lindo departamento en estreno, moderno y totalmente amoblado, está listo para que te mudes hoy mismo. *Contáctate con Zara Palomino 9. 1. 8. 3. 2. 4. 3. 1. 9* Área: 58. 11 m² Características: - 2 habitaciones. - 2 baños completos. - Cocina totalmente equipada. - cocina. - refrigeradora. - microondas. Lavandería equipada con lavadora. Amoblado con excelente gusto, funcional y acogedor. Ubicación céntrica y estratégica. Cerca a centros comerciales, servicios y principales vías de acceso. Ideal para desplazarte con facilidad a cualquier punto de la ciudad. Edificio hannan. Perfecto para quienes buscan comodidad, estilo y ubicación en un solo lugar. Precio alquiler: S/. 2, 200. 00. mantenimiento: S/. 173. 00. condición: 1 Mes de adelanto - 2 meses de garantía. ¡Todo lo que necesitas para vivir de la mejor manera! No pierdas la oportunidad. Contáctanos ahora para más información y agendar una visita. *Contáctate con Zara Palomino 9. 1. 8. 3. 2. 4. 3. 1. 9*|https://www.adondevivir.com/propiedades/clasificado/alclapin-departamento-en-alquiler-estreno-amoblado-piso-148896309.html?n_src=Listado&n_pills=Ascensor&n_pg=1&n_pos=17|2026-02-23
adondevivir|departamentos|alquiler|Lima Centro|Lima Cercado|"Jr. Jose Galvez al 1200. Lima
Lima Cercado, Lima"|S/ 2,200|2200||||"83 m² tot.
2 dorm.
2 baños"|83|2|2||¡oportunidad única en cercado de lima! Departamento en Alquiler amplio; luminoso y buena ubicación. ¡Vive la experiencia de alta calidad en el corazón de Lima! Presentamos este espectacular departamento de 7 ambientes, ubicado en un edificio con áreas comunes de primer nivel. Características del Departamento: - 2 dormitorios amplios con closet o armarios empotrados- 1 escritorio (o dormitorio pequeño adicional) - 2 baños completos- Cocina con puerta. - Sala-comedor luminosa y ventilada- Lavandería- Portería en edificio para mayor seguridadÁreas Comunes: - Zona de reuniones o eventos. - Zona de parrillas para disfrutar al aire libre. - Piscina pequeña para relajarte. - Ascensor para fácil acceso. Ubicación Privilegiada: - Ubicado en el piso 11 con vistas impresionantes- Cercano a servicios y comercios. No te pierdas esta oportunidad! Contáctanos para obtener más información y programar una visita.|https://www.adondevivir.com/propiedades/clasificado/alclapin-departamento-en-cercado-de-lima-148735768.html?n_src=Listado&n_pills=Seguridad&n_pg=1&n_pos=18|2026-02-23
adondevivir|departamentos|alquiler|Lima Centro|Lima Cercado|"Abelardo Gamarra al 1500
Lima Cercado, Lima"|S/ 980 · USD 293|980|293|||"28 m² tot.
1 dorm.
1 baño"|28|1|||Contacto: Angela Gutierrez 9. 9. 9. 9. 1. 9. 0. 0. 3Si buscas un lugar tranquilo, seguro y con un ambiente familiar este minidepartamento es para ti. Ubicado en el segundo piso de una linda casa, con ingreso totalmente independiente, en una zona residencial muy segura y rodeada de grandes parques, ideal para caminar, hacer ejercicio o simplemente relajarte. Su ubicación es inmejorable: cerca de importantes avenidas como Av. Venezuela, Av. Universitaria, Av. Colonial y a pocos minutos de Av. La Marina, lo que facilita el acceso a cualquier punto de la ciudad. Además, tendrás todo a tu alcance: Gran mercado de abastos muy bien surtidoPeluquerías, veterinarias, iglesias y centros médicos. A pocos metros de universidades como San Marcos y la pucp. A minutos de Plaza San Miguel y supermercados como Metro, Tottus y WongDistribución del minidepartamento: Al ingresar encontrarás un espacio para comedor con área destinada para una cocinita y un baño completo. Una linda escalera de madera conduce al segundo nivel, donde se ubica la habitación, además de un espacio independiente para lavandería y tendal, brindando mayor comodidad y orden. Un espacio pensado para quien valora la independencia, la tranquilidad y un entorno familiar y seguro.? Ideal para estudiantes, personas solas o parejas que busquen comodidad en una excelente zona|https://www.adondevivir.com/propiedades/clasificado/alclapin-alquiler-minidepartamento-1-habitacion-lima-cercado-148989411.html?n_src=Listado&n_pills=%C3%81rea+de+lavander%C3%ADa&n_pg=1&n_pos=19|2026-02-23
adondevivir|departamentos|alquiler|Lima Centro|Lima Cercado|"Jirón Zorritos 1134
Lima Cercado, Lima"|S/ 1,400|1400|||130|"59 m² tot.
3 dorm.
2 baños"|59|3|2||"Departamento acogedor y bien distribuido, ubicado en condominio seguro y tranquilo, ideal para quienes buscan un piso bajo con buena distribución y excelente precio en el Cercado de Lima. ** ubicacion: Jr. Zorritos 1134, 2do piso con escaleras, Cercado de Lima. Referencias frente al ministerio de transporte. ** precio de alquiler: S/1, 400. -Edificio de 5 pisos | 4 departamentos por piso. -Departamento disponible en piso 02 con escaleras. -Edificio cuenta con áreas verdes, seguridad permanente y limpieza constante. descripcion: - Área: 59. 39 m² ️ - Sala comedor con buena iluminación natural, vista exterior. - Cocina separada de la sala con muebles altos y bajos. - Lavandería ventilada al lado de la cocina. - 2 baños completos. -️ 3 dormitorios, 2 de las habitaciones con closet. servicios: - Luz independiente. - Gas independiente en cocina. - Se permite 1 mascota pequeña. - Mantenimiento aprox. S/ 130 varia según consumo de agua. - Arbitrios mensuales S/23. 00. - 1 mes de garantía y 1 mes de adelanto. requisitos: - Sustentar ingresos (boletas, recibos por honorarios o pdt) - No estar mal reportado en Infocorp. - Contrato mínimo de 1 año. ** Solicita mayor información al +Ver datos – Ver datos **"|https://www.adondevivir.com/propiedades/clasificado/alclapin-se-alquila-departamento-acogedor-funcional-59.39-148923986.html?n_src=Listado&n_pills=%C3%81rea+de+lavander%C3%ADa&n_pg=1&n_pos=20|2026-02-23
adondevivir|departamentos|alquiler|Lima Centro|Lima Cercado|"Leonardo Arrieta
Elio, Lima Cercado"|S/ 1,000|1000||||"40 m² tot.
1 dorm.
1 baño"|40|1|||"Para una persona o máximo 2 personas. **ubicación: Leonardo Arrieta Urbanización elio, Cercado. Referencia a la espalda de la fábrica Molitalia, cuadra 25 de la Av. Venezuela. **precio: S/1000. 00 (incluye servicios de luz agua y arbitrios) - Edificio de 4 pisos, - Piso disponible 4to piso vista exterior con escalera sin ascensor. descripción: - Área: 40 m² ️ - Ambiente para que a condiciones un sofá un comedor. - 1 Dormitorio. - 1 baño completo. - Área de Lavandería y Cocina. -️ Tendal común. servicios: - La renta incluye: Luz | Agua. Arbitrios mensuales incluidos en la renta. - 1 mes de garantía y 1 mes de adelanto. *No se aceptan mascotas* requisitos: - Sustentar ingresos (boletas, recibos por honorarios o pdt) - No estar mal reportado en Infocorp. - Contrato mínimo de 1 año"|https://www.adondevivir.com/propiedades/clasificado/alclapin-se-alquila-monoambiente-urb-elio-cercado-de-lima-149039850.html?n_src=Listado&n_pills=%C3%81rea+de+lavander%C3%ADa&n_pg=1&n_pos=21|2026-02-23
adondevivir|departamentos|alquiler|Lima Centro|Lima Cercado|"JR. WASHIGTON 1241
Lima Cercado, Lima"|S/ 1,300|1300||||"42 m² tot.
1 dorm.
1 baño"|42|1|||*R. U. C: 2. 0. 6. 0. 0. 1. 6. 2. 9. 9. 4* Razón Social: Constructora e Inmobiliaria Casa 21 S. A. C. Se alquila céntrico departamento de 42. 13 m² en el corazón del Cercado de Lima, ideal para quienes buscan comodidad y practicidad en una ubicación estratégica. Ubicado en Jr. Washington Cdra. 12, a pocos pasos de la Av. Bolivia y Wilson, este departamento de 1 dormitorio te conecta con lo mejor de la ciudad: a metros del Centro Comercial Real Plaza Centro Cívico, de la Estación Central del Metropolitano y rodeado de universidades, lo que lo convierte en una opción perfecta para estudiantes o profesionales. Con total conectividad y acceso inmediato a todo, el departamento se encuentra en primer piso con vista interior, asegurando máxima tranquilidad y cero ruidos en pleno centro de Lima. - Área de 42. 13M2. - Piso 1. - 01 Dormitorio. - Sala con librero. - Vista interior. - Patio cubierto para usarlo como comedor. - Cocina funcional. - 01 Baño completo dentro del área del dormitorio. Precio: S/ 1, 300. 00 precio incluye el consumo de agua y mantenimiento del edificio. Servicio de luz aparte, según su consumo. Condiciones: 1 meses de garantia y 1 mes adelantado, contrato mínimo de 1 año. **no mascotas** ¡Todo lo que necesitas para emprender de la mejor manera! No pierdas la oportunidad. Contáctanos ahora para más información y agendar una visita. *Contáctate con Marcela Gomez 9. 9. 3. 2. 6. 2. 0. 0. 6*|https://www.adondevivir.com/propiedades/clasificado/alclapin-alquiler-de-departamento-en-cercado-de-lima-de-67-147549752.html?n_src=Listado&n_pg=1&n_pos=22|2026-02-23
adondevivir|departamentos|alquiler|Lima Centro|Lima Cercado|"Av. Alejandro Bertello
Lima Cercado, Lima"|S/ 2,200|2200||||"70 m² tot.
3 dorm.
2 baños
1 estac."|70|3|2|1|"Departamento acogedor y bien distribuido, edificio pequeño de 3 pisos seguro y tranquilo, ideal para quienes buscan un piso bajo con buena distribución y excelente precio en el Cercado de Lima. ** ubicacion: Av. Bertello 765 - Piso 3 Cercado de Lima. ** precio de alquiler: S/2, 200 (Incluye Cochera) Edificio de 3 pisos | 1 departamento por piso. Departamento ubicado en piso 03 con escaleras. descripcion: - Área: 70 m² ️- Sala / comedor. Un centro de entretenimiento y tv. Sofá tipo L. Una mesa de vidrio y cuatro sillas. - Cocina equipada separada de la sala con muebles altos y bajos. Refrigerador. Microondas. Cocina 4 hornillas con horno a gas. - 02 baños completos con ducha. ️- 03 Dormitorios. *Dormitorio 01: 1 camas individual y ropero incluido. 1 escritorio. Se entrega con cortinas. *Dormitorio 02: Cama doble y ropero incluido. 1 escritorio. Se entrega con cortinas. *Dormitorio 03: Cama individual y ropero incluido. 1 escritorio. Se entrega con cortinas. servicios: - La renta incluye: - Luz | Agua | Internet | Cable | Cochera. - Se permite 1 mascota (Únicamente Gato) - 2 meses de garantía y 1 mes de adelanto. requisitos: - Sustentar ingresos (boletas, recibos por honorarios o pdt) - No estar mal reportado en Infocorp. - Contrato mínimo de 1 año. ** Solicita mayor información al + Ver datos – Ver datos **"|https://www.adondevivir.com/propiedades/clasificado/alclapin--se-alquila-departamento-amoblado-cercado-de-lima-148980352.html?n_src=Listado&n_pills=Amoblado&n_pg=1&n_pos=23|2026-02-23
adondevivir|departamentos|alquiler|Lima Centro|Lima Cercado|"oscar benavides 1184
Lima Cercado, Lima"|S/ 2,000 · USD 596|2000|596||120|"65 m² tot.
3 dorm.
2 baños
1 estac."|65|3|2|1|"Departamento en alquiler en Cercado de Lima. Av. Óscar R. Benavides 1194 (Ex Colonial), Cercado de Lima – Piso 16. 3 dormitorios | 2 baños | Cochera | 65. 50 m² ¡Vive en un departamento moderno, bien distribuido y con excelente ubicación! Ubicado en la Av. Óscar R. Benavides, a un paso del mtc, este departamento de estreno en el piso 16 te ofrece una vista panorámica, luz natural y todo lo que necesitas para disfrutar tu nuevo hogar. Características principales: -Amplia sala comedor, perfecta para disfrutar con familia o amigos. -Cocina abierta con excelente funcionalidad. -Lavandería independiente, cómoda y práctica. -Dormitorio principal con baño privado. -Dos dormitorios secundarios con baño compartido. -Sistema de terma a gas e intercomunicador. -Gas natural, medidor de luz independiente y agua con cortómetro, para controlar tus consumos. Áreas comunes: Zona pet friendly | Zona de parrilla | Cancha deportiva | sum | Juegos para niños. Precio de alquiler departamento sin cochera: S/ 2, 000. Condiciones: 1 mes de adelanto + 1 mes de garantía (1x1) Contrato por 1 año. ¡No pierdas esta oportunidad! Vive en una zona céntrica, segura y con todo al alcance: supermercados, universidades, bancos y principales avenidas. Contáctame y agenda tu visita."|https://www.adondevivir.com/propiedades/clasificado/alclapin-departamento-en-alquiler-en-cercado-de-lima-cerca-al-147803407.html?n_src=Listado&n_pills=Ascensor&n_pg=1&n_pos=24|2026-02-23
adondevivir|departamentos|alquiler|Lima Centro|Lima Cercado|"Jr. Alférez Mariano Carranza (Mz 10 A Lote 10) con Av. Arenales 1085 – 1093
Santa Beatriz, Lima Cercado"|S/ 2,250 · USD 662|2250|662|||"55 m² tot.
2 dorm.
2 baños"|55|2|2||Moderno departamento de 55 m², ubicado en el piso 10 de un edificio en esquina, lo que garantiza excelente vista, iluminación natural y ventilación. Se sitúa en Jr. Alférez Mariano Carranza con Av. Arenales 1085–1093, dentro de la reconocida Urbanización Fundo Santa Beatriz, en el distrito del Cercado de Lima. Características del departamento. 2 habitaciones bien distribuidas, con buena ventilación. 2 baños completos, ideales para mayor comodidad. Sala–comedor amplia y luminosa gracias a su ubicación en esquina. Cocina funcional con espacio para almacenamiento. Área total: 55 m². Áreas sociales del edificio. El edificio ofrece un conjunto de comodidades ideales para una vida moderna y práctica: Lavandería equipada. Gimnasio. Sala de juegos para niños. Terraza con zona de parrilla. Salón bar. Estacionamiento para bicicletas. Recepción amplia y segura. Ubicación privilegiada. Zona céntrica, segura y de fácil acceso. Cercano a avenidas principales, centros comerciales, bancos, parques y servicios. Excelente conectividad hacia diferentes distritos de Lima. Este departamento es una excelente opción para quienes buscan vivir en una zona estratégica o desean invertir en una propiedad de alta demanda. Si desea más información, contacte a la Asesora Inmobiliaria María Elena: 9. 5. 5. 3. 0. 4. 4. 5. 2.|https://www.adondevivir.com/propiedades/clasificado/alclapin-departamento-en-alquiler-piso-10-santa-beatriz-148214228.html?n_src=Listado&n_pills=Parrilla&n_pg=1&n_pos=25|2026-02-23
adondevivir|departamentos|alquiler|Lima Centro|Lima Cercado|"Av. Óscar R. Benavides 1191
Lima Cercado, Lima"|S/ 1,800 · USD 538|1800|538||200|"65 m² tot.
3 dorm.
2 baños"|65|3|2||Alquilo departamento de estreno 3 habitaciones cercado de lima. 65 m². Distribución. Sala, Comedor. 3 Dormitorios. Cocina abierta. 2 Baños completos. Balcón, con vista fuera. Descubre este acogedor y bien distribuido departamento ubicado en una de las zonas más convenientes en Lima, Cercado. Ideal para quienes buscan comodidad, seguridad y excelente conectividad. Ubicación estratégica. Situado a la altura de cuadra 11 de la Av. Oscar Benavides. (ex Colonial). Accesible a las Avenidas Argentina y Universitaria. Rodeado de: * Centros comerciales. * Clínicas y centros médicos. * Colegios, Universidad San Marcos. * Restaurantes y cafés. * Bancos y farmacias. * Parques y áreas verdes. Una zona que ofrece calidad de vida, tranquilidad y cercanía a todo. Detalles del inmueble. * Área total: 65 m² * Piso: 11, con Ascensor. Mantenimiento 200 soles. * Estreno Departamento. * Seguridad: Guardianía 24/7. Distribución funcional y cómoda: * Áreas comunes. Área de Parrillas. . Área de reuniones. Canchita de futboll. Área de juegos para niños. Biohuerto. Condiciones: 2 meses de garantía + 1 mes adelantado. (2x1). Infocorp verde. Demostrar sustento económico.|https://www.adondevivir.com/propiedades/clasificado/alclapin-alquilo-departamento-de-estreno-3-habitaciones-cercado-148818066.html?n_src=Listado&n_pills=Parrilla&n_pg=1&n_pos=26|2026-02-23
adondevivir|departamentos|alquiler|Lima Centro|Lima Cercado|"Calle Santa Nicerata 568
Santa Emma, Lima Cercado"|S/ 2,000|2000||||"65 m² tot.
2 dorm.
1 baño"|65|2|||Departamento en alquiler ubicado frente a la pucp ( Pontificia Universidad La Catolica del Peru) ideal para quienes buscan comodidad y cercanía a a la pucp. Cuenta y 65 m² de, distribuidos en 2 Dos dormitorios y 1 baño, Sala comedor, Cocina con Gas natural y Patio de servicio. Ubicado en una zona residencial tranquila, este departamento se encuentra cerca de centro comercial plaza san miguel y escuelas, facilitando el acceso a todo lo necesario para el día a día. Además, se aceptan mascotas, lo que lo convierte en una excelente opción para los amantes de los animales. El entorno ofrece diversas opciones de transporte público, así como fácil acceso a principales avenidas. Encontrarás supermercados, farmacias y otros servicios a pocos minutos de distancia, brindando comodidad y calidad de vida.|https://www.adondevivir.com/propiedades/clasificado/alclapin-deartamento-frente-a-universidad-la-catolica-149000245.html?n_src=Listado&n_pills=Cerca+a+colegios&n_pg=1&n_pos=27|2026-02-23
adondevivir|departamentos|alquiler|Lima Centro|Lima Cercado|"Elvira García y García 2344
Lima Cercado, Lima"|S/ 2,100|2100|||80|"86 m² tot.
2 dorm.
2 baños"|86|2|2||Este acogedor departamento de vista interna cuenta con 86 m² y se encuentra ubicado en el primer piso, ideal para quienes buscan comodidad y fácil acceso. Distribución: ️ 2 habitaciones. 2 baños completos. 2 patios (perfectos para ventilación e iluminación) Cocina con Calidda. Ambientes funcionales y bien distribuidos. Ubicación privilegiada. Cerca de: Parques. Supermercados (Metro) ️ Centros comerciales. Universidades (pucp y unmsm) Colegios. Avenidas principales: Venezuela, Universitaria y Colonial. Mantenimiento: S/ 80 aproximadamente. ️ Incluye agua y limpieza de áreas comunes. Pet friendly: Se aceptan perros pequeños y gatos. Ideal para quienes buscan un departamento cómodo, bien ubicado y listo para mudarse.|https://www.adondevivir.com/propiedades/clasificado/alclapin-hermoso-departamento-en-alquiler-primer-piso-148979152.html?n_src=Listado&n_pg=1&n_pos=28|2026-02-23
adondevivir|departamentos|alquiler|Lima Centro|Lima Cercado|"Jr. Austria 1248 Lima
Lima Cercado, Lima"|S/ 1,200 · USD 343|1200|343||136|"40 m² tot.
1 dorm.
1 baño"|40|1|||Alquilo mini departamento funcional, ubicado en Cercado de Lima, límite con Breña, a tan solo 2 cuadras la Av. Colonial, Av. Naciones Unidas y Jr. Zorritos, donde encontrarás variedad de restaurantes, supermercados (Tottus), bancos (bcp y bbva), tiendas y grifos, así como transporte público y privado. El departamento se encuentra en el 5to piso sin ascensor, en un edificio seguro y exclusivo, solo hay 1 departamento por piso además de ello cuenta con cámaras de seguridad y servicio Verisure. Departamento. El departamento cuenta con las siguientes prestaciones: - Área total: 40m2, se encuentra en el piso 5, sin ascensor. - Habitación super amplia con closet, cuenta con luminarias y baño completo privado. - Mini Sala / comedor con iluminación natural. - Cocina cerrada con muebles altos y bajos de melamina, campana extractora, cocina a gas empotrada. - Lavandería y mueble de melamina para almacenamiento. - Intercomunicador, caja fuerte y sistema de seguridad Verisure. Edificio: - 5 pisos de altura, 7 departamentos en total. - No cuenta con ascensor, cuenta con escaleras descansadas. - Servicio de seguridad 24 horas del día con cámaras de seguridad. - No se permiten mascotas. Cochera: - No cuenta con estacionamiento, pero hay posibilidad de alquilar en los alrededores del edificio. Condiciones de alquiler: - Costo: S/. 1, 200 mensuales. - Garantía: 2 mes. - Adelanto: 1 mes. - Mantenimiento: S/. 136 mensuales. - Tiempo mínimo de contrato: 12 meses. *Se solicitarán sustentos de ingreso en caso de firmar contrato. **Se revisará historial crediticio en central de riesgos. *Para visitar el departamento se tendrá que agendar. Reserva tu visita al 9*3*4*8*5*0*0*5*3|https://www.adondevivir.com/propiedades/clasificado/alclapin-alquilo-mini-departamento-funcional!-147667577.html?n_src=Listado&n_pills=%C3%81rea+de+lavander%C3%ADa&n_pg=1&n_pos=29|2026-02-23
adondevivir|departamentos|alquiler|Lima Centro|Lima Cercado|"Jirón Enrique Barrón 1224
Lima Cercado, Lima"|S/ 2,000|2000||||"53 m² tot.
2 dorm.
2 baños"|53|2|2||Departamento Flat en alquiler — Jirón Enrique Barrón 1224, Lima, Lima. Edificio: 6 pisos. Área construida: 53 m² ️ Habitaciones: 2. Baños: 2. con Estacionamiento: 2200 soles. Antigüedad: 8 años. Descripción: Flat bien distribuido y con buena iluminación natural. Sala-comedor funcional, cocina práctica y dos dormitorios cómodos — ideal para pareja o familia pequeña. Acabados modernos acorde a su antigüedad, mantenimiento en buen estado. Ubicación: Zona con acceso a transporte y servicios cercanos (comercios, mercados y colegios), fácil conectividad dentro de Lima. Interesados pueden solicitar visita para conocer el departamento.|https://www.adondevivir.com/propiedades/clasificado/alclapin-se-alquila-lindo-y-acogedor-departamento-de-dos-dorm.-148993751.html?n_src=Listado&n_pg=1&n_pos=30|2026-02-23
adondevivir|departamentos|alquiler|Lima Centro|Lima Cercado|"Av. Venezuela 2505
Lima Cercado, Lima"|S/ 1,800 · USD 537|1800|537||200|"65 m² tot.
3 dorm.
2 baños"|65|3|2||"Condominio Centriqo Club Besco – Av. Venezuela, Cercado de Lima. Límite con Pueblo Libre | A pocas cuadras de Calle Alborada. Características del departamento: ️ 3 dormitorios. Dormitorio principal con baño incorporado. Segundo baño completo (visitas) Cocina abierta estilo americano. Lavandería integrada. Punto de gas para cocina y agua caliente. Balcón con vista interna. Departamento en estreno. 2 ascensores. ️ Piso 11. Excelente ubicación y accesos: ️ Av. Venezuela, Tingo María, Mariano Cornejo y Av. Alborada. Cerca de universidades: San Marcos, Católica, utp. Nidos y colegios cercanos. Zona segura con bodegas y comercios próximos. Condominio ecoamigable. No se permiten mascotas. Alquiler: S/ 1, 800. Condición: 2x1 (garantía + adelanto) Sustento de ingresos con últimas 3 boletas de pago. No estar reportado en infocorp. Ideal para familias o estudiantes que buscan comodidad, ubicación y seguridad."|https://www.adondevivir.com/propiedades/clasificado/alclapin-alquiler-de-departamento-en-estreno-piso-11-148848404.html?n_src=Listado&n_pills=%C3%81rea+de+lavander%C3%ADa&n_pg=2&n_pos=1|2026-02-23
adondevivir|departamentos|alquiler|Lima Centro|Lima Cercado|"Lima
Lima Cercado, Lima"|S/ 450 · USD 130|450|130|||"16 m² tot.
5 dorm.
2 baños"|16|5|2||Ingreso independiente, zona super céntrica, seguridad, tranquilidad, seriedad, baño compartido, personas que trabajen y que sean responsables, previa cita|https://www.adondevivir.com/propiedades/clasificado/alclapin-hospedaje-de-habitaciones-independiente-148939846.html?n_src=Listado&n_pills=Seguridad&n_pg=2&n_pos=2|2026-02-23
adondevivir|departamentos|alquiler|Lima Centro|Lima Cercado|"AV COLONIAL 1194
San Rafael, Lima Cercado"|S/ 1,850|1850|||150|"74 m² tot.
3 dorm.
1 baño
1 estac."|74|3||1|Alquilo lindo dpto. De estreno ubicado en av. Colonial cuadra 11, cercado de lima, cerca A la av. Naciones unidas jr. Zorritos Y av. Tingo maria A una cuadra de tottus. Cuenta con 3 dormitorios, 2 baños amplia sala comedor, cocina con muebles altos Y bajos, lavanderia, balcon, gas calida Y hermosas areas sociales para compartir lindos momentos en famialia Y amistades. Se aceptan mascotas|https://www.adondevivir.com/propiedades/clasificado/alclapin-alquilo-departamento-de-estreno-en-av-colonial-148483778.html?n_src=Listado&n_pills=Gimnasio&n_pg=2&n_pos=3|2026-02-23
adondevivir|departamentos|alquiler|Lima Centro|Lima Cercado|"Calle Alemania 2387
Lima Cercado, Lima"|S/ 1,700|1700||||"93 m² tot.
2 dorm.
1 baño"|93|2|||Departamento en Alquiler en Urbanización Trinidad (ii Etapa) Ubicación Estratégica en el Corazón de Lima Disfrute de la comodidad de vivir en la Urbanización Trinidad (ii Etapa), una zona consolidada y de fácil acceso en el Cercado de Lima. Este inmueble goza de una ubicación privilegiada en la Calle Alemania cuadra 23, un punto clave que conecta rápidamente con las principales vías y servicios del distrito. Entorno Residencial: Ubicado en un 4to piso, ideal para quienes buscan tranquilidad dentro de la ciudad. Excelente Conectividad: Proximidad a centros comerciales, entidades financieras y zonas educativas Habitaciones 2 Baño 1 Patio tendero 1 Cocina amplia Sala comedor id: 4 / 1 / 7 / 4 / 9|https://www.adondevivir.com/propiedades/clasificado/alclapin-departamento-en-alquiler-en-urbanizacion-trinidad-s-148809037.html?n_src=Listado&n_pg=2&n_pos=4|2026-02-23
adondevivir|departamentos|alquiler|Lima Centro|Lima Cercado|"Ca. Sosa Pelaes 1578
Los Jardines De Tingo Maria, Lima Cercado"|S/ 1,300|1300||||"70 m² tot.
2 dorm.
1 baño"|70|2|||¡Alquila el departamento de tus sueños en el cercado de Lima! Este espectacular apartamento de 70 metros cuadrados ofrece el espacio perfecto para ti y tu familia. Con dos acogedoras habitaciones, una amplia sala de estar, un comedor para compartir momentos memorables, una cocina funcional, una zona de lavandería conveniente y un baño completo, este lugar lo tiene todo. Ubicado estratégicamente en el primer piso, este departamento brinda comodidad y accesibilidad. Su proximidad a parques te invita a disfrutar del aire fresco y la naturaleza, mientras que su cercanía a centros comerciales te ofrece la conveniencia de tener todo lo que necesitas a tu alcance. No dejes pasar esta oportunidad de vivir en un lugar que se adapta a tu estilo de vida. ¡Contáctanos ahora para reservar tu visita y descubrir cómo este departamento puede convertirse en tu nuevo hogar en el vibrante cercado de Lima!|https://www.adondevivir.com/propiedades/clasificado/alclapin-se-alquila-departamento-en-lima-cercado-145565548.html?n_src=Listado&n_pills=%C3%81rea+de+lavander%C3%ADa&n_pg=2&n_pos=5|2026-02-23
adondevivir|departamentos|alquiler|Lima Centro|Lima Cercado|"Av. Petit Thouars 1460
Santa Beatriz, Lima Cercado"|S/ 2,555 · USD 760|2555|760||250|"59 m² tot.
3 dorm.
2 baños
1 estac."|59|3|2|1|Alquiler de departamento de estreno con 3 dormitorios. Viva en un hermoso departamento de estreno en la mejor zona de Santa Beatriz en el Cercado de Lima. Súper bien ubicado cerca a principales avenidas Arequipa, Arenales, cerca al Hospital Rebagliati y al Castillo Rospigliosi. Area de 58. 56m2 en piso 16 con vista exterior y dos ascensores. Consta de sala comedor con vista a Av Petit Thouars. Cocina americana equipada con encimera a gas, horno empotrado y campana extractora. Cuenta además con refrigeradora y lavadora. 3 dormitorios con closets y vista a Av Petit Thouars. Dormitorio principal con doble closet, baño completo y balconcito. Baño secundario completo. Cuenta con gas Cálidda. La zona de lavandería separada con puertas. Cuenta con terma a gas. Areas comunes: - Sala de coworking en el piso 1. - Sala de reuniones, zona de parrillas con kitchenette, y gym en el piso 18. Instalación de gas Cálidda en cocina, baños y lavandería. Cochera exterior en piso 1 de 12. 50m2 (entra camioneta grande) No mascotas. Portería 24 x 7. Mantenimiento S/250. 00 + agua. Contrato mínimo a un año, condición 2 x 1|https://www.adondevivir.com/propiedades/clasificado/alclapin-dpto-3-dorm.-en-alquiler-en-urb-santa-beatriz-148613306.html?n_src=Listado&n_pills=%C3%81rea+de+lavander%C3%ADa&n_pg=2&n_pos=6|2026-02-23
adondevivir|departamentos|alquiler|Lima Centro|Lima Cercado|"Av. Aurelio García y García 941
Lima Cercado, Lima"|S/ 1,700 · USD 504|1700|504|||"67 m² tot.
2 dorm.
1 baño"|67|2|||Se alquila acogedor departamento de 67 m2, ubicado en el tercer piso de una casa, en la tranquila y bien ubicada urbanización Los Pinos - Cercado de Lima. Distribución: - Sala. Comedor con buena iluminación natural. - Cocina cerrada. - Dos dormitorios. - Un baño comp´leto. - Pequeño ambiente adicional para tendido de ropa. En zona residencial con fácil acceso a avenidas principales como La Colonial, Argentina, Universitaria etc. - Ideal para pareja o familia pequeña. Contacto: orlando nuñez. cel: Ver datos|https://www.adondevivir.com/propiedades/clasificado/alclapin-se-alquila-departamento-de-dos-dorm.-de-67-m-sup2--en-148905991.html?n_src=Listado&n_pills=Cerca+a+colegios&n_pg=2&n_pos=7|2026-02-23
adondevivir|departamentos|alquiler|Lima Centro|Brena|"Jr.Chamaya 280
Breña, Lima"|S/ 1,800 · USD 534|1800|534||180|"68 m² tot.
3 dorm.
2 baños"|68|3|2||Alquiler de lindo departamento estreno en breña. Ubicado en Jr Chamaya en breña, cerca Hospital ino, Av, Tingo Maria, Av. Venezuela, Mercado, restaurants, minimarkets. Una ubicación perfecta para quienes buscan comodidad, y fácil acceso a todo. Características del departamento: Edificio de 11 pisos. Área: 68 m² Piso 10 – excelente iluminación y ventilación natural. Sala – comedor con balcón. Cocina solo con lavadero sin muebles. anexo lavandería. Therma. Conexión Gas natural proceso de ser habilitado. 3 dormitorios sin closet espacio para poner ropero. Habitación principal ingresa cama Queen. En secundarias en una ingresa cama plaza y media y en la otra cama de 2 plazas. 2 baños completo. Áreas comunes para disfrutar: Cooworking. Salón de reuniones y eventos, zona de juegos para niños. salón de billar y juegos. Gimnasio. Cuenta con ascensor, vigilancia 24 horas. Parqueo bicicletas. Precio de alquiler 1800. Mantenimiento: S/ 180. Condiciones 2 mes de garantía y 1 adelanto. Sustento de ingresos|https://www.adondevivir.com/propiedades/clasificado/alclapin-alquiler-de-lindo-departamento-estreno-en-brena-148905129.html?n_src=Listado&n_pills=%C3%81rea+de+lavander%C3%ADa&n_pg=1&n_pos=1|2026-02-23
adondevivir|departamentos|alquiler|Lima Centro|Brena|"Jirón Centenario 1215
Breña, Lima"|S/ 2,400|2400||||"75 m² tot.
2 dorm.
1 baño"|75|2|||Se Alquila Departamento Amoblado – Céntrico, Cómodo y Listo para Mudarte BreñaUbicación estratégica en el centro de la ciudad, Universidades, Hospítales, Clinicas, Av. PrincipalesIdeal para profesionales, parejas o familias pequeñasPrecio accesible: 2400 soles mensualesCaracterísticas del departamento: Área 75 m2 en el Piso 2 sin ascensor no se paga mantenimiento2 habitaciones amobladas: • 1 habitación principal con cama queen y closet empotrado• 1 habitación secundaria con cama de 2 plazas y closet1 Baño completo: • Ducha con bidé• Urinario• Agua caliente 24/7 (Gas Natural) 1 Cocina equipada: • Menaje completo• Electrodomésticos (cocina, microondas, refrigeradora, licuadora, etc.) • LavadoraServicios incluidos: • Internet de alta velocidad• Televisión y plataformas de streaming1 Sala comedor acogedora y totalmente amobladaListo para mudarse! Solo trae tu ropa. ________________________________________Ventajas: • Excelente ubicación: cerca de supermercados, transporte, restaurantes y centros de trabajo• Ideal para quienes buscan independencia y comodidad sin complicacionesRequisitos: • Contrato mínimo de 1 año, presentar sustento de ingresos• Garantia 2 meses• No se aceptan mascotas• El precio No incluye servicios basicosde agua, luz y gas calidda•Interesados llamar al Ver datospara agendar visita. ¡No dejes pasar esta oportunidad de vivir cómodo y bien ubicado! 121% comprometidos en brindarte un servicio de excelencia.|https://www.adondevivir.com/propiedades/clasificado/alclapin-se-alquila-departamento-amoblado-centrico-comodo-y-148442322.html?n_src=Listado&n_pills=Amoblado&n_pg=1&n_pos=2|2026-02-23
adondevivir|departamentos|alquiler|Lima Centro|Brena|"ALT CDRA 9 DE AV BRASIL
Breña, Lima"|S/ 800|800||||"30 m² tot.
1 dorm.
1 baño"|30|1|||Departamento de ocasión 800 soles. Alquilo min departamento alt cdra 9 de av brasil, cerca a la rambla, ubicado en zona céntrica y segura. Se muestra de lunes a domingos previa cita. Cuenta con 1 dormitorio, 1 baño, kitchener. Garantía 1x1. Informes al whatsapp 9, 0, 2, 4, 0, 9, 4, 2, 3 Alejandra Ching. El servicio de corretaje tiene un costo. Separa tu cita hoy mismo|https://www.adondevivir.com/propiedades/clasificado/alclapin-brena-1-dormitorio-800-soles-148833401.html?n_src=Listado&n_pg=1&n_pos=3|2026-02-23
adondevivir|departamentos|alquiler|Lima Centro|Brena|"Avenida Bolivia , Breña
Breña, Lima"|S/ 1,600 · USD 474|1600|474||90|"40 m² tot.
1 dorm.
1 baño"|40|1|||Sala amoblada. Ventanas con rollers screen. Kitchenette amoblada. Muebles de Melamina altos y bajos. Mesada de Granito. Campaña extractora. Refrigerador. Cocina. Terma. 1 Baño completo. 1 Dormitorio, una cama de dos plazas y dos veladores, con sus lamparas de mesa. 1 closet amplio con cajonera. 1 Terraza. Cuenta con elevador para discapacitados. Ascensores 2. Areas Sociales. Piscina. Gimnasio. Area de Parrillas. Area de recreo para niños. Salón de Eventos para adultos. 2 Baños para invitados más uno para discapacitados en las areas sociales. Condición 2 x 1. Contar con sustento de ingresos y no estar reportados en la central de riesgos. La cuota de mantenimiento es variable según consumo. Agende su Visita ya!|https://www.adondevivir.com/propiedades/clasificado/alclapin-alquilo-mini-departamento-amoblado-brena-148391846.html?n_src=Listado&n_pills=Gimnasio&n_pg=1&n_pos=4|2026-02-23
adondevivir|departamentos|alquiler|Lima Centro|Brena|"Jirón General Varela 1956
Breña, Lima"|S/ 2,400 · USD 715|2400|715||190|"74 m² tot.
3 dorm.
2 baños"|74|3|2||Se alquila amplio y acogedor departamento de 3 habitaciones ubicado en Jr. General Varela 1956, distrito de Breña, con excelente conectividad y acceso a las principales avenidas de Lima. El departamento cuenta con: 3 dormitorios espaciosos. 2 baños completos. Cocina tipo americana (abierta) con muebles altos y bajos. Sala comedor amplia y luminosa. Área de lavandería independiente. Precio de alquiler: S/ 2, 400 mensuales. Contrato mínimo: 1 año. Condiciones: 2x1. Ubicación estratégica con acceso rápido a la Avenida Arica, Avenida Venezuela y Avenida Brasil, facilitando la conexión hacia distintos puntos de la ciudad. En los alrededores se encuentra el centro comercial La Rambla Brasil, además de supermercados, farmacias, bancos y diversos comercios. Ideal para quienes buscan comodidad, buena distribución y una ubicación céntrica en Breña, contáctame para agendar tu visita|https://www.adondevivir.com/propiedades/clasificado/alclapin-alquilo-amplio-departamento-en-brena-148961550.html?n_src=Listado&n_pills=Guardian%C3%ADa%2FSeguridad+privada&n_pg=1&n_pos=5|2026-02-23
adondevivir|departamentos|alquiler|Lima Centro|Brena|"Jr. General Felipe Varela 1956
Breña, Lima"|S/ 3,300|3300|||380|"100 m² tot.
3 dorm.
3 baños
1 estac."|100|3|3|1|Vive en un dúplex moderno, funcional y con excelente iluminación natural, ubicado en el exclusivo Edificio Club House Varela Living. Un hogar ideal para quienes buscan amplitud, privacidad y comodidad, con áreas comunes completas (sin amoblar) distribución: nivel 1: - Sala – comedor, con excelente iluminación y un balcón con vista panorámica. - Cocina cerrada con ventilación y espacio para comedor de diario. - Dormitorio principal con clóset y baño privado. - Dos dormitorios secundarios. - Baño secundario, ideal también para visitas. nivel 2: - Un estudio que puede ser usado como un cuarto dormitorio con baño completo. - Lavandería amplia e independiente con tendales. - Therma eléctrica con WiFi, que permite control remoto de encendido. características adicionales. - 1 cochera paralela en primer sótano. - 2 ascensores marca Schindler. - Seguridad 24/7. áreas comunes. 2 piscinas (adultos y niños), Gimnasio, Sala sum, Sala de juegos, Zona de parrilla y Juegos para niños. Condiciones. Renta: S/ 3, 300. 00. Mantenimiento: S/ 380. 00 aprox. (no incluye agua) Condición: 2x1. Contrato mínimo: 1 año. Buen récord en Infocorp. Ingresos sustentables y demostrables. Contáctame para mayor información.|https://www.adondevivir.com/propiedades/clasificado/alclapin-alquiler-duplex-con-terraza-areas-comunes-tipo-club-149009437.html?n_src=Listado&n_pills=Parrilla&n_pg=1&n_pos=6|2026-02-23
adondevivir|departamentos|alquiler|Lima Centro|Brena|"Jr. Jorge Chávez 544
Breña, Lima"|S/ 1,200|1200||||"48 m² tot.
2 dorm.
1 baño"|48|2|||Moderno mini-departamento ubicado en el sexto piso de un edificio bien mantenido, en una zona tranquila y de fácil acceso, dentro del distrito de Breña, con rápida conexión hacia el centro de Lima y áreas comerciales consolidadas, además de cercanía a Plaza Bolognesi. Cuenta con un área total aproximada de 48 m² y ofrece una distribución práctica y funcional. La sala-comedor principal es cómoda, bien iluminada y con vista exterior, lo que permite disfrutar de luz natural y buena ventilación, además de un adecuado aislamiento del ruido urbano. La kitchenette es moderna y muy funcional, equipada con muebles altos y bajos en melanina, poza de acero inoxidable con caño y piso de porcelanato, logrando un ambiente armónico, fácil de mantener y visualmente integrado al resto del departamento. Los dos dormitorios presentan buena iluminación y ventilación natural, creando espacios acogedores ideales para el descanso diario. El departamento dispone de baño completo, terma propia y una pequeña terraza con vista exterior, perfecta para relajarse sin salir de casa. Su ubicación es uno de sus mayores atributos: se encuentra muy cerca de supermercados, colegios, restaurantes, cafés, farmacias y bancos, además de contar con transporte público permanente y una conectividad fluida hacia las principales vías del sector, lo que facilita el desplazamiento a distintos puntos de la ciudad. Una excelente alternativa para quienes buscan comodidad, funcionalidad y una ubicación estratégica en una zona comercial con alto movimiento.|https://www.adondevivir.com/propiedades/clasificado/alclapin--minidepartamento-en-brena-de-2-dorm.-ubicado-en-148970984.html?n_src=Listado&n_pills=Cerca+a+colegios&n_pg=1&n_pos=7|2026-02-23
adondevivir|departamentos|alquiler|Lima Centro|Brena|"Av. Brasil 7
Breña, Lima"|S/ 1,300|1300||||"40 m² tot.
1 dorm.
1 baño"|40|1|||+servicios adicionales/ mini indep con vista calle, consta de una sala-kitchentt, con repost ayb, 1 dormitorio con closett, con conexión para lavadora, agua caliente, baño completo. whassap Anali Barrantes: 9. 4. 7 9. 0. 3 5. 3. 3 / ikasa corretaje tiene costo|https://www.adondevivir.com/propiedades/clasificado/alclapin-7-av-brasil-vista-calle-c-lavanderia-1x1-149011545.html?n_src=Listado&n_pg=1&n_pos=8|2026-02-23
adondevivir|departamentos|alquiler|Lima Centro|Brena|"Jr Pomabamba 589
Breña, Lima"|S/ 2,100 · USD 618|2100|618||270|"65 m² tot.
3 dorm.
2 baños
1 estac."|65|3|2|1|Moderno Departamento Amoblado en Alquiler – Breña Disfruta de 65 m² de comodidad en este departamento listo para mudarte, ubicado en el 8° piso con ascensor. Lo que ofrece: 3 dormitorios con closets de melamina y pisos laminados 2 baños completos Sala y comedor amplios y luminosos Cocina moderna con reposteros altos y bajos de melamina, cocina empotrada a gas natural, campana extractora, terma a gas y mesón con acabados de pimienta sal y granito Balcón con excelente iluminación natural Lavadora incluida Estacionamiento N°48?? Áreas comunes: Piscina, gimnasio, sauna, sala de cine, área de juegos para niños, cancha de fulbito y sala de eventos. Ubicación estratégica: Jirón Pomabamba 850, referencia Av. Zorritos, con fácil acceso a Av. Brasil, Av. Universitaria y Av. Sucre, Breña. Cerca de transporte, comercios y todos los servicios. Ideal para quienes buscan comodidad, seguridad y diversión sin salir de casa.|https://www.adondevivir.com/propiedades/clasificado/alclapin-oportunidad:-departamento-en-alquiler-en-brena-148871907.html?n_src=Listado&n_pills=Ascensor&n_pg=1&n_pos=9|2026-02-23
adondevivir|departamentos|alquiler|Lima Centro|Brena|"Jiron Pilcomayo al 600
Breña, Breña"|S/ 1,200|1200|||78|"46 m² tot.
1 baño"|46||||Maria palacios 9. 1. 4. 7. 7. 8. 0. 9. 8Acogedor departamento de 46 m2, de 1 dormitorio ubicado en el segundo piso, vista interior, bien iluminado, ventilado y excelente distribución en Jr. Pilcomayo en el distrito de Breña, altura de la cuadra 12 y 13 de la Av. Arica o la cuadra 14 de la Av. Venezuela o entre las cuadras 11 y 12 de la Av. Tingo María altura de la upn, con acceso a avenidas principales. Descripción• sala-comedor con pisos de parquet y cortinas nuevas• 01 dormitorio con pisos de parquet y cortinas nuevas. • cocina cerrada. • 01 baño completo con ducha eléctrica. • lavanderia, en patio interno• El edificio no cuenta con ascensor, pero tiene escaleras amplias y descansadas. • El departamento no cuenta con estacionamiento. • Ideal para persona sola o parejaInformación adicional• Mantenimiento mensual S/. 78. 00• Agua mensual S/. 35. 00 (aprox – se aplica prorrateo). • Arbitrios municipales mensuales S/. 15. 60. • Contrato de alquiler mínimo 01 año. • sin mascotas• Requisitos para programar visitas: indicar N° dni y tener buena calificación en el sector financieroPrecio de alquiler: S/. 1, 200. 00 (02 meses de garantía y 1 adelantado) No dejes de pasar esta oportunidad, agenda una visita|https://www.adondevivir.com/propiedades/clasificado/alclapin-alquilo-departamento-en-brena-de-46-m-sup2-148952320.html?n_src=Listado&n_pills=%C3%81rea+de+lavander%C3%ADa&n_pg=1&n_pos=10|2026-02-23
adondevivir|departamentos|alquiler|Lima Centro|Brena|"Pucallpa 247, Breña 15083, Perú
Breña, Lima"|S/ 3,000 · USD 887|3000|887|||"108 m² tot.
3 dorm.
2 baños
1 estac."|108|3|2|1|¡alquila el hogar de tus sueños en breña! ¿Buscas comodidad, ubicación y seguridad en un solo lugar? Este hermoso departamento amoblado lo tiene todo. Ubicado en una zona estratégica y residencial, a tan solo dos cuadras de Plaza La Bandera, en un primer piso dentro de un condominio moderno, tranquilo y seguro. Características principales: 3 amplias habitaciones con clóset empotrado (la principal con baño incluido y excelente iluminación natural). Sala – comedor espaciosa y elegante, ideal para disfrutar momentos en familia o recibir visitas. Cocina totalmente equipada, con reposteros altos y bajos, lista para que prepares tus mejores recetas. Área de lavandería independiente y patio trasero, perfecto para mayor comodidad y ventilación. 02 baños completos con acabados modernos. Cochera privada dentro del condominio. Vigilancia y seguridad las 24 horas con control de ingreso. Ubicación privilegiada: Situado en una de las zonas más accesibles y buscadas de Breña, rodeado de todo lo que necesitas para vivir con confort: A minutos de hospitales y clínicas reconocidas. Cercano a universidades e institutos. Próximo a parques y áreas verdes para disfrutar de la tranquilidad. Fácil acceso a centros comerciales, mercados y avenidas principales. Este departamento ofrece un ambiente apacible, moderno y acogedor, ideal para quienes buscan vivir con estilo, seguridad y una excelente ubicación. ¡No dejes pasar esta oportunidad! Agenda tu visita hoy mismo y descubre por qué este puede ser tu nuevo hogar en Breña. R. U. C Ver datos|https://www.adondevivir.com/propiedades/clasificado/alclapin-hermoso-departamento-amoblado-primer-piso-con-147959044.html?n_src=Listado&n_pills=%C3%81rea+de+lavander%C3%ADa&n_pg=1&n_pos=11|2026-02-23
adondevivir|departamentos|alquiler|Lima Centro|Brena|"NAPO 238 BREÑA
Breña, Lima"|S/ 1,800|1800||||"110 m² tot.
3 dorm.
3 baños"|110|3|3||Si buscas espacio, comodidad y ubicación estratégica, este tríplex es una excelente oportunidad para vivir con independencia y amplitud dentro de un condominio pequeño y tranquilo. Ubicado en zona residencial de Breña, a la altura de la cuadra 13 de Avenida Venezuela, muy cerca de comercios, supermercados, farmacias y colegios como Colegio La Salle. Características generales: - Área construida: 110 m² - Departamento tríplex de estreno. - Condominio de solo 3 pisos y 5 departamentos (ambiente familiar y privado) - Acceso por pasillo remodelado. Distribución: Primer nivel. - Recibidor. - Medio baño de visita. - Escalera hacia segundo nivel. Segundo nivel. - Sala – comedor con buena iluminación. - Baño completo. - Cocina con muebles altos y bajos. Tercer nivel. - Hall de estar. - 2 dormitorios, ambos con baño incorporado. Cuarto nivel (azotea propia) - Área de lavandería y tendal. - Amplio espacio ideal para zona de parrilla o terraza privada. Condiciones. - Modalidad: 2x1. - Mantenimiento y arbitrios incluidos en la renta mensual|https://www.adondevivir.com/propiedades/clasificado/alclapin-alquiler-brena-triplex-amplio-y-confortable-110-148837088.html?n_src=Listado&n_pills=Cerca+a+colegios&n_pg=1&n_pos=12|2026-02-23
adondevivir|departamentos|alquiler|Lima Centro|Brena|"Jirón Loreto 1784
Breña, Lima"|S/ 2,300 · USD 688|2300|688|||"60 m² tot.
3 dorm.
2 baños"|60|3|2||"Departamento de Estreno en Alquiler – Breña | 60 m² Vive la experiencia de estrenar tu nuevo hogar en una de las zonas con mayor crecimiento de Breña. Moderno, funcional y con excelentes áreas comunes diseñadas para tu comodidad y estilo de vida. Características del Departamento – Piso 7 (Dpto. 702)? 60 m² bien distribuidos? 3 ambientes cómodos? 2 dormitorios secundarios con clósets? 1 baño completo compartido? Dormitorio principal con baño privado? Cocina funcional? Área de lavandería Ubicado en el último piso, con excelente iluminación y privacidad. Áreas Comunes Exclusivas Piscina con duchas 3 ambientes amplios para reuniones familiares Sala para niños (1er piso) Sala de entretenimiento con 3 televisores y PlayStation 2 ambientes para reuniones de trabajo 4 salas para clases personalizadas o trabajo individual Estacionamiento en sótano 1 (autos y bicicletas) Área especial para baño de mascotas Ubicación EstratégicaUbicado en el distrito de Breña, con acceso rápido a avenidas principales, centros comerciales, colegios y transporte público. Ideal para familias jóvenes, profesionales que trabajan desde casa o quienes buscan comodidad y espacios modernos en un solo lugar. Agenda tu visita hoy mismo y estrena el departamento que estabas buscando. R. U. C Ver datos"|https://www.adondevivir.com/propiedades/clasificado/alclapin-departamento-de-estreno-en-alquiler-brena-60-149014195.html?n_src=Listado&n_pills=%C3%81rea+de+lavander%C3%ADa&n_pg=1&n_pos=13|2026-02-23
adondevivir|departamentos|alquiler|Lima Centro|Brena|"Jirón Breña
Breña, Lima"|S/ 1,801 · USD 436|1801|436||181|"68 m² tot.
3 dorm.
2 baños"|68|3|2||"Rosmery caballero: 973--887//327. ## Alquiler Departamento de Estreno en Breña 68 m² 3 Dorm Piso 10 con Balcón. **S/ 1, 800 | Piso Alto | Excelente Iluminación | Áreas Comunes** Vive en un departamento nuevo en Breña, ubicado en Jr. Chamaya, en piso 10, con muy buena distribución y ventilación natural. Ideal para quienes buscan comodidad, seguridad y fácil acceso a las principales avenidas. # Ubicación estratégica. A minutos del Hospital ino, Av. Tingo María y Av. Venezuela. Cerca de mercados, restaurantes, minimarkets y diversos comercios. Conectividad rápida hacia toda la ciudad. # Características del departamento – 68 m² - Sala comedor amplia con balcón. - Cocina con lavadero (sin muebles, lista para implementar a tu gusto) - Área de lavandería independiente. - Therma instalada. - Conexión a gas natural en proceso. # 3 dormitorios bien distribuidos. - Dormitorio principal con espacio para cama Queen. - Dormitorio secundario para cama plaza y media. - Tercer dormitorio con espacio para cama de 2 plazas. - Espacio para instalar clósets. # 2 baños completos. # Edificio moderno con áreas comunes. - Coworking. - Salón de reuniones y eventos. - Zona de juegos para niños. - Sala de billar. - Gimnasio. Edificio con ascensor, vigilancia 24/7 y estacionamiento para bicicletas. Mantenimiento: S/ 180. Condiciones: 2 meses de garantía + 1 mes adelantado. Sustento de ingresos. Agenda tu visita y aprovecha esta excelente opción de alquiler en Breña. Si quieres, puedo prepararte una versión aún más “agresiva comercialmente” para que destaque frente a otros avisos similares en Urbania."|https://www.adondevivir.com/propiedades/clasificado/alclapin-moderno-departamento-en-brena-piso-alto-3-dorm-listo-148948913.html?n_src=Listado&n_pills=Cerca+a+colegios&n_pg=1&n_pos=14|2026-02-23
adondevivir|departamentos|alquiler|Lima Centro|Brena|"ALT CDRA 14 DE AV ARICA
Breña, Lima"|S/ 1,000|1000||||"60 m² tot.
1 dorm.
1 baño"|60|1|||Departamento de ocasión 1, 000 soles. Alquilo departamento alt cdra 14 de av arica, cerca a parque, ubicado en zona céntrica y segura. Se muestra de lunes a domingos previa cita. Cuenta con 1 dormitorio, 2 baños, sala, comedor, cocina, lavandería. Informes al WhatsApp 9, 0, 2, 4, 0, 9, 4, 2, 3 Alejandra Ching. El servicio de corretaje tiene un costo. Separa tu cita hoy mismo|https://www.adondevivir.com/propiedades/clasificado/alclapin-brena-1-dormitorio-1-000-soles-148828099.html?n_src=Listado&n_pills=%C3%81rea+de+lavander%C3%ADa&n_pg=1&n_pos=15|2026-02-23
adondevivir|departamentos|alquiler|Lima Centro|Brena|"ALT CDRA 13 DE AV VENEZUELA
Breña, Lima"|S/ 900|900||||"30 m² tot.
1 dorm.
1 baño"|30|1|||Departamento de ocasión 900 soles. Alquilo departamento alt cdra 13 de av venezuela, cerca a parques, ubicado en zona céntrica y segura. Se muestra de lunes a domingos previa cita. Cuenta con 1 dormitorio, 1 baño, sala, cocina, lavandería. Garantía 1x1. Garantía 1x1. Informes al whatsapp 9, 0, 2, 4, 0, 9, 4, 2, 3 Alejandra Ching. El servicio de corretaje tiene un costo. Separa tu cita hoy mismo|https://www.adondevivir.com/propiedades/clasificado/alclapin-brena-1-dormitorio-900-soles-148828003.html?n_src=Listado&n_pills=%C3%81rea+de+lavander%C3%ADa&n_pg=1&n_pos=16|2026-02-23
adondevivir|departamentos|alquiler|Lima Centro|Brena|"Avenida Brasil 834
Breña, Lima"|S/ 1,800 · USD 550|1800|550||200|"65 m² tot.
1 dorm.
2 baños"|65|1|2||Vive en las alturas de Breña – DúplexDescubre este exclusivo departamento dúplex ubicado en una zona estratégica de Breña, con fácil acceso a las principales avenidas Av. Brasil, Av. Centenario y La Rambla.? Piso 27, con excelente iluminación natural y vistas privilegiadas.? 1 habitación amplia con clóset y baño incorporado. 2 baños completos, diseño moderno y funcional.? Cocina equipada con reposteros altos y bajos, ideal para optimizar cada espacio. Perfecto para quienes buscan comodidad, conectividad y un estilo de vida urbano, cerca de comercios, transporte y todo lo que necesitas en tu día a día. Breña – ubicación estratégica|https://www.adondevivir.com/propiedades/clasificado/alclapin-alquiler-departamento-duplex-al-lado-de-la-rambla-148872013.html?n_src=Listado&n_pg=1&n_pos=17|2026-02-23
adondevivir|departamentos|alquiler|Lima Centro|Brena|"jr Orbegoso al 800
Breña, Lima"|S/ 2,000|2000||||"120 m² tot.
2 dorm.
2 baños"|120|2|2||"Solicitar visita: 9. 3. 6. 8. 6. 3. 2. 2. 0 / Gaby Pinedo/ id Ver datosalquiler en Breña – Ideal para Vivienda u Oficina? Jr. Orbegozo cdra. 8 – Excelente ubicación, zona estratégica y de fácil acceso, cerca de: • Universidad Privada del Norte (upn) , Avenida Tingo María (Alt. Cdra. 13) • Avenida Venezuela, Colegio Mariano Melgar, Avenida Aguarico? Precio: S/. 2, 000 mensuales? Área: 120 m² | 3er piso (con escalera)? Distribución Amplia y Funcional? Sala comedor amplia con balcón y vista a la calle? Sala de estar o estudio (ideal para oficina privada)? 2 dormitorios amplios (uno con closet)? Cocina espaciosa con muebles altos y bajos? 2 baños completos? Gas natural? Tendal? No cuenta con cochera? Ideal para: • Familia que busque espacios amplios y cómodos• Oficina administrativa• Estudio profesional(Modalidad oficina a puerta cerrada) Condiciones• 2 meses de garantía y 1 mes de adelanto? Requisitos• Sustento de ingresos (3) últimas boletas de pago• Buen historial crediticio (Infocorp)"|https://www.adondevivir.com/propiedades/clasificado/alclapin-alquiler-de-departamento-en-brena-2dorm.-120-m-sup2-148980643.html?n_src=Listado&n_pg=1&n_pos=18|2026-02-23
adondevivir|departamentos|alquiler|Lima Centro|Brena|"Jr. Breña 228 - Breña
Breña, Lima"|S/ 1,650|1650||||"40 m² tot.
1 dorm.
1 baño"|40|1|||Se alquila mini departamento de 1 dormitorio + estudio, ubicado en Jr. Breña, cdra 2, queda al costado de la Choza Náutica, cerca de hospitales como clínica Internacional, Loayza, Bartolomé Hospital del Niño, Av. Principales, como Av. Wilson, Alfonzo Ugarte, Av. Brasil, bancos, institutos, cc. Como La Rambla, Plaza Vea, mercados, entre otros. El dpto. Se encuentra totalmente amoblado* Sala comedor* Cocina equipada* Dormitorio amplio* Estudio* Baño completo* Lavandería+ Condiciones: * Máximo 2 personas mayores* Ideal para estudiantes o personas que trabajen cerca. * No mascotas* Alquiler S/1, 750* 2 de garantía* 1 de adelanto* Estar bien reportado en el sistema financieroAgenda tu visita de L-D previa cita|https://www.adondevivir.com/propiedades/clasificado/alclapin-alquilo-mini-departamento-amoblado-en-brena-148827541.html?n_src=Listado&n_pills=%C3%81rea+de+lavander%C3%ADa&n_pg=1&n_pos=19|2026-02-23
adondevivir|departamentos|alquiler|Lima Centro|Brena|"JIRON NAPO 847
Breña, Lima"|S/ 1,700 · USD 490|1700|490||230|"65 m² tot.
2 dorm.
1 baño
1 estac."|65|2||1|Alquiler acogedor departamento de 65M2, 02 dormitorios con closet, 01 baño, sala, comedor, cocina americana, área de lavandería Y cochera incluída, en breña A una cuadra Y media de av. Arica, cerca de centro comercial la rambla, colegios, centros de atención médica, cines, bancos, cerca A avenidas principales, facilidad de transporte público A cualquier zona de lima. Vigilancia 24/7, áreas comunes, piso bajo.|https://www.adondevivir.com/propiedades/clasificado/alclapin-se-alquila-comodo-departamento-en-brena-143522867.html?n_src=Listado&n_pills=Cerca+a+colegios&n_pg=1&n_pos=20|2026-02-23
adondevivir|departamentos|alquiler|Lima Centro|Brena|"Jr. Aguaytía 185
Breña, Lima"|S/ 2,700|2700||||"100 m² tot.
4 dorm.
4 baños"|100|4|4||Oportunidad de alquiler, amplio departamento para tu comodidad. 100mt2 vista externa. el dpto esta ubicado en el 1er piso. ️sala comerdor amplia, bien iluninada. 4 dormitorios. 4 baño. linda cocina con muebles altos Y bajos cocina cerrada. zona de lavanderia. *todos los servicios son independientes no incluye en el pago mensual. *cuenta con gas calida. *camara de seguridad. *contrato un año minimo. modalida de pago 1×1. un mes de adelanto 1 garantia. no mascotas. Tl para citas. 9*9*9*0*7*3*6*1*5 susana rivera|https://www.adondevivir.com/propiedades/clasificado/alclapin-alquiler-departamemto-de-100-mt-4dor-brena-148837285.html?n_src=Listado&n_pills=%C3%81rea+de+lavander%C3%ADa&n_pg=1&n_pos=21|2026-02-23
adondevivir|departamentos|alquiler|Lima Centro|Brena|"AV TINGO MARIA BREÑA
Breña, Lima"|S/ 900|900||||"18 m² tot.
1 dorm.
1 baño"|18|1|||Se alquila dormitorio ampliode dos ambientes – breña. Av. Tingo María 1579 – Breña. Altura de la Av. Bertello, Cerca a Plaza de la Bandera, Mercado Millenium, upn y principales avenidas. Excelente oportunidad para vivir o trabajar en una zona estratégica y de alto tránsito. Ideal para vivienda, para persona sola o pareja, con excelente ubicación y precio accesible en Breña. Caracteristicas: - Área: 18 m² - 2 ambientes bien distribuidos. - 1 baño completo. - Piso 3. - Vista a la calle. - Edificio tranquilo y de fácil acceso. - Precio de alquiler: S/ 900 soles ( incluye servicios de luz y agua) condiciones: - 1 mes de adelanto + 1 mes de garantía. - Contrato mínimo de 1 año. - Sustentar ingresos (Boletas de pago – capacidad de pago) - Buen historial crediticio (Infocorp) ¡Agenda tu visita y asegura tu espacio hoy mismo!|https://www.adondevivir.com/propiedades/clasificado/alclapin-alquiler-de-dormitorio-amplio-de-dos-ambientes-en-148572120.html?n_src=Listado&n_pills=Cerca+a+colegios&n_pg=1&n_pos=22|2026-02-23
adondevivir|departamentos|alquiler|Lima Centro|Brena|"Av. Brasil cuadra 7
Jesús María, Lima"|S/ 2,200 · USD 655|2200|655||190|"60 m² tot.
2 dorm.
2 baños"|60|2|2||Contacto: Grover Rosas celular: 9. 6. 1. 8. 9. 1. 5. 2. 7. Solicitar video del dpto. Vía Whatsapp. Alquilo departamento de 60m2 con con balcón y vista interior con buena iluminación, cuenta con 2 Dormitorios con closet, 1 baño, ubicado en piso 6 con ascensor, Distrito jesus maria, excelente ubicación en la misma Av Brasil, frente al cc Rambla y Hospital del Niño, cerca a avenidas principales como Av 28 de Julio, Av Garzon, a unas cuadras del Campo Marte, Referencia del inmueble: Av Brasil Cda. 8. Características: - 2 Dormitorios. - Cocina tipo americana con reposteros altos y bajos. - 1 baño completo. - Área 60m2. - Ubicado en piso 6 con balcón vista interior. - Mantenimiento aprox. S/. 190 incluye agua. - Arbitrios S/ 30 aprox. Edificio cuenta con áreas comunes como: - Piscina y Jacuzzi. - Sala sum. - gym. - CoWorking. - Parrilla. - Juegos para niños. - Sala para adultos con mesa de billar. Condiciones: - Contrato mínimo 12 meses. - Demostrar sustento de ingresos (boletas de pago) - Previa evaluación a Infocorp. - Garantía 2 x 1|https://www.adondevivir.com/propiedades/clasificado/alclapin-se-alquila-departameto-de-60-m-sup2--en-piso-6-149022807.html?n_src=Listado&n_pills=Piscina&n_pg=1&n_pos=1|2026-02-23
adondevivir|departamentos|alquiler|Lima Centro|Brena|"Calle Teodoro Cárdenas 214
Lima Cercado, Lima"|S/ 2,600 · USD 774|2600|774||320|"80 m² tot.
3 dorm.
2 baños"|80|3|2||Solo se alquila amoblado!! Solo se alquila amoblado!! Celular: 9. 6. 1. 8. 9. 1. 5. 2. 7 / Solicitar Video por WhatsApp. Se alquila lindo Departamento de 3 Dormitorios con walking closet, y cuenta con balcón en la sala y dormitorio, de area 80m2, ubicado en piso 14 vista panoramica, departamento bien ubicado muy cerca al Hospital Rebagliati a tan solo 2 cuadras, edificio muy buscado por personal Medico, cuenta con Linda areas comunes. Dirección: teodoro cardenas 214, . imite a lince. Edificio cuenta con gas Natural. Características: - 3 Dormitorios con camas. - 2 Baños completos. - Area 80m2. - Sala con Balcón. - cuenta con lavadora. - Cocina con Reposteros altos y bajos. - Cocina y Horno empotrado. - Ubicado piso 14 vista exterior. - terma y cocina a gas natural. - Mantenimiento S/. 320 incluye agua. - Inquilino paga arbitrios. Areas comunes: - Piscina. - Gimnasio. - 2 Zonas de parrillas. - Zona de juegos para Niños. - Sala de Reuniones. Condiciones: - Contrato mínimo 12 meses. - Previa evaluación a infocorp. - Demostrar sustento de ingresos (Boletas de pago) - Garantía 2x1|https://www.adondevivir.com/propiedades/clasificado/alclapin-se-alquila-departamento-amoblado-de-80-m-sup2--de-3-148910435.html?n_src=Listado&n_pills=Piscina&n_pg=1&n_pos=2|2026-02-23
adondevivir|departamentos|alquiler|Lima Centro|Brena|"Avenida San Felipe 11440
Jesús María, Lima"|S/ 2,000|2000|||200|"50 m² tot.
1 dorm.
1 baño
1 estac."|50|1||1|Se alquila mini departamento super iluminado de 50m2 en cuarto piso mas 1 estacionamiento ubicados en la av San Feilpe 1140, Jesús María. Sin mascotas, (ninguna excepción) Distribución: - 1 dormitorio amplio. - 1 espacio para una oficina. - Cocina americana y lavandería. Contrato mínimo 1 año, 2 meses de garantía mas 1 renta adelantada, mantenimiento S/200 incluye el servicio del agua. Edificio de 4 años de antigüedad, no areas comunes, acceso por Avenida San Felipe. Informes y citas al Ver datos Jose Palomino.|https://www.adondevivir.com/propiedades/clasificado/alclapin-se-alquila-lindo-mini-dpto-con-1-estac-en-av-san-145305842.html?n_src=Listado&n_pills=Cerca+a+colegios&n_pg=1&n_pos=3|2026-02-23
adondevivir|departamentos|alquiler|Lima Centro|Brena|"Jirón Mariscal Miller 1030
Jesús María, Lima"|S/ 2,500|2500|||190|"71 m² tot.
2 dorm.
2 baños"|71|2|2||Alquiler de moderno departamento en jesús maría – excelente ubicación. Vive en una de las zonas más estratégicas de Jesús María, con acceso inmediato a las principales avenidas y rodeado de instituciones importantes, áreas verdes y centros de salud. Ubicado en Jr. Mariscal Miller 1030 – Jesús María, a pocos minutos caminando del Hospital Rebagliati, incor, sunafil, Contraloría, Ministerio de Trabajo, Ministerio de Salud, Circuito Mágico del Agua y Campo de Marte. Con fácil conexión a Av. Salaverry, Av. Arequipa, Av. Arenales y Av. Brasil. Distribución: Sala comedor amplia y bien iluminada. Cocina estilo americana con reposteros altos y bajos. (incluye encimera, horno a gas y campana extractora) 01 dormitorio principal (entra cama Queen) con walking closet y baño completo. 01 dormitorio secundario (entra cama plaza y media) 01 sala de estudio (puede utilizarse como tercer dormitorio) 01 baño completo adicional. Mini hall de distribución. Lavandería independiente. Cuenta con gas natural, terma a gas y tendal con moderno sistema de poleas para mejor manejo y secado de ropa. Ubicado en piso 3 con vista interior. Edificio: Moderno edificio de 17 pisos con: 02 ascensores. 01 ascensor para discapacitados. Lobby de recepción. Gimnasio equipado. Salón social. Terraza panorámica. Zona de parrilla. Sistema de seguridad con acceso controlado y circuito cerrado de tv. condiciones: No incluye servicios, mantenimiento ni arbitrios. Modalidad 2x1 (02 meses de garantía + 01 mes adelantado) Contrato mínimo por 1 año. No mascotas. Ideal para profesionales, parejas o familias pequeñas que buscan comodidad, seguridad y una ubicación estratégica. Agenda tu visita hoy mismo. Contáctame para más información o coordinar una visita.|https://www.adondevivir.com/propiedades/clasificado/alclapin-alquiler-de-departamento-en-jesus-maria-149044528.html?n_src=Listado&n_pills=%C3%81rea+de+lavander%C3%ADa&n_pg=1&n_pos=4|2026-02-23
adondevivir|departamentos|alquiler|Lima Centro|Brena|"Avenida Tingo María 1048
Lima Cercado, Lima"|"S/ 1,900
5%"|1900||5%|220|"63 m² tot.
3 dorm.
2 baños"|63|3|2||Se alquila amplio y cómodo departamento ubicado en la Av. Tingo María, cruce con Av. Venezuela, en el Cercado de Lima límite con Breña. Zona estratégica, muy cerca de la Universidad upn, colegios, comercios y principales vías de acceso. Área: 64 m² Piso 5. Vista interna. 3 dormitorios. 2 baños (uno incorporado en el dormitorio principal) Sala – comedor. Cocina con reposteros altos y bajos. Cocina empotrada, horno, campana y terma. Gas natural. Áreas comunes del edificio: - Sala sum. Precio de alquiler: S/ 1900. Mantenimiento: S/ 220. Contrato mínimo: 1 año. Condiciones: 2 meses de garantía + 1 mes de adelanto. Ideal para familias, parejas o personas que busquen comodidad, buena ubicación y fácil acceso a todo.|https://www.adondevivir.com/propiedades/clasificado/alclapin-alquilo-acogedor-departamento-bien-ubicado-148785498.html?n_src=Listado&n_pills=Guardian%C3%ADa%2FSeguridad+privada&n_pg=1&n_pos=5|2026-02-23
adondevivir|departamentos|alquiler|Lima Centro|Brena|"Salaverry 2192
Jesús María, Lima"|S/ 2,500|2500|||250|"60 m² tot.
2 dorm.
2 baños
1 estac."|60|2|2|1|Excelente alternativa! A pasos del cc Salaverry y de la upc, Pacifico, etc. 62 m2 ubicado en el piso 9. El edificio cuenta con grupo electrógeno. Cuenta con conexión a gas Cálida. sala, comedor, lavandería, balcón, 2 baños (un baño incorporado), 2 dormitorios (principal con ventanas antirruido), un estacionamiento. Cuenta con dos tendales. Precio de alquiler S/. 2, 500. Mantenimiento S/. 250|https://www.adondevivir.com/propiedades/clasificado/alclapin-practico-y-funcional-departamento-salaverry-2192-a-91429496.html?n_src=Listado&n_pills=Gimnasio&n_pg=1&n_pos=6|2026-02-23
adondevivir|departamentos|alquiler|Lima Centro|Brena|"Coronel Camilo Carrillo 214 - Jesús María
Jesús María, Lima"|S/ 2,500 · USD 690|2500|690||350|"91 m² tot.
2 dorm.
1 baño"|91|2|||Este encantador departamento en &quot;primer piso con patio&quot; de 91 metros cuadrados está ubicado en una zona tranquila y conveniente de Jesús María. Con dos dormitorios acogedores, un baño completo, una amplia sala de juegos para niños, un patio adicional amplio solo para ti, terma moderna, un espacioso depósito, un comedor luminoso y una cocina totalmente equipada, este espacio ofrece comodidad y funcionalidad para ti y tu familia. Además, podrás disfrutar de las áreas comunes del edificio, que incluyen un área de parrillas compartida ideal para reuniones sociales, y un área especialmente diseñado para tus hijos equipado para mantenerlos activos y saludable. A 5 minutos de Real plaza Salaverry y centro cívico, a unas cuadras del Parque de la reserva y estadio nacional y de fácil acceso y salida a cualquier parte de Lima. La seguridad es una prioridad aquí, con un sistema de vigilancia las 24 horas del día para tu tranquilidad y conveniencia. Además, el edificio cuenta con estacionamiento privado opcional para residentes, brindándote la comodidad de tener un lugar seguro para tu vehículo. Con una tarifa de alquiler mensual de 2500 soles, este departamento es una excelente opción para aquellos que buscan un lugar espacioso, seguro y bien ubicado para llamar hogar. La cochera es opcional (no incluye en el alquiler) y mantenimiento aproximados de 350 soles según consumo de agua. Obs: Dormitorio principal puede entrar hasta cama Queen y en el dormitorio secundario entra cama de plaza y media o puede ser un estudio. ¡No dejes pasar esta oportunidad y agenda una visita hoy mismo! jc 06/25Proyectum|https://www.adondevivir.com/propiedades/clasificado/alclapin-departamento-en-alquiler-jesus-maria-148915141.html?n_src=Listado&n_pills=Parrilla&n_pg=1&n_pos=7|2026-02-23
adondevivir|departamentos|alquiler|Lima Centro|Brena|"Mariscal Miller Cuadra 10 Cerca AL Hospital Rebagliatti
Jesús María, Lima"|S/ 2,500|2500|||215|"71 m² tot.
2 dorm.
2 baños"|71|2|2||Se alquila moderno departamento de 2 Dormitorios + estudio en Jesús María, ubicado en el piso 3 (vista interna pero con buena iluminación y ventilación) cuenta con una excelente ubicación, a pocos minutos del Hospital Rebagliati, incor, sunafil, Contraloría, Ministerio de Trabajo, Ministerio de Salud, Circuito Mágico del Agua y Campo de Marte. Fácil acceso a importantes avenidas como Av. Salaverry, Av. Arequipa, Av. Arenales y Av. Brasil. Condiciones: Alquiler mensual: S/ 2, 500. 00 / Mantenimiento: S/ 215. 00 (incluye agua) / Arbitrios: S/ 58. 00Modalidad: 2 meses de garantía y 1 mes de adelanto / Contrato mínimo de un añoNo se permiten mascotasCuenta con una amplia y luminosa sala comedor, cocina de estilo americano con reposteros altos y bajos, encimera a gas, horno empotrado y campana extractora. El dormitorio principal tiene capacidad para cama Queen, walking closet y baño completo incorporado. El dormitorio secundario permite cama de plaza y media, maximo 2 plazas (no cuenta con ropero). Además, dispone de una sala de estudio que puede adaptarse como tercer dormitorio según necesidad. Se complementa con un baño completo adicional, mini hall y lavandería independiente. El departamento cuenta con gas natural, terma a gas y tendal con moderno sistema de poleas que facilita el secado y manejo de ropa. Vista interior. El edificio ofrece excelentes áreas comunes: elegante lobby de ingreso, gimnasio equipado, salón social, terraza panorámica y zona de parrillas. Dispone de dos ascensores más un ascensor para personas con discapacidad, así como sistema de seguridad con acceso controlado y circuito cerrado de televisión, brindando tranquilidad y confort. Requisitos: sustento de ingresos formales y verificación de reporte Infocorp. Ideal para quienes buscan comodidad, seguridad y una ubicación estratégica en un entorno moderno y bien conectado.|https://www.adondevivir.com/propiedades/clasificado/alclapin-alquilo-dpto-en-jesus-maria-de-2-dorm-cerca-al-149032312.html?n_src=Listado&n_pills=Seguridad&n_pg=1&n_pos=8|2026-02-23
adondevivir|departamentos|alquiler|Lima Centro|La Victoria|"Jorge Salazar Araoz 171
La Victoria, Lima"|Consultar precio||||265|"273 un.
1 a 2 dorm.
40 a 69 m² tot."|40 a 69|1 a 2|||Ubicado en el corazón de Santa Catalina, este proyecto te ofrece el equilibrio perfecto entre comodidad y conexión. Además, su estratégica ubicación te permite estar cerca de todo lo que necesitas, con fácil acceso a los principales puntos de la ciudad para optimizar tu tiempo y tu estilo de vida.|https://www.adondevivir.com/propiedades/proyecto/ememefin-catalina-park-148219340.html?n_src=Listado&n_pg=1&n_pos=1|2026-02-23
adondevivir|departamentos|alquiler|Lima Centro|La Victoria|"Av Javier Pardo Este 1501
Santa Catalina, La Victoria"|S/ 2,800 · USD 835|2800|835||170|"61 m² tot.
2 dorm.
2 baños
1 estac."|61|2|2|1|Cansado de buscar el sitio ideal con excelente ubicación y acceso fácil a cualquier parte de Lima, entonces: ! Deja de buscar ya que este es el departamento ideal para ti y los tuyos! Te presento este hermoso departamento en la mejor zona de La Victoria en la residencial urbanización Santa Catalina a unos pasos de los límites de San Isidro y San Borja, este hermoso departamento de estreno se encuentra ubicado en décimo piso este moderno edificio de 36 pisos y 6 niveles de estacionamientos, cuenta con ascensores moderno inmenso hall de recepción con monitoreo de múltiples cámaras de vigilancia 24/7 y seguridad constante. El predio cuenta con una elegante puerta en madera, al ingresar nos encontramos un hermosa cocina americana con muebles altos y bajos con barra en granito pulido muy elegante, avanzando esta amplia comedor, sala amplia y con ventanales sumamente altos que van de piso a techo desde su balcón con excelente vista externa hacia enorme y frondoso parque proporcionando en el día luz natural a todos los ambientes hacía, hacia la izquierda presenta primer dormitorio con vista externa también a paradisiaco parque y baño incorporado, hacia la derecha nos encontramos con área de lavandería escondida con puertas plegadizas muy particas para pasar desapercibida en tus reuniones, avanzando encontramos baño de visita completo y culminando esta bella distribución segundo dormitorio sumamente amplio con impresionantes vista externa. Excelente ubicación entre dos parques, cerca al Pentagonito, rodeado de Centros comerciales y bancarios como El Jockey, C C Chacarilla, Real Plaza Primavera Open Plaza Angamos, al lado del Centro Comercial Santa Catalina entre otros, con variados negocios para que degusten de una vasta gastronomía con platos de todo el mundo, sin dejar de menciona las múltiples vías de acceso y transporte que te conectan en minutos hacía el destino que desees. Área Ocupada: 60. 08 m2. Área Techada: 60. 08 m2. 1 Estacionamiento paralelo amplio de 17. 78 m2 ubicado en el nivel 4° Si desea sin este estacionamiento el precio es de S/. 2, 500 o $ 750 el mes del alquiler. areas comunes para el deleite tuyo Y el de tu familia. Mirador 180°: Hermoso mirador panorámico de 180 grados con acceso libre para disfrutar de una privilegiada vista con vidrio templado especiales desde nuestro piso 26. Gimnasio.: Enorme gimnasio con un sin fin de máquinas de todo tipo con horario de 7 am a 11 pm. Sky Bar: Lugar sumamente acogedor y amplio para realizar encuentros familiares, empresariales y todo tipo de veladas. Net working: Amplias áreas de trabajo para facilitarte el no salir de tu zona de confort todo completamente equipado en el Primer piso. Plaza Audicity: Amplia zona de entretenimiento ideal para todas las edades. Zoom Audicity: Elegante zona de reuniones con muchas variables que van desde amoblados utensilios vajillas y todo lo que tu imaginación requiera, Si es privado S/. 170. Inmejorable oportunidad de vivir con toda tu familia como siempre lo deseaste rodeado de la naturaleza con hermosos y acogedores ambientes A1. Llámanos ahora mismo y separa tu cita, ! No dejes que te ganen! Contáctate con nuestro broker Richard Obando al 9*9*1*0*6*4*8*7*3*|https://www.adondevivir.com/propiedades/clasificado/alclapin-hermoso-departamento-flat-de-estreno-con-acabados-a1-142579215.html?n_src=Listado&n_pills=Gimnasio&n_pg=1&n_pos=2|2026-02-23
adondevivir|departamentos|alquiler|Lima Centro|La Victoria|"Javier Prado 1501
La Victoria, Lima"|S/ 1,700|1700|||250|"38 m² tot.
1 baño"|38||||Loft en alquiler en moderno edificio audacity, con excelentes acabados, sin amoblar, cuenta con área amplia para ser distribuida a su gusto, con mamparas de vidrios anti ruido rolls black up y cortinas, balcón con una hermosa vista a la ciudad, cocina tipo americana, con muebles altos y bajos, mesa de granito, cocina empotrada encimera de vitroceramica, horno y campana extractora, closet amplio, baño completo con lavadero empotrado en mueble de dos puertas, puertas de vidrio templado en ducha, espejo empotrado, área de lavandería cerrada con conexión para lavadora y secadora, cuenta con detectores de humo, alarma y sistema contraincendios, sin estacionamiento. No se aceptan mascotas. El edificio esta ubicado en la misma Av. Javier Prado, cerca a Centros Comerciales, Clínicas, Bancos, Colegios, Restaurantes, Supermercados, etc. Cuanta con hermosas áreas comunes: Lobby con recepción a doble altura, patio interior, área de co-working, gimnasio, salas lounge equipadas y con zona de parrilla, mirador hermoso en el piso 26, espectacular bar en el piso 37 para reuniones, estacionamiento de bicicletas, cargador de auto eléctrico. El edificio cuenta con 4 ascensores de alta velocidad Schindler y cámaras de vigilancia en todas las áreas comunes y ascensores. El contrato es por un año y se pide dos meses de garantía y uno de adelanto. Mantenimiento aprox. S/. 170. 00. Arbitrios aprox. S/. 35. 00. Departamento disponible a partir de la primera semana de Enero 2026. Informes Flor Cárdenas Ver datos|https://www.adondevivir.com/propiedades/clasificado/alclapin-hermoso-mini-departamento-143697024.html?n_src=Listado&n_pills=Guardian%C3%ADa%2FSeguridad+privada&n_pg=1&n_pos=3|2026-02-23
adondevivir|departamentos|alquiler|Lima Centro|La Victoria|"Dirección no informada
La Victoria, Lima"|S/ 2,500 · USD 735|2500|735||283|"79 m² tot.
2 dorm.
2 baños"|79|2|2||Lindo dpto en alquiler con hermoza vista a la ciudad. Departamento consta de sala - comedor co balcon, cocina con reposteros altos y bajos tipo kichenet, lavanderia con terma a gas, oficina con escritorio y estantes, 2 dormitorios, principal con baño incorporado, balcon y 2 closet, 80 m2. Gas Calidda. El edificio cuenta con lindas areas comunes: piscina, sala de reuniones, co- working, areas verdes en la zotea, parque verde en el primer piso, sala de juegos para niños, area de lavanderia, area de parrilla, etc. El dpto no cuenta con el estacionamiento, pero hay cocheras en alquiler y tambien cocheras en la calle. Queda a pocos metros del Puente Quiñones frente a san Isidro. Citas: Sofia 9#6#6#0#3#1#2#2#1|https://www.adondevivir.com/propiedades/clasificado/alclapin-vista-panoramica-nuevo-2-dorm-2-banos-escritorio-148117019.html?n_src=Listado&n_pills=Gimnasio&n_pg=1&n_pos=4|2026-02-23
adondevivir|departamentos|alquiler|Lima Centro|La Victoria|"AV. CANADA 1075 - LA VICTORIA
Santa Catalina, La Victoria"|S/ 2,299|2299|||400|"60 m² tot.
2 dorm.
2 baños"|60|2|2||"Contamos con esplendido departamento en edificio residencial hope - la victoria. * Cuenta con un área de: 58. 50 M2 | Precio de renta: S/. 2, 300. 00 Inc. Ir (5%) sala comedor / 02 dormitorios / estudio / reposteros altos Y bajos en cocina / vista exterior / amplias ventanas / estudio / lavanderia. edificio cuenta con areas comunes: recepcion / patio interior / sala de reuniones / salon de eventos / sala de parrillas / gym / lavanderia / area de niños / 02 ascensores modernos. * disponiblidad inmediata. *Teléfonos de contacto: Ver datos movistar / Ver datos entel. correos: Ver datos /@gmail. com"|https://www.adondevivir.com/propiedades/clasificado/alclapin-alquiler-dpto-2-dormit-y-estudio-de-58.50-m-sup2--145911112.html?n_src=Listado&n_pills=Guardian%C3%ADa%2FSeguridad+privada&n_pg=1&n_pos=5|2026-02-23
adondevivir|departamentos|alquiler|Lima Centro|La Victoria|"Av. Javier Prado Este 1095
Santa Catalina, La Victoria"|S/ 2,700 · USD 780|2700|780||290|"70 m² tot.
2 dorm.
2 baños"|70|2|2||Departamento que combina estilo, comodidad y una ubicación privilegiada en plena avenida principal, frente a la Clínica Ricardo Palma y al límite con centro empresarial con San Isidro. Situado en el piso 13, te ofrece una vista panorámica espectacular y acceso inmediato a todo lo que necesitas para vivir con calidad. Se encuentra en el corazón de la ciudad, con acceso fácil a servicios, comercios, centros médicos y vías principales. Características del departamento: - Sala-comedor con mamparas y rollers modelo Duo cebra: Disfruta de una vista inigualable de la ciudad desde la comodidad de tu hogar. - Dormitorio principal: Amplio, con balcón privado closet altos, baño incorporado con ducha puerta corredizo arenado euro con toallero. - Dormitorio secundario 1 con vistas panorámicas, baño completo con ducha puerta corredizo arenado euro con toallero. - Cocina a has natural: Funcional y bien equipada. - Área de lavandería con puertas corredizas de vidrio templado arenado de 8mm con terma a gas natural. Áreas comunes: - Piscina para relajarte y disfrutar. - Terraza y zona de parrilla para reuniones sociales. - Gimnasio completamente equipado. - Área social y juegos para niños. - Salones para usos múltiples, ideales para eventos o actividades. * El precio del inmueble en soles es referencial, de acuerdo al tipo de cambio de la sbs.|https://www.adondevivir.com/propiedades/clasificado/alclapin-flat-de-acogedor-en-el-corazon-de-la-ciudad-145339574.html?n_src=Listado&n_pills=%C3%81rea+de+lavander%C3%ADa&n_pg=1&n_pos=6|2026-02-23
adondevivir|departamentos|alquiler|Lima Centro|La Victoria|"AV. CANADA 1075 - LA VICTORIA
Santa Catalina, La Victoria"|S/ 2,300|2300|||300|"59 m² tot.
2 dorm.
2 baños"|59|2|2||"Contamos con esplendido departamento en edificio residencial hope - la victoria. * Cuenta con un área de: 58. 50 M2 | Precio de renta: S/. 2, 300. 00. sala comedor / 02 dormitorios / 01 estudio / reposteros altos Y bajos en cocina / vista exterior / amplias ventanas / lavanderia. edificio cuenta con areas comunes: recepcion / patio interior / sala de reuniones / salon de eventos / sala de parrillas / gym / lavanderia / area de niños / 02 ascensores modernos. * disponiblidad inmediata. *Teléfonos de contacto: Ver datos movistar / Ver datos entel. correos: Ver datos /@gmail. com"|https://www.adondevivir.com/propiedades/clasificado/alclapin-alquiler-dpto-de-59-m-sup2--edificio-hope-la-145911190.html?n_src=Listado&n_pills=Ascensor&n_pg=1&n_pos=7|2026-02-23
adondevivir|departamentos|alquiler|Lima Centro|La Victoria|"AV. CANADA 1075
Santa Catalina, La Victoria"|S/ 2,100|2100|||130|"60 m² tot.
3 dorm.
2 baños"|60|3|2||{[hop804]} Av. Canadá, 1075, La Victoria. ¡Vive con estilo, comodidad y en una ubicación privilegiada! Este moderno departamento te ofrece todo lo que necesitas para disfrutar de una excelente calidad de vida, en un edificio con áreas comunes exclusivas y seguridad las 24 horas. ⸻ ️ Características del Departamento: • 3 habitaciones con excelente iluminación natural. • 2 baños completos. • Sala-comedor acogedora y bien iluminada. • Cocina moderna con gas natural, equipada con: • Encimera. • Campana extractora. • Terma a gas. • Área de lavandería integrada. • Espacios de almacenamiento bien distribuidos. • Incluye luminarias instaladas y rollers en todas las ventanas. ⸻ Áreas Comunes del Edificio: Área Infantil. Coworking. Lavanderia. Sala de fitness. Parrilla. Sala sum (eventos) Patio. Lobby elegante con vigilancia 24/7. ⸻ Ubicación Estratégica: Ubicado en Av. Canadá, 1075, La Victoria. Rodeado de todo lo que necesitas: ️ Centros comerciales. Clínicas y hospitales. Universidades. Restaurantes y cafés. Supermercados. Fácil acceso a vías principales. ⸻ Condiciones del Alquiler: • 2 meses de garantía + 1 mes de adelanto. • Contrato mínimo de 1 año. No dejes pasar esta oportunidad de vivir con estilo, en un espacio moderno y con excelente ubicación. ¡Contáctanos para agendar tu visita! Av. Canadá, 1075, La Victoria. Metraje: 60 m² Precio: S/. 2150. Mantenimiento: S/. 300. ¿Acepta mascotas?: no. Piso del departamento: 8. Total de pisos del edificio: 19. Áreas comunes: Sala de reuniones, Parrilla, Coworking, Lobby, Gimnasio. Cochera: No. Cocheras para visitas: No. Estado: No amoblado. Condiciones: 2 meses de garantía, 01 de adelanto a contrato mínimo de 1 año. Disponibilidad: Inmediata.|https://www.adondevivir.com/propiedades/clasificado/alclapin-moderno-y-luminoso-departamento-en-alquiler-la-144396826.html?n_src=Listado&n_pills=Gimnasio&n_pg=1&n_pos=8|2026-02-23
adondevivir|departamentos|alquiler|Lima Centro|La Victoria|"Campodonico, Santa Catalina. La Victoria
La Victoria, Lima"|S/ 1,700|1700|||170|"40 m² tot.
1 dorm.
1 baño"|40|1|||Alquiler de Departamento en Santa CatalinaSe alquila moderno departamento de 40 m², con vista externa a la ciudad y excelente iluminación natural en todos sus ambientes. Ubicado en una zona estratégica de Santa Catalina, a pocos minutos de la estación Javier Prado del Metropolitano y de la Torre Interbank, con fácil acceso a principales vías y servicios. Precio de alquiler: S/ 2, 100 (amoblado) Precio de alquiler: S/1. 700 ( sin amoblar) Distribución: Sala – comedor amobladaCocina tipo americana equipada con refrigeradora, encimera, horno, microondas y menaje1 baño completoÁrea de lavandería con lava seca1 dormitorio con walking closet y cama QueenEl inmueble se encuentra en edificio que cuenta con modernas áreas comunes: LobbyGimnasioÁrea para niñosPiscinaZona de parrillasZona de caféDepartamento ideal para persona sola o pareja que busque comodidad, ubicación y un espacio funcional listo para habitar.|https://www.adondevivir.com/propiedades/clasificado/alclapin-alquiler-de-hermoso-departamento-amoblado-en-santa-149041411.html?n_src=Listado&n_pills=Gimnasio&n_pg=1&n_pos=9|2026-02-23
adondevivir|departamentos|alquiler|Lima Centro|La Victoria|"Av. Canadá 155, La Victoria 15034
La Victoria, Lima"|S/ 1,700|1700|||280|"36 m² tot.
1 dorm.
1 baño"|36|1|||{[ela2101]} Av. Canadá 155, La Victoria Ver datos. Metraje: 36m². Precio: S/ 1700 — Mantenimiento: S/ 170. Acepta mascotas: sí Piso: 21 (Edificio: 28 pisos) Cocheras: No. Áreas comunes: lobby, Terraza, Parrilla, coworking, sala de reuniones, sum, piscina, gimnasio, zona pet y zona para niños. Estado: Departamento de estreno, moderno y luminoso. Disponibilidad: Inmediata. Condiciones: 2 meses de garantía + 1 mes de adelanto. Contrato mínimo 1 año. Contacto: Ver datos. ¡Vive con estilo, comodidad y en una ubicación privilegiada! Este moderno departamento te ofrece todo lo que necesitas para disfrutar de una excelente calidad de vida, en un edificio con áreas comunes exclusivas y seguridad las 24 horas. ⸻ ️ Características del Departamento: - 1 habitacion con excelente iluminación natural. - 1 baño completo. - Sala-comedor acogedora y bien iluminada. - Cocina moderna con gas natural, equipada con: - Encimera. - Horno empotrado. - Campana extractora. - Terma. - Área de lavandería integrada. - Espacios de almacenamiento bien distribuidos. - Incluye luminarias instaladas. Áreas Comunes del Edificio: Piscina. Parrillas. Coworking. Zona para niños. Caja china. Zona para niños. Sala bar. Gimnacio. Zona pet. Lavandería. Patio. Lobby elegante con vigilancia 24/7. ⸻ Ubicación Estratégica: Av. Canadá 155, La Victoria Ver datos. ️ Centros comerciales. Clínicas y hospitales. Universidades. Restaurantes y cafés. Supermercados. Fácil acceso a vías principales. ⸻ Condiciones del Alquiler: - 2 meses de garantía + 1 mes de adelanto. - Contrato mínimo de 1 año. No dejes pasar esta oportunidad de vivir con estilo, en un espacio moderno y con excelente ubicación. ¡Contáctanos para agendar tu visita!|https://www.adondevivir.com/propiedades/clasificado/alclapin-espectacular-departamento-de-estreno!-148119366.html?n_src=Listado&n_pills=Seguridad&n_pg=1&n_pos=10|2026-02-23
adondevivir|departamentos|alquiler|Lima Centro|La Victoria|"PASEO DE LA REPUBLICA
La Victoria, Lima"|S/ 2,800|2800||||"81 m² tot.
3 dorm.
2 baños
1 estac."|81|3|2|1|"Alquilo moderno departamento sin amoblar C/vista externa en santa catalina la victoria. - área total: 90 m2. características generales: - El Departamento cuenta con excelentes acabados. Asimismo, goza de una excelente iluminación natural en cada uno de sus ambientes, gracias a las amplias mamparas del dormitorio principal y dormitorios secundario, así como también, de la sala comedor, con mamparas de vidrio. - El departamento se alquila sin muebles para que lo decore a su gusto. Ubicado en 21° piso. - Departamento amplio e iluminado. - Todas las ventanas y mamparas del departamento cuentan con un sistema de aislamiento de sonido y polvo. -Edificio de 38 pisos, tiene 05 ascensores, recepción con personal de vigilancia y videovigilancia las 24 horas del día y cómoda sala de recepción/espera. Distribución del departamento: - 03 Dormitorios en total (Cada dormitorio es amplio, bastante iluminado y cada 01 de ellos cuenta con su propio closet. * Dormitorio principal amplio mas balcón vista a la calle, el cual cuenta con closet y baño completo incorporado con finos acabados. * El dormitorio secundario 2 y 3 son amplios e iluminados, el cual cuenta. también con su propio closet, y baño completo. - 02 baños en total - baño del dormitorio principal y del dormitorio secundario. - Sala comedor amplios con vista panorámica hacia el colegio Melitón Carvajal. - Cocina estilo americana con finos acabados, la cual cuenta con muebles altos y bajos de melamine blanco y tablero de granito. Asimismo, cuenta con cocina tipo encimera y campana extractora. - Área de lavandería acondicionada en la cocina, incluye therma electrica. Areas comunes: -Sala de estudio. -Salones de usos múltiples. -Sala de juegos. -Zona de parrillas. -Gimnasio. -bbqq. -Área de Juego para niños. -Centro de lavado. Ubicación y Referencia del Departamento: ""Edificio ubicado en Av. Paseo de la República Cdra 20, Santa Catalina. A una cuadra de la Av. Canadá. Ubicado estratégicamente entre avenidas principales como Vía expresa, Av. Javier Prado y Canadá. Cerca del Centro Bancario de San Isidro e importantes Centros Comerciales. - Monto de Mantenimiento: S/280 soles (Incluye vigilancia 24 horas, limpieza y alumbrado de áreas comunes, mantenimiento de ascensor, cámaras de seguridad, e incluso el consumo de agua del departamento). - precio de alquiler del departamento: S/2, 800 soles. - El precio incluye una cochera. Contacto hellen salazar cabrera: 936*961*375. **"|https://www.adondevivir.com/propiedades/clasificado/alclapin-alquilo-moderno-departamento-sin-amboblar-c-vista-147521486.html?n_src=Listado&n_pills=Cerca+a+colegios&n_pg=1&n_pos=11|2026-02-23
adondevivir|departamentos|alquiler|Lima Centro|La Victoria|"ALBERTO BARTON 2xx
La Victoria, Lima"|S/ 2,200 · USD 660|2200|660|||"46 m² tot.
1 dorm.
1 baño"|46|1|||Alquilo lindo flat para estrenar, dpto. 307 (piso) 46. 28 mt. 2 dormitorios, 2 baños,. Cocina abierta. No tiene cochera. Mantenimiento S/. 190 incluye el agua. Areas de entretenimiento. Aqui vas a tener 14 areas comunes para disfrutar con amigos y familiares. Pago por seguridad y limpieza economico. sotano. 1 - Estacionamiento para bicicletas. 1er piso. 2 - Lobby de doble altura. 3 - Salon de juegos para niños. 4 - Playground con juego para niños. 5 - Gymnasio Equipado con 6 maquinas. 7- Salon para trabajar con Wifi Coworking. 8 - Lavanderia estilo Americano, funciona con monedas. 9 - Salon de Cinema y Karaoke. 10 - Salon de Reuniones y cumpleaños y usos multiples con Bar y mesa de Billar. azotea piso 23. 11 - Sala Juvenil, tv, jugar Play ️ y mesa de fulbito de mano. 12 - tres Areas para hacer Parrillas. 13 - Piscina️ 14 - Terraza con fogata y techo sol y sombra|https://www.adondevivir.com/propiedades/clasificado/alclapin-lindo-flat-para-estrenar-areas-comunes.-sta.-148915856.html?n_src=Listado&n_pills=Piscina&n_pg=1&n_pos=12|2026-02-23
adondevivir|departamentos|alquiler|Lima Centro|La Victoria|"Av. Paseo de la República al 2000
La Victoria, Lima"|S/ 2,200 · USD 656|2200|656||250|"41 m² tot.
1 dorm.
1 baño
1 estac."|41|1||1|"¡alquiler Depa moderno + cochera! ¡Listo para vivir! ¿Buscas un lugar funcional y con excelente conectividad? ¡Lo encontraste! Av. Paseo de la República Cdra. 20, a una cuadra de la Av. Canada, a minutos del centro financiero de San Isidro. Edificio moderno, límite con San Isidro y Lince Área: 41. 10 m2 - Piso 37 / Vista espectacular de la ciudad. Sala-comedor con salida a balcón. Cocina americana con diseño funcional, equipada con encimera, campana y refrigeradora. 1 dormitorio c/closet y salida a balcón. 1 baño completo con mueble organizador. Área de lavandería con lavaseca y terma a gas. Gas natural (Cálidda). Incluye 1 cochera techada. Mantenimiento: S/ 250 aprox / Arbitrios: S/ 25. Se aceptan mascotas pequeñas. Áreas Comunes: Recepción 24/7|Zona de Parrillas | Gym | Coworking | Parking Bicicletas | sum y Zona de Juegos | Sala Kids | Lobby elegante Todo lo que necesitas para vivir cómodo, conectado y seguro. ¡No dejes pasar esta oportunidad y agenda tu visita hoy!"|https://www.adondevivir.com/propiedades/clasificado/alclapin-departamento-con-vista-espectacular-cerca-al-centro-148928213.html?n_src=Listado&n_pills=%C3%81rea+de+lavander%C3%ADa&n_pg=1&n_pos=13|2026-02-23
adondevivir|departamentos|alquiler|Lima Centro|La Victoria|"Torre Fermin Tangüis
La Victoria, Lima"|S/ 2,400 · USD 714|2400|714||300|"72 m² tot.
3 dorm.
2 baños"|72|3|2||"Contacto: fryda garcía - 9. 8. 2. 0. 3. 1. 5. 4. 7. ¡El departamento amoblado que estabas buscando! En alquiler en Santa Catalina, a solo 10 minutos del centro financiero de San Isidro. Ubicado estratégicamente a pocos minutos de Av. Javier Prado, La Rambla, bancos, colegios y todo lo que necesitas. 72. 45 m² | Piso 14. ️ 3 dormitorios con closets. Dormitorio principal con baño incorporado y walking closet. ️ Sala comedor amplia y con excelente iluminación natural. Balcón con vista externa. ️ Cocina cerrada con muebles altos y bajos, tablero de granito. Área de lavandería. Gas Cálidda. Áreas comunes: Gimnasio. Terraza con zona de parrillas. ️ Salón de juegos. Áreas verdes. ️ Seguridad privada 24/7. Mantenimiento aprox.: S/ 250 (incluye agua) Alquiler amoblado: S/ 2, 400. Alquiler sin amoblar: S/ 2, 200. Requisitos: dni o Pasaporte. Sustento económico comprobado. Buen historial crediticio. Condiciones 2x1 (2 de garantía + 1 de adelanto) Contrato mínimo de 1 año. No mascotas. Contáctame hoy mismo y agenda tu visita. Ver datos"|https://www.adondevivir.com/propiedades/clasificado/alclapin-departamento-amoblado-en-alquiler-en-santa-catalina-3-149049115.html?n_src=Listado&n_pills=%C3%81rea+de+lavander%C3%ADa&n_pg=1&n_pos=14|2026-02-23
adondevivir|departamentos|alquiler|Lima Centro|La Victoria|"Av. Javier Prado Este 1091
Santa Catalina, La Victoria"|"S/ 3,200
5%"|3200||5%|250|"76 m² tot.
3 dorm.
2 baños
1 estac."|76|3|2|1|Ubicación: Av. Javier Prado Este 1091, La Victoria Ver datos. Descripción: Te ofrecemos un lindo Departamento de estreno que consta de: 3 dormitorios, Sala Comedor, 2 baños (uno integrado al dormitorio principal) Cocina abierta (tipo americana), Lavandería. Tanto la Sala - Comedor como los dormitorios tienen balcón y vista externa, con una excelente ventilación e iluminación natural. - Sala-comedor con balcón y mampara con roller y/cortinas instaladas. - 3 dormitorios con clóset, cajonería y maletera en melamine de 18mm. Cuentan con balcón; las mámparas vienen con roller instalado. - Cocina viene equipada con encimera y horno a gas natural, además cuenta con una campana extractora retractil en acero inoxidable. Asimismo, el departamento está equipado con terma a gas natural, lo que representa un gran ahorro en el consumo de energía. - Lavandería, con lavadero de losa en color blanco y espacio para una lavaseca. - Baños con mesa de granito y lavadero incorporado en losa, inodoros de carga rápida y bajo consumo de agua, puertas de ducha en cristal templado y acero inoxidable. Condiciones del alquiler: - Precio aproximado del mantenimiento S/ 300. 00. - Condición de alquiler 2x1. - Incluye estacionamiento. Visitas previa coordinación.|https://www.adondevivir.com/propiedades/clasificado/alclapin-hermoso-departamento-de-estreno-a-un-paso-de-san-148783878.html?n_src=Listado&n_pills=Piscina&n_pg=1&n_pos=15|2026-02-23
adondevivir|departamentos|alquiler|Lima Centro|La Victoria|"Avenida Paseo de la República 2199
Santa Catalina, La Victoria"|S/ 2,000|2000|||150|"60 m² tot.
2 dorm.
2 baños"|60|2|2||Exclusivamente para un Máximo de 3 personas (por ejemplo una pareja de esposo Y un hijo) . Edificio construido por senda inmobiliaria. Proyecto met.. En met cada minuto estará de tu lado, en un perfecto equilibrio entre lo cotidiano y moderno, ¿vas a una reunión importante? Llega en 5 minutos al Centro Empresarial de San Isidro, ¿hoy juega la blanquirroja o tienes el concierto de tu vida? El Estadio Nacional te espera a 10 minutos, ¿vas a visitar museos y galerías con la familia? El Centro Histórico está a la vueltas. Apodérate del espacio, del tiempo, de todo, desde el edifico de vivienda más alto del país. Met cuenta con una excelente ubicación, cercanía al centro empresarial San Isidro y a los principales distritos de la ciudad. Contamos con 1, 500 m2 en áreas sociales para no salir de casa. **departamento con sala comedor Y sala star O un cuarto adicional. Con cocina estilo americano. Y tablero de granito. Vista A espaldas de paseo de la república. ** posee reposteros altos Y bajos. ** cocina Y horno empotrado. ** área de lavandería. ** closet. ** dos baños completos O un baño de visita Y otro baño completo. **una excelente vista panorámica de la ciudad. **60 M2. ** vigilancia las 24 horas. ** 05 ascensores. ** precio de alquiler S/2, 000. ** se paga por mantenimiento, luz, Y otros. **áreas comunes: Área de juegos para niños; Areas verdes; Gimnasio; Jardin interior; Lobby; Piscina; Sala Bar; Sala de Niños; Sala de usos Múltiples; Terraza;Zona de Parrillas; Otros. Exclusivamente para un Máximo de 3 personas (por ejemplo una pareja de esposo Y un hijo) *Para coordinar una reunión llamar al Ver datos.. Poseemos videos, Y recorrido virtual|https://www.adondevivir.com/propiedades/clasificado/alclapin-dpto-de-estreno-con-areas-comunes-linda-vista.-143477236.html?n_src=Listado&n_pills=Frente+a+parque&n_pg=1&n_pos=16|2026-02-23
adondevivir|departamentos|alquiler|Lima Centro|La Victoria|"Jirón Francisco Graña 153
Santa Catalina, La Victoria"|S/ 1,800 · USD 529|1800|529||300|"39 m² tot.
1 dorm.
1 baño"|39|1|||Alquiler de acogedor mini-departamento en santa catalina. Ubicación estratégica a pocos pasos de las Av. Nicolás Arriola, Canadá y Aviación. Cercanía a San Isidro. ️ Cerca de Supermercados, Farmacias, Bancos, Colegios, Institutos y con fácil acceso a transporte para todo Lima. Características del departamento: - Metraje de 39. 07 m² - Piso 2 en edificio moderno de 27 pisos, con azotea en piso 28. - Sala – Comedor con excelente iluminación y ventilación. - Cocina abierta con muebles altos, bajos y tablero de granito. Equipada con horno, encimera y campana extractora (todo empotrado). - Lavandería integrada en closet. - 1 dormitorio. - 1 baño completo. Áreas comunes en Azotea: 1. Zonas de Parrillas. 2. Zona Bar Parrilla. 3. Gimnasio ️ y zona Yoga️ 4. Sala de Usos Múltiples. Áreas comunes en primer piso: 1. Zona de Niños. 2. Coworking. 3. Zona Emprendedor. 4. Lobby o recepción. 5. Lavandería (en Sótano 2) Seguridad 24/7️ Alquiler: S/ 1, 800 (2x1) Mantenimiento: S/ 150 aprox. Visitas previa cita|https://www.adondevivir.com/propiedades/clasificado/alclapin-alquiler-de-mini-departamento-en-santa-catalina-149001232.html?n_src=Listado&n_pills=Guardian%C3%ADa%2FSeguridad+privada&n_pg=1&n_pos=17|2026-02-23
adondevivir|departamentos|alquiler|Lima Centro|La Victoria|"Av. Paseo de la República 2199
Santa Catalina, La Victoria"|S/ 3,000|3000|||200|"80 m² tot.
3 dorm.
2 baños
1 estac."|80|3|2|1|Alquilo Moderno Departamento en Santa Catalina, en Av. Paseo de la República 2199, cuenta con 03 dormitorios, Sala Comedor, Cocina, Lavanderia y Cochera, queda a solo 2 cuadras de la Torre Interbank, frente al colegio Melitón Carbajal, en límite San Isidro – Lince.|https://www.adondevivir.com/propiedades/clasificado/alclappa-alquiler-de-moderno-departamento-148784415.html?n_src=Listado&n_pills=Guardian%C3%ADa%2FSeguridad+privada&n_pg=1&n_pos=18|2026-02-23
adondevivir|departamentos|alquiler|Lima Centro|La Victoria|"Av. Canadá 1180
Santa Catalina, La Victoria"|S/ 2,100|2100||||"70 m² tot.
3 dorm.
2 baños
1 estac."|70|3|2|1|Alquilo departamento en santa catalina. incluye cochera. 70m², Piso 16, 2 ascensores. ️Moderna arquitectura, sismo-resistente, con áreas comunes como gimnasio, juegos para niños, áreas de parrillas, etc. 1 año de antigüedad, prácticamente de estreno. Características del Departamento: ️2 dormitorios más 1 estudio, que podría convertirse en un 3er dormitorio. 2 Baños completos. 70m2. ️Amplia Sala y Comedor. Cocina tipo kitchenet, con barra de comedor. Con muebles altos y bajos de cocina. Habitación principal con baño propio. Intercomunicador. Pisos de melamine y paredes con papel tapiz. Estacionamiento con acceso a control remoto. No se aceptan mascotas. Mantenimiento: 200 soles aprox. Características de la Zona: Ubicado en la misma Av. Canadá, pero con vista a la calle lateral, lo que es excelente para la tranquilidad. y mejor vista. Ubicación estratégica, súper céntrica, rodeada de parques y accesos a todos lados. A media cuadra del supermercado Metro de Canadá. Informes y visitas al 9. 8. 6. 8. 9. 7. 9. 9. 0|https://www.adondevivir.com/propiedades/clasificado/alclapin-alquilo-departamento-en-santa-catalina-con-143194006.html?n_src=Listado&n_pills=Gimnasio&n_pg=1&n_pos=19|2026-02-23
adondevivir|departamentos|alquiler|Lima Centro|La Victoria|"Jirón Francisco Graña, 155, 15034, La Victoria, Lima, Perú
La Victoria, Lima"|S/ 1,600|1600|||100|"40 m² tot.
1 dorm.
1 baño"|40|1|||{[zen701]} ¡Vive con estilo, comodidad y en una ubicación privilegiada! Este moderno departamento te ofrece todo lo que necesitas para disfrutar de una excelente calidad de vida, en un edificio con áreas comunes exclusivas y seguridad las 24 horas. ️ Características del Departamento: • 1 habitación con excelente iluminación natural. • 1 baño. • Sala-comedor acogedora y bien iluminada. • Cocina a gas natural. • Encimera. • Área de lavandería integrada. • Espacios de almacenamiento bien distribuidos. • Incluye luminarias instaladas. Áreas comunes: Patio. Coworking. Sala sum. Zona emprendedor. Juegos para niños. Sala de niños. Sala Bar. Parrillas. Gimnacio. Sala de yoga. Lavandería. Ubicación Estratégica: Jirón Francisco Graña, 155, Ver datos, La Victoria, Lima, Perú ️ Centros comerciales. Clínicas y hospitales. Universidades. Restaurantes y cafés. Supermercados. Fácil acceso a vías principales. ⸻ Condiciones del Alquiler: • 2 meses de garantía + 1 mes de adelanto. • Contrato mínimo de 1 año. No dejes pasar esta oportunidad de vivir con estilo, en un espacio moderno y con excelente ubicación. ¡Contáctanos para agendar tu visita! Metraje: 40 m². Precio: S/ 1700. Acepta mascotas: si. Piso: 7. Cocheras: no. Estado: Estreno, Amplio y luminoso. Disponibilidad: Inmediata. Condiciones: 2 meses de garantía + 1 mes de adelanto. Contato mínimo 1 año. Contacto: Ver datos|https://www.adondevivir.com/propiedades/clasificado/alclapin-hermoso-departamento-de-estreno-148537425.html?n_src=Listado&n_pills=Parrilla&n_pg=1&n_pos=20|2026-02-23
adondevivir|departamentos|alquiler|Lima Centro|La Victoria|"Cruz DEL SUR
Santa Catalina, La Victoria"|S/ 2,500 · USD 720|2500|720||220|"67 m² tot.
2 dorm.
1 baño"|67|2|||Departamento / Oficina en excelente ubicación – 67 m² Entre La Victoria y San Isidro, a 1 cuadra de Av. Javier Prado y a espaldas del Óvalo Quiñones. Características: 67 m² 3 ambientes amplios 1 baño completo 3er piso Remodelado Precio de venta: usd 119, 000 Alquiler: S/ 2, 500 Por su ubicación estratégica, es ideal tanto para uso comercial como vivienda. Una inversión segura en el límite con San Isidro. Contáctame: Ver datos|https://www.adondevivir.com/propiedades/clasificado/alclapin-oportunidad-de-compra-o-alquiler-en-el-corazon-de-zona-148086497.html?n_src=Listado&n_pills=Ascensor&n_pg=1&n_pos=21|2026-02-23
adondevivir|departamentos|alquiler|Lima Centro|La Victoria|"Av. Javier Prado Este
La Victoria, Lima"|S/ 3,300 · USD 900|3300|900|||"80 m² tot.
3 dorm.
2 baños
1 estac."|80|3|2|1|(Cod. Ds-lraq9504) ésta propiedad no se comparte con agentes inmobiliarios. Ubicado en Av. Javier Prado Este, La Victoria, cerca a vías principales, supermercados, centros de salud, de estudio, restaurantes, parques y más. Departamento en el piso 30 con 80. 00m², cuenta con sala comedor (incluye pequeño balcón con vista a la ciudad) conectada a kitchenette, baño completo, 3 dormitorios con closet (principal con walking closet, balcón, baño incorporado) y área de lavandería. Distribución funcional y ambientes iluminados. Precio de estacionamiento S/. 150. Precio de mantenimiento S/. 220 aprox. El edificio se entregó el 9 de Noviembre del 2024, se encuentra en excelentes condiciones, cuenta con lindas áreas comunes: Lobby, sala de juegos, sala de adultos, Coworking, petwash, parrila y piscina. Para mayor información comunicarse al 9 6 0 2 2 4 1 2 8|https://www.adondevivir.com/propiedades/clasificado/alclapin-alquilo-departamento-de-3-dorm.-en-la-victoria-145143529.html?n_src=Listado&n_pills=Cerca+a+colegios&n_pg=1&n_pos=22|2026-02-23
adondevivir|departamentos|alquiler|Lima Centro|La Victoria|"Paseo de la República 2199, santa catalina, la victoria
Santa Catalina, La Victoria"|S/ 1,800|1800||||"35 m² tot.
1 dorm.
1 baño"|35|1|||¡Alquila este moderno departamento en excelente ubicación! Se alquila hermoso departamento amoblado de 35 m² en la Vía Expresa, Javier Prado, con una distribución ideal para vivir cómodamente. Características del departamento: - 1 dormitorio amplio y luminoso. - 1 baño completo con modernos acabados. - Cocina integrada al living y comedor, optimizando el espacio. - Estacionamiento privado para tu comodidad. - Garantía 2 y 1 de adelanto. Áreas comunes: - Piscina en la azotea con vista panorámica. - Lounge para relajarte o compartir con amigos. - Zona de parrillas para disfrutar de momentos al aire libre. - Zona coworking ideal para trabajar desde casa. - Gimnasio totalmente equipado. Además, el edificio cuenta con un ambiente moderno y seguro, ¡todo lo que necesitas para una vida plena en una de las zonas más conectadas de la ciudad! Ubicación estratégica, a pasos de la Vía Expresa y Javier Prado, con acceso rápido a principales avenidas, centros comerciales, restaurantes y transporte público. ¡No pierdas esta oportunidad de vivir con estilo y comodidad! Contáctanos para más información y agenda tu visita.|https://www.adondevivir.com/propiedades/clasificado/alclapin-alquiler-de-moderno-departamento-en-zona-centrica-146001676.html?n_src=Listado&n_pills=Amoblado&n_pg=1&n_pos=23|2026-02-23
adondevivir|departamentos|alquiler|Lima Centro|La Victoria|"Transporte E Inversiones Espinoza S.a.c
La Victoria, Lima"|S/ 1,600|1600||||"70 m² tot.
2 dorm.
1 baño"|70|2|||Contacto: doris guevaracel: 9*6*6*6*5*6*5*9*9Se alquila departamento en 4to piso, en edificio de 6 pisos, con escaleras, un departamento por cada piso. Ideal para quienes trabajan en el Emporio de Gamarra, Hospital Guillermo Almenara, Centros comerciales de la Av. Grau. Distribución: -Sala -comedor, Cocina. -2 cuartos amplios. -Área de lavandería y tendal con tragaluz. -Baño con therma para agua caliente. Excelente ubicación y distribución, con salidas muy rápidas a 28 de Julio, Av. Grau, Abancay4to piso (sin ascensor) -Un departamento por piso. -Ideal para pareja, familia pequeña o profesionales. Área Total: 70 m2-Contrato mínimo por un año, renovables. -Modalidad de pago: 1 de adelanto y 2 de garantía. -Pago de servicios de acuerdo al consumo, cuenta con medidor de luz. Pd. Visitas solo domingos de 8: 00 am a 10: 00 amFecha de entrega: 30 de enero 2026¡No dejes pasar esta oportunidad! Contáctame ahora y agenda tu visitacontacto: doris guevaracel: 9*6*6*6*5*6*5*9*9id: 1*1*6*8*8*7*4|https://www.adondevivir.com/propiedades/clasificado/alclapin-alquiler-de-departamento-en-huamanga-la-victoria-148703252.html?n_src=Listado&n_pills=%C3%81rea+de+lavander%C3%ADa&n_pg=1&n_pos=24|2026-02-23
adondevivir|departamentos|alquiler|Lima Centro|La Victoria|"Av. Javier Prado Este al 1000
La Victoria, Lima"|S/ 3,000 · USD 895|3000|895|||"72 m² tot.
3 dorm.
2 baños
1 estac."|72|3|2|1|"Contacto: Ana Maria Santosteléfono: 9*7*0*1*0*0*6*8*1¡alquiler departamento en estreno + cochera privada! ¡vive en las alturas Y con vista A todo san isidro Y mucho más! ¿Te imaginas despertar cada día con una vista panorámica al Centro Empresarial de San Isidro? Un depa en estreno, en edificio premium, diseñado para elevar tu estilo de vida. • san isidro – límite con la victoria• S/. 3, 000 | disponibilidad inmediataedificio premium sauco• 72 m² (el de mayor área del edificio) • piso 33 – Av. Javier Prado Este 1091• Vista directa a Javier Prado y todo San Isidrotu nuevo depa incluye• 3 dormitorios cómodos• 2 baños completos (uno en dormitorio principal) • Sala – comedor amplia y luminosa• Balcón en sala y dormitorios• Cocina abierta full equipada (reposteros, cocina, horno y campana moderna) • Lavandería independiente + therma a gas• Gas natural Cálidda• Cochera privada incluida • Luz y gas independientes• Mantenimiento aprox. S/. 250 – 300 (agua, limpieza, ascensores y vigilancia 24/7) amenidades tipo hotel 5• Piscina con vista panorámica• Gimnasio equipado• Coworking (4 zonas) • Terraza + 5 zonas bbq• Karaoke &amp;amp; Bar• Sala de juegos• sum• Pet Laundry• Parque interno• Zona para bicicletas• 5 estacionamientos de visita• 5 ascensoresubicación estratégica – todo cerca• Centro Financiero de San Isidro• Vía Expresa (Metropolitano) • Av. Canadá, Aviación, Arequipa, Arriola• C. C. La Rambla &amp;amp; Plaza Santa Catalina• Clínicas, bancos, supermercados, colegios y restaurantesrequisitos• 1 mes de adelanto + 2 de garantía• dni vigente• Sustento de ingresos• No reportado en centrales de riesgo• No mascotasagenda tu visita ahora mismocontacto: Ana Maria Santosteléfono: 9*7*0*1*0*0*6*8*1id: 1*1*7*0*6*6*2"|https://www.adondevivir.com/propiedades/clasificado/alclapin-departamento-en-la-victoria-148833948.html?n_src=Listado&n_pills=Ascensor&n_pg=1&n_pos=25|2026-02-23
adondevivir|departamentos|alquiler|Lima Centro|La Victoria|"Av. Javier Prado Este
Santa Catalina, La Victoria"|"S/ 2,450 · USD 731
5%"|2450|731|5%|250|"63 m² tot.
2 dorm.
2 baños"|63|2|2||Departamento de Estreno, ubicado en el edificio Sauco en Santa Catalina. No pierdas la oportunidad de vivir en un moderno departamento con un ambiente acogedor, excelente iluminación natural y vista despejada. * Espacio y Comodidad: - Piso: 29- Área Construida: 63. 69m²- Habitaciones: 2 perfectas para descanso y privacidad. - Baños: 2, diseñados con acabados de calidad. - Sala / comedor amplia para compartir momentos especiales. • kitchenette funcional• Área de lavandería con Therma a gas calidda*Áreas comunes: - Gimnasio- Mesa de billar- Sala de reuniones- Piscina- zona bbq* Localización Estratégica, cerca a: - Centro comercial Santa Catalina- Av. Paseo de la República- Centro Financiero- Clínica Ricardo PalmaLas imágenes y/o información de este inmueble son de carácter referencial. R. uc.: Razón social: Inversiones Delia S. A. C.|https://www.adondevivir.com/propiedades/clasificado/alclapin-departamento-de-estreno-en-alquiler-148535568.html?n_src=Listado&n_pills=Guardian%C3%ADa%2FSeguridad+privada&n_pg=1&n_pos=26|2026-02-23
adondevivir|departamentos|alquiler|Lima Centro|La Victoria|"Javier Prado Este al 1000
Santa Catalina, La Victoria"|S/ 3,000|3000|||250|"79 m² tot.
2 dorm.
2 baños
1 estac."|79|2|2|1|¡alquiler de departamento de Estreno en Santa Catalina! Ubicado en Javier prado, a un paso de San isidro zona financiera, la zona más céntrica de lima- at 79. 93- 2 dormitorios- Dormitorio principal con closet y baño propio. - 2 baños completos totales- Cocina abierta Equipada- Vista mixta- Estreno- 33 pisos en total- Piso 26- Ascensor- Cochera- Cuenta con gas natural- No mascotas- areas comunes (piscina, terraza, parrilla, coworking, jardines, etc) - Mantenimiento S/. 250 soles- Precio S/. 3000 solesig-42|https://www.adondevivir.com/propiedades/clasificado/alclapin-departamento-de-estreno-en-alquiler-frente-a-san-148521735.html?n_src=Listado&n_pills=Piscina&n_pg=1&n_pos=27|2026-02-23
adondevivir|departamentos|alquiler|Lima Centro|La Victoria|"Av. Paseo de La República al 2199
Santa Catalina, La Victoria"|S/ 1,900|1900||||"40 m² tot.
1 dorm.
1 baño"|40|1|||Vive en santa catalina A pocos minutos de san isidroalquilo departamento semi amobladoav. Paseo de la Republica – edificio met- at: 40 m²- 1 dormitorio con closet y baño incorporado- Kitchenette- Living con vista a parque y panorámica a la ciudad- Piso 22- 4 años de antigüedad- No cuenta con estacionamiento- Seguridad 24/7- No aceptan mascotas- Mantenimiento S/250 inc agua- Áreas comunes: piscina, gimnasio, sala de reuniones, zona de parrilla. Precio S/1, 900xp-52|https://www.adondevivir.com/propiedades/clasificado/alclapin-alquilo-departamento-semi-amoblado-en-santa-catalina-a-149038698.html?n_src=Listado&n_pills=Piscina&n_pg=1&n_pos=28|2026-02-23
adondevivir|departamentos|alquiler|Lima Centro|La Victoria|"Jr los topacios 142, La victoria
La Victoria, Lima"|S/ 2,100|2100|||280|"68 m² tot.
2 dorm.
2 baños"|68|2|2||*R. U. C: 2. 0. 6. 0. 0. 1. 6. 2. 9. 9. 4* Razón Social: Constructora e Inmobiliaria Casa 21 S. A. C. ¡Vive en el corazón de la ciudad con comodidad y excelente ubicación! Se alquila moderno departamento en el exclusivo Edificio one, ubicado en la Urbanización Balconcillo – La Victoria, a solo pasos de las avenidas México, Canadá y de la Vía Expresa, lo que te brinda una conectividad inmejorable hacia cualquier punto de Lima. Este departamento se encuentra en una zona segura y tranquila, ideal para quienes buscan practicidad sin renunciar al confort. No pierdas la oportunidad de vivir en un espacio pensado para ti, con todo lo que necesitas a tu alcance. ¡Contáctanos y agenda tu visita hoy mismo! *Contáctate con Maria Espinoza 9. 4. 1. 3. 8. 0. 6. 8. 3* - Área: 68 m² - Piso 3. - Dormitorios: 2. - Baños: 2. Cuenta con áreas comunes. - Área de parrilla. - Área de coworking. - Piscina. - Gym. - Juegos niños. Características: - Amoblado, Listo poara mudarte! - Sala ; Sofa. - Comedor ; Juego de comedor. - Cocina Totalmente Equipada. - Lavandería, Lavadora. - No se acepta mascotas. Precio: S/ 2, 100. 00. Condiciones: 2 meses de garantía + 1 mes de adelanto. ¡Todo lo que necesitas para vivir de la mejor manera! No pierdas la oportunidad. Contáctanos ahora para más información y agendar una visita. *Contáctate con Maria Espinoza 9. 4. 1. 3. 8. 0. 6. 8. 3*|https://www.adondevivir.com/propiedades/clasificado/alclapin-alquiler-de-departamento-amoblada-balconcillo-la-147099304.html?n_src=Listado&n_pills=%C3%81rea+de+lavander%C3%ADa&n_pg=1&n_pos=29|2026-02-23
adondevivir|departamentos|alquiler|Lima Centro|La Victoria|"Paseo de la Republica al 2100
Santa Catalina, La Victoria"|S/ 3,000 · USD 893|3000|893||300|"80 m² tot.
3 dorm.
2 baños
1 estac."|80|3|2|1|Alquiler - Moderno Departamento en Santa Catalina, La VictoriaUbicación PrivilegiadaDirección exacta: Cuadra 21 del Paseo de la República, Santa Catalina, La VictoriaLímite estratégico: Colinda con San Isidro y LinceReferencias importantes: Frente al colegio Melitón CarbajalA solo 2 cuadras de la Torre InterbankCerca de estaciones Canadá y Javier Prado del MetropolitanoFácil acceso a la Vía ExpresaDescripción del DepartamentoDistribución y AmbientesSala-Comedor: Con pequeño balcón con vista externa, bien iluminadoDormitorio principal: Amplio con walk-in closet y baño incorporado2 habitaciones adicionales: Amplias con closetBaño completo: Aparte del baño del dormitorio principalCocina: Cerrada con muebles altos y bajos, campana y cocina empotradaÁrea de lavandería: Con termaCochera: IncluidaAmenidades del EdificioPiscinaBar/LoungeGimnasioZonas de parrillaSalas de coworkingÁrea para niñosVentajas de la UbicaciónConectividad excepcional: Acceso inmediato a Paseo de la República y Vía ExpresaTransporte público: Cercanía a estaciones del MetropolitanoZona comercial y financiera: Proximidad a Torre Interbank y centros empresarialesEntre distritos: Ubicación limítrofe entre La Victoria, San Isidro y LinceDepartamento ideal para profesionales que buscan conectividad, comodidad y acceso a múltiples zonas de Lima moderna. ¿Le interesaría coordinar una visita o necesita información adicional sobre el precio y condiciones del alquiler? Contacto: Mary Matencio *9*2*0*1*7*9*0*2*6*|https://www.adondevivir.com/propiedades/clasificado/alclapin-departamento-en-alquiler-en-santa-catalina-148918610.html?n_src=Listado&n_pills=Gimnasio&n_pg=2&n_pos=1|2026-02-23
adondevivir|departamentos|alquiler|Lima Centro|La Victoria|"Jr. Alberto Barton
La Victoria, Lima"|S/ 2,500 · USD 760|2500|760||220|"52 m² tot.
2 dorm.
2 baños
1 estac."|52|2|2|1|Ubicación privilegiada. Moderno departamento de estreno, ubicado cerca de Av. Paseo de la República, Av. Canadá, Av. Prolongación Iquitos y Av. Arequipa. A pocos pasos de parques, cafés, restaurantes, bancos y farmacias. Distribución: – 2 habitaciones. – 2 baños completos. – Cocina americana. – Linda sala, comedor, con salida a Balcón que ofrece vista panorámica a la ciudad. 1 Estacionamiento. Departamento muy iluminado y funcional. Renta mensual: S/ 2, 500. Mantenimiento: S/ 220. Áreas comunes: – Zona de juegos para niños. – Sala de cine. – Sala de juegos. – Zona de parrilla. – Piscina. – Área de lavandería. – Gas Cálidda instalado. Ideal para quienes buscan confort, modernidad y una excelente ubicación. Contáctanos para más información o agendar una visita.|https://www.adondevivir.com/propiedades/clasificado/alclapin-alquiler-departamento-sin-muebles-con-areas-comunes-147844734.html?n_src=Listado&n_pills=Gimnasio&n_pg=2&n_pos=2|2026-02-23
adondevivir|departamentos|alquiler|Lima Centro|La Victoria|"Av.Javier Prado Este
Santa Catalina, La Victoria"|S/ 2,350|2350|||150|"42 m² tot.
1 dorm.
1 baño"|42|1|||Acogedor departamento con una espectacular vista a la ciudad, muy bien ubicado ; a pasos del centro financiero de San isidro, frente a la Clínica Ricardo Palma; totalmente amoblado. Consta de una sala comedor con balcón, cocina Americana, con muebles altos y bajos; Línea blanca, enseres: lavandería con therma, lavadero; y lava seca. Cuenta con gas cálida instalado en cocina, horno y therma; lo que le permite ahorrar en el pago de luz. Hermoso dormitorio con balcón y baño incorporado, amplio closet. El Edificio cuenta con áreas comunes, tales como recepción; gimnasio, piscina, sala coworking, bar. Condiciones: 2x1; mínimo 1 año.|https://www.adondevivir.com/propiedades/clasificado/alclapin-departamento-amoblado-de-estreno-muy-cerca-del-centro-145249024.html?n_src=Listado&n_pills=Guardian%C3%ADa%2FSeguridad+privada&n_pg=2&n_pos=3|2026-02-23
adondevivir|departamentos|alquiler|Lima Centro|La Victoria|"Javier Prado Este 1091
Santa Catalina, La Victoria"|S/ 3,600 · USD 1,016|3600|1016|||"76 m² tot.
3 dorm.
2 baños
1 estac."|76|3|2|1|Se alquila lindo departamento en estreno! Ubicación en la esquina. Cuenta con dos vistas hacia la Av. Javier Prado y a la Av. Solidaridad. El edificio se ubica cerca al puente peatonal que cruza la Av. Javier Prado, Clínicas (Ricardo Palma y otras), instituciones educativas (San Agustín), Centro Comercial (Santa Catalina), centros laborales (Instituciones públicas o privadas), límite con San Isidro. Se distribuye de la siguiente manera: - Sala comedor, bien iluminada. - tres Habitaciones, con closet empotrado. - Dos baños completos (uno en la habitación principal y las otras dos comparten el baño y la ducha). - Área de lavandería. - Kitchenette con cocina empotrada y campana extractora. - Cuenta con gas cálidda. - Tiene conexión para instalación de terma. - Balcón en la sala y en cada habitación. - En el alquiler se incluye un estacionamiento. - incluye también un depósito. Es un edificio petfriendly, así que tus bebés de 4 patitas, son más que bienvenidos. áreas comunes: - Piscina - Zonas de parrillas (5). - Co-Working - Gimnasio. - Sala sum. - Pet Wash. - Jardín interno. - Sala de Juegos. **máximo 4 habitantes** se puede alquilar también para uso de oficinas (A puerta cerrada).|https://www.adondevivir.com/propiedades/clasificado/alclapin-lindo-departamento-de-estreno-en-alquiler-en-santa-147695148.html?n_src=Listado&n_pills=Cerca+a+colegios&n_pg=2&n_pos=4|2026-02-23
adondevivir|departamentos|alquiler|Lima Centro|La Victoria|"Av. Javier Prado al 1000
Santa Catalina, La Victoria"|S/ 2,600|2600||||"65 m² tot.
2 dorm.
2 baños"|65|2|2||"Alquiler Depa 65 m² Piso 11 con 2 balcones + Coworking y Piscina | Santa Catalina (Javier Prado) Vive en un edificio moderno en Javier Prado Este 1091 (Santa Catalina), frente al Colegio San Agustín y a un paso de la Vía Expresa: ubicación estratégica para quienes trabajan o estudian cerca de San Isidro / San Borja y quieren ganar tiempo todos los días. Santa Catalina es una zona súper buscada porque te deja a minutos de San Isidro y San Borja y te conecta rápido con varios ejes. Además su conectividad con avenidas principales como: Javier Prado-Vías rápidas / conectividad: • Av. Javier Prado (tu vía principal directa). • A pasos de la Vía Expresa (Paseo de la República): clave para moverte rápido hacia Miraflores/Barranco o hacia el centro de Lima. • Acceso práctico hacia la zona empresarial de Santa Catalina / San Isidro / San Borja (ideal para gente que trabaja). Cercanías a colegios, bancos, restaurantes, clínicas y comercios del entorno de Javier Prado/Santa Catalina. Edificio frente al Colegio San Agustín. *caracteristicas: -Piso 11 | 65 m² | Vista y aireDepartamento semi-amoblado ideal para persona sola o pareja (también perfecto para hijos que estudian en Lima por su conectividad). *distribución-Sala–comedor con balcón y excelente luz natural-Cocina kitchenette funcional-2 dormitorios con camas y clósets empotrados• Dormitorio principal: cama Queen + balcón + baño incorporado• Dormitorio secundario: cama 2 plazas (amplio) -2 baños en total (1 incorporado + 1 completo compartido*áreas comunes (estilo “club”) -Piscina con vista panorámica-Coworking (ideal home office) -Gimnasio-Terraza con parrillas-Zona de bicicletas-Pet wash- Karaoke/bar, salas de entretenimiento y más -Agenda tu visita hoy (mensaje directo). Ideal para: ejecutivos, médicos, residentes, parejas jóvenes y estudiantes por su ubicación y amenities"|https://www.adondevivir.com/propiedades/clasificado/alclapin-alquiler-departamento-estreno-balcon-en-santa-148924235.html?n_src=Listado&n_pills=Seguridad&n_pg=2&n_pos=5|2026-02-23
adondevivir|departamentos|alquiler|Lima Centro|La Victoria|"15034, Jr. Luis N. Saenz 190, La Victoria 15034
La Victoria, Lima"|S/ 2,400 · USD 714|2400|714||240|"57 m² tot.
2 dorm.
2 baños"|57|2|2||Este acogedor departamento con vista interna y de estreno, tiene 58 m2 con una muy buena distribución se encuentra a 1 cuadra de la Av Javier Prado y frente al Parque Krumdieck. Características: - 2 cómodas habitaciones, ambas con clóset (la principal con baño completo). - Cocina abierta totalmente equipada con cocina, campana extractora y reposteros altos y bajos. - Sala comedor-amplia, bien ventilada y con excelente iluminación natural, con vista interior y acceso a un balcón. - Cuenta con lavandería (Incluye lavaseca). - 2 baños completos( 1 en el cuarto principal y el otro de visita) Areas comunes: - Lobby de doble altura. - Kidzone y Pet zone. - Juego para niños. - Gym. - Sala de cine. - Coworking. - Estacionamiento de bicicletas y mas. Condiciones: - Alquiler: S/ 2, 400 mensuales. - Mantenimiento aproximado: 240 soles(incluye consumo de agua) - Contrato 2 x 1 (2 meses de garantía, 1 mes de adelanto). Requisitos: ️ Tener un buen historial crediticio. ️ Presentar sustento económico (planilla y antigüedad laboral) Es tu oportunidad de vivir en un departamento moderno, seguro y con todas las comodidades, contáctam|https://www.adondevivir.com/propiedades/clasificado/alclapin-alquiler-departamento-de-estreno-santa-catalina-148525602.html?n_src=Listado&n_pills=Gimnasio&n_pg=2&n_pos=6|2026-02-23
adondevivir|departamentos|alquiler|Lima Centro|La Victoria|"Av. Javier Prado Este
Santa Catalina, La Victoria"|"S/ 3,200
5%"|3200||5%|200|"75 m² tot.
3 dorm.
2 baños
1 estac."|75|3|2|1|Alquiler departamento de estreno en santa catalina limite con san isidro. Buena ubicación Av. Javier Prado, Clínicas Ricardo Palma y otras, instituciones educativas (San Agustín), Centro Comercial (Santa Catalina), centros laborales (Instituciones públicas o privadas), límite con San Isidro. -️Se puede alquiler tambien para uso de oficina a puerta cerrada. -️Piso: 8. -️75m2. Sala comedor, bien iluminada. 3 Dormitorios, con closet empotrado. 2 Baños completos. Área de lavandería. -Kitchenette con cocina empotrada y campana extractora. -️Cuenta con gas calida. Cochera. -️Depósito. áreas comunes: - Piscina. - Zonas de parrillas. - Co-Working. - Gimnasio. - Sala sum. - Pet Wash. - Jardín interno. - Sala de Juegos. -️Mantenimiento aprox: S/200. ️Si deseas mas información o agendar una visita Ver datos|https://www.adondevivir.com/propiedades/clasificado/alclapin-alquiler-departamento-de-estreno-en-santa-catalina-148896319.html?n_src=Listado&n_pills=Piscina&n_pg=2&n_pos=7|2026-02-23
adondevivir|departamentos|alquiler|Lima Centro|La Victoria|"paseo de la republica 2199
Santa Catalina, La Victoria"|S/ 1,750 · USD 520|1750|520||150|"45 m² tot.
1 dorm.
1 baño"|45|1|||Gran oportunidad, se Alquila, dpto. De 1 dorm. Solo 4 años de antiguedad, viene incluido cocina Y campana extractora, se encuentra en Paseo de La Republica, en Santa Catalina, a una cuadra de Lince y 4 cuadras de San Isidro, el edificio cuenta con excelentes areas comunes, citas con anticipacion llamando al telf. Ver datos - Ver datos. Disponible el 15 de febrero|https://www.adondevivir.com/propiedades/clasificado/alclapin-alquilo-dpto.-de-1-dorm.-en-paseo-de-la-republica-145822067.html?n_src=Listado&n_pills=Guardian%C3%ADa%2FSeguridad+privada&n_pg=2&n_pos=8|2026-02-23
adondevivir|departamentos|alquiler|Lima Centro|La Victoria|"Av Javier Prado Este 1571
Santa Catalina, La Victoria"|S/ 1,700|1700|||170|"40 m² tot.
1 dorm.
1 baño"|40|1|||Alquiler de Departamento Loft en Santa Catalina. Pisos 18. - Área 40m2. 1 habitación. Alquiler S/ 1, 700 condición 2x1. Mantenimiento S/ 170. Contacto: Andrés Cardenas 9. 9. 1. 2. 4. 0. 0. 0. 1. Descripción: Departamento estilo Loft (ambiente sala habitación y cocina abierta integrada), en edificio moderno ubicado en Santa Catalina, en Av Javier Prado, cerca al cruce con Nicolás Arriola, cerca a la Rambla y centro comercial de Santa Catalina. Características: - Sala habitación amplia integrada con balcón anplio y mampara, vista externa a Javier Prado. - Walk in closet. - Cocina abierta con tablero de granito, muebles altos y bajos (equipada con cocina vitrocerámica de 2 hornillas, horno y campana) - Área de lavanderia con lavadero y conexiones para lavadora. - Baño completo con finos acabados. Áreas comunes: Gimnasio, mirador, salon sum, bar, coworking. Salidas rápidas: Av. Javier Prado, Av. Nicolás Arriola, Av. Guardia Civil, Via Expres|https://www.adondevivir.com/propiedades/clasificado/alclapin-alquiler-de-departamento-en-santa-catalina-loft-143771631.html?n_src=Listado&n_pills=Ascensor&n_pg=2&n_pos=9|2026-02-23
adondevivir|departamentos|alquiler|Lima Centro|La Victoria|"Av Nicolás Arriola 501
La Victoria, Lima"|S/ 2,600 · USD 780|2600|780||200|"62 m² tot.
2 dorm.
2 baños
1 estac."|62|2|2|1|Alquilo departamento en Santa Catalina con cocheraUbicado en Nicolás Arriola, cuadra 5, frente a divemotors. Ideal para quienes trabajan en el centro financiero de San Isidro, San Borja o zonas aledañas, con acceso rápido a vías principales como Arriola, Javier Prado, Canadá y Vía Expresa. Además, está cerca de colegios, parques y a un paso de Metro. Este moderno departamento se encuentra en el piso 22, ofreciendo una vista espectacular de toda la ciudad de Lima. Incluye estacionamiento en el sótano y cuenta con exclusivas áreas comunes: coworking, zona de parrillas, gimnasio, área de yoga, sala de usos múltiples, baño para mascotas y juegos para niños. La distribución es perfecta para vivir cómodamente: - Sala comedor amplia con balcón y vista panorámica a Lima- Cocina equipada con horno, encimera de 4 hornillas, campana extractora, reposteros altos y bajos, tablero de granito sal y pimienta, y conexión a gas Calidda- Lavandería separada de los ambientes sociales- Dos dormitorios grandes con closet, bien iluminados y ventilados- Dos baños completos, uno dentro del dormitorio principalCondiciones: 2 meses de garantía por 1 de adelanto. Vive en una ubicación estratégica con todas las comodidades que necesitas. ¡Agenda tu visita y no dejes pasar esta oportunidad!|https://www.adondevivir.com/propiedades/clasificado/alclapin-alquilo-departamento-2-dorm-santa-catalina-vista-148871988.html?n_src=Listado&n_pills=Gimnasio&n_pg=2&n_pos=10|2026-02-23
adondevivir|departamentos|alquiler|Lima Centro|La Victoria|"PASEO DE LA REPUBLICA 2199 LA VICTORIA
La Victoria, Lima"|S/ 2,800|2800|||250|"61 m² tot.
2 dorm.
2 baños"|61|2|2||Ubicación privilegiada en santa catalina – conectividad Y comodidad. este edificio está ubicado frente al colegio melitón carbajal Y A solo dos cuadras del edificio interbank (san isidro), en plena av. Paseo de la república. Su ubicación estratégica te conecta rápidamente con avenidas principales como javier prado Y canadá, facilitando el acceso A diferentes distritos Y zonas comerciales de lima. Ideal para quienes buscan vivir cerca de todo: centros financieros, supermercados, ciclovías, gimnasios, restaurantes Y vías de transporte rápido. Este moderno departamento de 61 m², ubicado en el exclusivo edificio met, se alquila semi amoblado y ofrece una espectacular vista directa al parque Carbajal. Cuenta con una Sala equipada con centro de entretenimiento empotrado, perfecta para compartir y disfrutar del hogar. Kitchenette semi amoblada, funcional y moderna, equipada con encimera, horno nuevo, campana extractora, y muebles altos y bajos. Zona de lavandería con muebles altos instalados para mayor organización y almacenamiento. El Dormitorio principal es amplio, con espacio para cama queen, clóset empotrado, baño privado, rack para la tv y grandes ventanas que permiten el ingreso de abundante luz natural. Dormitorio secundario con espacio para cama queen, clóset empotrado y excelente iluminación natural. Dos baños completos, ambos con espejo incluidos y acabados modernos. El edificio cuenta con 5 ascensores, servicio de vigilancia 24/7, mantenimiento y limpieza permanente, brindando seguridad y confort a todos sus residentes. Las áreas comunes exclusivas con más de 1, 500 m², de fácil acceso y con una de las mejores vistas panorámicas de Lima: Piscina. Gimnasio. View Spa. Master Lounge. Bar 37. 5 zonas de parrilla (bbq Boxes) Sala de coworking. Salón de eventos (Party Room) Sala de juegos para niños. Condiciones de alquiler: 2 meses de garantía + 1 mes de adelanto. Documentación en regla|https://www.adondevivir.com/propiedades/clasificado/alclapin-vista-espectacular-desde-el-piso-27-dpto-2-dor.-148084054.html?n_src=Listado&n_pills=Gimnasio&n_pg=2&n_pos=11|2026-02-23
adondevivir|departamentos|alquiler|Lima Centro|La Victoria|"Avenida Paseo de la República 2099
La Victoria, Lima"|S/ 1,800|1800|||250|"45 m² tot.
1 dorm.
1 baño"|45|1|||Excelente ubicacion Via Expresa/Canada. Piso 8 con vista exterior. 01 Hab. Amplia y bien iluminada. 01 Baño completo privado. Tienen terraza con bonita vista. Cocina Tipo americana abierta todo moderno. Reposteros altos y bajos con finos acabados. Encimera 4 hornillas a Gas Natural Calidda. Tablero de Granito, incluye Extractor. Therma de 10 Lt. Sole a Gas Natural. Punto para lavadora. Sala y Comedor: Amplios ambientes con buena iluminación. Mampara corrediza con terraza. Areas Comunes: Área de Parrillas – Piso 38 Vista Impresionante. Sum y área de Terraza – Piso 38. Sala de reuniones/bar – Piso 38. Gimnasio – Piso 1. Lobby y Sala de espera – Piso 1. Sum 1 y 2 – Piso 1. Requisitos y Condiciones: Renta Mensual. S/1, 800. 2 meses de garantia y 1 de adelanto. Mantenimiento: S/Ver datos mensuales (Incluye agua) Renta No incluye luz, arbitrios ni servicios contratados (cable, internet, etc) Calificacion normal en Infocorp. Sustento de Ingresos. Entrega inmediata. iInformes: alberto 9. 8. 2. 6. 1. 4. 4. 3. 8|https://www.adondevivir.com/propiedades/clasificado/alclapin-alquiler-dpto.-45-mt-en-santa-catalina-148621149.html?n_src=Listado&n_pills=Ascensor&n_pg=2&n_pos=12|2026-02-23
adondevivir|departamentos|alquiler|Lima Centro|La Victoria|"Av. P.º de la República 2099
La Victoria, Lima"|S/ 2,600|2600|||300|"81 m² tot.
3 dorm.
2 baños"|81|3|2||Se alquila departamento de 3 habitaciones en cuarto piso de famoso edificio Tempo, en Paseo de la República 2099. Área total = 81 m2. La distribución es la siguiente: - Cocina y área de lavandería con ventilación natural. - Sala comedor con balcón. - Estar. - Habitaciones 2 y 3 con closet. - Baño completo. - Habitación principal con balcón y baño privado. El precio del alquiler es de 2600 soles, 2x1, y el mantenimiento del edificio es de 300 soles mensuales aproximadamente incluyendo el agua. El edificio cuenta con seguridad las 24 horas, recepción, áreas de parrilla, áreas de juego, gimnasio, zona de lavado, área de usos múltiples, entre otras. De necesitarlo, en el edificio se encuentran cocheras en alquiler en 300 soles mensuales aproximadamente.|https://www.adondevivir.com/propiedades/clasificado/alclapin-alquiler-de-depa-de-3-habitaciones-en-edificio-tempo-148941141.html?n_src=Listado&n_pills=Ascensor&n_pg=2&n_pos=13|2026-02-23
adondevivir|departamentos|alquiler|Lima Centro|La Victoria|"AV. CANADA 1075 - LA VICTORIA
Santa Catalina, La Victoria"|S/ 2,303|2303|||280|"57 m² tot.
2 dorm.
2 baños"|57|2|2||"Contamos con esplendido departamento en edificio residencial hope - la victoria. * Cuenta con un área de: 58. 00 M2 | Precio de renta: S/. 2, 303. 00. sala comedor / 02 dormitorios / estudio / reposteros altos Y bajos en cocina / lavanderia / vista exterior / amplias ventanas. edificio cuenta con areas comunes: recepcion / patio interior / sala de reuniones / salon de eventos / sala de parrillas / gym / lavanderia / area de niños / 02 ascensores modernos. * disponiblidad inmediata. *Teléfonos de contacto: Ver datos movistar / Ver datos entel. correos: Ver datos /@gmail. com"|https://www.adondevivir.com/propiedades/clasificado/alclapin-alquiler-dpto-de-57.50-m-sup2--02-dormit-edificio-145911191.html?n_src=Listado&n_pills=Parrilla&n_pg=2&n_pos=14|2026-02-23
adondevivir|departamentos|alquiler|Lima Centro|La Victoria|"Av. Aviación 500
La Victoria, Lima"|S/ 3,000|3000|||322|"60 m² tot.
2 dorm.
2 baños
1 estac."|60|2|2|1|Alquilo dpto de estreno. Departamento · 58m² · 2 dormitorios · 1 estacionamiento. alquiler S/ 2, 999. Mantenimiento S/ 320. Avisarme si baja de precio. Avenida San Borja Sur 586, San Borja, Lima. Mapa. 58 m² tot. 58 m² cub. 2 baños. 1 estac. 2 dorm. A estrenar. Alquiler Departamento en San Borja S/ 3000. Alquilo. 9. 5. 9. 1. 9. 8. 5. 2. 2. De Estreno Amoblado Dpto de 2dor y Estac. alquilo hermoso departamento. Ubicado en el corazon de San Borja Av. San Borja Sur Cuadra 5. Cerca de todo, Rambla san borja, real plaza primavera, Estacion del tren, colegios, mercados, farmacias y restaurantes. Precio de alquiler S/ 3000. No está incluido el mantenimiento, electricidad, gas, cable, teléfono e Internet. Ubicado en el piso Piso 11 con vista interna y cuenta con: Departamento exquisitamente amoblado y equipado, para personas de buen gusto, con salida rápida a avenidas principales. - Sala Comedor con balcón. - Cocina kitchenette - Lavandería. - 02 baños (uno compartido y otro en dormitorio principal) - 02 dormitorios (dormitorio principal con walking closet) - Intercomunicador. - Areas comunes (piscina, parrilla, gym, sala de niños, lobby) - Vigilancia 24 horas. - 02 ascensores por edificio. - No mascot. - Cuenta con cochera. - Mantenimiento 320. Condiciones: 1 mes de adelanto y 2 mes de garantía. Si mascot con 1 mes de garantía. Renta: 3000. 2x1. Alquiler mínimo 1 año. Agenda tu visita hoy mismo. Carolina Muñoz. 9. 5. 9. 1. 9. 8. 5. 2. 2. Disponibilidad inmediata|https://www.adondevivir.com/propiedades/clasificado/alclapin--cm-alquilo-dpto-de-estreno-de-2-dormit-cochera-en-148993016.html?n_src=Listado&n_pills=Seguridad&n_pg=2&n_pos=15|2026-02-23
adondevivir|departamentos|alquiler|Lima Centro|Rimac|"Avenida A 220
Rímac, Lima"|S/ 1,300 · USD 388|1300|388||120|"71 m² tot.
2 dorm.
1 baño"|71|2|||"Alquiler de departamento en el rimac. contacto: cristhian roncal. *981*293*854* ubicación. Nuevo Condominio Altos del Rímac. Prolongación de la Av. Alcázar (Ex-Polígono de Tiro) Fácil y rápido acceso a las Avenidas: Alcázar, Morro de Arica y Túpac Amaru. A 2 min de Supermercados, Bancos, Clínicas, restaurantes, bodegas, minimarkets, panaderías y otros. La ruta 305 del corredor azul (Lomas del Rímac a Miraflores) ya está circulando en los condominios y cuenta con su propio paradero. Actualmente se esta construyendo en primer Strip Center del Rímac ""Lomas Plaza"", que contara con 2 tiendas anclas confirmadas (Supermercados Metro y Smart Fit, entre otras) a inicios de Enero de 2026. La urbanización cuenta con Ciclovías. Descripcion. - Área Ocupada 71m2, - Area Techada 51m2. Bonito Departamento en primer piso con terraza con excelente iluminación natural en todos los ambientes. - Piso 1. - Amplia Sala – Comedor. - Amplia Cocina con muebles altos y bajos con lavaplatos de acero inoxidable. 2 dormitorios Y 1 baño. - 1 Dormitorio principal con ropero. - 1 Dormitorio secundario. Con ropero. - 1 baño completo. - La lavandería cuenta con lavadero de fibra de vidrio y conexión para lavadora, puede adaptarse. - Intercomunicador. - El departamento cuenta con un sistema de ventanas de protección acústica, optimo aislamiento térmico y excelente protección de la humedad, frío y polvo, y se entrega con luminarias y terma. Seguridad. El Condominio cuenta con una excelente seguridad privada 24x7. Además de zona de parrillas, local para reuniones, parqueaderos de bicicletas, ciclovía dentro del condominio. Servicios: - Luz, y gas natural según consumo. - Mantenimiento S/. 120 soles aprox. - Arbitrios. precio alquiler incluye estacionamiento: S/ 1, 300 soles. (1 mes de adelanto y 1 de garantía). Contrato mínimo de 1 año. Requisitos: - sustento de ingresos demostrables. - no estar mal reportado en las centrales de riesgo. - no contar con antecedentes. restricciones: no mascotas. no mascotas. no mascotas. contacto: cristhian roncal. *981*293*854*"|https://www.adondevivir.com/propiedades/clasificado/alclapin-alquiler-de-departamento-en-primer-piso-en-el-rimac-148903713.html?n_src=Listado&n_pills=%C3%81rea+de+lavander%C3%ADa&n_pg=1&n_pos=1|2026-02-23
adondevivir|departamentos|alquiler|Lima Centro|Rimac|"Av. A 225
Rímac, Lima"|S/ 1,580|1580|||150|"65 m² tot.
2 dorm.
2 baños
1 estac."|65|2|2|1|Se alquila cómodo y funcional departamento de 85 m², ubicado en un condominio tranquilo y bien organizado en la Av. A 225, Rímac, con rápido acceso al transporte público y cercano a paraderos del Corredor Azul. El departamento cuenta con: 2 dormitorios. 2 baños completos. Cocina independiente. Lavandería. 1 cochera. Ingreso al departamento con sistema de huella dactilar. Condiciones del alquiler: No se permiten mascotas. Máximo 4 personas. Preferible adultos. Beneficios del condominio: Misa todos los domingos. Dos mini markets dentro del condominio. Estacionamiento con espacio para bicicleta. Salas de esparcimiento para reuniones (con horario establecido) Limpieza constante y mantenimiento permanente. Ambiente seguro, ordenado y familiar. Excelente opción para quienes buscan tranquilidad, seguridad y buena conectividad.|https://www.adondevivir.com/propiedades/clasificado/alclapin-departamento-en-alquiler-av-a-225-rimac-148735491.html?n_src=Listado&n_pills=%C3%81rea+de+lavander%C3%ADa&n_pg=1&n_pos=2|2026-02-23
adondevivir|departamentos|alquiler|Lima Centro|Rimac|"Padre Abad 255
La Huerta, Rímac"|S/ 1,500|1500|||30|"60 m² tot.
2 dorm.
1 baño"|60|2|||Depa 2 dorm., 60 M2, piso 4, de estreno en urb. La huerta. Frente A parque, en urbanizacion la huerta, rimac. (Ref. A 4 cuadras del cruce de av. Alcázar con prolongación Tacna). Moderno departamento equipado. Descripción del inmueble: - Piso 4. - 60 m2 de área total. - 60 m2 de área techada. - Cocina abierta equipada con campana extractora, cocina a gas natural, refrigeradora y lavadora. - Sala-comedor. - Dormitorio secundario. - Dormitorio principal equipado con closet y cama con colchón y box tarima de 2 plazas. - Patio común en el acceso al departamento con posibilidad de tendal. Seguridad: - Urbanización con accesos restringidos. Accesibilidad: Llega rápidamente desde las avenidas Alcázar, Prolongación Tacna, Atahualpa, Francisco Pizarro. Tiendas e instituciones cercanas: Tambo+, Plaza Vea Alcázar, Colegio Nuestra Sra. Del Patrocinio, Colegio Nuestra sra. De Copacabana, Convento de Los Descalzos, Alameda de Los Descalzos, Paseo de Aguas. Condiciones para arrendar: - Para firmar contrato deberá abonar 1 mes de garantía y 1 mes de renta. - Encontrarse bien reportado en las centrales de riesgo. - Presentar documentos sustentatorios de ingresos.|https://www.adondevivir.com/propiedades/clasificado/alclapin-depa-2-dorm.-60-m-sup2--piso-4-urb.-la-huerta-148959620.html?n_src=Listado&n_pills=%C3%81rea+de+lavander%C3%ADa&n_pg=1&n_pos=3|2026-02-23
adondevivir|departamentos|alquiler|Lima Centro|Rimac|"Calle 5 al 500
El Manzano, Rímac"|S/ 1,300|1300||||"52 m² tot.
2 dorm.
1 baño"|52|2|||Alquilo departamento remodelado en el rímac – 1er piso, 62 m²erika vasquez 941* 396* 817¡Vive en una zona tranquila y muy bien conectada del Rímac! Este acogedor departamento remodelado de 62 m², ubicado en primer piso, combina comodidad, buena distribución y excelente ubicación. Ubicación privilegiada: A pocos minutos de Plaza Vea, Colegio María Parado de Bellido, Av. Alcázar y Prolongación Tacna, con fácil acceso a transporte público, tiendas y servicios. Características del departamento: Área: 62 m²Primer piso (ideal para personas mayores o familias pequeñas) Sala amplia e iluminadaKitchenet funcional con muebles bajos2 dormitorios amplios con buena ventilación natural1 baño completo modernoPatio y lavanderíaDepartamento remodelado, listo para mudarse Precio de alquiler: S/1300 mas servicios y arbitrios Condiciones: 2meses garantía 1 mes adelantadoaceptamos mascotas medianas Disponibilidad de visitas viernes 20 de febrero a las 3pmDisponibilidad del dpto para ocuparlo 01 de marzo Contáctame hoy y agenda tu visita. ¡Tu nuevo hogar te espera en el Rímac! erika vasquez 941* 396* 817|https://www.adondevivir.com/propiedades/clasificado/alclapin-alquiler-dpto-52-m-sup2--en-1er-piso-rimac-148840324.html?n_src=Listado&n_pills=%C3%81rea+de+lavander%C3%ADa&n_pg=1&n_pos=4|2026-02-23
adondevivir|departamentos|alquiler|Lima Centro|Rimac|"praderas etapa 4 rimac
Rímac, Lima"|S/ 1,200|1200|||150|"64 m² tot.
2 dorm.
2 baños"|64|2|2||Ubicación: Cond. Praderas del Rímac Etapa 4, Rímac. Se encuentra en un condominio moderno y eco amigable, ubicado en prolongación Alcázar, con rápido y fácil acceso a tienda mass, Supermercado de Plaza Vea, a las avenidas Alcázar y Tacna, bancos, restaurantes, farmacias, colegios públicos y privados como el Innova School, a pocos minutos de la uni, Hospital Cayetano Heredia, centro de Lima y su zona comercial. Características Generales. Área Total: 66. 00m² Área Construcción: 66. 00m² Piso: 17. Sala comedor amplia con balcón y vista externa. Cocina con reposteros altos y bajos, luminaria, comedor con barra, lavandería y terma a gas cálida. N° Habitaciones: 2 + un ambiente adicional para uso de estudio, oficina abierta o deposito. N° Baños: 2 Baños con ducha. Extras: - Zona de parrillas. - sum. - Juegos para niños. - Mantenimiento S/. 150. 00 incluye agua. Agenda tu visita ahora!|https://www.adondevivir.com/propiedades/clasificado/alclapin-alquilo-departamento-praderas-4-rimac-146480728.html?n_src=Listado&n_pills=Seguridad&n_pg=1&n_pos=5|2026-02-23
adondevivir|departamentos|alquiler|Lima Centro|Rimac|"Avenida A 220
Rímac, Lima"|S/ 1,200 · USD 358|1200|358||110|"51 m² tot.
2 dorm.
1 baño"|51|2|||"Alquiler de departamento en el rimac. Contacto: cristhian roncal. *981*293*854* ubicación. Nuevo Condominio Altos del Rímac. Prolongación de la Av. Alcázar (Ex-Polígono de Tiro) Fácil y rápido acceso a las Avenidas: Alcázar, Morro de Arica y Túpac Amaru. A 2 min de Supermercados, Bancos, Clínicas, restaurantes, bodegas, minimarkets, panaderías y otros. La ruta 305 del corredor azul (Lomas del Rímac a Miraflores) ya está circulando en los condominios y cuenta con su propio paradero. Actualmente se esta construyendo en primer Strip Center del Rímac ""Lomas Plaza"", que contara con 2 tiendas anclas confirmadas (Supermercados Metro y Smart Fit, entre otras) a inicios de Enero de 2026. La urbanización cuenta con Ciclovías. Descripcion. - Área 51 m2, bonito Departamento de estreno, con excelente iluminación natural en todos los ambientes. - Piso 14. - Acceso con 2 ascensores modernos y escalera de emergencia. - Amplia Sala – Comedor. - Amplia Cocina con muebles altos y bajos con lavaplatos de acero inoxidable. 2 dormitorios Y 1 baño. - 1 Dormitorio principal. - 1 Dormitorio secundario. - 1 baño completo de uso amoblado. - La lavandería cuenta con lavadero de fibra de vidrio y conexión para lavadora, puede adaptarse. - Intercomunicador. - El departamento cuenta con un sistema de ventanas de protección acústica, optimo aislamiento térmico y excelente protección de la humedad, frío y polvo, y se entrega con luminarias y terma. Seguridad. El Condominio cuenta con una excelente seguridad privada 24x7. Además de zona de parrillas, local para reuniones, parqueaderos de bicicletas, ciclovía dentro del condominio. Servicios: - Luz, y gas natural según consumo. - Mantenimiento S/. 110 soles aprox. - Arbitrios. precio alquiler incluye estacionamiento: S/ 1, 200 soles. (1 mes de adelanto y 1 de garantía). Contrato mínimo de 1 año. Requisitos: - sustento de ingresos. - no estar mal reportado en las centrales de riesgo. - no contar con antecedentes. restricciones: no mascotas. no mascotas. no mascotas. contacto: cristhian roncal. *981*293*854*"|https://www.adondevivir.com/propiedades/clasificado/alclapin-alquiler-de-departamento-en-el-rimac-148882407.html?n_src=Listado&n_pills=Cerca+a+colegios&n_pg=1&n_pos=6|2026-02-23
adondevivir|departamentos|alquiler|Lima Centro|Rimac|"Avenida A 220
Rímac, Lima"|S/ 1,400 · USD 417|1400|417||120|"51 m² tot.
2 dorm.
1 baño
1 estac."|51|2||1|"Alquiler de departamento con estacionamiento en rimac altos 220. contacto: cristhian roncal. *981*293*854* ubicación. Condominio Altos del Rímac 220. Prolongación de la Av. Alcázar (Ex-Polígono de Tiro) Fácil y rápido acceso a las Avenidas: Alcázar, Morro de Arica y Túpac Amaru. A 2 min de Supermercados, Bancos, Clínicas, restaurantes, bodegas, minimarkets, panaderías y otros. La ruta 305 del corredor azul (Lomas del Rímac a Miraflores) ya está circulando en los condominios y cuenta con su propio paradero. Actualmente se esta construyendo en primer Strip Center del Rímac ""Lomas Plaza"", que contara con 2 tiendas anclas confirmadas (Supermercados Metro y Smart Fit, entre otras) a inicios de Enero de 2026. La urbanización cuenta con Ciclovías. Descripcion. - Área 51 m2, bonito Departamento de estreno, con excelente iluminación natural en todos los ambientes. - Piso 6. - Acceso con 2 ascensores modernos y escalera de emergencia. - Amplia Sala – Comedor. - Amplia Cocina equipada con cocina, campana y con muebles altos y bajos con lavaplatos de acero inoxidable. 2 dormitorios Y 1 baño. - 1 Dormitorio principal con Closet. - 1 Dormitorio secundario. - 1 baño completo de uso amoblado. - La lavandería cuenta con lavadero de fibra de vidrio y conexión para lavadora, puede adaptarse. - Intercomunicador. - El departamento cuenta con un sistema de ventanas de protección acústica, optimo aislamiento térmico y excelente protección de la humedad, frío y polvo, y se entrega con luminarias y terma. - 1 cochera. seguridad. El Condominio cuenta con una excelente seguridad privada 24x7. Además de zona de parrillas, local para reuniones, parqueaderos de bicicletas, ciclovía dentro del condominio. Servicios: - Luz, y gas natural según consumo. - Mantenimiento S/. 110 soles aprox. - Arbitrios. precio alquiler: S/ 1, 200 soles. (1 mes de adelanto y 1 de garantía). Contrato mínimo de 1 año. Requisitos: - sustento de ingresos demostrables. - no estar mal reportado en las centrales de riesgo. - no contar con antecedentes. restricciones: no mascotas. no mascotas. contacto: cristhian roncal. *981*293*854*"|https://www.adondevivir.com/propiedades/clasificado/alclapin-alquiler-de-departamento-con-estacionamiento-en-rimac-148942010.html?n_src=Listado&n_pills=Parrilla&n_pg=1&n_pos=7|2026-02-23
adondevivir|departamentos|alquiler|Lima Centro|Rimac|"Avenida A
Rímac, Lima"|S/ 1,450|1450|||135|"65 m² tot.
2 dorm.
1 baño"|65|2|||Mudarte sin comprar nada. Llegar con tu maleta y empezar a vivir. Así de simple. Se alquila departamento totalmente amoblado, en condominio nuevo Los Altos del Rímac, ideal para quienes buscan comodidad, orden y buena distribución. Características del departamento: Área: 65 m² 2 dormitorios. Dormitorio principal con walking closet. Sala comedor amplia y bien iluminada. Cocina funcional. Área de lavandería. 1 baño completo. Gas Cálidda. Medidores de servicios independientes. Viene completamente equipado (línea blanca y más): Cocina. Campana extractora. Microondas. Refrigeradora. Lavadora. Televisor grande. Camas y closets. Precio de alquiler: S/ 1, 450 mensuales. Mantenimiento: aprox. S/ 135. Condiciones: 2 meses de garantía + 1 mes de adelanto. Vive en un condominio moderno, seguro y organizado, con todo listo para que solo te preocupes por disfrutar. Agenda tu visita hoy mismo 986*520*629 - 992*141*058|https://www.adondevivir.com/propiedades/clasificado/alclapin-departamento-amoblado-en-alquiler-condominio-los-148809272.html?n_src=Listado&n_pills=Parrilla&n_pg=1&n_pos=8|2026-02-23
adondevivir|departamentos|alquiler|Lima Centro|Rimac|"Avenida A 225
Rímac, Lima"|S/ 1,300 · USD 388|1300|388||120|"65 m² tot.
2 dorm.
2 baños"|65|2|2||"Ven A vivir en la mejor zona residencial del rimac, lejos del ruido Y de la inseguridad. contacto: cristhian roncal. celular: 981*293*854. ubicación. Nuevo Condominio Praderas del Rímac. Prolongación de la Av. Alcázar (Ex-Polígono de Tiro) Fácil y rápido acceso a las Avenidas: Alcázar, Morro de Arica y Túpac Amaru. A 2 min de Supermercados, Bancos, Clínicas, restaurantes, bodegas, minimarkets, panaderías y otros. La ruta 305 del corredor azul (Lomas del Rímac a Miraflores) ya está circulando en los condominios y cuenta con su propio paradero. Actualmente se esta construyendo en primer Strip Center del Rímac ""Lomas Plaza"", que contara con 2 tiendas anclas confirmadas (Supermercados Metro y Smart Fit, entre otras) a inicios de Enero de 2026. La urbanización cuenta con Ciclovías. Descripcion. - Área 65 m2, bonito departamento de estreno con excelente iluminación natural en todos los ambientes. - Acceso con 2 ascensores modernos y escalera de emergencia. - Sala – Comedor. - La Cocina cuenta con muebles altos Y bajos en la cocina; además cuenta con gas natural, con lavaplatos de acero inoxidable. - 02 Dormitorios, el dormitorio principal (entra hasta una cama Queen) - 02 Baños completos con terma. - La lavandería cuenta con lavadero de fibra de vidrio y conexión para lavadora, puede adaptarse tendales en el interior. - Intercomunicador con puerta de edificio y garita de seguridad. - El departamento cuenta con un sistema de ventanas de protección acústica, optimo aislamiento térmico y excelente protección de la humedad, frío y polvo, y se entrega con luminarias y terma. - El condominio ofrece cancha deportiva de futbol y basquet, Zona de parrillas y local para reuniones, parqueadero de bicicletas. Seguridad. Los Condominios cuenta con una excelente seguridad privada preventiva 24/7. Garita de Serenazgo en la urbanización 24/7. Garita de seguridad en el condominio 24/7. servicios: - Luz, agua y gas natural según consumo. - Mantenimiento S/. 120. 00 soles aprox. Precio alquiler: S/ 1, 300 soles. (1 mes de adelanto y 1 de garantía). Contrato mínimo de 1 año. Requisitos: * No encontrarse en centrales de Riesgo. * Sustento de ingresos demostrables. restricciones: * no mascotas* * no mascotas* contacto: cristhian roncal. celular: 981*293*854"|https://www.adondevivir.com/propiedades/clasificado/alclapin-alquiler-de-departamento-en-el-rimac-148892671.html?n_src=Listado&n_pills=Guardian%C3%ADa%2FSeguridad+privada&n_pg=1&n_pos=9|2026-02-23
adondevivir|departamentos|alquiler|Lima Centro|Rimac|"Av. La Capilla al 700
Rímac, Lima"|S/ 1,600|1600||||"90 m² tot.
3 dorm.
1 baño
1 estac."|90|3||1|Departamento de 90 m², 3 dormitorios, 1er. Piso en alquiler Características: - 3 dormitorios- Sala comedor- Cocina abierta- Lavandería- 1 baño competo- 1 estacionamiento - 1er Piso-90 m²Departamento ubicado en la cuadra 7 de la Av. La Capilla, cerca de la Av. Tarapacá, cerca de bancos y a zona comercialPara más información sobre esta propiedad, indícanos el código sapVer datos. Asesor asignado: Mariana Jimenez. Contáctanos vía WhatsApp o a través de nuestra página web.|https://www.adondevivir.com/propiedades/clasificado/alclapin-departamento-de-3-dorm.-90-m-sup2--1er.-piso-en-148990191.html?n_src=Listado&n_pills=Piscina&n_pg=1&n_pos=10|2026-02-23
adondevivir|departamentos|alquiler|Lima Centro|Rimac|"Calle 5
El Manzano, Rímac"|S/ 1,350 · USD 386|1350|386|||"62 m² tot.
2 dorm.
1 baño"|62|2|||Departamento Flat en Rímac, Lima — 56 m²C. 5 526Características principales: - Dirección: Calle. 5 numero 526, Urb. El manzano, Rímac, Lima- Piso: 1 (flat) - Área construida: 56. 00 m²- Habitaciones: 2- Baños: 1- Estacionamiento: No disponible- Característica: Aceptan mascotas- Antigüedad: 35 añosDescripción breve: Espacio acogedor y bien distribuido de 56 m², ideal para pareja, pequeña familia o profesionales que buscan funcionalidad y comodidad. Departamento pet-friendly, práctico para quienes desean vivir cerca del centro del Rímac con acceso a servicios y transporte. ¿Por qué te conviene? - Distribución eficiente: ambientes fáciles de adaptar a tus necesidades. - Aceptan mascotas: vive con tu compañero sin complicaciones. - Ubicación céntrica en Rímac, con comercio y vías de acceso cercanas. ¿Interesado? Agenda una visita para conocerlo y comprobar personalmente su potencial. T. C. 3. 50Tipo de cambio referencial, sujeto a variación diaria por fluctuación del mercado|https://www.adondevivir.com/propiedades/clasificado/alclapin-se-alquila-departamento-en-el-primer-piso-146945080.html?n_src=Listado&n_pills=%C3%81rea+de+lavander%C3%ADa&n_pg=1&n_pos=11|2026-02-23
adondevivir|departamentos|alquiler|Lima Centro|Rimac|"Av. Felipe Arancibia
Rímac, Lima"|S/ 5,000 · USD 1,488|5000|1488|||"130 m² tot.
9 dorm.
6 baños"|130|9|6||Área de Terreno 130 m2 y Área construida 219. 35, 2 do piso: Sala comedor cocina independiente 3 habitaciones 2 Baños, escalera al tercer nivel3 er piso: sala de estar 3 habitaciones, 2 baños, lavandería, acceso al cuarto nivel, 4 to piso: 1 departamento con sala comedor y cocina abierta, 2 habitaciones amplias 1 baño completo y 1 mini departamento 1 dormitorio amplio cocina, 1 bañoCuenta con instalación cálidda. Cuenta con luz y agua independienteMuy bien ubicado en plena Av. Felipe Arancibia 285 (Ex Av. Tarapacá) con fácil acceso a las avenidas principales 3 minutos de plaza vea de alcázar, a una cuadra del banco bcp, con facilidad de acceso a las principales avenidas como la Av. Alcázar, Av. Prolongación Tacna y Av. Francisco PizarroIdeal para diferentes negocios (Cafeterias, restaurantes, oficinas) Alquiler mensual: S/ 5, 000. 00Condiciones: Contrato por 1 año1 mes de adelanto + 2 meses de garantíaEstar bien reportado en Infocorp (centrales de riesgo) Sustentos de ingreso por boletas de pago (dependientes) o declaración jurada de ingresos (independientes) *Contáctame para más informaciónToda la documentación en reglaAgenda tú visita yar. U. C Ver datos|https://www.adondevivir.com/propiedades/clasificado/alclapin-alquiler-de-amplio-departamento-en-el-rimac-148711416.html?n_src=Listado&n_pills=%C3%81rea+de+lavander%C3%ADa&n_pg=1&n_pos=12|2026-02-23
adondevivir|departamentos|alquiler|Lima Centro|Rimac|"Praderas del rimac
Rímac, Lima"|S/ 1,650|1650|||125|"67 m² tot.
3 dorm.
2 baños
1 estac."|67|3|2|1|Caracterisitcas: 3 dormitorios + cochera disponible. Área total: 67 m² Piso 3. Balcón con vista exterior. distribución: ️ Sala y comedor. Cocina abierta. ️ 3 dormitorios. 2 baños completos. Gas natural instalado (ahorro asegurado) Con o sin estacionamiento. áreas comunes – estilo club. Seguridad 24/7 con garita de control. Edificio con 2 ascensores. ️ Salón de usos múltiples. Zona de parrilla. Losa deportiva. Juegos para niños. Estacionamiento para bicicletas y motos. Amplias áreas verdes. excelente conectividad. Corredor Azul (Ruta 305) Metropolitano cercano. Minivan frecuente. ️ Ciclovía en Av. Alcázar. condiciones. S/ 1, 650 mensual (incluye cochera) 1 mes de garantía + 1 mes de adelanto (1x1) Mantenimiento: S/ 125 aprox. (Incluye agua, seguridad y mantenimiento) No se aceptan mascotas. requisitos. ️ Buena calificación en centrales de riesgo. ️ Sustento de ingresos. proyección de la zona. ️ Próximo centro comercial con Metro y Smart Fit. ️ Cerca al Fuerte Hoyos Rubio, zona con presencia militar que refuerza seguridad y orden. Agenda tu visita hoy mismo. 9. 6. 9. 6. 7. 8. . 5. 0. 4. O al 9. 8. 7. 2. 4. 3. 5. 6. 7.|https://www.adondevivir.com/propiedades/clasificado/alclapin--buscas-departamento-de-estreno-en-lomas-del-rimac-149040208.html?n_src=Listado&n_pills=Ascensor&n_pg=1&n_pos=13|2026-02-23
adondevivir|departamentos|alquiler|Lima Centro|Rimac|"Avenida A 240
Rímac, Lima"|S/ 1,200 · USD 360|1200|360||110|"51 m² tot.
2 dorm.
2 baños"|51|2|2||"Alquiler de departamento en rimac altos 240. contacto: cristhian roncal. *981*293*854* ubicación. Nuevo Condominio Altos del Rímac. Prolongación de la Av. Alcázar (Ex-Polígono de Tiro) Fácil y rápido acceso a las Avenidas: Alcázar, Morro de Arica y Túpac Amaru. A 2 min de Supermercados, Bancos, Clínicas, restaurantes, bodegas, minimarkets, panaderías y otros. La ruta 305 del corredor azul (Lomas del Rímac a Miraflores) ya está circulando en los condominios y cuenta con su propio paradero. Actualmente se esta construyendo en primer Strip Center del Rímac ""Lomas Plaza"", que contara con 2 tiendas anclas confirmadas (Supermercados Metro y Smart Fit, entre otras) a inicios de Enero de 2026. La urbanización cuenta con Ciclovías. Descripcion. - Área 51 m2, bonito Departamento de estreno, con excelente iluminación natural en todos los ambientes. - Piso 3. - Acceso con 2 ascensores modernos y escalera de emergencia. - Amplia Sala – Comedor. - Amplia Cocina equipada con cocina, campana y con muebles altos y bajos con lavaplatos de acero inoxidable. 2 dormitorios Y 1 baño. - 1 Dormitorio principal con Closet. - 1 Dormitorio secundario. - 1 baño completo de uso amoblado. - La lavandería cuenta con lavadero de fibra de vidrio y conexión para lavadora, puede adaptarse. - Intercomunicador. - El departamento cuenta con un sistema de ventanas de protección acústica, optimo aislamiento térmico y excelente protección de la humedad, frío y polvo, y se entrega con luminarias y terma. Seguridad. El Condominio cuenta con una excelente seguridad privada 24x7. Además de zona de parrillas, local para reuniones, parqueaderos de bicicletas, ciclovía dentro del condominio. Servicios: - Luz, y gas natural según consumo. - Mantenimiento S/. 110 soles aprox. - Arbitrios. precio alquiler: S/ 1, 200 soles. (1 mes de adelanto y 1 de garantía). Contrato mínimo de 1 año. Requisitos: - sustento de ingresos. - no estar mal reportado en las centrales de riesgo. - no contar con antecedentes. restricciones: no mascotas. no mascotas. contacto: cristhian roncal. *981*293*854*"|https://www.adondevivir.com/propiedades/clasificado/alclapin-alquiler-de-departamento-en-el-rimac-148615322.html?n_src=Listado&n_pills=Cerca+a+colegios&n_pg=1&n_pos=14|2026-02-23
adondevivir|departamentos|alquiler|Lima Centro|Rimac|"Avenida B URB LAS Lomas DEL Rimac al 200
Rímac, Lima"|S/ 1,650|1650|||120|"84 m² tot.
3 dorm.
2 baños
1 estac."|84|3|2|1|Alquilo amplio departamento 3dorm estac condominio las lomas del rimac// rimacbuscando un departamento para ti tu familia? Te presento este departamento para estrenar, en cuarto piso, dentro de condominio moderno, edificio con ascensor. El departamento presenta la siguiente distribución: cocina con reposteros bajos, sala-comedor, pasadizo, family room, baño completo, dos dormitorios con clóset, dormitorio principal con clóset y baño completo. Estacionamiento techado,. El condominio cuenta con vigilancia permanente, 24/7cuenta con gas naturalmantenimiento: S/120 aproximadoEl departamento se entrega completamente vacio! requisitos para alquiler. Sustentos de ingresos ( boletas de pago, recibos por honorarios, Pdt u otros). Dni o documentos de identidad de las personas que firmarían el contrato.. No estar reportados negativamente en centrales de riesgo Infocorp o Sentinel. condiciones. 2 meses de garantía, 1 de adelanto.. Contrato mínimo de un año.. El departamento paga arbitrios mensuales. Se permite una mascota adulta, acostumbrada a hacer sus necesidades fuera del departamento. Agenda ya tu visita! ruc Ver datos|https://www.adondevivir.com/propiedades/clasificado/alclapin-alquilo-departamento-3dorm-estac-condominio-las-lomas-148955324.html?n_src=Listado&n_pills=Ascensor&n_pg=1&n_pos=15|2026-02-23
adondevivir|departamentos|alquiler|Lima Centro|Rimac|"Condominio Alameda del Rímac
Rímac, Lima"|S/ 1,499 · USD 446|1499|446|||"86 m² tot.
3 dorm.
2 baños"|86|3|2||Urbanización Alameda del RímacVive en una zona residencial consolidada, tranquila y con fácil acceso a principales vías, en un departamento que destaca por su excelente relación entre espacio, comodidad y valor. Ubicado en piso 11, este hermoso departamento ofrece amplitud, iluminación natural y vista despejada, ideal para familias, parejas o quienes trabajan desde casa. Lo más destacado: Área: 86. 6 m² 3 dormitorios con clósets empotrados 2 baños completos Sala – comedor amplia y bien iluminada Home office, ideal para trabajo remoto Cocina funcional con muebles bajos + lavandería Pisos laminados en áreas sociales y dormitorios Edificio con ascensor Cochera incluida Precio de alquiler: S/ 1, 499 Incluye cocheraUna opción amplia, funcional y bien ubicada, con un valor muy competitivo dentro del mercado actual. Agenda tu visita y conoce esta excelente alternativa residencial. Mantenimiento: S/. 130|https://www.adondevivir.com/propiedades/clasificado/alclapin-departamento-en-rimac-148537987.html?n_src=Listado&n_pills=%C3%81rea+de+lavander%C3%ADa&n_pg=1&n_pos=16|2026-02-23
adondevivir|departamentos|alquiler|Lima Centro|Rimac|"Condominio Alameda del Rímac - Etapa 4 Mz. B Lote N.1 Torre B4 Dpto. 901 rimac
Del Rimac, Rímac"|S/ 1,499 · USD 424|1499|424||127|"87 m² tot.
3 dorm.
2 baños
1 estac."|87|3|2|1|Se alquila moderno departamento flat de 86. 6 m², ubicado en el piso 9 de un edificio residencial con ascensor en una zona tranquila y bien conectada del distrito del Rímac. Distribución y características: 3 dormitorios, incluyendo dormitorio principal con walk-in closet y baño privado 2 baños completos Cocina funcional con reposteros altos y bajos Sala comedor con buena iluminación natural Vista interior silenciosa 1 cochera paralela techada Áreas comunes y servicios: Ascensor Áreas verdes y jardín Sala de reuniones con internet Sala de usos múltiples Pet friendly (se aceptan mascotas) Datos adicionales: Área construida: 86. 6 m² Área libre: 0 m² Antigüedad: 0 años (departamento de estreno) Mantenimiento mensual: S/ 127 Servicios: agua y desagüe municipal, energía de empresa privada, gas natural (Cálidda) Zonificación: rdm – Residencial de densidad media Ubicación: En una zona de fácil acceso, cerca de colegios, comercios, avenidas principales y transporte público. Disponibilidad: Disponible para entrega inmediata. Ideal para familias o profesionales que buscan calidad de vida y buena ubicación.|https://www.adondevivir.com/propiedades/clasificado/alclapin--vive-en-un-departamento-moderno-y-de-estreno-147695519.html?n_src=Listado&n_pills=%C3%81rea+de+lavander%C3%ADa&n_pg=1&n_pos=17|2026-02-23
adondevivir|departamentos|alquiler|Lima Centro|Rimac|"Avenida A
Rímac, Lima"|S/ 1,200|1200|||110|"51 m² tot.
2 dorm.
1 baño"|51|2|||"Alquiler de Departamento en Rímac – Altos del Rímac. Nuevo Condominio Altos del Rímac – Prol. Av. Alcázar (Ex Polígono de Tiro) - Av. A 220 - Rímac. Contacto: Cristhian Roncal – 981*293*854. Ubicación Estratégica. - Acceso rápido a Av. Alcázar, Morro de Arica y Túpac Amaru. - A 2 minutos de supermercados, bancos, clínicas, restaurantes, panaderías y minimarkets. - La ruta 305 del corredor azul ya circula dentro del condominio y cuenta con paradero propio. - Próxima inauguración del primer Strip Center del Rímac: “Lomas Plaza” (enero 2026) con Metro y Smart Fit confirmados. - Urbanización con ciclovías. Descripción del Departamento. - Área: 51 m² | Departamento de estreno con excelente iluminación natural. - Piso 3. - Acceso con 2 ascensores modernos y escalera de emergencia. - Sala – Comedor amplia. - Cocina amplia con muebles altos y bajos, lavaplatos de acero inoxidable. - Cocina equipada: horno empotrado, encimera y campana extractora. - Lavandería con lavadero de fibra de vidrio y conexión para lavadora. - Intercomunicador. - Ventanas con protección acústica, óptimo aislamiento térmico y excelente protección contra humedad, frío y polvo. - Se entrega con luminarias y terma. ️ Distribución. - 1 dormitorio principal. - 1 dormitorio secundario. - 1 baño completo amoblado. Seguridad y Áreas Comunes. - Seguridad privada 24/7. - Zona de parrillas. - Local para reuniones. - Parqueo de bicicletas. - Ciclovías internas. Servicios y costos. - Luz y gas natural según consumo. - Mantenimiento: S/ 110 aprox. - Arbitrios según municipalidad. Precio del Alquiler. - S/ 1, 200 mensuales. - Modalidad: 1 mes de adelanto + 1 de garantía. - Contrato mínimo: 1 año. Requisitos. - Sustento de ingresos. - No estar mal reportado en centrales de riesgo. - No contar con antecedentes. Restricciones. - No mascotas. - Máximo 4 personas. Contacto directo: Cristhian Roncal – 981*293*854"|https://www.adondevivir.com/propiedades/clasificado/alclapin-alquiler-de-departamento-en-rimac-148379738.html?n_src=Listado&n_pills=Guardian%C3%ADa%2FSeguridad+privada&n_pg=1&n_pos=18|2026-02-23
adondevivir|departamentos|alquiler|Lima Centro|Rimac|"Avenida A 225
Rímac, Lima"|S/ 1,600 · USD 477|1600|477||120|"65 m² tot.
2 dorm.
2 baños
1 estac."|65|2|2|1|"Alquiler de Departamento en El Rimac. ven A vivir en la mejor zona residencial del rimac, lejos del ruido Y de la inseguridad. contacto: cristhian roncal. celular: 981*293*854. ubicación. Nuevo Condominio Praderas del Rímac. Prolongación de la Av. Alcázar (Ex-Polígono de Tiro) Fácil y rápido acceso a las Avenidas: Alcázar, Morro de Arica y Túpac Amaru. A 2 min de Supermercados, Bancos, Clínicas, restaurantes, bodegas, minimarkets, panaderías y otros. La ruta 305 del corredor azul (Lomas del Rímac a Miraflores) ya está circulando en los condominios y cuenta con su propio paradero. Actualmente se esta construyendo en primer Strip Center del Rímac ""Lomas Plaza"", que contara con 2 tiendas anclas confirmadas (Supermercados Metro y Smart Fit, entre otras) a inicios de Enero de 2026. La urbanización cuenta con Ciclovías. Descripcion. - Área 65 m2, bonito departamento de estreno con excelente iluminación natural en todos los ambientes. - Acceso con 2 ascensores modernos y escalera de emergencia. - Sala – Comedor. - La Cocina cuenta con muebles altos Y bajos en la cocina; además cuenta con gas natural, con lavaplatos de acero inoxidable. - 02 Dormitorios, el dormitorio principal (entra hasta una cama Queen) - 02 Baños completos con terma. - La lavandería cuenta con lavadero de fibra de vidrio y conexión para lavadora, puede adaptarse tendales en el interior. - Intercomunicador con puerta de edificio y garita de seguridad. - El departamento cuenta con un sistema de ventanas de protección acústica, optimo aislamiento térmico y excelente protección de la humedad, frío y polvo, y se entrega con luminarias y terma. - El condominio ofrece cancha deportiva de futbol y basquet, Zona de parrillas y local para reuniones, parqueadero de bicicletas. Seguridad. Los Condominios cuenta con una excelente seguridad privada preventiva 24/7. Garita de Serenazgo en la urbanización 24/7. Garita de seguridad en el condominio 24/7. servicios: - Luz, agua y gas natural según consumo. - Mantenimiento S/. 120. 00 soles aprox. Precio alquiler: S/ 1, 600 soles. (1 mes de adelanto y 1 de garantía). Contrato mínimo de 1 año. Requisitos: * No encontrarse en centrales de Riesgo. * Sustento de ingresos. restricciones: * no mascotas* * no mascotas* * no mascotas* contacto: cristhian roncal. celular: 981*293*854"|https://www.adondevivir.com/propiedades/clasificado/alclapin-alquiler-de-departamento-con-cochera-en-el-rimac-148941942.html?n_src=Listado&n_pills=Guardian%C3%ADa%2FSeguridad+privada&n_pg=1&n_pos=19|2026-02-23
adondevivir|departamentos|alquiler|Lima Centro|Rimac|"Abelardo gamarra
El Bosque, Rímac"|S/ 1,300|1300||||"85 m² tot.
3 dorm.
1 baño"|85|3|||Departamento en Alquiler – Urb. El Bosque, Rímac. Precio: S/ 1, 350 mensuales. Condición: 2 meses de garantía + 1 mes de adelanto. Servicios de agua y luz es según consumo. Ubicación: Av. Abelardo Gamarra, cuadra 4 – Urb. El Bosque, Rímac. Cerca al colegio Innova, mercados, colegios públicos y privados, zonas verdes y de fácil acceso. Descripción del inmueble: Se alquila cómodo departamento ubicado en tercer piso, con vista interior, en una zona residencial tranquila y segura. Distribución: Sala – comedor. Baño completo. 3 dormitorios amplios. Instalación de gas natural. Requisitos del arrendatario: Personas responsables. Ingreso fijo mensual demostrable. Buen historial crediticio y estado financiero adecuado. Disponibilidad: Inmediata. Informes Ver datos. Oikos Grupo Inmobiliario|https://www.adondevivir.com/propiedades/clasificado/alclapin-alquiler-de-departamento-rimac-urbanizacion-el-148532268.html?n_src=Listado&n_pg=1&n_pos=20|2026-02-23
adondevivir|departamentos|alquiler|Lima Centro|Rimac|"Monitor Huáscar
Rímac, Lima"|S/ 1,390|1390|||50|"78 m² tot.
2 dorm.
2 baños"|78|2|2||*Alquiler de departamento en Rimac! * 78m2, segundo piso. Ubicado en la calle Monitor Huascar, a una cuadra del cruce entre las avenidas Morro de Arica con Samuel Alcazar. Consta de 2 dormitorios, 2 baños, sala comedor, área de cocina abierta con cocina empotrada y lavandería con terma a gas natural instalada. Mascota no permitida. Cochera no disponible. Solicita vídeo al interno. *Condiciones del trato: * -S/1, 400 (1x1) -Mantenimiento S/50 y otros servicios por consumo propio. -Contar con ingresos sustentados con boleta o reporte tributario. -No registrar deudas vencidas al menos el titular que firma. solo whatsapp. -camila: Ver datos. -grover: Ver datos. -deysi: Ver datos. -roel: Ver datos. broker en linea group|https://www.adondevivir.com/propiedades/clasificado/alclapin-alquiler-2-dorm.-2-banos-segundo-piso-monitor-148939675.html?n_src=Listado&n_pills=%C3%81rea+de+lavander%C3%ADa&n_pg=1&n_pos=21|2026-02-23
adondevivir|departamentos|alquiler|Lima Centro|Rimac|"AV Samuel Alcazar al 800
Rímac, Lima"|S/ 3,400 · USD 1,000|3400|1000|||"110 m² tot.
3 dorm.
2 baños"|110|3|2||Alquila un departamento en la mejor zona comercial del Rímac. Son 110 m2 muy bien distribuídos, que te ofrecen un excelente confort y tranquilidad. Características principales: Sala-comedor. Cocina abierta. Tres amplias habitaciones. Dos baños completos. Muy buena iluminación natural y ventilación. Servicios y valor agregado: Cisterna de agua de 6 m³ y tanque elevado. Red de agua potable y sistema eléctrico totalmente renovados. Pisos, muros, ventanas y puertas nuevos: ¡todo a estrenar! ¡No pierdas la oportunidad de estar en la mejor zona comercial del Rímac!|https://www.adondevivir.com/propiedades/clasificado/alclapin-alquiler-de-departamento-en-rimac-148831630.html?n_src=Listado&n_pg=1&n_pos=22|2026-02-23
adondevivir|departamentos|alquiler|Lima Centro|Rimac|"Avenida A 220
Rímac, Lima"|S/ 1,200 · USD 358|1200|358||110|"51 m² tot.
2 dorm.
1 baño"|51|2|||"Alquiler de departamento en el rimac. contacto: cristhian roncal. *981*293*854* ubicación. Nuevo Condominio Altos del Rímac. Prolongación de la Av. Alcázar (Ex-Polígono de Tiro) Fácil y rápido acceso a las Avenidas: Alcázar, Morro de Arica y Túpac Amaru. A 2 min de Supermercados, Bancos, Clínicas, restaurantes, bodegas, minimarkets, panaderías y otros. La ruta 305 del corredor azul (Lomas del Rímac a Miraflores) ya está circulando en los condominios y cuenta con su propio paradero. Actualmente se esta construyendo en primer Strip Center del Rímac ""Lomas Plaza"", que contara con 2 tiendas anclas confirmadas (Supermercados Metro y Smart Fit, entre otras) a inicios de Enero de 2026. La urbanización cuenta con Ciclovías. Descripcion. - Área 51 m2, bonito Departamento de estreno, con excelente iluminación natural en todos los ambientes. - Piso 7. - Acceso con 2 ascensores modernos y escalera de emergencia. - Amplia Sala – Comedor. - Amplia Cocina con muebles altos y bajos con lavaplatos de acero inoxidable. 2 dormitorios Y 1 baño. - 1 Dormitorio principal. - 1 Dormitorio secundario. - 1 baño completo de uso amoblado. - La lavandería cuenta con lavadero de fibra de vidrio y conexión para lavadora, puede adaptarse. - Intercomunicador. - El departamento cuenta con un sistema de ventanas de protección acústica, optimo aislamiento térmico y excelente protección de la humedad, frío y polvo, y se entrega con luminarias y terma. Seguridad. El Condominio cuenta con una excelente seguridad privada 24x7. Además de zona de parrillas, local para reuniones, parqueaderos de bicicletas, ciclovía dentro del condominio. Servicios: - Luz, y gas natural según consumo. - Mantenimiento S/. 110 soles aprox. - Arbitrios. precio alquiler incluye estacionamiento: S/ 1, 200 soles. (1 mes de adelanto y 1 de garantía). Contrato mínimo de 1 año. Requisitos: - sustento de ingresos. - no estar mal reportado en las centrales de riesgo. - no contar con antecedentes. restricciones: no mascotas. no mascotas. no mascotas. contacto: cristhian roncal. *981*293*854*"|https://www.adondevivir.com/propiedades/clasificado/alclapin-alquiler-de-departamento-en-el-rimac-148903747.html?n_src=Listado&n_pills=%C3%81rea+de+lavander%C3%ADa&n_pg=1&n_pos=23|2026-02-23
adondevivir|departamentos|alquiler|Lima Centro|Rimac|"Condominio Alameda Alcazar S1
Rímac, Lima"|S/ 1,550 · USD 461|1550|461||150|"72 m² tot.
4 dorm.
2 baños"|72|4|2||Contacto: Sheila Herbozo - 9. 6. 0. 7. 4. 0. 3. 0. 0. Se alquila lindo y funcional departamento de 71. 63 m², ubicado en primer piso, dentro del consolidado condominio Alameda Alcázar, un espacio pensado para disfrutar la vida en familia, con seguridad, comodidad y todo lo que necesitas a tu alcance. Este departamento ofrece una agradable vista interna, perfecta para quienes valoran la paz y la privacidad, lejos del ruido de la ciudad, pero con excelente conectividad gracias a sus 3 accesos por avenida principal y calles alternas, ubicado estratégicamente entre las avenidas Prolongación Tacna y Alcázar, en el corazón del Rímac Cerca de tiendas, supermercados, boticas y céntrico a diferentes distritos de la ciudad. Distribución ideal para tu comodidad: 3 dormitorios. Cuarto de estudio, ideal para home office o zona de lectura. 2 baños completos (1 en el dormitorio principal) Cocina cerrada con reposteros altos y bajos, funcional y bien iluminada. Área de lavandería, incluye 1 therma. Vive en un condominio que lo tiene todo: Seguridad 24/7, para tu tranquilidad y la de tu familia. Juegos para niños, Cancha de futbol, diversión segura al aire libre. Área de parrillas, perfecta para reuniones. Sala de eventos, celebra momentos especiales y mucho mas! Además dentro del condominio encontraras un market práctico y a solo pasos de casa. Este departamento es ideal para quienes buscan un hogar acogedor, en un entorno familiar, seguro y organizado, donde cada espacio está pensado para disfrutar y vivir mejor. Infocorp verde y buen score. Sustento de ingresos. Certiadulto. Modalidad 2x1 / Alquiler 1, 600 Soles. Mantenimiento incl agua 150 Soles aprox. ¡Agenda tu visita y enamórate de tu próximo hogar!|https://www.adondevivir.com/propiedades/clasificado/alclapin--vive-con-tranquilidad-y-comodidad-en-condominio-148464643.html?n_src=Listado&n_pills=Seguridad&n_pg=1&n_pos=24|2026-02-23
adondevivir|departamentos|alquiler|Lima Centro|Rimac|"Calle Teodoro Cárdenas 214
Lima Cercado, Lima"|S/ 2,600 · USD 774|2600|774||320|"80 m² tot.
3 dorm.
2 baños"|80|3|2||Solo se alquila amoblado!! Solo se alquila amoblado!! Celular: 9. 6. 1. 8. 9. 1. 5. 2. 7 / Solicitar Video por WhatsApp. Se alquila lindo Departamento de 3 Dormitorios con walking closet, y cuenta con balcón en la sala y dormitorio, de area 80m2, ubicado en piso 14 vista panoramica, departamento bien ubicado muy cerca al Hospital Rebagliati a tan solo 2 cuadras, edificio muy buscado por personal Medico, cuenta con Linda areas comunes. Dirección: teodoro cardenas 214, . imite a lince. Edificio cuenta con gas Natural. Características: - 3 Dormitorios con camas. - 2 Baños completos. - Area 80m2. - Sala con Balcón. - cuenta con lavadora. - Cocina con Reposteros altos y bajos. - Cocina y Horno empotrado. - Ubicado piso 14 vista exterior. - terma y cocina a gas natural. - Mantenimiento S/. 320 incluye agua. - Inquilino paga arbitrios. Areas comunes: - Piscina. - Gimnasio. - 2 Zonas de parrillas. - Zona de juegos para Niños. - Sala de Reuniones. Condiciones: - Contrato mínimo 12 meses. - Previa evaluación a infocorp. - Demostrar sustento de ingresos (Boletas de pago) - Garantía 2x1|https://www.adondevivir.com/propiedades/clasificado/alclapin-se-alquila-departamento-amoblado-de-80-m-sup2--de-3-148910435.html?n_src=Listado&n_pills=%C3%81rea+de+lavander%C3%ADa&n_pg=1&n_pos=1|2026-02-23
adondevivir|departamentos|alquiler|Lima Centro|Rimac|"Avenida Tingo María 1048
Lima Cercado, Lima"|"S/ 1,900
5%"|1900||5%|220|"63 m² tot.
3 dorm.
2 baños"|63|3|2||Se alquila amplio y cómodo departamento ubicado en la Av. Tingo María, cruce con Av. Venezuela, en el Cercado de Lima límite con Breña. Zona estratégica, muy cerca de la Universidad upn, colegios, comercios y principales vías de acceso. Área: 64 m² Piso 5. Vista interna. 3 dormitorios. 2 baños (uno incorporado en el dormitorio principal) Sala – comedor. Cocina con reposteros altos y bajos. Cocina empotrada, horno, campana y terma. Gas natural. Áreas comunes del edificio: - Sala sum. Precio de alquiler: S/ 1900. Mantenimiento: S/ 220. Contrato mínimo: 1 año. Condiciones: 2 meses de garantía + 1 mes de adelanto. Ideal para familias, parejas o personas que busquen comodidad, buena ubicación y fácil acceso a todo.|https://www.adondevivir.com/propiedades/clasificado/alclapin-alquilo-acogedor-departamento-bien-ubicado-148785498.html?n_src=Listado&n_pills=Ascensor&n_pg=1&n_pos=2|2026-02-23
adondevivir|departamentos|alquiler|Lima Centro|Rimac|"Republica de Venezuela al 2500
Lima Cercado, Lima"|S/ 2,399|2399||||"73 m² tot.
3 dorm.
2 baños
1 estac."|73|3|2|1|Alquiler de moderno departamento en el corazón de Cercado de Lima, ubicado en Republica de Venezuela 2575, Piso 10, Con 73 m² de superficie techada, esta propiedad ofrece 3 dormitorios, 1 dormitorio de servicio y 2 1/2 baños, ideal para su comodidad y estilo de vida. La disposición al frente garantiza luminosidad y vistas despejadas. El edificio cuenta con 2 ascensores, facilitando el acceso. Disfrute de servicios completos como agua corriente, electricidad, Internet y cable. Entre las comodidades adicionales se incluyen gimnasio, parrilla, sala de juegos, lavandería, club house, zonas verdes y una recepción 24 horas. El departamento es apto para mascotas y dispone de armarios empotrados. La cercanía a servicios públicos y la disponibilidad de un estacionamiento cubierto hacen de este departamento una opción atractiva para quienes buscan comodidad en una ubicación céntrica.|https://www.adondevivir.com/propiedades/clasificado/alclapin-alquiler-departamento-de-estreno-03-dorm.-148924040.html?n_src=Listado&n_pills=%C3%81rea+de+lavander%C3%ADa&n_pg=1&n_pos=3|2026-02-23
adondevivir|departamentos|alquiler|Lima Centro|Rimac|"Jr. República de Panamá
San Martín de Porres, Lima"|S/ 3,500|3500|||350|"100 m² tot.
2 dorm.
3 baños
1 estac."|100|2|3|1|Hermoso y moderno departamento con las mejores areas sociales, piscina, gimnasio, sala de coworking, coffe room, pet spa, patio con juego para niños, lounge bar, estacionamiento de bicicletas, totalmente amoblado y equipado, inmejorable ubicacion dos dormitorios, tres baños, sala comedor, cocina, lavanderia, estacionamiento. Alquiler mensual S/3, 500 Cinthya Gil. 9. 5. 5. 5. 4. 3. 7. 4. 3. -. 9. 2. 5. 8. 0. 3. 3. 2. 6. Tenemos este y mas departamentos en alquiler amoblados sin amoblar con linea blanca. Comunicate con nosotros y encuentra el departamento ideal para ti! Hermoso y moderno departamento con las mejores areas sociales, piscina, gimnasio, sala de coworking, coffe room, pet spa, patio con juego para niños, lounge bar, estacionamiento de bicicletas, totalmente amoblado y equipado, inmejorable ubicacion dos dormitorios, tres baños, sala comedor, cocina, lavanderia, estacionamiento. Alquiler mensual S/3, 500 Cinthya Gil. 9. 5. 5. 5. 4. 3. 7. 4. 3. -. 9. 2. 5. 8. 0. 3. 3. 2. 6. Tenemos este y mas departamentos en alquiler amoblados sin amoblar con linea blanca. Comunicate con nosotros y encuentra el departamento ideal para ti! Hermoso y moderno departamento con las mejores areas sociales, piscina, gimnasio, sala de coworking, coffe room, pet spa, patio con juego para niños, lounge bar, estacionamiento de bicicletas, totalmente amoblado y equipado, inmejorable ubicacion dos dormitorios, tres baños, sala comedor, cocina, lavanderia, estacionamiento. Alquiler mensual S/3, 500 Cinthya Gil. 9. 5. 5. 5. 4. 3. 7. 4. 3. -. 9. 2. 5. 8. 0. 3. 3. 2. 6. Tenemos este y mas departamentos en alquiler amoblados sin amoblar con linea blanca. Comunicate con nosotros y encuentra el departamento ideal para ti!|https://www.adondevivir.com/propiedades/clasificado/alclapin-areas-sociales-piscina-gimnasio-zona-de-parrillas-147778523.html?n_src=Listado&n_pills=Seguridad&n_pg=1&n_pos=4|2026-02-23
adondevivir|departamentos|alquiler|Lima Centro|Rimac|"Zarzamoras
Los Jardines, San Martín de Porres"|S/ 1,500|1500|||100|"100 m² tot.
2 dorm.
1 baño"|100|2|||Celular/Whatsapp: (51) 990*369*141. Alquilo exclusivo y amplio departamento, muy bien ubicado, iluminado y ventilado, con bien ubicado a 5 minutos del C. C. Plaza Norte, cerca a la Universidad Cayetano Heredia, a la altura de la estación El Milagro del Metropolitano y El Británico por la Panamericana Norte.|https://www.adondevivir.com/propiedades/clasificado/alclapin-exclusivo-departamento-bien-ubicado.-144791357.html?n_src=Listado&n_pills=Cerca+a+colegios&n_pg=1&n_pos=5|2026-02-23
adondevivir|departamentos|alquiler|Lima Centro|Rimac|"Av AREQUIPA 1388 - 10
Santa Beatriz, Lima Cercado"|S/ 1,600|1600|||120|"40 m² tot.
1 dorm.
1 baño"|40|1|||Alquilo mini departamento - santa beatriz- av. Arequipa cdra 13- alquilo mini departamento. piso 13. edificio de 20 pisos. 2 ascensores. area: 40 M2. sala comedor con vista A arenales. 1 dormitorio con closet. 1 baño completo incorporado. cocina abierta tipo kitchenette con reposteros altos Y bajos. lavanderia. no tiene cochera. areas comunes: piscina. sala de eventos. sala de reuniones. sala de internet. lavanderia. vigilancia 24 horas. mantenimiento 110 soles. no mascotas. no niños. alquiler: 1, 600 soles. contrato minimo 1 año. condiciones 2X1. Requisitos: no estar mal reportado en infocorp, sustento de ingresos.|https://www.adondevivir.com/propiedades/clasificado/alclapin-alquilo-mini-departamento-santa-beatriz-av-148864770.html?n_src=Listado&n_pills=Ascensor&n_pg=1&n_pos=6|2026-02-23
adondevivir|departamentos|alquiler|Lima Centro|San Luis|"Av. Canadá 3800
San Luis, Lima"|S/ 1,200|1200||||"40 m² tot.
1 dorm.
1 baño"|40|1|||Cuenta con 1 dormitorio, star, cocina con reposteros, baño completo. Piso 3 citaswhassap Anali Barrantes: 9. 4. 7. 9. 0. 3. 5. 3. 3/ ikasa corretaje tiene costo|https://www.adondevivir.com/propiedades/clasificado/alclapin-38-canada-lavanderia-1x1-35-m-sup2--vista-a-la-148949788.html?n_src=Listado&n_pg=1&n_pos=1|2026-02-23
adondevivir|departamentos|alquiler|Lima Centro|San Luis|"Pasaje Algeciras 200 Piso 6, SAN Luis
San Luis, Lima"|S/ 1,800|1800|||200|"80 m² tot.
3 dorm.
2 baños"|80|3|2||Excelente departamento familiar con 3 dormitorios, ubicado en piso 6 (sin ascensor). Cuenta con buena distribución e iluminación natural, sala comedor amplia con un balcón con vista al parque, cocina cerrada con reposteros altos y bajos con topes de granito y área de lavandería grande y ventilada. 3 dormitorios amplios con closet, el principal con baño completo incorporado y un baño completo de visita. Condiciones: 2x1. 2 meses de garantía 1 de adelanto, contrato mínimo 1 año. Mantenimiento: S/. 200 incluye consumo de agua. No se aceptan mascotas. Disponible a partir del 1ro de marzo 2026. Edificio cuenta con excelente ubicación a 1 cuadra de la Av. Canadá, fácil acceso a la Av. San Luis y a pocas cuadras de la Av. Javier Prado. Comercio y parques cercas.|https://www.adondevivir.com/propiedades/clasificado/alclapin-alquiler-de-departamento-de-3-dorm.-en-san-luis-cerca-148986230.html?n_src=Listado&n_pills=%C3%81rea+de+lavander%C3%ADa&n_pg=1&n_pos=2|2026-02-23
adondevivir|departamentos|alquiler|Lima Centro|San Luis|"Diego Cristobal
San Luis, Lima"|S/ 800 · USD 238|800|238|||"20 m² tot.
1 dorm.
1 baño"|20|1|||¡Descubre tu nuevo hogar en San Luis, Lima! Te presentamos este encantador loft en segundo piso. Con un área construida de 20 m², esta habitación maximiza cada rincón. Ubicación: Vive en una zona tranquila y de fácil acceso a servicios y entretenimiento. Características: - 1 acogedora habitación en el segundo nivel, ideal para tu descanso- 1 baño completoEstacionamientos: No te preocupes por el parqueo, la zona ofrece opciones cercanas. Antigüedad: 20 Años – Un espacio con carácter y listo para empezar un nuevo capítulo contigo. Este loft es ideal para jóvenes estudiantes, profesionales o personas solas en general. No dejes pasar la oportunidad de vivir en una zona estratégica de San Luis, con acceso a comercios, parques y transporte público. ¡Te esperamos! Consultar con el Agente Inmobiliario encargado para mayor información Ver datos.|https://www.adondevivir.com/propiedades/clasificado/alclapin-alquiler-de-mini-departamento-en-san-luis-148646956.html?n_src=Listado&n_pg=1&n_pos=3|2026-02-23
adondevivir|departamentos|alquiler|Lima Centro|San Luis|"Av Marisal Nieto 104
San Luis, Lima"|S/ 1,650 · USD 491|1650|491|||"70 m² tot.
2 dorm.
1 baño
1 estac."|70|2||1|Alquiler de departamento en tercer piso en San Luis! Cerca a la Av. Del Aire, Av. Separadora Industrial, Av. Nicolás Arriola, Av. Los Quechuas y a la Facultad de Medicina Veterinaria unmsm. Ubicación: Av. Mariscal Nieto 104, Urb. El Pino, San Luis. (Esquina con Av. Circunvalación). Frente al banco bbva. Área Ocupada: 65m2. Mensualidad: 1, 650 soles. Cochera: 100 soles. Trato: 2 meses de garantía x 1 mes de adelanto. Servicios a parte según consumo (medidor interno de luz y agua compartida) Requisitos: Tener trabajo estable y no estar en Infocorp. Contrato mínimo por un año (Renovable) Distribución: -Sala Comedor. -Cocina abierta amoblada en perfecto estado de conservación. -La lavadora se conecta a un lavadero ubicado en la cocina. -2 dormitorios sin closet. -1 baño completo con Terma y espejo. -Tendal en azotea compartido. -Se permite solo una mascota pequeña. ️-Todas la ventanas son anti ruido. -1 Cochera, costo adicional de 100 soles. Mayor información comunicarse al Ver datos|https://www.adondevivir.com/propiedades/clasificado/alclapin-alquiler-de-departamento-u-oficina-en-san-luis-145555633.html?n_src=Listado&n_pills=%C3%81rea+de+lavander%C3%ADa&n_pg=1&n_pos=4|2026-02-23
adondevivir|departamentos|alquiler|Lima Centro|San Luis|"Av del Aire 1500
Las Moras, San Luis"|S/ 9,000 · USD 600|9000|600|||"65 m² tot.
2 dorm.
1 baño"|65|2|||Test Test Test Test Test Test Test Test Test Test Test Test Test Test Test Test Test Test Test Test Test Test Test Test Test Test Test Test Test Test Test Test Test Test Test Test Test Test Test Test Test Test Test Test Test Test Test Test Test|https://www.adondevivir.com/propiedades/clasificado/alclappa-test-test-test-test-test-test-test-143234249.html?n_src=Listado&n_pg=1&n_pos=5|2026-02-23
adondevivir|departamentos|alquiler|Lima Centro|San Luis|"AV SAN LUIS
San Luis, Lima"|S/ 4,392 · USD 1,200|4392|1200||800|"103 m² tot.
1 baño
1 estac."|103|||1|Linda oficina con vista a la Videna, amplios ambientes, directorio, 2 ambientes cerrados para oficinas, baño y recepción, implementado con aire centralizado, luminarias, mamparas de techo a piso para mayor iluminación natural y rollers automáticos, ubicación perfecta en San Luis, límite con San Borja frente a la Videna, cerca de avenidas principales de alto transito. Área de archivador. *Precio incluye cocheras. Vale la pena visitar. Tenemos recorrido virtual|https://www.adondevivir.com/propiedades/clasificado/alclapin-moderna-oficina-en-alquiler-en-san-luis-142564150.html?n_src=Listado&n_pg=1&n_pos=6|2026-02-23
adondevivir|departamentos|alquiler|Lima Centro|San Luis|"JR.CABO SOTO MARTINEZ 154 URB.LAS VIÑAS
La Viña, San Luis"|S/ 1,600|1600|||40|"70 m² tot.
2 dorm.
1 baño"|70|2|||Se alquila lindo Y acogedor dpto sin amoblar, de 70m2, con vista interna, 1 piso, 2 habitaciones amplia, piso laminado en dormitorios, sala comedor cocina, baño con ducha eléctrica, piso enchapado en sala - comedor - cocina. Perfecto para pareja o familia pequeña. Condiciones: 1 mes de adelanto y 2 meses de garantía, con Contrato de 1 año renovable. Direccion: Jr. Cabo Soto Martínez 154 Urb. Las Viñas, San Luis. Referencia a espalda del Parque Patiño. A 2 cuad. De la Avenida Circunvalación y 3 cuad. De la Avenida Canadá, a 1 cuad. De la Municipalidad, con acceso a la Avenida Javier Prado y la Vía de Evitamiento. Alrededores se ubican parque, colegios, iglesia, mercado y centro comerciales. Ingreso independiente. Servicio de Luz y agua con medidor independiente. Mantenimiento: 40. 00 soles por mes. Precio negociable. Contacto Srta Dona: Ver datos|https://www.adondevivir.com/propiedades/clasificado/alclapin-lindo-economico-y-acogedor-dpto-148177598.html?n_src=Listado&n_pills=Seguridad&n_pg=1&n_pos=7|2026-02-23
adondevivir|departamentos|alquiler|Lima Centro|San Luis|"Urb VillaHermosa San Vicente de Cañete
San Vicente De Cañete, Cañete"|S/ 900|900||||"75 m² tot.
2 dorm.
1 baño"|75|2|||"3er piso | urb. villahermosa | frente al coliseo lolo fernandez | portada | seguridad. Vive en un espacio cómodo, bien distribuido y ubicado en una zona tranquila y residencial. Este departamento es ideal para quienes buscan practicidad, buena iluminación y un entorno agradable. Características del departamento: 75 m² 3er piso. Sala–comedor con salida a balcón. Cocina abierta, funcional y moderna. Lavandería incluida. 2 dormitorios. 1 baño completo. Ubicación privilegiada: En la urbanización Villa Hermosa – Cañete, frente al Coliseo Lolo Fernández, zona segura, ordenada y de fácil acceso. Precio: S/ 900. Incluye internet. Servicios (luz y agua) se pagan aparte. Un departamento cómodo, bien ubicado y listo para mudarte. Escríbeme para más información o para coordinar una visita."|https://www.adondevivir.com/propiedades/clasificado/alclapin-alq-2dorm-1bano-san-vicente-canete-148648538.html?n_src=Listado&n_pills=%C3%81rea+de+lavander%C3%ADa&n_pg=1&n_pos=1|2026-02-23
adondevivir|departamentos|alquiler|Lima Centro|San Luis|"Av. Costanera al 1000
San Miguel, San Vicente De Cañete"|S/ 2,200 · USD 600|2200|600||350|"105 m² tot.
3 dorm.
2 baños
1 estac."|105|3|2|1|¡Descubre este fabuloso departamento con vista al mar en San Miguel! + Habitación principal con Walking Closet y baño independiente+ 3 habitaciones + 2 baños+ Cocina con reposteros altos y bajos+ Sala comedor y un relajante balcón con vista al mar. El edificio te ofrece un estilo de vida excepcional con áreas comunes que incluyen sum, gimnasio, área de parrilla, zona de juegos para niños, sala de eventos. Además, disfrutarás de seguridad las 24 horas y comodidades modernas, ya que el departamento se entrega con cocina, horno, campana extractora y terma. Costo de alquiler S/. 2200. 00El costo de mantenimiento es de S/. 350. Este espacio te brinda una calidad de vida única y te permitirá crear el hogar de tus sueños. ¡No dejes pasar la oportunidad de vivir cerca del mar en un lugar excepcional! Contáctame para más detalles. + estacionamiennto disponible+ precio no incluye estacionamiento+ no se permiten mascotasalrededores podras encontrar: + innova schools san miguel + mercado modelo sasn miguel+ estadio adelfo magallanesr. U. C Ver datos|https://www.adondevivir.com/propiedades/clasificado/alclapin-departamento-con-balcon-y-vista-al-mar-piso-7-146996165.html?n_src=Listado&n_pills=Parrilla&n_pg=1&n_pos=2|2026-02-23
adondevivir|departamentos|alquiler|Lima Centro|San Luis|"Malecon Rivera DEL MAR 1 DPT 4XX B
Cerro Azul, Cañete"|S/ 8,700 · USD 2,500|8700|2500||320|"150 m² tot.
4 dorm.
4 baños
2 estac."|150|4|4|2|Impecable dúplex con vista al mar en condominio las terrazas - cerro azulse vende hermoso y acogedor dúplex totalmente amoblado, ubicado en el exclusivo Condominio Las Terrazas en Cerro Azul. Este moderno inmueble destaca por su privilegiada vista al mar y su cercanía a la playa, a tan solo unos pasos de la arena, ideal para quienes buscan un estilo de vida tranquilo, cómodo y rodeado de naturaleza. El condominio ofrece seguridad permanente con servicio de guardianía las 24 horas del día, así como amplias áreas comunes diseñadas para el descanso, el entretenimiento y la vida familiar. Entre estas áreas destacan: bellos jardines bien mantenidos, sala de juegos para grandes y chicos, piscina de gran tamaño, cancha de squash, cancha de frontón y una amplia terraza común con zona de bbq, perfecta para reuniones sociales o disfrutar de un almuerzo al aire libre con vista al mar. El dúplex cuenta con una excelente distribución en dos niveles. En el primer nivel se encuentra la sala-comedor con vista parcial al mar, conectada a una cocina tipo americana con muebles altos y bajos, además de una práctica mesada para comedor de diario. También dispone de zona de lavandería. La propiedad cuenta con cuatro dormitorios y cuatro baños completos, dos de ellos incorporados a los dormitorios principales, brindando mayor privacidad y comodidad. En el segundo nivel se encuentra una amplia sala de estar, perfecta para momentos de descanso o entretenimiento, y una gran terraza privada con zona de bbq, techada con estructura de sol y sombra, ideal para disfrutar de tardes con familia o amigos. incluye 2 cocheras paralelas, ubicadas estratégicamente dentro del condominio para mayor comodidad.|https://www.adondevivir.com/propiedades/clasificado/alclapin-alquiler-duplex-en-playa-cerro-azul-dpt-4xx-1-147782690.html?n_src=Listado&n_pills=Seguridad&n_pg=1&n_pos=3|2026-02-23
adondevivir|departamentos|alquiler|Lima Centro|San Luis|"SAN Antonio DE Mala
San Vicente De Cañete, Cañete"|S/ 1,200|1200||||"47 m² tot.
2 dorm.
1 baño
1 estac."|47|2||1|Contacto: karel aranacel: 9*8*7*8*7*6*9*4*0¡Vive cerca al mar en San Antonio de Menorca, Mala! ¿Te imaginas despertar cada día con la tranquilidad que solo una ubicación cercana al mar puede ofrecer? Este hermoso departamento amoblado tiene todo lo que necesitas para disfrutar de comodidad, seguridad y un estilo de vida único. Características del departamento: - Sala comedor acogedora, ideal para compartir momentos especiales. - Cocina totalmente equipada, lista para inspirar tus mejores recetas. - Lavandería práctica y funcional para tu día a día. - Dos habitaciones cómodas, diseñadas para tu descanso. - Un baño moderno y bien distribuido. - ¡Incluye estacionamiento! Para que vivas con mayor seguridad y comodidad. ¿Por qué elegir este departamento? -Ubicado en la exclusiva urbanización San Antonio de Menorca, Mala. -A pocos minutos del mar, perfecto para quienes aman la brisa marina. - Zona tranquila y segura, ideal para desconectar del bullicio de la ciudad. No lo pienses más, esta es tu oportunidad de vivir cerca al mar en un departamento diseñado para ti. ¡Contáctame hoy mismo para más información o para agendar una visita! contacto: karel aranacel: 9*8*7*8*7*6*9*4*0id: 1*1*6*0*1*0*2|https://www.adondevivir.com/propiedades/clasificado/alclapin-alquiler-de-departamento-amoblado-en-menorca-147993252.html?n_src=Listado&n_pills=%C3%81rea+de+lavander%C3%ADa&n_pg=1&n_pos=4|2026-02-23
