fuente|inmueble|operacion|zona|distrito|direccion|precio|soles|dolares|variacion|mantenimiento|caracteristica|area|dormitorio|baños|estacionamientos|detalle|enlace|fecha
urbania|casas|venta|Lima Moderna|Jesus Maria|"Jr. Brigadier Mateo Pumacahua
Jesús María, Lima"|S/ 809,200 · USD 238,000|809200|238000|||"200 m² tot.
4 dorm.
3 baños"|200|4|3||Linda casa en venta en Jesús María – Jr. Brigadier PumacahuaUbicada dentro de una tranquila y segura quinta de solo 8 propiedades, esta acogedora casa ofrece comodidad, privacidad y una excelente ubicación en el corazón de Jesús María. La vivienda cuenta con espacios amplios y bien distribuidos. En el segundo nivel se encuentran tres cómodos dormitorios, ideales para toda la familia, acompañados de dos baños completos, además de una luminosa sala, comedor y cocina, pensados para disfrutar momentos únicos en el día a día. En el tercer nivel, la propiedad sorprende con una amplia terraza, perfecta para reuniones sociales, que incluye zona de parrilla, así como un dormitorio con baño incorporado, ideal para área de invitados u oficina privada. Una excelente oportunidad para quienes buscan vivir en un entorno residencial, tranquilo y bien conectado, sin renunciar al confort y a espacios ideales para compartir en familia.|https://urbania.pe/inmueble/clasificado/veclcain-venta-de-casa-en-jesus-maria-lima-4-dormitorios-148635289?n_src=Listado&n_pills=Parrilla&n_pg=1&n_pos=1|2026-02-01
urbania|casas|venta|Lima Moderna|Jesus Maria|"Av. Gnral Eugenio Garzón 2241
Jesús María, Lima"|S/ 1,410,866 · USD 420,000|1410866|420000|||160 m² tot.|160||||Terreno en venta en Jesús María – Ideal para proyecto inmobiliario ¡Gran oportunidad de inversión en una de las zonas con mayor demanda de Lima! Se vende terreno de 160 m² con parámetros para construir hasta 5 pisos, ubicado en una zona estratégica y céntrica de Jesús María, a pocos pasos de Av. Brasil, Av. San Felipe, restaurantes, colegios y zonas comerciales. Este terreno ofrece excelente conectividad hacia los principales distritos de la ciudad y está rodeado de parques, universidades y centros comerciales, lo que lo convierte en la opción perfecta para desarrollar un proyecto multifamiliar o comercial. Características principales: - Área total: 160 m²- Parámetros: hasta 5 pisos- Zona residencial y comercial- Fácil acceso a vías principales y transporte públicoInvierte hoy en un terreno con alta rentabilidad y proyección inmobiliariaContáctanos para más información o coordinar una visitaNatalia Carrera9. 8. 7. 9. 0. 3. 2. 9. 1. _________Jessica Tapia - Asociados: Tu socio inmobiliario en PerúTe ayudamos a vender, comprar o alquilar tu propiedad con un servicio personalizado y profesional. Encontramos el comprador, inquilino o inmueble perfecto para ti, asegurando que todo el proceso sea ágil y seguro. Visita nuestra web y haz realidad tus metas inmobiliarias|https://urbania.pe/inmueble/clasificado/veclcain-venta-de-casa-en-jesus-maria-lima-148643122?n_src=Listado&n_pg=1&n_pos=2|2026-02-01
urbania|casas|venta|Lima Moderna|Jesus Maria|"Pablo Bermudez
Jesús María, Lima"|S/ 1,424,000 · USD 400,000|1424000|400000|||"95 m² tot.
4 dorm.
5 baños
1 estac."|95|4|5|1|Venta casa en jesus maria, casa de dos pisos sin aires, ideal para vivienda o empresa, la misma que se encuentra completamente remodelada, manteniendo una estructura e infraestructura de estreno, con amplia iluminación en todos los ambientes. Ubicada a unos pasos del Ministerio de Trabajo, Av. Arenales y Av. Salaverry, cerca de todo tipo de entidades bancarias, comerciales, cerca de Essalud, se encuentra dentro de un hermoso condominio. Primer nivel: - Hall de ingreso. - Sala amplia con techo alto. - Segundo ambiente amplio con techo alto y mamparas de pared a pared. - Baño de visita completo. - Cocina estilo americano con muebles altos y bajos. - Medio baño de visita. - Lavadero para lavandería. - Amplio patio bien iluminado. - Motor y bomba de agua. - Techado: 81. 50 m2 – área ocupada: 100. 72m2. segundo nivel: - Hermosa escalera. - Hall amplio como sala de estar. - 2 dormitorios amplios e iluminados con closet. - 1 dormitorio con baño propio completo. - 1 baño completo para las habitaciones. - Techado: 93. 26 m2 – área ocupada: 116. 90m2. tercer nivel: - Habitación amplia e iluminada con baño completo. - Lavandería con lavadero y zona para lavadora. - Pasadizo amplio. - Techado: 22. 77 m2 – área ocupada: 46. 31m2. cuarto nivel: - 4 habitaciones, construido en Drywall. - 2 centro de lavados. - Amplia terraza. - Techado: 85. 67 m2 – área ocupada: 100. 72m2. otros: - Área de terreno ocupada: 449. 60 m2. - Área techada: 205. 36 m2. - Área de terreno: 95. 25 m2. - Precio venta $ 400, 000 dólares conversable. visita previa cita|https://urbania.pe/inmueble/clasificado/veclcain-venta-de-casa-en-jesus-maria-lima-4-dormitorios-147108688?n_src=Listado&n_pills=Cerca+a+colegios&n_pg=1&n_pos=3|2026-02-01
urbania|casas|venta|Lima Moderna|Jesus Maria|"Jirón Gral. Córdova al 1178
Santa Beatriz, Jesús María"|S/ 822,000 · USD 235,000|822000|235000|||116 m² tot.|116||||Casa como terreno de uso comercialexcelente ubicación, Frente a incor en Jesús María. Área de Terreno - 116 m2Linderos: 10. 66 * 10. 15Parámetros: Hasta 4 pisos. Excelente Para Casa y/o oficina con licencia comercial. 2 pisos construidosTrato DirectoCitasEmmy Ródríguez9. 7. 5. 7. 1. 8. 0. 2. 9_________Jessica Tapia - Asociados: Tu socio inmobiliario en PerúTe ayudamos a vender, comprar o alquilar tu propiedad con un servicio personalizado y profesional. Encontramos el comprador, inquilino o inmueble perfecto para ti, asegurando que todo el proceso sea ágil y seguro. Visita nuestra web y haz realidad tus metas inmobiliarias|https://urbania.pe/inmueble/clasificado/veclcain-venta-de-casa-en-santa-beatriz-jesus-maria-148639898?n_src=Listado&n_pg=1&n_pos=4|2026-02-01
urbania|casas|venta|Lima Moderna|Jesus Maria|"CUBA CON SALAVERRY
Jesús María, Lima"|S/ 1,646,400 · USD 490,000|1646400|490000|||"227 m² tot.
4 dorm.
1 baño
2 estac."|227|4||2|Vive en el corazón de Jesús María: una casa que combina ubicación estratégica y comodidad total. Esta hermosa casa de 2 pisos llega al mercado lista para convertirse en el punto de partida de tu siguiente gran etapa. (cerca de las avenidas Cuba, Salaverry y San Felipe) Distribución diseñada para tu día a día. at: 227. 9 m2. ac: 274. 35 m2. Primer Piso: - Sala y comedor que fluyen con naturalidad, ideales para recibir y compartir. - Cocina empotrada con reposteros altos y bajos, pensada para maximizar eficiencia. - Baño de visita. - Acogedora antesala y un cuarto de estudio perfecto para home office. Segundo Piso: - 3 habitaciones amplias con excelente iluminación. - 1 baño completo con distribución inteligente. Plus adicional. - Habitación de servicio independiente. - Cochera amplia con capacidad para 2 autos, un diferencial clave en la zona. ¿Por qué esta casa es una oportunidad? Está ubicada en pleno corazón de Jesús María, uno de los distritos más demandados de Lima y valorado por su accesibilidad, seguridad y entorno familiar. Una propuesta ideal para quienes buscan comodidad, proyección y un estilo de vida equilibrado. Activa tu visita hoy mismo y descubre por qué esta puede ser la casa que estabas esperando.|https://urbania.pe/inmueble/clasificado/veclcain-venta-de-casa-en-jesus-maria-lima-4-dormitorios-148368106?n_src=Listado&n_pg=1&n_pos=5|2026-02-01
urbania|casas|venta|Lima Moderna|Jesus Maria|"JIRON NAZCA/ELIZABETH JORGE
Jesús María, Lima"|S/ 899,000 · USD 269,000|899000|269000|||"250 m² tot.
4 dorm.
2 baños"|250|4|2||Se vende A precio de ocasion amplia casa de 3 pisos!! Conoce esta amplia casa que tiene de area de terreno 90M2 Y area construida 250M2. casa ubicada en condominio, con un lindo pasaje donde se encuentran 10 viviendas. Zona centrica. ubicada en: 2 cdra de la rambla av brasil, A 2 cuadras de la avenida salaverry. Cerca A centros comericales. banco, iglesias. Primer nivel: - sala. - comedor. - cocina. - lavanderia. - 1 baño completo. - terraza Y hall de ingreso. segundo nivel: - 3 dormitorios amplios. - 2 baños. tercer nivel: tiene un minidepartamento entrada independiente. - sala comedor. - cocina abierta. - 1 dormitorio. - 1 baño. - amplia azotea Y cuarto Y baño de servicio. sin cochera. documentos en regla! Agenda visita!|https://urbania.pe/inmueble/clasificado/veclcain-venta-de-casa-en-jesus-maria-lima-4-dormitorios-147722949?n_src=Listado&n_pills=%C3%81rea+de+lavander%C3%ADa&n_pg=1&n_pos=6|2026-02-01
urbania|casas|venta|Lima Moderna|Jesus Maria|"Horacio urteaga
Jesús María, Lima"|S/ 880,000 · USD 269,000|880000|269000|||"250 m² tot.
4 dorm.
2 baños"|250|4|2||¡ocasión！ ❛vendo casa de 3 pisos❜ 90 metros cuadrados de área de terreno, Y 250 metros cuadrados de área construida. Casa situada en jesús maría, ubicado en un pasaje con diseño de condominio, solo cuenta con 10 viviendas, moderno, apacible Y super céntrico. Localizado en la calle horacio urteaga, A 2 cuadras de la rambla de la avenida brasil, A 1 cuadra del campo de marte, Y A 2 cuadras de la avenida salaverry, la ubicación es inmejorable!. ➽primera planta: sala, comedor, cocina, lavandería. 1 baño completo, terraza Y hall de ingreso. ➽segunda planta: 3 dormitorios amplios Y bien iluminados, cuenta con 2 baños, ➽tercera planta: ⤑ minidepartamento con entrada indepediente 《sala- comedor, cocina kitchenette, 1 dormitorio Y 1 baño. ⤑ amplia azotea, cuarto Y baño de servicio. - no cuenta con cochera, no esperes más Y agenda tu visita!, escríbeme al wathsapp.|https://urbania.pe/inmueble/clasificado/veclcain-venta-de-casa-en-jesus-maria-lima-4-dormitorios-146595647?n_src=Listado&n_pills=Parrilla&n_pg=1&n_pos=7|2026-02-01
urbania|casas|venta|Lima Moderna|Jesus Maria|"CALLE LLOQUE YUPANQUI
Jesús María, Lima"|S/ 1,091,500 · USD 295,000|1091500|295000|||"110 m² tot.
7 dorm.
5 baños"|110|7|5||Casa de 3 Pisos en Venta – Jesús María (Lloque Yupanqui) Precio: $295, 000. Descubre esta amplia casa en Jesús María, ideal para familias grandes o proyectos de remodelación. Con parámetros para construir hasta 4 pisos, esta propiedad ofrece un gran potencial en una ubicación estratégica dentro de un condominio de solo 3 casas. Características: Primer Piso: -Amplia sala iluminada. -Cocina espaciosa. -Recibidor. -Baño de visita. -2 baños. -Patio interno con lavandería. -2 escaleras de acceso: una desde la sala y otra desde la entrada principal. Segundo Piso: -Sala adicional para mayor comodidad. -5 dormitorios amplios. -2 baños completos. Tercer Piso: -Azotea ideal para expansión o área social. -2 dormitorios. -Área de Servicio. -1 baño. ¡No pierdas esta oportunidad de inversión en una de las zonas más céntricas y accesibles de Jesús María! Contáctanos para más información y agenda tu visita.|https://urbania.pe/inmueble/clasificado/veclcain-venta-de-casa-en-jesus-maria-lima-5-a-mas-dormitorios-145032840?n_src=Listado&n_pills=%C3%81rea+de+lavander%C3%ADa&n_pg=1&n_pos=8|2026-02-01
urbania|casas|venta|Lima Moderna|Jesus Maria|"Avenida Arnaldo Márquez
Jesús María, Lima"|S/ 1,837,000 · USD 550,000|1837000|550000|||"500 m² tot.
6 dorm.
4 baños"|500|6|4||Amplia casa de dos pisos, area de terreno 269m2 inmejorable ubicacion cuatro dormitorios, cuatro baños, sala comedor, cocina, lavanderia, area de servicio. Cinthya Gil. 9. 5. 5. 5. 4. 3. 7. 4. 3. -. 9. 2. 5. 8. 0. 3. 3. 2. 6. Tenemos este y mas casas en venta. Comunicate con nosotros y encuentra la propiedad ideal para ti!|https://urbania.pe/inmueble/clasificado/veclcain-venta-de-casa-en-jesus-maria-lima-5-a-mas-dormitorios-148818834?n_src=Listado&n_pills=%C3%81rea+de+lavander%C3%ADa&n_pg=1&n_pos=9|2026-02-01
urbania|casas|venta|Lima Moderna|Jesus Maria|"Av.Horacio Urteaga / Deisy Celis
Jesús María, Lima"|S/ 899,000 · USD 269,000|899000|269000|||"88 m² tot.
4 dorm.
3 baños"|88|4|3||Vendo Céntrica y Linda Casa en Jesús María❞ ¡ocasión！ ❛vendo casa de 3 pisos❜ 90 metros cuadrados de área de terreno, Y 200 metros cuadrados de área construida. Casa situada en jesús maría, ubicado en un pasaje con diseño de condominio, solo cuenta con 10 viviendas, moderno, apacible Y super céntrico. Localizado en la calle horacio urteaga, A 2 cuadras de la rambla de la avenida brasil, A 1 cuadra del campo de marte, Y A 2 cuadras de la avenida salaverry, la ubicación es inmejorable!. ➽primera planta: sala, comedor, cocina, lavandería. 1 baño completo, terraza Y hall de ingreso. ➽segunda planta: 3 dormitorios amplios Y bien iluminados, cuenta con 2 baños, ➽tercera planta: ⤑ minidepartamento con entrada indepediente 《sala- comedor, cocina kitchenette, 1 dormitorio Y 1 baño. ⤑ amplia azotea, cuarto Y baño de servicio. No esperes más Y agenda tu visita!, escríbeme al wathsapp.|https://urbania.pe/inmueble/clasificado/veclcain-venta-de-casa-en-jesus-maria-lima-4-dormitorios-145650078?n_src=Listado&n_pills=%C3%81rea+de+lavander%C3%ADa&n_pg=1&n_pos=10|2026-02-01
urbania|casas|venta|Lima Moderna|Jesus Maria|"Arenales 656
Jesús María, Lima"|S/ 650,000 · USD 195,000|650000|195000|||"260 m² tot.
9 dorm.
4 baños"|260|9|4||¿Buscas una propiedad con excelente ubicación y alto potencial de rentabilidad?. Ubicada en la cuadra 6 de Av. Arenales, esta espaciosa casa de 3 pisos y 260. 15 m² de área ocupada (195. 28 m² techada + 59. 08 m² libre) se encuentra dentro de una quinta tranquila y segura. Ideal para generar ingresos desde el primer mes. Características: 9 amplios dormitorios + 3 baños completos. Zona bien conectada con transporte público para toda Lima. No cuenta con sala comedor ni cocina ya que se alquila por habitaciones. Habitaciones bien distribuidas. Zonificación rdm. Potencial de alquiler: Genera entre S/ 6, 000 y S/ 7, 000 mensuales alquilando por habitaciones. ¡Una excelente opción para inversionistas! Jesús María es una de las zonas más demandadas por su ubicación estratégica, cercanía a universidades, centros comerciales y hospitales.|https://urbania.pe/inmueble/clasificado/veclcain-venta-de-casa-en-jesus-maria-lima-5-a-mas-dormitorios-147454569?n_src=Listado&n_pills=Cerca+a+colegios&n_pg=1&n_pos=11|2026-02-01
urbania|casas|venta|Lima Moderna|Jesus Maria|"HORACIO URTEAGA
Jesús María, Lima"|S/ 899,000 · USD 269,000|899000|269000|||"88 m² tot.
4 dorm.
4 baños"|88|4|4||¡ocasión！ ❛vendo casa de 3 pisos❜ 90 metros cuadrados de área de terreno, Y 200 metros cuadrados de área construida. Casa situada en jesús maría, ubicado en un pasaje con diseño de condominio, solo cuenta con 10 viviendas, moderno, apacible Y super céntrico. Localizado en la calle horacio urteaga, A 2 cuadras de la rambla de la avenida brasil, A 1 cuadra del campo de marte, Y A 2 cuadras de la avenida salaverry, la ubicación es inmejorable!. ➽primera planta: sala, comedor, cocina, lavandería. 1 baño completo, terraza Y hall de ingreso. ➽segunda planta: 3 dormitorios amplios Y bien iluminados, cuenta con 2 baños, ➽tercera planta: ⤑ minidepartamento con entrada indepediente 《sala- comedor, cocina kitchenette, 1 dormitorio Y 1 baño. ⤑ amplia azotea, cuarto Y baño de servicio. No esperes más Y agenda tu visita!, escríbeme al wathsapp.|https://urbania.pe/inmueble/clasificado/veclcain-venta-de-casa-en-jesus-maria-lima-4-dormitorios-145384305?n_src=Listado&n_pills=%C3%81rea+de+lavander%C3%ADa&n_pg=1&n_pos=12|2026-02-01
urbania|casas|venta|Lima Moderna|Jesus Maria|"parque Hernan Velarde, 36
Santa Beatriz, Jesús María"|S/ 5,180,000 · USD 1,480,000|5180000|1480000|||"658 m² tot.
7 baños
2 estac."|658||7|2|Casa estilo palacete frente a parque – ¡Oportunidad única! En Jesús María, detrás del Estadio Nacional. Esta dentro de la zona protegida. No se puede construir edificio. Área Construida: 585 m² Área de Terreno: 658 m² Dormitorios: 10 │ Baños: 7 │ Cocheras: 2. Esta espectacular residencia de estilo clásico combina amplitud, carácter y una ubicación privilegiada frente a parque. Con 72 años de antigüedad, conserva detalles únicos como techos altos, molduras finas y una fachada imponente en esquina curva, que la convierten en un verdadero palacete urbano. Características principales: Sala con chimenea revestida en madera. Comedor independiente con puertas de madera y vidrio. 10 dormitorios en total, varios con baño incorporado. 2 terrazas preciosas con vista al parque. Cocina amplia con comedor de diario. Bar, baño de visitas y distribuidor central en segunda planta. Jardines, terraza, patio y área de lavandería. 3 cuartos de servicio con baño. Escalera principal de madera y escalera de servicio. 2 cocheras grandes con portón automático. Rodeada de naturaleza y tranquilidad, pese a estar en zona céntrica, ofrece un ambiente único donde lo único que se escucha son los pajaritos del parque. Ideal para residencia familiar de gran escala, embajada, proyecto, Instituciones, oficinas exclusivas, sedes de partidos políticos, clubes deportivos, columbario, etc.|https://urbania.pe/inmueble/clasificado/veclcain-venta-de-casa-en-santa-beatriz-jesus-maria-147719615?n_src=Listado&n_pills=%C3%81rea+de+lavander%C3%ADa&n_pg=1&n_pos=13|2026-02-01
urbania|casas|venta|Lima Moderna|Jesus Maria|"Calle Horacio Urtega
Jesús María, Lima"|S/ 899,000 · USD 275,000|899000|275000||1|"250 m² tot.
4 dorm.
2 baños"|250|4|2||Oportunidad de adquirir una amplia casa de 250 m² construidos sobre un terreno de 90 m², ubicada dentro de un pasaje con diseño tipo condominio, lo que garantiza seguridad y tranquilidad en pleno corazón de Jesús María. Características principales: Área de terreno: 90 m² Área construida: 250 m² Primer piso: sala, comedor, cocina, lavandería, baño completa, terraza. Segundo piso: 3 dormitorios y 2 baños. Tercer piso: minidepa con entrada independiente y una amplia azotea con cuarto y baño de servicio adicionales. Antigüedad: 20 años. Sin cochera. ¡Agenda tu visita! 9+5+9+1+9+9+2+7+6. Lilibeth Villanueva|https://urbania.pe/inmueble/clasificado/veclcain-venta-de-casa-en-jesus-maria-lima-4-dormitorios-147425771?n_src=Listado&n_pills=%C3%81rea+de+lavander%C3%ADa&n_pg=1&n_pos=14|2026-02-01
urbania|casas|venta|Lima Moderna|Jesus Maria|"Francisco Brenner
Jesús María, Lima"|S/ 612,000 · USD 180,000|612000|180000|||"143 m² tot.
3 dorm.
2 baños"|143|3|2||A. T. 113 m2. A. C. 143 m2. 2 pisos. 65 años de antigüedad. por remodelar. 3 dormitorios. Es una propiedad horizontal, puerta de calle escaleras directas al 2° piso y 3° piso, en el 1° piso es otra vivienda de otro propietario. Sala, comedor, cocina cerrada, lavandería, 3 dormitorios, 2. 5 baños, 1 cuarto de servicio, pisos de laminado en área privada, pisos de cerámico en área social, terraza, patio, parrilla. Vendo casa en Jesús María ubicada cerca de la Av San Felipe y Av Brasil. Pasaje de poco tránsito. Entrada independiente desde la calle. Se encuentra en el segundo y tercer piso. En el nivel 2 tiene sala de buen tamaño con vista a la calle, comedor amplio, dormitorio principal y baño de visitas, cocina, segundo dormitorio y un baño completo. En el nivel 3 tiene cuarto de servicio, deposito, dormitorio y baño completo. Patio y terraza y zona de lavandería.|https://urbania.pe/inmueble/clasificado/veclcain-venta-de-casa-en-jesus-maria-lima-3-dormitorios-148361496?n_src=Listado&n_pills=Parrilla&n_pg=1&n_pos=15|2026-02-01
urbania|casas|venta|Lima Moderna|Jesus Maria|"Jirón Huamachuco
Jesús María, Lima"|S/ 957,600 · USD 285,000|957600|285000|||"151 m² tot.
8 dorm.
4 baños"|151|8|4||Oportunidad en zona altamente demandada: 2° y 3° piso, ubicados a 4 cuadras de Av. Brasil y 2 de Av. San Felipe. Área total por nivel: 151. 87 m². Casa remodelada y bien conservada, con acceso totalmente independiente desde el primer piso. Entorno privilegiado: cerca de colegios Los Álamos, San Antonio de Padua, campo de béisbol El Olivar, Metro San Felipe, Real Plaza Salaverry, clínicas y entidades financieras. Perfecto para familias grandes o para inversión con renta inmediata. Segundo piso (151. 87 m²): sala de recepción, sala-comedor amplia, cocina cerrada, 4 habitaciones (1 con balcón), 2 baños y lavandería. Tercer piso / azotea (151. 87 m²): departamento independiente (2 dormitorios, sala-comedor, kitchenette y baño), amplia terraza, habitación adicional, baño extra y depósito. Zonificación rdm • Antigüedad 44 años. BeneficiosCon acceso independiente a la calle. Ubicación estratégica cerca de San Felipe y Brasil. Propiedad remodelada y habitable de inmediato. Ideal para vivienda y renta. Ventajas151. 87 m² por nivel: excelente amplitud. Zonificación rdm apta para vivienda. Terraza amplia en azotea con múltiples usos. Distribución funcional con depósito y lavandería. Departamento en azotea. Agenda tu visita hoy y descubre el potencial real de esta propiedad. Responde con “Interesa casa jm” para coordinar. Las imágenes y/o información de este inmueble son de carácter referencial. R. uc.: Razón social: Inversiones Delia S. A. C.|https://urbania.pe/inmueble/clasificado/veclcain-venta-de-casa-en-jesus-maria-lima-5-a-mas-dormitorios-148337930?n_src=Listado&n_pills=%C3%81rea+de+lavander%C3%ADa&n_pg=1&n_pos=16|2026-02-01
urbania|casas|venta|Lima Moderna|Jesus Maria|"Canterac al 100
Jesús María, Lima"|S/ 2,318,400 · USD 690,000|2318400|690000|||"248 m² tot.
5 dorm.
2 baños"|248|5|2||Venta de casa de 2 pisos a media cuadra de Av. Brasil muy cerca a Campo de Marte, La Rambla, Promart, Plaza Vea, Metro de Garzón, parques, colegios. La casa está compuesta de dos propiedades que se venden como una sola y tienen partidas electrónicas independientes. La casa del primer piso es ideal para negocio propio o para alquilar. La segunda propiedad se ubica en el segundo piso con su respectiva entrada independiente. R. U. C Ver datos|https://urbania.pe/inmueble/clasificado/veclcain-venta-de-casa-en-jesus-maria-lima-5-a-mas-dormitorios-148094171?n_src=Listado&n_pills=%C3%81rea+de+lavander%C3%ADa&n_pg=1&n_pos=17|2026-02-01
urbania|casas|venta|Lima Moderna|Jesus Maria|"Jirón Daniel Olaechea 199 – Jesús María
Jesús María, Lima"|S/ 7,820,000 · USD 2,300,000|7820000|2300000|||"614 m² tot.
1 dorm.
1 baño"|614|1|||Se vende terreno de 614 m² estratégicamente ubicado en Jirón Daniel Olaechea 199, Jesús María, uno de los distritos con mayor demanda residencial en Lima, gracias a su cercanía a ejes comerciales, parques, universidades y servicios. El predio cuenta con parámetros ideales para proyectos multifamiliares bajo zonificación rdm (Residencial de Densidad Media), con una altura permitida de hasta 7 pisos. Además, el activo tiene un contrato de alquiler vigente, lo que permite generar rentabilidad inmediata mientras se planifica el desarrollo. Características principales. Dirección: Jirón Daniel Olaechea 199 – Jesús María. Área de terreno: 614 m² Zonificación: rdm. Altura permitida: Hasta 7 pisos. Frente: 20 metros lineales. Renta mensual actual: S/ 32, 216. 15. Fecha de término de contrato: Julio 2027. Por qué es una excelente opción. Ubicación en zona residencial consolidada y de alta demanda. Parámetros urbanísticos óptimos para proyecto multifamiliar. Frente amplio de 20 m, que facilita un diseño arquitectónico eficiente. Ingreso asegurado por renta hasta 2027 mientras se gestiona permisos y proyecto. Para más información o para coordinar una visita, no dudes en contactarnos.|https://urbania.pe/inmueble/clasificado/veclcain-venta-de-casa-en-jesus-maria-lima-1-dormitorio-148621950?n_src=Listado&n_pg=1&n_pos=18|2026-02-01
urbania|casas|venta|Lima Moderna|Jesus Maria|"huascar 16XX
Oyague, Jesús María"|S/ 856,800 · USD 249,000|856800|249000|||"145 m² tot.
5 dorm.
4 baños
3 estac."|145|5|4|3|Vendo casa en Primer Piso!!, remodelada, lista para ocuparla, es una vivienda familiar, pero también puede tener un uso comercial! Ideal, para consultorios, oficinas, rubros administrativos. La casa es muy iluminada y ventilada, techos altos, se encuentra ubicada en la calla Huascar cuadra 6, fácil acceso a principales avenidas como Arnaldo Marquéz, husares de Junin, cerca a centro comerciales, a pocas cuadras de Plaza Vea. Área de terreno de 145. 12m2. Area Contruida de 145. 12 m2. 05 ambientes bien amplios con baño incorporado. 01 Sala de Estar. 01 Cochera. Estacionamientos en el frontis. precio: us$249, 000 negociables! Documentos en orden. Contacto 9 9 9 2 2 9 7 4 6|https://urbania.pe/inmueble/clasificado/veclcain-venta-de-casa-en-oyague-jesus-maria-5-a-mas-dormitorios-146193974?n_src=Listado&n_pg=1&n_pos=19|2026-02-01
urbania|casas|venta|Lima Moderna|Jesus Maria|"horacio urteaga jesus maria
Jesús María, Lima"|S/ 899,000 · USD 269,000|899000|269000|||"88 m² tot.
4 dorm.
3 baños"|88|4|3||❛vendo casa de 3 pisos❜ 90 metros cuadrados de área de terreno, Y 200 metros cuadrados de área construida. Casa situada en jesús maría, ubicado en un pasaje con diseño de condominio, solo cuenta con 10 viviendas, moderno, apacible Y super céntrico. Localizado en la calle horacio urteaga, A 2 cuadras de la rambla de la avenida brasil, A 1 cuadra del campo de marte, Y A 2 cuadras de la avenida salaverry, la ubicación es inmejorable!. ➽primera planta: sala, comedor, cocina, lavandería. 1 baño completo, terraza Y hall de ingreso. ➽segunda planta: 3 dormitorios amplios Y bien iluminados, cuenta con 2 baños, ➽tercera planta: ⤑ minidepartamento con entrada indepediente 《sala- comedor, cocina kitchenette, 1 dormitorio Y 1 baño. ⤑ amplia azotea, cuarto Y baño de servicio. No esperes más Y agenda tu visita!|https://urbania.pe/inmueble/clasificado/veclcain-venta-de-casa-en-jesus-maria-lima-4-dormitorios-145644344?n_src=Listado&n_pills=Frente+a+parque&n_pg=1&n_pos=20|2026-02-01
urbania|casas|venta|Lima Moderna|Jesus Maria|"Av. Gnral Eugenio Garzón 2241
Residencial San Felipe, Jesús María"|S/ 1,462,000 · USD 430,000|1462000|430000|||"160 m² tot.
3 dorm.
2 baños
1 estac."|160|3|2|1|Casa para Remodelar o Terreno Comercial en Venta de 160 m2. Parametros 05 Pisos. Zona residencial y comercial. Ubicado en una zona estratégica de Jesus Maria, a solo pasos de la Av. Brasil y Av San Felipe. Ideal para proyecto inmobiliario o negocio|https://urbania.pe/inmueble/clasificado/veclcain-venta-de-casa-en-residencial-san-felipe-jesus-maria-3-dormitorios-147988301?n_src=Listado&n_pg=1&n_pos=21|2026-02-01
urbania|casas|venta|Lima Moderna|Jesus Maria|"JIRON NAZCA
Jesús María, Lima"|S/ 899,000 · USD 269,000|899000|269000||1|"250 m² tot.
4 dorm.
2 baños"|250|4|2||Vive en una zona céntrica rodeada de parques!! En una quinta moderna de 10 casas privadas Y céntrico ubicado en la segunda cuadra de horacio urteaga. con fáciles accesos A diferentes vías principales como avenida brasil, av. salaverry, campo de marte Y más.. Distribución interna de 250 M2: - primera planta: sala, comedor, cocina, lavandería. 1 baño completo, terraza Y hall de ingreso. *segunda planta: 3 dormitorios amplios Y bien iluminados, cuenta con 2 baños, *tercera planta: * minidepartamento con entrada indepediente 《sala- comedor, cocina kitchenette, 1 dormitorio Y 1 baño. *amplia azotea, cuarto Y baño de servicio. - no cuenta con cochera, contactame via whattsapp al +9+4+0++1+0++6++0+1+5+|https://urbania.pe/inmueble/clasificado/veclcain-venta-de-casa-en-jesus-maria-lima-4-dormitorios-147266385?n_src=Listado&n_pills=Parrilla&n_pg=1&n_pos=22|2026-02-01
urbania|casas|venta|Lima Moderna|Jesus Maria|"Jesús Maria
Jesús María, Lima"|Consultar precio|||||"102 m² tot.
3 dorm.
2 baños"|102|3|2||Casa en venta en Jesus Maria a S/590, 000Linda Casa tres pisos en, Jesús María, Área Total 58. 51 mt2, Área Construida102 Mt2, Consta de la siguiente distribución: Primer piso, Sala Comedor Amplia con vista al Condominio ventanas grandes que permiten una buena iluminación, Cocina, patio interno pequeño, medio baño de visita. Segundo Piso, Dos Habitaciones amplias, un baño completo amplioTercer piso, una Habitación doble, un baño completo, área de Lavandería y tendal. La Casa, tiene buena iluminación, ubicación cerca a principales Avenidas, a 10 minutos del Centro Comercial Real Plaza, y corazón de Jesús María. No cuenta con cochera. Precio Venta usd Ver datos Conversable|https://urbania.pe/inmueble/clasificado/veclcain-venta-de-casa-en-jesus-maria-lima-3-dormitorios-148514832?n_src=Listado&n_pills=%C3%81rea+de+lavander%C3%ADa&n_pg=1&n_pos=23|2026-02-01
urbania|casas|venta|Lima Moderna|Jesus Maria|"Alt. Av. Cuba Y Av. Gral Salaverry
Jesús María, Lima"|S/ 2,584,000 · USD 760,000|2584000|760000|||"338 m² tot.
4 dorm.
3 baños
1 estac."|338|4|3|1|¡Oportunidad única en Jesús María! Casa como terreno en casco ideal para desarrollo inmobiliarioSe vende casa como terreno en casco, ideal para edificio multifamiliar, comercio o vivienda. Ubicada en una zona estratégica y de alta demanda, a solo pasos del Hospital Edgardo Rebagliati Martins y del Museo de Historia Natural. Disfruta de la cercanía a amplios parques, colegios, restaurantes y centros comerciales. Excelente conectividad a las principales vías: Av. Salaverry, Av. Arequipa y Av. Cuba. A pocos minutos del Circuito Mágico del Agua, C. C. Arenales y C. C. Risso. Descripción: • Sala comedor• Cocina• 4 dormitorios• 3 baños• 1 cochera• Jardín• Lavandería• Baño y cuarto de serviciocaracteristicas: Área total: 338. 88 m2. Área construida: 269. 00 m2. Zonificación: rdm, parametros para 6 pisos. linderos: • Frente: 10. 00 ml. • Derecho: 40. 00 ml• Izquierda: 32. 10 ml• Fondo: 10. 30 ml!! aprovecha la oportunidad!! * Los precios y descripción de esta propiedad son|https://urbania.pe/inmueble/clasificado/veclcain-venta-de-casa-en-jesus-maria-lima-4-dormitorios-148111070?n_src=Listado&n_pills=Jard%C3%ADn&n_pg=1&n_pos=24|2026-02-01
urbania|casas|venta|Lima Moderna|Jesus Maria|"Horacio Urteaga - Jesús Maria
Jesús María, Lima"|S/ 899,000 · USD 269|899000|269|||"90 m² tot.
5 dorm.
4 baños"|90|5|4||Linda casa de 3 pisos de 90 mts. 2 de área de terreno y 200 mts. 2 de construcción. Ubicada en un pasaje- condominio, cuenta con 09 viviendas a su alrededor, moderno, tranquilo y céntrico a todo. Situado en la calle Horacio Urteaga, a dos cuadras de la Rambla de la Brasil y 1 cdra. Del campo de marte. Primer piso: Sala, comedor, cocina, lavandería y 1 baño completo, terraza y hall de ingreso. Segundo piso: 3 dormitorios, amplios y bien iluminados cuenta con 2 baños. tercer piso: Minidepartamento con entrada independiente ( sala, comedor, cocina kitchenette, 1 dormitorio, 1 baño, una amplia azotea, 1 cuarto y baño de servicio. No dejes pasar esta oportunidad para conocer esta linda casa. Agenda tu visita!|https://urbania.pe/inmueble/clasificado/veclcain-venta-de-casa-en-jesus-maria-lima-5-a-mas-dormitorios-147559515?n_src=Listado&n_pills=%C3%81rea+de+lavander%C3%ADa&n_pg=1&n_pos=25|2026-02-01
urbania|casas|venta|Lima Moderna|Jesus Maria|"Jr. Hermilio Valdizan
Oyague, Jesús María"|S/ 438,600 · USD 129,000|438600|129000|||"44 m² tot.
2 dorm.
2 baños"|44|2|2||"Departamento tipo casita en venta – Jesús María. 85 m² área techada | 2 niveles + aires | Vista interna. Se vende departamento tipo casita en quinta, de 02 pisos más azotea, ubicado en una zona céntrica y residencial de Jesús María, con fácil acceso a comercios, bancos, mercados y transporte público. Área total techada: 85 m² (42. 64 m² por nivel – 2 niveles) Frente: 5. 20 ml | Fondo: 8. 20 ml. Antigüedad: 47 años aprox. Cochera: No. Distribución: - 1er nivel: Sala–comedor, ambiente de cocina, baño completo. - 2do nivel: 2 dormitorios (principal con baño incorporado), hall de distribución, lavandería. - 3er nivel: Azotea. Luz y agua independientes. Antiguedad 49 años. Ubicación: Cuadra 4 del Jr. Hermilio Valdizán – Jesús María. Vista: Interna. Visita previa coordinación al Ver datos- Ada"|https://urbania.pe/inmueble/clasificado/veclcain-venta-de-casa-en-oyague-jesus-maria-2-dormitorios-148541335?n_src=Listado&n_pills=%C3%81rea+de+lavander%C3%ADa&n_pg=1&n_pos=26|2026-02-01
urbania|casas|venta|Lima Moderna|Jesus Maria|"Calle Almt Guisse
Jesús María, Lima"|S/ 3,327,100 · USD 980,000|3327100|980000|||"290 m² tot.
6 dorm.
3 baños
7 estac."|290|6|3|7|Excelente oportunidad para empresarios E inversionistasinmueble en venta – zona comercial de jesús maríaexpanda su negocio o desarrolle un proyecto de alto potencial en una de las zonas más dinámicas y estratégicas de Jesús María, a pocos pasos de la Av. Cuba y avenidas principales. El entorno combina alto tránsito peatonal y vehicular con gran densidad residencial, impulsado por nuevos edificios de hasta 25 pisos, lo que convierte a esta ubicación en una apuesta segura para cualquier rubro comercial o institucional. principales característicasparámetros edificatorios: hasta 7 pisosZonificación: cz – Comercio Zonal (Ordenanza 2213-mml) Usos compatibles: Clínicas, centros médicos, universidades, hoteles, restaurantes, pollerías, oficinas corporativas y más. Estacionamientos: 5 internos techados + 2 externosdistribucióncasa de 2 pisos + aires, con espacios amplios, ventilados y fácilmente adaptables a distintos usos. Primer piso: Recepción o sala de espera con vista a la calleAmbientes amplios ideales para consultorios, oficinas o showroomCocina y patio posteriorDos ambientes con baño completoCochera para cinco vehículos internos y dos externosSegundo piso: Hall de distribuciónDos amplios ambientes ideales para oficinas, consultorios o dormitoriosDos baños compartidosCocina, lavandería y amplio patio interiorTercer piso (azotea): Área con gran potencial de expansión para nuevos ambientes, oficinas o servicios complementariosPosibilidad de generar ingresos adicionales por alquilerubicación Y potencialubicado en una zona de alta demanda comercial y residencial, con excelente accesibilidad y visibilidad. Ideal para instituciones de salud, educación o negocios de atención al público que busquen posicionarse en un punto estratégico del distrito|https://urbania.pe/inmueble/clasificado/veclcain-venta-de-casa-en-jesus-maria-lima-5-a-mas-dormitorios-148026375?n_src=Listado&n_pills=%C3%81rea+de+lavander%C3%ADa&n_pg=1&n_pos=27|2026-02-01
urbania|casas|venta|Lima Moderna|Jesus Maria|"CALLE HORACIO URTEAGA
Jesús María, Lima"|S/ 880,000 · USD 269,000|880000|269000|||"250 m² tot.
4 dorm.
2 baños"|250|4|2||Linda Casa en Jesús María❞ 9/4/1/7/0/0/6/4/2. ❛vendo casa de 3 pisos❜ 90 metros cuadrados de área de terreno, Y 250 metros cuadrados de área construida. Casa en jesús maría. Ubicado en una quinta con diseño de condominio. Solo cuenta con 10 viviendas. Moderno, apacible Y super céntrico. Localizado en la calle horacio urteaga, A 2 cuadras de la rambla de la avenida brasil, A 1 cuadra del campo de marte, Y A 2 cuadras de la avenida salaverry. ➽primera planta: sala, comedor, cocina, lavandería. 1 baño completo, terraza Y hall de ingreso. ➽segunda planta: 3 dormitorios amplios Y bien iluminados, cuenta con 2 baños, ➽tercera planta: ⤑ minidepartamento con entrada indepediente 《sala- comedor, cocina kitchenette, 1 dormitorio Y 1 baño. ⤑ amplia azotea, cuarto Y baño de servicio. - no cuenta con cochera. Agenda tu visita! Escríbeme al wathsapp 9/4/1/7/0/0/6/4/2|https://urbania.pe/inmueble/clasificado/veclcain-venta-de-casa-en-jesus-maria-lima-4-dormitorios-148474896?n_src=Listado&n_pills=%C3%81rea+de+lavander%C3%ADa&n_pg=1&n_pos=28|2026-02-01
urbania|casas|venta|Lima Moderna|Jesus Maria|"horacio urteaga
Jesús María, Lima"|S/ 995,500 · USD 275,000|995500|275000|||"200 m² tot.
4 dorm.
3 baños"|200|4|3||Se vende linda casita de 3 pisos dentro de una elegante quinta en zona céntrica de Jesús María, cerca a avenidas principales, centro comercial y tiendas. La casita se distribuye de la siguiente manera: primer piso: Sala, comedor, cocina - lavandería, baño completo, terraza. Segundo piso: 3 dormitorios y 2 baños. Tercer piso: mini departamento con entrada independiente, Amplia azotea, cuarto y baño de servicio. Agenda tu visita. 91Ver datos|https://urbania.pe/inmueble/clasificado/veclcain-venta-de-casa-en-jesus-maria-lima-4-dormitorios-147400469?n_src=Listado&n_pills=%C3%81rea+de+lavander%C3%ADa&n_pg=1&n_pos=29|2026-02-01
urbania|casas|venta|Lima Moderna|Lince|"JOAQUIN BERNAL
Lince, Lima"|S/ 525,000 · USD 150,000|525000|150000|||"103 m² tot.
2 dorm.
2 baños"|103|2|2||Venta casita - jr. Joaquín bernal - lince. at: 103 m2 ac: 95 m2. precio: $150, 000. Casita en venta, de un solo piso, sin aires; ubicado en Jr. Joaquín Bernal N° 4xx, cerca del Parque Castilla, Iglesias, Colegios, Farmacias, Bodegas, Panaderías, Mercados, Bancos, Supermercados. A una cuadra de Av. César Vallejo, de Av. Arenales, Arequipa, Av. Dos de Mayo y Av. Javier Prado. Consta de: Sala Comedor. 2 Dormitorios. 1 baño completo. Cocina. Lavandería. Cuarto y baño de servicio. Jardín en la parte exterior y lateral. Antiguedad 60 años. Contáctanos para más información o para agendar una visita. ¡Una oportunidad única a excelente precio en Lince!|https://urbania.pe/inmueble/clasificado/veclcain-venta-de-casa-en-lince-lima-2-dormitorios-147109030?n_src=Listado&n_pills=Jard%C3%ADn&n_pg=1&n_pos=1|2026-02-01
urbania|casas|venta|Lima Moderna|Lince|"Av. Arenales lince
Risso, Lince"|S/ 879,750 · USD 255,000|879750|255000||250|"102 m² tot.
4 dorm.
3 baños"|102|4|3||Agente domus: Wilson Mendoza Palma. 9. 9. 8. 9. 2. 9. 7. 1. 3. Casa en Condominio de 7 casas en el Corazón de Lince: Oportunidad de Remodelación y Valorización. ¡Excelente oportunidad para invertir en una casa en quinta en una de las zonas más tradicionales y céntricas de Lince! Presentamos esta propiedad de 102 metros cuadrados, distribuidos en dos pisos más azotea, con un gran potencial para remodelar y actualizar según sus gustos y necesidades. Características. - Casa en condominio con 102 metros cuadrados de área construida. - Dos pisos más azotea con vistas potenciales. - Cuatro dormitorios amplios para acomodar a toda la familia. - Tres baños para mayor comodidad y privacidad. - Por actualizar acabados, oportunidad para darle un toque personalizado y moderno. - Zona tranquila y segura. - Acceso a servicios y comercios cercanos, como restaurantes, tiendas y supermercados. Ventajas. - Ubicación céntrica y accesible Av. Arenales, Av. Arequipa, Av. Petit thouars tambièn. - Potencial de valorización y plusvalía después de la remodelación. - Posibilidad de crear un hogar único y personalizado. - Cercanía a parques y áreas verdes. Para quién es ideal. - Familias que buscan un hogar seguro y tranquilo para sus hijos. Profesionales que desean vivir cerca de sus lugares de trabajo. - Personas que buscan una ubicación céntrica y accesible en una zona tradicional de Lima. No pierda la oportunidad de invertir en esta casa en quinta con potencial de remodelación y valorización. Contacte con nosotros para obtener más información y programar una visita. ¡Estamos ansiosos por mostrarle esta excelente oportunidad!|https://urbania.pe/inmueble/clasificado/veclcain-venta-de-casa-en-risso-lince-4-dormitorios-148103843?n_src=Listado&n_pills=%C3%81rea+de+lavander%C3%ADa&n_pg=1&n_pos=2|2026-02-01
urbania|casas|venta|Lima Moderna|Lince|"Tulipanes 340 Distrito Lince
Lince, Lima"|S/ 884,000 · USD 260,000|884000|260000|||"88 m² tot.
4 dorm.
2 baños
1 estac."|88|4|2|1|Venta amplia y bonita casa situada en una quinta. Tiene un área de Terreno de 88m2. Área construida, mas de 160m2, Tres pisos construidos. Primer piso consta de dos ingresos, por sala y cocina, tiene amplia sala comedor, terraza, medio baño, cocina y lavandería. Segundo piso tiene un área social y tres dormitorios amplios con closets, un baño completo. Tercer piso, un dormitorio, baño completo, Salón amplio multi uso, área social. Etc. Cuenta con pozo y tanque elevado. Tiene bastante luz y ventilación. En el área exterior, por acuerdo de los vecinos, se utiliza como cochera, La casa esta remodelada. Se cambio todas las tuberías de agua. Estratégicamente ubicada, cerca a Javier Prado y Paseo de la República, Vía Expresa, cerca a hermoso parque, cerca a colegios, universidades, etc.|https://urbania.pe/inmueble/clasificado/veclcain-venta-de-casa-en-lince-lima-4-dormitorios-148774340?n_src=Listado&n_pills=Cerca+a+colegios&n_pg=1&n_pos=3|2026-02-01
urbania|casas|venta|Lima Moderna|Lince|"Jr general José María Córdoba 1714
Lince, Lima"|S/ 1,030,000 · USD 300,000|1030000|300000||1|"81 m² tot.
4 dorm.
2 baños"|81|4|2||Vendo linda casa con 81 m² área de terreno, 2 pisos de construido, más azotea. Parámetros hasta 6pisos, no cuenta con cochera. Distribución en 1er piso: Sala. Comedor. Depósito. Cocina. Lavandería con patio. Baño completo. 2do piso: 3habitaciones. 1baño completo. 3er Piso. 1habitacion. Azotea. Precio $300, 000 (trescientos mil dólares americanos). Para mayor información comunicarse al teléfono Ver datos. Milenka Carranza|https://urbania.pe/inmueble/clasificado/veclcain-venta-de-casa-en-lince-lima-4-dormitorios-65910311?n_src=Listado&n_pills=%C3%81rea+de+lavander%C3%ADa&n_pg=1&n_pos=4|2026-02-01
urbania|casas|venta|Lima Moderna|Lince|"Calle Jose general cordova 2542
Lince, Lima"|S/ 2,040,000 · USD 600,000|2040000|600000|||"258 m² tot.
6 dorm.
5 baños
3 estac."|258|6|5|3|Se vende casa de dos pisos para vivienda A media cuadra del touring. La casa cuenta con 258 mts de terreno Y 250 mts. De area construida. Primer piso: cochera abierta para dos carros Y una cerrada para un tercer carro. Ingreso, sala amplia, comedor, terraza con jardin posterior, cocina ampliay comedor de diario, un baño de visitas completo con ducha. 2 dormitorios con un baño compartido. Segundo piso: tres dormitorios con 2 baños completos externo. Un cuarto dormitorio con baño incorporado. área de lavandería con cuarto de almacén Y baño completo. En el tercer piso un cuarto pequeño con baño propio.|https://urbania.pe/inmueble/clasificado/veclcain-venta-de-casa-en-lince-lima-5-a-mas-dormitorios-148367258?n_src=Listado&n_pills=Cuartos+de+servicio&n_pg=1&n_pos=5|2026-02-01
urbania|casas|venta|Lima Moderna|Lince|"parque castilla
S/n, Lince"|S/ 2,430,820 · USD 679,000|2430820|679000|||"240 m² tot.
4 dorm.
3 baños
2 estac."|240|4|3|2|Vendo casa lince en esquina a Parque Castilla. Casa en esquina. Área terreno: 240 m2 y área construida: 311m2. Cuenta con 4 dormitorios, 3 baños, 1 depósito, cochera, sala de estudio, amplia sala, amplio comedor, amplia terraza, cocina, lavandería, cuarto de servicio, vista a parque Castilla. Remodelada hace 15 años con cambio de tubería y cableado. Excelente casa en plena esquina. Lince limite con san isidro. Se encuentra en una de las esquinas del parque Castilla. A 2 cuadras del Wong de la av 2 de mayo, cerca a bancos, farmacias y otras empresas importantes. Distribuido de la siguiente manera: Primer nivel: amplia sala, comedor, estar, cocina, lavandería, baño completo, cuarto de servicio, depósito, estudio, cochera para 2 carros, amplia terraza. Segundo nivel: 4 dormitorios( principal con baño), 2 baños, cuarto principal con amplia terraza, estar iluminado. Tercer nivel: cuarto, y amplio ambiente que puede ser usado para una zona de parrilla y con vista al parque Castilla. Casa ideal para proyecto de construcción, oficinas corporativas, consultorios clínicos, etc. Precio: $Ver datos|https://urbania.pe/inmueble/clasificado/veclcain-venta-de-casa-en-s-n-lince-4-dormitorios-146766556?n_src=Listado&n_pills=Parrilla&n_pg=1&n_pos=6|2026-02-01
urbania|casas|venta|Lima Moderna|Lince|"General Cordova
Lince, Lima"|S/ 2,133,000 · USD 600,000|2133000|600000|||"258 m² tot.
6 baños
3 estac."|258||6|3|Excelente Casa de 05 dormitorios con un area de 258m2 At. Y 350m2. De area construida. Con 3 cocheras, recibidor, sala, sala de estar, comedor, 01 baño, Jardin interior, 2 dormitorios en primer piso con baños, y en el segundo piso 3 dormitorios, con 02 baños, patio, cuarto de servicio con baño, cuarto de lavanderia, deposito, tendal, se vende en us$600, 000. 00 llamar al Ver datos|https://urbania.pe/inmueble/clasificado/veclcain-venta-de-casa-en-lince-lima-147023839?n_src=Listado&n_pills=Cerca+a+colegios&n_pg=1&n_pos=7|2026-02-01
urbania|casas|venta|Lima Moderna|Lince|"Manuel Segura Lince
Lince, Lima"|S/ 644,400 · USD 179,000|644400|179000||8|"150 m² tot.
4 dorm.
3 baños"|150|4|3||Venta casa chalet de 3 pisos - lince. Ubicado a la altura de la cuadra 14 de la Av. Arequipa y una cuadra de Av. Arenales, a dos cuadras del Hospital Rebagliati y a 5 minutos del Circuito Mágico del Agua. Detalle del inmueble: - Área ocupada: 150 m2- Área de terreno: 51. 5m2- Ubicado dentro de quinta residencial. - Casa de 3 pisos. - Estado bueno, habitable, remodelado hace 7 años. *Distribución: *Primer piso: sala, comedor, cocina cerrada con reposteros altos y bajos, y baño completo. *Segundo piso: 02 dormitorios con clóset y un baño amplio. *Tercer piso: 01 depósito o dormitorio pequeño, 01 baño completo, 01 dormitorio, zona de lavandería y patio. Precio de venta: $179, 000 dólares. Documentos en regla.|https://urbania.pe/inmueble/clasificado/veclcain-venta-de-casa-en-lince-lima-4-dormitorios-147251581?n_src=Listado&n_pills=%C3%81rea+de+lavander%C3%ADa&n_pg=1&n_pos=8|2026-02-01
urbania|casas|venta|Lima Moderna|Lince|"Jr. Garcilazo de la Vega 2161
Lince, Lima"|S/ 1,075,200 · USD 320,000|1075200|320000|||"143 m² tot.
7 dorm.
3 baños"|143|7|3||¡seguridad Y amplitud en el corazón de lince! Si buscas vivir en una zona residencial, segura y con excelente conectividad, esta es la propiedad ideal. Ubicada en una calle cerrada (privacidad total, no es quinta), esta casa destaca por su excelente estado de conservación y generosos espacios. Ubicación privilegiada: Dirección: Jr. Garcilaso de la Vega Cdra. 21. Conectividad: A solo 2 cuadras de Av. Canevaro y Av. Salaverry. Salud y Conveniencia: A 4 cuadras del Hospital Rebagliati. Cerca de centros comerciales, parques y bancos. Datos principales: Área Total: 143 m² Estacionamiento: Espacio privado para 2 autos. Estado: 50 años de antigüedad (estructuras sólidas y muy bien mantenida). Distribución funcional: 1er Nivel: Recibidor, amplia sala-comedor iluminada, patio posterior ideal para reuniones, cocina funcional y 2 medios baños. 2do Nivel: 4 dormitorios amplios con clóset y 1 baño completo de gran tamaño. 3er Nivel: Área de lavandería y 3 ambientes adicionales (ideales para oficina, depósitos o cuarto de servicio) con acceso independiente desde el patio. Valor agregado: Entorno sumamente tranquilo y seguro para familias. Documentación 100% en regla, lista para transferencia inmediata. ¡Sin cargas ni gravámenes!|https://urbania.pe/inmueble/clasificado/veclcain-venta-de-casa-en-lince-lima-5-a-mas-dormitorios-148752037?n_src=Listado&n_pills=Cuartos+de+servicio&n_pg=1&n_pos=9|2026-02-01
urbania|casas|venta|Lima Moderna|Lince|"mariscal las Heras 243, Lince.
Risso, Lince"|S/ 1,518,000 · USD 440,000|1518000|440000|||"154 m² tot.
7 dorm.
1 baño"|154|7|||Ubicacion: Calle Mariscal Las Heras 243 - 247, Lince. Área Terreno: 154m2. Area Construida: 280m2. Precio: us440, 000. Rebajado. Pd. Evaluado x Banco de Crédito del Perú. Saneado e Inscrito en Registros Públicos. Entrega Inmediata. Previa Cita. 9.. 9.. 1. -.. 6. 6. 1.. -. 0.. 8.. 1. Abstenerse: Corredores/ Agentes. Gracias.|https://urbania.pe/inmueble/clasificado/veclcain-venta-de-casa-en-risso-lince-5-a-mas-dormitorios-4428132?n_src=Listado&n_pg=1&n_pos=10|2026-02-01
urbania|casas|venta|Lima Moderna|Lince|"IGNACIO MERINO 2650
Lince, Lima"|S/ 1,348,000 · USD 400,000|1348000|400000|||177 m² tot.|177||||Casa de tres pisos en Av. Merino cuadra 26 en Perfecta Ubicación de Lince cz – comercio zonal. ¡Oportunidad Única en Lince, Lima! ¡Descubre tu futuro hogar en una de las mejores zonas de Lima! Esta espaciosa casa de. 329. 00 m2 construidos sobre un terreno de 177. 74 m2 está esperando por ti. Ubicada estratégicamente en Av. Ignacio Merino 2650, este inmueble de 3 pisos destaca por su amplio espacio y su diseño que asegura confort para toda la familia. Cerca de Javier Prado, Prolongación Iquitos, Municipalidad de Lince, colegios, parques y estaciones del Metropolitano. Características Principales: - ️ 6 Habitaciones amplias para que cada miembro de la familia disfrute de su privacidad. - 2. 5 Baños completos para facilitar la rutina diaria. - 1 Local estrategicamente ubicado con vista a la misma Av. Merino. - Aceptamos Mascotas, porque sabemos que son parte de tu familia. - Balcón con Vista a la Calle, ideal para disfrutar de las tardes soleadas. - Estacionamiento disponible en las cercanías. ️ Antigüedad: 60 Años, una construcción sólida con historia y carácter. No dejes pasar la oportunidad de un espacio amplio y acogedor. ¡Agenda tu visita y enamórate de cada rincón! Contáctame para más información y convierte esta casa en tu nuevo hogar. Acogedor casa en perfecta ubicación cerca de diversos servicios y comodidades en la avenida Merino cerca de Javier Prado y Prolongación Iquitos. Está cerca de la Municipalidad de Lince, el colegio Melitón Carbajal, el parque Pedro Ruiz Gallo y la estación del Metropolitano México y Canadá. Además, tiene fácil acceso a través de vías importantes como la Av. Juan Pardo de Zela, Av. Canadá y la Vía Expresa. 177. 74 m2 terreno. 329. 00 m2 construido. Casa de tres pisos en venta en Lince. Ubicada estratégicamente en Av. Ignacio Merino 2650, esta casa de 329 m² construidos sobre un terreno de 177. 74 m² es una excelente oportunidad en una zona comercial privilegiada. Características destacadas: Espacio amplio: 6 habitaciones y 2. 5 baños. Local comercial: Vista directa a Av. Merino. Comodidades: Balcón con vista a la calle, estacionamiento cercano. Mascotas bienvenidas: Ideal para toda la familia. Construcción sólida: 60 años de antigüedad. Ubicación estratégica:|https://urbania.pe/inmueble/clasificado/veclcain-venta-de-casa-en-lince-lima-148148961?n_src=Listado&n_pg=1&n_pos=11|2026-02-01
urbania|casas|venta|Lima Moderna|Lince|"MANCO SEGUNDO
Lince, Lima"|S/ 862,000 · USD 230,000|862000|230000|||"124 m² tot.
3 dorm.
2 baños"|124|3|2||Vendo acogedora casita de dos pisos ubicada frente A parque, cerca A la universidad pacifico Y upc, de facil acceso. la casita es con vista externa, se describe, primer piso sala comedor, baño de visita, cocina cerrada, area de lavanderia con acceso A los aires, puerta secundaria que da al pasaje, entre la sala Y comedor escaleras de madera acceso al segundo nivel 3 dormitorios amplios Y un baño completo. la casa tiene techos altos. los aires tambien son de la casa, se puede construir otro dpto, O ampliar la casa. cada nivel es de 62 M2 con un total construidos de 124M2. luz Y agua independiente. llamar rosario cabanillas Ver datos|https://urbania.pe/inmueble/clasificado/veclcain-venta-de-casa-en-lince-lima-3-dormitorios-145714075?n_src=Listado&n_pills=Frente+a+parque&n_pg=1&n_pos=12|2026-02-01
urbania|casas|venta|Lima Moderna|Lince|"JR GARCILAZO DE LA VEGA
Lince, Lima"|S/ 785,400 · USD 238,000|785400|238000|||"245 m² tot.
8 dorm.
2 baños"|245|8|2||Casa de 2da planta, con 8 habitaciones, tres baños amplios, sala, cocina comedor. En la fecha esta siendo usado como casa hospedaje solo para medicos de provincia que estan haciendo su residantado en el hospital rebagliatti. Ha sido renovado Y con tuberia Y cableado. En el tercer nivel hay habitaciones Y baños. Se reciben propuestas -|https://urbania.pe/inmueble/clasificado/veclcain-venta-de-casa-en-lince-lima-5-a-mas-dormitorios-148093897?n_src=Listado&n_pills=Cerca+a+colegios&n_pg=1&n_pos=13|2026-02-01
urbania|casas|venta|Lima Moderna|Lince|"Pezett Y Monel al 1900
Lince, Lima"|S/ 2,006,650 · USD 599,000|2006650|599000|||380 m² tot.|380||||Contacto: 9. 0. 2. 0. 2. 0. 4. 6. 8Casa Comercial en Lince – 2 Locales + 5 Mini Departamentos¡Con Inquilinos Precarios! Zonificación czubicación: Pezet y Lonel, LinceTerreno: 380? m²Construcción: 760? m²Zonificación: cz (Comercio Zonal) Edad de construcción: 55 añosPrecio: usd 599, 000 – NegociableDescripción: Oportunidad única de inversión en pleno Lince. Propiedad de 380? m² de terreno y 720? m² construidos, ideal para uso comercial y residencial mixto. Cuenta con 2 locales comerciales en planta baja y 5 mini departamentos en los pisos superiores, actualmente con inquilinos precarios, lo que brinda flexibilidad para remodelación, desarrollo o renta inmediata. La zonificación cz permite aprovechar al máximo el potencial comercial de la zona, con acceso rápido a avenidas principales, transporte y servicios cercanos. Perfecta para inversionistas que buscan rentabilidad y crecimiento a largo plazo en una de las zonas más estratégicas de Lince. Precio negociable. R. U. C Ver datos|https://urbania.pe/inmueble/clasificado/veclcain-venta-de-casa-en-lince-lima-148433224?n_src=Listado&n_pg=1&n_pos=14|2026-02-01
urbania|casas|venta|Lima Moderna|Lince|"Jr. Bartolomé Herrera
Lince, Lima"|"S/ 464,260 · USD 139,000
13%"|464260|139000|13%||"48 m² tot.
3 dorm.
2 baños"|48|3|2||Casa – Quinta en LinceJr. Bartolomé HerreraOportunidad para vivir o invertir en una de las zonas más céntricas de LimaCaracterísticas principalesPisos: 3Área de terreno: 48. 00 m²Área construida: 112. 95 m²Dormitorios: 3Baños completos: 2TerrazaAntigüedad: 56 añosDistribución1er Piso: Sala – comedorCocinaBaño completoDormitorio2do Piso: 2 DormitoriosPequeña terrazaBaño completo3er Piso: TerrazaLavaderoUbicación estratégicaSituada en pleno Lince, en una calle accesible y bien conectada. Ideal para quienes buscan comodidad, cercanía a comercios, servicios y transporte público, sin alejarse del centro de la ciudad. Muy cerca de importantes avenidas como: Canadá, Prolongación Iquitos, Paseo de la República, Av. Militar, Ignacio Merino y Petit Thouars. Potencial y usos recomendadosExcelente oportunidad para remodelar y revalorizarDistribución en 3 niveles que permite zonificar ambientes y optimizar los espacios¿Por qué comprar esta propiedad? Casa con estructura sólida y gran proyección, perfecta para modernizarla según las necesidades actuales. Ideal para inversionistas o familias que desean personalizar su hogar en una ubicación céntrica y estratégica de Lima. Agenda tu visitaLas imágenes y/o información de este inmueble son de carácter referencial. R. uc.: Razón social: Inversiones Delia S. A. C.|https://urbania.pe/inmueble/clasificado/veclcain-venta-de-casa-en-lince-lima-3-dormitorios-148018402?n_src=Listado&n_pills=%C3%81rea+de+lavander%C3%ADa&n_pg=1&n_pos=15|2026-02-01
urbania|casas|venta|Lima Moderna|Lince|"Calle Garcilaso de La Vega
Lince, Lima"|S/ 2,090,000 · USD 550,000|2090000|550000|||"225 m² tot.
6 dorm.
4 baños
2 estac."|225|6|4|2|Precio: us$ 550, 000. 00. A. T. 225 m2. A. C. 300 m2. 2 pisos. 22 años de antigüedad. 6 dormitorios. 2 cocheras. Hall de ingreso, 2 salas, comedor de diario, cocina, escritorio, sala de estar, 6 dormitorios, 4 baños, 1 baño incorporado, 1 cuarto de servicio, 1 baño de servicio, lavandería, pisos de madera en área social, pisos de madera en área privada. Terraza, walk-in closet, parrilla, chimenea. Cómoda casa de 2 pisos totalmente remodelada en muy buen estado a una cuadra del Parque Castilla, ambientes grandes, techos altos, bien iluminada de manera natural, 1er piso: Patio de entrada, hall de ingreso, sala, comedor, baño de visita, escritorio o un cuarto (5to). Cocina, comedor de diario, cisterna con hidro-neumática. Terraza interior con parrilla y baño completo. Estacionamiento techado para dos carros en línea, escalera de servicio. Entrepiso 4to dormitorio de buen tamaño con vistas a la calle. 2do piso 3 dormitorios, principal con baño incorporado, otros 2 dormitorios comparten baño, un 6to cuarto o zona de planchado, patio con lavandería, cuarto y baño de servicio, escalera de servicio que baja directo a la cocina. Ideal para casa de familia u oficina administrativa a puerta cerrada. También contamos por lo que nos han ingresado otras alternativas bastante similares en la misma zona y presupuesto, para nosotros será un gusto enviarle un listado para que Ud. Escoja ¿cuál sería de su interés? (con características similares a esta propiedad) a su correo, así facilitamos su búsqueda y si desea comuníquese al 9. 9. 4. 2. 0. 7. 8. 6. 0. Será un gusto atenderlos!|https://urbania.pe/inmueble/clasificado/veclcain-venta-de-casa-en-lince-lima-5-a-mas-dormitorios-4458405?n_src=Listado&n_pills=Jard%C3%ADn&n_pg=1&n_pos=16|2026-02-01
urbania|casas|venta|Lima Moderna|Lince|"Av. Gacilaso de la Vega
Lince, Lima"|S/ 1,748,000 · USD 460,000|1748000|460000|||"245 m² tot.
4 dorm.
3 baños
2 estac."|245|4|3|2|Precio de venta us$ 460, 000. at. 245. 16 m2. ac. 212 m2. 22 años de antigüedad. 2 cocheras. descripción: amplia sala. comedor. lindo jardín interior. 1/2 baño de visita. cocina con comedor de diario, reposteros y alacena. 4 dormitorios de buen tamaño. 3 baños completos uno incorporado en el dormitorio principal. área de servicio completa. lavandería. terraza. 2 estacionamientos. También contamos con otras alternativas bastante similares en la misma zona y presupuesto, para nosotros será un gusto enviarle un listado para que Ud. Escoja ¿cuál sería de su interés? (con características similares a esta propiedad) a su correo, así facilitamos su búsqueda y si desea comuníquese con nosotros al 9. 9. 4. 2. 0. 7. 8. 6. 0. También contamos con otras alternativas bastante similares en la misma zona y presupuesto, para nosotros será un gusto enviarle un listado para que Ud. Escoja ¿cuál sería de su interés? (con características similares a esta propiedad) a su correo, así facilitamos su búsqueda y si desea comuníquese con nosotros al 9. 9. 4. 2. 0. 7. 8. 6. 0. Será un gusto atenderlos!|https://urbania.pe/inmueble/clasificado/veclcain-venta-de-casa-en-lince-lima-4-dormitorios-3780505?n_src=Listado&n_pills=Cuartos+de+servicio&n_pg=1&n_pos=17|2026-02-01
urbania|casas|venta|Lima Moderna|Lince|"Jr. Belisario Flores
Lince, Lima"|S/ 1,824,000 · USD 480,000|1824000|480000|||"290 m² tot.
5 dorm.
3 baños
2 estac."|290|5|3|2|Precio de venta us$ 480, 000. at. 290 M2. ac. 450 M2. Antigüedad 32 años. 5 dormitorios. 3 pisos. descripción: casa de 3 pisos perfectamente ubicada cerca avenidas, centros comerciales. Esta para remodelar, es cabeza de quinta. Cuenta con amplios ambientes, sala, comedor, 5 dormitorios grandes, 3 baños de los cuales 1 es incorporado, cocina, alacena, cuarto y baño de servicio con lavandería, jardines y terraza, también tiene 2 estacionamientos. También contamos con otras alternativas bastante similares en la misma zona y presupuesto, para nosotros será un gusto enviarle un listado para que Ud. Escoja ¿cuál sería de su interés? (con características similares a esta propiedad) a su correo, así facilitamos su búsqueda y si desea comuníquese con nosotros al 9. 9. 4. 2. 0. 7. 8. 6. 0. Será un gusto atenderlos!|https://urbania.pe/inmueble/clasificado/veclcain-venta-de-casa-en-lince-lima-5-a-mas-dormitorios-3780554?n_src=Listado&n_pills=Parrilla&n_pg=1&n_pos=18|2026-02-01
urbania|casas|venta|Lima Moderna|Lince|"Avenida Arenales 2370
Risso, Lince"|S/ 933,750 · USD 249,000|933750|249000||50|"122 m² tot.
4 dorm.
3 baños"|122|4|3||Una excelente oportunidad para adquirir una bonita Casa de 2 pisos + azotea muy bien conservada y con un mantenimiento muy cuidadoso, ubicada dentro de una clasica y bien cuidada Quinta en el corazon del distrito de Lince, este inmueble a recibido el reconocimiento y premios de la Municipalidad; a un paso de las principales avenidas como Cesar Vallejo, parque Marisical Castilla, Arequipa, Dos de Mayo, Risso, etc. Cerca a centros comerciales, bancos, universidades centros de estudios, farmacias, clinicas, etc. Descripción: La casa tiene un area construida de 204 m2 + 67m2 de azotea. Distribucion: Primer piso: Hall, sala, salita, comedor, medio baño de visita, escalera principal al 2do. Nivel, cocina, patio, area de lavanderia, escalera interior de servicio accede al 2do. Nivel y a la azotea. La Casa consta en el 1er piso: * Sala amplia e independiente * El comedor igualmente muy comodo *Hall *1/2 Baño de visita cocina Cocina cerrada con muebles altos y bajos a ambos lados de la cocina. * Reposteros altos y bajos * Alacena 2do. Piso 4 dormitorios * el dormitorio principal con balcon, closet y amplio baño * Los otros 3 dormitorios con closet que comparten otros 2 baños. Servicios * Lavandería * Terma eléctrica * Conexión para agua caliente * Pisos de ceramicos azotea *67m2 2 cuartos de servicio Tanque de agua propio. * Cada oficina es de propiedad y operación independiente.|https://urbania.pe/inmueble/clasificado/veclcain-venta-de-casa-en-risso-lince-4-dormitorios-148566319?n_src=Listado&n_pills=Cuartos+de+servicio&n_pg=1&n_pos=19|2026-02-01
urbania|casas|venta|Lima Moderna|Lince|"C. Las Amapolas 382
Lince, Lima"|S/ 661,500 · USD 189,000|661500|189000|||"118 m² tot.
3 dorm.
2 baños"|118|3|2||¡vive en la mejor zona de lince! A solo 2 cuadras de la Vía Expresa – ubicación privilegiada, conectividad total-Descubre esta acogedora casa de 3 pisos, perfecta para quienes buscan comodidad, buena ubicación y un estilo de vida práctico y funcional. Ya sea que quieras vivir con tu familia o invertir en una zona de alto crecimiento, esta propiedad tiene todo lo que necesitas y más. Características principales: - Área de terreno: 68 m²- Área construida: 118 m²- Amplia sala – comedor con excelente iluminación natural- Cocina en el primer piso, lista para renovar y personalizar a tu estilo- 3 cómodas habitaciones en el segundo piso- 2 baños completos bien distribuidos- 3 pisos bien aprovechados para brindar funcionalidad y confort- Tercer piso con ambiente adicional + área de tendal (ideal para terraza, home office o área social) Ubicación estratégica que marca la diferencia: - A 2 cuadras de la Vía Expresa, con acceso directo a los principales puntos de Lima- A pasos de parques ideales para pasear y disfrutar en familia- Cercano a reconocidos colegios como Colegio Melitón Carvajal- Clínicas, centros de salud, veterinarias, restaurantes y locales comerciales a minutos caminando Excelente conectividad con transporte público y privadoBeneficios adicionales: - Zona residencial segura y con alta demanda- Oportunidad de remodelar y aumentar el valor de la propiedad- Ideal para familias, profesionales o inversionistas visionariosUna propiedad con ubicación estratégica + alto potencial = inversión inteligente. No dejes pasar esta oportunidad única de vivir o invertir en uno de los distritos más céntricos de Lima. ¡Agenda tu visita hoy mismo! Contáctanos para más información — las buenas oportunidades no esperan, ¡se aprovechan! T. C. 3. 50Tipo de cambio referencial, sujeto a variación diaria por fluctuación del mercado|https://urbania.pe/inmueble/clasificado/veclcain-venta-de-casa-en-lince-lima-3-dormitorios-148039315?n_src=Listado&n_pg=1&n_pos=20|2026-02-01
urbania|casas|venta|Lima Moderna|Lince|"PARQUE CASTILLA
Lince, Lima"|S/ 1,565,850 · USD 429,000|1565850|429000|||"240 m² tot.
5 dorm.
4 baños
1 estac."|240|5|4|1|Venta de hermosa casa en lince. ac 240. at 130. 1 piso: jardin delantero. 2 salas muy amplias. 1 comedor grande con enorme ventanal con salida A hermoso jardín. baño de visita. cocina grande Y con espacio para mesa de diario de 6 sillas. 1 depósito. área de servicio completa. escalera de servicio. 2 piso: hall O distribuidor. 4 habitaciones grandes E iluminadas (principal muy grande con balcón Y vista externa) 2 baños completos. 3 piso: 2 habitaciones. 1 baño completo. terraza. la casa ha sido remodelada. precio: $429 mil negociable. A una cuadra del parque castilla|https://urbania.pe/inmueble/clasificado/veclcain-venta-de-casa-en-lince-lima-5-a-mas-dormitorios-59156994?n_src=Listado&n_pills=Cuartos+de+servicio&n_pg=1&n_pos=21|2026-02-01
urbania|casas|venta|Lima Moderna|Lince|"Jirón Comandante Manuel Villavicencio 14
Lince, Lima"|S/ 5,342,000 · USD 1,571,400|5342000|1571400|||"582 m² tot.
3 dorm.
3 baños"|582|3|3||Casa en venta se vende como terreno, ubicada en Lince. Esta propiedad cuenta con 3 habitaciones y 3 baños, ideal para familias. Dispone de una superficie total de 582 m². Incluye 2 niveles construidos, con 14 metros de frente y 2 pisos. Cuenta con comedor diario, dormitorio principal con baño, ingreso independiente y cocina. El tipo de cochera es paralela. Lince es una zona residencial y comercial que ofrece fácil acceso a diversos servicios y comercios, como supermercados, farmacias y bancos. También se encuentra cerca de parques y centros de recreación, proporcionando un entorno familiar y dinámico.|https://urbania.pe/inmueble/clasificado/veclcain-venta-de-casa-en-lince-lima-3-dormitorios-148771927?n_src=Listado&n_pills=Jard%C3%ADn&n_pg=1&n_pos=22|2026-02-01
urbania|casas|venta|Lima Moderna|Lince|"Altura de Cruce de Av. Canevaro con Av. Arequipa
Lince, Lima"|S/ 2,671,200 · USD 720,000|2671200|720000|||398 m² tot.|398||||¡Oportunidad de Inversión en Lince! Se vende casa como terreno, ubicado en una zona céntrica y de alto tránsito en Lince, ideal para proyecto comercial o de vivienda multifamiliar. Con excelente conectividad y fácil acceso a las principales vías: Av. Canevaro, Av. Ignacio Merino. Características: Zonificación: Comercio Zonal (cz) Linderos: - Frente: 4. 9 m - Derecha: 36 m - Izquierda: 1. 5m, 1. 8m, 1. 4m, 1. 4m, 19. 20m - Fondo: 15. 5 m¡No dejes pasar esta oportunidad, agenda tu visita! * Las fotografías, precios y descripción de esta propiedad son referencialesmhoVer datos|https://urbania.pe/inmueble/clasificado/veclcain-venta-de-casa-en-lince-lima-147557842?n_src=Listado&n_pg=1&n_pos=23|2026-02-01
urbania|casas|venta|Lima Moderna|Lince|"General Trinidad Morán 1200 – Lince
Risso, Lince"|S/ 1,632,000 · USD 480,000|1632000|480000|||"193 m² tot.
4 dorm.
3 baños
2 estac."|193|4|3|2|Vendo casa para remodelar totalmente en Av. General Trinidad Morán 1200 – Urbanización Risso - Lince – at: 193m2 - (límite con San Isidro) - $480, 000 – Antigüedad 67 años - Zonificación rdm Residencial Media - el inmueble se encuentra en zona residencial de viviendas y edificios familiares, cerca a la Av. Dos de Mayo, Av. Javier Prado, Av. Cesar Vallejo, Av. Guillermo Prescott - cerca a Supermercados (Wong y Vivanda) lindos restaurantes, zona de bancos, embajadas y organismos internacionales - Características: hall de entrada – amplia sala comedor – baño de visita – jardín – terraza - cocina cerrada con espacio para comedor de diario – patio - 2 cocheras (una interna y otra externa) – 4 dormitorios – 2 baños completos – cuarto y baño de servicio – lavandería – depósito - Casa para remodelación - Frente 8. 125 ml y fondo derecho y lado izquierdo 23. 84 ml - parametros para solamente 3 pisos|https://urbania.pe/inmueble/clasificado/veclcain-venta-de-casa-en-risso-lince-4-dormitorios-147592650?n_src=Listado&n_pills=Cerca+a+colegios&n_pg=1&n_pos=24|2026-02-01
urbania|casas|venta|Lima Moderna|Lince|"Al Frente del Seguro Social, Domingo Cueto con Justo Figuerola
Lince, Lima"|S/ 782,000 · USD 230,000|782000|230000|||"147 m² tot.
3 dorm.
2 baños
1 estac."|147|3|2|1|¡Se vende casa de primer piso muy amplia y espaciosa en Lince, con un excelente precio en una zona muy comercial y de entrega inmediata! Ubicada en una zona muy transitada, cerca a restaurantes, centros de salud, edificios, y principales avenidas. Esta es la oportunidad de disfrutar desde una zona exclusiva próxima a todo lo que usted se merece. Distribución: • Sala• Cocina• Comedor • 3 dormitorios• 2 baños completos• Family Room• Patio• Área de lavandería• Walking Closet• 1 cochera cubierta lineal • Terraza¡No dudes en visitarla y vivir en un zona exclusiva! * Las fotografías, precios y descripción de esta propiedad son referenciales. MhoVer datos|https://urbania.pe/inmueble/clasificado/veclcain-venta-de-casa-en-lince-lima-3-dormitorios-147557593?n_src=Listado&n_pills=%C3%81rea+de+lavander%C3%ADa&n_pg=1&n_pos=25|2026-02-01
urbania|casas|venta|Lima Moderna|Lince|"CALLE TOMAS GUIDO CUADRA
Risso, Lince"|S/ 2,120,900 · USD 635,000|2120900|635000|||"327 m² tot.
6 dorm.
5 baños
2 estac."|327|6|5|2|Lince- us. Ver datos- calle almirante guisse cerca canevaro- casa 327 M2- para edificar 8 pisos - 24 departamentos de 02 dormitorios- se aceptan departamentos en parte de pago! - us Ver datos- grandes oportunidades! Tambien ate- 2500 Y 5000 M2 A solo us 800 X M2 para conjunto residencial- barranco 1000 metros cuadrados en urbanizacion tejadita A us 1450 X metro cuadrado- otro. paita 6 hectareas- cerca puerto de paita Y chancay 100 hectareas A us 1, 200, 000- grandes oportunidades- aproveche los precios asequibles antes de las elecciones!|https://urbania.pe/inmueble/clasificado/veclcain-venta-de-casa-en-risso-lince-5-a-mas-dormitorios-148566461?n_src=Listado&n_pg=1&n_pos=26|2026-02-01
urbania|casas|venta|Lima Moderna|Lince|"Calle Amapolas
Lince, Lima"|S/ 619,500 · USD 185,000|619500|185000|||"60 m² tot.
4 dorm.
2 baños"|60|4|2||Total de Area Contruida: 118 m2 Area de Terreno: 60 m2 3 pisos Sala comedor Cocina 2 baños Patio libre 4 cuartos 1 cuarto depósito Azotea espacio libre Pasadizo común con pequeño jardín En el 1er nivel, disfrutarás de una sala y comedor acogedor, una cocina amplia, perfecta para compartir momentos en familia. En el 2do nivel, encontrarás habitaciones iluminadas, pensadas para brindar el descanso que mereces. El 3er nivel ofrece un espacio versátil: puede convertirse en una terraza con área de parrilla para disfrutar de reuniones inolvidables. Lo mejor de todo: la ubicación estratégica, cercana a colegios, centros comerciales, parques y vías de acceso, que harán tu día a día mucho más práctico y placentero. Si buscas una casa amplia y con el potencial de convertirse en tu hogar soñado, esta es tu oportunidad. ¡Ven a conocerla y toma la mejor decisión! Id: 3 / 9 / 8 / 5 / 4|https://urbania.pe/inmueble/clasificado/veclcain-venta-de-casa-en-lince-lima-4-dormitorios-148812752?n_src=Listado&n_pills=Jard%C3%ADn&n_pg=1&n_pos=27|2026-02-01
urbania|casas|venta|Lima Moderna|Lince|"Pasaje Conococha 1720
Lince, Lima"|S/ 872,000 · USD 260,000|872000|260000|||"245 m² tot.
5 dorm.
3 baños
1 estac."|245|5|3|1|Agente Inmobiliario: Silvia Espinoza. Contacto: 9*9*4*8*7*9*9*3*8* Ver datos. Se vende amplia casa de tres pisos en Lince, con 133 m² de área de terreno y 245 m² de área construida, ubicada estratégicamente a pocos pasos de las avenidas Canevaro y Arenales, en una zona de alto tránsito y excelente conectividad, rodeada de centros comerciales, colegios, clínicas, parques y todo tipo de servicios. La propiedad cuenta con cinco dormitorios, tres baños y una cochera, ofreciendo ambientes amplios, bien distribuidos y versátiles que se adaptan tanto a una familia grande como a oficinas, consultorios, academia o cualquier tipo de actividad comercial, gracias a su excelente ubicación y fácil acceso. Es una gran oportunidad de inversión para vivienda o negocio en una de las zonas más demandadas de Lince. Agente Inmobiliario: Silvia Espinoza. Contacto: 9*9*4*8*7*9*9*3*8. Ver datos. resumen: • Tipo de inmueble: Casa. • Antigüedad: 81 años. • # de dormitorios: 5. • # Cochera: 1. • # de baños: 3. • M2 ocupados: 133 m2. • M2 en total: 245 m2. precio Y costos: Precio de vena: us$Ver datos (dólares americanos). Costo de mantenimiento: no paga.|https://urbania.pe/inmueble/clasificado/veclcain-venta-de-casa-en-lince-lima-5-a-mas-dormitorios-148792922?n_src=Listado&n_pills=Cerca+a+colegios&n_pg=1&n_pos=28|2026-02-01
urbania|casas|venta|Lima Moderna|Magdalena|"Jr. Trujillo
Magdalena, Lima"|S/ 3,310,800 · USD 890,000|3310800|890000|||"376 m² tot.
4 dorm.
6 baños
4 estac."|376|4|6|4|Esta cautivadora casa te espera con los brazos abiertos, ofreciéndote un hogar lleno de comodidad y elegancia. Con un diseño excepcionalmente espacioso, esta residencia cuenta con 4 habitaciones en el segundo nivel, proporcionando un refugio íntimo para cada miembro de la familia. Además, en el primer nivel, un mini departamento adicional brinda versatilidad y oportunidades ilimitadas. ¿Eres amante de los automóviles? Prepárate para ser impresionado, ya que esta propiedad cuenta con espacio para hasta 4 cocheras, asegurando que tus vehículos estén protegidos y seguros en todo momento. Descubre un nuevo nivel de entretenimiento y relajación en el family room, donde cada momento se convierte en una experiencia inolvidable para ti y tus seres queridos. Además, un atelier bellamente diseñado ofrece un espacio creativo para dejar volar tu imaginación y explorar nuevas pasiones. Cada rincón de esta casa irradia encanto y calidez, invitándote a descubrir las muchas sorpresas que tiene para ofrecer. ¡No dejes pasar la oportunidad de hacer tuyo este tesoro inmobiliario en Magdalena del Mar! Agenda tu visita hoy mismo y comienza a escribir el próximo capítulo de tu vida en este hogar de ensueño. Caracteristicas: Area Techada: 613. 22 m2. Area Libre: 134. 75|https://urbania.pe/inmueble/clasificado/veclcain-venta-de-casa-en-magdalena-lima-4-dormitorios-143522801?n_src=Listado&n_pills=Jard%C3%ADn&n_pg=1&n_pos=1|2026-02-01
urbania|casas|venta|Lima Moderna|Magdalena|"Calle Bilbao 3, Urb Orrantia del Mar, San Isidro
Orrantia Del Mar, Magdalena"|S/ 1,628,600 · USD 479,000|1628600|479000|||"248 m² tot.
3 dorm.
3 baños
3 estac."|248|3|3|3|Vendo Linda Casa Completamente Remodelada en Condominio Frente a Parque en Calle Bilbao 3, Urbanizacion Orrantia del Mar, San Isidro, Precio: $ 479, 000 dolares, Area Ocupada: 248 m2, Area Construida: 200 m2, amplia sala y comedor, preciosa cocina con comedor de diario, 3 dormitorios, el dormitorio principal con walk in closet y baño incorporado, 2 baños completos, 2 medios baños de visita, terraza con techo sol y sombra, Bar y bbq (parrilla de acero), pisos de madera pumaquiro en toda la casa, 4 estacionamientos paralelos, deposito, lavanderia, patio, cuarto y baño de servicio. H &amp;amp; E|https://urbania.pe/inmueble/clasificado/veclcain-venta-de-casa-en-orrantia-del-mar-magdalena-3-dormitorios-148375472?n_src=Listado&n_pills=Parrilla&n_pg=1&n_pos=2|2026-02-01
urbania|casas|venta|Lima Moderna|Magdalena|"Jiron Felix Dibos
Magdalena, Lima"|S/ 3,104,200 · USD 830,000|3104200|830000|||"465 m² tot.
7 dorm.
3 baños"|465|7|3||Área de terreno 465m2, Área construida 317m2 rbd en calle Felix Dibos Magdalena del mar. Cerca a la municipalidad de magdalena, Avenida Brasil, Avenida Gonzales prada, Avenida javier prado, Distrito de san isidro. La casa cuenta con dos pisos construidos, parámetro para 4 pisos. T. C. 3. 50Tipo de cambio referencial, sujeto a variación diaria por fluctuación del mercado|https://urbania.pe/inmueble/clasificado/veclcain-venta-de-casa-en-magdalena-lima-5-a-mas-dormitorios-145081375?n_src=Listado&n_pills=%C3%81rea+de+lavander%C3%ADa&n_pg=1&n_pos=3|2026-02-01
urbania|casas|venta|Lima Moderna|Magdalena|"Calle Felix Dibos 200
Magdalena, Lima"|S/ 1,863,750 · USD 525,000|1863750|525000|||"319 m² tot.
4 dorm.
2 baños
1 estac."|319|4|2|1|área de terreno: 319 M2. Casa como terreno O para remodelar en su totalidad. Muy bien ubicada en el corazón de magdalena del mar, cerca de avenidas principales como av. Javier prado, av. Brasil, av. El ejército, av. Juan de aliaga, av. Alberto del campo Y av. General salaverry, lo que permite el fácil acceso Y salida desde diferentes puntos del distrito. También su encuentra A pocos minutos del lima cricket, del hospital militar, del centro comercial real plaza salaverry, Y varios comercios que se ubican enla avenida javier prado como restaurantes, minimarkets, super mercados, cafés, pastelerías, notarías, farmacias, entidades financieras Y más, todo para tu comodidad. área de tratamiento normativo: iii (sector iii). Zonificación: rdb. Unifamiliar Y multifamiliar. Parámetros para 4 pisos + azotea. Primer nivel: sala, comedor, cochera para 1 auto, sótano. Terraza, jardín, medio baño de visitas, cocina. Ingreso principal Y de servicio, cuarto pequeño. Linderos: frente: 10 ml. Izquierda: 10. 5 ml. Derecha: 23. 53 ml. Fondo: 54. 02 ml. Segundo nivel: dormitorio #1 con closet Y vista A la calle. Balcón/terraza vista calle. Dormitorio #2 amplio, con closet Y vista A la calle. Dormitorio #3 amplio con closet. Baño completo compartido, con jacuzzi. Tercer nivel: 3 ambientes multiusos. Lavandería, cuarto Y medio baño de servicio.|https://urbania.pe/inmueble/clasificado/veclcain-venta-de-casa-en-magdalena-lima-4-dormitorios-147433857?n_src=Listado&n_pills=Jard%C3%ADn&n_pg=1&n_pos=4|2026-02-01
urbania|casas|venta|Lima Moderna|Magdalena|"Jiron Daniel Carrion cdra
Primavera, Magdalena"|S/ 2,239,650 · USD 639,900|2239650|639900|||"360 m² tot.
6 dorm.
3 baños
2 estac."|360|6|3|2|¡Descubre esta maravillosa casa en la mejor zona de Magdalena! Una propiedad amplia, luminosa y con un gran potencial, ubicada cerca de la Av. Javier Prado y rodeada de todo lo que necesitas. Características principales: Área de terreno: 360 m² Área construida: 491 m² 6 habitaciones. 3 baños. Cocina amplia. Sala y comedor independientes. Patio ideal para reuniones o área verde. Cochera para 2 autos. Una casa diseñada para disfrutar de espacios amplios, luz natural y excelente distribución. Información adicional: Parámetros urbanísticos: 4 pisos. Precio: us$ 639, 900. ¡Agenda tu visita y descubre tu próximo hogar!|https://urbania.pe/inmueble/clasificado/veclcain-venta-de-casa-en-primavera-magdalena-5-a-mas-dormitorios-142711991?n_src=Listado&n_pills=%C3%81rea+de+lavander%C3%ADa&n_pg=1&n_pos=5|2026-02-01
urbania|casas|venta|Lima Moderna|Magdalena|"CALLE JOSE MARIA EGUREN 163
Jacaranda, Magdalena"|S/ 1,627,200 · USD 480,000|1627200|480000|||"160 m² tot.
4 dorm.
1 baño
1 estac."|160|4||1|Pg/ Descubre esta linda y confortable casa, ubicada en la mejor urbanización de Magdalena del mar, con la seguridad y el confort que andas buscando. En una zona que combina perfectamente la tranquilidad residencial con la cercanía a colegios, centros comerciales, supermercados, restaurantes y avenidas principales, que conectan rápidamente con los diferentes distritos aledaños. Un distrito premiado como n°1 por su seguridad, calles muy iluminadas y un distrito moderno, siempre a la vanguardia. Esta propiedad representa la oportunidad perfecta para disfrutar de la vida familiar en un entorno seguro, cómodo y con un diseño funcional pensado para tu bienestar. Si deseas contactarme, soy patricia ginocchio, asesora inmobiliaria de inmox bienes raíces, al celular, 9. 6. 1. 5. 0. 8. 4. 3. 9. Distribucion. * 2 salas amplias. * comedor. * zona de bar. * baño de visita. * 4 dormitorios muy amplios con closet. * baño completo. * hall de distribución. * cocina con muebles altos Y bajos. * patio interior. * zona de lavanderia. * cuarto Y baño de servicio. * jardin exterior amplio. * área 160M2. documentacion en regla, lista para su venta. *precio A tratar. soy patricia ginocchio asesora inmobiliaria de inmox bienes raices, celular, 9. 6. 1. 5. 0. 8. 4. 3. 9.|https://urbania.pe/inmueble/clasificado/veclcain-venta-de-casa-en-jacaranda-magdalena-4-dormitorios-148172263?n_src=Listado&n_pills=Cerca+a+colegios&n_pg=1&n_pos=6|2026-02-01
urbania|casas|venta|Lima Moderna|Magdalena|"Dirección no informada
Magdalena, Lima"|S/ 3,375,600 · USD 970,000|3375600|970000|||"335 m² tot.
4 dorm.
3 baños
2 estac."|335|4|3|2|Aire acondicionado, tres plantas, 31 años de antigüedad, vista a la calle, en buen estado. Hall, 1 sala, comedor, comedor de diario, cocina cerrada, lavandería, escritorio, estar familiar, 4 dormitorios, walk-in closet, 3. 5 baños, 2 baños incorporados, 1 cuarto de servicio, 1 baño de servicio, 2 cocheras tipo paralelas, pisos de madera en área privada, pisos de madera en área social, jardín interior, patio.|https://urbania.pe/inmueble/clasificado/veclcain-venta-de-casa-en-magdalena-lima-4-dormitorios-147699186?n_src=Listado&n_pills=Jard%C3%ADn&n_pg=1&n_pos=7|2026-02-01
urbania|casas|venta|Lima Moderna|Magdalena|"JIRON SAN MARTIN 500
Magdalena, Lima"|S/ 588,000 · USD 180,000|588000|180000|||"140 m² tot.
3 dorm.
2 baños"|140|3|2||Casa en Venta en La Mejor Zona de Magdalena (2 cdras el mercado de magdalena) Cómoda y acogedora casa de 2 pisos dentro de un tranquilo condominio, ideal para familias que buscan seguridad, buena ubicación y espacios amplios. Ubicación privilegiada en la mejor zona de Magdalena: cerca de avenidas principales (Brasil, Ejército, Javier Prado), colegios, universidades, centros comerciales y con fácil acceso a la Costa Verde. Área de terreno: 64 m² Área construida: 128 m² Distribución ideal para tu familia: Primer piso: Sala y comedor amplios. Cocina cerrada. Baño de visita. Lavandería. Patio interno. Segundo piso: Dormitorio principal con closet empotrado. 2 dormitorios secundarios. 1 baño completo. Tercer piso: Gran terraza ideal para reuniones o zona bbq. Dormitorio adicional con baño incorporado. Zona segura y tranquila. Buena iluminación y ventilación natural. Ideal para crecer en familia. cuenta con gas caliddad cocina. Documentos en regla. ¡Contáctame para agendar una visita y enamórate de esta casa!|https://urbania.pe/inmueble/clasificado/veclcain-venta-de-casa-en-magdalena-lima-3-dormitorios-147995119?n_src=Listado&n_pills=Cuartos+de+servicio&n_pg=1&n_pos=8|2026-02-01
urbania|casas|venta|Lima Moderna|Magdalena|"Jiron Faustino Sanchez Carrion al 400
Orrantia Del Mar, Magdalena"|S/ 2,613,000 · USD 780,000|2613000|780000|||"325 m² tot.
5 dorm.
2 baños
1 estac."|325|5|2|1|Contacto: corina centellas rauchcelular: 9. 7. 0. 5. 3. 7. 5. 5. 2Amplia casa en venta de dos pisos, ubicada en una zona residencial, tranquila de Magdalena del Mar, límite con San Isidro, con excelente conectividad y cercanía a áreas verdes. Ubicación privilegiada: a pocos minutos del Lima Cricket &amp;amp; football Club, Hospital Larco Herrera, Supermercado Vivanda y principales avenidas. caracteristicasárea de Terreno: 325 m2Área Construida: 254. 25 m2Linderos: 13ml X 25mlZonificación rbdprimer piso1Sala amplia y luminosa con vista al patio de ingreso1Comedor con vista al jardín interior1Hall de distribución1 dormitorio amplio con walking closet y con vista al jardín1 baño completo1 salita para estudio, música o lecturasegundo piso4 dormitorios, 3 con closet1 baño completo1 Hall de distribución con espacio para closet de ropa blanca y/o bibliotecaexteriores1Terraza integrada a un jardín interior, brindando frescura, luz natural y un ambiente ideal para el descanso y con agradable zona de parrillazona de servicioamplia cocina con comedor de diario, con salida a la cochera y terraza ideal para reuniones y parrillasLavandería espaciosa muy ventilada habitación de planchadoCómodo cuarto y baño de servicioestacionamiento1 cochera techada y con espacio para estacionar dos autos en forma linealvalor agregadozona residencial con excelente proyección, a 200 metros de San IsidroCercanía a áreas verdes, pastelerías y cafésTechos altos y estructura sólida, ideal para remodelar y modernizarGas naturalCerco eléctricoExcelente conectividad a: Av. Juan de Aliaga, Alberto del Campo, Pershing, Javier Prado, Ejercito y Salaverry. Precio: usd 780, 000Documentación en regla¡Aprovecha esta oportunidad de cambiar tu estilo de vida brindándole un estatus superior a tu familia!|https://urbania.pe/inmueble/clasificado/veclcain-venta-de-casa-en-orrantia-del-mar-magdalena-5-a-mas-dormitorios-148648067?n_src=Listado&n_pills=Cuartos+de+servicio&n_pg=1&n_pos=9|2026-02-01
urbania|casas|venta|Lima Moderna|Magdalena|"Calle Dionisio Anchorena San Isidro
Magdalena, Lima"|S/ 3,225,600 · USD 960,000|3225600|960000|||273 m² tot.|273||||A 1 cuadra de Av. Salaverry – Calle Dionisio AnchorenaAmplia casa de 3 pisos, ubicada en una de las zonas más buscadasActualmente implementada para uso de oficinas, esta propiedad ofrece gran potencial para reconvertirse en vivienda familiar, sede corporativa o proyecto mixto, gracias a su metraje, distribución y ubicación privilegiada. Totalmente remodelada en el 2013. Contacto: mónica osoriocelular: 9. 9. 1. 3. 7. 4. 2. 9. 5Oficina: 7. 5. 1. 7. 5. 3. 9Características Generales- Área de terreno: 273. 90 m²- Área construida: 562 m²- Uso actual: Oficinas- Ambientes amplios y bien distribuidos- Excelente conectividad y accesibilidadVentajas ClaveUna de las áreas con mayor demanda tanto residencial como corporativa en Lima Moderna. Acceso rápido a Av. Salaverry, Av. Javier Prado y Av. El Ejército, así como a bancos, comercios, servicios y centros empresariales. * Ideal para empresas, consultoras, coworking, estudios legales, contables o médicos* También apta para vivienda, con espacios que permiten redistribución y adaptación* Excelente alternativa para inversión, uso corporativo o proyecto de reconversiónContáctame para más información o para coordinar una visita. Una propiedad con ubicación, metraje y potencial, difícil de encontrar en esta zona. No dejes pasar esta oportunidad!|https://urbania.pe/inmueble/clasificado/veclcain-venta-de-casa-en-magdalena-lima-148485397?n_src=Listado&n_pg=1&n_pos=10|2026-02-01
urbania|casas|venta|Lima Moderna|Magdalena|"Calle Jose Maria Eguren, Magdalena
Magdalena, Lima"|S/ 1,450,550 · USD 433,000|1450550|433000|||"510 m² tot.
7 dorm.
4 baños
2 estac."|510|7|4|2|Se vende amplia casa en la zona exclusiva de magdalena del mar. ¡Vive con tranquilidad y comodidad en una de las zonas más exclusivas de Magdalena del Mar! Esta hermosa y espaciosa casa está ubicada dentro de un condominio privado, con vigilancia 24/7, a media cuadra y con vista a un parque y rodeada de todo lo que necesitas. Ubicación estratégica: cerca de bancos, farmacias, colegios, clínicas, notarías, panaderías, restaurantes, peluquerías, clubes, centros comerciales y todos los servicios esenciales. Además, tiene fácil acceso a las principales vías como Av. Javier Prado, Av. Salaverry, Av. Ejército, Av. Brasil y el Circuito de Playas. Si buscas un hogar seguro, céntrico y con amplios espacios, ¡esta propiedad es perfecta para ti! Detalles del Terreno y Construcción. • Área total del terreno: 160 m² • Área construida: 354. 35 m² • Parámetros urbanísticos: Hasta 4 pisos permitidos. Distribución de la Propiedad. Primer piso. • Espaciosa cochera (entra 2 vehículos), ideal también como zona de eventos con parrilla. • 1 cisterna en el garaje con bomba eléctrica. • Sala de entretenimiento, sala principal, comedor y bar. • Baño de visitas. • Terma Sole de 80 litros. • Cocina amplia con comedor de diario. • Área para baño o como dispensa. Segundo piso. • 4 dormitorios. • 1 baño completo. • Área de taller. Tercer piso. • 3 dormitorios. • 1 baño completo. • Terma Rotoplas de 50 litros. • 1 cuarto de servicio o almacén con baño completo. • 1 lavandería. Azotea. • 1 cuarto de almacén. • 1 tanque elevado ubicado en la azotea. • Proyección para una hermosa terraza con vista al mar. ¡Contáctanos para agendar una visita y conocer tu próximo hogar!|https://urbania.pe/inmueble/clasificado/veclcain-venta-de-casa-en-magdalena-lima-5-a-mas-dormitorios-147607837?n_src=Listado&n_pills=%C3%81rea+de+lavander%C3%ADa&n_pg=1&n_pos=11|2026-02-01
urbania|casas|venta|Lima Moderna|Magdalena|"Jr. Trujillo
San Felipe, Magdalena"|S/ 2,760,000 · USD 750,000|2760000|750000|||"396 m² tot.
11 dorm.
1 estac."|396|11||1|Excelente oportunidad si estás en el segmento de la educación inicial para expandir tu negocio. La casa se encuentra en la mejor zona de Magdalena límite con San Isidro. Se alquilo como nido en las mañanas y Centro Sensorio motriz por las tardes. Los giros que son compatibles con el inmueble son los siguientes. Tele-comercio. Servicios técnicos y arquitectónicos. Servicios médicos, odontológicos y quirúrgicos (a nivel de consultorío). Optómetros y oculistas (a nivel de consultorio= Cruz Roja, organizaciones dedicadas a la colecta y distribución de donativos para fines benéficos. Estudio de abogados, arquitectos, ingenieros. Centros de información. Galerías de Arte. Jardines Botánicos. El inmueble está implementado para nido. Está ubicada a media cuadra de la Av. Javier Prado. A 4 cuadras de la Av. Juan de Aliaga. La casa tiene dos pisos, con 11 ambientes, 2 baños, 2 baños dobles y en el jardín área de juego de recreo tiene dos baños dobles para niños y niñas. Tiene sótano con rampa. Estacionamiento para 2 autos. Area terreno: 396 mts. Precio de Venta: us$ 750, 000. Soles solo es referencial. Precio de Alquiler: S/. 20, 000. Coordinar citas con un día de anticipación. Plazo de alquiler mínimo dos años. Dos meses de garantía y uno de adelanto.|https://urbania.pe/inmueble/clasificado/veclcain-venta-de-casa-en-san-felipe-magdalena-5-a-mas-dormitorios-4613732?n_src=Listado&n_pills=Jard%C3%ADn&n_pg=1&n_pos=12|2026-02-01
urbania|casas|venta|Lima Moderna|Magdalena|"Calle Daniel A. Carrion
Magdalena, Lima"|S/ 2,220,000 · USD 600,000|2220000|600000|||"360 m² tot.
7 dorm.
3 baños
1 estac."|360|7|3|1|Esta casa en venta en Magdalena del Mar es mucho más que una simple propiedad; es un refugio de elegancia y distinción, diseñado para quienes buscan un hogar donde cada detalle cuenta. Al ingresar, te recibirán espacios llenos de carácter, como la majestuosa sala con su imponente chimenea, decorada con finas piezas de arte y una iluminación que resalta cada rincón. El comedor, con su mesa de cristal y sillas de estilo clásico, invita a cenas memorables bajo la cálida luz de una lámpara de araña. La sala de estar, con su lujoso sofá curvo y una decoración cuidadosamente seleccionada, ofrece el ambiente ideal para relajarse o recibir a tus invitados en un entorno sofisticado. Cada espacio refleja un cuidado en los detalles que difícilmente encontrarás en otra parte: desde el bar íntimo y acogedor, perfecto para esas noches de cócteles, hasta la amplia cocina que será el corazón de tus reuniones familiares. Por solo 600 mil dólares, esta casa ofrece no solo un lugar donde vivir, sino un estilo de vida exclusivo en una ubicación privilegiada. Es una inversión en calidad de vida, donde tus días estarán llenos de momentos especiales rodeados de confort y elegancia. No dejes pasar la oportunidad de hacer de esta casa tu hogar, donde cada día será un recordatorio de que hiciste la mejor elección para ti y tu familia. ¡Tu futuro comienza aquí! El precio del inmueble no incluye el contenido. Informes: 9. 8. 9. 3. 2. 3. 4. 3. 3|https://urbania.pe/inmueble/clasificado/veclcain-venta-de-casa-en-magdalena-lima-5-a-mas-dormitorios-144299451?n_src=Listado&n_pills=Jard%C3%ADn&n_pg=1&n_pos=13|2026-02-01
urbania|casas|venta|Lima Moderna|Magdalena|"JR. TRUJILLO
Magdalena, Lima"|S/ 1,813,000 · USD 490,000|1813000|490000|||"188 m² tot.
3 dorm.
3 baños
4 estac."|188|3|3|4|"Jr. Trujillo - A 2 cdras de la javier prado oeste. área de terreno: 188 m2. área construida: 275 m2. la ubicación es hermosa, muy tranquila, apacible, cerquita tienes mini markets, farmacias, restaurantes, pastelería ""josé antonio"", etc. Zona de fácil acceso, tienes la javier prado A 2 cdras. La casa ha sido remodelada en baños, pisos, tuberías de agua Y desagÜE. Linda casa en esquina, puede ser oficina A puerta cerrada, muy iluminada, se podría sacar un 4to. Dormitorio más en el primer piso, pues hay un baño completo junto A la sala. En el exterior se pueden estacionar hasta 5 autos más. En la azotea se puede habilitar una linda terraza, pues solo tiene un tendedero Y un depósito hecho con material ligero que se puede desarmar. Parámetros para 4 pisos. Frente: 16. 63 ml por calle Trujillo. Derecho: 9. 07 ml. Izquierdo: 15. 40. Fondo: 19. 72 ml. Casa de 2 plantas, 64 años de antigüedad, impecable, parámetros para 4 pisos. Hall de ingreso, 2 ambientes de salas, comedor, cocina con comedor de diario, escritorio, sala de t. v. 3 dormitorios, 3. 5 baños, 1 baño incorporado, área de servicio. 4 cocheras en línea. Pisos laminados, patio."|https://urbania.pe/inmueble/clasificado/veclcain-venta-de-casa-en-magdalena-lima-3-dormitorios-146147387?n_src=Listado&n_pills=%C3%81rea+de+lavander%C3%ADa&n_pg=1&n_pos=14|2026-02-01
urbania|casas|venta|Lima Moderna|Magdalena|"JIRON SAN MARTIN 700
Magdalena, Lima"|S/ 1,309,000 · USD 385,000|1309000|385000|||"220 m² tot.
3 dorm.
3 baños"|220|3|3||Gran oportunidad! Vendo magnífica casa de 3 pisos en zona altamente comercial de magdalena con 2 locales comerciales en 1er. Piso puerta calle, de 33 M2 cada uno, cuentan con baño propio. Ideal para distribuidora de cualquier producto, bodega, venta de viveres, minimarkets, venta de productos varios, salones de belleza, spa, panadería Y pastelería, oficinas, cafeterías, heladería. Jr. San martín es una calle muy transitada, es una zona muy comercial, alta afluencia de clientes, en el corazon de magdalena, zona segura, variedad de estacionamientos. Cerca al mercado central de magdalena, plaza vea, plaza tupac amaru Y de la plaza independencia. La casa tiene un área total de 220 M2, casa de 3 pisos distribuidos con amplios ambientes: 1er. Piso - 2 locales comerciales con baño cada uno. 2do. Piso - amplia sala comedor con vista A la calle, cocina. 3er. Piso - 2 dormitorios Y 1 baño completo. 4to. Piso - azotea, lavanderia|https://urbania.pe/inmueble/clasificado/veclcain-venta-de-casa-en-magdalena-lima-3-dormitorios-146798774?n_src=Listado&n_pills=%C3%81rea+de+lavander%C3%ADa&n_pg=1&n_pos=15|2026-02-01
urbania|casas|venta|Lima Moderna|Magdalena|"Jiron Daniel Carrion cdra
Primavera, Magdalena"|S/ 2,239,650 · USD 639,900|2239650|639900|||"360 m² tot.
6 dorm.
4 baños
2 estac."|360|6|4|2|Casa de ensueño en Magdalena del Mar – 360 m² de terreno y 491 m² construidos. Ubicación privilegiada, junto a la Av. Javier Prado Oeste y a pocos pasos del restaurante elia. Amplia, luminosa y elegante, ideal para familias que buscan confort y exclusividad. Características: Terreno: 360 m² (10x36) Construcción: 491 m² Parámetros para edificar hasta 4 pisos. Contáctanos: Ver datos. dharma inmobiliaria|https://urbania.pe/inmueble/clasificado/veclcain-venta-de-casa-en-primavera-magdalena-5-a-mas-dormitorios-142321395?n_src=Listado&n_pills=Jard%C3%ADn&n_pg=1&n_pos=16|2026-02-01
urbania|casas|venta|Lima Moderna|Magdalena|"Calle Gonzales Prada
Magdalena, Lima"|S/ 5,437,500 · USD 1,450,000|5437500|1450000|||"783 m² tot.
5 dorm.
5 baños
3 estac."|783|5|5|3|Precio de venta us$ 1’450, 000. At. 782. 70 m2. Ac. 615 m2. 29 años de antigüedad. 3 estacionamientos. Zonificación rdm (5 pisos) Linderos: Frente y fondo 18 ml. Izq. Y der. 43. 487 ml. Descripción: Sala y comedor. Amplia cocina con comedor de diario y reposteros altos y bajos. Sala de estar. 5 dormitorios de buen tamaño (todos con baño propio) Área de servicio completa. Lavandería. Terraza con jardín. Estupenda ubicación. Zonificación rdm. También contamos con otras alternativas bastante similares en la misma zona y presupuesto, para nosotros será un gusto enviarle un listado para que Ud. Escoja ¿cuál sería de su interés? (con características similares a esta propiedad) a su correo, así facilitamos su búsqueda y si desea comuníquese con nosotros al 9. 9. 4. 2. 0. 7. 8. 6. 0. Será un gusto atenderlos!|https://urbania.pe/inmueble/clasificado/veclcain-venta-de-casa-en-magdalena-lima-5-a-mas-dormitorios-3659342?n_src=Listado&n_pills=Cerca+a+colegios&n_pg=1&n_pos=17|2026-02-01
urbania|casas|venta|Lima Moderna|Magdalena|"Av. Juan de Aliaga
Magdalena, Lima"|S/ 3,382,000 · USD 890,000|3382000|890000|||"487 m² tot.
7 dorm.
5 baños
4 estac."|487|7|5|4|Precio de venta us$ 890, 000. A. T. 487. 00 m2. A. C. 620. 00 m2. 43 años de antigüedad (remodelada) tres plantas. descripción: Excelente casa estilo francés en las inmediaciones del Parque Acosta. Primer piso: sala comedor grandes, hall de entrada, y dos salones más. Cocina grande y baño de visita. Jardines interno y de ingreso. Segundo piso: amplia sala de estar, cuatro dormitorios grandes. El principal, con baño incorporado, ducha y jaccuzi. Un baño grande para las tres otras habitaciones. Dos de ellas tienen walk in closet. tercer piso: área de lavandería, con tres dormitorios y un baño. Cochera para cuatro autos. También contamos por lo que nos han ingresado otras alternativas bastante similares en la misma zona y presupuesto, para nosotros será un gusto enviarle un listado para que Ud. Escoja ¿cuál sería de su interés? (con características similares a esta propiedad) a su correo, así facilitamos su búsqueda y si desea comuníquese al 9. 9. 4. 2. 0. 7. 8. 6. 0. Será un gusto atenderlos!|https://urbania.pe/inmueble/clasificado/veclcain-venta-de-casa-en-magdalena-lima-5-a-mas-dormitorios-3818245?n_src=Listado&n_pills=Seguridad&n_pg=1&n_pos=18|2026-02-01
urbania|casas|venta|Lima Moderna|Magdalena|"Baca Flor
Magdalena, Lima"|S/ 3,530,800 · USD 970,000|3530800|970000|||"380 m² tot.
4 dorm.
5 baños
2 estac."|380|4|5|2|"Venta de Casa en Calle Baca Flor – Magdalena del Mar (Límite con San Isidro) Precio: usd 970, 000. Área de Terreno: 335 m² | Área Construida: 380 m² Antigüedad: 31 años (remodelada) Ubicada en una calle cerrada, a espaldas del Lima Cricket Club, esta casa de tres niveles combina elegancia, amplitud y privacidad en una de las zonas más tranquilas y seguras de Magdalena, a pocos pasos de San Isidro. Distribución y características: Primer piso: Hall de ingreso. 2 salas principales con chimenea. Comedor formal. Área para bar o sala familiar con vista al jardín. Terraza y amplio jardín interior. Cocina cerrada y remodelada. Lavandería, cuarto y baño de servicio. 2 cocheras paralelas. Segundo piso: 3 dormitorios (principal con walk-in closet, salita de tv, terraza y baño incorporado) 2 baños completos. Tercer piso: Ambiente amplio ideal para sala de juegos, oficina o dormitorio adicional. Baño completo. Acabados y extras: Pisos de madera en áreas sociales y privadas. 4. 5 baños en total. Excelentes acabados. Ambientes amplios y bien distribuidos. Vista a calle. Calle cerrada con acceso controlado. Teléfono: Ver datos. ¡Estamos listos para ayudarte a encontrar tu nuevo hogar!"|https://urbania.pe/inmueble/clasificado/veclcain-venta-de-casa-en-magdalena-lima-4-dormitorios-147053818?n_src=Listado&n_pills=Jard%C3%ADn&n_pg=1&n_pos=19|2026-02-01
urbania|casas|venta|Lima Moderna|Magdalena|"Magdalena DEL MAR
Magdalena, Lima"|S/ 402,000 · USD 120,000|402000|120000||120|"61 m² tot.
3 dorm.
2 baños
1 estac."|61|3|2|1|Se vende departamento en 2. º piso – Magdalena del MarExcelente ubicación cerca a la Av. BrasilAcogedor y funcional departamento ubicado en segundo piso con vista interna, que brinda tranquilidad, buena iluminación natural y una distribución eficiente. Su ubicación estratégica lo convierte en una excelente alternativa tanto para vivienda familiar como para inversión. Características principales: Área construida: 61 m²Piso 2 (edificio de 5 pisos) 3 dormitoriosDormitorio principal con baño incorporado1 baño de visitaSala – comedor bien iluminadaCocina funcionalGas naturalÁrea de tendal independiente1 estacionamientoEdificio con cámaras de seguridadAceptan mascotasEdificio sin ascensorAntigüedad: 16 añosUbicación privilegiada: Cerca a la Av. BrasilPróximo al mar y al malecónCercano a centros comerciales, supermercados y diversos serviciosFácil acceso a transporte público y vías principalesDescripción destacada: Este departamento ofrece un aprovechamiento inteligente del espacio, ambientes bien definidos y excelente iluminación natural. Es ideal para familias que buscan confort, seguridad y calidad de vida en una zona consolidada y de alta valorización en Magdalena del Mar. Excelente alternativa para vivir o invertir por su ubicación y distribución. Disponible para visitas. No dejes pasar esta oportunidad. R. U. C Ver datos|https://urbania.pe/inmueble/clasificado/veclcain-venta-de-casa-en-magdalena-lima-3-dormitorios-148696243?n_src=Listado&n_pills=Seguridad&n_pg=1&n_pos=20|2026-02-01
urbania|casas|venta|Lima Moderna|Magdalena|"RODOLFO ROUTE MAGDALENA 100
Magdalena, Lima"|S/ 333,000 · USD 90,000|333000|90000||60|"70 m² tot.
2 dorm.
2 baños"|70|2|2||Lindo departamento con excelente ubicacion A pocas cuadras de javier prado, brasil, espalda de la av gonzales prada. calle route. area 70 M2. el departamento se encuentra en un tercer piso, no tiene ascesor,. Tiene una amplia sala comedor muy iluminadas. cocina Y lavanderia cerrada. 2 amplios dormitorios con closet. el dormitorio principal con baño incorporado. un baño completo. deposito. mantenimiento super economico. precio: $90, 000. vista interior. no tiene cochera|https://urbania.pe/inmueble/clasificado/veclcain-venta-de-casa-en-magdalena-lima-2-dormitorios-146376950?n_src=Listado&n_pills=Seguridad&n_pg=1&n_pos=21|2026-02-01
urbania|casas|venta|Lima Moderna|Magdalena|"calle Felix Dibos
Orrantia Del Mar, Magdalena"|S/ 3,240,000 · USD 900,000|3240000|900000|||"786 m² tot.
5 dorm.
2 baños"|786|5|2||Se trata de una casa de dos pisos más azotea, ubicada en una esquina dentro de una zona residencial del distrito de Magdalena del Mar en el límite distrital con San Isidro. El inmueble se conforma por 50% residencial y 50 % comercial. Se encuentra en cercanías del Lima Cricket &Football Club el Hospital Víctor Larco Herrera el Parque Manuel González Prada y el supermercado Vivanda. La distribución del inmueble es la siguiente: Sótano: Llegada de escalera y ambiente libre Primer Piso: Tienda con ½ baño y cocina; tienda con ½baño escalera hacia el segundo piso; tienda con área de cocina ¾ baño y escalera hacia el sótano. Segundo Piso: Llegada de escalera, hall de distribución, departamento 1, departamento 2 y escalera hacia la azotea. Departamento 1 (Con frente al Jr Félix Dibos) Sala– comedor, dormitorios (2), cocina, patio, lavandería, baño de servicio, escalera hacia el cuarto de servicio, sala de estar, dormitorio con closet (2) y ¾ baño común. Departamento 2(Con frente al Jr. Félix Dibos – Jr. Comandante Jiménez): sala–comedor, hall de distribución, dormitorio con closet (2), ¾ baño común, dormitorio con closet y cocina - lavandería. Azotea: Llegada de escalera, área libre, ambiente libre de material pre fabricado, baño y cocina.|https://urbania.pe/inmueble/clasificado/veclcain-venta-de-casa-en-orrantia-del-mar-magdalena-5-a-mas-dormitorios-147419239?n_src=Listado&n_pills=Cuartos+de+servicio&n_pg=1&n_pos=22|2026-02-01
urbania|casas|venta|Lima Moderna|Magdalena|"FLORA TRISTAN 590
Magdalena, Lima"|S/ 1,876,000 · USD 560,000|1876000|560000|||"420 m² tot.
4 dorm.
3 baños
3 estac."|420|4|3|3|Area de terreno 275M2. · 4 dormitorios (cada dormitorio tiene su propio baño) · 1 cuarto de estudio. · Amplio Garaje para 3 autos. · Cocina Cerrada con comedor de diario. -pisos en parquet. -Patio grande con mayólicas segovianas. -Área de Lavandería. Casa como Terreno con excelente ubicación en San Isidro. zona residencial parametros para 4 pisos- Para negocio: Nido- playa de estacionamiento- Vivienda|https://urbania.pe/inmueble/clasificado/veclcain-venta-de-casa-en-magdalena-lima-4-dormitorios-146055735?n_src=Listado&n_pills=%C3%81rea+de+lavander%C3%ADa&n_pg=1&n_pos=23|2026-02-01
urbania|casas|venta|Lima Moderna|Magdalena|"Jirón Faustino Sánchez Carrión
Orrantia Del Mar, Magdalena"|S/ 2,620,800 · USD 780,000|2620800|780000|||"325 m² tot.
5 dorm.
2 baños"|325|5|2||Vendo casa estratégicamente ubicada, límite con San Isidro, entre la cuadra 8 de Javier Prado Oeste y Félix Dibós. En Jirón Faustino Sánchez Carrión, linda calle muy tranquila pero bien conectada, la misma calle del Lima Cricket. Zona con mucho comercio, rodeada de restaurantes, cafeterías, a 6 cuadras del Real Plaza Salaverry. La casa cuenta con: Primer piso - Sala con vista al jardín, salita de estar, hall de distribución con vista al jardín, comedor separado con vista al jardín, un dormitorio grande ( puede ser escritorio, oficina) un baño completo, cocina cerrada con comedor de diario, amplio jardín con terraza y zona de parrilla. Lavandería, cuarto y baño de servicio. Segundo piso: Hall de distribución, 3 dormitorios amplios con closet, uno pequeño y un baño completo. Precio: us$ 780, 000. - negociables|https://urbania.pe/inmueble/clasificado/veclcain-venta-de-casa-en-orrantia-del-mar-magdalena-5-a-mas-dormitorios-148667164?n_src=Listado&n_pills=Parrilla&n_pg=1&n_pos=24|2026-02-01
urbania|casas|venta|Lima Moderna|Magdalena|"Av. Brasil Magdalena del Mar 3700
Magdalena, Lima"|S/ 439,212 · USD 129,900|439212|129900|||"73 m² tot.
3 dorm.
2 baños"|73|3|2||¡se vende exclusivos Y hermosos departamentos en magdalena!, Edificio con 23 Pisos + 4 Sótanos + 4 Ascensores. Buena Ubicación que te conectara con todo lo que puedas necesitar y con absoluta comodidad de vivir cerca al mar. Ubicado estratégicamente en distrito de Magdalena, este edificio se presenta como la mejor inversión de vida para que disfrutes de tu propio espacio en compañía de toda tu familia. Lugares cercanos: Cerca a principales avenidas, a un paso del mar, parques, restaurantes, lugares de entretenimiento, centros comerciales, colegios, etc. departamentos flat con área de 73m2 - Vista al interior - Departamento con bastante iluminacion que cuenta con las siguientes características: - 3 dormitorios- 2 baños- Sala- Comedor- Cocina- Lavandería- Hall- Terraza- Instalacion directa a Gas calida. El departamento se encuentra dentro de un lindo y acogedor Edificio que cuenta con las siguientes áreas comunes: - Lobby. - Área de terraza. - Área de parrilla. - Gimnasio. - sum. - Coworking- Zona de juego para niños- Patio interno- Pago de Mantenimiento: S/. 180. 00 - S/. 230. 00 incluye (Agua, pago administrativo, mantenimiento de áreas comunes, ascensores, limpieza, etc). precio de Departamentos: usd $ 129, 900 (Negociables) Piso disponible: - Piso 6 *Estacionamiento con precio adicional desde usd $ 13, 800entrega inmediata!, 800¡no pierdas esta gran oportunidad Y agenda tu visita ya!|https://urbania.pe/inmueble/clasificado/veclcain-venta-de-casa-en-magdalena-lima-3-dormitorios-148509968?n_src=Listado&n_pills=Gimnasio&n_pg=1&n_pos=25|2026-02-01
urbania|casas|venta|Lima Moderna|Magdalena|"JUSTO VIGIL 100
Magdalena, Lima"|S/ 1,258,000 · USD 340,000|1258000|340000|||"120 m² tot.
4 dorm.
4 baños
1 estac."|120|4|4|1|Venta de linda casa en condominio en magdalena del mar. cuenta con buena ubicacion, A un paso de av del ejercito, A madia cuadra del lima criket club, colegios, gimnasios, facil acceso, movilidad A todo lima. area 120 M2 de terreno. la casa tiene cuatro pisos. En el primer piso tiene un recibidor, sala y comedor muy amplios con salida a un jardín interno, cocina con muebles altos y bajos, baño de visita. En el segundo piso, tiene tres dormitorios, el principal con baño incorporado, y closet de pared a pared. En el tercer piso cuenta con un departamento independiente, un solo ambiente, muy amplio, con closet grande y con baño incorporado con hidromasaje. En el cuarto piso tiene la lavandería, dos dormitorios de servicio y un baño completo. Precio fijo: us$ 340, 000. Cuenta con un estacionamiento dentro del condominio|https://urbania.pe/inmueble/clasificado/veclcain-venta-de-casa-en-magdalena-lima-4-dormitorios-146235665?n_src=Listado&n_pills=Cuartos+de+servicio&n_pg=1&n_pos=26|2026-02-01
urbania|casas|venta|Lima Moderna|Magdalena|"Flora Tristán Cdra 4
Magdalena, Lima"|S/ 1,306,500 · USD 390,000|1306500|390000|||"350 m² tot.
4 dorm.
2 baños
2 estac."|350|4|2|2|Acogedora Y cómoda casa en condominio cerradoarea del Terreno: 150m2 / Area Construida 350m2Ubicada en una zona tranquila en límite de Magdalena con San Isidro muy cerca de Vivanda y de la pastelería San Antonio y a sólo a dos cuadras del Real Plaza Salaverry. Fue construida hace aprox. 55 años pero se han hecho algunas remodelacionesPrimer nivel: sala-comedor muy amplia que un pequeño jardín, cocina, baño de visita cochera cerrada para un auto ó camioneta y adicionalmente cuenta con una zona para parquear hasta 2 autos en el frontis de la casa. Segundo nivel: 4 dormitorios y 2 baños completosTercer nivel: área de servicio completaLa quinta donde se ubica tiene 10 casas y la convivencia con los vecinos es muy buena. nota: el precio válido es en dólares, precio en soles es referencial|https://urbania.pe/inmueble/clasificado/veclcain-venta-de-casa-en-magdalena-lima-4-dormitorios-147619713?n_src=Listado&n_pills=%C3%81rea+de+lavander%C3%ADa&n_pg=1&n_pos=27|2026-02-01
urbania|casas|venta|Lima Moderna|Magdalena|"De La Roca De Vergallo
Magdalena, Lima"|S/ 3,015,000 · USD 900,000|3015000|900000|||"371 m² tot.
6 dorm.
3 baños"|371|6|3||Vendo casa ideal para proyecto inmobiliario en calle roca de vergallo. Zona super residencial de magdalena. Tiene parametros para 4 pisos pero por colindancia puede conseguir cambiar los parametros. Muy cerca A la pasteleria san antonio. coordinar visitas sin compromiso al Ver datos|https://urbania.pe/inmueble/clasificado/veclcain-venta-de-casa-en-magdalena-lima-5-a-mas-dormitorios-148781383?n_src=Listado&n_pills=Jard%C3%ADn&n_pg=1&n_pos=28|2026-02-01
urbania|casas|venta|Lima Moderna|Magdalena|"Jr Echenique 420
Magdalena, Lima"|S/ 838,000 · USD 250,000|838000|250000|||"315 m² tot.
8 dorm.
3 baños"|315|8|3||Ubicado sobre jr echenique, A 2 cdras de malecon costa verde Y bajada por john lenon. Esta A 1 cdra de la plaza de magdalena, Y del mercado. Entre calles jr. Tacna Y alfonso ugarte. En pleno centro comercial de magdalena. casa en quinta de 3 pisos, con 2 locales comerciales independientes directo A calle. Para ingresar A la casa se debe entrar por la quinta. Patio techado con policarbonato (ventanas corredizas) tereno 105m2. area contruida: 315m2. area de tienda: 24m2 cada una. casa muy bien mantenida toda con pisos de ceramica. Remodelada en 1984, cambio de cables electricos Y agua Y desague directo A troncal. Cuenta con 2 medidores de luz. primer piso: local comercial 1 (24m2), local comercial 2 (24m2) ambos con reja metalica directo A calle. Ingreso A casa vivienda, sala comedor con pisos de ceramica, patio abierto (lavanderia) gran cocina baño completo. Acceso A tiendas desde adentro. Escalera A 2do piso. Segundo piso: hall de distribucion. 4 dormitorios amplios (2 dormitorios vista exterior, otros 2 vista interior), 1 dormitorio pequeño, 1 baño completo. Escalera A 3er piso. Tercer piso: hall de distribucion. 4 dormitorios amplios (2 dormitorios vista exterior, otros 2 vista interior), 1 dormitorio pequeño, 1 baño completo. Escalera A azotea. Azotea libre en su mayoria. Con 2 cuartos de servicio (techo calamina) Y una lavanderia techada con lavadero. Toda la construccion regularizada. Contacto: Ver datos|https://urbania.pe/inmueble/clasificado/veclcain-venta-de-casa-en-magdalena-lima-5-a-mas-dormitorios-147854449?n_src=Listado&n_pills=Cuartos+de+servicio&n_pg=1&n_pos=29|2026-02-01
urbania|casas|venta|Lima Moderna|Magdalena|"4 cuadras de Av. Del Ejercito, a 2 cuadras de la Avenida Brasil,
Magdalena, Lima"|S/ 2,130,000 · USD 600,000|2130000|600000|||"283 m² tot.
4 dorm.
3 baños
2 estac."|283|4|3|2|Casa amplia y bien distribuida, remodelada con acabados modernos. Se remodeló tuberías, pisos, electricidad, baños etc). Excelente opción para vivienda familiar, oficina o proyecto inmobiliario. Cuenta con un area de terreno de 283 metros. Cuenta con una excelente ubicación estratégica que facilita el día a día y potencia el valor de la propiedad, se encuentra a 4 cuadras de Av. Del Ejercito, a 2 cuadras de la Avenida Brasil, tambien de Av. Javier Prado. Zonificacion rdb (Residencial de Densidad Baja) Primer nivel. • Hall de distribucion e ingreso. • Sala y comedor con piso acabado en porcelanato con acceso a una terraza amplia. • Cocina con acceso al área de servicioy area social, baño de visita completo. • Cuarto y baño completo de servicio. • Puerta falsa con salida a un pasaje que da directo a la calle. • Acceso directo a cochera techada. Segundo nivel. • 4 dormitorios espaciosos e iluminados, el principal con salida a terraza vista a la calle. • 1 baño completo. • Depósito en medio de los dormitorios. Tercer nivel. Escalera desde la terraza al tercer piso, espacio libre para ampliar o crear un espacio independiente. Otros detalles. • 2 Estacionamientos (1techada interior y otro exterior) Precio: usd 600, 000 dolares. Celular: Ver datos Celular: Ver datos|https://urbania.pe/inmueble/clasificado/veclcain-venta-de-casa-en-magdalena-lima-4-dormitorios-147803695?n_src=Listado&n_pills=Cuartos+de+servicio&n_pg=1&n_pos=30|2026-02-01
urbania|casas|venta|Lima Moderna|Magdalena|"Jirón Faustino Sánchez Carrión
Orrantia Del Mar, Magdalena"|S/ 2,620,800 · USD 780,000|2620800|780000|||"325 m² tot.
5 dorm.
2 baños"|325|5|2||Vendo casa estratégicamente ubicada, límite con San Isidro, entre la cuadra 8 de Javier Prado Oeste y Félix Dibós. En Jirón Faustino Sánchez Carrión, linda calle muy tranquila pero bien conectada, la misma calle del Lima Cricket. Zona con mucho comercio, rodeada de restaurantes, cafeterías, a 6 cuadras del Real Plaza Salaverry. La casa cuenta con: Primer piso - Sala con vista al jardín, salita de estar, hall de distribución con vista al jardín, comedor separado con vista al jardín, un dormitorio grande ( puede ser escritorio, oficina) un baño completo, cocina cerrada con comedor de diario, amplio jardín con terraza y zona de parrilla. Lavandería, cuarto y baño de servicio. Segundo piso: Hall de distribución, 3 dormitorios amplios con closet, uno pequeño y un baño completo. Precio: us$ 780, 000. - negociables|https://urbania.pe/inmueble/clasificado/veclcain-venta-de-casa-en-orrantia-del-mar-magdalena-5-a-mas-dormitorios-148667164?n_src=Listado&n_pills=Parrilla&n_pg=2&n_pos=1|2026-02-01
urbania|casas|venta|Lima Moderna|San Miguel|"Pomalca al 200
San Miguel, Lima"|S/ 1,071,000 · USD 315,000|1071000|315000|||"154 m² tot.
4 dorm.
2 baños
1 estac."|154|4|2|1|Oportunidad vendo casa en san Miguel 2 pisos construidosLa oportunidad construcción en casco de un departamento en el piso 3 solo falta acabados, y en el piso 4 un porcentaje de construcción de otro departamentoPrecio $ 315, 000 negociableÁrea de terreno 154. 28m2Área construida 125m2Primer nivel: - Cocina equipada más horno y chimenea- Amplia sala comedor- Terraza con catarata- Un cuarto o depósito- Baño de visitasSegundo nivel: - Habitación principal con clóset y con balcón- 3 habitaciones secundarias- Baño completo compartidoTercer nivel: - Un departamento en caso ya con baño falta acabadosPiso 4: - Un porcentaje de construcción para otro departamentoAdicional: - Cochera con puerta eléctricaEn una zona tranquila y rodeado de parques cerca a mercados tiendas y avenidas principalesrr-23|https://urbania.pe/inmueble/clasificado/veclcain-venta-de-casa-en-san-miguel-lima-4-dormitorios-148715171?n_src=Listado&n_pg=1&n_pos=1|2026-02-01
urbania|casas|venta|Lima Moderna|San Miguel|"Pasaje Punta Balcones
San Miguel, Lima"|S/ 822,500 · USD 235,000|822500|235000|||"140 m² tot.
6 dorm.
3 baños
1 estac."|140|6|3|1|Ubicada en el Pasaje Punta Balcones, a la altura de la cuadra 08 de la avenida insurgentes, Urb. Luis Germán Astete, San Miguel. Muy cerca a avenidas principales como La Marina, Fauccet, Venezuela; así como a colegios, bancos, bodegas, universidades, y parques (Apacheta). Cuenta con: con: 3 pisos distribuidos Primer piso - Amplia sala comedor (Piso de parquet) - Amplio patio con mampara - Medio Baño - Un cuarto de estudio - Cocina (Muebles altos y bajos) - Lavandería - Cuarto y baño de servicioSegundo piso: * 3 dormitorios amplios * Principal con woking clóset* 2 secundarios amplios * 1 BañoTercer piso (departamento) * Sala * Comedor * 2 dormitorios * 1 baño* 1 Cocina*Cochera. *Único dueño*Sin cargas, ni gravámenes. *44 años de antigüedad*RemodeladaT. C. 3. 50Tipo de cambio referencial, sujeto a variación diaria por fluctuación del mercado|https://urbania.pe/inmueble/clasificado/veclcain-venta-de-casa-en-san-miguel-lima-5-a-mas-dormitorios-147258729?n_src=Listado&n_pills=%C3%81rea+de+lavander%C3%ADa&n_pg=1&n_pos=2|2026-02-01
urbania|casas|venta|Lima Moderna|San Miguel|"AV Tacna 800
San Miguel, San Miguel"|S/ 1,700,000 · USD 505,000|1700000|505000|||"304 m² tot.
5 dorm.
3 baños
1 estac."|304|5|3|1|Ponemos a la venta esta espaciosa casa ubicada en esquina en San Miguel (Calle Tacna). Con una construcción de 304. 56 m² lista para ser modernizada y convertirse en el hogar de tus sueños. Olvídate de los departamentos pequeños. Aquí tienes 4 dormitorios grandes en el segundo piso, más un dormitorio de servicio completo en la azotea, y amplias áreas libres para disfrutar. Área de Terreno: 262. 48 m²Área Construida: 304. 56 m² (1er Piso: 154. 66m² / 2º Piso: 118. 63m² / Azotea: 31. 27m²). Casa de 2 niveles + AzoteaUbicada en Esquina (Mayor luz y visibilidad) 5 habitaciones (4 principales + 1 servicio) 3. 5 (3 baños completos + 1/2 baño de visita/servicio) Garaje techado (Portero eléctrico) Amplia área libre de 107. 82 m² para reuniones o mascota. Documentación 100% Saneadainversión segura: Documentación 100% saneada, sin gravámenes ni cargas registradas. ¡Lista para la transferencia inmediata! ¡sin cargas ni hipotecas! Lista para transferencia. Potencial de crecimiento (lista para modernizar a tu gusto). En un mercado donde el espacio es cada vez más escaso, esta es una gran oportunidad en San Miguel que te ofrece 262 m² de terreno y cero problemas legales (¡sin hipotecas ni cargas!). No te conformes con departamentos que comprometen tu calidad de vida. Esta casa es la oportunidad ideal para la familia que busca: ¿Estás listo para darle a tu familia el espacio que merece? no esperes más: Envíanos un mensaje ahora mismo o haz clic en el botón de contacto para agendar tu visita guiada. ¡Permíteme mostrarte el potencial de tu próximo hogar en persona! Consultar con el Agente Inmobiliario encargado para mayor información Ver datos.|https://urbania.pe/inmueble/clasificado/veclcain-venta-de-casa-en-san-miguel-san-miguel-5-a-mas-dormitorios-148163575?n_src=Listado&n_pills=Jard%C3%ADn&n_pg=1&n_pos=3|2026-02-01
urbania|casas|venta|Lima Moderna|San Miguel|"Calle Hermelinda Carrera
San Miguel, Lima"|S/ 1,225,000 · USD 350,000|1225000|350000|||"149 m² tot.
5 dorm.
4 baños
1 estac."|149|5|4|1|Está hermosa y moderna Casa se encuentra frente a Parque y a unas cuadras de Av. Universitaria y cerca al Transporte Público para todo Lima. La Casa tiene 3 pisos y consta de: 1er. Piso: Sala. Comedor. Baño de visita. Sala de estar u oficina. Jardín. Cocina. Cuarto y Baño de servicio. Lavandería. Cochera. 2ndo. Piso: 4 Dormitorios amplios. 2 Baños completos. 3er. Piso: Departamento amplio con baño completo y zona de cocina independiente.:|https://urbania.pe/inmueble/clasificado/veclcain-venta-de-casa-en-san-miguel-lima-5-a-mas-dormitorios-148138318?n_src=Listado&n_pills=Frente+a+parque&n_pg=1&n_pos=4|2026-02-01
urbania|casas|venta|Lima Moderna|San Miguel|"Santa Justina
Santa Florencia, San Miguel"|S/ 5,100,000 · USD 1,500,000|5100000|1500000|||"627 m² tot.
3 dorm.
3 baños
3 estac."|627|3|3|3|Vendemos amplia casa con un área de 634 m2, tiene 284 m2 construidos. De estilo campestre en dos pisos. Sala comedor, Cocina, 3 dormitorios, 3 baños, Área para reuniones, Piscina, Poza para peces con caida de agua en la sala. 2 oficinas con almacén y baño, Amplios jardines, Tambien tiene un mini departamento (duplex) para visitas. En la parte posterior, hay un área de 350 m2 sin construir, que se puede usar para ampliar la casa, los jardines, preparar una huerta o armar un taller. Ideal para proyecto inmobiliario multifamiliar. Contacto: maika 9. 9. 9. 0. 5. 2. 1. 7. 7|https://urbania.pe/inmueble/clasificado/veclcain-venta-de-casa-en-santa-florencia-san-miguel-3-dormitorios-143936749?n_src=Listado&n_pills=Jard%C3%ADn&n_pg=1&n_pos=5|2026-02-01
urbania|casas|venta|Lima Moderna|San Miguel|"Bahía de Pisco
San Miguel, Lima"|S/ 1,224,000 · USD 360,000|1224000|360000|||"420 m² tot.
10 dorm.
7 baños
2 estac."|420|10|7|2|Edificio 5 Pisos - Casa. Cuenta con duplex, departamentos, Loft, Terraza, 9. 4. 0. 2. 2. 0. 7. 8. 0. Area de terreno 140M2. arra construida 420M2 aprox. area total 420M2 aprox. Maryon Lilibeth Muñoz Arrieta. 9. 4. 0. 2. 2. 0. 7. 8. 0. Espectacular Casa - Edificio de 5 Pisos con terraza y 6piso tendal, ubicada en zona céntrica a un paso de insurgentes, Av. La marina, colegios a minutos, Alameda de Precursores, a minutos de Plaza San Miguel y límite con la Naval. Transporte público para todo Lima, colegios, comercios, todo a la mano y la bajada de playa. Tiene un área de terreno de 140 m2 y un área construida de 420 m2. Primer y segundo piso re-construido en el 2012. Tercer, cuarto y quinto piso fue edificado hace 03 años junto con el área de terraza, servicio y tendal. Primer piso. Fue totalmente remodelado en el año 2012, cuenta con una amplia cochera para camioneta y colgadores de bicicletas. Tiene dos entradas una principal y otra de servicio. Cuenta con sala-comedor amplio, un cuarto amplio, terraza interna, baño de visitas, amplia cocina con impecables muebles altos y bajos e isla amplia como comedor de diario. Segundo Piso: 04 Dormitorios, el principal con walkin closet y clóset de pared a pared, baño incorporado con baño de hidromasaje español, 03 habitaciones amplias con clóset de pared a pared y donde entran cama de 02 plazas, escritorio con la mejor de las comodidades, 1 baño completo compartido. Tercer Piso: Departamento amplio con sala-comedor y balcón, de 02 Dormitorios, un baño completo en el cuarto principal y 01 Baño compartido con la 2da habitación y las visitas. Cuenta con espacio amplio para implementar un kitchenette y si desea una habitación más. Cuarto piso: Departamento amplio con sala-comedor y balcón, de 02 Dormitorios, un baño completo en el cuarto principal y 01 Baño compartido con la 2da habitación y las visitas. Cuenta con espacio amplio para implementar un kitchenette y si desea una habitación más. Quinto piso: Una Mini-departamento estilo loft americano (Abierto) con espacio para implementar el kitchenette, cuenta con baño completo y área de lavandería completa, asimismo tiene una amplia terraza con vista panorámica. La construcción del 3er, 4to, 5to piso y el area del tendal Aires del 6to, se construyeron hace 3años quedando unos detallitos a implementar de acuerdo al buen gusto del futuro dueño. Por ser céntrico y límite con la Naval, es una excelente inversión para alquiler como departamentos y/u oficinas. Contamos con planos para remodelaciones o acabados (escalera externa). Informes y visitas al 9. 4. 0. 2. 2. 0. 7. 8. 0. Importante para solicitar visitas: Se requiere nombre completo y dni de cada visitante.|https://urbania.pe/inmueble/clasificado/veclcain-venta-de-casa-en-san-miguel-lima-5-a-mas-dormitorios-142745540?n_src=Listado&n_pills=Cerca+a+colegios&n_pg=1&n_pos=6|2026-02-01
urbania|casas|venta|Lima Moderna|San Miguel|"Av. Lima
Pando Etapa Vi, San Miguel"|S/ 1,055,000 · USD 315,000|1055000|315000|||"200 m² tot.
4 dorm.
2 baños"|200|4|2||Linda Casa en venta ubicada entre Dentilac, Riva Agüero y La Libertad. Cerca al Parque Sagrada Familia. 1er Piso. - Jardín delantero. - Amplia Sala Comedor con mampara a buen jardín interior. - Baño de visitas. - Cocina con reposteros altos y bajos, baño de visita. - Lavandería cuarto y baño de servicio. 2do piso. - 4 dormitorios el principal con baño incorporado. - Baño para los 3 dormitorios. Cochera para 1 auto. Aires libres. area terreno: 200 M2. area techada: 160 M2. antigÜedad: 38 años. us$ 315, 000|https://urbania.pe/inmueble/clasificado/veclcain-venta-de-casa-en-pando-etapa-vi-san-miguel-4-dormitorios-148732345?n_src=Listado&n_pills=Jard%C3%ADn&n_pg=1&n_pos=7|2026-02-01
urbania|casas|venta|Lima Moderna|San Miguel|"JORGE CASTRO HARRINSON 138
San Miguel, Lima"|S/ 994,000 · USD 280,000|994000|280000|||"240 m² tot.
5 dorm.
3 baños"|240|5|3||Ubicada en una zona estratégica, esta propiedad de tres niveles ofrece comodidad para familias grandes y excelente oportunidad para inversión. Cuenta con certificado de parámetros para 4 pisos, lo que permite ampliar o desarrollar un proyecto inmobiliario. Primer Piso: * Sala – Comedor amplios. *Patio interno. * Cocina independiente. *Baño completo. *Dormitorio 1. *Dormitorio 2 con walk-in closet. *Área de lavandería. Segundo Piso: * Dormitorio 3. *Baño completo. *Espacio para sala/comedor. * Baño completo adicional. * Dormitorio 4. * Dormitorio 5 con walk-in closet. Tercer Piso: *Área de lavandería. *3 ambientes adicionales (uno funciona como cocina y dos como dormitorios de servicio) * 1 depósito. Medidas del terreno: 176 m2. • Frontis: 8 ml. • Fondo: 22 ml. Precio de venta: $280, 000 usd. Opción ideal para vivienda familiar amplia o proyecto de renta por niveles. Contáctanos y agenda una visita para conocer su potencia|https://urbania.pe/inmueble/clasificado/veclcain-venta-de-casa-en-san-miguel-lima-5-a-mas-dormitorios-147306396?n_src=Listado&n_pills=%C3%81rea+de+lavander%C3%ADa&n_pg=1&n_pos=8|2026-02-01
urbania|casas|venta|Lima Moderna|San Miguel|"Avenida Pío XII
San Miguel, Lima"|S/ 806,400 · USD 240,000|806400|240000|||"400 m² tot.
6 dorm.
4 baños"|400|6|4||Agente domus Erika 9. 8. 8. 3. 4. 1. 2. 8. 1. Ubicada en San Miguel, límite con La Perla, a la altura del cruce de Av. La Marina con Av. Pío xii (cdra. 5), en lindo pasaje residencial. Zona tranquila, segura, con vigilancia y varios parques cercanos. Importante: No cuenta con cochera propia, pero dispone de cochera común cerrada contra pago. Características generales: 3 pisos. Área construida: 400 m² Área de terreno: 145 m² Distribución: Primer piso: Sala-comedor amplia y muy iluminada, cocina grande, patio interno, medio baño de visitas. Cuenta con dos ingresos: entrada principal y entrada de servicio con acceso directo a la cocina. Segundo piso: Sala de estar amplia, 4 dormitorios con closets. Dos de ellos cuentan con baño incorporado y los otros dos comparten un baño completo adicional. Tercer piso: Acceso por escalera interna de madera. Ingreso por puerta derecha: dormitorio amplio con closet, baño completo con ducha, sala con mamparas de vidrio con salida a patio y balcón. Ingreso por puerta izquierda: área de servicio con un dormitorio, baño completo, lavandería y tendal. Antigüedad: Primer y segundo piso: 43 años. Tercer piso: 34 años. Precio: us$ 240, 000. Excelente ubicación, ideal para vivienda familiar amplia o para quienes buscan espacios independientes dentro de la misma propiedad.|https://urbania.pe/inmueble/clasificado/veclcain-venta-de-casa-en-san-miguel-lima-5-a-mas-dormitorios-148647104?n_src=Listado&n_pills=Guardian%C3%ADa%2FSeguridad+privada&n_pg=1&n_pos=9|2026-02-01
urbania|casas|venta|Lima Moderna|San Miguel|"Av Lima al 1100
San Miguel, Lima"|S/ 1,000,000 · USD 300,000|1000000|300000|||"312 m² tot.
8 dorm.
4 baños
2 estac."|312|8|4|2|Venta de casa de tres piso en av lima. San miguel. A dos cuadra de universitaria. 312 m2. A 5 min de plaza san miguel. A 10 min del mercado de magdalena, acceso rapido A costa verde. Cerca A universidad catolica, villareal Y upc. Permisos comerciales para poner oficina, consultorio, bodega, salon de belleza, consultorio medico, veterinaria, guarderia, nido. Distribucion. Primer piso: Sala Comedor con acceso a jardín interior. Sala de Estar. Cocina Espaciosa. Medio baño de Visita. Una cochera con puerta eléctrica. Patio interno. segundo nivel: Dormitorio principal con Baño incorporado. Tres dormitorios secundarios. Baño completo de gran tamaño. tercer nivel. Lavandería. Cuarto y baño de Servicio. Dos ambientes adicionales que pueden ser usados como dormitorios o escritorios. La casa cuenta con 4 puntos de conexion A gas natural, para terma, secadora, cocina Y horno. No tiene hipotecas ni cargas. Documentos al día! Solicita una visita guiada al siguiente numero: 9 6 3 8 2 0 6 1 7. Natalia Vásquez|https://urbania.pe/inmueble/clasificado/veclcain-venta-de-casa-en-san-miguel-lima-5-a-mas-dormitorios-147348684?n_src=Listado&n_pills=Parrilla&n_pg=1&n_pos=10|2026-02-01
urbania|casas|venta|Lima Moderna|San Miguel|"RODRIGUEZ Y MAMA RUNTE
San Miguelito, San Miguel"|S/ 1,186,500 · USD 350,000|1186500|350000|||"237 m² tot.
6 dorm.
4 baños
4 estac."|237|6|4|4|Casa de dos plantas. Área 237. 40 m2. Amplia cocina. Amplia sala comedor. 6 dormitorios. 4 baños. Estacionamientos. Precio de venta us$ 350, 000. Visitas previa cita: Ver datos|https://urbania.pe/inmueble/clasificado/veclcain-venta-de-casa-en-san-miguelito-san-miguel-5-a-mas-dormitorios-148189275?n_src=Listado&n_pills=%C3%81rea+de+lavander%C3%ADa&n_pg=1&n_pos=11|2026-02-01
urbania|casas|venta|Lima Moderna|San Miguel|"Bahia de Matarani 131
San Miguel, Lima"|S/ 857,500 · USD 245,000|857500|245000|||"160 m² tot.
5 dorm.
2 baños
1 estac."|160|5|2|1|Casa en venta cerca de las prestigiosas universidades Católica y San Marcos. Espaciosa casa de 3 pisos ideal para familias grandes o como inversión. Ubicada estratégicamente en San Miguel, con fácil acceso a universidades, centros comerciales, parques y principales avenidas. Características principales: 5 habitaciones amplias y bien iluminadas, perfectas para cada miembro de la familia o para estudiantes. Sala y comedor espaciosos, ideales para recibir visitas y disfrutar en familia. Cocina funcional con espacio para almacenamiento. Depósito para guardar todo lo que necesites. Terraza y jardín. Lavandería cómoda y práctica. Cuarto y baño de servicio independientes. 2 baños completos para mayor comodidad. Cuarto de planchado en el tercer piso. ¡Imagina la comodidad de vivir a pocos minutos de las universidades más importantes del país! Esta propiedad ofrece un gran potencial y una ubicación inmejorable. ¡No dejes pasar esta increíble oportunidad! Contáctanos para más detalles y para agendar una visita.|https://urbania.pe/inmueble/clasificado/veclcain-venta-de-casa-en-san-miguel-lima-5-a-mas-dormitorios-146344104?n_src=Listado&n_pills=Jard%C3%ADn&n_pg=1&n_pos=12|2026-02-01
urbania|casas|venta|Lima Moderna|San Miguel|"Cumbe 185
Maranga, San Miguel"|S/ 868,400 · USD 260,000|868400|260000|||"180 m² tot.
3 dorm.
2 baños"|180|3|2||Excelente oportunidad para un proyecto de remodelación para una casa de sólo un piso (a unos metros de la avenida Elmer Faucett al lado de Villa Chicken). De fácil acceso en el lugar más centrico de la urbanización Maranga con las slguientes caracteristicas: Área ocupada: 180m2 - Área construida: 125m2. Ambientes: 04. - 03 dormitorios. - Sala comedor. - 02 baños (completos) - Cocina. - Lavanderia. - Cuarto y baño de servicio. - Estacionamiento techado. - Jardin c/jardion: 02 ambientes|https://urbania.pe/inmueble/clasificado/veclcain-venta-de-casa-en-maranga-san-miguel-3-dormitorios-148805159?n_src=Listado&n_pills=Cuartos+de+servicio&n_pg=1&n_pos=13|2026-02-01
urbania|casas|venta|Lima Moderna|San Miguel|"Calle Micaela Bastidas 155-157
Maranga Etapa Ii, San Miguel"|S/ 1,521,000 · USD 450|1521000|450|||"189 m² tot.
6 dorm.
3 baños
2 estac."|189|6|3|2|Linda casa frente a parque Simón Bolívar en San Miguel. Cuenta con tres pisos, primer y segundo piso con conexión interna y tercer piso totalmente independiente. También cuenta con estacionamiento para 2 carros. En el primer piso está la sala-comedor, 1 cocina, 1 baño completo, jardín interno y lavandería + cuarto de servicio. En el segundo piso hay 3 dormitorios, cada uno con clóset y un baño completo. En el tercer piso está el departamento de aprox. 100 m², sala-comedor, 1 cocina-lavandería, 1 baño completo y 3 dormitorios con clósets. Casa Ideal para 2 familias. La zona está cerca a Plaza San Miguel, Open Plaza, upc, colegios y parques con zona de recreación para niños y perros. Accesibilidad inmediata para las avenidas La Marina, Patriotas, La Paz, Faucett, Universitaria, étc. Precio: $450, 000 a tratar. Mantenimiento hace 1 año. Completamente saneada. Trato directo con vendedor. Lista para vivir. Solo llamadas x WhatsApp o mensajes al Ver datosVer datos.|https://urbania.pe/inmueble/clasificado/veclcapa-venta-de-casa-en-maranga-etapa-ii-san-miguel-5-a-mas-dormitorios-148749182?n_src=Listado&n_pills=%C3%81rea+de+lavander%C3%ADa&n_pg=1&n_pos=14|2026-02-01
urbania|casas|venta|Lima Moderna|San Miguel|"Calle La Apacheta 161 San Miguel
San Miguel, Lima"|S/ 960,450 · USD 285,000|960450|285000|||"160 m² tot.
5 dorm.
3 baños
1 estac."|160|5|3|1|¡Tu Nuevo Hogar en San Miguel Espera por Ti! ¿Buscas el lugar perfecto para vivir en familia? Esta casa de 3 pisos en el corazón de San Miguel tiene todo lo que necesitas: 5 amplias habitaciones para mayor comodidad (2 en el primer piso, una de ellas con baño completo) Sala comedor iluminada, perfecta para tus reuniones. Terraza interior ideal para momentos al aire libre. Cocina equipada con reposteros altos y bajos con espacio para comedor de diario. Baño de visita y 3 baños completos para tu confort. Área de lavandería, cuarto y baño de servicio, y área de tendal. Patio amplio y estacionamiento. Ubicación estratégica: Cerca a avenidas principales: Faucett, Precursores, Venezuela, Insurgentes y La Marina. A pocos minutos del aeropuerto. Rodeada de parques, centros comerciales, autoservicios y colegios. Imagina empezar tus mañanas con la tranquilidad de un parque cercano, tener todo a tu alcance y disfrutar de un espacio pensado para cada miembro de tu familia. Haz que esta casa sea tuya hoy mismo. Escríbeme para más información o agendar una visita.|https://urbania.pe/inmueble/clasificado/veclcain-venta-de-casa-en-san-miguel-lima-5-a-mas-dormitorios-148550296?n_src=Listado&n_pills=Cuartos+de+servicio&n_pg=1&n_pos=15|2026-02-01
urbania|casas|venta|Lima Moderna|San Miguel|"MARANGA
Maranga, San Miguel"|S/ 1,920,900 · USD 570,000|1920900|570000||1|300 m² tot.|300||||Vendo casa para remodelar de 300M2 en urb. Maranga / san miguel. el inmueble cuentan con doble frente, A unos pasos de la upc de la marina, hiraoka, tottus, con facil acceso A avenidas principales av. Rafael escardo, av. Brigida silva Y 5 mnutos de plaza san miguel rodeado de areas verdes, cerca de parques, colegios, centros comerciales, farmcias Y bancos. Area de terreno: 300M2. precio: $570, 000. se escuchan propuestas formales. contacto Y visitas con alejandro lostaunau al Ver datos|https://urbania.pe/inmueble/clasificado/veclcain-venta-de-casa-en-maranga-san-miguel-148675022?n_src=Listado&n_pills=Cerca+a+colegios&n_pg=1&n_pos=16|2026-02-01
urbania|casas|venta|Lima Moderna|San Miguel|"Av. de los Patriotas Cdra 4
San Miguel, Lima"|S/ 2,861,950 · USD 740,000|2861950|740000|||"396 m² tot.
7 dorm.
4 baños
2 estac."|396|7|4|2|Se vende casa de 396 m2 de área de terreno y 480 m2 de área construida, con 7 dormitorios ideal para familia grande, oficinas administrativas, o proyecto inmobiliario. Ubicada en la cuadra 4 de Av Patriotas, a dos cuadras de Av. La Marina. -Área de Terreno 396 m2-Frente12 ml-Fondo 33 ml-Zonificación: rda-Altura permitida: 8 pisos La casa cuenta con 3 pisos, la distribución es la siguiente: -Primer piso: Cochera, hall de ingreso, sala, comedor, baño de visita, cocina con comedor de diario, 3 oficinas, depósito, jardin interior, cuarto de servicio, baño de servicio. -Segundo piso: 3 dormitorios, 2 estudios, 1 oratorio, 2 baños completos, sala de estar, terraza. -Tercer piso: 4 dormitorios, sala de estar, baño, lavandería, dos depósitos, patio, tendal. T. C. 3. 50Tipo de cambio referencial, sujeto a variación diaria por fluctuación del mercado|https://urbania.pe/inmueble/clasificado/veclcain-venta-de-casa-en-san-miguel-lima-5-a-mas-dormitorios-148537359?n_src=Listado&n_pills=Cuartos+de+servicio&n_pg=1&n_pos=17|2026-02-01
urbania|casas|venta|Lima Moderna|San Miguel|"Manco Segundo 690 Maranga
Maranga, San Miguel"|S/ 1,600,000 · USD 399,000|1600000|399000|||"200 m² tot.
8 dorm.
4 baños
1 estac."|200|8|4|1|Veronica Troncoso 9 3 7 7 7 2 1 5 0 bajo de precio vendo amplia casa de dos pisos habilitada para consultorios, clínicas, instituto medico etc a media cuadra del parque Rosa Merino, muy buena zona, bastante iluminada, rodeada de parques y muy buena distribución, cerca a avenidas de alto transito como Av. La Marina, Av. Los Patriotas, Av. Escardo, cercana a Centros comerciales, Colegios, Nidos, Universidades, Centros Financieros, Clinicas, Hospitales, etc. Cuenta con la siguiente distribución: Primer piso Cinco consultorios, 3 baños, recepción 2do piso Cuatro consultorios, 2 baños Estacionamiento para un carro, instalaciones trifásicas, pozo a tierra. Terraza|https://urbania.pe/inmueble/clasificado/veclcain-venta-de-casa-en-maranga-san-miguel-5-a-mas-dormitorios-147856800?n_src=Listado&n_pg=1&n_pos=18|2026-02-01
urbania|casas|venta|Lima Moderna|San Miguel|"Calle Carlos Augusto Salaverry,urb,arboleda de Maranga,san Miguel al 100
Maranga, San Miguel"|S/ 840,000 · USD 245,000|840000|245000|||"202 m² tot.
4 baños
1 estac."|202||4|1|Contacto: tathiana gutierrez jaracelular: 9. 6. 5. 9. 4. 8. 8. 7. 9oficina: 0. 1. 7. 5. 1. 7. 5. 3. 9correo: Ver datos*Casa en Venta y Duplex, ubicada en la exclusiva Urbanización Residencial &quot;La Arboleda - Maranga&quot;– San Miguel * Características Generales: Esta amplia casa de dos pisos ofrece espacios bien distribuidos y funcionales, ideal para una familia grande o como inversión para alquilar. Ubicada en una zona residencial tranquila y segura. A solo 3 cuadras de la Av. La Marina y a 5 minutos de Plaza San Miguel, con cercanía a parques, colegios y centros comerciales. * Distribución de la Propiedad: + Primer Piso – Espacios Amplios y Funcionales. - Sala y comedor espaciosa con grandes ventanales que permiten una excelente iluminación natural y ventilación. -Baño de visita (Recien remodelado), estratégicamente ubicado para mayor comodidad. -2 habitaciones grandes con múltiples posibilidades de uso (dormitorios, oficina o estudio). -Cocina cerrada con muebles de almacenamiento y espacio para comedor de diario. -Área de lavandería independiente, con buena ventilación. -Terraza amplia ideal para reuniones familiares, zona de parrilla o área de descanso. + Segundo Piso – Área Privada y Cómoda-3 habitaciones amplias con excelente iluminación, ideales para personalizar según necesidades. -1 baño completo de fácil acceso para todas las habitaciones. Asimismo en el 1er piso se encuentra un duplex independiente de 2 niveles con acceso privado por el interior de la casa, perfecto para alquiler o como espacio para visitas o familiares y cuenta con la sgte distribución: -Área 55m2-Sala y comedor con una excelente iluminación natural y ventilación. -Cocina abierta- Baño de visitas. -2 habitaciones con múltiples posibilidades de uso (dormitorios, oficina o estudio). -Baño completo ubicado en el 2do piso para ser compartido con las 2 habitaciones. +Extras: -Estacionamiento con control remoto para mayor comodidad y seguridad. -Posibilidad de remodelación y ampliación según necesidades del comprador. +Beneficios de la Ubicación: -Zona residencial tranquila y segura. - A solo 3 cuadras de Av. La Marina (Cuadra 31) con acceso a transporte público y vías principales. - A 5 minutos de Plaza San Miguel con supermercados, tiendas y restaurantes. -Cercano a parques, colegios y universidades ideal para familias. +Puntos a considerar: -Cambio de tuberías hace 5 años. -Cambio de tapa de desagüe hace un año. -Puertas de madera Cedro. - Instalación de gas calidda. +Ubicación: San Miguel-Área de terreno: 160 m²-Área construida: 202 m²-Zonificación rdm-Parámetros /4 pisos + área de azotea-El propietario cuenta con los planos actuales de la propiedad. Precio: $245, 000 (Dólares Americanos). ¡No pierdas esta gran oportunidad! Contáctanos para más información o para coordinar una visita. contacto: tathiana gutierrez jaracelular: 9. 6. 5. 9. 4. 8. 8. 7. 9oficina: 0. 1. 7. 5. 1. 7. 5. 3. 9correo: Ver datos|https://urbania.pe/inmueble/clasificado/veclcain-venta-de-casa-en-maranga-san-miguel-148252719?n_src=Listado&n_pills=%C3%81rea+de+lavander%C3%ADa&n_pg=1&n_pos=19|2026-02-01
urbania|casas|venta|Lima Moderna|San Miguel|"ESCARDO CUADRA 10
San Miguel, Lima"|S/ 1,326,000 · USD 390,000|1326000|390000|||"246 m² tot.
7 dorm.
6 baños
2 estac."|246|7|6|2|Precio de venta: $390, 000 (negociable) -Ubicada en plena Av. Rafael Escardó, a solo 3 cuadras de la Av. De Los Precursores en dirección hacia Av. Faucett. Zona estratégica de San Miguel, ideal para vivir, oficinas o proyecto inmobiliario. La propiedad se encuentra en esquina, con parámetros urbanísticos para construcción de hasta 6 a 8 pisos. Área del terreno: 246 m² Linderos: Frente: 18. 50 m. Fondo: 21 m. Lado izquierdo: 11. 75 m. Lado derecho: 8 m – 3 m – 5. 70 m (zig zag) Distribución por niveles: - Primer piso: Sala y comedor amplios. Cocina. Lavandería. 2 baños. 2 estacionamientos. 2 ambientes adaptables como dormitorios u oficinas. Segundo piso: -2 habitaciones con baño incorporado. -2 habitaciones adicionales con baño compartido. Tercer piso: -Mini departamento independiente: -1 habitación. -Cocina. -Comedor. -Lavandería. -Baño completo. Detalles adicionales: -Antigüedad: 35 años. -Zonificación con potencial para construcción de edificio multifamiliar u oficinas (6 a 8 pisos) Ideal para inversión, vivienda multifamiliar, negocio o proyecto inmobiliario. Ubicación estratégica cerca de: -Av. Faucett, Av. Precursores y Av. La Marina. -Universidades (pucp, upc, unmsm), centros comerciales, colegios y parques. -Fácil acceso a transporte público y avenidas principales. Contáctanos para agendar una visita y aprovecha esta oportunidad de inversión en San Miguel. ¡Ubicación, metraje y potencial únicos en la zona!|https://urbania.pe/inmueble/clasificado/veclcain-venta-de-casa-en-san-miguel-lima-5-a-mas-dormitorios-143014738?n_src=Listado&n_pills=Cerca+a+colegios&n_pg=1&n_pos=20|2026-02-01
urbania|casas|venta|Lima Moderna|San Miguel|"CERCA AV.LA MARINA CUADRA 10 CASA COMO TERRENO 170M2
Bartolome Herrera, San Miguel"|S/ 946,200 · USD 282,000|946200|282000|||"320 m² tot.
5 baños
2 estac."|320||5|2|San miguel se vende casa 2plantas por remodelar se vende como terreno 170M2, 7 habitaciones 5 baños cocina amplios ambientes patio dos bloques ideal negocio de hospedaje. mediadas area de terreno 170M2. area construida 320M2. antes fue un nido ideal empresas otros. todos los servico básicos excelente ubicacion cerca av. la marina cuadra 10, por colegio san bartolome urbanizacion san miguelito. san miguel se vende casa 2plantas por remodelar se vende como terreno 170M2, 7 habitaciones 5 baños cocina amplios ambientes patio dos bloques ideal negocio de hospedaje. mediadas area de terreno 170M2. area construida 320M2. antes fue un nido ideal empresas otros. todos los servico básicos excelente ubicacion cerca av. la marina cuadra 10, por colegio san bartolome urbanizacion san miguelito|https://urbania.pe/inmueble/clasificado/veclcain-venta-de-casa-en-bartolome-herrera-san-miguel-146156352?n_src=Listado&n_pg=1&n_pos=21|2026-02-01
urbania|casas|venta|Lima Moderna|San Miguel|"Castro Harrison 414
San Miguel, Lima"|S/ 1,008,000 · USD 280,000|1008000|280000|||"160 m² tot.
4 dorm.
2 baños
2 estac."|160|4|2|2|¡Oportunidad! Casa en venta en San Miguel – Excelente ubicación y espacios amplios Ponemos a tu disposición esta acogedora y funcional casa de 160 m², con 146 m² construidos, ubicada en una zona residencial de San Miguel, ideal para familias que buscan comodidad, ubicación estratégica y áreas sociales bien aprovechadas. Cuenta con: • 04 habitaciones bien distribuidas, más 01 ambiente adicional que puede usarse como dormitorio o almacén, con ventilación y baño completo cercano • 02 baños completos + 1/2 baño de visita • 02 estacionamientos cerrados • Terraza con patio en el primer piso, zona de parrilla y lavandería • Cocina equipada, remodelada con acabados modernos Precio: $289, 000 Ubicada cerca de: • Estación de serenazgo de San Miguel • Minimarkets, tiendas y áreas deportivas (fulbito, vóley y raqueta) • Escuela de natación axt • A minutos de Plaza San Miguel, Real Plaza Salaverry, Open Plaza, Metro y Cinemark Contáctanos para agendar tu visita:|https://urbania.pe/inmueble/clasificado/veclcain-venta-de-casa-en-san-miguel-lima-4-dormitorios-147864539?n_src=Listado&n_pills=%C3%81rea+de+lavander%C3%ADa&n_pg=1&n_pos=22|2026-02-01
urbania|casas|venta|Lima Moderna|San Miguel|"Calle Carlos Augusto Salaverry al 200
San Miguel, Lima"|S/ 1,008,000 · USD 280,000|1008000|280000|||"197 m² tot.
5 dorm.
4 baños
2 estac."|197|5|4|2|Se vende casa primer Y segundo piso en san miguel en esquina. Casa en esquina de 197m2 en Urbanización La Arboleda de Maranga - San Miguel, a unas cuadras de la Avenida la Marina y Avenida Insurgente. Piso 1 y 2Sala comedorCocina cerrada5 Dormitorios4 baños completos 1/2 BañoVista externa Cochera para 2 autosLavandería independienteDepositoJardinLa casa tiene 3 pisos, pero solo se vende el primer y segundo piso, en el tercer piso hay un departamento independizado que no se vende. El primer y segundo piso consta de 5 dormitorios, 4 baños completos y medio baño para la visita, tiene una cómoda sala de estar, sala comedor amplio, buena iluminación y ventilación, tiene cochera con espacio para 2 autos. importanteantigüedad 20 añosse aceptan todos los bancosprecio: $280, 000contactojorly hernandez**9*8*9*3*1*0*1*5*0**|https://urbania.pe/inmueble/clasificado/veclcain-venta-de-casa-en-san-miguel-lima-5-a-mas-dormitorios-147483402?n_src=Listado&n_pills=Jard%C3%ADn&n_pg=1&n_pos=23|2026-02-01
urbania|casas|venta|Lima Moderna|San Miguel|"Bahia de Paracas
San Miguel, Lima"|S/ 807,000 · USD 240,000|807000|240000||105|"176 m² tot.
4 dorm.
2 baños"|176|4|2||¡Ideal para familias que buscan amplitud, seguridad y ubicación estratégica! Ponemos a la venta esta acogedora y funcional casa de dos pisos ubicada en la tranquila y segura Urbanización Astete, en el límite de San Miguel y La Perla, cerca de avenidas principales, colegios, centros comerciales y a pasos del Ministerio de Marina. Área de terreno: 140 m² Área construida: 176. 41 m² Antiguedad 50 años Primer piso: 98. 21 m² Segundo piso: 78. 20 m² Azotea (ampliable): 80 m² Distribución: Primer Piso: Amplia sala-comedor con vista al patio jardín Cocina independiente y ventilada, con vista al jardín Baño de visita remodelado. Lavandería y zona de servicio posterior Patio jardín interno que brinda iluminación y frescura Segundo Piso: 4 habitaciones de buen tamaño, 3 de ellas con closet 1 baño completo amplio y remodelado Azotea: Espaciosa azotea de 80 m², ideal para construir un tercer piso o área social adicional Seguridad y Estacionamiento asignado a la casa ubicado dentro de parque cerrado y monitoreado con camaras de video vigilancia Casa ubicada dentro de un pasaje cerrado con caseta de vigilancia privada Zona muy tranquila y segura Espacio para estacionar 1 vehículo y área para visitas (coordinación previa con vigilancia) Ubicación estratégica: Muy cerca de: Av. La Marina Av. Haya de la Torre Colegios, supermercados y centros médicos Ministerio de Marina Esta casa combina ubicación, espacio, seguridad y potencial de crecimiento. ¡No pierdas la oportunidad de conocerla! Contáctame para agendar tu visita. Precio negociable|https://urbania.pe/inmueble/clasificado/veclcain-venta-de-casa-en-san-miguel-lima-4-dormitorios-148807207?n_src=Listado&n_pills=Jard%C3%ADn&n_pg=1&n_pos=24|2026-02-01
urbania|casas|venta|Lima Moderna|San Miguel|"Manco Segundo 690
San Miguel, Lima"|S/ 1,600,000 · USD 390,000|1600000|390000||10|"220 m² tot.
8 dorm.
4 baños"|220|8|4||Veronica Troncoso 9 3 7 7 7 2 1 5 0 bajo de precio vendo amplia casa de dos pisos habilitada para consultorios, clínicas, instituto medico etc a media cuadra del parque Rosa Merino, muy buena zona, bastante iluminada, rodeada de parques y muy buena distribución, cerca a avenidas de alto transito como Av. La Marina, Av. Los Patriotas, Av. Escardo, cercana a Centros comerciales, Colegios, Nidos, Universidades, Centros Financieros, Clinicas, Hospitales, etc. Cuenta con la siguiente distribución: Primer piso Cinco consultorios, 3 baños, recepción 2do piso Cuatro consultorios, 2 baños Estacionamiento para un carro, instalaciones trifásicas, pozo a tierra. Terraza **|https://urbania.pe/inmueble/clasificado/veclcain-venta-de-casa-en-san-miguel-lima-5-a-mas-dormitorios-147788753?n_src=Listado&n_pg=1&n_pos=25|2026-02-01
urbania|casas|venta|Lima Moderna|San Miguel|"urbanizacion maranga tercera etapa
San Miguel, Lima"|S/ 2,539,500 · USD 750,000|2539500|750000|||"429 m² tot.
7 dorm.
3 baños
4 estac."|429|7|3|4|Área total: 429 m2. frente: 13 ml. Fondo: 33 ml. Amplio terreno de 429 m² ubicado entre Av. La Marina y Av. Patriotas, en una zona residencial de alta demanda, ideal para proyectos inmobiliarios, multifamiliares o vivienda exclusiva, para inversiones de empresas privadas o públicas para servicios. Ubicado en calle, entre la av. La marina y av. Patriotas. A unas cuadras de upc, gimnasios., icpna, Britanico, Supermercado Metro, A 5 minutos de plaza san miguel Colegio Claretiano, a 10 minutos del colegio La Unión, Tottus, Sodimac, bancos, Universidad Catolica pucp y Universidad San Marcos. Ubicación privilegiada: Calle tranquila, con fácil acceso a vías principales, centros comerciales, colegios, universidades y servicios. Características: Zonificación: rdm. 1er piso: Jardín o estacionamiento para 4 autos. Sala y comedor. Cocina cerrada. 7 dormitorios amplios. 2 baños completos y 1 baño de visita. 3 patios internos. 2do piso: 1 oficina grande. 1 baño completo. Documentos en regla. No tiene hipoteca ni carga. ¡Contáctanos y conoce más sobre este increíble terreno!|https://urbania.pe/inmueble/clasificado/veclcain-venta-de-casa-en-san-miguel-lima-5-a-mas-dormitorios-147916496?n_src=Listado&n_pills=Jard%C3%ADn&n_pg=1&n_pos=26|2026-02-01
urbania|casas|venta|Lima Moderna|San Miguel|"Av. Andrés Rázuri al 100
Maranga, San Miguel"|S/ 1,108,537 · USD 330,000|1108537|330000|||"207 m² tot.
4 dorm.
1 estac."|207|4||1|Contacto: Carmen PrietoWhatsApp: 9. 8. 1. 2. 8. 3. 3. 1. 0Te presentamos esta propiedad ubicada en la Av. Andrés Razuri, tercera etapa de la Urbanización Maranga, en San Miguel, esta propiedad se encuentra dentro de un entorno residencial consolidado, pero con excelente acceso a las principales vías de la zona, como Av. La Marina, De los Patriotas y La Paz. San Miguel es hoy uno de los distritos de mayor auge inmobiliario, con fuerte desarrollo de centros comerciales, proyectos residenciales y servicios, lo que convierte a esta casa en una excelente oportunidad tanto para vivienda como para inversión. La casa tiene una área de terreno de 207. 30 m² y un área construida de 225. 00 m², distribuidos en dos pisos, totalmente construida en material noble (ladrillo y concreto) y en buen estado de conservación. Su antigüedad se divide en dos etapas: una parte construida hace 60 años y otra hace 31 años, ambas perfectamente integradas, en un terreno de forma regular y superficie plana. Distribución del inmueble: Primer Piso: Cochera al ingreso, apta para auto o camioneta. Mini departamento independiente al lado derecho, ideal para renta o uso familiar, que cuenta con: • Sala comedor • Dormitorio con clóset • Cocina • Baño completo • Patio y lavandería propiaIngreso principal a la casa, donde encontrarás: • Amplia sala comedor de generosas dimensiones y muy iluminada, con salida directa a un jardín interior • Baño de visita • Cocina grande, con salida a un patio y área de lavandería (ambas perfectas para remodelar a tu gusto) • Escalera interior que conecta al segundo pisoSegundo Piso: • Tres dormitorios bastante amplios y luminosos • Hall de distribución • Baño completo compartido • Uno de los dormitorios tiene acceso a un patio interno con escalera al primer nivel (opción ideal si buscas independencia de espacios) • Las dimensiones permiten fácilmente construir un baño adicional si así lo deseasCaracterísticas adicionales: • Pisos de parquet, puertas y marcos de madera, algunos ambientes con puertas contraplacadas • Instalación completa de agua fría, caliente y desagüe • Corriente monofásica empotrada • Azotea disponible, ideal para construir una terraza o incluso un nuevo departamento como inversión • Todos los documentos en regla: Partida Registral, Autovalúo y Certificado de Parámetros UrbanísticosPrecio de venta: $330, 000 dólaresEsta casa destaca por sus amplios espacios, su sólida construcción y la posibilidad de adaptarla o ampliarla según tus necesidades. Una excelente alternativa para familias o inversionistas que buscan ubicación, potencial y proyección en San Miguel. ¡No dudes en escribirme, estaré encantada de coordinar una visita! Contacto: Carmen PrietoWhatsApp: 9. 8. 1. 2. 8. 3. 3. 1. 0|https://urbania.pe/inmueble/clasificado/veclcain-venta-de-casa-en-maranga-san-miguel-4-dormitorios-147047657?n_src=Listado&n_pills=%C3%81rea+de+lavander%C3%ADa&n_pg=1&n_pos=27|2026-02-01
urbania|casas|venta|Lima Moderna|San Miguel|"Auzangate
Maranga, San Miguel"|S/ 1,406,000 · USD 380,000|1406000|380000|||"250 m² tot.
7 dorm.
5 baños
2 estac."|250|7|5|2|Excelente propiedad en venta, Urbanización Maranga, San Miguel!! Ubicada cerca de universidades, Centro comercial San Miguel, colegios. A pocas cuadras de la Avenida La Marina, Faucett. Fácil acceso a la Costa Verde. Bonita casa de 180 metros cuadrados, cuenta con un departamento independiente en el tercer piso. La casa tiene 2 estacionamientos. Sala, comedor de muy buen tamaño y salita de estar o bar. Jardín y terraza con parrilla. Amplia cocina con área de comedor de diario. Cuarto y baño de servicio en primer piso. Baño de visitas. Segundo nivel: Cuenta con 4 dormitorios con closet súper iluminados con luz natural, 2 baños completos. Sala de tv. Departamento Tercer Piso: Salita, comedor con vista a calle. Cocina cerrada con reposteros en madera. Tres dormitorios, el principal de buen tamaño con baño incorporado moderno. Dos dormitorios secundarios con closet. Segundo baño completo. Cuarto de escritorio. Terraza con parrilla. Zona tranquila, vigilada. A pocas cuadras de la Comisaría de Maranga. Precio $380, 000 conversable. Visitas comunicarse al whattsapp Ver datos. #sanmiguel #maranga #venta #casa|https://urbania.pe/inmueble/clasificado/veclcain-venta-de-casa-en-maranga-san-miguel-5-a-mas-dormitorios-146215509?n_src=Listado&n_pills=Seguridad&n_pg=1&n_pos=28|2026-02-01
urbania|casas|venta|Lima Moderna|San Miguel|"Jirón Bahía de Pisco
Lima, San Miguel"|S/ 1,325,000 · USD 359,999|1325000|359999|||"455 m² tot.
10 dorm.
6 baños
2 estac."|455|10|6|2|Casa · 450m² Construido. 140m² Area de Terreno. 10 dormitorios. 2 estacionamientos. venta S/ 1, 680, 000 · usd 420, 000. Bahía de Pisco, San Miguel, Lima. 7 baños. 2 estac. 10 dorm. 2 medios baños. 13 años. Venta Casa en San Miguel S/ 1, 680, 000. Remato Casa - Edificio//duplex//2 Flat//loft//terraza//cocheras 9. 4. 0. 2. 2. 0. 7. 8. 0. Edificio 5 Pisos - Casa. Cuenta con duplex. 2 departamentos. Loft, Terraza, tendal. . . 9. 4. 0. 2. 2. 0. 7. 8. 0. Area de terreno 140M2. arra construida 450M2 aprox. Maryon Lilibeth Muñoz Arrieta. 9. 4. 0. 2. 2. 0. 7. 8. 0. Espectacular Casa - Edificio de 5 Pisos con terraza y 6piso tendal, ubicada en zona céntrica a un paso de insurgentes, Av. La marina, colegios a minutos, a pasos de la alameda de Precursores, a minutos de Plaza San Miguel y límite con la Naval. Transporte público para todo Lima, colegios, comercios, todo a la mano y facil acceso a la bajada de playa. Primer y segundo piso 230m² Re-construido en el 2012. Tercer, cuarto y quinto piso fue edificado hace 05 años junto con el área de terraza, servicio y tendal. Primer piso: 140m² Aprox. Fue totalmente remodelado en el año 2012, cuenta con una amplia cochera para camioneta o 2 autos, y colgadores de bicicletas. Tiene dos entradas una principal y otra de servicio. Cuenta con sala-comedor amplio, un cuarto amplio, terraza interna, baño de visitas, amplia cocina con impecables muebles altos y bajos e isla amplia como comedor de diario. Segundo Piso: 95m² Aprox. 04 Dormitorios, el principal con walkin closet y clóset de pared a pared, baño incorporado con baño de hidromasaje español, 03 habitaciones amplias con clóset de pared a pared y donde entran cama queen, escritorio con la mejor de las comodidades, 1 baño completo compartido. Ventilación e iluminación natural. Tercer Piso: 95m² Aprox. Departamento amplio con sala-comedor y balcón, de 02 Dormitorios, un baño completo en el cuarto principal, y 01 Baño compartido con la 2da habitación y visitas. Cuenta con espacio amplio con puntos de agua para implementar un kitchenette, y si desea una habitación más. Cuarto piso: 95m² Departamento amplio con sala-comedor y balcón, de 02 Dormitorios, un baño completo en el cuarto principal, y 01 Baño compartido con la 2da habitación y visitas. Cuenta con espacio amplio y puntos de agua para implementar un kitchenette, y si desea una habitación más. Quinto piso: 95m² Aprox. Una Mini-departamento estilo loft americano (Abierto) con espacio para implementar el kitchenette. Cuenta con medio baño (Para implementar ducha), y área de lavandería completa, asimismo tiene una amplia de terraza y parrilla con vista. panorámica. Sexto piso: 30m² Área de tendal con una increíble vista panorámica. La construcción del 3er, 4to, 5to piso y el area del tendal Aires del 6to piso, se construyeron hace 5años, quedando unos detallitos a implementar de acuerdo al buen gusto del futuro dueño. Por ser céntrico, y límitar con la Naval, es una excelente inversión para alquiler como departamentos y/u oficina. Los acabados son A1. Porcelanato de alta cálidad. Puertas madera. Cableria de cable e internet interno. Pozo a tierra. Acabados hechos para vivir una familia, con detalles especiales. Informes y visitas al 9. 4. 0. 2. 2. 0. 7. 8. 0. Importante para solicitar visitas: Se requiere nombre completo y dni de cada visitante.|https://urbania.pe/inmueble/clasificado/veclcain-venta-de-casa-en-lima-san-miguel-5-a-mas-dormitorios-147596077?n_src=Listado&n_pills=%C3%81rea+de+lavander%C3%ADa&n_pg=1&n_pos=29|2026-02-01
urbania|casas|venta|Lima Moderna|San Miguel|"Jirón Independencia
San Miguel, Lima"|S/ 1,189,250 · USD 355,000|1189250|355000|||"204 m² tot.
4 dorm.
5 baños
1 estac."|204|4|5|1|Oportunidad en San Miguel! Casa con 2 frentes + Local Comercial. Ubicada en una excelente zona de San Miguel, rodeada de áreas verdes. y muy cerca de las principales avenidas: Av. Universitaria, Av. La Marina, Av. Lima y Prolongación Cusco. Además, podrás disfrutar de la cercanía a nuestro hermoso mar. La propiedad está situada paralela a la Av. Universitaria y cuenta con dos frentes, uno de ellos con ingreso a local comercial independiente. Áreas. Área de terreno: 204 m² Área construida: 330 m² Frente: 11 mts. Fondo: 18. 50 mts. Distribución: 1° Piso. Pasadizo. Portón de cochera. Puerta de ingreso a sala y comedor. Cocina con reposteros altos y bajos en melamine. Baño completo. Patio interior con lavandería y baño. Local comercial con ingreso independiente por la otra calle. (La casa cuenta con 2 frentes) 2° Piso. Balcón–terraza con mampara. Sala de tv. Dormitorio principal con clóset y baño incorporado. Dormitorio secundario con clóset y baño incorporado. 2 dormitorios secundarios adicionales con un baño común. 3° Piso. Mini departamento. Visítenos para que pueda conocer la ubicación, el entorno y todas las comodidades que ofrece esta amplia propiedad. Informes: 9 9 6 4 3 8 1 6 4|https://urbania.pe/inmueble/clasificado/veclcain-venta-de-casa-en-san-miguel-lima-4-dormitorios-148198473?n_src=Listado&n_pills=Cerca+a+colegios&n_pg=1&n_pos=30|2026-02-01
urbania|casas|venta|Lima Moderna|San Miguel|"JOSE MARIA MORELOS 306
San Miguel, Lima"|S/ 940,995 · USD 280,000|940995|280000|||"140 m² tot.
7 dorm.
4 baños
2 estac."|140|7|4|2|Area: 140 M2. area construida: 230 M2. Ubicada en calle José Maria Morelos cdra. 3. Entre av. Venezuela y av. Pio xii. Zona privada con seguridad 24/7. A 3 cdras la av. Faucett encontramos bancos, farmacias, mercados, Supermercado Metro, a 15 minutos a la universidad Catolica pucp y a 10 minutos de la universidad Mayor de San Marcos, Hospital y escuela Naval. Hermosa Casa de 2 Pisos + Azotea, frente a parque y con jardín interno. Tiene 7 dormitorios y 4 baños con ducha y 1 baños de visita. 1er Piso – Construcción en material noble. Acogedora sala y comedor con piso de parquet, iluminado y con vista y salida directa al jardín interno. Cocina cerrada, moderna, con muebles de melamine de alta calidad (instalados hace 1 año). 1 baño de visita. 1er dormitorio con baño privado con ducha, con hermosa vista al jardín interno. 1 cochera interna techada + 1 cochera externa. Con la opción de alquiler una 3ra cochera dentro de la residencial. Amplio y bonito jardín interno, ideal para reuniones familiares o espacio verde privado. 2do Piso – Construcción en material noble. 4 dormitorios amplios con piso de parquet y cortina instalada. 2 con vista al parque externo, perfectos para quienes buscan luz natural. 1 con vista al jardín interno. 1 dormitorio con vista interna. 1 baño completo compartido. 5to dormitorio con baño privado con ducha en un 2do piso que se accede por la escalera posterior de la casa. 3er Piso – Azotea construida (material noble + drywall de calidad) 2 ambientes con vista exterior al parque, con ventanas y rollers. 1 dormitorio con vista interior, también con roller blackout. 1 baño completo con ducha. Zona de Lavandería. Área de parrilla, perfecta para reuniones. Características del lote. Frente: 7 ml. Fondo: 20 ml. Zonificación residencial, con parámetros para construir hasta 4 pisos + azotea. Ubicación privilegiada frente a parque y con excelente distribución interna. La casa se encuentra en una zona segura, dentro de un condominio privado y cerrado. Cuenta con vigilancia privada 24 horas y 7 días de la semana. Medidores independientes de gas, luz y agua. La propiedad no tiene hipoteca ni cargas y ofrece entrega inmediata.|https://urbania.pe/inmueble/clasificado/veclcain-venta-de-casa-en-san-miguel-lima-5-a-mas-dormitorios-148325734?n_src=Listado&n_pills=%C3%81rea+de+lavander%C3%ADa&n_pg=2&n_pos=1|2026-02-01
urbania|casas|venta|Lima Moderna|San Miguel|"Calle incahuasi 181
Udima, San Miguel"|S/ 1,000,000 · USD 320,000|1000000|320000|||"400 m² tot.
8 dorm.
4 baños
2 estac."|400|8|4|2|Casa frente a parque de 3 pisos, cada uno de los pisos son departamentos + cochera para 2 autos. - Área de terreno 180 m2. 1er piso. - Jardín. - Cochera para 2 carros. - 3 habitaciones. - 2 baños. - cocina. - Sala comedor. - patio trasero. - tendal. - conexión gas natural. 1 cuarto de servicio. 2do piso. - 2 habitaciones. - 1 baño. - Cocina. - sala comedor. - tendal. - Conexión gas natural. 3er piso. - 2 habitaciones. - 1 baño. - Cocina. - Sala comedor. - Tendal. Cambio de cañerías no, o parcial, solo cuando había filtraciones y luz si, hace más o menos 10 años. Cada piso es independiente. ingreso común por el patio exterior|https://urbania.pe/inmueble/clasificado/veclcain-venta-de-casa-en-udima-san-miguel-5-a-mas-dormitorios-148360068?n_src=Listado&n_pills=%C3%81rea+de+lavander%C3%ADa&n_pg=2&n_pos=2|2026-02-01
urbania|casas|venta|Lima Moderna|San Miguel|"Cruce DE Faucett CON LA Marina
San Miguel, Lima"|S/ 1,153,200 · USD 310,000|1153200|310000|||"188 m² tot.
4 dorm.
2 baños
3 estac."|188|4|2|3|Se vende linda casa muy bien distribuida en 3 pisos en una excelente zona, en un área de 188. 50 m2 y techada de 220. 50 m2 en uno de los mejores distritos de Lima: San Miguel. A unos pasos de Av. La Marina, Av. Los Precursores, Cassinelli, Parque José Abelardo Quiñones, Parque de las Leyendas, Plaza San Miguel, Open Plaza La Marina, Tottus. La oportunidad de disfrutar desde una zona exclusiva próxima a todo lo que usted y su familia se merecen: tranquila y segura. Acabados de primera calidad, con muebles en melamina, además de pisos cerámicos en cocina y baños. Distribución: • Sala y comedor amplios• Family Room• Cocina amoblada con comedor de diario• 4 dormitorios amplios e iluminados• 2 y 1/2 baños• Área de lavandería• Cuarto de servicio con baño• Cochera para 3 autos. * Las fotografías, precios y descripción de esta propiedad son|https://urbania.pe/inmueble/clasificado/veclcain-venta-de-casa-en-san-miguel-lima-4-dormitorios-147556605?n_src=Listado&n_pills=Cuartos+de+servicio&n_pg=2&n_pos=3|2026-02-01
urbania|casas|venta|Lima Moderna|San Miguel|"dentilac 100
Jose De La Riva Aguero, San Miguel"|S/ 1,058,400 · USD 315,000|1058400|315000|||"200 m² tot.
4 dorm.
3 baños"|200|4|3||Casa en venta ubicada en Jose De La Riva Aguero, ideal para familias. Esta propiedad cuenta con 4 recámaras y 3 baños. La superficie construida es de 180 m2, mientras que la superficie total alcanza los 200 m2. En su interior, encontrarás una cocina funcional, un área de lavandería y un cuarto de servicio. El dormitorio principal cuenta con baño propio. Disfruta de 2 niveles construidos con ingreso independiente. En el exterior, la casa ofrece un patio, terraza y jardín(es), perfectos para el esparcimiento. Además, permite mascotas y cuenta con áreas verdes. La zona es residencial y tranquila, con escuelas cercanas y fácil acceso a servicios básicos como agua y luz.|https://urbania.pe/inmueble/clasificado/veclcain-venta-de-casa-en-jose-de-la-riva-aguero-san-miguel-4-dormitorios-148665550?n_src=Listado&n_pills=Cerca+a+colegios&n_pg=2&n_pos=4|2026-02-01
urbania|casas|venta|Lima Moderna|San Miguel|"Calle Maria Egusquiza de Galvez al 100
Pando Etapa Ii, San Miguel"|S/ 937,440,000 · USD 279,000|937440000|279000|||"160 m² tot.
2 dorm.
1 baño
1 estac."|160|2||1|- casa en vetnat en san miguel - urbanización pando 2da etapa- at. 160 m2 - ac. 117. 61 m2. - frente 8 ml - fondo 20 ml- casa de 1 piso. - 2 dormitorios. - 2 baños (baño de visita Y baño completo en dormitorio). - estacionamiento. - sala. - cocina. - jardin. - parámetros para 4 pisos. Precio en soles referencial, se considerará el tipo de cambio del día.|https://urbania.pe/inmueble/clasificado/veclcain-venta-de-casa-en-pando-etapa-ii-san-miguel-2-dormitorios-148386130?n_src=Listado&n_pills=Jard%C3%ADn&n_pg=2&n_pos=5|2026-02-01
urbania|casas|venta|Lima Moderna|San Miguel|"Maria Egusquiza De Galvez 119
San Miguel, Lima"|S/ 937,440 · USD 279,000|937440|279000|||"160 m² tot.
2 dorm.
1 baño
1 estac."|160|2||1|"Contacto: Mirko Spoya 9. 4. 5. 9. 3. 5. 8. 9. 2. Casa en venta en San Miguel – Urb. Pando 2da Etapa. Si buscas una casa cómoda, funcional y con potencial de crecimiento, esta opción es para ti. Ideal para vivir con tranquilidad o para invertir y proyectar una ampliación. Ubicación: San Miguel – Pando 2da Etapa. Área de terreno: 160 m² | Área construida: 117. 61 m² Medidas: 8. 00 m de frente x 20. 00 m de fondo. Características principales: Casa de 1 piso (práctica y de fácil acceso) ️ 2 dormitorios. 2 baños (baño de visita + baño completo en dormitorio) ️ Sala acogedora. ️ Cocina funcional. Jardín para disfrutar, decorar o ampliar. Estacionamiento. Plus de inversión: ️ Parámetros para 4 pisos — excelente para proyecto familiar o desarrollo a futuro. Agenda una visita"|https://urbania.pe/inmueble/clasificado/veclcain-venta-de-casa-en-san-miguel-lima-2-dormitorios-148512521?n_src=Listado&n_pills=Jard%C3%ADn&n_pg=2&n_pos=6|2026-02-01
urbania|casas|venta|Lima Moderna|San Miguel|"CALLE UNO
San Miguel, San Miguel"|S/ 997,100 · USD 295,000|997100|295000|||"170 m² tot.
4 dorm.
3 baños
2 estac."|170|4|3|2|Linda casa totalmente remodelada, cerca a la av. Costanera que une los puntos importantes de la costa de Lima: casa de 2 plantas mas linda terraza. Caracteristicas. . 1er. Piso: - Fachada con muros altos, ingreso con jardín exterior, cochera para 2 autos. - Sala comedor, con salida a lindo jardín. - Cocina amplia, equipada, diseñada con espacio para comedor de diario. - Alacena (depósito) - Patio con zona de lavado - dormitorio y baño de servicio. - baño de visita. Segundo piso: - Hall de distribución. - 3 dormitorios, el principal con baño incorporado. - otro baño familiar. - 1 escritorio grande, puede ser dormitorio. Azotea O terraza: - Tiene ingreso desde el primer piso, por la parte trasera del jardín. La casa ha sido totalmente remodelada, sistema agua desague, sistema electrico, pisos en porcelanato, sanitarios. Tiene conexion de gas. Area terreno: 1870. Area construida: 280|https://urbania.pe/inmueble/clasificado/veclcain-venta-de-casa-en-san-miguel-san-miguel-4-dormitorios-148427873?n_src=Listado&n_pills=Parrilla&n_pg=2&n_pos=7|2026-02-01
urbania|casas|venta|Lima Moderna|San Miguel|"Calle Condesa de Chinchón 199
San Miguelito, San Miguel"|S/ 1,680,000 · USD 500,000|1680000|500000|||"280 m² tot.
4 dorm.
4 baños
2 estac."|280|4|4|2|Excelente oportunidad de inversión en una ubicación estratégica del distrito de San Miguel. Ubicación: Calle Condesa de Chinchón – Urbanización San Miguelito, San Miguel. Área de terreno: 280 m² Dimensiones: 20 m x 14 m. Condición: Casa en esquina. Entorno y accesibilidad: A 3 cuadras de la Av. La Marina. A 1 cuadra de dos parques. A 5 minutos de Plaza San Miguel. Zona residencial tranquila y consolidada. Distribución actual: 4 habitaciones. Sala – comedor. Cocina con reposteros altos y bajos. Terraza. Jardín. Cochera. Cuarto y baño de servicio. Potencial del inmueble: Ideal para desarrollo de edificio multifamiliar. Terreno en esquina, bien proporcionado y con alta proyección inmobiliaria. Aquí no se compra solo una casa, se adquiere ubicación, frente y valor de desarrollo. Contacto: Diego Serrudo. Ver datos|https://urbania.pe/inmueble/clasificado/veclcain-venta-de-casa-en-san-miguelito-san-miguel-4-dormitorios-148464883?n_src=Listado&n_pills=Cuartos+de+servicio&n_pg=2&n_pos=8|2026-02-01
urbania|casas|venta|Lima Moderna|San Miguel|"Alt. Cuadra 3 de Av. José de la Riva Agüero
San Miguel, San Miguel"|S/ 1,180,800 · USD 320,000|1180800|320000|||"200 m² tot.
8 dorm.
5 baños
1 estac."|200|8|5|1|Bonita y amplia casa, con muy buena iluminación y un área de 200m2, ubicada en zona tranquila y segura de San Miguel, muy cercano a amplios parques. Con fácil acceso a avenidas principales: Av. José de la Riva Agüero, Av. Universitaria, Av. La Marina. Distribución: 1er piso• Sala comedor• Cocina• 3 dormitorios• 1 baño• Cuarto y baño de servicio2do piso: • Sala• 3 dormitorios• 2 baños• Deposito3er piso• Sala• 2 dormitorios• Baño• Área de lavandería• Terraza¡No dudes en visitarla y vivir en un lugar seguro y agradable! * Las fotografías, precios y descripción de esta propiedad son|https://urbania.pe/inmueble/clasificado/veclcain-venta-de-casa-en-san-miguel-san-miguel-5-a-mas-dormitorios-147283761?n_src=Listado&n_pills=Cuartos+de+servicio&n_pg=2&n_pos=9|2026-02-01
urbania|casas|venta|Lima Moderna|San Miguel|"German Stiglish 185
San Miguel, Lima"|S/ 1,044,000 · USD 309,000|1044000|309000|||"140 m² tot.
6 dorm.
4 baños
2 estac."|140|6|4|2|Hermosa casa en esquina en San Miguel, remodelada y muy bien conservada. Ubicada a 1 cuadra de la Av. Insurgentes y a 1 cuadra del Parque Jose Santos Chocano cuenta con una excelente iluminación y ventilación por sus dos frentes. Facilidad de acceso a vías principales, colegios, universidades y centros de salud. En el primer nivel cuenta con dos cocheras con accesos independientes, 1 oficina-consultorio con baño, cocina, lavandería, amplia sala comedor, baño de visita y baño auxiliar. En el segundo nivel cuenta con 3 dormitorios con closet que comparten un baño. En la azotea cuenta con dos dormitorios adicionales que comparten un baño y una terraza. Su distribución la convierte en una excelente alternativa para vivir. ¡No dejes pasar esta oportunidad única de adquirir una casa con gran valor y proyección en el corazón de San Miguel!|https://urbania.pe/inmueble/clasificado/veclcain-venta-de-casa-en-san-miguel-lima-5-a-mas-dormitorios-148385255?n_src=Listado&n_pills=Cuartos+de+servicio&n_pg=2&n_pos=10|2026-02-01
urbania|casas|venta|Lima Moderna|San Miguel|"AV. PRECURSORES
Maranga, San Miguel"|S/ 1,088,000 · USD 320,000|1088000|320000|||"269 m² tot.
6 dorm.
2 baños
2 estac."|269|6|2|2|Vendo casa de tres pisos en maranaga san miguel muy buena zona area de terreno 160 mt Y de contruccion 270 mt 1er piso dos amplias salas, comedor baño de visita cocina amplia con muebles altos Y bajos alacena cuarto deposito O artículos de limpieza Y una terraza con jardín una amplia cochera interna Y otra externa segundo nivel sala de distribucion cuatro amplios dormitorios con closet el principal con baño incorporado Y otro baño completo tercer nivel azotea tres cuartos amplios con closet uno con pisos de parquet Y un baño completo $320, 000. 00 toda la documentacion en regla|https://urbania.pe/inmueble/clasificado/veclcain-venta-de-casa-en-maranga-san-miguel-5-a-mas-dormitorios-148205854?n_src=Listado&n_pills=Cuartos+de+servicio&n_pg=2&n_pos=11|2026-02-01
urbania|casas|venta|Lima Moderna|San Miguel|"Av. Mariscal Antonio José de Sucre 560
San Miguel, Lima"|S/ 918,000 · USD 270,000|918000|270000||120|"150 m² tot.
5 dorm.
2 baños"|150|5|2||Hermosa casa en condominio ubicada a un paso del mercado Magdalena y al malecon Bertolotto. Direccion: Av. Mariscal Antonio Jose de Sucre 560, San Miguel. Area de Terreno: 54 m2. Area Construida: 150 m2. Solo Whatsapp: 904, 198, 661. Primer piso: - Sala. - Comedor. - Cocina. - Baño de visitas. - Patio. Segundo piso: - Dormitorio principal. - Dos dormitorios. - Baño completo. Tercer piso: - Dos dormitorios. - Un estudio. - Baño completo. Azotea: - Cuarto de servicio/deposito. - Lavanderia. Tambien incluye: - Gas Natural para cocina y terma. - Ventanas antiruido. - Incluye lavadora.|https://urbania.pe/inmueble/clasificado/veclcapa-venta-de-casa-en-san-miguel-lima-5-a-mas-dormitorios-148508534?n_src=Listado&n_pills=%C3%81rea+de+lavander%C3%ADa&n_pg=2&n_pos=12|2026-02-01
urbania|casas|venta|Lima Moderna|San Miguel|"Jirón María José de Arce 359
Maranga, San Miguel"|S/ 5,814,000 · USD 1,710,000|5814000|1710000|||"855 m² tot.
4 dorm.
4 baños"|855|4|4||Vendo tres inmuebles con excelente ubicación muy cerca a avenida la marina, escardó, centros comerciales, restaurantes, universidades, consta de un área total de terreno de 855 m2, excelente para proyecto inmobiliario, con parámetros de construcción para 8 pisos, precio totalmente negociable de 1' Ver datos dólares, personas interesadas comunicarse al Ver datos.|https://urbania.pe/inmueble/clasificado/veclcain-venta-de-casa-en-maranga-san-miguel-4-dormitorios-148597400?n_src=Listado&n_pills=Jard%C3%ADn&n_pg=2&n_pos=13|2026-02-01
urbania|casas|venta|Lima Moderna|San Miguel|"CALLE SAN CARLOS 187, SAN MIGUEL
Santa Florencia, San Miguel"|S/ 1,129,600 · USD 320,000|1129600|320000|||"272 m² tot.
4 dorm.
2 baños
1 estac."|272|4|2|1|Características: La casa tiene 3 pisos. área de terreno 146m2. área construida 1er piso 120m2. área construida 2do piso 124m2. área construida 3er piso 30m2. 1er piso. Sala amplia con chimenea, Comedor. Baño de visita. Cocina. comedor de diario. Terraza. 2do piso. 4 habitaciones. 2 baños. la habitación principal con baño incorporado, Todas las habitaciones tienen clósets, 3er piso. 1 cuarto amplio. Área de lavandería. Cuarto y baño de servicio. Tiene conexión a Gas, calidda. En la cochera tiene una cisterna tanque subterráneo de agua, de muy buena capacidad para las épocas de interrupción del suministro de agua en Lima|https://urbania.pe/inmueble/clasificado/veclcain-venta-de-casa-en-santa-florencia-san-miguel-4-dormitorios-146278929?n_src=Listado&n_pills=%C3%81rea+de+lavander%C3%ADa&n_pg=2&n_pos=14|2026-02-01
urbania|casas|venta|Lima Moderna|San Miguel|"Solitario de Sayan 437
San Miguel, Lima"|S/ 1,200,000 · USD 320,000|1200000|320000|||"207 m² tot.
3 dorm.
2 baños
1 estac."|207|3|2|1|Id: 3 3 0 1 7 *recibe información de inmediato escaneando el código qr! * Vendo casa a precio de terreno, con un área de terreno de 207 m2. Ubicada en la cuadra 4 de la Calle Solitario de Sayán, fente al parque Ayacucho, paralela a la cuadra 4 de Patriotas y cuadra 30 de La Av. La Marina. A solo 4 cuadras de la Av. Escardo. Cerca a Plaza San Miguel, Metro, Tottus, upc y pucp. Frente: 9 m. Fondo: 23 m. Parámetros para 5 pisos mas azotea. Zonificación: rdm ii Area construida: 130 m2 Pisos: 1 Distribución: 1 cochera, jardín interior, 3 Dormitorios, área de cocina, patio trasero, 2 baños, cuarto y baño de servicio. 121% comprometidos en brindarte un servicio de excelencia.|https://urbania.pe/inmueble/clasificado/veclcain-venta-de-casa-en-san-miguel-lima-3-dormitorios-147503430?n_src=Listado&n_pills=Parrilla&n_pg=2&n_pos=15|2026-02-01
urbania|casas|venta|Lima Moderna|San Miguel|"Chachani
Maranga, San Miguel"|S/ 1,038,500 · USD 310,000|1038500|310000|||"160 m² tot.
7 dorm.
5 baños
2 estac."|160|7|5|2|Aquí te presento esta muy buena opción de casa lista para vivir en San Miguel, rodeada de parques cerca a las avenidas De Los Precursores y de Av Faucett, cerca a Plaza San Miguel. Casa amplia e iluminada, ideal para familia numerosa o para empresa. Distribución: 1er piso: 2 cocheras internas1 cochera externaSala comedor3 habitaciones1 cocina1 lavandería1 baño completo1 patio2do piso: Sala comedor1 cocina2 habitaciones1 baño completo1/2 baño1 zona de escritorio3er piso: TerrazaComedor1 cocina y lavandería2 habitaciones1 patio tendal1 baño completoAgenda tu visita y ven a conocerla Las imágenes y/o información de este inmueble son de carácter referencial. R. uc.: Razón social: Inversiones Delia S. A. C.|https://urbania.pe/inmueble/clasificado/veclcain-venta-de-casa-en-maranga-san-miguel-5-a-mas-dormitorios-148604855?n_src=Listado&n_pills=%C3%81rea+de+lavander%C3%ADa&n_pg=2&n_pos=16|2026-02-01
urbania|casas|venta|Lima Moderna|San Miguel|"Calle Miguel Hidalgo, San Miguel
San Miguel, Lima"|S/ 1,411,200 · USD 420,000|1411200|420000|||"180 m² tot.
8 dorm.
4 baños
1 estac."|180|8|4|1|Amplia casa de 180 m2, tres pisos en San Miguel ideal para familia grande, alquiler de cuartos independientes en tercer piso o proyecto inmobiliario. - Ocho habitaciones amplias, la principal con baño y pequeño walkin closet. - Cuatro baños. - Estudio, ideal para home office o cuarto de lectura. - Cocina amplia. - Cuarto de depósito, siempre necesario para guardar diversos artículos del hogar. - Cochera para un vehículo. - Jardín interior y exterior para disfrutrar de una parrilla o de las áreas verdes. - El precio incluye muebles de finos acabados. - Ubicada en zona estratégica de San Miguel, frente a un parque; cerca a supermercados, centro comercial, bancos, colegios, universidades, a pocos minutos del circuito de playas.|https://urbania.pe/inmueble/clasificado/veclcain-venta-de-casa-en-san-miguel-lima-5-a-mas-dormitorios-148362072?n_src=Listado&n_pills=Jard%C3%ADn&n_pg=2&n_pos=17|2026-02-01
urbania|casas|venta|Lima Moderna|San Miguel|"Jirón Arica 1
San Miguel, Lima"|S/ 2,178,400 · USD 560,000|2178400|560000|||"445 m² tot.
4 dorm.
3 baños
2 estac."|445|4|3|2|Vendo Linda casa en calle Jirón Arica 1, San Miguel. (Ref: espalda de la municipalidad de San Miguel). Área Terreno: 404 m2, Área Construida: 445 m2. Vista a la calle, dos plantas. Hall de ingreso, comedor, comedor de diario, cocina, escritorio, sala de estar, 4 dormitorios, 3 baños, 1 baño incorporado, 1 cuarto de servicio, 1 baño de servicio, lavandería. Terraza, 2 cocheras paralelas abiertas. Mg|https://urbania.pe/inmueble/clasificado/veclcain-venta-de-casa-en-san-miguel-lima-4-dormitorios-146767396?n_src=Listado&n_pills=%C3%81rea+de+lavander%C3%ADa&n_pg=2&n_pos=18|2026-02-01
urbania|casas|venta|Lima Moderna|San Miguel|"Collasuyo al 100
San Miguel, Lima"|S/ 1,776,750 · USD 515,000|1776750|515000|||"350 m² tot.
5 dorm.
4 baños
4 estac."|350|5|4|4|Casa en venta en san miguel cerca A parque para vivienda O proyecto inmobiliario Amplia Casa en venta de 3 pisos, y a solo una cuadra de la Av. La Marina. Parámetros de 5 a 6 pisosÁrea de terreno 270 m2Área construida 350 m210x 27 mlPrimer piso: Garaje para 3 hasta 4 carrosRecibidorSala, incluye moderno centro de tv, pedestales en caoba tallada. Comedor, incluye consola en caobaCocina espaciosa con acceso al patio, pisos en cerámico, incluye cocina de 5 hornillas y refrigeradora. Baño de visitasHabitación con baño propio, incluye sofá de 2 cuerpos, escritorio y sillaÁrea de lavadoAmplio Jardín interiorSegundo Nivel: Sala de estar, incluye sofá cama1 habitación principal con baño propio y closet, se deja toda amoblada. 3 amplias habitaciones secundarias, todas con closetBaño completoTercer Nivel: AzoteaÁrea de lavado, incluye lavadoraCaracterísticas: Pisos en parquetVentanas modernas en sistema pivot con vidrio y accesoriosPuerta principal en caoba talladaPatio con pisos en porcelanatoAdemás cuenta con un área adicional para negocio o rentabilizarlo como alquiler de local Características: Pisos en parquetVentanas modernas en sistema pivot con vidrio y accesoriosPuerta principal en caoba talladaPatio con pisos en porcelanatoagenda tu visita, esta casa es ideal tanto para vivienda como para proyecto inmobiliario. 121% comprometidos en brindarte un servicio de excelencia.|https://urbania.pe/inmueble/clasificado/veclcain-venta-de-casa-en-san-miguel-lima-5-a-mas-dormitorios-147978382?n_src=Listado&n_pills=Jard%C3%ADn&n_pg=2&n_pos=19|2026-02-01
urbania|casas|venta|Lima Moderna|San Miguel|"Pasaje Bahia de Paracas San Miguel
San Miguel, Lima"|S/ 887,500 · USD 250,000|887500|250000||105|"140 m² tot.
4 dorm.
2 baños
1 estac."|140|4|2|1|Ponemos a la venta esta acogedora y funcional casa de dos pisos ubicada en la tranquila y segura Urbanización Astete, en el límite de San Miguel y La Perla, cerca de avenidas principales, como Haya de la torre, av Venezuela y av de la marina, colegios, centros comerciales y a pasos del Ministerio de Marina. Ideal para familias que buscan amplitud, seguridad y ubicación estratégica. Primer Piso: Amplia sala-comedor con vista al patio jardín, baño de visita remodelado, Cocina independiente y ventilada, con vista al jardín. Lavandería y zona de servicio posterior, Patio jardín interno que brinda iluminación y frescura. Segundo Piso: 04 habitaciones de buen tamaño, 3 de ellas con closet, 01 baño completo amplio y remodelado. Azotea: Espaciosa azotea de 80 m², ideal para construir un tercer piso o área social adicional. Seguridad y Estacionamiento dentro de parque cerrado y monitoreado con cámaras de video vigilancia Casa ubicada dentro de un pasaje cerrado con caseta de vigilancia privada Zona muy tranquila y segura Espacio para estacionar 1 vehículo en el condominio al aire libre y área para estacionamiento de visitas (coordinación previa con vigilancia)|https://urbania.pe/inmueble/clasificado/veclcain-venta-de-casa-en-san-miguel-lima-4-dormitorios-148807309?n_src=Listado&n_pills=Guardian%C3%ADa%2FSeguridad+privada&n_pg=2&n_pos=20|2026-02-01
urbania|casas|venta|Lima Moderna|San Miguel|"Calle Mariano Valdarrago; Maranga, San Miguel al 200
Maranga, San Miguel"|S/ 968,400 · USD 269,000|968400|269000|||162 m² tot.|162||||Venta de Casa – Oportunidad de Terreno en San Miguel Descubre la oportunidad de adquirir esta propiedad en la Urbanización Maranga, San Miguel, ideal tanto para un proyecto de vivienda familiar como para un proyecto inmobiliario. Ubicada en calle Mariano Valdarrago, a media cuadra del Parque Virgen de Fátima, próxima al Colegio Claretiano, al C. C Plaza San Miguel y con fácil acceso a las avenidas Rafael Escardó, Precursores y La Marina. Características generales: •Área total: 162 m²•Área construida: 81 m²•Antigüedad: 49 años•Niveles: 1 piso Potencial inmobiliario: •Parámetros para edificar hasta 4 pisos más azotea, brindando la posibilidad de ampliación o desarrollo. Valor agregado: La propiedad conserva una edificación tradicional, lista para transformarse en un nuevo concepto de vivienda o proyecto inmobiliario. Además, su cercanía a las principales vías de conexión hacia el aeropuerto y los puertos marítimos, la convierte también en una alternativa estratégica para el desarrollo de una empresa vinculada al rubro aduanero o logístico. Un entorno residencial que combina tranquilidad, áreas verdes y conectividad, hacen de esta propiedad una inversión con visión de futuro. Precio: $269, 000 ¡Contáctanos para coordinar una visita y conocer todo el potencial que ofrece! jl-04|https://urbania.pe/inmueble/clasificado/veclcain-venta-de-casa-en-maranga-san-miguel-148541726?n_src=Listado&n_pg=2&n_pos=21|2026-02-01
urbania|casas|venta|Lima Moderna|San Miguel|"Av. Tacna
San Miguel, Lima"|S/ 1,631,250 · USD 435,000|1631250|435000|||"276 m² tot.
3 dorm.
3 baños
5 estac."|276|3|3|5|Precio de venta us$ 435, 000. A. T. 276. 00 m2. A. C. 469. 00 m2. 15 años de antigüedad en muy buen estado de conservación. vista a la calle. Linderos: Frente y fondo 12 ml. Izq. Y der. 23 ml. Zonificación rdm. parámetros para 5 pisos. Descripción: Actualmente es una casa de dos plantas, Sala, comedor, cocina, sala de estar, 3 dormitorios, 3 baños, 1 cuarto de servicio, 1 baño de servicio, lavandería. Terraza, 5 cocheras tipo paralelas. También contamos con otras alternativas bastante similares en la misma zona y presupuesto, para nosotros será un gusto enviarle un listado para que Ud. Escoja ¿cuál sería de su interés? (con características similares a esta propiedad) a su correo, así facilitamos su búsqueda y si desea comuníquese con nosotros al 9. 9. 4. 2. 0. 7. 8. 6. 0. Será un gusto atenderlos!|https://urbania.pe/inmueble/clasificado/veclcain-venta-de-casa-en-san-miguel-lima-3-dormitorios-3792968?n_src=Listado&n_pills=Parrilla&n_pg=2&n_pos=22|2026-02-01
urbania|casas|venta|Lima Moderna|San Miguel|"Calle Los Yungas 270
San Miguel, Lima"|S/ 309,750 · USD 88,500|309750|88500|||"53 m² tot.
2 dorm.
2 baños"|53|2|2||Departamentos de Estreno - Urbanización Maranga - San Miguel &quot;No pagan Alcabala&quot;Departamentos en Venta Residencial Ipanema nuevo y exclusivo edificio de solo 5 pisos2 Departamentos por piso hasta el 4to piso, el 5to piso tiene 3 Departamentos DúplexAscensor inteligente - Pasillos y areas transito muy iluminadas y ventiladasEl edificio cuenta con Gas NaturalUnidades disponibles de 2 y 3 dormitorios entre 59 a 72 metros cuadradosSala comedor ampliosCocina abierta estilo americano con muebles altos y bajos en melamine y tableros de granitolavandería con puntos de agua y desague para lavadoraPisos de porcelanato anti deslizable en color claro2 dormitorios con closets en melamina blancoFinos acabadosbaños dotados de extractoresInstalaciones eléctricas individualizadas con llaves térmicas en caja de controlCocheras lineales disponibles desde us 11, 799. 93¡Ven y visita este departamento! Descubre todo lo que tiene para ofrecerte. Contáctanos! 121% comprometidos en brindarte un servicio de excelencia.|https://urbania.pe/inmueble/clasificado/veclcain-venta-de-casa-en-san-miguel-lima-2-dormitorios-148211932?n_src=Listado&n_pills=%C3%81rea+de+lavander%C3%ADa&n_pg=2&n_pos=23|2026-02-01
urbania|casas|venta|Lima Moderna|San Miguel|"Av LA PAZ N° 16xx, Dpto. 208 AL 1108 A
San Miguel, Lima"|S/ 215,400|215400||||"40 m² tot.
1 dorm.
1 baño
1 estac."|40|1||1|Vivienda Multifamiliar con moderna arquitectura en diseño y distribución lo cual permite tener los departamentos con ambientes más confortables de la zona donde Tu Familia podrá disfrutar de su vivienda propia. Magnífica ubicación muy cerca de parques, colegios, universidades, circuito de playas y avenidas principales del distrito. Edificio de 13 pisos, 3 sótanos+2 ascensores, cuenta con 219 departamentos en total la Torre A. dpt X08 acuenta con sala-comedor, kitchenette con terraza, 1 dormitorio, con 1 baño, centro de lavado. Áreas comunes: Gimnasio, Lobby, Piscina, Sala Bar, Sala de Niños, Sala de usos Múltiples, Zona de ParrillasEstacionamientos desde S/48, 800entrega marzo 2027financia bcp|https://urbania.pe/inmueble/clasificado/veclcain-venta-de-casa-en-san-miguel-lima-1-dormitorio-146762645?n_src=Listado&n_pills=Parrilla&n_pg=2&n_pos=24|2026-02-01
urbania|casas|venta|Lima Moderna|San Miguel|"Diego Quispe Tito 270
San Miguel, Lima"|S/ 1,844,640 · USD 549,000|1844640|549000|||"283 m² tot.
6 dorm.
4 baños
3 estac."|283|6|4|3|Venta de Hermosa casa en San Miguel Urb Pando 7ma EtapaUna casa amplia de 3 pisos totalmente remodelada rodeada de parques a tan solo 5 minutos de plaza san MiguelPrimer nivel- Una hermosa terraza delantera ideal para tardes en parrilla con familia- Sala/Comedor amplia con ingreso de luz natural- Cocina tipo isla super amplia con muebles bajos y altos- Patio trasero que se une con la sala dándole más amplitud- Cochera lineal para 3 autos- 2 medios bañosSegundo nivel- amplia sala de estar- 2 habitaciones amplia ideal para camas King con closet de piso a techo y baño incluído- 2 habitaciones ampliasTercer nivel- una habitación- un baño- lavandería- amplia terrazaPara mas información, contáctame. 121% comprometidos en brindarte un servicio de excelencia.|https://urbania.pe/inmueble/clasificado/veclcain-venta-de-casa-en-san-miguel-lima-5-a-mas-dormitorios-148063811?n_src=Listado&n_pills=%C3%81rea+de+lavander%C3%ADa&n_pg=2&n_pos=25|2026-02-01
urbania|casas|venta|Lima Moderna|San Miguel|"Javier Heraud al 100
San Miguel, Lima"|S/ 840,000 · USD 245,000|840000|245000|||"202 m² tot.
5 dorm.
3 baños
1 estac."|202|5|3|1|"¡Excelente oportunidad en San Miguel! Esta amplia y funcional casa de dos pisos, más un departamento independiente, es perfecta para una familia grande o como una inteligente inversión para generar ingresos por alquiler. Características Generales: · Precio: $245, 000 · Ubicación: San Miguel - Zona residencial tranquila y segura. · Área Total: Terreno: 160 m² | Construida: 202 m²· Zonificación: rdm (posibilidad de construir hasta 4 pisos + azotea). Distribución de la Propiedad: 1. Casa principal (2 Pisos): · Primer Piso: Espaciosa sala y comedor con grandes ventanales. Cuenta con un baño de visita, 2 habitaciones grandes, una cocina cerrada con amplio almacenamiento, un área de lavandería independiente y una terraza amplia ideal para reuniones o parrillas. · Segundo Piso: 3 habitaciones amplias y 1 baño completo. 2. Departamento independiente (55 m² - 2 niveles): · Tiene acceso privado desde el interior de la casa. Es perfecto para alquilar, para visitas o familiares. · Distribución: Sala y comedor luminosos, cocina abierta, baño de visita en primer piso, y 2 habitaciones que comparten un baño completo ubicado en el segundo piso. beneficios: · Estacionamiento con control remoto. · Mejoras Recientes: Cambio de tuberías (hace 5 años), cambio de tapa de desagüe (hace 1 año), puertas de cedro e instalación de gas calidda. Ubicación: · A solo 3 cuadras de la Av. La Marina (cuadra 31) · A 5 minutos de Plaza San Miguel (supermercados, tiendas, restaurantes). · Cercanía inmediata a parques, colegios y universidades. ¡Ideal para familias! ¡Agenda tu visita y descubre todas las posibilidades de esta gran propiedad! 9. 2. 6. 3. 1. 5. 9. 1. 4"|https://urbania.pe/inmueble/clasificado/veclcain-venta-de-casa-en-san-miguel-lima-5-a-mas-dormitorios-148526377?n_src=Listado&n_pills=%C3%81rea+de+lavander%C3%ADa&n_pg=2&n_pos=26|2026-02-01
urbania|casas|venta|Lima Moderna|San Miguel|"Calle Dean Saavedra al 200
San Miguel, San Miguel"|S/ 1,740,700 · USD 515,000|1740700|515000|||"300 m² tot.
3 baños
2 estac."|300||3|2|¡Oportunidad única de inversión inmobiliaria en San Miguel! Se vende una casa como terreno en el distrito de San Miguel, con un área de 300m2 y características ideales para un proyecto inmobiliario. Con 10 metros de frente y 30 metros de fondo, este terreno ofrece una gran oportunidad para desarrollar un proyecto de gran envergadura. Características del terreno- Área: 300m2- Medidas: 10m de frente x 30m de fondo- Parámetros: 8 pisos- Ubicación: Calle Dean Saavedra, entre Av. La Marina y Av. Rafael Escardo- Cercanía a servicios y amenities: muy cerca a todoOportunidad de inversión- Ideal para proyectos inmobiliarios de gran escala- Ubicación estratégica en un distrito en crecimiento y desarrollo- Acceso a servicios y amenities cercanosNo te pierdas la oportunidad de invertir en este terreno con gran potencial de desarrollo. ¡Contáctame para obtener más información y aprovechar esta oportunidad única! 121% comprometidos en brindarte un servicio de excelencia.|https://urbania.pe/inmueble/clasificado/veclcain-venta-de-casa-en-san-miguel-san-miguel-147843200?n_src=Listado&n_pg=2&n_pos=27|2026-02-01
urbania|casas|venta|Lima Moderna|San Miguel|"Padre Guatemala 338
San Miguel, Lima"|S/ 3,325,000 · USD 950,000|3325000|950000|||"243 m² tot.
4 dorm.
3 baños"|243|4|3||Amplia y moderna propiedad de 540. 97 m², con una ubicación estratégica y un diseño que se adapta a tus necesidades. Ya sea para vivir con comodidad o para instalar tu espacio corporativo, esta propiedad ofrece amplitud, iluminación natural y una excelente imagen. Características destacadas: • Área total: 540. 97 m²• Ambientes amplios, ventilados y bien iluminados• Distribución funcional y adaptable: perfecta para vivienda o para oficinas, salas de reuniones y áreas administrativas• Acabados de primera y espacios diseñados para el confort y la productividad• Ubicación cercana a zonas logísticas, aduanas, terminales portuarios y vías principalesIdeal para: Quienes buscan un hogar espacioso y moderno, o empresas que necesitan una sede corporativa de alto nivel. “Propiedad versátil: vive en ella o conviértela en un espacio corporativo de primer nivel. ”T. C. 3. 50Tipo de cambio referencial, sujeto a variación diaria por fluctuación del mercado|https://urbania.pe/inmueble/clasificado/veclcain-venta-de-casa-en-san-miguel-lima-4-dormitorios-148125297?n_src=Listado&n_pg=2&n_pos=28|2026-02-01
urbania|casas|venta|Lima Moderna|San Miguel|"Calle Echenique
San Miguel, Lima"|S/ 975,000 · USD 250,000|975000|250000|||"176 m² tot.
3 dorm.
2 baños
1 estac."|176|3|2|1|Área: 176 m2 de terreno. Antigüedad 50 años. Frente 8mt. Fondo 22 mt. Casa de 2 plantas con parámetros para 5 pisos. Sala comedor -Baño de visita-Cocina. Patio amplio - lavandería. 1 dormitorio amplio con baño completo. Cochera para 1 vehículo dentro de la propiedad. Se adaptó, además, un departamento de 2 plantas que consta: Primer piso sala - comedor, kitchenette, baño completo. Segundo piso, 3 dormitorios, pequeño Hall y 1 baño completo. Municipalidad da licencia para ciertos rubros cómo: Oficina administrativa, veterinaria, consultorios médicos, guarderías, salón de belleza, barbería. También contamos con otras alternativas bastante similares en la misma zona y presupuesto, para nosotros será un gusto enviarle un listado para que Ud. Escoja ¿cuál sería de su interés? (con características similares a esta propiedad) a su correo, así facilitamos su búsqueda y si desea comuníquese con nosotros al 9. 9. 4. 2. 0. 7. 8. 6. 0. Será un gusto atenderlos!|https://urbania.pe/inmueble/clasificado/veclcain-venta-de-casa-en-san-miguel-lima-3-dormitorios-4356099?n_src=Listado&n_pills=Seguridad&n_pg=2&n_pos=29|2026-02-01
urbania|casas|venta|Lima Moderna|San Miguel|"Calle Ricardo Palma al 100
San Miguel, Lima"|S/ 2,096,500 · USD 599,000|2096500|599000|||"656 m² tot.
5 dorm.
3 baños"|656|5|3||Contacto: 9-0-2-0-2-0-4-6-8Terreno Estratégico en San Miguel – 656 m² Frente a Innova Schools¿Buscas una ubicación de alto valor para desarrollar un proyecto rentable? Esta es tu oportunidad de invertir donde la demanda y el crecimiento urbano se mantienen constantes. Ubicación PremiumFrente al reconocido colegio Innova Schools, con alta visibilidad y tránsito constante. A solo media cuadra de la Av. La Paz (cuadras 9 y 10), con rápida conexión a las principales arterias de San Miguel: Av. Universitaria, Av. La Marina y Av. Faucett. A pocos minutos del Mall Plaza San Miguel, universidades, centros de salud, bancos y comercios. Características del Terreno: Área total: 656 m²Frente: 16 metrosFondo: 41 metrosZonificación compatible con proyectos multifamiliares, educativos o comerciales. Incluye una construcción antigua de 200 m² que puede ser remodelada o demolida, según el proyecto a desarrollar. Potencial de DesarrolloExcelente frente para ingreso vehicular o diseño moderno. Ideal para constructoras, colegios, academias, clínicas, centros de salud, nidos o viviendas multifamiliares. Gran proyección de valorización en zona urbana consolidada. Documentación en regla, inscrito en registros públicos y listo para transferencia inmediataPotencial de DesarrolloExcelente frente para ingreso vehicular o diseño moderno. Ideal para constructoras, colegios, academias, clínicas, centros de salud, nidos o viviendas multifamiliares. Gran proyección de valorización en zona urbana consolidada. Documentación en regla, inscrito en registros públicos y listo para transferencia inmediataR. U. C Ver datos|https://urbania.pe/inmueble/clasificado/veclcain-venta-de-casa-en-san-miguel-lima-5-a-mas-dormitorios-148601336?n_src=Listado&n_pg=2&n_pos=30|2026-02-01
urbania|casas|venta|Lima Moderna|San Miguel|"BAHIA DE PISCO, SAN MIGUEL
San Miguel, Lima"|S/ 1,172,500 · USD 350,000|1172500|350000|||"150 m² tot.
10 dorm.
8 baños
2 estac."|150|10|8|2|Casa Edificio de 4 Pisos + Terrazas Acabados de Lujo Cochera San Miguel. venta casa-edificio san miguel. edificación moderna. excelente para inversión O para una familia grande. Descripción: *1 duplex con 5 dormitorios. *2 departamentos de 03 dormitorios de 110M2 C/U. loft O cuarto grande de almacen. terraza. tendal. 7 a 10 baños. cocina moderna. acabados de lujo. documentos en regla. agenda tu visita. 02 espacios cochera. usd 350, 000. 00. precio en dólares. con opcion A tener una escalera que haria independiente A cada piso. Contactar: . 9. 3. 8. 5. 7. 5. 7. 9. 3.|https://urbania.pe/inmueble/clasificado/veclcain-venta-de-casa-en-san-miguel-lima-5-a-mas-dormitorios-148384577?n_src=Listado&n_pills=Jard%C3%ADn&n_pg=3&n_pos=1|2026-02-01
urbania|casas|venta|Lima Moderna|San Miguel|"Umachiri
San Miguelito, San Miguel"|S/ 959,000 · USD 280,000|959000|280000||100|"176 m² tot.
3 dorm.
3 baños
2 estac."|176|3|3|2|Linda y funcional casa con terraza/jardín interior! Descripción: Primer piso. - Sala comedor, baño para visitas, cocina remodelada - reposteros altos y bajos, área de servicio completa (dormitorio, baño, lavanderia), terraza interior con sol y sombra, sala de estar, jardin, zona de parrilla. Estacionamiento para dos autos. Segundo piso. - Tres dormitorios con closet, baño compartido, amplio dormitorio principal con baño incorporado. Pisos de parquet. Frente: 8 ml. Fondo: 22 ml. A. C.: 140 m² aprox. El inmueble fue remodelado parcialmente, cables de electricidad, tuberías de agua y desagüe, baños con gritería Vainsa. En el entorno encontramos parques, colegios, etc. Ubicado en calle cerrada y con seguridad permanente [S/ 100] Facilidades técnicas para instalación de gas calidda. Valor expresado en Soles es sólo referencial.|https://urbania.pe/inmueble/clasificado/veclcain-venta-de-casa-en-san-miguelito-san-miguel-3-dormitorios-148259370?n_src=Listado&n_pills=Guardian%C3%ADa%2FSeguridad+privada&n_pg=3&n_pos=2|2026-02-01
urbania|casas|venta|Lima Moderna|San Miguel|"Alt. Venezuela CON Insurgentes
San Miguel, San Miguel"|S/ 999,000 · USD 270,000|999000|270000|||"140 m² tot.
3 dorm.
2 baños
1 estac."|140|3|2|1|¡¡Hermosa casa en venta ubicada en San Miguel!! Se vende casa de 2 pisos en una zona exclusiva, muy agradable, segura y tranquila. Exactamente en un espacio de 160. 00 m2. A unos pasos de la Av. Republica de Venezuela, Av. Juan Velasco Alvarado, Centro Comercial Bellavista, Municipalidad de La Perla, cerca al Ovalo de La Perla, y la Av. Elmer Faucett. La oportunidad de disfrutar desde una zona exclusiva próxima a todo lo que usted se merece. Distribución: • Sala y comedor• Cocina amoblada con comedor de diario• Dormitorios amplios• Baños completos• Área de lavandería• Jardín• Cochera para 1 autoPrecio total: us$ 270, 000 dólares americanos. * Las fotografías, precios y descripción de esta propiedad son|https://urbania.pe/inmueble/clasificado/veclcain-venta-de-casa-en-san-miguel-san-miguel-3-dormitorios-147556717?n_src=Listado&n_pills=Jard%C3%ADn&n_pg=3&n_pos=3|2026-02-01
urbania|casas|venta|Lima Moderna|San Miguel|"Calle Miguel Cortez 114 - San Miguel
Maranga, San Miguel"|S/ 1,068,750 · USD 285,000|1068750|285000|||"214 m² tot.
9 dorm.
3 baños
1 estac."|214|9|3|1|Se vende amplia casa ubicada en una zona estratégica, en calle Miguel Cortez – San Miguel, queda a la altura a la cdra. 7 de la Av. Escardo, cerca de vías principales como Av. La Marina (altura de Hiraoka), Av. Faucett, La Paz, cerca de Supermercados como Metro, Tottus, Plaza san miguel, restaurantes, bancos, colegios, universidades, parque de las Leyendas, entre otros. La casa tiene un área de terreno 160 m2, un área construida de 214 m2. Cuenta con la siguiente distribución: primer piso: (2 dormitorios) * Espaciosa cochera para una camioneta* Sala comedor* 2 cocinas (cuenta con punto de gas) * Comedor de diario* Lavandería* Patio* 2 baños completos más un baño de visita. segundo piso: (7 dormitorios) * 3 amplios dormitorios con vistas a la calle* 4 dormitorios con vista interna* baños. azotea*Cuenta con una amplia terraza, tendalTodos los documentos se encuentran en regla. El precio en soles es referencialVisitas de lunes a domingo previa cita.|https://urbania.pe/inmueble/clasificado/veclcain-venta-de-casa-en-maranga-san-miguel-5-a-mas-dormitorios-148082146?n_src=Listado&n_pills=%C3%81rea+de+lavander%C3%ADa&n_pg=3&n_pos=4|2026-02-01
urbania|casas|venta|Lima Moderna|San Miguel|"Hermanos Catari
San Miguel, Lima"|S/ 2,640,000 · USD 750,000|2640000|750000|||"429 m² tot.
5 baños
4 estac."|429||5|4|Gran oportunidad de inversión en San Miguel! Contactame: liseth gonzales. 9/6/8/6/8/9/8/9/0 medidas: frente: 13ml fondo: 33ml Se vende hermosa casa como terreno de 429m² en una ubicación estratégica dentro del distrito de San Miguel, una de las zonas más comerciales y dinámicas de Lima. Se encuentra a la altura de la cuadra 33 de la Av. La Marina, muy cerca de la Universidad Católica, centros comerciales, colegios, bodegas y otros servicios esenciales. Características destacadas: • Parámetros: Hasta 9 pisos permitidos. • Ubicación privilegiada: En el corazón de un distrito con gran proyección comercial. • Ideal para constructores: Perfecto para desarrollar un proyecto inmobiliario de gran impacto. ¡No dejes pasar esta oportunidad única! Contáctanos para más información.|https://urbania.pe/inmueble/clasificado/veclcain-venta-de-casa-en-san-miguel-lima-147406638?n_src=Listado&n_pills=Cuartos+de+servicio&n_pg=3&n_pos=5|2026-02-01
urbania|casas|venta|Lima Moderna|San Miguel|"San Miguel (Lima)
San Miguel, Lima"|S/ 1,520,000 · USD 450,000|1520000|450000|||"250 m² tot.
4 dorm.
2 baños
1 estac."|250|4|2|1|"Casa-terreno en esquina / 250 M² / rdm - 7 pisosideal para proyecto inmobiliario o vivienda familiar | Zonificación rdmse vende casa en esquina como terreno de 250 m², ubicada en una zona residencial estratégica de San Miguel, a media cuadra de la Av. Riva Agüero y del colegio 10 de Octubre, una de las áreas más consolidadas y demandadas del distrito. La propiedad cuenta con zonificación rdm (Residencial de Densidad Media) y parámetros para edificar hasta 7 pisos, lo que la convierte en una excelente oportunidad tanto para desarrolladores inmobiliarios como para familias que buscan una casa amplia, bien ubicada y con proyección a futuro. Características principales: - Área de terreno: 250 m²- Ubicación en esquina, con doble frente, mayor iluminación y ventilación- Forma regular, ideal para Desarrollo Inmobiliario o remodelación- Servicios completos habilitados: agua, luz, desagüeUbicación privilegiada: - A pocos minutos de Plaza San Miguel- Muy cerca de Av. La Marina, Av. Universitaria y Av. Riva Agüero- Entorno con colegios, universidades (pucp, upc, utp), supermercados, parques y comercios- Zona residencial tranquila, con excelente conectividad y alta valorizaciónUna propiedad versátil, con gran potencial de desarrollo y excelente calidad de vida, ubicada en uno de los puntos más atractivos de San Miguel. Contáctanos para mayor información o para coordinar una visita. 121% comprometidos en brindarte un servicio de excelencia."|https://urbania.pe/inmueble/clasificado/veclcain-venta-de-casa-en-san-miguel-lima-4-dormitorios-148711661?n_src=Listado&n_pg=3&n_pos=6|2026-02-01
urbania|casas|venta|Lima Moderna|San Miguel|"calle Paris 122 san miguel lima
Callao, San Miguel"|S/ 1,205,000 · USD 335,000|1205000|335000|||"168 m² tot.
5 dorm.
4 baños
2 estac."|168|5|4|2|Oportunidad en San Miguel – Casa de 3 pisos con alto potencial familiar e inversión: Calle París Nros. 122 – 124, San Miguel – Lima. Precio de venta: us$ 335, 000 (negociable) Ubicada en una zona céntrica y de alta demanda, esta propiedad combina lo mejor de una vivienda familiar con el potencial de un activo inmobiliario rentable. A solo pasos de la Av. Venezuela, Av- Elmer Faucett y al Hospital Naval y muy cerca del centro comercial Metro San Miguel, su ubicación ofrece una conectividad inmejorable, con todos los servicios al alcance. Originalmente concebida como una sola casa familiar, fue adaptada posteriormente para tres departamentos independientes (uno por piso), lo que permite múltiples opciones de uso: • Vivir en familia con independencia entre pisos, permitiendo privacidad y cercanía entre generaciones. • Remodelar y unificar los tres niveles para recuperar una amplia y moderna residencia unifamiliar, con jardín posterior y excelente frente. • Invertir y alquilar los tres departamentos de manera independiente, generando ingresos mensuales estables y asegurando valorización sostenida. El inmueble se encuentra en una zona residencial tranquila, pero con acceso inmediato a servicios, comercio y transporte. Su entorno lo convierte en una opción ideal tanto para quienes buscan establecer su hogar en San Miguel como para inversionistas que priorizan rentabilidad y ubicación estratégica. • Área de terreno: 150 m² • Área construida total: 167. 33 m² • Antigüedad: más de 50 años. • Documentación en regla. • Propiedad inscrita a nombre de tres herederos con participación indivisa, sin cargas ni gravámenes, lista para formalizar la compraventa. Contáctanos para coordinar una visita y conocer todo su potencial. Precio de salida: us$ 335, 000 con margen de negociación razonable.|https://urbania.pe/inmueble/clasificado/veclcain-venta-de-casa-en-callao-san-miguel-5-a-mas-dormitorios-148138357?n_src=Listado&n_pills=Jard%C3%ADn&n_pg=3&n_pos=7|2026-02-01
urbania|casas|venta|Lima Moderna|San Miguel|"AV VENEZUELA
San Miguel, Lima"|S/ 1,292,000 · USD 380,000|1292000|380000|||"199 m² tot.
5 dorm.
3 baños
2 estac."|199|5|3|2|Se vende casa de dos pisos ubicada en una zona estratégica del distrito de San Miguel, a pocas cuadras del cruce de las avenidas Faucett y Venezuela. Su ubicación permite fácil acceso a centros comerciales, universidades, colegios y principales vías de la ciudad. Para solicitar visitas: 9*6*3*8*9*9*8*2*2 con Hubielly Vela. Ojo: esta para remodelar. Área de terreno: 199. 20 mt2. Área construida: 165 mt2. Distribución: Primer Piso: Sala. Comedor. Cocina. Patio. Baño completo. Estacionamiento para dos vehículos. Un ambiente de oficina ( puede ser dormitorio) Segundo Piso: Cuatro dormitorios. Un baño. Ideal para familia que busca vivir en una zona céntrica y con alto potencial de valorización.|https://urbania.pe/inmueble/clasificado/veclcain-venta-de-casa-en-san-miguel-lima-5-a-mas-dormitorios-148052824?n_src=Listado&n_pg=3&n_pos=8|2026-02-01
urbania|casas|venta|Lima Moderna|San Miguel|"Pio XII
San Miguel, Lima"|S/ 820,750 · USD 245,000|820750|245000|||"145 m² tot.
5 dorm.
4 baños"|145|5|4||San miguel - venta excelente casa 3 pisos, con minidepartamento en rl piso 3 ( negociable) escuchamos propuestas! Ubicada la propiedad cerca A la avenida pio xii. ️ 1er piso. 2 ingresos, amplia sala comedor en piso de parket con vista al patio interior, cocina con reposteros altos Y bajos con comedor de diario, medio baño para visitas. ️ 2do piso: sala de estar, 4 dormitorios con closets, 3 baño completos (2 de ellos en dormitorios). ️ 3° piso: minidepartamento donde se encuentra amplio ambiente para dormitorio, sala comedor con mampara, balcon, baño completo. Area de servicio (cuarto con baño), lavandería, tendal. Playa de estacionamiento. Area terreno: 145 m2. area construída: 400 m2. contactar: Ethel 9 9 6 4 3 8 1 6 4|https://urbania.pe/inmueble/clasificado/veclcain-venta-de-casa-en-san-miguel-lima-5-a-mas-dormitorios-148568432?n_src=Listado&n_pills=%C3%81rea+de+lavander%C3%ADa&n_pg=3&n_pos=9|2026-02-01
urbania|casas|venta|Lima Moderna|San Miguel|"Calle Tiahuanaco Urb. Maranga - SAN Miguel
San Miguel, Lima"|S/ 1,243,200 · USD 370,000|1243200|370000|||"258 m² tot.
1 dorm.
1 baño"|258|1|||Se vende terreno en urb. Maranga san miguel - excelente ubicacionsobre el terreno hay una casa de dos pisos area: 258 M2parametros: 4 pisos mas azoteaprecio: us$ 370, 000. 00 negociablesubicacion: calle tianhanaco 100 urb. Maranga san miguelcontacto: 9. 9. 4. 1. 8. 4. 2. 9. 8. miguel iberico _________Jessica Tapia - Asociados: Tu socio inmobiliario en PerúTe ayudamos a vender, comprar o alquilar tu propiedad con un servicio personalizado y profesional. Encontramos el comprador, inquilino o inmueble perfecto para ti, asegurando que todo el proceso sea ágil y seguro. Visita nuestra web y haz realidad tus metas inmobiliarias|https://urbania.pe/inmueble/clasificado/veclcain-venta-de-casa-en-san-miguel-lima-1-dormitorio-148599160?n_src=Listado&n_pills=%C3%81rea+de+lavander%C3%ADa&n_pg=3&n_pos=10|2026-02-01
urbania|casas|venta|Lima Moderna|San Miguel|"collasuyo 200
San Miguel, Lima"|S/ 1,850,000 · USD 495,000|1850000|495000|||"270 m² tot.
1 dorm.
5 baños
1 estac."|270|1|5|1|Casa ubicada cerca al cruce de la Av. La Marina y la Av. Faucett en el distrito de San Miguel. Remodelada para eventos con techo de 5 metros de alto y un departamento en el segundo nivel. 270m2 área de terreno. 4 baños. 1 estacionamiento. Departamento de 50m2. 10ml de frontis. 27ml por los lados. Precio: us$495, 000|https://urbania.pe/inmueble/clasificado/veclcain-venta-de-casa-en-san-miguel-lima-1-dormitorio-143651552?n_src=Listado&n_pg=3&n_pos=11|2026-02-01
urbania|casas|venta|Lima Moderna|San Miguel|"copernico
Oyague, San Miguel"|S/ 1,247,800 · USD 367,000|1247800|367000|||"300 m² tot.
2 baños
2 estac."|300||2|2|Casa familiar, muy amplia de 4 domitorio grande, 1 escritorio y baño de visitas en la planta baja. Sala comedor muy amplias con jardin interno, cocina puerta cerrada y garage hasta para dos vehiculos. Baño principal en habitacion master, 3 secundarios todos con ropero (2 con vista interior y 2 con vista exterior) Tercer piso: habitacion y baño de servicio, lavanderia y azotea. Cambios de instalaciones electricas y sanitarias (año 2017) se cuenta con evidencias. Tambien se tiene planos disponibles (importante para toda remodelacion que se desee hacer) si es posible construir un tercer piso con vista externa. La casa està construida y preparada para eso. Salvo la escalera interior que necesitaria ser proyectada. Precio anterior us$390, 000|https://urbania.pe/inmueble/clasificado/veclcain-venta-de-casa-en-oyague-san-miguel-146857485?n_src=Listado&n_pills=Jard%C3%ADn&n_pg=3&n_pos=12|2026-02-01
urbania|casas|venta|Lima Moderna|San Miguel|"Espalda DEL Municipio DE SAN Miguel
San Miguel, San Miguel"|S/ 2,358,750 · USD 629,000|2358750|629000|||"300 m² tot.
3 dorm.
2 baños
1 estac."|300|3|2|1|¡¡Hermosa casa en venta!! Se vende casa bien distribuida en una zona céntrica y tranquila, de 300. 00 m2 en uno de los mejores distritos de Lima: San Miguel. Además, es una casa de 2 pisos, en primer piso local comercial, ubicada en avenida muy transitada, excelente oportunidad de inversión. A unos pasos del Parque Media Luna, Municipalidad de San Miguel, Circuito de Playas, Av. Costanera, Tambo, Plaza Vea, Mercado Magdalena, Mercado Bertolotto. Es la oportunidad de disfrutar desde una zona exclusiva próxima a todo lo que usted y su familia se merecen. Distribución: 1er piso: • Local comercial• Sala comedor• Cocina con comedor de diario• 3 dormitorios• Cuarto y baño de servicio• Lavandería• Área de tendal• Cochera. 2do piso: • 2 dormitorios comparten 1 baño completo. Precio total: us$ 629, 000 dólares americanos. * Las fotografías, precios y descripción de esta propiedad son|https://urbania.pe/inmueble/clasificado/veclcain-venta-de-casa-en-san-miguel-san-miguel-3-dormitorios-147556710?n_src=Listado&n_pills=%C3%81rea+de+lavander%C3%ADa&n_pg=3&n_pos=13|2026-02-01
urbania|casas|venta|Lima Moderna|San Miguel|"Av. Libertad al 1800
Libertad, San Miguel"|S/ 1,068,750 · USD 285,000|1068750|285000||20|"246 m² tot.
7 dorm.
3 baños
3 estac."|246|7|3|3|Se vende casa totalmente remodeladacasa de 3 pisos. 119 m2 de area de terreno, 246 m2 construido. Totalmente remodelado (hace 2 años en techos, columnas, paredes, tuberias de agua, cableado electrico). Primer piso (como un depa): 2 dormitorios, un baño completo, sala, comedor, cocina (solo el ambiente), lavanderia, patio. segundo Y tercer piso (como un duplex): 5 dormitorios, 2 baños completos, sala - comedor, cocina, sala de star, lavanderia - terraza. Estacionamiento para 3 autos. Cuenta con bomba de sisterna, gas natural. Ubicado en una zona segura y comercial de Av. Libertad. San Miguel. Precio Negociable.|https://urbania.pe/inmueble/clasificado/veclcain-venta-de-casa-en-libertad-san-miguel-5-a-mas-dormitorios-145789809?n_src=Listado&n_pills=%C3%81rea+de+lavander%C3%ADa&n_pg=3&n_pos=14|2026-02-01
urbania|casas|venta|Lima Moderna|San Miguel|"teniente diego ferre 181
Pando Etapa Viii, San Miguel"|S/ 1,038,500 · USD 310,000|1038500|310000|||"164 m² tot.
7 dorm.
4 baños
1 estac."|164|7|4|1|Casa en esquina para remodelar – Comercio Vecinal – San Miguel. Se vende casa en esquina ubicada en Diego Ferre 181, San Miguel, en zona de comercio vecinal, a solo dos cuadras de la Pontificia Universidad Católica del Perú y muy cerca de la Universidad Nacional Mayor de San Marcos, Plaza San Miguel y Av. Universitaria. La propiedad cuenta con: * *Área de terreno: * 164 m² * *Área construida: * 266 m² * *Antigüedad: * 32 años. * *Precio: * usd 310, 000. 7 habitaciones. 4 baños. 1 cochera. jardin interno y jardin externo. Casa para remodelar, con excelente potencial para proyecto comercial, oficinas, consultorios, coliving o vivienda con renta, gracias a su ubicación estratégica, condición de esquina y acceso lateral por pasaje. La venta se realiza por cambio de etapa de la propietaria, lo que representa una oportunidad atractiva para inversionistas que buscan valorización en una de las zonas más demandadas de San Miguel. Contáctanos para mayor información o visita.|https://urbania.pe/inmueble/clasificado/veclcain-venta-de-casa-en-pando-etapa-viii-san-miguel-5-a-mas-dormitorios-148794426?n_src=Listado&n_pills=Jard%C3%ADn&n_pg=3&n_pos=15|2026-02-01
urbania|casas|venta|Lima Moderna|San Miguel|"Alfredo Icaza al 100
Maranga, San Miguel"|S/ 1,490,400 · USD 405,000|1490400|405000|||"273 m² tot.
5 dorm.
4 baños
1 estac."|273|5|4|1|En venta casa principal más triplex ubicados en la mejor zona de San Miguel, a pasos del parque más bonito y versátil de Maranga, el parque Quiñones. La casa principal, construida en los años 70 consta de 2 pisos con 5 dormitorios, 3 baños completos, lavanderia y cochera. Pisos de parquet en buen estado. 2 puntos de conexión de gas natural. El triplex que se encuentra en la parte posterior de la propiedad fue construido el año 2016, tiene cocina abierta, sala, comedor en el primer nivel. 2 dormitorios con una baño con tina en el 2do nivel. Tendal en la azotea, con un baño y un cuarto. Un amplio patio con piso de cemento pulido separa la casa principal del triplex. La casa tiene muchas posibilidades de transformarse y adaptarse a las necesidades de cada familia. Está construida sobre u terreno de 273m2, con 10mt de frente a una calle muy tranquila y simpática donde ya hay varios edificios nuevos. Desde esta ubicación se puede llegar caminando a muchos lugares de interes como colegios Pamer, Claretiano, icpna, Instituto Británico, upc, pucp, Plaza San Miguel, Open Plaza, Clinica San Gabriel, Providencia, varios mercados, academias deportivas, gym, supermercados, etc.|https://urbania.pe/inmueble/clasificado/veclcain-venta-de-casa-en-maranga-san-miguel-5-a-mas-dormitorios-147547478?n_src=Listado&n_pills=Gimnasio&n_pg=3&n_pos=16|2026-02-01
urbania|casas|venta|Lima Moderna|San Miguel|"Calle Ayarza de Morales al 200
San Miguel, Lima"|S/ 1,380,193 · USD 379,000|1380193|379000|||"144 m² tot.
4 dorm.
3 baños
3 estac."|144|4|3|3|Casa Familiar Frente a Parque en San Miguel – ¡Ubicación y Comodidad en un Solo Lugar! Descubre esta espaciosa y acogedora casa de 250 m² construidos sobre un terreno de 144 m², ubicada en una de las zonas más tranquilas y seguras de San Miguel. Ideal para familias que buscan calidad de vida y excelente conectividad. Características principales: 4 dormitorios amplios con excelente iluminación natural. 3 baños completos distribuidos estratégicamente. Jardín interno, perfecto para momentos de relajación o mascotas. Área de lavandería independiente. Sala amplia ideal para reuniones familiares. Cocina cerrada, equipada con gas natural y terma a gas. 3 cocheras privadas, con acceso directo desde la calle. Ubicación privilegiada: Frente a parque: ideal para disfrutar al aire libre. A solo 2 cuadras del centro comercial Plaza San Miguel. Zona residencial y tranquila con vigilancia 24/7. Esta propiedad reúne espacio, confort y una ubicación estratégica, lista para convertirse en tu nuevo hogar o inversión inmobiliaria. ¡Contáctanos para agendar tu visita y conocerla en persona!|https://urbania.pe/inmueble/clasificado/veclcain-venta-de-casa-en-san-miguel-lima-4-dormitorios-146543150?n_src=Listado&n_pills=Jard%C3%ADn&n_pg=3&n_pos=17|2026-02-01
urbania|casas|venta|Lima Moderna|San Miguel|"Calle Euripides
Juan Xxiii, San Miguel"|S/ 1,326,000 · USD 390,000|1326000|390000|||"209 m² tot.
3 dorm.
2 baños
1 estac."|209|3|2|1|Casa 2 pisos ubicada en Calle Eurípides, frente a Parque Junín. Prolongación Pershing- San Miguel. Medidas de linderos: 10x20. 9, at: 209m2, ac: 155m2, Antigüedad: 55. Tuberías de agua han sido cambiadas en el año 2020. Documentos en regla, hr/pu al día.|https://urbania.pe/inmueble/clasificado/veclcain-venta-de-casa-en-juan-xxiii-san-miguel-3-dormitorios-148209889?n_src=Listado&n_pills=Cuartos+de+servicio&n_pg=3&n_pos=18|2026-02-01
urbania|casas|venta|Lima Moderna|San Miguel|"Diego Quispe Tito, San Miguel
Pando, San Miguel"|S/ 2,034,900 · USD 570,000|2034900|570000|||"284 m² tot.
6 dorm.
4 baños
3 estac."|284|6|4|3|Id: vt Ver datos. referencia: Ubicado en la 7ma etapa de la Urb. Pando, San Miguel. Esta hermosa casa de tres pisos ubicada en esquina, cuenta con un patio delantero y otro posterior, además de cochera para 3 vehículos. Con una excelente ubicación: a solo 5 cdras. De la Av. La Marina, a 4 cdras. De la Av. Universitaria y a 6 cdras. De Plaza San Miguel. Características: • área construida: 283. 84 m2. • área de terreno: 236. 19 m2. • año de construcción: 1986. distribución: • primer piso: A. Construida: 128. 44M2. - Patio delantero. - amplia sala comedor. - cocina con isla central. - 2 medios baños. - 1 habitación. - Patio trasero. - Cochera (3 vehículos) • segundo piso: A. Construida: 128. 44M2. - Amplia sala de estar. - 2 habitaciones con closet de piso a techo y baño incluido. - 2 habitaciones. • tercer piso: A. Construida: 26. 96 M2. - 1 habitación. - 1 baño. - lavandería. - Amplia terraza para zona de parrillas. otras características: - Luz, agua y gas natural. - Documentos en regla, lista para compra al contado o por crédito hipotecario. Inversión: us$ 570, 000. Una excelente ubicación por estar rodeada de colegios, universidades, clínicas, lozas deportivas, parques y a unos pasos de Plaza San Miguel…podrás disfrutar de vivir en una zona residencial con todo a la mano… ¡Vive cerca de todo! Contáctanos para agendar tu visita|https://urbania.pe/inmueble/clasificado/veclcain-venta-de-casa-en-pando-san-miguel-5-a-mas-dormitorios-146939733?n_src=Listado&n_pills=Jard%C3%ADn&n_pg=3&n_pos=19|2026-02-01
urbania|casas|venta|Lima Moderna|San Miguel|"Calle Hermanos Catari, Urb Maranga Iii, San Miguel
Maranga Etapa Iii, San Miguel"|S/ 2,850,000 · USD 750,000|2850000|750000|||429 m² tot.|429||||¡venta casa como terreno en urb. Maranga - san miguel! - Ubicado entre Urb. Maranga iii etapa, entre la Av. La Marina y Av. Los Patriotas. - A. T: 429 m² (13m frente x 33m fondo) - Parámetros para 9 Pisos (6+3 Vis) - Cerca a parques y plaza San Miguel- $750, 000. hf-43|https://urbania.pe/inmueble/clasificado/veclcain-venta-de-casa-en-maranga-etapa-iii-san-miguel-147611859?n_src=Listado&n_pg=3&n_pos=20|2026-02-01
urbania|casas|venta|Lima Moderna|San Miguel|"Bahia del Pisco
Lima, San Miguel"|S/ 1,444,000 · USD 379,999|1444000|379999|||"450 m² tot.
10 dorm.
6 baños
2 estac."|450|10|6|2|Casa · 450m² Construido. 140m² Area de Terreno. 10 dormitorios. 2 estacionamientos. venta S/ 1, 680, 000 · usd 420, 000. Bahía de Pisco, San Miguel, Lima. 7 baños. 2 estac. 10 dorm. 2 medios baños. 13 años. Venta Casa en San Miguel S/ 1, 680, 000. Remato Casa - Edificio//duplex//2 Flat//loft//terraza//cocheras 9. 4. 0. 2. 2. 0. 7. 8. 0. Edificio 5 Pisos - Casa. Cuenta con duplex. 2 departamentos. Loft, Terraza, tendal. . . 9. 4. 0. 2. 2. 0. 7. 8. 0. Area de terreno 140M2. arra construida 450M2 aprox. Maryon Lilibeth Muñoz Arrieta. 9. 4. 0. 2. 2. 0. 7. 8. 0. Espectacular Casa - Edificio de 5 Pisos con terraza y 6piso tendal, ubicada en zona céntrica a un paso de insurgentes, Av. La marina, colegios a minutos, a pasos de la alameda de Precursores, a minutos de Plaza San Miguel y límite con la Naval. Transporte público para todo Lima, colegios, comercios, todo a la mano y facil acceso a la bajada de playa. Primer y segundo piso 230m² Re-construido en el 2012. Tercer, cuarto y quinto piso fue edificado hace 05 años junto con el área de terraza, servicio y tendal. Primer piso: 140m² Aprox. Fue totalmente remodelado en el año 2012, cuenta con una amplia cochera para camioneta o 2 autos, y colgadores de bicicletas. Tiene dos entradas una principal y otra de servicio. Cuenta con sala-comedor amplio, un cuarto amplio, terraza interna, baño de visitas, amplia cocina con impecables muebles altos y bajos e isla amplia como comedor de diario. Segundo Piso: 95m² Aprox. 04 Dormitorios, el principal con walkin closet y clóset de pared a pared, baño incorporado con baño de hidromasaje español, 03 habitaciones amplias con clóset de pared a pared y donde entran cama queen, escritorio con la mejor de las comodidades, 1 baño completo compartido. Ventilación e iluminación natural. Tercer Piso: 95m² Aprox. Departamento amplio con sala-comedor y balcón, de 02 Dormitorios, un baño completo en el cuarto principal, y 01 Baño compartido con la 2da habitación y visitas. Cuenta con espacio amplio con puntos de agua para implementar un kitchenette, y si desea una habitación más. Cuarto piso: 95m² Departamento amplio con sala-comedor y balcón, de 02 Dormitorios, un baño completo en el cuarto principal, y 01 Baño compartido con la 2da habitación y visitas. Cuenta con espacio amplio y puntos de agua para implementar un kitchenette, y si desea una habitación más. Quinto piso: 95m² Aprox. Una Mini-departamento estilo loft americano (Abierto) con espacio para implementar el kitchenette. Cuenta con medio baño (Para implementar ducha), y área de lavandería completa, asimismo tiene una amplia de terraza y parrilla con vista. panorámica. Sexto piso: 30m² Área de tendal con una increíble vista panorámica. La construcción del 3er, 4to, 5to piso y el area del tendal Aires del 6to piso, se construyeron hace 5años, quedando unos detallitos a implementar de acuerdo al buen gusto del futuro dueño. Por ser céntrico, y límitar con la Naval, es una excelente inversión para alquiler como departamentos y/u oficina. Los acabados son A1. Porcelanato de alta cálidad. Puertas madera. Cableria de cable e internet interno. Pozo a tierra. Acabados hechos para vivir una familia, con detalles especiales. Informes y visitas al 9. 4. 0. 2. 2. 0. 7. 8. 0. Importante para solicitar visitas: Se requiere nombre completo y dni de cada visitante.|https://urbania.pe/inmueble/clasificado/veclcain-venta-de-casa-en-lima-san-miguel-5-a-mas-dormitorios-145374161?n_src=Listado&n_pills=%C3%81rea+de+lavander%C3%ADa&n_pg=3&n_pos=21|2026-02-01
urbania|casas|venta|Lima Moderna|San Miguel|"Calle Dean Saavedra
Maranga, San Miguel"|S/ 1,730,000 · USD 515,000|1730000|515000|||"550 m² tot.
6 dorm.
4 baños
2 estac."|550|6|4|2|Esta Casa en venta como terreno, te brinda una ubicación privilegiada, rodeada de parques y a pocos pasos de las principales avenidas de la ciudad, como Av. La Marina, Av. Escardo, Av. Universitaria y Av. Faucett. Disfruta de la comodidad de estar cerca de todo: colegios, universidades y centros comerciales como Open Plaza, Metro y Tottus, ¡todo a solo 3 minutos de Plaza San Miguel! Caracteristicas: * Área de Terreno: 300 M2. * Área Construida: 550 M2. * Zonificación: rdm. * Frontis: 10 metros. * Fondo: 30 metros. * Parámetros: 8 pisos. Esta impresionante propiedad se encuentra en un terreno de 300 m2 y tiene parámetros para 8 pisos. Su amplio espacio de 300 m2 construidos te brinda la libertad y el confort que siempre has deseado. La propiedad se encuentra habitable, sin embargo, esta para remodelar. Además, cuenta con un garaje para dos autos, lo cual es ideal para familias con múltiples vehículos. Al ingresar a esta maravillosa casa, te sorprenderá su excelente distribución. Primero segundo y tercer piso. Cuenta con una amplia piscina en el patio trasero de la Casa. Además, si lo que deseas es construir un edificio es ideal ya que cuenta con parámetros para 8 pisos y cuenta con un frontis de 10 metros. ¡¡Es lo que estas buscando, que esperas para visitarla!! Numero de Contacto: Jenny Amaya 917*814*516|https://urbania.pe/inmueble/clasificado/veclcain-venta-de-casa-en-maranga-san-miguel-5-a-mas-dormitorios-142302192?n_src=Listado&n_pills=Piscina&n_pg=3&n_pos=22|2026-02-01
urbania|casas|venta|Lima Moderna|San Miguel|"AV. PIO XII 4XX
Maranga Etapa Vi, San Miguel"|S/ 877,500 · USD 250,000|877500|250000|||"140 m² tot.
3 dorm.
3 baños
2 estac."|140|3|3|2|Excelente casa ubicada en Av. Pío xii, entre las avenidas Faucett y Los Insurgentes, en zona residencial compatible con uso comercial idea para familias emprendedoras linda ubicacion cerca a todo! (zonificación rda). Propiedad saneada, lista para la venta. Primera planta: Sala comedor amplia y bien iluminada. Cocina con comedor de diario. Terraza interior. Baño de visitas. Cochera para 2 autos. segunda planta. 3 dormitorios (uno con acceso independiente desde la cochera) 2 baños completos (uno incorporado al dormitorio principal) Sala de estar o family room. tercera planta: Lavandería. Azotea con potencial para área social o ampliación. ️ Ventajas de la zona. Zona residencial tranquila y segura. Fácil acceso a avenidas principales (Faucett, La Marina, Los Insurgentes) Cerca de parques, colegios, bancos y centros comerciales. Zonificación rda permite negocios de bajo impacto: oficinas, consultorios, nidos, peluquerías, minimarket o cafetería pequeña|https://urbania.pe/inmueble/clasificado/veclcain-venta-de-casa-en-maranga-etapa-vi-san-miguel-3-dormitorios-147477794?n_src=Listado&n_pills=%C3%81rea+de+lavander%C3%ADa&n_pg=3&n_pos=23|2026-02-01
urbania|casas|venta|Lima Moderna|San Miguel|"Collasuyo
Maranga Etapa Iv, San Miguel"|S/ 1,942,500 · USD 525,000|1942500|525000|||346 m² tot.|346||||¡Oportunidad Única! Casa para Eventos en Maranga, San Miguel. Esta casa comercial ofrece una excelente oportunidad para eventos y negocios en una zona tranquila y bien ubicada. Consta de dos plantas, con las siguientes características: - Precio de Venta: $525, 000. - Área de Terreno: 270 m² - Área Construida: 346 m² - Antigüedad: 2 años. - Baños: 4. 0. Descripción: - Implementada y en muy buen estado. - En el primer nivel, cuenta con un amplio salón de eventos ideal para celebraciones y reuniones. - En el segundo nivel, dispone de un mini-departamento independiente. - Puerta a la calle, ofreciendo accesibilidad y visibilidad. Otros Detalles: - Zonificación rdm. - Dos ambientes amplios y versátiles. No pierdas la oportunidad de invertir en este espacio multifuncional y rentable. Contáctanos para más detalles o para programar una visita.|https://urbania.pe/inmueble/clasificado/veclcain-venta-de-casa-en-maranga-etapa-iv-san-miguel-143527625?n_src=Listado&n_pg=3&n_pos=24|2026-02-01
urbania|casas|venta|Lima Moderna|San Miguel|"URBANIZACION SANTA FLORENCIA - SAN MIGUEL
Santa Florencia, San Miguel"|S/ 1,081,700 · USD 290,000|1081700|290000|||"160 m² tot.
7 dorm.
4 baños
1 estac."|160|7|4|1|Si buscas un lugar céntrico, tranquilo, frente a un parque para vivir esta es tu casa! La casa en venta es de 2 pisos y azotea en. Ubicada en Urb. Santa Florencia- San Miguel. Referencias cerca colegios juan xxxiii, Colegio Chino, Innova School y a upc esta a unos 3 minutos de plaza San Miguel. La casa es ideal como vivienda para familias numerosas o puede ser rentabilizada, pues tiene mini departamento incluido y habitaciones amplias. ➤ La propiedad tiene 160 m2 de área de terreno y 250 de área construida. ➤ En primer piso al ingreso hay una cochera y 1 mini departamento, un ingreso a la sala comedor, cocina, amplia con vista al amplio jardin y en el primer piso hay 2 dormitorios y 2 baños. ➤ En el segundo piso hay 3 habitaciones, hall y 1 baño completo. ➤ En el tercer piso hay una habitación con baño y área de lavandería. ➤ Se vende en $290, 000 dólares documentos ok, listo para comprar con el banco de su elección. Para mayores informes o agendar visitas al 986*520*629 o 992*141*058|https://urbania.pe/inmueble/clasificado/veclcain-venta-de-casa-en-santa-florencia-san-miguel-5-a-mas-dormitorios-146212177?n_src=Listado&n_pills=Cerca+a+colegios&n_pg=3&n_pos=25|2026-02-01
urbania|casas|venta|Lima Moderna|San Miguel|"Alt. LA Marina Cdra. 30 / Espalda Hiraoka - Maranga
San Miguel, San Miguel"|S/ 1,608,750 · USD 429,000|1608750|429000|||"273 m² tot.
4 dorm.
2 baños
1 estac."|273|4|2|1|¡gran oportunidad de inversión! Se vende como terreno en excelente ubicación, bien distribuida en una zona exclusiva de 273. 50 m2 y una techada de200. 00 m2 en uno de los mejores distritos de Lima: San Miguel. Muy cerca de Av. La Marina, Hiraoka, upc San Miguel, Plaza San Miguel, Cassinelli, Metro La Marina, Farmacia Universal, Open Plaza La Marina, Tottus. Distribución: • Terraza• Sala y comedor amplio• Cocina amoblada• Dormitorios amplios• Baños completos• Área de lavandería cochera para 1 auto. Uso: • Viviendas ResidencialesLinderos: • Derecha: 26. 67• Izquierda: 26. 96. Precio total: us$ 429, 000 dólares americanos. ¡aprovecha! * Las fotografías, precios y descripción de esta propiedad son|https://urbania.pe/inmueble/clasificado/veclcain-venta-de-casa-en-san-miguel-san-miguel-4-dormitorios-147556713?n_src=Listado&n_pills=%C3%81rea+de+lavander%C3%ADa&n_pg=3&n_pos=26|2026-02-01
urbania|casas|venta|Lima Moderna|San Miguel|"San Miguel 150
San Miguel, Lima"|S/ 3,398,000 · USD 985,000|3398000|985000|||540 m² tot.|540||||Venta de amplio terreno de 540 m2 en zona residencial, parámetros para 8 pisos, terreno muy bien ubicado con fácil acceso y salida a principales puntos de la ciudad, a media cuadra de la Av. La Marina a tan solo 10 minutos de Plaza San Miguel y principales centros comerciales. Cuenta con 30 m2 Rodeado de parques y muy cerca a principales colegios de San Miguel, institutos y universidades. - 20 metros de frente- 27 metros de fondo- Parámetros 8 Pisos- Zonificación rdmexcelente oportunidad! Ideal para vivienda, para proyecto o local comercialLocal sugerido para: Tiendas de convenienciaBodegasMminimarketFarmacia, boticaPrestación de servicios profesionalesActividades de médicos o consultoriosClinicas dentales, asilo, academiaActividades veterinariasGuarderias (casa cuna), centro educativo inicial, nidoPeluqueria, salon de belleza, barberia, servicio de podologíaLavanderíaVenta de productosPanadería, pasteleríasActividades deportivas, GimnasioClases de baile o talleresIglesia, casa de retiro, templo, organizaciones religiosas, albergues y otros 121% comprometidos en brindarte un servicio de excelencia.|https://urbania.pe/inmueble/clasificado/veclcain-venta-de-casa-en-san-miguel-lima-147823399?n_src=Listado&n_pills=%C3%81rea+de+lavander%C3%ADa&n_pg=3&n_pos=27|2026-02-01
urbania|casas|venta|Lima Moderna|San Miguel|"Calle B
San Miguel, Lima"|S/ 1,189,250 · USD 355,000|1189250|355000|||"200 m² tot.
4 dorm.
3 baños
2 estac."|200|4|3|2|San Miguel, venta de casa de 2 pisos con vista al parque, A una cuadra de Avenida La Marina y Plaza San Miguel. ️Ideal para inversionistas, construcción multifamiliar. Área de terreno 200m2. ️La casa tiene aproximadamente 40 años de construida. 1° Primer piso. Sala comedor muy amplias con jardin interno, cocina puerta cerrada, baño de visita y garage hasta para dos vehiculos. 2° Piso. baño principal en habitacion master, 3 secundarios todos con ropero (2 con vista interior y 2 con vista exterior.) 1° piso: habitacion y baño de servicio, lavanderia y azotea. Cambios de instalaciones planos disponibles (importante para toda remodelacion que se desee hacer) si es posible construir un tercer piso con vista externa. La casa està construida y preparada para eso. Precio de venta: 355, 000 dólares. Te informo: 9 9 6 4 3 8 1 6 4|https://urbania.pe/inmueble/clasificado/veclcain-venta-de-casa-en-san-miguel-lima-4-dormitorios-148292667?n_src=Listado&n_pills=%C3%81rea+de+lavander%C3%ADa&n_pg=3&n_pos=28|2026-02-01
urbania|casas|venta|Lima Moderna|San Miguel|"Jr Bahía de Pisco # San Miguel
San Miguel, Lima"|S/ 1,220,000 · USD 359,800|1220000|359800|||"150 m² tot.
10 dorm.
8 baños
2 estac."|150|10|8|2|Venta casa-edificio san miguel. edificación moderna. excelente para inversión O para una familia grande. Descripción: *1 duplex con 4 dormitorios. *2 departamentos de 02 dormitorios de 110M2 C/U con posibilidad de hacer otra habitación. loft O cuarto grande de almacen. terraza. tendal. 7 a 10 baños. cocina moderna. acabados de lujo. documentos en regla. agenda tu visita. 02 espacios cochera. usd 350, 000. 00. precio en dólares. Disponibilidad inmediata. Carolina Muñoz. Ver datos. Agenda tu visita hoy mismo. contactar: Carolina Muñoz. Ver datos|https://urbania.pe/inmueble/clasificado/veclcain-venta-de-casa-en-san-miguel-lima-5-a-mas-dormitorios-143086593?n_src=Listado&n_pills=Cerca+a+colegios&n_pg=3&n_pos=29|2026-02-01
urbania|casas|venta|Lima Moderna|San Miguel|"AV. Tacna
San Miguel, Lima"|S/ 658,000 · USD 188,000|658000|188000|||"182 m² tot.
2 dorm.
1 baño"|182|2|||Venta primer piso de casa en esquina con locales comerciales – excelente ubicación en av. Tacna con jr. Alfonso ugartedirección: Calle Alfonso Ugarte N°402 – esquina con Av. TacnaÁrea total: 182. 5 m²Área construida: 107 m²Estado de conservación: RegularMaterial de construcción: Noble¡Oportunidad de inversión en zona estratégica! Se vende primer piso casa en esquina con excelente exposición comercial, ubicada en una zona transitada y de alto potencial. El inmueble cuenta con 2 locales comerciales al frente actualmente en funcionamiento: uno como farmacia y el otro como cafetería, ideal para generar ingresos inmediatos. Distribución del inmueble: - Frente a la Av. Tacna: * 1 local comercial en funcionamiento (farmacia) * 1 local comercial adicional (cafetería) - Ingreso por Jr. Alfonso Ugarte: * Entrada principal a la casa* Sala – comedor* Cocina* Acceso interno al local de farmacia* 1 medio baño* 1 baño completo* 2 habitaciones* Patio y área de lavandería Ideal para inversión, vivienda con negocio propio, o proyecto de remodelación en local. Excelente exposición en esquina con alto tránsito peatonal y vehicular. Para mayor información o agendar una visita, contáctanos directamente. ¡No dejes pasar esta oportunidad de adquirir un inmueble versátil y bien ubicado! Agente: José Gabriel Rodríguez // pn - mvcs Ver datosContacto: Ver datos &quot;profesionales trabajando para ud&quot;|https://urbania.pe/inmueble/clasificado/veclcain-venta-de-casa-en-san-miguel-lima-2-dormitorios-148289203?n_src=Listado&n_pills=%C3%81rea+de+lavander%C3%ADa&n_pg=3&n_pos=30|2026-02-01
urbania|casas|venta|Lima Moderna|San Miguel|"Calle Bahía de pisco
San Miguel, Lima"|S/ 1,224,000 · USD 360,000|1224000|360000|||"150 m² tot.
10 dorm.
8 baños
2 estac."|150|10|8|2|Vendo Casa Edificio de 4 Pisos + Terrazas Acabados de Lujo Cochera San Miguel. venta casa-edificio san miguel. edificación moderna. excelente para inversión O para una familia grande. Descripción: *1 duplex con 4 dormitorios. *2 departamentos de 02 dormitorios de 110M2 C/U con posibilidad de hacer otra habitación. loft O cuarto grande de almacen. terraza. tendal. 7 a 10 baños. cocina moderna. acabados de lujo. documentos en regla. agenda tu visita. 02 espacios cochera. usd 350, 000. 00. precio en dólares. Disponibilidad inmediata. Contacto. angélica pinto. Ver datos|https://urbania.pe/inmueble/clasificado/veclcain-venta-de-casa-en-san-miguel-lima-5-a-mas-dormitorios-148506040?n_src=Listado&n_pills=Cuartos+de+servicio&n_pg=4&n_pos=1|2026-02-01
urbania|casas|venta|Lima Moderna|Pueblo Libre|"Santiago Antunez de Mayolo al 100
Pueblo Libre, Lima"|S/ 690,000 · USD 203,500|690000|203500|||"155 m² tot.
5 dorm.
3 baños
2 estac."|155|5|3|2|¡Vive en el corazón de Pueblo Libre! Casa amplia de 3 pisos con azoteaDescubre esta hermosa casa con buenos acabados y lista para ir a vivir, ideal para familias que buscan espacio, comodidad y una ubicación privilegiada. Ubicación inmejorable: a pasos de la pucp, Av. La Marina, Sucre y Av. La Mar. Cerca de parques, principales colegios, universidades, comercios y todo lo que necesitas para un mejor estilo de vida. Características principales: 3 pisos + azoteaPrimer piso Amplia Sala comedor 1/2 baño de visitasCocina con muebles e ingreso de servicioLavandería y patio traseroSegundo piso3 dormitorios amplios con ventanas bien iluminado1 baño completo con tinaTercer piso2 dormitorios amplios1 baño completo con tinaAzotea o TendalFondo con vista directa al parqueAmbientes amplios e iluminadosIdeal para familias que buscan comodidad y vivir cerca a servicios. Zona tranquila y seguraExcelente conectividad y fácil acceso Vive rodeado de áreas verdes y disfruta de la tranquilidad de Pueblo Libre sin alejarte del movimiento de la ciudad. Contáctanos para coordinar una visita y descubre tu próximo hogar. ¡Esta casa tiene todo para ofrecerte el estilo de vida que mereces! Consultar con el Agente Inmobiliario encargado para mayor información Ver datos.|https://urbania.pe/inmueble/clasificado/veclcain-venta-de-casa-en-pueblo-libre-lima-5-a-mas-dormitorios-148000873?n_src=Listado&n_pills=Jard%C3%ADn&n_pg=1&n_pos=1|2026-02-01
urbania|casas|venta|Lima Moderna|Pueblo Libre|"Jr. Agustín Gamarra al 225
Isla Verde, Pueblo Libre"|S/ 454,950 · USD 135,000|454950|135000|||"96 m² tot.
3 dorm.
3 baños"|96|3|3||Casa en Pueblo Libre, Urbanización Isla Verde, ideal para invertir y ganar valor con acogedores ambientes, en una zona rodeada de parques y espacios con muy buena iluminación y ventilación, cámara de seguridad (puede ver quien toca el timbre), sensores de iluminación en las escaleras. 4 habitaciones, 4 baños completos y sala comedor. 96m2|https://urbania.pe/inmueble/clasificado/veclcain-venta-de-casa-en-isla-verde-pueblo-libre-3-dormitorios-148518658?n_src=Listado&n_pg=1&n_pos=2|2026-02-01
urbania|casas|venta|Lima Moderna|Pueblo Libre|"Calle 29 de Diciembre 216
Pueblo Libre, Lima"|S/ 1,140,000|1140000||||"275 m² tot.
6 dorm.
4 baños
1 estac."|275|6|4|1|Oportunidad única de vivir o invertir en una de las zonas más céntricas de Pueblo Libre! Te presentamos esta amplia casa de tres pisos con un área construída de 304 m2, en una de las zonas más céntricas de Pueblo Libre, a tan solo 1 cuadra de la Av. Brasil, entre la Av. Bolivar y Av. Sucre. Primer Piso: Sala, cocina, comedor diario, tres dormitorios amplios (uno con baño propio), lavandería, terraza y garaje Segundo Piso: Tres dormitorios amplios (uno con baño propio), baño completo, hall Tercer Piso (Azotea): Patio con techo de alucín, dos dormitorios (uno con baño completo), lavandería cerrada! Aprovecha esta oportunidad y agenda una visita para que conozcas tu próxima vivienda en Pueblo Libre! 121% comprometidos en brindarte un servicio de excelencia.|https://urbania.pe/inmueble/clasificado/veclcain-venta-de-casa-en-pueblo-libre-lima-5-a-mas-dormitorios-148545133?n_src=Listado&n_pills=%C3%81rea+de+lavander%C3%ADa&n_pg=1&n_pos=3|2026-02-01
urbania|casas|venta|Lima Moderna|Pueblo Libre|"Sta. Marta 158 Pueblo Libre
Pueblo Libre, Lima"|S/ 1,580,610 · USD 446,500|1580610|446500|||"235 m² tot.
5 dorm.
4 baños
1 estac."|235|5|4|1|- venta de casa en zona residencial, calle sta. Marta pueblo libre- Casa de 2 pisos con amplio jardin interno y azotea- at: 235. 52M2 ac: 210M2- linderos: - Frente: 8&#39; / Fondo: 8. 5&#39;- Derecha: 29. 28&#39; / Izquierda: 29. 60&#39;Se encuentra a 2 Cdras de Av. La Marina y 2 cdras de Av. Sucre1er Piso: Sala amplia, comedor (se volvio un dormitorio de 1er piso, baño completo de visitas, cocina cerrada, pequeño hall, jardin super amplio y amplia cochera techada. 2do Piso: 4 dormitorios (2 de ellos vista a parque Sta Marta con balcón) , 2 baños completos, lavanderia y cuarto de servicio. Azotea: 2 Cuartos de Servicio, baño completo y lavanderiaTiene 2 puntos de gas naturalprecio: $ 446, 500 dólares americanoscontacto: david huanacune*9*6*8*0*1*7*7*5*0*|https://urbania.pe/inmueble/clasificado/veclcain-venta-de-casa-en-pueblo-libre-lima-5-a-mas-dormitorios-147666253?n_src=Listado&n_pills=Cuartos+de+servicio&n_pg=1&n_pos=4|2026-02-01
urbania|casas|venta|Lima Moderna|Pueblo Libre|"Ollantay 172
Pueblo Libre, Lima"|S/ 1,571,500 · USD 449,000|1571500|449000|||"208 m² tot.
7 dorm.
3 baños
2 estac."|208|7|3|2|"Casa de 3 pisos, junto a parque. Tercer piso de ingreso independiente. Espacios amplios e iluminados, en una de las zonas más tranquilas y seguras de Pueblo Libre. Cerca de centros comerciales e importantes avenidas. Área de terreno: 208. 4 m² | Área construida: 303. 47 m² | Frente: 8 m | Fondo: 8. 04 m7 Dormitorios | 3 Baños completos + 1 medio baño | 2 Cocheras | Junto a parqueDistribución por PisosPrimer piso: - 2 cocheras paralelas abiertas- 2 entradas independientes- Sala de estar- Baño de visita- Sala comedor con vista al jardín- Cocina con salida directa a la cochera- Jardín- Cuarto y baño de servicio (sobre el cuarto de servicio, se encuentra un depósito y tendal) - Patio amplio frente al jardín, el cual conecta con el cuarto y baño de servicioSegundo piso: - Hall de distribución, con- 4 dormitorios amplios- 1 baño completo- closet para la terma eléctricaTercer piso: - Terraza- Sala comedor iluminada y con vista a la calle- Cocina amplia- Baño completo- 2 dormitoriosT. C. 3. 50Tipo de cambio referencial, sujeto a variación diaria por fluctuación del mercado"|https://urbania.pe/inmueble/clasificado/veclcain-venta-de-casa-en-pueblo-libre-lima-5-a-mas-dormitorios-147486195?n_src=Listado&n_pills=Cuartos+de+servicio&n_pg=1&n_pos=5|2026-02-01
urbania|casas|venta|Lima Moderna|Pueblo Libre|"Zaragoza 200
Pueblo Libre, Lima"|S/ 244,800 · USD 69,942|244800|69942|||"38 m² tot.
1 dorm.
1 baño"|38|1|||Departamento Flat en Pueblo Libre — ¡ En 6 meses listo para Estrenar! -Ubicación: Pueblo Libre, Lima-Tipo: Flat disponible en pisos: 2-8-Área construida: 38. 98 m²-Habitaciones: 1-Baños: 1-Estacionamientos: consultar precio. -Antigüedad: 0 añosDescripción: -Espacio moderno y funcional, ideal para quienes buscan una vivienda nueva en Pueblo Libre. Con 1 dormitorios y 1 baño distribuidos en 38. 98 m², este flat ofrece privacidad y comodidad: perfecto para persona sola o pareja recién casados. Puntos destacados: - Distribución eficiente que maximiza el uso del espacio- próximo a Estrenar: condiciones y acabados nuevos- Ubicación estratégica en Pueblo Libre, cerca de comercios y serviciosFotos son referenciales“Agenda tu visita y conoce sus espacios en persona. ¡Aprovecha el precio antes de que suba! ”T. C. 3. 50Tipo de cambio referencial, sujeto a variación diaria por fluctuación del mercado|https://urbania.pe/inmueble/clasificado/veclcain-venta-de-casa-en-pueblo-libre-lima-1-dormitorio-147819988?n_src=Listado&n_pg=1&n_pos=6|2026-02-01
urbania|casas|venta|Lima Moderna|Pueblo Libre|"Pasaje Enrique Palacios #12 Pueblo Libre
Pueblo Libre, Lima"|"S/ 1,001,666 · USD 299,000
7%"|1001666|299000|7%||"236 m² tot.
6 dorm.
5 baños
1 estac."|236|6|5|1|Casa en venta en Pueblo libre 187m2 y un garaje para 1 auto, esta esperando a ser restaurada para recuperar su antiguo esplendor. Ubicada en una comunidad tranquila y segura, esta casa te ofrece comodidad y accesibilidad. ¡Con excelentes conexiones a las principales avenidas, marina, brasil estarás a solo un paso de toda la ciudad! No te pierdas esta increíble oportunidad|https://urbania.pe/inmueble/clasificado/veclcain-venta-de-casa-en-pueblo-libre-lima-5-a-mas-dormitorios-148352279?n_src=Listado&n_pg=1&n_pos=7|2026-02-01
urbania|casas|venta|Lima Moderna|Pueblo Libre|"Av. Paso de los Andes
Pueblo Libre, Lima"|S/ 1,276,200 · USD 380,000|1276200|380000|||"320 m² tot.
6 dorm.
3 baños"|320|6|3||Se VendeCasa en Pueblo Libre S/ 1, 288, 000 / $380, 000. Casa de 3 Pisos en Zona Residencial de Pueblo Libre ubicado. zonatranquila de Pueblo Libre, calleresidencial: Islas Antillas. Amplia casa de 3 pisos. Area Terreno =142 m² Área construido = 320M2. ideal para familias numerosa y que buscan tranquilidad y seguridad. Remodelada totalmente (tuberías, cableado eléctrico, baños finos acabados) y cuenta con circuito cerrado de cámaras y timbre con cámara para tu seguridad. Distribución: 1. - Primer piso. - Entrada directa desde la calle y bonito jardín exterior que recibe a los visitantes. - Amplia sala comedor muy iluminada y ventilada con piso de porcelanato techos altos muy lindo. - Cocina amoblada con muebles altos y bajos súper excelente estado, se vende amoblado con electrodomésticos empotrados. - Medio baño de visita. - Terraza y Patio paralavandería. - Cochera para 3 autos pequeños o 2 autos grandes. 2-. 2do. Piso. - 4 habitaciones grandescon ventanas con buena iluminación naturaly closet empotrados. - 1 baño completo grande para los 4 dormitorios. -walk-in closet debajo de la escalera, ideal depósito o vestidor. 3. -3er piso. - 2 dormitoriosamplias. - Área de lavandería independiente. - 1 baño completo. - amplia terraza se puede construir un departamento con material noble. nota: El inmueble de 3 pisosestá en un buen estado, bien cuidado y mantenido con acabados modernos, lista para habitar y excelenteubicacióncerca de parques, colegios, Iglesias y avenidas principales, pero en un entorno centros comerciales mall centro próximo hospitalSanta Rosa clínica Centenario|https://urbania.pe/inmueble/clasificado/veclcain-venta-de-casa-en-pueblo-libre-lima-5-a-mas-dormitorios-148826750?n_src=Listado&n_pills=Seguridad&n_pg=1&n_pos=8|2026-02-01
urbania|casas|venta|Lima Moderna|Pueblo Libre|"Edificio
Pueblo Libre, Lima"|S/ 1,206,000 · USD 360,000|1206000|360000|||"275 m² tot.
4 dorm.
2 baños
1 estac."|275|4|2|1|Contacto: teresa suzuki // cel: 949*211*455. Se vende casa como terreno, a 1 cuadra de la Av. Manuel Cipriano Dulanto (ex La Mar) área de terreno = 204. 00 m2. área construida = 275. 54 m2. linderos Y medidas perimétricas: - Por el frente: 8. 00 ml. - Por la derecha: 25. 70 ml. - Por la izquierda: 25. 42 ml. - Por el fondo con terceros, 8. 00 ml. primer piso: - Sala-recibidor. - Amplia sala-comedor. - Cocina. - Lavandería. - 1 medio baño o baño de visita. - Jardín interior. **Escalera hacia la azotea (ingreso por la cocina) **1 cochera. **Cisterna. segundo piso: - 1 Dormitorio principal con baño amplio y tipo walking closet. - 3 Dormitorios secundarios amplios. - 1 baño completo compartido para los 3 dormitorios secundarios. - 1 sala de estar o family room. Azotea: - 2 cuartos. - 1 baño completo. ** Cuenta con instalación de gas Calidda. Zona residencial tranquila y segura. Cerca de la Plaza San Miguel, Museo Larco, cafeterías, restaurantes, bodegas y panaderías. ** Precio de venta en dólares, negociable. Facilidad de visitas|https://urbania.pe/inmueble/clasificado/veclcain-venta-de-casa-en-pueblo-libre-lima-4-dormitorios-146444144?n_src=Listado&n_pills=%C3%81rea+de+lavander%C3%ADa&n_pg=1&n_pos=9|2026-02-01
urbania|casas|venta|Lima Moderna|Pueblo Libre|"Jr Daniel Hernández 1080, Pueblo Libre
Pueblo Libre, Lima"|S/ 1,566,585 · USD 465,000|1566585|465000|||"189 m² tot.
6 dorm.
3 baños
3 estac."|189|6|3|3|Estás buscando una casa amplia, con excelente ubicación y que te genere ingresos extras? Esta oportunidad es para ti! Amplia casa de dos pisos, con un departamento de 100m2, completamente independiente en el tercer piso, y una amplia azotea; en la esquina de Jr. Daniel Hernández y Jr. Juan Acevedo, ubicada entre las avenidas Cipriano Dulanto, Sucre, Av. Herrera y la Av. La Marina, con rápido y fácil acceso. La casa tiene ingreso por Daniel Hernández y presenta la siguiente distribución: - Primer piso: jardín ingreso, estacionamientos laterales, recibidor, escalera principal, amplia sala y comedor, 1/2 baño, cocina con reposteros altos y bajos, espacio para comedor de diario, escalera interior al segundo piso, estacionamientos interiores (para dos vehículos) con portón de ingreso. - Segundo piso: llegada de escaleras, 04 dormitorios c/ closets, amplios, bien iluminados y ventilados, pasadizo central, escaleras interiores que conducen al tercer piso (actualmente clausuradas). Departamento, ubicado en el tercer piso, con ingreso independiente por Jr Acevedo, llegada de escaleras exteriores, sala-comedor, cocina, baño completo, patio interior, dos habitaciones amplias c/clóset. *Existe la posibilidad, en el departamento, de cerrar una tercera habitación. Area de terreno=189. 36m2 area construida=311. 86m2 - Primer Piso: 111. 57m2 - Segundo Piso: 104. 05m2 - Departamento (tercer piso) =100m2 linderos: - frente: 11. 10ml con Daniel Hernández - fondo: 17. 06ml con Juan Acevedo La casa cuenta: - Con una terma de 80 litros nueva para primer y segundo piso; - En el techo de del tercer piso, cuenta con una terma de 50 litros, ubicada al costado del tanque de agua - cuenta con un tablero eléctrico independiente para el primer y segundo piso, y otro para el tercer piso; - Un solo medidor de luz para la casa. - 2 tanques de agua, en el techo de la propiedad, que abastecen a toda la propiedad. Agenda ya tu visita al Ver datos! Ruc Ver datos|https://urbania.pe/inmueble/clasificado/veclcain-venta-de-casa-en-pueblo-libre-lima-5-a-mas-dormitorios-148609156?n_src=Listado&n_pills=Jard%C3%ADn&n_pg=1&n_pos=10|2026-02-01
urbania|casas|venta|Lima Moderna|Pueblo Libre|"Calle Islas Antillas
Pueblo Libre, Lima"|S/ 1,280,600 · USD 380,000|1280600|380000|||"142 m² tot.
6 dorm.
3 baños
2 estac."|142|6|3|2|Vive en la tranquilidad de Pueblo Libre, en una de sus calles más residenciales: Islas Antillas. Esta amplia casa de 3 pisos cuenta con 142 m² de terreno y una distribución ideal para familias que buscan comodidad y seguridad. Ha sido remodelada (tuberías, sistema eléctrico, acabados) y cuenta con circuito cerrado de cámaras y timbre con cámara para tu seguridad. Distribución: *Primer piso. - Entrada directa desde la calle y jardín delantero que recibe a los visitantes. - Amplia sala comedor muy iluminada y ventilada. - Cocina con muebles altos y bajos, se entrega con electrodomésticos empotrados incluidos. - Medio baño de visitas. - Patio con lavandería. - Cochera para 3 autos pequeños o 2 autos grandes. *Segundo piso. - 4 habitaciones amplias con buena iluminación y closet empotrados. - 1 baño completo. - Pequeño espacio tipo mini walk-in closet debajo de la escalera, ideal para acondicionar como depósito o vestidor. *Tercer piso. - 2 habitaciones amplias. - Área de lavandería independiente. - 1 baño completo. Plus: La casa está en excelente estado, con acabados modernos, lista para habitar y en una ubicación estratégica cerca de parques, colegios, comercios y avenidas principales, pero en un entorno tranquilo y sin ruido. *¡No dudes en agendar tu visita para conocer esta linda propiedad!|https://urbania.pe/inmueble/clasificado/veclcain-venta-de-casa-en-pueblo-libre-lima-5-a-mas-dormitorios-147294829?n_src=Listado&n_pills=Jard%C3%ADn&n_pg=1&n_pos=11|2026-02-01
urbania|casas|venta|Lima Moderna|Pueblo Libre|"senda el lucero 111 pueblo libre
Arco Iris, Pueblo Libre"|S/ 955,000 · USD 285,000|955000|285000||150|"195 m² tot.
4 dorm.
2 baños
1 estac."|195|4|2|1|Casa remodelanda y bien distribuida de 2 pisos y aires. Ubicada en un lindo pasaje de sòlo 10 casas. Super ubicaciòn a 5 min de Universidad Catòlica cerca a avenidas principales. como av. Mariano Cornejo, av. Bolivar y Av. Universitaria. Venta: $300, 000. Area Cosntruida: 196m2 aprox. Área Terreno 142m2 aprox. Distribucion 1er piso. _1 Dormitorio con baño completo. _Sala y Comedor amplios con piso de parquet. _Sala de estar. _Cocina con reposteros altos y bajos. _Lavaderia cerrada. _Patio. Distribuciòn 2do piso: _3 Dormitorios iluminados, con amplios closets y rollers. _1 baño completo remodelado. _ambiente de deposito / therma. 3er piso: _Azotea. _Cuarto de servicio o deposito. Casa cuenta con espacio para 2-3 autos|https://urbania.pe/inmueble/clasificado/veclcain-venta-de-casa-en-arco-iris-pueblo-libre-4-dormitorios-147299133?n_src=Listado&n_pills=Cerca+a+colegios&n_pg=1&n_pos=12|2026-02-01
urbania|casas|venta|Lima Moderna|Pueblo Libre|"PASO DE LOS ANDES 1051
Pueblo Libre, Lima"|S/ 1,330,000 · USD 380,000|1330000|380000|||"240 m² tot.
5 dorm.
4 baños
3 estac."|240|5|4|3|Casa con excelente ubicación, se vende como terreno, ubicada sobre avenida Paso de los Andes, a un paso de la Plaza de la bandera. 240M2. Parámetros para 8 pisos. Casa de tres pisos de los cuales el tercero es de Drywall. Cochera externa para 2 carros. cochera interna para 1 carro. sala comedor. cocina. patio interno. habitacion. baño. cuarto deposito. Segundo Nivel: 2 habitaciones. baño. Tercer piso: Es un departamento con 2 habitaciones, baño, sala comedor, cocina. Precio en soles es referencial.|https://urbania.pe/inmueble/clasificado/veclcain-venta-de-casa-en-pueblo-libre-lima-5-a-mas-dormitorios-141636327?n_src=Listado&n_pills=Cuartos+de+servicio&n_pg=1&n_pos=13|2026-02-01
urbania|casas|venta|Lima Moderna|Pueblo Libre|"Jr. Coronel Juan Valer Sandoval
Pueblo Libre, Lima"|S/ 2,522,625 · USD 750,000|2522625|750000|||"297 m² tot.
6 dorm.
3 estac."|297|6||3|Ubicado en una de las mejores y mas tranquilas zonas de Pueblo Libre, Jr. Juan Valer Sandoval (Ex Cueva) Cdra. 3, muy cerca a todo (Colegios, Universidades, Supermercados, Farmacias, Parques, etc). Esta propiedad tiene una zonificacion rdm (Residencial de Densidad Media), al lado de 2 edifcios nuevos (6 y 7 pisos) respectivamente, frente a la Casa de la Juventud de Pueblo Libre. ¡Contactanos y conoce tu futuro proyecto inmobiliario!|https://urbania.pe/inmueble/clasificado/veclcain-venta-de-casa-en-pueblo-libre-lima-5-a-mas-dormitorios-148570288?n_src=Listado&n_pills=Cerca+a+colegios&n_pg=1&n_pos=14|2026-02-01
urbania|casas|venta|Lima Moderna|Pueblo Libre|"Jirón Santiago Wagner Pueblo Libre
Pueblo Libre, Lima"|S/ 1,762,500 · USD 470,000|1762500|470000||1|"274 m² tot.
5 dorm.
6 baños
2 estac."|274|5|6|2|Venta de Casa en Pueblo Libre – Ideal para Vivienda u OficinaDirección: Jr. Santiago Wagner, Pueblo LibreExcelente ubicación: • A una cuadra de la Av. Brasil • A dos cuadras de la Av. Sucre • Zona residencial con fácil acceso a principales víasCaracterísticas del Inmueble: • Área total: 254 m² • Diseño de una sola planta (estilo horizontal) • 4 dormitorios, cada uno con baño propio • Sala – comedor amplio • Cocina estilo americano, moderna y funcional • Área de bbq y lavandería • Cuarto de servicio con baño propio • 2 estacionamientosEquipamiento y Servicios: • Cisterna subterránea • Instalación eléctrica trifásica • Conexión a gas natural • Los aires están disponibles únicamente en la zona interna (lavandería) • Dos cocheras privadasUsos permitidos: • Vivienda familiar • Oficina administrativa • Estudio contable • Consultorio médicoOportunidad única para vivir o trabajar en una de las mejores zonas de Pueblo Libre. Contáctanos para más información o agendar una visita. Proyectum|https://urbania.pe/inmueble/clasificado/veclcain-venta-de-casa-en-pueblo-libre-lima-5-a-mas-dormitorios-148140804?n_src=Listado&n_pills=%C3%81rea+de+lavander%C3%ADa&n_pg=1&n_pos=15|2026-02-01
urbania|casas|venta|Lima Moderna|Pueblo Libre|"URB.LOS JARDINES DE LA CATÓLICA
Los Jardines De La Catolica, Pueblo Libre"|S/ 2,970,000 · USD 742,000|2970000|742000|||"800 m² tot.
20 dorm.
14 baños
2 estac."|800|20|14|2|Excelente ubicacion edificacion de 5 pisos A. C. 800M2 A. T. 200M2 cosnta en total con 20 habitaciones 14 baños terraza interior: cocina lavanderia tendal balcon area de terreno 200M2 area construida 800M2, actualmente se alquilan habitaciones ideal negocio de hospedaje A U paso universidad católica Y proximo universidad san marcos (U. M. S. M) ingreso mensual por arriendo de habitaciones es aproximado S/. 14, 000|https://urbania.pe/inmueble/clasificado/veclcain-venta-de-casa-en-los-jardines-de-la-catolica-pueblo-libre-5-a-mas-dormitorios-144168819?n_src=Listado&n_pills=%C3%81rea+de+lavander%C3%ADa&n_pg=1&n_pos=16|2026-02-01
urbania|casas|venta|Lima Moderna|Pueblo Libre|"Av. del Río
Pueblo Libre, Lima"|S/ 1,145,800 · USD 340,000|1145800|340000|||"141 m² tot.
5 dorm.
3 baños
2 estac."|141|5|3|2|Esta casa es ideal para vivienda o Local Comercial, ya que la Av. Del Río, es una avenida que actualmente por estar rodeada de edificios, están las grandes empresas y medianos comerciante con gran fuerza en la zona, permitiendo la categoria comercial para las viviendas de la zona. No dudes en agendar tu visita.|https://urbania.pe/inmueble/clasificado/veclcain-venta-de-casa-en-pueblo-libre-lima-5-a-mas-dormitorios-147930702?n_src=Listado&n_pills=Cerca+a+colegios&n_pg=1&n_pos=17|2026-02-01
urbania|casas|venta|Lima Moderna|Pueblo Libre|"Av. José Leguía Y Meléndez
Pueblo Libre, Lima"|S/ 1,209,600 · USD 360,000|1209600|360000|||241 m² tot.|241||||¡oportunidad única en pueblo libre! Ubicación Privilegiada: Av. José Leguía y Meléndez con Av Paso de los Andes, corazón de Pueblo Libre. Zona residencial tranquila y segura. Cerca a colegios, clínicas, bodegas, parques, Plaza Vea de Av. Sucre, universidades, centros comerciales y parroquia. Se vende Casa como terreno, esta propiedad de 241. 00 m2 de terreno y 166. 00 m2 construidos, con parámetros para 5 pisos. Precio Competitivo: A tan solo $360, 000, es una de las mejores ofertas en una zona consolidada y de alta demanda. Aproveche esta rara oportunidad de inversión o de crear un hogar personalizado en una de las áreas más tradicionales de Lima. Para más información o para coordinar una visita, ¡contácteme hoy! Las imágenes y/o información de este inmueble son de carácter referencial. R. uc.: Ver datos Razón social: Inversiones Delia S. A. C.|https://urbania.pe/inmueble/clasificado/veclcain-venta-de-casa-en-pueblo-libre-lima-147567758?n_src=Listado&n_pg=1&n_pos=18|2026-02-01
urbania|casas|venta|Lima Moderna|Pueblo Libre|"MARCOS DONGO
Villa Militar Pueblo Libre, Pueblo Libre"|S/ 1,704,000 · USD 480,000|1704000|480000|||"410 m² tot.
10 dorm.
8 baños
1 estac."|410|10|8|1|Casa totalmente remodelada 100% materiales de alta gama. 10 ambientes. 3 pisos. sala de capacitaciones en tercer nivel. 206M de terreno. A un paso de la avenida la marina / brasil Y sucre. visitala ya! Mudate A otro nivel|https://urbania.pe/inmueble/clasificado/veclcain-venta-de-casa-en-villa-militar-pueblo-libre-pueblo-libre-5-a-mas-dormitorios-145565358?n_src=Listado&n_pills=Guardian%C3%ADa%2FSeguridad+privada&n_pg=1&n_pos=19|2026-02-01
urbania|casas|venta|Lima Moderna|Pueblo Libre|"Calle Aduana 175
Unap, Pueblo Libre"|S/ 1,842,500 · USD 550,000|1842500|550000||100|"480 m² tot.
3 dorm.
2 baños
2 estac."|480|3|2|2|Se vende lindo edificio, de 4 pisos mas azotea. Excelente oportunidad de inversion, para vivir Y para alquilar obteniendo asi un ingreso seguro. Ubicado en zona cerrada, cerca A avs. Principales de pueblo libre, universidades pucp, unmsm, etc. At. 160 M2, ac 420 M2, 5 años de antiguedad. Cada dpto consta de sala-comedor, cocina, 3 dorms. 2 baños. En azotea: lavanderia, terraza con bbq, dorm., baño, deposito. El edificio tiene salida directa A parque. Excelentes acabados, zona tranquila Y vigilada 24/7. Documentos en regla, inscrito en registros publicos. Precio: $ 550 mil dolares negociables. Manten. S/. 100 (vigilancia) listo para habitar. Visitas previa cita al Ver datos también wapp.|https://urbania.pe/inmueble/clasificado/veclcapa-venta-de-casa-en-unap-pueblo-libre-3-dormitorios-148821461?n_src=Listado&n_pills=Jard%C3%ADn&n_pg=1&n_pos=20|2026-02-01
urbania|casas|venta|Lima Moderna|Pueblo Libre|"Altura del Cruce de Av. Jose Leguía y Meléndez con Av. Antonio José de Sucre
Pueblo Libre, Lima"|S/ 1,318,200 · USD 390,000|1318200|390000|||"200 m² tot.
3 dorm.
1 baño
1 estac."|200|3||1|¡Amplia casa en venta en Pueblo Libre! ¡Descubre esta excelente oportunidad en una de las zonas más buscadas de Pueblo Libre! La propiedad se encuentra en una ubicación céntrica y estratégica, con fácil acceso a importantes avenidas como Av. Antonio José de Sucre, Av. Simón Bolívar y Av. Manuel Cipriano Dulanto. Además, está rodeada de amplios parques, bancos, restaurantes, cafés, colegios e institutos, y ubicada a solo unos pasos de dos de los museos más emblemáticos de Lima: Museo Larco y el Museo Nacional de Arqueología, Antropología e Historia del Perú. Características: Área de Terreno: 200m2Linderos: - Frente: 8m- Derecha: 25m- Izquierda: 25m- Fondo: 8mDistribución: - Sala comedor- Cocina con comedor de diario- Área de lavandería- Patio- Terraza- Jardín interno- 3 dormitorios- 1 baño- 1 balcón- Cuarto y baño de servicio- 1 Cochera¡No lo pienses más y agenda tu visita! * Las fotografías, precios y descripción de esta propiedad son|https://urbania.pe/inmueble/clasificado/veclcain-venta-de-casa-en-pueblo-libre-lima-3-dormitorios-148311207?n_src=Listado&n_pills=Jard%C3%ADn&n_pg=1&n_pos=21|2026-02-01
urbania|casas|venta|Lima Moderna|Pueblo Libre|"Diego de Medina
Pueblo Libre, Lima"|S/ 578,000 · USD 170,000|578000|170000|||"140 m² tot.
2 dorm.
2 baños"|140|2|2||Casa en venta – 1er piso en Pueblo Libre (calle Diego de Medina) Dirección: calle Diego de Medina 180, Pueblo Libre — zona tranquila, frente a un parque. Características del inmueble: Solo se vende el 1er piso de la casa. 140 m² construidos. Patio interior. 2 habitaciones. 2 baños completos. Sala – comedor. Cocina. Distribución funcional ideal para vivienda u oficina. Ventajas de la zona: A pocos minutos caminando de parques y áreas verdes: Pueblo Libre es uno de los distritos de Lima con más parques. Cercanía a instituciones culturales emblemáticas como Museo Larco y Museo Nacional de Arqueología, Antropología e Historia del Perú — ideal si buscas un barrio histórico, con buena tradición y atractivo para turistas o visitantes. Acceso relativamente fácil en transporte público: varias rutas de bus pasan cerca del distrito, lo que mejora la movilidad hacia otras zonas de Lima. Barrio residencial con comercio, servicios, restaurantes y ambiente tranquilo, usualmente de nivel medio-alto. Ideal para: familias o personas que buscan vivir en una zona céntrica y tranquila, cerca de parques y puntos culturales; o para quienes quieren invertir en un inmueble con buena ubicación y demanda.|https://urbania.pe/inmueble/clasificado/veclcapa-venta-de-casa-en-pueblo-libre-lima-2-dormitorios-148318951?n_src=Listado&n_pills=Jard%C3%ADn&n_pg=1&n_pos=22|2026-02-01
urbania|casas|venta|Lima Moderna|Pueblo Libre|"Jr. Carlos Vidal 3xx
Pueblo Libre, Lima"|S/ 1,725,000 · USD 500,000|1725000|500000|||"250 m² tot.
7 dorm.
4 baños
3 estac."|250|7|4|3|Vive con amplitud, comodidad y una ubicación privilegiada frente a parque. Esta exclusiva casa en venta en Pueblo Libre, funcional y de excelente ubicación, ideal para familias grandes, proyectos institucionales o inversión segura. Con un terreno de 250 m² (10 ml de frente x 25 ml de fondo), la propiedad destaca por su sólida construcción y una distribución pensada para brindar comodidad y privacidad en cada nivel. Esta ubicada a 2 cdras de la Av. La Mar y a 3 cdras de la Av. Sucre- Desde el ingreso, la casa sorprende con ambientes amplios, iluminados y bien ventilados. El primer piso cuenta con una elegante sala independiente, un comedor de gran tamaño, y una cocina excepcionalmente amplia, con espacio para dos comedores de diario, perfecta para el día a día y reuniones familiares. Además, dispone de un dormitorio amplio, baño completo remodelado y una agradable terraza interior que aporta luz y frescura a la vivienda. Tambien cuenta en este nivel con una amplia lavanderia. El semisótano ofrece una cochera cerrada para tres automóviles y se integra cómodamente con el resto de la casa mediante un ascensor que conecta semisótano, primer y segundo piso, un valor diferencial poco común en casas de la zona. En el segundo piso, un amplio hall de distribución conduce a cuatro dormitorios de gran tamaño, todos con closets, y dos baños completos, ideales para una familia numerosa o uso administrativo. La propiedad se complementa con un tercer piso con amplia azotea, que incluye dos dormitorios adicionales, baño de servicio, y una amplia lavanderia, ofreciendo múltiples posibilidades de uso: área de servicio, oficinas, depósitos o ampliaciones futuras. Como valor agregado, la casa cuenta con conexión a gas natural, cisterna con motor operativo, y una inmejorable vista y acceso directo al parque, garantizando tranquilidad, iluminación natural y una excelente calidad de vida. Tenemos toda la documentación en regla- Precio: us$ 500, 000. Lista para transferencia inmediata. Agenda tu visita y conoce una propiedad única por ubicación, metraje y distribución. Para mayor información comunicate con gladys rivero al cel Ver datos|https://urbania.pe/inmueble/clasificado/veclcain-venta-de-casa-en-pueblo-libre-lima-5-a-mas-dormitorios-148607254?n_src=Listado&n_pills=Cuartos+de+servicio&n_pg=1&n_pos=23|2026-02-01
urbania|casas|venta|Lima Moderna|Pueblo Libre|"América
Pueblo Libre, Lima"|S/ 1,482,800 · USD 440,000|1482800|440000|||"214 m² tot.
2 dorm.
1 baño
1 estac."|214|2||1|Casa con sólo un Piso con excelente ubicación frente a amplio parque cerca a Avenidas Principales, Centros Comerciales, Universidades, mercados e iglesias. (Referencia: Altura cuadra 12 Av. Bolivar) Trato Directo, abstenerse corredores. Precio Negociable|https://urbania.pe/inmueble/clasificado/veclcapa-venta-de-casa-en-pueblo-libre-lima-2-dormitorios-146596986?n_src=Listado&n_pills=Frente+a+parque&n_pg=1&n_pos=24|2026-02-01
urbania|casas|venta|Lima Moderna|Pueblo Libre|"Jr Colmenares al 200
Pueblo Libre, Lima"|S/ 1,320,000 · USD 400,000|1320000|400000|||"200 m² tot.
5 dorm.
4 baños
1 estac."|200|5|4|1|Venta de Casa Sólida y Espaciosa en Jr. Colmenares Ver datos – LimaAmplia casa de dos pisos más azotea, ubicada en una zona céntrica y tranquila. Ideal para familias que buscan una vivienda sólida, con amplios ambientes y gran potencial para remodelar a su gusto. La propiedad cuenta con una construcción robusta y bien ejecutada, típica de su época, lo que garantiza una excelente base estructural. Precio de venta: $400, 000Área de terreno: 200 m²Área construida: 371. 27 m²Antigüedad: 25 añosPisos: 2 más azoteaCaracterísticas principales: • 5 dormitorios amplios• 4 baños completos y 1 medio baño• Sala y comedor con buena iluminación• Cocina amplia y funcional• Cochera para 1 vehículo• Azotea con habitaciones adicionales• Ambientes espaciosos y bien distribuidos• Estructura sólida, ideal para remodelar o ampliarConfiguración: • Primer piso: Sala, comedor, cocina, baño de visitas, cochera y jardín interior• Segundo piso: Dormitorios amplios con baños y sala de estar• Azotea: Habitaciones adicionales, zona de lavandería y área de tendalDetalles adicionales: • Construcción tradicional de alta calidad, resistente y bien conservada• Propiedad libre de cargas y gravámenes• Ideal para remodelar o adaptar como vivienda familiar o proyecto multifamiliar• Abierta a negociaciones• Excelente oportunidad de inversión en una zona de alta demanda|https://urbania.pe/inmueble/clasificado/veclcain-venta-de-casa-en-pueblo-libre-lima-5-a-mas-dormitorios-148084921?n_src=Listado&n_pills=%C3%81rea+de+lavander%C3%ADa&n_pg=1&n_pos=25|2026-02-01
urbania|casas|venta|Lima Moderna|Pueblo Libre|"Jose Manuel Ugarteche al 600
Pueblo Libre, Lima"|S/ 1,652,800 · USD 489,000|1652800|489000|||"203 m² tot.
4 dorm.
3 baños
2 estac."|203|4|3|2|¡Oportunidad única en Pueblo Libre! Se vende amplia y hermosa casa de 203 m², ubicada en una de las zonas más tranquilas y convenientes del distrito, a solo 3 cuadras de la Av. Brasil y muy cerca de gimnasios, restaurantes, mercados y supermercados. Esta propiedad de 2 pisos más azotea ofrece una distribución perfecta para familias que buscan comodidad y amplitud. Al ingresar, te recibe un encantador jardín frontal que aporta frescura y una excelente primera impresión. Además, cuenta con 2 cocheras, ideales para mayor seguridad y practicidad. En el primer nivel encontrarás una sala-comedor amplia y luminosa, con finos acabados y excelente conectividad hacia una cocina espaciosa, perfecta para quienes disfrutan del buen cocinar. También dispone de un patio interior donde podrás crear un segundo jardín, zona de parrilla o un área social especial. La casa cuenta con dos escaleras, una interna y otra ubicada en la entrada, brindando comodidad y buena circulación. En el segundo piso se distribuyen 3 dormitorios amplios y 3 baños completos, todos con acabados de calidad. En la azotea encontrarás un cuarto de servicio, área de lavandería y espacio para seguir creciendo o implementar futuras áreas sociales. Características destacadas: - 203 m² de área total- 2 pisos + azotea- Jardín delantero- Patio interior para segundo jardín o área social- 2 cocheras- 3 dormitorios- 3 baños completos- Cocina amplia- Sala comedor muy espaciosa- Cuarto de servicio- Lavandería en azotea- 2 escaleras (interna y externa) Ubicación estratégica cerca de todoEsta casa lo tiene todo: espacio, confort, ubicación y potencial para seguir creciendo. ¡Lista para convertirse en el hogar de tus sueños! ¿La visitamos?|https://urbania.pe/inmueble/clasificado/veclcain-venta-de-casa-en-pueblo-libre-lima-4-dormitorios-148337467?n_src=Listado&n_pills=Gimnasio&n_pg=1&n_pos=26|2026-02-01
urbania|casas|venta|Lima Moderna|Pueblo Libre|"San Marcos 340
Pueblo Libre, Lima"|S/ 1,100,000 · USD 339,000|1100000|339000|||"165 m² tot.
4 dorm.
3 baños
2 estac."|165|4|3|2|Vendo casa de 2 pisos Y azotea de linda arquitectura con techo A dos aguas, en urbanización cerrada con seguridad permanente Y caseta de vigilancia las 24 horas para la entrada Y salida de vehiculos. Al frente hay un espacio abierto que pertenece A la universidad nacional federico villareal, por lo cual los ambientes de la propiedad son bastante iluminados Y ventilados. El espacio de la cochera puede ser usado O alquilado como local comercial Y con ello aprovechar la afluencia de los alumnos de la universidad que transitan por la zona. Cuenta con excelente ubicación, A dos cuadras de la av. La marina, A 10 cuadras del C. C. Plaza san miguel, con rápido acceso al transporte publico que conecta con los principales distritos de lima. Cerca de supermercados, restaurantes, farmacias, centros comerciales, entre otros comercios. Distribucion de la propiedad: primer piso: cuenta con sala, comedor, baño de visita, amplia cocina con comedor de diario, lavanderia, baño de servicio, deposito, patio exterior E interior Y cochera para dos vehiculos que puede ser usado como local comercial. Segundo piso: 4 dormitorios con closet, sala de estar, dos baños completos. Tercer piso: tiene ingreso directo por el patio del primer piso Y tambien se conecta con la sala de estar del segundo piso. Cuenta con lavanderia, tendal, cuarto Y baño de servicio. Medidas perimetricas: área de terreno: 164. 72 M2. área construida: 243. 79 M2. Frente: 14. 98 metros lineales. fondo: 11 metros lineales. Precio: us$ 339, 000. 00 - negociable.|https://urbania.pe/inmueble/clasificado/veclcain-venta-de-casa-en-pueblo-libre-lima-4-dormitorios-144874119?n_src=Listado&n_pills=Seguridad&n_pg=1&n_pos=27|2026-02-01
urbania|casas|venta|Lima Moderna|Pueblo Libre|"navarra
Pueblo Libre, Lima"|S/ 1,390,000 · USD 399,000|1390000|399000|||"257 m² tot.
4 dorm.
3 baños
2 estac."|257|4|3|2|Vendo Casa Descripción Terreno 200. 00m2 Construcción 259. 00m2. -sala comedor. - cocina- lavanderia. -Amplio jardin interno. -terraza. -Estacionamientos. 2do Piso 4 Dormitorios 1 estudio baño completo. 3er Piso Azotea 2 Dormitorios baño completo. solo trato directo abstenerse intermediariios|https://urbania.pe/inmueble/clasificado/veclcain-venta-de-casa-en-pueblo-libre-lima-4-dormitorios-148155191?n_src=Listado&n_pills=Jard%C3%ADn&n_pg=1&n_pos=28|2026-02-01
urbania|casas|venta|Lima Moderna|Pueblo Libre|"Av. La Alborada
Pueblo Libre, Lima"|S/ 884,000 · USD 260,000|884000|260000|||"330 m² tot.
6 dorm.
4 baños
2 estac."|330|6|4|2|Venta de casa en cercado límite con pueblo libre 6 dormitorios 3 pisos y 2 cocheras, 124 m2 de terreno. Precio de remate: $$260, 000 dólares tiene 124 m2 de terreno. Ubicación: Av. La Alborada y Av. Mariano Cornejo. A 7 cuadras de la universidad católica y cerca a plaza san miguel y plaza la bandera. La casa está en límite con pueblo libre la gente lo conoce como pueblo libre pero es cercado de lima en realidad. Cerca tenemos muchas universidades, centros comerciales y avenidas como: universitaria, bolivar, plaza la bandera, Venezuela y tingo María. Ce/. 9Ver datos.|https://urbania.pe/inmueble/clasificado/veclcain-venta-de-casa-en-pueblo-libre-lima-5-a-mas-dormitorios-148292325?n_src=Listado&n_pg=1&n_pos=29|2026-02-01
urbania|casas|venta|Lima Moderna|Pueblo Libre|"Calle Salamanca Cuadra 139, Pueblo Libre
Pueblo Libre, Lima"|S/ 1,260,000 · USD 350,000|1260000|350000|||"235 m² tot.
3 dorm.
2 baños
1 estac."|235|3|2|1|Vendo casa de 235 mt2 ubicado en la Calle Salamanca Cuadra 1, Distrito de Pueblo Libre. Ubicado en una zona familiar exclusiva de la zona, cerca a colegios, Bancos, Centros Comerciales y Avenidas Principales. La casa tiene un primer piso de 150 Mt2 construidos más la azotea 20 Mt2 construidos. El terreno de la casa tiene los siguientes linderos: Frente y Fondo de 10 mt lineales; y el lado Derecho e Izquierdo de 23. 5 mt lineales cada uno. ideal para un proyecto multifamiliar de 5 pisos. El precio de esta oferta inmobiliaria es us$ 350, 000 dolares. Mi nombre es Carlos Veliz y mi celular es 9. 9. 9. 4. 9. 4. 7. 2. 5, y estaré gustoso en atenderlos. El mejor equipo de profesionales siempre a tu disposición, para ubicar, adquirir y/o rentar la propiedad anhelada. Nuestro servicio no tiene costo alguno para todo &quot;cliente que busca&quot; alquilar o comprar propiedad(es).|https://urbania.pe/inmueble/clasificado/veclcain-venta-de-casa-en-pueblo-libre-lima-3-dormitorios-148517627?n_src=Listado&n_pills=Jard%C3%ADn&n_pg=1&n_pos=30|2026-02-01
urbania|casas|venta|Lima Moderna|Pueblo Libre|"Jr Salamanca
Colmenares, Pueblo Libre"|S/ 1,263,500 · USD 350,000|1263500|350000|||"235 m² tot.
3 dorm.
2 baños
1 estac."|235|3|2|1|Vendo casa de 235 m2 ubicado en la Jr. Salamanca 137, Distrito de Pueblo Libre. Ubicado en una zona familiar exclusiva de la zona, cerca a colegios, Bancos, Centros Comerciales y Avenidas Principales. La casa tiene la siguiente distribución: Sala Comedor, Baño de Visita, Cocina, Comedor de Diario, Lavandería, 03 dormitorios, 02 baños completos, patio, jardín; en la azotea hay un cuarto y baño de servicio y área de lavandería, cochera. Tiene antigüedad de 40 años y si deseas lo usas solo como terreno. Frente 10 m2. Fondo 23. 5 m2. Parámetros: 5 pisos más azotea. solo wasap al Ver datos|https://urbania.pe/inmueble/clasificado/veclcain-venta-de-casa-en-colmenares-pueblo-libre-3-dormitorios-59497062?n_src=Listado&n_pills=Cerca+a+colegios&n_pg=2&n_pos=1|2026-02-01
urbania|casas|venta|Lima Moderna|Pueblo Libre|"ollantay
Coperperu, Pueblo Libre"|S/ 1,656,000 · USD 460,000|1656000|460000|||"205 m² tot.
6 dorm.
2 baños
2 estac."|205|6|2|2|¡Una oportunidad única! Se vende una propiedad completa que combina una espaciosa casa de dos plantas con un departamento independiente. Ideal para familias grandes o para quienes buscan generar ingresos por alquiler. Ubicada en una zona residencial y tranquila, con la conveniencia de tener un parque como vecino. Características Principales: • Precio de Venta: $460, 000. 00 usd. • Área Total: La propiedad cuenta con un área de terreno de 208. 04 m² y un total de 284. 04 m² construidos, incluyendo un departamento independiente en el tercer piso. • Privilegiada Ubicación: El inmueble está ubicado en la Urbanización Corperu, Calle Ollantay, con un frente de 8 metros. Colinda directamente con un parque, ofreciendo una puerta de acceso exclusivo para tu disfrute y el de tu familia. Distribución de la Propiedad: • Casa de Dos Plantas: La casa original, tipo B-2, consta en la primera planta de hall, sala, comedor, medio baño, cocina, patio de servicio, car port, jardín interior y un cuarto de depósito. La segunda planta cuenta con un hall de distribución, cuatro dormitorios con roperos empotrados y un baño completo. • Departamento Independiente: En el tercer piso, se encuentra un departamento independiente de 76 m² con acceso por una escalera desde el primer nivel, lo que brinda total privacidad. • Comodidades Adicionales: La propiedad incluye dos cocheras independizadas en el frente de la casa. Esta es una propiedad saneada y lista para su transferencia inmediata. ¡No pierdas la oportunidad de adquirir una propiedad versátil en Pueblo Libre!|https://urbania.pe/inmueble/clasificado/veclcain-venta-de-casa-en-coperperu-pueblo-libre-5-a-mas-dormitorios-147381203?n_src=Listado&n_pills=Jard%C3%ADn&n_pg=2&n_pos=2|2026-02-01
urbania|casas|venta|Lima Moderna|Pueblo Libre|"Dirección no informada
Pueblo Libre, Lima"|S/ 1,634,000 · USD 450,000|1634000|450000|||"400 m² tot.
9 dorm.
4 baños
1 estac."|400|9|4|1|Casa de dos pisos a media cuadra de parque. Ideal para edificio pequeño de 4 pisos más azotea. O casa por remodelar para familia numerosa. La ubicación es céntrica cerca a la Av. , Sucre, Av. La Marina y Mariano Cornejo. Zona de alta revalorización de Pueblo Libre, cerca a Universidades, Colegios, Supermercados e instituciones financieras. Cerca al Parque de las Américas. Y Parque de la Bandera. 1 estacionamiento. Área terreno: 250 m2. Zonificación: rdm. Descripción: Primer Piso: 4 dormitorios, estudio, Deposito, Amplia Sala comedor, Cocina, Lavanderia, Cochera, 1 baño, 1 baño de visita, patio. Parámetros para 4 pisos más azotea. Segundo Piso: 4 habitaciones, Estudio, Depósito, 1 baño, Sala comedor, Cocina, Balcón. Azótea, baño. Lavandería, cuarto y baño de servicio. Area construcción: 350 aprox. Precio: us$ 450, 000|https://urbania.pe/inmueble/clasificado/veclcain-venta-de-casa-en-pueblo-libre-lima-5-a-mas-dormitorios-144680640?n_src=Listado&n_pills=%C3%81rea+de+lavander%C3%ADa&n_pg=2&n_pos=3|2026-02-01
urbania|casas|venta|Lima Moderna|Pueblo Libre|"Jiron Comandante, Juan Valer Sandoval 265 al 200
Pueblo Libre, Lima"|S/ 1,440,500 · USD 430,000|1440500|430000|||"225 m² tot.
9 dorm.
5 baños
1 estac."|225|9|5|1|Contacto: ana santoscel: 9*7*0*1*0*0*6*8*1casa en venta en pueblo libre – ubicación premiumuna de las mejores zonas residenciales de Pueblo Libre¿Buscas espacio, ubicación, seguridad y alta valorización? Esta casa lo tiene todo y oportunidades así no aparecen todos los días. A metros de Av. Bolívar, en zona tranquila, residencial y seguraRodeada de parques, colegios, universidades y centros culturalescaracterísticas principales: Área de terreno: 224. 65 m²Área construida: 298. 77 m²Frente y fondo: 10 mEdificación de 3 pisos1 cochera2 ingresos independientes (peatonal y vehicular) Jardín exterior y posterior- 9 dormitorios- 5 baños completos + 1 medio bañoideal para: - Familias grandes- Vivienda + oficina / consultorios- Instituciones educativas-Inversionistas (alta rentabilidad) ubicación estratégica: - Av. Bolívar- Museo Larco- Parque Larco, Parque Paracas y Parque El Carmen- pucp, sunat, Colegio Cristo Rey- Club aelu – Pueblo Libre- Hospitales, institutos y comercios cercanosdistribución funcional Y amplia: - Ambientes iluminados y bien ventilados- Escaleras principal y secundaria- Espacios versátiles: estudio, gimnasio, terrazas, jardín- Perfecta para adaptar a múltiples usosalta demanda en la zona – propiedad únicacasas así no duran mucho en el mercado. Agenda tu visita hoy mismocontacto: ana santoscel: 9*7*0*1*0*0*6*8*1id: 1*1*6*8*8*3*0|https://urbania.pe/inmueble/clasificado/veclcain-venta-de-casa-en-pueblo-libre-lima-5-a-mas-dormitorios-148705658?n_src=Listado&n_pills=Gimnasio&n_pg=2&n_pos=4|2026-02-01
urbania|casas|venta|Lima Moderna|Pueblo Libre|"Manuel Guirior
Pueblo Libre, Lima"|S/ 2,328,000 · USD 690,000|2328000|690000|||"472 m² tot.
2 dorm.
1 baño
1 estac."|472|2||1|En venta- casa como terreno, ubicada en una zona céntrica de Pueblo Libre, entre las avenidas La Marina, Brasil y Sucre. Características del Inmueble: Área de Terreno: 472. 57 m² Área Construida: 200 m² Zonificación: Residencial de Densidad Media (rdm) Dimensiones: Frente y Fondo: 15. 05 m Derecha e Izquierda: 31. 40 m Tipo de Terreno: RegularParámetros para 6 pisos más azoteaPotencial de valorización en una zona con alta demanda residencial. ¡No dejes pasar esta oportunidad única! Contáctanos para más información o para programar una visita. id: 3 5 4 8 7 121% comprometidos en brindarte un servicio de excelencia.|https://urbania.pe/inmueble/clasificado/veclcain-venta-de-casa-en-pueblo-libre-lima-2-dormitorios-147503531?n_src=Listado&n_pg=2&n_pos=5|2026-02-01
urbania|casas|venta|Lima Moderna|Pueblo Libre|"MANUEL BELGRANO
Pueblo Libre, Lima"|S/ 1,136,000 · USD 320,000|1136000|320000||1|"195 m² tot.
5 dorm.
3 baños
2 estac."|195|5|3|2|Venta casa en pueblo libre limite con jesus maria, magdalena, san miguel, breña. A 5 cuadras del colegio elvira garcia Y garcia, colegio peruano japones,. Hospital santa rosa Y clinica stella maris. ingreso, jardin, patio, sala, comedor, cocina, baño visita, lavanderia, 2 dormitorios, baño, 3 dormitorios, baño,. Declaratoria fabrica inscrita de 2 pisos. zonificacion: rdm. area terreno: 195mt. edificacion para 4 pisos. frente 7. 5 ml. en un proyecto inmobiliario podria construirse hasta 8 departamentos. agenda tu visita ya mismo. juliana montes - 9 9 9 8 9 2 7 9 7. evelin acasuzo - 9 9 6 6 1 1 7 1 1|https://urbania.pe/inmueble/clasificado/veclcain-venta-de-casa-en-pueblo-libre-lima-5-a-mas-dormitorios-147288265?n_src=Listado&n_pills=%C3%81rea+de+lavander%C3%ADa&n_pg=2&n_pos=6|2026-02-01
urbania|casas|venta|Lima Moderna|Pueblo Libre|"Cerca a la Av. Del Río, Pueblo Libre
Pueblo Libre, Lima"|S/ 1,507,500 · USD 450,000|1507500|450000|||"314 m² tot.
8 dorm.
4 baños
2 estac."|314|8|4|2|"Contacto: Doris Chang – Remax Principal | 9. 7. 5. 5. 7. 0. 8. 0. 6. venta – propiedad única: 2 casas en 1 terreno + ingresos independientes + gran versatilidad familiar¿Buscas un hogar que te permita vivir cerca de los que amas, sin renunciar a tu independencia y privacidad? Esta propiedad es exactamente eso y más. Se trata de dos casas completas construidas dentro del mismo terreno, cada una con acceso independiente, ambientes amplios y buena iluminación, pero además interconectadas internamente, ofreciendo una verdadera solución para familias que quieren estar juntas sin perder autonomía. Ideal para: Familias multigeneracionalesHijos que ya formaron familia propiaHermanos o padres que necesitan cercanía por salud, apoyo o dinámica familiarInversión para vivir en una unidad y rentar la otraUna propiedad con versatilidad real, difícil de encontrar en el mercado. ________________________________________ubicación estratégicazona de alta demanda, en esquina y con excelente conectividad: • Cerca de parques y áreas verdes• Rápido acceso a Av. Del Río, Simón Bolívar, Sucre y Paso de los Andes• Conexión directa a Av. Brasil y Plaza de la Bandera• Fácil llegada a Jesús María, San Miguel y BreñaAlrededores con todo lo que facilita el día a día: transporte público, centros educativos, museos, restaurantes, clínicas y hospitales, comercio variado y supermercado (Plaza Vea Brasil). ________________________________________datos generales• Área de terreno: 231. 56 m²• Área construida: 314 m²• Frente: 12. 5 m | Fondo: 18. 5 m• Zonificación: rdmla propiedad consta de dos unidades de tres niveles cada una: ________________________________________unidad 1Primer piso: • Sala comedor con piso parquet en excelente estado• Cocina• Estudio• ½ baño de visitas• Patio interno + amplio jardín• Estacionamiento para 2 vehículosSegundo piso: • 4 dormitorios con closet• 1 baño completo• Conexión interna con la otra unidadTercer piso: • 2 dormitorios• 1 baño completo• Lavandería compartida• Zona de servicio con 2 dormitorios y 1 baño________________________________________unidad 2Primer piso: • Sala comedor con vista a jardín externo• 1 baño completo• ½ baño de visitasSegundo piso: • 2 dormitorios con closet• 1 baño completo• Conexión interna con la otra unidadTercer piso: • Lavandería compartida________________________________________precio de venta usd 450, 000________________________________________ideal para familias que buscan comodidad + independenciauna propiedad con una propuesta distinta, preparada para acomodar dinámicas familiares reales, con privacidad, funcionalidad y ubicación privilegiada. R. U. C Ver datos"|https://urbania.pe/inmueble/clasificado/veclcain-venta-de-casa-en-pueblo-libre-lima-5-a-mas-dormitorios-148638090?n_src=Listado&n_pills=%C3%81rea+de+lavander%C3%ADa&n_pg=2&n_pos=7|2026-02-01
urbania|casas|venta|Lima Moderna|Pueblo Libre|"Casa Parque Santa Ana en Pueblo Libre
Pueblo Libre, Lima"|"S/ 837,500 · USD 250,000
10%"|837500|250000|10%||"100 m² tot.
5 dorm.
4 baños
1 estac."|100|5|4|1|Casa Pueblo libre de 2 pisos más azoteafrente parqueárea 100 terreno terreno05 dormitorios, 4 Baños, una bien ubicada cerca a Sucre, Av la mar. informes al 9*8*4*2*1*0*4*2*1|https://urbania.pe/inmueble/clasificado/veclcain-venta-de-casa-en-pueblo-libre-lima-5-a-mas-dormitorios-148579182?n_src=Listado&n_pg=2&n_pos=8|2026-02-01
urbania|casas|venta|Lima Moderna|Pueblo Libre|"Jirón Pedro Torres Malarin 5, Pueblo Libre
Pueblo Libre, Lima"|S/ 1,520,000 · USD 380,000|1520000|380000|||"267 m² tot.
4 dorm.
2 baños
1 estac."|267|4|2|1|Vendo Casa ideal para constructores en Esquina Jirón Pedro Torres Malarin cuadra 524, 522, Urbanización Colmenares, Pueblo Libre (media cuadra de la Av La Marina, entre la cuadra 9 y 10 de la Av. La Marina), Precio $ 380, 000, A. T. 267 m2, A. C. 300 m2, hermosa casa de dos pisos, Sala, comedor, patio, amplio jardín, 4 dormitorios, 2 1/2 baños, estacionamiento, Cocina con comedor de diario, lavandería, área de servicio completa, 12 metros de frente, 22 metros de fondo, parámetros para 7 pisos, dos frentes ideal para constructores.|https://urbania.pe/inmueble/clasificado/veclcain-venta-de-casa-en-pueblo-libre-lima-4-dormitorios-146767668?n_src=Listado&n_pills=Cerca+a+colegios&n_pg=2&n_pos=9|2026-02-01
urbania|casas|venta|Lima Moderna|Pueblo Libre|"Calle Salamanca al 100
Pueblo Libre, Lima"|S/ 850,000|850000||||160 m² tot.|160||||Venta de casa en pueblo libreubicado En calle Salamanca Pueblo libre, el mismo que se encuentra a unas cuadras de Av. Sucre con av. Cipriano Dulanto a unos minutos de plaza san Miguel está muy cerca de colegios, farmacias restaurantes, parques, se encuentra ubicado estratégicamente con fácil acceso a avenidas principalPrecio S/. 850, 000- A. T 160 m2-? A. C 200m2- Cuenta con servicios básicos- Zonificación Residenciallg-36|https://urbania.pe/inmueble/clasificado/veclcain-venta-de-casa-en-pueblo-libre-lima-148515418?n_src=Listado&n_pg=2&n_pos=10|2026-02-01
urbania|casas|venta|Lima Moderna|Pueblo Libre|"La Coruña 289
Pueblo Libre, Lima"|S/ 1,382,500 · USD 395,000|1382500|395000|||"221 m² tot.
4 dorm.
1 baño"|221|4|||¡oportunidad única en pueblo libre! Amplia casa A precio de terreno-En el corazón de Pueblo Libre – Zona residencial y estratégica¿Buscas un terreno amplio para construir, remodelar o invertir con alto potencial? Esta es la ocasión perfecta. Propiedad ubicada en una zona tranquila, segura y con todo al alcance: parques, avenidas principales, colegios, comercios y más. Características de la propiedad: -Área total de terreno: 221. 70 m²-Construcción actual: -1er piso: 150. 53 m²-2do piso: 14. 82 m²-Distribución: -4 habitaciones-1 baño completo + baño de visitas-Frente amplio – Ideal para proyectos residenciales o multifamiliaresIdeal para: -Remodelación-Construcción nueva-Inversión inmobiliaria con excelente plusvalía-Ubicada en una de las zonas más buscadas de Pueblo Libre, con excelente conectividad y cercanía a todo lo que necesitas. ¡Aprovecha esta oferta al precio del terreno en una ubicación privilegiada! Contáctame y agenda tu visita hoy. T. C. 3. 50Tipo de cambio referencial, sujeto a variación diaria por fluctuación del mercado|https://urbania.pe/inmueble/clasificado/veclcain-venta-de-casa-en-pueblo-libre-lima-4-dormitorios-147406243?n_src=Listado&n_pg=2&n_pos=11|2026-02-01
urbania|casas|venta|Lima Moderna|Pueblo Libre|"Jr. General Jose Ramon Pizarro 1090
Colmenares, Pueblo Libre"|S/ 2,072,000 · USD 560,000|2072000|560000|||"500 m² tot.
5 baños
2 estac."|500||5|2|Área de Terreno: 250m2. Linderos: Frente 10ml x 25ml. Área Construida: Aprox. 560m2 (constituido por dos departamentos debidamente independizados uno de ellos en primer piso y el otro constituido por el segundo y tercer piso) Dormitorios: 8 (en tres piso) Altura: Ver Certificado de Parámetros. Vista a Parque. Precio de Venta: us$560, 000. 00 (Precio en dólares) Casa ideal para un proyecto inmobiliario. Altura de 7 pisos mas aires - El inmueble se encuentra entre dos edificio de 5 pisos (mas aires) y de 10 pisos(mas aires) Casa (terreno) en jirón General Jose Ramon Pizarro, excelente ubicación frente al parque Daniel Hernandez un parque tranquilo y bien conservado, asimismo el inmueble se encuentra cerca de avenidas Manuel Cipriano Dulanto, Sucre y de La Marina que conecta a diferentes puntos de la ciudad; con un excelente equipamiento urbano cerca del parque de las leyendas, cerca de la universidad Pontificia Universidad Católica del Peru, Plaza San Miguel. Casa por remoderlar. Llameme para una visita: + 51 9. 8. 2. 3. 3. 7. 0. 5. 2|https://urbania.pe/inmueble/clasificado/veclcain-venta-de-casa-en-colmenares-pueblo-libre-4334912?n_src=Listado&n_pills=Cuartos+de+servicio&n_pg=2&n_pos=12|2026-02-01
urbania|casas|venta|Lima Moderna|Pueblo Libre|"JR LIBERTAD 350
Pueblo Libre, Lima"|S/ 571,200 · USD 170,000|571200|170000|||"89 m² tot.
5 dorm.
3 baños"|89|5|3||Amplia y acogedora casa ubicada en una quinta interior, que ofrece privacidad y silencio, a pocos minutos de las principales avenidas del distrito: Av. Sucre, Av. La Marina y Av. La Mar. Características principales: Cinco habitaciones, ideales para familias numerosas, home office o espacios multifuncionales. Cuatro baños bien distribuidos y funcionales. Frente a un pequeño parque, lo que brinda iluminación natural y un entorno agradable. Sala amplia, muy iluminada y con excelente ventilación. Dos ingresos independientes, uno de ellos con acceso directo a la cocina. Tercer piso ideal para reuniones sociales, celebraciones o zona de parrilla. Área de lavandería cómoda y bien organizada. No cuenta con cochera. Una propiedad ideal para quienes buscan amplitud, ubicación estratégica y tranquilidad dentro de una zona residencial con excelente conectividad. Informes y visitas: Ver datos. Ver datos|https://urbania.pe/inmueble/clasificado/veclcain-venta-de-casa-en-pueblo-libre-lima-5-a-mas-dormitorios-148478214?n_src=Listado&n_pills=%C3%81rea+de+lavander%C3%ADa&n_pg=2&n_pos=13|2026-02-01
urbania|casas|venta|Lima Moderna|Pueblo Libre|"Calle las Americas 03 - Parque las Américas
Pueblo Libre, Lima"|S/ 1,530,000 · USD 425,000|1530000|425000|||"250 m² tot.
8 dorm.
4 baños
1 estac."|250|8|4|1|Venta dos casas independientes 1er piso Y otro 2do piso independientes. 1 sala comedor cocina patio baño garaje 4 dormitorio, 2 hall sala comedor cocina lavandería Hall.|https://urbania.pe/inmueble/clasificado/veclcain-venta-de-casa-en-pueblo-libre-lima-5-a-mas-dormitorios-147837602?n_src=Listado&n_pills=%C3%81rea+de+lavander%C3%ADa&n_pg=2&n_pos=14|2026-02-01
urbania|casas|venta|Lima Moderna|Pueblo Libre|"Jirón Felipe Santiago Oré , pueblo Libre
Colmenares, Pueblo Libre"|"S/ 753,750 · USD 225,000
7%"|753750|225000|7%||"223 m² tot.
5 dorm.
2 baños"|223|5|2||Venta de casa de 2 pisos + Azotea amplia, con cuarto de servicio y deposito. Ubicación estratégica y segura dentro de condominio de 3 viviendas, zona segura, a media cuadra del parque Santa Isabel en Pueblo Libre. La vivienda Cuenta con doble acceso: Ingreso por la Sala y el otro acceso es directo por la cocina. Primer piso: Cuenta con Sala amplia, comedor iluminado, patio interno amplio, un dormitorio, cocina con muebles altos y bajos. Medio baño. Escalera interna y otra escalera de servicio. Segundo Piso: Cuenta con tres dormitorios con closet. Un ambiente amplio para uso común como sala de tv, oficina, cuarto de juegos u dormitorio adicional. Baño completo con tina. Tercer piso: Cuenta con amplio depósito, cuarto de servicio con baño incorporado (agua fría y caliente). Zona de tendal con lavadero y terma de 50 litros. Todo el cableado y tablero eléctrico es nuevo. Vivienda familiar, cómoda y amplia, lista para vivir. Contacto 9*2*9*0*0*5*3*7*7. Precio referencial de acuerdo al tipo de cambio referencia s/3. 35. Precio Ligeramente a tratar. At= 105m2, Ac=223 m2|https://urbania.pe/inmueble/clasificado/veclcain-venta-de-casa-en-colmenares-pueblo-libre-5-a-mas-dormitorios-148207239?n_src=Listado&n_pills=Cerca+a+colegios&n_pg=2&n_pos=15|2026-02-01
urbania|casas|venta|Lima Moderna|Pueblo Libre|"Avenida Sucre con la Avenida La Mar
Pueblo Libre, Lima"|S/ 1,428,000 · USD 420,000|1428000|420000|||"200 m² tot.
3 dorm.
2 baños
3 estac."|200|3|2|3|Vendo casa de 2 pisos para remodelar totalmente – at: 200m2 – “frente A parque” – cerca del cruce de la Avenida Sucre con la Avenida La Mar, a pasos de La Caravana y Metro. Frente 10m – fondo 20m – pueblo libre – Antigüedad 50 años – 3 cocheras – sala – comedor iluminados – bar con banquetas – baño de visita - cocina con comedor de diario – amplio patio para hacer una linda terraza con techo sol y sombra – 3 dormitorios el principal con baño incorporado y closets – los otros 2 dormitorios comparten baño – azotea – cuarto y baño de servicio – lavandería con tendales – 2 depósitos $420, 000|https://urbania.pe/inmueble/clasificado/veclcain-venta-de-casa-en-pueblo-libre-lima-3-dormitorios-148308986?n_src=Listado&n_pills=Frente+a+parque&n_pg=2&n_pos=16|2026-02-01
urbania|casas|venta|Lima Moderna|Pueblo Libre|"Calle Ollantay al 100
Pueblo Libre, Lima"|S/ 1,620,000 · USD 449,900|1620000|449900|||"380 m² tot.
6 dorm.
4 baños
2 estac."|380|6|4|2|Casa de 3 pisos + azotea frente a parque – Excelente ubicación en San MiguelSe vende amplia y luminosa casa de 3 pisos más azotea, ubicada frente a parque en una de las zonas más privilegiadas de San Miguel. La propiedad se encuentra en muy buen estado de conservación, ideal para familias que buscan comodidad, seguridad y una excelente ubicación.? Características principales: Área construida distribuida en 3 pisos + azotea. 4 dormitorios amplios y bien iluminados. Jardín interior que brinda un ambiente fresco y natural. Cochera para 2 autos con portón eléctrico. Cerco eléctrico para mayor seguridad. A solo 1 cuadra de Av. La Marina, con fácil acceso a principales vías de la ciudad.? Espacio adicional independiente en el 3er piso: Departamento independiente con 2 dormitorios, 1 baño completo y kitchenette. Perfecto para alquilar, generar ingresos adicionales o usar como espacio privado.? Ubicación privilegiada: Frente a parque, ideal para familias con niños o quienes disfrutan de áreas verdes. Muy cerca de centros comerciales (Plaza San Miguel, Open Plaza, Tottus). A minutos de importantes universidades (upc, pucp, unmsm). Zona tranquila, segura y con alta plusvalía. Una propiedad completa que combina ubicación, amplitud y versatilidad. ¡Lista para mudarse!|https://urbania.pe/inmueble/clasificado/veclcain-venta-de-casa-en-pueblo-libre-lima-5-a-mas-dormitorios-147356442?n_src=Listado&n_pills=Cuartos+de+servicio&n_pg=2&n_pos=17|2026-02-01
urbania|casas|venta|Lima Moderna|Pueblo Libre|"Abraham Valdelomar 649
Pueblo Libre, Lima"|S/ 1,043,000 · USD 298,000|1043000|298000|||"146 m² tot.
6 dorm.
4 baños
2 estac."|146|6|4|2|-Vendo hermosa casa de 209 m² de 02 pisos y azotea para remodelar. -Ubicación: Jr. Abraham Valdelomar Cuadra 6 (altura de la cuadra 13 de la Av Bolivar) -Esta amplia casa está distribuida de la siguiente manera: piso 1: -02 cocheras y amplio jardín-Sala-comedor espaciosa y bien iluminada-01 Habitación que puede usarse como sala de estar o cuarto de estudio-01 Cocina-01 Lavandería-01 Baño de visitaspiso 2: -Hall amplio e iluminado-01 habitación-01 baño completo-02 habitaciones con clóset + balcónazotea: -Espacio libre-02 habitaciones-01 baño-01 lavanderíaT. C. 3. 50Tipo de cambio referencial, sujeto a variación diaria por fluctuación del mercado|https://urbania.pe/inmueble/clasificado/veclcain-venta-de-casa-en-pueblo-libre-lima-5-a-mas-dormitorios-148681474?n_src=Listado&n_pills=%C3%81rea+de+lavander%C3%ADa&n_pg=2&n_pos=18|2026-02-01
urbania|casas|venta|Lima Moderna|Pueblo Libre|"CALLE MOREYRA Y RIGLOS PUEBLO LIBRE
Pueblo Libre, Lima"|S/ 1,190,000 · USD 320,000|1190000|320000|||"260 m² tot.
3 dorm.
3 baños"|260|3|3||"""Oportunidad única en una de las zonas residenciales más codiciadas de la ciudad. Esta casa de 2 pisos, una area de terreno de 150 m2, se presenta como una joya por descubrir en el distrito de Pueblo Libre, ideal para inversores o aquellos que buscan un proyecto de remodelación. Ubicada estratégicamente en la prestigiosa zona de Moreyra y Riglos, en Pueblo Libre, esta propiedad ofrece un sinfín de posibilidades. Con su diseño de dos pisos, brinda la oportunidad de crear un hogar amplio y moderno en una ubicación privilegiada. Su excelente ubicación, en una zona residencial tranquila y segura, agrega un valor adicional a este inmueble. Perfectamente adaptada para ser transformada en la casa de tus sueños o en un lucrativo proyecto de desarrollo inmobiliario. Con un cuidadoso proceso de renovación, esta propiedad de 150 m2 tiene el potencial de convertirse en una residencia de ensueño o en un atractivo negocio inmobiliario en Pueblo Libre. ¡Aprovecha esta oportunidad para adquirir una propiedad con una ubicación privilegiada y un sinfín de posibilidades de inversión! Contáctanos hoy mismo para obtener más detalles y dar el primer paso hacia esta emocionante oportunidad. """|https://urbania.pe/inmueble/clasificado/veclcain-venta-de-casa-en-pueblo-libre-lima-3-dormitorios-144204219?n_src=Listado&n_pg=2&n_pos=19|2026-02-01
urbania|casas|venta|Lima Moderna|Pueblo Libre|"Av General Borgoño 260
Isla Verde, Pueblo Libre"|S/ 608,400 · USD 180,000|608400|180000|||"141 m² tot.
4 dorm.
1 baño"|141|4|||La casa esta ubicada en un punto estrategico muy cerca de la Av Brasil, Republica Dominicana, Gral Garzon a unas cuadars de la Iglesia San Jose, con salida rapida a Avenidas principales ya sea al centro de Lima y tambien hacia el distrito de Magdalena y San Isidro. Características de la propiedad: Area Total de 141 m2. - Sala comedor amplia iluminada y bien ventilada. - 04 dormitorios. - 01 baño completo. - Cocina independiente. - Lavandería con tendal. - Cuarto y baño de servicio. - 01 depósito. Todos los documentos de la propiedad están totalmente saneadas|https://urbania.pe/inmueble/clasificado/veclcain-venta-de-casa-en-isla-verde-pueblo-libre-4-dormitorios-148809070?n_src=Listado&n_pills=Cerca+a+colegios&n_pg=2&n_pos=20|2026-02-01
urbania|casas|venta|Lima Moderna|Pueblo Libre|"PUEBLO LIBRE
Pueblo Libre, Lima"|S/ 1,675,000 · USD 500,000|1675000|500000|||"192 m² tot.
9 dorm.
6 baños
2 estac."|192|9|6|2|Venta hermosa casa pueblo libre avenida paso de los andes, bella casa lista continuar con negocio de residencia estudiantil estudiantes de intercambio internacional. ( ya funciono) , cerca universidad pucp, pacifico, san marcos, upc salaverry, otros. Casa totalmente equipada Y amoblada. excelente oportunidad linda casa continuar negocio de residencia estudiantil. Se entrega el knowhow. Licencia multiples usos comerciales ( mas de 30) en el indice de usos. at. 192 M2 ac 400 M2. remodelada. 9 habitaciones 6 baños, cuatro dormitorios con baños incorporados. Lista hacer mas baños A cada habitación. Ideal familia grande, hospedaje, centro medico, centros de belleza, nidos, negocio de medicina natural, peluquerias, spa, oficinas, hostal, hotel, otros, etc, etc, etc, la casa ha funcionado como hospedaje de residencia estudiantil para estudiantes de intercambio internacional. cerco electrico, camaras de vigilancia, porton A control remoto. Ubicado en avenida importante cerca clinica centenario, clinica stella maris, av. Brasil, av. Sucre, avenida bolivar av. La marina, cerca A jesus maria, magdalena, san isidro, san felipe otros. inmueble. Un inmueble sólido de construcción firme y estable, , con excelente distribución e iluminación, con cimientos permanentes que garantizan durabilidad, seguridad estructural y valor a largo plazo. Inmueble construido por Arq. Alemán. Con una alta Valorización por su excelente ubicación estratégica y la revalorización actual de la zona. Seguridad y Durabilidad por su excelente estructura resistente y calidad de construcción. Ubicación: Zona de alta demanda (cerca de áreas comerciales, parques con buena conectividad). Valor: us$ 500, 000. - informes solo whatsapp 9*9*9*9*2*3*1*4*9. venta en dolares americanos. abstenerse intermediarios.|https://urbania.pe/inmueble/clasificado/veclcain-venta-de-casa-en-pueblo-libre-lima-5-a-mas-dormitorios-148784972?n_src=Listado&n_pills=Cerca+a+colegios&n_pg=2&n_pos=21|2026-02-01
urbania|casas|venta|Lima Moderna|Pueblo Libre|"José Santiago Wagner al 2500
Pueblo Libre, Lima"|S/ 1,478,400 · USD 440,000|1478400|440000|||"225 m² tot.
4 dorm.
2 baños
1 estac."|225|4|2|1|Venta de acogedora casa en Pueblo LibreEsta espaciosa casa en venta tiene una ubicación estratégica en el distrito histórico y residencial de Pueblo Libre, conocido por sus casonas, museos y barrios bohemios muy atractivos, con mezcla de tradición, cultura y modernidad, se encuentra muy cerca de avenidas con rápido acceso hacia centros comerciales como Plaza San Miguel y el Real Plaza Salaverry, hacia el centro de Lima y a la costa verde; además, está próximo a parques, universidades y colegios. La casa es muy acogedora y gran parte de ella esta remodelada, tiene tres pisos, en la primera planta cuenta con un hall, una espaciosa sala, comedor, amplia cocina cerrada con muebles altos y bajos y una isla, posee en su área social una amplia terraza con techo sol y sombra, para acoger cálidamente a todos tus invitados y familia en tu zona de parrilla. Además, en el mismo nivel cuenta con una lavandería, baño de visita y un cuarto de depósito. En la segunda planta hay cuatro amplios dormitorios todos con closets, el principal con baño incorporado y hay otro baño muy espacioso que es compartido, uno de los cuartos secundarios tiene balcón. En el tercer piso hay un espacio amplio que puede ser otra terraza, dos cuartos muy grandes y también hay un área de servicio completa. De igual forma, la casa tiene instalación de gas natural y por otro lado, un amplio garaje techado con puerta eléctrica para estacionar cómodamente una camioneta. Una de las mejores cualidades de esta casa es que se encuentra en una zona muy estratégica, cerca de avenidas, parques, centros comerciales, centros de estudios. ¡No te pierdas la oportunidad de vivir en esta acogedora y amplia casa en el distrito histórico y residencial de Pueblo Libre!|https://urbania.pe/inmueble/clasificado/veclcain-venta-de-casa-en-pueblo-libre-lima-4-dormitorios-148733923?n_src=Listado&n_pills=Cuartos+de+servicio&n_pg=2&n_pos=22|2026-02-01
urbania|casas|venta|Lima Moderna|Pueblo Libre|"Toledo 1
Pueblo Libre, Lima"|S/ 3,178,130 · USD 817,000|3178130|817000|||"430 m² tot.
4 dorm.
2 baños
2 estac."|430|4|2|2|Vendo Linda casa en calle Toledo 1, Urbanización San Bernardo, Pueblo Libre. Venta: us$ 817, 000 dólares. Área Terreno: 240 m2, Área Construida: 430 m2. Vista a la calle, remodelada, tres plantas. Hall de ingreso, sala, comedor, comedor de diario, cocina, sala de estar, 4 dormitorios, 2 baños, 1 baño incorporado, 1 cuarto de servicio, 1 baño de servicio, lavandería. Terraza, jardín, 2 cocheras techadas. Jardín interior, parrilla. Oc|https://urbania.pe/inmueble/clasificado/veclcain-venta-de-casa-en-pueblo-libre-lima-4-dormitorios-146767082?n_src=Listado&n_pills=Jard%C3%ADn&n_pg=2&n_pos=23|2026-02-01
urbania|casas|venta|Lima Moderna|Pueblo Libre|"calle bernardo de O Higgins
Pueblo Libre, Lima"|S/ 960,480 · USD 276,000|960480|276000|||"150 m² tot.
3 dorm.
3 baños
2 estac."|150|3|3|2|Ubicado en la calle bernardo de O higgins, a pasos de av bolivar y av jose maria egusquiza. Casa para remodelar. Cuenta con: **Excelente ubicación y a pasos de hermosos parques. **150m2 área de terreno. **fachada de la casa, espacio para estacionar 1 auto Y tener jardin. **Primer piso: estacionamiento techado, sala comedor, baño de visita, cocina, patio, lavandería y 1 depósito o cuarto de servicio con baño. **Segundo piso: tres dormitorios un baño. **Azotea. **Pisos de Parquet. *casa para remodelar* **Precio us$276, 000 *casa para remodelar* **Para coordinar una reunión llamar al Ver datos|https://urbania.pe/inmueble/clasificado/veclcain-venta-de-casa-en-pueblo-libre-lima-3-dormitorios-147154440?n_src=Listado&n_pills=Jard%C3%ADn&n_pg=2&n_pos=24|2026-02-01
urbania|casas|venta|Lima Moderna|Pueblo Libre|"General Borgoño 272 A Pueblo Libre
Circolo, Pueblo Libre"|S/ 1,295,000 · USD 370,000|1295000|370000||60|"300 m² tot.
8 dorm.
2 baños"|300|8|2||Se vende casa amoblada, tal como figura en las fotos en Calle Huaraz - Parque Raimondi. Excelente ubicación! Zona segura, casa dentro de tranquera, doble frente: hacia calle Huaraz y hacia el parque Raimondi. El primer piso cuenta con puerta hacia ambos frentes, hacia calle Huaraz y la otra puerta hacia el Parque Raimondi (calle General Borgoño). El segundo piso tiene doble vista en ambos frentes. Al existir las rejas, convierten este espacio en una especie de condominio, aunque el acceso es público. Vigilancia y control de accesos los 7 dias de la semana, las 24 horas del dia. Es un parque publico, pero muy bien controlado y mantenido. El parque se mantiene con el pago de los arbitrios. La guardianía es un pago de 60 soles mensuales que pagan todos los vecinos que viven dentro de este espacio cerrado. Zona segura y bonita de Pueblo Libre, cerca a todo: saliendo del parque hay: tienda de abarrotes frutas y verduras, farmacia, lavandería. A 1 cuadra se encuentra la avenida Brasil (a la altura de la cuadra 13). La casa es de 2 pisos construidos, cada piso tiene acceso independiente y en ningún momento se cruzan. Vendrían a ser como 2 departamentos, cada uno con su propia puerta. Metros cuadrados del 1er piso: 150m2 de terreno. Metros cuadrados del 2do piso: 149m2 construidos. Aires del 2do piso: 149m2. Instalaciones de agua cambiadas hace 15 años aproximadamente. Casa de concreto, no es adobe. Tiene sus propias paredes, no comparte paredes con el vecino, se puede demoler si el comprador lo deseara. Es una arquitectura clásica del año 1950, que aún se mantiene en Pueblo Libre, lo que le da ese aire pintoresco y único a esta zona del distrito. Distribución: Primer piso: Puerta a la calle huaraz (zona comercial!) y puerta a la calle frente a parque. Sala, comedor, sala de estar, estudio, 2 dormitorios, 1 baño completo. El primer piso cuenta con licencia para almacén de medicinas (actualmente muy difíciles de conseguir). Segundo piso: Puerta frente al parque: acceso independiente, escaleras hacia 2do piso. Ingresamos hacia una sala tipo recibidor amplio o sala de estar. Hacia el lado izquierdo se encuentra la sala con vista al parque. Y lado de la sala, un estudio muy amplio, también con vista al parque, se podría acondicionar a dormitorio. Hacia el lado derecho del recibidor, hay un pasillo que nos lleva hacia la cocina y hacia el comedor principal. 01 baño que es muy espacioso y al final, 2 dormitorios ambos con vista a calle Huaraz. El dormitorio principal cuenta con luminaria y ventilador. Hay terma. En este mismo pasillo tenemos una puerta hacia la escalera que nos dirige hacia los aires. Aires: 2 dormitorios con techo aligerado, 1 depósito, 1 baño completo, 1 lavandería. Terraza amplia ideal para hacer una zona de parrilla o ampliar el inmueble. La terraza tiene vista hacia el parque y hacia calle Huaraz. No tiene cochera, pero los carros pueden estacionarse frente a sus casas. Documentos en regla. Citas con 1 día de anticipación. Precio: usd$370, 000 (la venta es únicamente en dólares americanos. El precio publicado en soles es sólo referencial al tipo de cambio). Contacto: 9. 4. 6. 7. 1. 9. 7. 9. 1 Marilú Yong|https://urbania.pe/inmueble/clasificado/veclcain-venta-de-casa-en-circolo-pueblo-libre-5-a-mas-dormitorios-145752595?n_src=Listado&n_pills=Seguridad&n_pg=2&n_pos=25|2026-02-01
urbania|casas|venta|Lima Moderna|Pueblo Libre|"Calle Miguel DE Arriaga 175- Pueblo Libre
Unap, Pueblo Libre"|S/ 1,250,000 · USD 360,000|1250000|360000|||"260 m² tot.
5 dorm.
3 baños
1 estac."|260|5|3|1|¡Hermosa casa en venta en Pueblo Libre! Descubre tu nuevo hogar en una de las zonas más tranquilas y seguras de Pueblo Libre, con una ubicación estratégica cerca de Av. Universitaria, Av. Bolívar y Av. Cipriano Dulanto, a pocos minutos de colegios, universidades, centros comerciales y mercados. Características principales: Primer PisoCocheraSala, comedorCocinaBaño de visitaPatio, lavandería1 Dormitorio con baño completoSegundo Piso1 dormitorio con baño completo3 dormitorios secundarios1 baño completoTercer PisoLavanderíaMini departamento Acabados de calidad y ambientes bien ventiladosUbicado en zona segura, con vigilancia las 24 horas del día. Perfecta para familias que buscan comodidad, ubicación y tranquilidad. Pueblo Libre – Lima Contáctanos para más información o coordinar una visita.|https://urbania.pe/inmueble/clasificado/veclcain-venta-de-casa-en-unap-pueblo-libre-5-a-mas-dormitorios-148747599?n_src=Listado&n_pills=Seguridad&n_pg=2&n_pos=26|2026-02-01
urbania|casas|venta|Lima Moderna|Surquillo|"Calle LOS Halcones al 200-venta Casa Remodelada 2 Pisos
Surquillo, Lima"|S/ 1,059,870 · USD 309,000|1059870|309000|||"210 m² tot.
4 dorm.
4 baños
1 estac."|210|4|4|1|Venta de Casa Remodelada en Condominio de 2 Pisos en Surquillo – Límite con San Isidro Descubre esta amplia y luminosa casa de 2 pisos recién remodelada, ubicada en una zona estratégica de Surquillo, a pocos pasos de San Isidro, rodeada de parques, supermercados, clínicas, colegios, bancos y con fácil acceso a las principales avenidas. La propiedad se encuentra dentro de una pequeña villa cerrada y segura en Calle Los Halcones, lo que garantiza tranquilidad y privacidad para tu familia. Además, cuenta con opción de construir un piso adicional. Características principales: Terreno: 136 m²Área construida total: 210 m² aprox. Primer Piso: 2 dormitorios2 baños completosSala – ComedorCocinaJardínEstacionamientoDepósitoSegundo Piso: 2 dormitorios2 baños completosSala – ComedorCocinaLavanderíaBeneficios destacados: -Casa totalmente remodelada con acabados modernos-Ubicación céntrica y de fácil acceso-Villa cerrada con seguridad y pocos vecinos-Posibilidad de ampliar con un tercer piso¡No pierdas la oportunidad de vivir en una zona estratégica de Lima!|https://urbania.pe/inmueble/clasificado/veclcain-venta-de-casa-en-surquillo-lima-4-dormitorios-147436522?n_src=Listado&n_pills=Jard%C3%ADn&n_pg=1&n_pos=1|2026-02-01
urbania|casas|venta|Lima Moderna|Surquillo|"Faisanes 194, Surquillo
Surquillo, Lima"|S/ 2,220,000 · USD 600,000|2220000|600000|||"282 m² tot.
7 dorm.
4 baños
2 estac."|282|7|4|2|Vendo casa en esquina, bien ubicada en la mejor zona de Surquillo. Fácil acceso a avenidas importantes como Av. Aramburú, Av. Paseo de la República (vía expresa), Av. Domingo Orué, Av. Gral. Requevarren, entre otras. Cerca a parque, a centros comerciales, bancos, restaurantes, entre otros. La casa tiene 3 pisos. Buena distribución e iluminación. descripción: at = 282. 15 m2 ac = 426. 35 m2Frente: 19. 00ml. Fondo: 15. 00ml. Perímetro: 67. 70 ml. zonifiacion: residencial de densidad baja (rdb) edificación: 4-5 pisos (Multifamiliar) La casa consta de: 1er piso: - Sala grande - Sala estar con terraza- Comedor - Cocina con comedor de diario- Jardín exterior e interior- 01 habitación tipo estudio- 02 cocheras techadas- Lavandería con depósito 2do piso: - 04 dormitorios grandes: - 01 dormitorio principal con walk-in-closet grande, baño grande- 03 dormitorios secundarios grandes- 01 baño secundario completo3er piso: - 02 dormitorios secundarios- 01 baño completo- Terraza y deposito grande¡¡Precio negociable!! T. C. 3. 50Tipo de cambio referencial, sujeto a variación diaria por fluctuación del mercado|https://urbania.pe/inmueble/clasificado/veclcain-venta-de-casa-en-surquillo-lima-5-a-mas-dormitorios-146339778?n_src=Listado&n_pills=Jard%C3%ADn&n_pg=1&n_pos=2|2026-02-01
urbania|casas|venta|Lima Moderna|Surquillo|"el Sauce 500 Surquillo
Los Sauces, Surquillo"|S/ 1,649,000 · USD 485,000|1649000|485000|||"129 m² tot.
10 dorm.
5 baños
2 estac."|129|10|5|2|"Vendo casa A 6 min minutos de higuereta Y A pasos de pedro venturo | limite surquillo con surco Casa de 3 pisos independientes + aires | Piso 2 y 3 con opción a percibir un ingreso de alquiler total aprox 4800 soles. Primer piso | Puede ser habitada por una familia completa y alquilar los pisos superiores ao: 129. 60 m2 | at: 100. 21 M2 | al: 29. 39 m2 * Amplia sala comedor iluminada * Cocina amplia con muebles altos y bajos | espacio para comedor de diario * Habitación principal espacio para queen o king | | closet remodelado y moderno * Habitación secundaria (1) espacio para cama de 2 plazas | closet remodelado y moderno * Habitación secundaria (2) espacio para cama de 2 plazas | tbn se puede usar como estudio * Habitación secundaria (3) espacio para cama de 2 plazas | ingreso directo desde el patio * 2 baños completos | (1) con mampara de vidrio **Conexión de escalera interna al piso 2 - segundo piso | Ingreso independiente por escalera externa ao: 105. 48 m2 | at: 99. 20 m2 | al: 6. 28 m2 * Amplia sala comedor vista exterior * Cocina cerrada con muebles altos y bajos *Habitación principal | con closets de madera en perfecto estado para cama queen o king *Habitación secundaria (1) | con closets de madera espacio para 2 camas de 2 plazas *Habitación secundaria (2) | con closet de madera espacio para cama queen o king *1 baño completo con mampara de vidrio - tercer piso | Escalera ingreso independiente ao: 99. 37 m2 | at: 96. 01 m2 | al: 3. 36 m2 * Sala comedor amplia vista exterior * Cocina amplia con muebles altos y bajos * Area de estudio amplia continua a la sala * Habitación principal para cama queen o king | closet moderno de melamina | Baño incorporado * Habitación secundaria (1) y ( 2) amplia para cama queen | closet moderno de melamina *2 baños completos con mampara de vidrio | inodoro one piece | lavadero formato bowl - aires | 96. 01 cocheras | 1(12. 50 m2) 2 (12. 74 m2)"|https://urbania.pe/inmueble/clasificado/veclcain-venta-de-casa-en-los-sauces-surquillo-5-a-mas-dormitorios-146495064?n_src=Listado&n_pills=Jard%C3%ADn&n_pg=1&n_pos=3|2026-02-01
urbania|casas|venta|Lima Moderna|Surquillo|"Hortencia
Los Sauces, Surquillo"|S/ 1,035,000 · USD 300,000|1035000|300000|||"160 m² tot.
3 dorm.
2 baños"|160|3|2||Se vende amplia casa con alto potencial para remodelar, ubicada en el pasaje Hortencia con pasaje Amapola, ingreso por la cdra 3 de calle La Retama en la urbanización Los Sauces, a dos cuadras de la cuadra 23 de Tomas Marzano y cruce con Villaran. Distribución: - Patio delantero. - Domitorio con baño independiente de toda la casa. - Sala comedor. - Cocina. - Dos dormitorios con espacio para closet, uno de ellos se puede independizar y transformar en 3 dormitorios. - Baño completo. - Patio interior amplio. - Metraje del terreno: 160ml; Frente: 8ml, Izq: 20ml, derecha: 20ml, fondo 8ml. - Metraje construido: 101mt2 ( solo se ha construido un piso) Documentos en regla a nivel municipal y Registros Públicos, medidos de luz y agua independiente. Ubicado a 3 cdras. Del ovalo de higuereta, cerca estación Cabitos, Av. Villaran y Centros comerciales como Real 'Plaza, Open Plaza. Informes y citas al Ver datos.|https://urbania.pe/inmueble/clasificado/veclcain-venta-de-casa-en-los-sauces-surquillo-3-dormitorios-146213083?n_src=Listado&n_pg=1&n_pos=4|2026-02-01
urbania|casas|venta|Lima Moderna|Surquillo|"Calle las Palomas , Surquillo
Surquillo, Lima"|S/ 1,412,460 · USD 420,000|1412460|420000|||"204 m² tot.
10 dorm.
5 baños
1 estac."|204|10|5|1|"La propiedad cuenta con un área total ocupada de 264 m² y un área de terreno de 204 m². Presenta un frente de 9 Metros Lineales y un fondo de 23 Metros Lineales. Su zonificación es rdb y posee parámetros para la construcción de mas de cuatro pisos, lo que permite proyectar diferentes alternativas de uso. La vivienda tiene una antigüedad de 63 años y 2 pisos y el tercero es de drywall. Está ubicada en la Av. Las Palomas, en Surquillo, en límite con San Isidro y Miraflores. Se encuentra frente a un parque y muy cerca de la Av. Aramburú, además de tener acceso rápido a la Av. Paseo de la República y Av. República de Panamá. Su entorno ofrece áreas verdes y una conexión fluida hacia las principales avenidas de la ciudad. El inmueble presenta una distribución amplia, con diez dormitorios, cinco baños, sala y comedor con vista al patio. Incluye cocina cerrada, lavandería, patio posterior y una cochera amplia. Cuenta con dos escaleras de acceso hacia los niveles superiores, ambas con rejas de seguridad. Como información adicional, la propiedad se encuentra en estado para renovar o edificar, lo que la convierte en una opción adaptable según las necesidades del proyecto. Su ubicación junto al parque La Enrramada y frente a áreas verdes aportan un entorno agradable para futuros desarrollos. Contacto: Mabel Uchuypoma | 9. 6. 3. 3. 4. 2. 1. 6. 0."|https://urbania.pe/inmueble/clasificado/veclcain-venta-de-casa-en-surquillo-lima-5-a-mas-dormitorios-148350791?n_src=Listado&n_pills=Cerca+a+colegios&n_pg=1&n_pos=5|2026-02-01
urbania|casas|venta|Lima Moderna|Surquillo|"Av. Tomás Marsano
Jorge Chavez, Surquillo"|S/ 2,193,000 · USD 645,000|2193000|645000|||"215 m² tot.
4 dorm.
3 baños
2 estac."|215|4|3|2|Ubicación ideal en la mejor zona de Surquillo, frente a la Aurora en Miraflores, cerca del Ovalo de Higuereta, Mall plaza Angamos, ideal para comercio o construccion para edificio de 7 pisos mas azotea. Zona tranquila y con accesos a cercanos a Miraflores, San Borja, Surco.|https://urbania.pe/inmueble/clasificado/veclcapa-venta-de-casa-en-jorge-chavez-surquillo-4-dormitorios-148209480?n_src=Listado&n_pg=1&n_pos=6|2026-02-01
urbania|casas|venta|Lima Moderna|Surquillo|"Calle San Carlos cdra 385
Surquillo, Lima"|S/ 1,001,650 · USD 299,000|1001650|299000|||"200 m² tot.
3 dorm.
2 baños"|200|3|2||Oportunidad de inversión en el Jr. San Carlos (cuadra 3). Casa de 1 piso, ubicada en zona estratégica residencial y comercial, a pocos metros de la Av. Angamos. Terreno de 8 m de frente x 25 m de fondo. ️ Zonificación vt. Ideal para comercio, oficinas, vivienda o proyecto inmobiliario. Ubicación con alto flujo y gran proyección.|https://urbania.pe/inmueble/clasificado/veclcain-venta-de-casa-en-surquillo-lima-3-dormitorios-148728976?n_src=Listado&n_pills=Parrilla&n_pg=1&n_pos=7|2026-02-01
urbania|casas|venta|Lima Moderna|Surquillo|"Las Palomas 526
Jardines De Aramburu, Surquillo"|S/ 3,186,200 · USD 895,000|3186200|895000|||"466 m² tot.
6 baños
8 estac."|466||6|8|Surquillo, venta inmueble/ 2 casas Contactar a luis maita 9. 5. 0. 0. 9. 6. 1. 9. 6 Excelente Oportunidad en Surquillo - Terreno con Potencial Unico Se vende inmueble de 466 m2 a solo una cuadra de la Av. Aramburu en una insuperable ubicacion de altisima demanda. En este Terreno actualmente existen 2 casas de mas de 200 m2 cada una, ambas con entradas independientes directo a la calle. Y lo mejor: la parte posterior tiene salida directa al parque la enramada, mostrando una vista incomparable que comvierte este espacio en una experiencia unica. ¿ Por que inmueble unico? Por que se vende A precio de terreno! Ideal para Constructoras que buscan un espacio con doble frente y vista al parque. Perfecto tambien para familias o Inversionistas: vive en una de las casas y alquila la otra, obteniendo excelentes beneficios inmediatos en una zona de alta demanda. Ubicacion insuperable, cerca de vias principales, Areas Verdes y con conexcion rapida a San Isidro, Miraflores y San Borja. Ya sea para desarrollar un Proyecto Inmobiliario Exclusivo o para disfrutar de la comodidad de vivir en un inmueble centrico con rentabilidad, este inmueble reune las condiciones que muy pocos ofrecen. Surquillo a pasos de Av. Aramburu - Frente a Parque La Enramada Tu proxima inversion esta aqui!|https://urbania.pe/inmueble/clasificado/veclcain-venta-de-casa-en-jardines-de-aramburu-surquillo-147788001?n_src=Listado&n_pills=Jard%C3%ADn&n_pg=1&n_pos=8|2026-02-01
urbania|casas|venta|Lima Moderna|Surquillo|"Calle Las Aguilas 140
Surquillo, Lima"|S/ 1,868,333 · USD 494,268|1868333|494268|||"225 m² tot.
4 dorm.
5 baños"|225|4|5||Te presentamos una espaciosa casa de 2 pisos, construida con material noble, ubicada en la Calle Las Águilas Ver datos, Urbanización Limatambo, un lugar privilegiado cerca de avenidas principales como Paseo de la República y Domingo Orué. Características destacadas: Área de terreno: 225. 20 m² Área construida: 192 m² Distribución: Primer piso: Jardín delantero, cochera, sala-comedor, cocina, patio, lavandería, cuarto y baño de servicio, jardín y dormitorio con baño privado. Segundo piso: Hall y 4 dormitorios, cada uno con baño privado. Estado: Excelente conservación. Antigüedad: 60 años. Ventajas del entorno: Ubicación en un entorno residencial consolidado. Servicios completos: pistas, veredas, agua potable y alcantarillado. Ideal para familias gracias a su amplitud y distribución. ¡Haz de esta casa tu nuevo hogar o inversión perfecta! Contacta para más información y agenda tu visita ahora.|https://urbania.pe/inmueble/clasificado/veclcain-venta-de-casa-en-surquillo-lima-4-dormitorios-145333364?n_src=Listado&n_pills=%C3%81rea+de+lavander%C3%ADa&n_pg=1&n_pos=9|2026-02-01
urbania|casas|venta|Lima Moderna|Surquillo|"CALLE LA AVELLANA, LOS SAUCES, SURQUILLO
Los Sauces, Surquillo"|S/ 1,256,800 · USD 340,000|1256800|340000|||"367 m² tot.
5 dorm.
5 baños
1 estac."|367|5|5|1|Casa de 2 pisos frente A parque, 367 M2. Area total. Comprende: sala comedor, terraza, cocina amoblada con muebles altos Y bajos, patio, lavanderia, jardin interior Y exterior, 5 dormitorios, 5 baños, azotea con lavanderia Y tendal Y 01 estacionamiento.|https://urbania.pe/inmueble/clasificado/veclcain-venta-de-casa-en-los-sauces-surquillo-5-a-mas-dormitorios-61938944?n_src=Listado&n_pills=%C3%81rea+de+lavander%C3%ADa&n_pg=1&n_pos=10|2026-02-01
urbania|casas|venta|Lima Moderna|Surquillo|"José Manuel Iturregui 918
Surquillo, Lima"|S/ 808,000 · USD 240,000|808000|240000|||"500 m² tot.
9 dorm.
5 baños"|500|9|5||¡Descubre una oportunidad única en Surquillo! Esta casa en esquina ofrece un triple frente con un terreno de 225 m² y una amplia construcción de 500 m². Perfecta para familias numerosas o proyectos multifamiliares, cuenta con 36 habitaciones y 5 baños. Apta para mascotas y uso profesional, esta propiedad está valorada en 420 mil dólares, pero se ofrece al 75% de acciones y derechos, ¡una oferta difícil de igualar! A solo $240, 000 dolares!! Todos los servicios básicos están instalados: agua, desagüe, electricidad, internet, y más. Documentación en orden para una compra sin complicaciones. Contacta a la Arq. Marilyn Ramírez al 901*541*966 y agenda tu visita para conocer esta joya con 70 años de historia. ¡No dejes pasar esta oportunidad en efectivo!|https://urbania.pe/inmueble/clasificado/veclcain-venta-de-casa-en-surquillo-lima-5-a-mas-dormitorios-147848357?n_src=Listado&n_pills=%C3%81rea+de+lavander%C3%ADa&n_pg=1&n_pos=11|2026-02-01
urbania|casas|venta|Lima Moderna|Surquillo|"Salaverry 1272
Surquillo, Lima"|S/ 1,537,650 · USD 459,000|1537650|459000|||"440 m² tot.
8 dorm.
4 baños"|440|8|4||Se vende casa como terreno comercial en la cuadra 12 de Salaverry en Surquillo. at. 184 m2. ac. 420 m2. Frente: 15. 4 m. Linderos: 12 m. Local comercial de 3 pisos. Ideal para todo tipo de negocio. Zona muy comercial y transitada. Muy cerca a Paseo de la Republica y a Miraflores. Precio: $440, 000|https://urbania.pe/inmueble/clasificado/veclcain-venta-de-casa-en-surquillo-lima-5-a-mas-dormitorios-148547209?n_src=Listado&n_pills=Parrilla&n_pg=1&n_pos=12|2026-02-01
urbania|casas|venta|Lima Moderna|Surquillo|"LAUREL ROSA
Los Sauces, Surquillo"|S/ 1,340,000 · USD 400,000|1340000|400000|||"221 m² tot.
5 dorm.
2 baños
1 estac."|221|5|2|1|"Casa amplia, elegante y en ubicación estratégica. Urbanización Los Sauces – Surquillo. Una zona residencial tranquila, segura y con acceso inmediato a avenidas principales. Ideal para quienes buscan comodidad, conectividad y calidad de vida. Detalles generales. • Terreno: 221 m² • Área Construida: 319. 48 m² • 3 pisos | Excelente estado. • Documentación 100% saneada. Ubicación privilegiada con fácil conexión hacia: Av. Tomás Marsano | Av. Aviación | Av. Villarán | Av. Benavides. Cerca de supermercados, bancos y restaurantes. A minutos caminando del Óvalo Higuereta. Calle con vigilancia permanente. primer piso. • Cochera amplia y techada para camionetas. • Patio de ingreso estilo mediterráneo. • Sala–comedor amplios y muy iluminados con vista a jardín. • Jardín posterior con árbol de Jacarandá + casita de madera. • Cocina amplia con comedor de diario y muebles altos/bajos. • Baño de visita. • Lavandería independiente. segundo piso. • 3 habitaciones amplias, todas con clóset. o 2 con vista al jardín. o 1 con vista a la calle. • Baño completo con iluminación natural. tercer piso. • Sala de estar de buenas dimensiones con vista externa. • 2 habitaciones adicionales y amplias con clóset. • Baño completo. puntos destacables. • Casa elegante, cálida y en excelente estado. Lista para ser habitada. • Arquitectura funcional con ambientes amplios. • Ubicación con alta demanda por su conectividad y seguridad. Buena proyección de plusvalía en la inversión. • Perfecta para familias grandes y estilo de vida moderno. precio: usd 400, 000. dms inmobiliaria"|https://urbania.pe/inmueble/clasificado/veclcain-venta-de-casa-en-los-sauces-surquillo-5-a-mas-dormitorios-148312483?n_src=Listado&n_pills=Guardian%C3%ADa%2FSeguridad+privada&n_pg=1&n_pos=13|2026-02-01
urbania|casas|venta|Lima Moderna|Surquillo|"DOMINGO ELIAS 840
Surquillo, Lima"|S/ 1,567,000 · USD 445,000|1567000|445000|||"270 m² tot.
10 dorm.
10 baños"|270|10|10||Ubicado en Jr Domingo Elias 840, a dos cuadras de la Via Expresa, Av. Angamos Este y a una cuadra del Mercado Modelo 2, Distrito de Surquillo. Excelente Zona Comercial. Área de terreno 270. 04 m2. (10. 40 ml x 26 ml) Tiene construido 2 pisos mas azotea. Zonificación cz, rda, rdm. Parametros para 7 Pisos. Altamente comercial para Restaurantes, Galerías, Edificios Multifamiliares. Precio us$ 445. 000 ($1, 648 x m2) precio en soles referencial. contactanos al 9. 8. 1. 2. 4. 4. 6. 7. 7|https://urbania.pe/inmueble/clasificado/veclcain-venta-de-casa-en-surquillo-lima-5-a-mas-dormitorios-147368224?n_src=Listado&n_pills=Cerca+a+colegios&n_pg=1&n_pos=14|2026-02-01
urbania|casas|venta|Lima Moderna|Surquillo|"SURQUILLO
Limatambo, Surquillo"|S/ 1,112,200 · USD 332,000|1112200|332000|||"350 m² tot.
8 dorm.
1 baño
1 estac."|350|8||1|Se vende Amplio y Céntrico Predio, ideal para vivienda/oficina a puerta cerrada en surquillo. El Inmueble se encuentra ubicado a media cuadra de avenida Aramburú, zona muy céntrica, cerca al puente Aramburú, cerca a la Estación del Metropolitano, estaciones de servicio, restaurantes, Comisería pnp, parques, etc. Inmueble en muy buen estado de conservación, bonitos acabados. Cuenta con 04 pisos construidos, 08 ambientes en total, 04 medios baños y 01 estacionamiento. Área de Terreno: 78. 08m2. Área Ocupada: 464. 19m1. Área Construida: 272. 43m2. Antigüedad: 11 años. descripción del inmueble: primer piso - Área Ocupada: 73. 95m2 y Área Construida 52. 37m2. -Recepción, Medio baño de visitas y sala amplia. segundo piso: Área Ocupada: 130. 08m2 y Área Construida 100. 48m2. -04 Amplias oficinas, una de ellas con medio baño incorporado, medio baño yTerraza. tercer piso: Área Ocupada: 130. 08m2 y Área Construida 92. 72m2. -Amplio salón, mono ambiente de 90m2, medio baño, patio lavandería. cuarto piso: Área Ocupada: 130. 08m2 y Área Construida 26. 86m2. -Sala o ambiente independiente. Documentos en regla!! Listo para transferir!! Visitas fáciles Y coordinadas! Contacta a nuestra Agente Inmobiliario: Carolina zecenarro. Celular/WhatsApp. 9. 9. 2. 0. 5. 0. 4. 3. 8. **El Tipo de Cambio (T. C) utilizado en esta publicación es de 3. 35, el Precio en Soles es sólo referencial**|https://urbania.pe/inmueble/clasificado/veclcain-venta-de-casa-en-limatambo-surquillo-5-a-mas-dormitorios-13076298?n_src=Listado&n_pills=%C3%81rea+de+lavander%C3%ADa&n_pg=1&n_pos=15|2026-02-01
urbania|casas|venta|Lima Moderna|Surquillo|"Pedro Ruiz 129
Surquillo, Lima"|S/ 2,100,000 · USD 600,000|2100000|600000|||"245 m² tot.
7 dorm.
1 estac."|245|7||1|Oportunidad unica: casa 3 pisos mas local comercial en corazon de surquillocasa multifamiliar ; oportunidad de ampliar mas pisos. Se vende Amplia propiedad Ubicada en el corazón de Surquillo, ubicada en José Leon zona de alto movimiento comercial y residencial, ideal para inversión, negocio propio o desarrollo inmobiliario. Cuenta con local comercial con puerta a calle, lo que la convierte en una excelente oportunidad para generar ingresos inmediatos. La propiedad se encuentra en un entorno mixto residencial y comercial, ideal para inversionistas, empresas o quienes buscan negocio y vivienda en un solo lugar. Ubicación Estratégica: A pocos cuadras de Domingo Orue, Angamos, Republica de Panama, cerca del Mercado SurquilloDatos: Área: 245 metrosConstruida: 195 Metros3 pisos Casa mas Local con Puerta a CalleUbicación: Jose Leon - Estratégica ComercialNumero de Habitaciones: 7T. C. 3. 50Tipo de cambio referencial, sujeto a variación diaria por fluctuación del mercado|https://urbania.pe/inmueble/clasificado/veclcain-venta-de-casa-en-surquillo-lima-5-a-mas-dormitorios-148622304?n_src=Listado&n_pg=1&n_pos=16|2026-02-01
urbania|casas|venta|Lima Moderna|Surquillo|"Pedro Ruiz 127
Surquillo, Lima"|S/ 2,765,000 · USD 790,000|2765000|790000|||"345 m² tot.
9 dorm.
4 baños
1 estac."|345|9|4|1|Oportunidad: se vende 2 casas con un total de 345 mts, cuenta con local comercial puerta A calle. ideal: para inversionista, proyecto comercial O residencialparametro para 8 pisos. ubicada en el corazon de surquillo, en jiron jose leon - pedro ruizzona altamente comercial- cerca del mercado de surquillo asi como proyectos residencial en construccion. T. C. 3. 50Tipo de cambio referencial, sujeto a variación diaria por fluctuación del mercado|https://urbania.pe/inmueble/clasificado/veclcain-venta-de-casa-en-surquillo-lima-5-a-mas-dormitorios-148622658?n_src=Listado&n_pg=1&n_pos=17|2026-02-01
urbania|casas|venta|Lima Moderna|Surquillo|"Juan Torres Higueras al 100
La Calera, Surquillo"|S/ 1,172,500 · USD 350,000|1172500|350000|||"160 m² tot.
4 dorm.
3 baños
2 estac."|160|4|3|2|De ocasion linda casa frente A parque ideal para vivienda O inversioncontactame al 9. 1. 2. 7. 8. 6. 9. 0. 9. casa de 3 pisos ubicada en Surquillo, frente a parque, en una zona tranquila y bien conectada. Ideal para familia o inversión, ya que cuenta con minidepartamento independiente en el tercer piso.? Características: * Área total: 160 m²* 3 dormitorios* 3 baños completos* Excelente distribución en 3 niveles? Semisótano: - Cochera techada para 2 autos? Primer piso: - hall de ingreso - Oficina - Sala con chimenea - comedor amplio - cocina cerrada con reposteros altos y bajos - desván - área de lavandería - amplio patio o terraza que conecta con la sala comedor? Segundo piso: -2 Habitaciones con closet que comparten un baño completo (una con vista al parque, una con vista interna) - Habitación Principal con closet y baño propio - Área de estar? Tercer piso: * Minidepartamento independiente, ideal para alquiler, oficina o familiar*una Habitación Amplia con closet * Un Área de estar * sala Comedor *Patio *Área de Lavandería? Ventajas: * Frente a parque (vista abierta y buena iluminación) * Zona residencial y segura* Ambientes amplios y ventilados* Potencial de renta adicional? Ubicación privilegiada en Surquillo, cerca de avenidas principales, comercios, colegios y transporte.? Informes y visitas previa coordinación9. 1. 2. 7. 8. 6. 9. 0. 9.|https://urbania.pe/inmueble/clasificado/veclcain-venta-de-casa-en-la-calera-surquillo-4-dormitorios-148721158?n_src=Listado&n_pills=%C3%81rea+de+lavander%C3%ADa&n_pg=1&n_pos=18|2026-02-01
urbania|casas|venta|Lima Moderna|Surquillo|"Calle Las Avellanas al 100
Los Sauces, Surquillo"|S/ 1,338,960 · USD 398,500|1338960|398500|||"220 m² tot.
6 dorm.
3 baños"|220|6|3||Vendo casa de 2 pisos, frente A parque en surquillo - los sauces Vendo casa como Terreno o para Remodelar en una Zona Céntrica de Surquillo Ubicada frente a un lindo Parque. A pasos de la Av. Vilarán y Tomás Marsano, cuenta con facil acceso y a pocos metros del Barrio Médico, Surco y Miraflores. Excelente Ubicación. Zona residencial, muy segura y tranquila. Cerca a todo. Bodegas, colegios, farmacias, restaurrantes etc. La casa cuenta con dos pisos; y una cochera. En el primer nivel tiene un departamento/Local con una amplia sala comedor,, 3 ambientes, 1 baño completo y una área livre al fondo y garaje. Aún en el primer piso hay un mini departamento con salita comedor, 1 dormitorio, 1 cocina, 1 baño completo y un estudio. En el segundo nivel contamos con 2 departsmentos con sala comedor, dos dormitorios, 1 baño, cocina y área de lavandería.. Para más información y agendar una visita, ¡contáctenos! Ideal para proyectos con zonificación rda. Linderos: frente 8. 00 mts, fondo 20. 00 mts. Llámanos para más informaciones!! Consultar con el Agente Inmobiliario encargado para mayor información Ver datos.|https://urbania.pe/inmueble/clasificado/veclcain-venta-de-casa-en-los-sauces-surquillo-5-a-mas-dormitorios-148804193?n_src=Listado&n_pills=%C3%81rea+de+lavander%C3%ADa&n_pg=1&n_pos=19|2026-02-01
urbania|casas|venta|Lima Moderna|Surquillo|"Samiria al 200
Aurora Este, Surquillo"|S/ 1,299,000 · USD 375,000|1299000|375000|||156 m² tot.|156||||**Casa en venta con 2 departamentos independientes – ideal para vivir y/o invertir, en zona privilegiada de Surquillo**Amplia casa con excelente distribución, ubicada en **Calle Samiria, entre Av. Principal y Av. Tomás Marsano**, a solo **300 m de Av. Angamos Este**, en una de las zonas más demandadas y con mayor proyección de **Surquillo**. Cuenta con **156 m² de terreno** y **220 m² construidos**, ofreciendo espacios amplios y funcionales: * **Primer piso: ** cochera amplia, estudio, cocina, baño de visita, sala, comedor, estar y patio interior con buena iluminación natural. * **Segundo piso: ** dos **departamentos independientes**, cada uno con **2 dormitorios**, **1 baño completo**, **sala-comedor** y **acceso independiente**, ideales para uso familiar o para generar ingresos por alquiler. * **Tercer piso: ** **gran terraza para eventos sociales o ampliación futura**, con excelente potencial de uso. **Ubicación privilegiada**, en zona céntrica y segura, a pocos minutos de **centros comerciales como Open Plaza Angamos y Real Plaza Primavera**, así como de **supermercados (Plaza Vea, Metro, Tottus) **, **mercados locales**, colegios y una variada oferta de servicios. La propiedad combina **espacio, funcionalidad y una ubicación estratégica**, perfecta tanto para vivienda multifamiliar como para inversión inmobiliaria.|https://urbania.pe/inmueble/clasificado/veclcain-venta-de-casa-en-aurora-este-surquillo-148125361?n_src=Listado&n_pills=%C3%81rea+de+lavander%C3%ADa&n_pg=1&n_pos=20|2026-02-01
urbania|casas|venta|Lima Moderna|Surquillo|"Calle Los Ñanduez 169
Limatambo, Surquillo"|S/ 2,345,000 · USD 700,000|2345000|700000|||"176 m² tot.
15 dorm.
10 baños
1 estac."|176|15|10|1|Calle Los Ñandúez, Urb. Limatambo – Surquillo. Amplio edificio de 5 pisos, ideal para oficinas corporativas, coworking, consultorios o vivienda multifamiliar. Excelente ubicación en zona céntrica, con fácil acceso a avenidas principales y rodeado de comercios. Área de terreno: 176 m² Área construida: 544 m² Cochera para 4 autos. Distribución por pisos: Piso 1: 122. 46 m² Piso 2: 114. 96 m² Piso 3: 115. 96 m² Piso 4: 114. 98 m² Piso 5: 76. 52 m² Ideal para oficinas, vivienda multifamiliar o negocio. Zona céntrica, segura y de fácil acceso. Buena iluminación natural. Frente a calles tranquilas dentro de Surquillo. Condiciones: Venta: $700, 000. Alquiler: $6, 000. Contáctame para una visita|https://urbania.pe/inmueble/clasificado/veclcain-venta-de-casa-en-limatambo-surquillo-5-a-mas-dormitorios-147549509?n_src=Listado&n_pg=1&n_pos=21|2026-02-01
urbania|casas|venta|Lima Moderna|Surquillo|"A Unas Cuadras del Mercado Nro. 1 de Surquillo
Surquillo, Lima"|S/ 2,226,000 · USD 600,000|2226000|600000|||300 m² tot.|300||||¡Gran oportunidad de inversión! Casa como terreno en Surquillo, ideal para comercio vecinal, o Proyecto inmobiliario. Ubicado en una zona estratégica y céntrica, con fácil acceso a principales avenidas: Av. Ricardo Palma, Av. P. ° de la República. A unos minutos de la municipalidad de Surquillo, cercano a restaurantes, gimnasios y diversos comercios. Características: Área Terreno: 300m²Linderos: Frente: 10 mlDerecha: 30 mlIzquierda: 30 mlFondo: 10 mlSi estás buscando una oportunidad para invertir en una zona estratégica, ¡esta propiedad es ideal para ti! Contáctanos para obtener mayor información y agendar una visita. * Las fotografías, precios y descripción de esta propiedad son|https://urbania.pe/inmueble/clasificado/veclcain-venta-de-casa-en-surquillo-lima-147283991?n_src=Listado&n_pills=Gimnasio&n_pg=1&n_pos=22|2026-02-01
urbania|casas|venta|Lima Moderna|Surquillo|"LAS PALOMAS 244
Limatambo, Surquillo"|S/ 1,552,500 · USD 450,000|1552500|450000|||"179 m² tot.
5 dorm.
5 baños
3 estac."|179|5|5|3|Vendo casa de 180 metros cuadrados de terreno con 3 niveles. primer piso. jardin de ingreso. sala comedor amplia Y bien iluminada. cocina cerrada bien amplia E iluminada. patio. cuarto con baño de servicio Y salida A la parte interior del condomonio donde tenemos areas comunes como jardines podemos estacionar dos carros mas. 1 estacionamiento cerrado en el primer piso. escaleras hacia el segundo piso. cuatro dormitorios dos con baño uno con baño compartido, todos con closets bien instalados con vista hacia la calle las palomas bien ventilados Y con bastante iluminacion. tercer piso. 1 dormitorio amplio con baño completo Y closet. una area libre que se usa como area de azote O area social muy amplia Y con vista exterior hacia la calle las palomas Y hacia la parte interior hacia el condominio con las areas compartidas. la casa tiene un total de 22O metros de area construida Y casi 35 metros en el tercer piso de area libre. se cambiaron tuberias Y modifico la casa en el año 2, 010. la casa esta A una cuadra de la avenida paseo de la republica Y A una cuadra de mismo miraflores, csaminando llega A la plaza kennedy en 15 minutos, tiene muy cerca el famosomercado de surquillo muy cerca tiene restaurantes, cines, centros comerciales, colegios, universidades, esta muy cerca de todo el ambiente miraflorino muy cerca tambien del metropolitano que te conduce al norte Y sur de lima. Es unsa zona muy segura Y muy vigilada. trato directo. telefono Ver datos. favor no agentes inmobiliarios. L|https://urbania.pe/inmueble/clasificado/veclcain-venta-de-casa-en-limatambo-surquillo-5-a-mas-dormitorios-148001740?n_src=Listado&n_pills=Seguridad&n_pg=1&n_pos=23|2026-02-01
urbania|casas|venta|Lima Moderna|Surquillo|"Santa Rosa 215
Surquillo, Lima"|S/ 1,030,000 · USD 308,000|1030000|308000|||"320 m² tot.
7 dorm.
4 baños
1 estac."|320|7|4|1|"Área total: 300m2 | 7 dormitorios | Ideal para familia numerosa o proyecto multifamiliar Amplia casa ubicada en Calle Santa Rosa 215, en el límite estratégico entre San Borja y Surquillo, una de las zonas con mayor conectividad y desarrollo urbano de Lima. Con amplios espacios, distribución funcional y gran potencial de renovación, esta propiedad es perfecta como hogar principal, oficina familiar o proyecto de inversión. Características del inmueble• Sala y comedor independientes con excelente iluminación natural• 7 dormitorios amplios, con opción para oficina, estudio o salas de trabajo• 5 baños completos, distribuidos entre las distintos niveles de la casa• Cocina amplia e independiente con mobiliario alto y bajo• Terraza y comedor diario auxiliar a la cocina• Lavandería techada con ventilación natural• 1 cochera con portón automático [Aforo Alternativo: + 1 Auto Menor]• Pisos en cerámica y acabados tradicionales con potencial de modernización• Ambientes ventilados, techos altos y buena iluminación en todos los nivelesAmenidades e implementación: • Red Privada de Camaras de Seguridad Internas - [Externa - Interna]• Barras de Seguridad [Ventanas y Pórtico de Ingreso]• Acabados de Alta Durabilidad - LongevidadUbicación estratégica – San Borja limítrofe con Surquillo• Situada en una zona residencial tranquila y con acceso inmediato a las principales vías urbanas. A pocos pasos de avenidas como San Borja Sur, Aviación y Angamos, con excelente conexión a San Borja, Surquillo, Miraflores, San Isidro y La Victoria. Entorno cercano• Centros comerciales (La Rambla, Open Plaza, Real Plaza), estaciones del Metro de Lima (Linea 1 y Metropolitano), parques y áreas verdes, instituciones educativas, clínicas, hospitales, farmacias, supermercados, bodegas, mercados, Restaurantes y cafeteríasUna inversión con potencial de crecimiento: • La casa representa una excelente oportunidad para familias, profesionales independientes o inversionistas que deseen una propiedad versátil, con posibilidad de renovación y alta proyección de valorización en plusvalía de capital o flujo de renta a mediano y largo plazo. • Dirección exacta: Calle Santa Rosa 215, San Borja – Límite con Surquillo• Precio de venta: $330. 000 Dólares Americanos• Precio de venta Final: $308. 000 Dólares Americanos• Estacionamiento incluido-The Real Broker Team +-Estrategas Inmobiliarios de Alto Impacto-Asesoría Especializada en Compra - Venta | Arrendamiento | Inversiones Inmobiliarias"|https://urbania.pe/inmueble/clasificado/veclcain-venta-de-casa-en-surquillo-lima-5-a-mas-dormitorios-148526981?n_src=Listado&n_pills=Cuartos+de+servicio&n_pg=1&n_pos=24|2026-02-01
urbania|casas|venta|Lima Moderna|Surquillo|"Av. Tomas Marsano
Surquillo, Lima"|S/ 2,174,150 · USD 649,000|2174150|649000|||"200 m² tot.
4 baños
3 estac."|200||4|3|Casa Oficina perfecta para tu empresa, ubicada en plena Av. Tomás Marsano cerca a Av. Manuel Villarán. Consta de: 1er piso: 4 ambientes 2 baños2do piso: 5 ambientes 2 baños3 cocherasContáctame y agenda tu visita hoy mismo Las imágenes y/o información de este inmueble son de carácter referencial. R. uc.: Razón social: Inversiones Delia S. A. C.|https://urbania.pe/inmueble/clasificado/veclcain-venta-de-casa-en-surquillo-lima-148683926?n_src=Listado&n_pg=1&n_pos=25|2026-02-01
