fuente|inmueble|operacion|zona|distrito|direccion|precio|soles|dolares|variacion|mantenimiento|caracteristica|area|dormitorio|baños|estacionamientos|detalle|enlace|fecha
adondevivir|casas|venta|Lima Centro|Lima Cercado|"Jr. Cangallo 217
Lima Cercado, Lima"|S/ 770,500 · USD 230,000|770500|230000|||"106 m² tot.
12 dorm.
12 baños"|106|12|12||Contacto: jhohanna urbina cel: 9*7*8*1*7*5*6*6*0 Edificio en Venta en el Cercado de Lima – Ideal para Inversionistas. Descripción: Oportunidad única para inversionistas en una de las zonas más céntricas de Lima. Este edificio de 4 pisos, ubicado a 1 cuadra de Plaza Italia, cuenta con un total de 12 monoambientes (4 por piso), ofreciendo una excelente rentabilidad. Perfecto para alquiler de habitaciones o depósitos, dada su cercanía a Mesa Redonda, Barrio Chino, Mercado Central y avenidas principales como: La Av. Abancay, La Vía de Evitamiento y la Av. Miguel Grau. Características: Terreno total: 105. 54 m² Edificio de 4 pisos 12 monoambientes: Cada uno con espacio para dormitorio, baño completo y área de cocina/sala. Ubicación estratégica: En el corazón del Cercado de Lima, cerca de centros comerciales, colegios y servicios. Ventajas: Alta demanda de alquileres en la zona. Estructura sólida y moderna, lista para generar ingresos. Documentación en regla y lista para la venta. ¡No dejes pasar esta oportunidad de inversión en una de las mejores zonas de Lima! ¡Contáctanos para más información y agenda una visita ya! Contacto: jhohanna urbina cel: 9*7*8*1*7*5*6*6*0 id: 1*1*1*3*3*8*6|https://www.adondevivir.com/propiedades/clasificado/veclcain-venta-de-edificio-en-cercado-lima-145565903.html?n_src=Listado&n_pg=1&n_pos=1|2026-02-01
adondevivir|casas|venta|Lima Centro|Lima Cercado|"LOS CIPRESES
Los Cipreses, Lima Cercado"|S/ 1,522,500 · USD 434,990|1522500|434990|||"290 m² tot.
3 baños
3 estac."|290||3|3|Hermosa Casa de un (1) piso Lista Para Vivir Acabados A1 Parámetros 5 Pisos + Azotea 3 Cocheras. Te presento esta hermosa propiedad de 1 piso totalmente lista para vivir con parámetros urbanísticos y edificatorios para construir hasta 5 pisos más azotea. Esta propiedad presenta moderna fachada con carpor en madera y puerta principal de acceso. Al ingresar a esta propiedad nos encontramos hacia lado derecho amplia cochera para dos vehículos y hacia el lado izquierdo amplio jardín delantero que en ocasiones puede suplir una tercera cochera momentánea si se desea ingresando por la puerta principal nos condice a ampla sala sumamente ornado con detalles únicos el cual descubrirán al venir a apreciar la casa seguidamente con encontramos con elegante comedor de muy buen tamaño con muchos detalle, hacia el lado derecho de la sala tenemos acceso hacia amplia cocina con muebles altos y bajos con comedor de diario que conecta hacia la izquierda de este con área independiente de lavandería cuarto y baño de servicio y área de tendal todos estos espacio muy amplio con salida hacia jardín delantero. Continuando con la distribución nos encontramos con largo pasadizo el cual presenta hacia lado izquierdo de este dos amplios dormitorios y hacía de derecha un baño amplio y otro dormitorio adicional igualmente de grande en la parte final de dicho pasadizo nos encontramos con amplio dormitorio con baño incluido y closet y hacia el lado derecho encontramos un patio interno abierto y en su parte final un amplio cuarto para oficina o de múltiples usos. Se cuenta con acceso a l segundo piso donde existe construcción de un cuarto más un baño. Todos los pisos del área social y cocina son de porcelanato y los dormitorios y cuarto interno en madera parqué area de terreno 290. 00 M2. area construida 250. 00 M2. medidas perimetricas: por el frente: 10. 00 ml. por la derecha: 29. 00 ml. por la izquierda: 29. 00 ml. por el fondo: 10. 00 ml. Inmejorable ocasión para optar por una amplia casa y realizar el proyecto que siempre deseaste ya que esta propiedad es un lienzo en blanco dándote la oportunidad de edificar hasta 5 pisos más azotea rentabilizando enormemente lo invertido.! Dale a tu familia ese gran lugar que siempre deseaste ¡ No dejes que te ganen, contáctate con nuestro broker Richard Obando al 9. 9. 1. 0. 6. 4. 8. 7. 3 y separa tu cita ahora mismo|https://www.adondevivir.com/propiedades/clasificado/veclcain-hermosa-casa-de-1piso-lista-para-vivir-a1-param-5-147729282.html?n_src=Listado&n_pills=Seguridad&n_pg=1&n_pos=2|2026-02-01
adondevivir|casas|venta|Lima Centro|Lima Cercado|"URB.ROMA CASA 3PLANTAS MAS AIRES 2COCHERAS
Roma, Lima Cercado"|S/ 1,148,000 · USD 328,000|1148000|328000|||"372 m² tot.
8 dorm.
4 baños
2 estac."|372|8|4|2|Se vende amplia Y linca casa 3plantas de los cuales las dos primeras plantas es una casa propieamente dicha el tercer piso es un departamento. * la casa cuenta con sala comedor con salida A la terraza cocina amoblada 2cocheras, amplia terraza con zona de parrillas zona de lavanderia cuarto Y baño de servicio mas baño de visita, piso parquet en el segundo piso estan los 4amplios dobles dormitorios un baño completo en eldormitorio principal se puede acondicionar un baño incorporado todos super iluminados naturalmente. *3er. piso consta de un departamento independiente con 3 dormitorios amplios un baño completo lavanderia tendal, cocina vista calle. medidas: area de terreno 160M2 area construida 372M2 ubicada. total 8habitaciones 4 baños 2 cocinas 2cocheras. ubicada en la urbanizacion residencial roma cercado de lima rodeada de hermosos parques, seguridad absoluta cerca avoscar R. benavides Y av. universitaria, la casa tiene gas natural calida|https://www.adondevivir.com/propiedades/clasificado/veclcain-casa-en-venta-en-cercado-de-lima-urb.-roma-3plantas-147870763.html?n_src=Listado&n_pills=Cerca+a+colegios&n_pg=1&n_pos=3|2026-02-01
adondevivir|casas|venta|Lima Centro|Lima Cercado|"Jiron Jose Eugenio Paredes al 2300
Elio, Lima Cercado"|S/ 1,102,000 · USD 299,500|1102000|299500|||"380 m² tot.
6 dorm.
6 baños
1 estac."|380|6|6|1|"Jirón José Eugenio Paredes, Urb. Elio – Cercado de LimaPrecio de lanzamiento: us$ Ver datos (negociable) Casa de 4 niveles sobre 179 m² de terreno y? 320 m² construidos, frente de 8, 10 m y zonificación rdm. Título limpio sin cargas. Antigüedad original 1972 con remodelaciones parciales en instalaciones eléctricas y sanitarias. Distribución generalPrimer piso: cochera techada, dos salas principales, medio baño de visitas, cocina independiente y tercera sala-comedor con techo alto de cedro ideal para reuniones familiares. Segundo piso: balcón frontal, cuatro dormitorios (principal con baño incorporado), un baño completo compartido. Tercer piso: gran terraza-patio, lavandería, sala-comedor, cocina y un baño completo (funciona como mini-departamento independiente). Cuarto piso: dos dormitorios de servicio con dos baños (convertibles en depósito, estudio, etc.). Detalles destacados6 dormitorios + área de servicio | 5 ½ baños | 1 cochera con opción a ampliar. Balcón y ventilación cruzada en todos los dormitorios. Sala-comedor tipo azotea con tragaluz y escalera caracol metálica. Pisos de parquet restaurado en ambientes sociales. Calle tranquila a 150 m de Av. Colonial y 350 m de Av. Argentina; rápida salida a la Vía Expresa Línea Amarilla y Metropolitano. “Honestidad, Transparencia y Servicios Creativos. Nuestros pilares para brindarles la mejor asesoría inmobiliaria. ”Si desea vender o alquilar su inmueble no dude en contactarse con nosotros."|https://www.adondevivir.com/propiedades/clasificado/veclcain-amplia-casa-en-urb.-elio-para-familias-grandes-146873790.html?n_src=Listado&n_pills=Cuartos+de+servicio&n_pg=1&n_pos=4|2026-02-01
adondevivir|casas|venta|Lima Centro|Lima Cercado|"Jose Felix Bogado 2568
Lima Cercado, Lima"|S/ 890,400 · USD 265,000|890400|265000|||"136 m² tot.
9 dorm.
3 baños
2 estac."|136|9|3|2|"Amplia casa remodelada en cercado de lima: comodidad Y ubicación privilegiada. Si buscas una casa espaciosa, remodelada y lista para habitar, ¡esta es tu oportunidad! Con una ubicación estratégica y en una zona residencial tranquila, esta propiedad te brinda conectividad, amplitud y comodidad para toda tu familia. Área total: 136 m² | Área construida: 351. 92 m² Distribución ideal en 3 pisos: 1er piso: Sala comedor, amplia cocina cerrada, baño de visita, patio interno y cochera para 2 autos. 2do piso: 3 dormitorios remodelados con acabados modernos y 2 baños completos. 3er piso: 5 dormitorios adicionales, área de lavandería y 1 baño completo. Remodelada en 2015 y en excelente estado, con conexiones de agua, luz, gas natural y cable listas para su uso. Además, su cercanía a un parque familiar la convierte en el hogar perfecto. Ubicada en una de las mejores zonas del Cercado de Lima, con acceso rápido a vías principales. ¡No dejes pasar esta oportunidad! Contáctame para más información y agenda tu visita hoy mismo. #CasaEnVenta #HogarIdeal #CercadoDeLima #OportunidadÚnica"|https://www.adondevivir.com/propiedades/clasificado/veclcain-oportunidad-unica-en-urb.-los-cipreses-cercado-de-144623809.html?n_src=Listado&n_pills=Frente+a+parque&n_pg=1&n_pos=5|2026-02-01
adondevivir|casas|venta|Lima Centro|Lima Cercado|"Calle Los Pinos Mz. G Lt. 8 Huertos
Lima Cercado, Lima"|S/ 3,644,375 · USD 1,062,500|3644375|1062500|||"6250 m² tot.
4 dorm.
4 baños
2 estac."|6250|4|4|2|Contacto: isabel leandro // cel: 955*174*191. El terreno se encuentra ubicado a 1 cuadra de la Av. Antigua Panamericana Sur y a 10 minutos de la Nueva Panamericana. Sur de alto tránsito vehicular y peatonal, rodeado de fábricas, industrias, grifos, restaurantes campestres, víveros, a 3 minutos. del Banco bcp, a 5 minutos del muna (Museo Nacional del Perú) y Santuario Arqueológico de Pachacamac, a 5 minutos de. Plaza Vea de Lurín, Bcos: bbva, Interbank, Banco de La Nación, CrediScotia, Scotiabank, Cajas Financieras, Municipalidad. de Lurín y Municipalidad de Pachacamac, Mercados, Catedral, Hospital, Centro Materno Infantil, estación de bomberos, Reniec, colegios, Universidades, playas, etc. Ideal para fábricas, almacén, depósito, Invernaderos, talleres, fábrica de muebles, colchones, etc. -Documentos saneados y único propietario, inscritos en la sunarp listos para Crédito Hipotecario. -Libre de hipoteca, carga y gravamen. Precio: $ 185 x m² ( negociable) A. T. Total: 6, 250 m² Comprenden: a) parcela 8: 4, 250 m2. b) parcela 8A 2, 000 m2. Se encuentran independizados c/u ficha registral cada terreno. A. C. 140 m² casa de campo. El terreno consta de: - Luz eléctrica, teléfono, red de cable e internet que deben ser activados. - 1 pozo de agua subterránea. en funcionamiento. - Silo de pozo séptico. Proyecto del agua Y desague en trámite|https://www.adondevivir.com/propiedades/clasificado/veclcain-se-vende-casa-de-campo-con-piscina-147894012.html?n_src=Listado&n_pg=1&n_pos=6|2026-02-01
adondevivir|casas|venta|Lima Centro|Lima Cercado|"Luis Agurto 154
Lima Cercado, Lima"|S/ 1,128,950 · USD 335,000|1128950|335000|||"242 m² tot.
6 dorm.
3 baños
1 estac."|242|6|3|1|¡Tu nuevo hogar frente al parque! Comodidad, vista y ubicación ideal. Disfruta de la tranquilidad y el confort que solo una casa frente a parque puede ofrecer. Ubicada en una zona estratégica, paralela a la Av. Venezuela, esta propiedad combina una excelente ubicación con amplios y luminosos espacios ideales para tu familia. En el primer piso, encontrarás una acogedora y amplia sala con vista al parque, perfecta para compartir momentos especiales, además de un hermoso jardín donde podrás relajarte y disfrutar del aire libre. En el segundo piso, te espera otra sala con una vista panorámica al parque, el espacio ideal para descansar o disfrutar en familia con total comodidad. Además, cuenta con un ingreso independiente al segundo piso, lo que la convierte en una gran oportunidad de inversión, ya sea para vivir y alquilar una parte, o adaptarla según tus necesidades. Una propiedad que lo tiene todo: ubicación, amplitud, independencia y una vista inmejorable. ¡Haz de esta casa el hogar que siempre soñaste!|https://www.adondevivir.com/propiedades/clasificado/veclcain-hermosa-casa-en-venta-frente-a-parque-148123672.html?n_src=Listado&n_pills=Jard%C3%ADn&n_pg=1&n_pos=7|2026-02-01
adondevivir|casas|venta|Lima Centro|Lima Cercado|"Jirón Huanta 881
Lima Cercado, Lima"|S/ 4,025,000 · USD 1,150,000|4025000|1150000|||285 m² tot.|285||||Jirón Huanta 881 – Lima CercadoInvierte en una ubicación estratégica y altamente comercial! Ubicada en el corazón del Cercado de Lima, a solo unos pasos del Instituto Nacional Materno Perinatal y muy cerca del cruce con Jirón Santa Rosa, esta propiedad representa una gran oportunidad de negocio en una zona con alta afluencia peatonal y vehicular durante todo el día. Área total: 280. 25 m²Ideal para: • Clínicas o centros médicos• Locales comerciales o almacenes• Proyectos empresariales o educativosVentajas del entorno: • Zona consolidada con comercios, servicios, bancos y transporte público cercano• Alta exposición comercial• Accesos directos a avenidas principales del Centro de LimaUbicación exacta en Google Maps: https: //maps. app. goo. gl/NofuLhZzjv9RfX6X9Inversión segura y rentableUbicada en un punto estratégico del Cercado de Lima, donde los inmuebles mantienen y aumentan su valor con el tiempo. Ideal para inversionistas que buscan alta rentabilidad o empresas que desean posicionarse en una zona de gran proyección comercial. Nota: Propiedad en proceso de sucesión intestada. Las visitas podrán programarse en aproximadamente 45 días. Contáctame para más información o coordinar una visita: T. C. 3. 50Tipo de cambio referencial, sujeto a variación diaria por fluctuación del mercado|https://www.adondevivir.com/propiedades/clasificado/veclcain-excelente-oportunidad-de-inversion-en-el-cercado-de-148118488.html?n_src=Listado&n_pg=1&n_pos=8|2026-02-01
adondevivir|casas|venta|Lima Centro|Lima Cercado|"Calle Eduardo del Castillo Cercado de Lima al 2400
Centro De Lima, Lima Cercado"|S/ 1,012,026 · USD 300,000|1012026|300000|||"297 m² tot.
6 dorm.
1 estac."|297|6||1|Venta de casa en cercado de lima límite con pueblo librea una cuadra de Av. Alejandro Bertello, a unas cuadras de Av. Mariano Cornejo y de Plaza La Bandera. *Detalle del inmueble: -Área de terreno 174. 80 m2, de 2 pisos, con ingreso independiente para el 2do piso. Casa para remodelar por su antigüedad. -Área construida: 297m2*1er. Piso: -Sala comedor amplia con vista a jardín y sala de estar. -Cocina amplia cerrada con reposteros y lavandería. -Conexión a gas natural de Calidda. -03 dormitorios con closet. -02 baños completos. -Jardín interno. -Medidor de luz y agua independiente para cada piso-Cochera delantera dentro de reja. *2do. Piso-Área construida 150m2-Acceso independiente como un departamento. -03 dormitorios. -Sala comedor amplia con vista a la calle. -Cocina amplia cerrada con reposteros y lavandería. -01 baño completo. -Azotea con habitación y baño-Cistena subterránea para agua-Tanque elevado para agua-Aires disponibles-Antigüedad + de 30 años. **Precio de venta: $300, 000 dólares. **Para mayor información y visitas, contactarme!|https://www.adondevivir.com/propiedades/clasificado/veclcain-casa-en-venta-en-cercado-de-lima-limite-con-pueblo-148123897.html?n_src=Listado&n_pills=Jard%C3%ADn&n_pg=1&n_pos=9|2026-02-01
adondevivir|casas|venta|Lima Centro|Lima Cercado|"Jr. Teniente Arancivia 299, Cercado de Lima
Lima Cercado, Lima"|S/ 780,000 · USD 208,000|780000|208000|||"392 m² tot.
4 dorm.
3 baños
1 estac."|392|4|3|1|Se vende casa de 2 pisos en buen estado de conservación ideal para vivir. valor comercial: S/ 780, 000. características: + Área de Terreno: 182. 04 m2. + Área Ocupada: 392. 04 m2. + Zonificación: zte-3. + Cuenta con 4 dormitorios, 3 baños, azotea y estacionamiento. + Ubicada en un entorno urbano-residencial, cerca Avenida Sebastián Lorente. ¡agenda una visita gratis! Recuerda, en Grupo Ordesa podrás encontrar inmueble en todo el Perú. Solicita tu catálogo para encontrar propiedades en soles y en dólares esperando por ti. *Tipo de cambio referencial de 3. 75. Sujeto a variación diaria por fluctuación del mercado. No te olvides de seguirnos en nuestras redes sociales: ig: @grupo. ordesa. fb: Grupo Ordesa. sadorsa sac - ruc Ver datos. sadorsa bank - ruc Ver datos|https://www.adondevivir.com/propiedades/clasificado/veclcain-amplia-casa-de-2-pisos-en-cercado-de-lima-145470070.html?n_src=Listado&n_pg=1&n_pos=10|2026-02-01
adondevivir|casas|venta|Lima Centro|Lima Cercado|"Sebastian Lorente, Cercado de Lima
Lima Cercado, Lima"|S/ 648,000 · USD 190,588|648000|190588|||"363 m² tot.
7 dorm.
7 baños"|363|7|7||Contactarse claudia meiggs / Celular 9 9 4 6 5 7 5 1 8 venta de casa como terreno en cercado de lima A precio de remate. El área total es de 363. 66 M2 Y puedes adquirirlo A solo S/. 698, 100 (ni siquiera está A precio de terreno). Es una casa en quinta de 363 M2 que incluye 7 dormitorios, los cuales puedes alquilar Y vivir de tus rentas O usarlo todo como vivienda. Consta también de 4 baños, 1 cocina, sala comedor, 7 dormitorios, 1 depósito, patio y jardín. Excelente ubicación, de fácil acceso A avenidas principales como av. Sebastian lorente, A pocas cuadras de av. Miguel grau Y jr. Ancash. Además, está cerca del colegio maria auxiliadora Y colegio republica de guatemala, así como A 1 cuadra de marvisur. Es una excelente oportunidad de inversión! Si estás buscando una casa grande con varias habitaciones, con un jardin grande, este es tu lugar. Si además lo quieres para una oportunidad de negocio, quieres colocar una casa de reposo, tienes un negocio en el que necesitas amplio espacio O si también luego de adquirirlo te interesa la oportunidad de alquilarlo, este es el lugar ideal, ya que tiene 7 habitaciones, 7 baños Y cada habitación alrededor de 15 M2. Propiedad sin hipoteca agenda tu cita precio: S/. 698, 100 *El tipo de cambio es referencial y podría estar desactualizado. Contactarse claudia meiggs / Celular 9 9 4 6 5 7 5 1 8|https://www.adondevivir.com/propiedades/clasificado/veclcain-ocasion-vendo-casa-como-terreno-en-cercado-de-lima-147787512.html?n_src=Listado&n_pills=Jard%C3%ADn&n_pg=1&n_pos=11|2026-02-01
adondevivir|casas|venta|Lima Centro|Lima Cercado|"Av. Arica 2340
Chacra Rios, Lima Cercado"|S/ 3,688,960 · USD 1,048,000|3688960|1048000|||"621 m² tot.
6 dorm.
4 baños
6 estac."|621|6|4|6|Venta casa cercado de lima de 621. 60M2 $1, 048, 000 Av. Arica Ver datos at: 621. 60M2 ac: 527. 76M2 Persona de Contacto Rosa Esquerre 9. 8. 1. 2. 1. 0. 0. 2. 1. Zonificación Referencial: cz - Comercio Zonal. Según Plano de Zonificación del Instituto Metropolitano de Planificación. Amplia propiedad ubicada en plena Av. Arica, ideal para vivienda, negocio u oficinas gracias a su excelente distribución y al local comercial con ingreso independiente en la fachada. Inmueble de dos pisos ocupado como vivienda en su parte delantera y taller de un piso y azotea, en su parte posterior. Distribución: Edificación delantera • Primer piso: sala, comedor, medio baño, cocina con comedor de diario, terraza, patio y cochera. En la parte frontal se encuentra un local comercial con baño, ideal para negocio propio o renta. • Segundo piso: hall, tres dormitorios (dos contiguos), un baño completo, depósito y patio. • Azotea: cuarto y baño de servicio. Edificación posterior • Primer piso: recepción, oficina con baño, área de impresión, depósito, almacén, oficina adicional, baños y vestuario de personal. • Azotea: guardianía y depósito. Beneficios destacados: • Terreno amplio de 620 m². • Versatilidad para uso residencial, comercial o empresarial. • Ubicación estratégica en el Cercado de Lima, con alta conectividad. • Cochera para 6 autos • Estado del Inmueble: bueno documentacion en regla. Persona de Contacto: Rosa Esquerre 9. 8. 1. 2. 1. 0. 0. 2. 1.|https://www.adondevivir.com/propiedades/clasificado/veclcain-casa-terreno-en-venta-en-cercado-de-lima-621-m-sup2-.-148083676.html?n_src=Listado&n_pills=%C3%81rea+de+lavander%C3%ADa&n_pg=1&n_pos=12|2026-02-01
adondevivir|casas|venta|Lima Centro|Lima Cercado|"Sebastian Lorente Mz. C Lote 19 Cercado de Lima
Martinete, Lima Cercado"|S/ 332,500 · USD 95,000|332500|95000|||"99 m² tot.
3 dorm.
2 baños
1 estac."|99|3|2|1|Casa de venta de 99 m2 en el corazón de Cercado de LimaPrimer nivel: - Sala comedor con vista externa- Cocina cerrada- 01 medio bañoSegundo nivel: - 02 Dormitorios- 01 Baño completoTercer nivel: - 01 Dormitorio- LavanderíaAceptan mascotasParqueCerca de Estación Presbitero MaestroPrecio: us$ 95, 000Contáctame: Mayte Pinares9*5*8*1*4*8*5*9*9*|https://www.adondevivir.com/propiedades/clasificado/veclcain-casita-en-martinete-cercado-de-lima-147676489.html?n_src=Listado&n_pills=%C3%81rea+de+lavander%C3%ADa&n_pg=1&n_pos=13|2026-02-01
adondevivir|casas|venta|Lima Centro|Lima Cercado|"Jr. Junin Cercado de Lima
Lima Cercado, Lima"|S/ 560,300 · USD 129,000|560300|129000|||"130 m² tot.
3 dorm.
1 baño"|130|3|||Venta de casa en el cercado de lima? Casa ubicada en Jr. Junin, a una cuadra de la Estación del tren “Miguel Grau” a 5 minutos de Gamarra, cerca de la Avenida Grau y la Avenida Abancay Descripción: Zonificación: Comercio Zonal. Ideal para depósito de productos, mercaderías y vivienda. Detalle del inmueble: - Área de terreno: 130. 60m2. - Sala comedor amplia. - Cocina. - Lavandería. - 03 Dormitorios. -? 01 baño completo. -? Antigüedad: más de 30 años. Precio de venta: $ 129, 000. Informes y visitas al Martha Vigoria Ver datos|https://www.adondevivir.com/propiedades/clasificado/veclcain-venta-de-casa-a-pasos-de-estacion-grau-lima-145927706.html?n_src=Listado&n_pills=%C3%81rea+de+lavander%C3%ADa&n_pg=1&n_pos=14|2026-02-01
adondevivir|casas|venta|Lima Centro|Lima Cercado|"JR Dinamarca - A UN Paso DEL Colegio Santa Isabel DE Hungria Y Coliseo Amauta
San Rafael, Lima Cercado"|S/ 746,250 · USD 199,000|746250|199000|||"160 m² tot.
4 dorm.
2 baños
1 estac."|160|4|2|1|Vendo Linda Casa Independiente de 2 pisos y azotea frente al Parque MadridUrbanización San Rafael, muy cerca al Coliseo Amautaárea de terreno: 160. 00 m2, construido: 220 m21er piso: - Cochera para 1 auto- Hall de Ingreso- Sala- Comedor- Baño de visita- Oficina (con posibilidad de implementarlo como dormitorio) - Cocina- Lavandería- Patio interno2° piso: - 2 dormitorios con vista a parque- 2 dormitorios con vista y acceso a terraza interior- Baño secundario completo3° piso: - Depósito- Azotea- Tendalagenda una visita y haz posible esta oportunidad-dmayo Real Estate|https://www.adondevivir.com/propiedades/clasificado/veclcain-vendo-casa-independiente-de-2-pisos-y-azotea-frente-al-146687546.html?n_src=Listado&n_pills=%C3%81rea+de+lavander%C3%ADa&n_pg=1&n_pos=15|2026-02-01
adondevivir|casas|venta|Lima Centro|Lima Cercado|"jr Parque de la Reserva
Santa Beatriz, Lima Cercado"|S/ 998,000 · USD 299,000|998000|299000||40|"129 m² tot.
5 dorm.
4 baños"|129|5|4||"Venta de simpática Casa en La urbanización santa Beatriz. Frente al parque al Parque de la Reserva- Paseo mágico del agua. Ubicado en calle Parque de la reserva. La propiedad de ubica en un simpático Condominio de solo 10 casas con buena seguridad. Primer Nivel: - Área de terreno 128-90mt2 | área construida 230m2. - Amplia Sala/Comedor con salida a la terraza. - Terraza interna. - Cocina cerrada con muebles. - Baño de visita. - 2 Cuartos de estudio/trabajo. - área de lavandería. - 2 estacionamientos (interno y externo) Segundo Nivel: - 4 dormitorios con clóset. - 1 baño completo. - 3er nivel amplia Terraza con un baño y cuarto de servicio. Datos relevantes: - Conservación del inmueble: Buen estado. - Documentación en regla (sin hipoteca) Citas con un día de anticipación. Atención!.. Solo trato directo. Abstenerse Intermediarios"|https://www.adondevivir.com/propiedades/clasificado/veclcain-excelente-casa-con-seguridad-documentos-en-regla-148827617.html?n_src=Listado&n_pills=Guardian%C3%ADa%2FSeguridad+privada&n_pg=1&n_pos=16|2026-02-01
adondevivir|casas|venta|Lima Centro|Lima Cercado|"Jiron teniente Arancivia 299, Cercado de Lima
Lima Cercado, Lima"|S/ 780,000|780000||||"182 m² tot.
4 dorm.
5 baños
1 estac."|182|4|5|1|Precio de venta: S/ 780, 000. Área de terreno: 182. 04 m² Área construida: 392. 04 m² Zonificación: zte-3 (Zona de Tratamiento Especial) Propiedad ubicada en un entorno urbano-residencial tranquilo y bien conectado, ideal para vivienda familiar o proyecto inmobiliario. Cuenta con amplios ambientes y buena iluminación natural. Características: 4 dormitorios. 5 baños. Azotea. Estacionamiento. Excelente oportunidad para invertir en una zona con proyección y fácil acceso a vías principales. Inmueble adjudicado por entidad financiera, precio final sujeto a evaluación|https://www.adondevivir.com/propiedades/clasificado/veclcain--casa-amplia-excelente-ubicacion!-cerca-de-calle-147899849.html?n_src=Listado&n_pg=1&n_pos=17|2026-02-01
adondevivir|casas|venta|Lima Centro|Lima Cercado|"CALLE ELVIRA GARCIA Y GARCIA ESQUINA CON TENIENTE MOORE
Los Cipreses, Lima Cercado"|S/ 2,479,000 · USD 670,000|2479000|670000|||"588 m² tot.
10 dorm.
4 baños
5 estac."|588|10|4|5|Descubre esta amplia propiedad de 3 pisos en Urb. Los Cipreses, con 588 m² de terreno, diseñada para proyectos residenciales o comerciales de gran impacto. 10 dormitorios distribuidos en 3 niveles, ideales para adaptar según tus necesidades. 2 cocheras espaciosas, con capacidad para hasta 5 autos. Frente de 24. 50 ml, con lados de 24 ml, perfecto para maximizar el uso del terreno. Oportunidades de Inversión: ️ Residencia de ancianos o casa de reposo. ️ Anexo de clínicas u oficinas médicas. ️ Desarrollo inmobiliario en una ubicación estratégica. Ubicación Privilegiada: En el corazón del Cercado de Lima, cerca de hospitales, centros educativos y avenidas principales. ¡Todo lo que necesitas está a pocos minutos! Haz crecer tu inversión en un inmueble versátil y con un gran potencial de rentabilidad.|https://www.adondevivir.com/propiedades/clasificado/veclcain--inversion-estrategica-en-el-cercado-de-lima!-145564540.html?n_src=Listado&n_pills=Jard%C3%ADn&n_pg=1&n_pos=18|2026-02-01
adondevivir|casas|venta|Lima Centro|Lima Cercado|"Calle Luis Romero 1025
Lima Cercado, Lima"|S/ 2,033,000 · USD 549,000|2033000|549000|||"160 m² tot.
12 dorm.
8 baños"|160|12|8||Excelente oportunidad de inversión inmobiliaria en una zona de alta rotación y demanda permanente. Se vende edificio completo en bloque, ubicado en Jirón Luis Romero 1025, a la altura de Av. Colonial con Av. Universitaria, un punto estratégico con fuerte componente residencial, comercial y universitario. La propiedad está compuesta por 4 departamentos independientes más un dúplex en el último piso, todos debidamente independizados, lo que brinda flexibilidad total al inversionista: renta inmediata, reventa por unidades o valorización a mediano plazo. Características del inmueble: - Edificio completo en venta (venta en bloque) - 4 departamentos independientes. - 1 dúplex. - Unidades independizadas. - Ideal para renta multifamiliar. - Potencial de flujo mensual inmediato. - Excelente proyección de plusvalía. Ubicación estratégica de alta demanda. Ubicado en un entorno altamente dinámico, con cercanía directa a: - Av. Universitaria y Av. Colonial (conectividad total) - Universidades e institutos (alta demanda de alquiler continuo) - Comercios, mercados, bancos y servicios. - Transporte público, corredores y vías principales. - Zonas residenciales consolidadas y comercio activo. Esta ubicación asegura ocupabilidad constante durante todo el año, convirtiendo al inmueble en una inversión sólida, estable y rentable, ideal para perfiles conservadores o de crecimiento patrimonial. Ideal para: - Inversionistas que buscan ingresos desde el primer día. - Compra en bloque para renta tradicional. - Estrategias de diversificación inmobiliaria. - Empresas, desarrolladores o inversionistas patrimoniales. Venta en bloque – oportunidad única en una zona de alta demanda y fácil colocación. Contáctanos para recibir información financiera detallada y coordinar una visita|https://www.adondevivir.com/propiedades/clasificado/veclcain-inversion-inmobiliaria-en-bloque-edificio-completo-148653956.html?n_src=Listado&n_pills=%C3%81rea+de+lavander%C3%ADa&n_pg=1&n_pos=19|2026-02-01
adondevivir|casas|venta|Lima Centro|Lima Cercado|"Carlos Arrieta Santa Beatriz, Lima
Santa Beatriz, Lima Cercado"|S/ 1,406,000 · USD 380,000|1406000|380000|||"232 m² tot.
4 dorm.
3 baños"|232|4|3||Esta casa de 78 años, estratégicamente ubicada frente al Parque de las Aguas en una zona comercial en pleno crecimiento, ofrece 232 m² llenos de posibilidades. Cuenta con: 4 habitaciones3 bañosun área de servicio completaEs ideal para remodelar y convertirla en tu hogar soñado o desarrollar un proyecto de departamentos u oficinas.|https://www.adondevivir.com/propiedades/clasificado/veclcain-casa-en-venta-frente-al-parque-de-las-aguas-en-santa-144698184.html?n_src=Listado&n_pg=1&n_pos=20|2026-02-01
adondevivir|casas|venta|Lima Centro|Lima Cercado|"Jirón Angaraes
Lima Cercado, Lima"|S/ 267,241 · USD 79,300|267241|79300|||70 m² tot.|70||||¿Buscas una ubicación estratégica en el Cercado de Lima para tu proyecto comercial o residencial? Este terreno de 70. 40 m² (frente 4. 62 m x fondo 15. 24 m) está a 2 cuadras de la Av. Emancipación, Plaza Unión y a 2 cuadras de Av. Tacna — rodeado de colegios, centros de salud, el mercado La Aurora, Plaza Vea, Metro, Sodimac e instituciones financieras. La propiedad se vende como terreno por antigüedad, pero su fachada permanece (zona de entorno) y el interior puede demolerse para diseñar tu proyecto. Con zonificación zte 3 podrás destinarlo a vivienda, comercio o talleres artesanales. Es posible construir hasta 2 pisos. Documentación en regla: título inscrito en Registros Públicos, sin cargas ni gravámenes. Compra al contado o con financiamiento. BeneficiosListo para la entrega: inmueble desocupado, entrega inmediata para demoler y empezar tu proyecto. Documentación limpia: título inscrito en Registros Públicos, sin cargas ni gravámenes. Flexibilidad de compra: se puede adquirir al contado o con crédito. Ubicación estratégica: a 2 cuadras de Av. Tacna y Av. Emancipación. Uso múltiple: zonificación zte 3 (vivienda, comercio, talleres artesanales). VentajasFachada preservada: valor patrimonial y estética de la calle, diferencial en la zona. Tamaño operativo: 70. 40 m² (4. 62 x 15. 24), ideal para local comercial + vivienda o taller con renta. Posibilidad constructiva: permite construir hasta 2 pisos; perfecto para proyecto pequeño con retorno rápido. Cercanía a servicios: colegios, centros de salud, Mercado La Aurora, Plaza Vea, Metro y Sodimac a minutos. Agilidad en la compra: al estar desocupado y con papeles en regla, el proceso de entrega y habilitación es más ágil. ¿Listo para convertir esta ubicación en tu próximo negocio, taller o vivienda con renta segura? Contáctanos y te agendamos visita. Las imágenes y/o información de este inmueble son de carácter referencial. R. uc.: Razón social: Inversiones Delia S. A. C.|https://www.adondevivir.com/propiedades/clasificado/veclcain-casa-terreno-70-m-sup2--cercado-de-lima-para-148154350.html?n_src=Listado&n_pg=1&n_pos=21|2026-02-01
adondevivir|casas|venta|Lima Centro|Lima Cercado|"A.h Jardin Rosa de Santa Maria
Lima Cercado, Lima"|S/ 220,150 · USD 59,500|220150|59500|||"56 m² tot.
4 dorm.
1 baño"|56|4|||Oportunidad única en Lima! ¿Buscas un nuevo hogar en una zona urbana con espacio de sobra para tu familia? ¡Tenemos la propiedad perfecta para ti! Ubicada en A. H. Jardín Rosa de Santa Maria, esta casa de 3 pisos ofrece un ambiente cómodo y espacioso en la vibrante ciudad de Lima. Características: -Área de Terreno: 56. 00 m2-Área Construida: 126. 00 m2-Habitaciones: 4- Baño: 1 completo, 1 baño de visita- Estacionamientos: No disponibleCon una estructura sólida y 31 años de antigüedad, esta propiedad ha sido bien mantenida y está lista para convertirse en tu nuevo hogar. ¡No pierdas esta oportunidad de vivir en una casa con todas las comodidades necesarias y espacio para toda la familia! Muy cerca a avenidas principales como Amazonas, Ancash y Evitamiento, además del hospital Mogrovejo, mercado Mercedarias y paradero Prebístero Maestro, Contáctanos para más información y organizar una visita. ¡Tu futuro hogar te espera! T. C. 3. 50Tipo de cambio referencial, sujeto a variación diaria por fluctuación del mercado|https://www.adondevivir.com/propiedades/clasificado/veclcain--tu-nuevo-hogar-te-espera!-147393946.html?n_src=Listado&n_pills=%C3%81rea+de+lavander%C3%ADa&n_pg=1&n_pos=22|2026-02-01
adondevivir|casas|venta|Lima Centro|Lima Cercado|"Jirón Junín al 1700
Lima Cercado, Lima"|S/ 640,000 · USD 155,000|640000|155000|||"148 m² tot.
3 dorm.
1 baño"|148|3|||. ¡ocasión! Vendo casa como terreno en zona estratégica de Cercado de Lima, cerca al cruce de la Av. Miguel Grau y el Jirón Junín: - Al lado de la estación Miguel Grau del tren eléctrico Linea 1. - Al costado del Cuartel Barbones. - A escasos metros de la Av. Nicolas Ayllón. - A 10 minutos del Mercado Central- A 10 minutos del Emporio Gamarra. • Papeles en Regla y listos para la venta•. Parámetros altura 11. 5m (3 pisos y azotea) •. Área: 149. 35m2Precio negociable: $155. 000Mayor información o visitas al 9*3*7*3*4*1*1*0*1Cristhian Reginaldo|https://www.adondevivir.com/propiedades/clasificado/veclcain-ocasion-vendo-casa-a-precio-de-terreno-en-centro-de-146492817.html?n_src=Listado&n_pg=1&n_pos=23|2026-02-01
adondevivir|casas|venta|Lima Centro|Lima Cercado|"Jirón Condesuyos 499, Lima 15079, Perú
Lima Cercado, Lima"|S/ 820,750 · USD 245,000|820750|245000|||"180 m² tot.
4 dorm.
3 baños
1 estac."|180|4|3|1|¡Oportunidad de inversión en Lima Centro! A pasos del cruce de Enrique Meiggs con Ramón Cárcamo – excelente ubicación estratégica Área de terreno: 97 m² Área construida: 180 m² Antigüedad: 38 años 2 pisos construidos 1 cochera Ideal para: Vivienda familiar Proyecto comercial Alquiler por niveles Zona céntrica con gran conectividadCerca de: mercados, bancos, colegios, transporte público y más ¡Precio competitivo por m² construido en zona con alta demanda! Contáctame hoy mismo y agenda tu visita¡Haz crecer tu inversión en el corazón de Lima! R. U. C Ver datos|https://www.adondevivir.com/propiedades/clasificado/veclcain-se-vende-casa-de-2-pisos-en-centro-de-lima-cruce-e.-148560705.html?n_src=Listado&n_pg=1&n_pos=24|2026-02-01
adondevivir|casas|venta|Lima Centro|Lima Cercado|"Reynaldo Saavedra Pinon - Cercado de Lima
Elio, Lima Cercado"|S/ 1,600,000 · USD 440,000|1600000|440000|||"856 m² tot.
35 dorm.
36 baños
3 estac."|856|35|36|3|? Hospedaje de 6 Pisos en Zona Comercial Estratégica de LimaOportunidad única para inversionistas: edificio de 6 niveles más azotea, con 35 habitaciones, cada una con baño privado, y cochera incluida. Características Destacadas: -35 habitaciones con baño privado, distribuidas en 6 pisos más azotea. -Cochera disponible para huéspedes. -Diseño moderno y funcional, optimizando espacio y privacidad. -Estructura sólida; no cuenta con ascensor. Ubicación Privilegiada: -A solo 2 minutos de las avenidas Venezuela y Colonial. -Próxima inauguración de la Línea 2 del Metro de Lima a 1 minuto. -Cercano a universidades upn (Av. Tingo María) y San Marcos (Av. Universitaria). -Rodeado de zonas comerciales de tapicerías, con alta demanda de hospedaje por horas. -A pocas cuadras de mercados, ministerios, canchas deportivas y colegios. Potencial de Inversión: -Ideal para transformar en un centro de hospedaje exitoso, gracias a su ubicación estratégica y diseño adaptable. Contáctanos: -No dejes pasar esta oportunidad. Agenda tu visita con proyectum perú y descubre el potencial de esta propiedad. jc 24/07/24Proyectum|https://www.adondevivir.com/propiedades/clasificado/veclcain-hotel-en-venta-cercado-de-lima-144378180.html?n_src=Listado&n_pills=Jard%C3%ADn&n_pg=1&n_pos=25|2026-02-01
adondevivir|casas|venta|Lima Centro|Lima Cercado|"Dávalos Lisson al 200
Lima Cercado, Lima"|S/ 505,000 · USD 150,000|505000|150000|||"155 m² tot.
4 dorm.
2 baños"|155|4|2||Se vende casa 2da. Planta (con puerta A la calle) - cercado de lima* Area: 155. 52 mts. + Aires libres* 11 ambientesDistribuidos de la siguiente manera: * 4 habitaciones* 1 Sala* 1 comedor* 2 halls* 2 baños* 1 cocina ampliaAires LibresSe encuentra a 3 cuadras de Real Plaza Centro Cívico, a 2 cdras del Hospital Loayza, a 3 cuadras de Plaza Vea y Metro. 1 cdra de Reniec, 2 cdra. Sunat, Estación Metropolitano Alfonso Ugarte, Diario El Peruano. 2 cdras del Nuevo Rústica en Av. Wilson, a 3 cdras del Queirolo y Plaza San Martín. Zona altamente comercial. Precio a tratar ¡Interésate en conocerlo y descubre las posibilidades de este espacio para convertirlo en tu próximo hogar o inversión. Consultar con el Agente Inmobiliario encargado para mayor información Ver datos.|https://www.adondevivir.com/propiedades/clasificado/veclcain-se-vende-casa-2da-planta-puerta-calle-lima-cercado-148278027.html?n_src=Listado&n_pills=%C3%81rea+de+lavander%C3%ADa&n_pg=1&n_pos=26|2026-02-01
adondevivir|casas|venta|Lima Centro|Lima Cercado|"Av. Alejandro Bertello
Lima Cercado, Lima"|S/ 1,327,150 · USD 380,000|1327150|380000|||"387 m² tot.
12 dorm.
8 baños
1 estac."|387|12|8|1|Venta de propiedad en cercado de lima – inversión con alta rentabilidad Y ubicación estratégica- Dirección: Av. Alejandro Bertello – Cercado de Lima (límite con Breña) características principales- Área total de terreno (at): 150 m²- Área construida (ac): 387 m² aprox. - Total de unidades inmobiliarias: 4 departamentos independizados- Estado actual: 100% alquilado- Ingreso mensual por alquiler: S/ 7, 400- Documentación en regla (partidas registrales independientes) distribución por pisoprimer Piso – Departamento Independiente- Área: 135 m² (incluye cochera techada) - Sala comedor- Cocina tipo kitchenette- 4 dormitorios- 2 baños completos- Patio interior y lavandería- Cochera techada con carpot independiente- Medidores de luz, agua y gas natural- Partida registral independienteSegundo Piso – Departamento Independiente- Área: 108 m²- Sala comedor amplia- Cocina convencional amoblada- 3 dormitorios- 2 baños completos- Patio lavanderíaTercer Piso – Departamento Flat- Área: 72 m²- Sala comedor- Cocina tipo kitchenette- 2 dormitorios- 2 baños- Patio lavandería- Terraza externa al ingresoCuarto Piso – Departamento Dúplex- Área: 82 m²- Sala recibidor- Cocina tipo kitchenette- 3 dormitorios- 2 baños- Patio lavanderíabeneficios para el inversionista- Propiedad generando ingresos desde el primer día- Departamentos con alta demanda de alquiler por ubicación estratégica- Infraestructura moderna: conexiones de gas natural, medidores independientes, tanque elevado- 2 cocheras techadas con carpot independiente- Distribución funcional ideal para rentas múltiples o uso familiar y alquiler parcialubicación privilegiada- A pasos de avenidas principales: Av. La Alborada, Av. Mariano Cornejo, Av. Simón Bolívar, Av. Venezuela- Zona consolidada y con alta demanda de alquiler- Cerca del Parque de la Bandera, mercados, colegios, minimarkets, centros de salud y bancos- Accesibilidad rápida a transporte público y principales víasoportunidad de inversión en zona urbana consolidada- Invertir en esta propiedad significa adquirir un activo sólido, con documentación lista, rentabilidad inmediata y proyección de valorización constante en una de las zonas con mayor dinamismo inmobiliario de Lima. R. U. C Ver datos|https://www.adondevivir.com/propiedades/clasificado/veclcain-venta-de-casa-de-4-pisos-cerca-a-avs-principales-en-147990257.html?n_src=Listado&n_pills=%C3%81rea+de+lavander%C3%ADa&n_pg=1&n_pos=27|2026-02-01
adondevivir|casas|venta|Lima Centro|Lima Cercado|"Av. España
Lima Cercado, Lima"|S/ 6,384,000 · USD 1,900,000|6384000|1900000|||1000 m² tot.|1000||||Venta de casona con valor monumental en plena av. España – centro histórico de lima¿Buscas un inmueble con historia, excelente ubicación y un gran potencial comercial? Esta casona es ideal para desarrollar tu proyecto soñado. Ubicación estratégica: En la intersección de Av. España, zona de alta afluencia peatonal y vehicular, perfecta para negocios como: Galerías comercialesRestaurantes o cafésClínicas y centros de saludHoteles boutiqueAcademias u oficinasA solo una cuadra de la estación España del Metropolitano, cerca de bancos, el Mall Real Plaza, Centro Cívico y más.? Características del inmueble: Área de terreno: 587. 50 m²Doble frente: 23. 50 ml por Av. España y 25. 00 ml por Jr. WashingtonVereda ancha de 5. 00 mlConstruida en 1945, con valor histórico: residencia del Dr. David García Yrigoyen, abogado y político peruano. Zonificación zte2 – Zona de Tratamiento EspecialEstado general: Regular (según tasación) Valor monumental: No se puede modificar la fachada, pero sí el interior, ideal para renovación con identidad. Cuenta con 2 plantas, ambientes amplios, pisos de cerámica, puertas y ventanas de madera. Servicios básicos: agua potable, desagüe y electrificación. Documentación en regla. Un inmueble único, en el corazón del Centro Histórico de Lima, que ofrece visibilidad, prestigio y un sinfín de posibilidades comerciales o institucionales. Contáctanos hoy mismo y descubre el potencial de esta joya arquitectónica. R. U. C Ver datos|https://www.adondevivir.com/propiedades/clasificado/veclcain-venta-de-casona-republicana-580-m-sup2-147076933.html?n_src=Listado&n_pg=1&n_pos=28|2026-02-01
adondevivir|casas|venta|Lima Centro|Lima Cercado|"Jr. Sta. Rosa 1349 al 1300
Lima Cercado, Lima"|S/ 737,000 · USD 220,000|737000|220000|||"125 m² tot.
3 dorm.
2 baños"|125|3|2||Contacto: doris guevaracel: 9*6*6*6*5*6*5*9*9¡Oportunidad Única de Venta en el Cercado de Lima! Esta es la oportunidad para inversionistas y personas que requieran contar con una propiedad para: almacén, depósito y vivienda u otros rubros en el cercado de Lima, muy cerca al Hospital Dos de Mayo, Maternidad de Lima, 5 esquinas, Mercado Central, Paruro, ie Misericordia, inicial, cuna jardín, cc uno y Maestro, a pocas cuadras del Congreso de la Nación, así como a la Estación Grau del Tren, al Emporio Comercial de Gamarra en la Victoria. Con salidas muy rápidas al Puente Huanuco, y la Av Grau, el Agustino. obtén y cuenta con tu propiedad soñado con amplios espacios y cómodos acorde al giro de negocios o al rubro que te dedicas. Al frente de la propiedad podemos encontrar una construcción de 6 pisos así como a la Redonda gran cantidad de depósitos de productos de importación. No está considerando dentro del Centro Histórico, se puede realizar construcciones y/o remodelaciones. Área de terreno: 125. 00. m2, De frente: 4. 80mlCon altillo de 50. 00m2A espalda del Hospital Dos de Mayo, muy cerca de Mesa Redonda, Mercado central, Emporio Comercial de Gamarra. Altura de la Estación Grau del tren, diprove de Barrios Altos, comisaría de Alipio Ponce. ¡¡Agenda tu pronta visita ya!! contacto: doris guevaracel: 9*6*6*6*5*6*5*9*9id: 1*1*6*2*0*9*9|https://www.adondevivir.com/propiedades/clasificado/veclcain-venta-de-casa-en-miroquezada-cercado-lima-148137736.html?n_src=Listado&n_pills=Jard%C3%ADn&n_pg=1&n_pos=29|2026-02-01
adondevivir|casas|venta|Lima Centro|Lima Cercado|"Cerca A JR Ayacucho
Centro De Lima, Lima Cercado"|S/ 23,936,000 · USD 6,800,000|23936000|6800000|||"650 m² tot.
6 baños"|650||6||? Ideal para tener tu mercaderia al alcance de tu mano? Excelente inversión para tu empresa. Local y/o depósitoUbicación. - estratégica y privilegiada, a pasos del Mercado Central y cerca de la Plaza de Armas, dentro de la zona comercial con mayor movimiento económico. Documentación completa. Independizados e inscritos en sunarp. 10 depositos en cada pisoEdificio de 4 pisos, con ascensor de carga hasta el 4to pisoServicios completos de agua, desagüe y luz. Precio ligeramente negociable. Área Total: 650 m2 6 Locales externos con vista a la calleR. U. C Ver datos|https://www.adondevivir.com/propiedades/clasificado/veclcain-edificio-comercial-en-venta-en-el-centro-de-lima-143729218.html?n_src=Listado&n_pg=1&n_pos=30|2026-02-01
adondevivir|casas|venta|Lima Centro|Lima Cercado|"Av. Alejandro Bertello
Lima Cercado, Lima"|S/ 1,183,000 · USD 350,000|1183000|350000|||"214 m² tot.
3 dorm.
1 baño"|214|3|||Ubicada cerca a las avenidas principales como Avenida Alborada, Universitaria, Mariano Cornejo y Bolívar. Estratégicamente ubicada con conexión a los distritos de Pueblo Libre, Lima, San Miguel y Callao. Área de terreno: 214. 50 m2Área construida: 139 m2Frente: 10 m. Fondo: 21. 50 mAntigüedad: 49 añosLa casa tiene 2 plantasEn la primera planta: Amplia estacionamiento para 3 autos sin techar, sala, comedor, baño de visita, cocina, patio, terraza, lavandería. En la segunda planta: 3 habitaciones con vista a calle y que comparten 1 baño completo. Precio: 350, 000 usddocumentos en regla, sin carga ni gravámenes. Las imágenes y/o información de este inmueble son de carácter referencial. R. uc.: Razón social: Inversiones Delia S. A. C.|https://www.adondevivir.com/propiedades/clasificado/veclcain-vendo-casa-como-terreno-en-av-alejandro-bertello-148293120.html?n_src=Listado&n_pills=%C3%81rea+de+lavander%C3%ADa&n_pg=2&n_pos=1|2026-02-01
adondevivir|casas|venta|Lima Centro|Lima Cercado|"Dirección no informada
Lima Cercado, Lima"|S/ 380,000 · USD 100,000|380000|100000|||"100 m² tot.
2 baños
1 estac."|100||2|1|…¿ por que rematar su propiedad? ¡su casa es un tesoro! Experiencia de profesionales especialistas A tu servicio, salvamos tu propiedad! Te brindamos ayuda financiera al instante! Hasta $1´000, 000. 00 saneamos documentación herencias (declaratorias de herederos) independizaciones, hipotecas, juicios, precarios, poseciones, aires, acciones Y derechos,. Brindamos asesoria integral en bienes raices: compra – venta – alquiler. edificios, casas, departamentos, terrenos, locales comerciales E industriales. Tazamos tu propiedad al mejor precio de mercado. Nuestra labor es lograr clientes complacidos Y satisfechos. Nuestros objetivos son materializar tus espectativas Y tus sueños. Agregamos valor A los negocios de nuestros clientes Y contribuimos A tomar decisiones correctas en inversiones inmobiliarias, con confidencialidad Y etica, teniendo en cuenta la calidad humana de la persona. Consultas gratuitas|https://www.adondevivir.com/propiedades/clasificado/veclcain-hermosa-casa-remato-$100-000!-145250484.html?n_src=Listado&n_pg=2&n_pos=2|2026-02-01
adondevivir|casas|venta|Lima Centro|Lima Cercado|"Calle Arturo Castillo
Lima Cercado, Lima"|S/ 1,088,000 · USD 320,000|1088000|320000|||"160 m² tot.
6 dorm.
3 baños
2 estac."|160|6|3|2|Amplia casa de 3 niveles con departamento en el tercer nivel, con ingreso independiente. La casa cuenta con un total de 6 dormitorios, 2 baños completos, medio baño de visita, patio y mas. Los espacios son amplios e iluminados gracias a su optima distribución: Piso 1: Sala con ventanales vista a la calle, amplio comedor con espacio para mesa de 8 sillas, 1 estar que colinda con el patio a través de mamparas de piso a techo, cocina cerrada con muebles altos y bajos y un comedor de diario, lavandería independiente, 1/2 baño de visita, un patio con zona bbq y cochera para dos autos. Piso 2: 3 amplios dormitorios con closet empotrados, 1 baño completo compartido. Piso 3: Departamento de 3 dormitorios, 1 baño completo, sala comedor vista a la calle, cocina kitchenette con tablero de granito, reposteros altos y bajos, lavandería. Además cuenta con 2 puntos de gas natural. #Ubicado en la calle Arturo Castillo de la Urb. Roma en el distrito de Cercado de Lima. La Urb. Es cerrada con garita de control y vigilancia 24/7, también cuenta con cámaras de seguridad y un vigilante por cada cuadra. Áreas comunes: Parque, cancha de futbol, salón comunal. #Área de terreno: 160 m2. #Área construida: 305. 65 m2#40 años de antigüedad. #Precio: usd$ 300, 000. 00#Se paga Alcabala#Informes: Angie Wong: 9*5*6*2*9*2*7*4*4Julia Balarezo: 9*6*0*7*4*6*1*3*9*Si quieres conocer otras propiedades en Lima, comprar o vender, ponte en contacto con nosotros. #Tipo de cambio referencial.|https://www.adondevivir.com/propiedades/clasificado/veclcain-casa-en-venta-de-6-dorm.-con-departamento-en-tercer-147274506.html?n_src=Listado&n_pills=Seguridad&n_pg=2&n_pos=3|2026-02-01
adondevivir|casas|venta|Lima Centro|Lima Cercado|"Jirón Carcamo 785
Lima Cercado, Lima"|S/ 306,000 · USD 90,000|306000|90000||160|"71 m² tot.
3 dorm.
2 baños"|71|3|2||¡Vive en el corazón de la ciudad! Presentamos este increíble departamento en venta en Residencial Parque Central, un condominio seguro y céntrico. - 3 habitaciones - 2 baños completos- Sala comedor con balcón- Cocina completa- Ubicado en el 5to piso con elevadores- Área 71m²Disfruta de las áreas comunes: - Piscina- Cancha de fútbol- Gimnasio- Sala de reunionesCerca de avenidas principales, transporte, comercios y servicios. ¡No te pierdas esta oportunidad! Precio: $90, 000Agenda tu visita hoy mismo y descubre el potencial de esta propiedad. ¡No te la pierdas! 121% comprometidos en brindarte un servicio de excelencia.|https://www.adondevivir.com/propiedades/clasificado/veclcain-cercado-departamento-en-venta-148827348.html?n_src=Listado&n_pills=Piscina&n_pg=2&n_pos=4|2026-02-01
adondevivir|casas|venta|Lima Centro|Lima Cercado|"Jr. Cailloma 253
Lima Cercado, Lima"|S/ 1,742,000 · USD 520,000|1742000|520000|||"800 m² tot.
30 dorm.
19 baños"|800|30|19||Vive la historia o invierte en un ícono arquitectónico de la ciudad colonial, está hermosa casona se ubica a poco metros del Teatro Municipal, en una zonas mas emblemáticas del centro historico de Lima, rodeado de museos, iglesias, galerias y calles llenas de historia. Cuenta con 460m2 de área terreno regular, el primer piso cuenta con tres ambientes independientes tipo tienas con puerta a la calle, lobby y hall de ingreso que lleva a 15 habitaciones con baño incorporado usado como hotel, el segundo nivel tiene una recepción, oficina administrativa y 15 habitaciones (4 de ellas con baño incluido) 2 baños comunes, área de cocina, balcones internos y co vista a la calle. Usos permisibles Y compatibles: según certificado de parámetros: Gubernamnetal, Administrativo, Financiero, Cultural, Turístico, Comercial y vivienda. Esta casona conserva en encanto original de la época virreinal, sus amplios espacios y dettales arquitectónicos hacen de está propiedad una joya única para proyectos culturales, turísticos y residenciales. Está propiedad representa una oportunidad única para quienes valoran el patrimonio cutural e historico y buscan invertir en la zona mas turística y emblematica de Lima. Contactanos al Ver datos|https://www.adondevivir.com/propiedades/clasificado/veclcain-casona-colonial-corazon-del-centro-historico-de-lima-147968078.html?n_src=Listado&n_pills=Cuartos+de+servicio&n_pg=2&n_pos=5|2026-02-01
adondevivir|casas|venta|Lima Centro|Lima Cercado|"Carabaya 600
Centro De Lima, Lima Cercado"|S/ 4,718,000 · USD 1,400,000|4718000|1400000|||"809 m² tot.
4 baños"|809||4||"Terreno patrimonial – Centro Histórico de LimaJr. Carabaya | 809 m² | ztepredio ubicado en Jr. Carabaya, colindante con la Beneficencia de Lima, dentro del Centro Histórico. Área de terreno: 809 m²Zonificación: zte – Zona de Tratamiento EspecialCondición patrimonial: Fachada protegida (unesco) Interior: Edificación existente demolibleAltura / proyecto: Sujeto a aprobación del Ministerio de Cultura y MunicipalidadSituación actual: 2 locales independientes (uno ocupado por precarios) Activo ideal para proyecto institucional, hotel boutique, cultural, educativo u oficinas, en una de las ubicaciones más representativas del Centro Histórico. Precio: usd 1’400, 000Venta como terreno. Documentación en orden."|https://www.adondevivir.com/propiedades/clasificado/veclcain-casa-centro-de-lima-148463738.html?n_src=Listado&n_pg=2&n_pos=6|2026-02-01
adondevivir|casas|venta|Lima Centro|Lima Cercado|"Av. Aurelio García y García N°1262. Distrito de Cercado.
Lima Cercado, Lima"|S/ 1,292,000 · USD 380,000|1292000|380000|||334 m² tot.|334||||Amplia casa de 3 pisos con 338 m² en Cercado de Lima, ubicada frente al Parque La Luna y cercana al Parque Arias Schreiber. Con una distribución funcional y cómoda, esta propiedad es ideal para familias que buscan un hogar espacioso y bien ubicado. Condición: sin posesión. T. C. Referencial: S/. 3, 60|https://www.adondevivir.com/propiedades/clasificado/veclcain-casa-de-3-pisos-en-cercado-de-lima:-338-m-sup2--frente-144681365.html?n_src=Listado&n_pills=Cerca+a+colegios&n_pg=2&n_pos=7|2026-02-01
adondevivir|casas|venta|Lima Centro|Lima Cercado|"Av. Venezuela 2881
Lima Cercado, Lima"|S/ 490,000 · USD 140,000|490000|140000|||"50 m² tot.
5 dorm.
3 baños"|50|5|3||"Vendo inmueble multiuso en av. Venezuela – ubicación estratégicaplena Av. Venezuela | Zona de alto tránsito y gran proyecciónCerca a la unmsm (San Marcos) Frente a MolitaliaPróximo paradero del Tren EléctricoRodeado de comercios importantes por ser avenida principal¡Excelente oportunidad para inversión o negocio! Este inmueble es ideal para quienes buscan una propiedad con local comercial + vivienda, en una de las avenidas más transitadas y comerciales de Lima, con alta visibilidad y demanda constante. Área total: 50 m²Distribución en 3 pisos – funcional, versátil y lista para usarDistribución: Primer piso: Local comercial (ideal para tienda, oficina o negocio) - Baño - Cocina - DepósitoSegundo piso: 2 habitaciones - Sala - BañoTercer piso: 2 habitaciones - Depósito - LavanderíaBeneficios clave: Servicios de agua y luz como vivienda (menor costo mensual) Doble acceso: puerta delantera y traseraInmueble en perfecto estadoDueño únicoPapeles en regla y listo para venderUbicación con alta proyección de valorización por el tren eléctricoContáctame para más información y agenda tu visita. Propiedades en Av. Venezuela con estas características y proyección ¡no duran mucho! T. C. 3. 50Tipo de cambio referencial, sujeto a variación diaria por fluctuación del mercado"|https://www.adondevivir.com/propiedades/clasificado/veclcain-vendo-casa-mas-local-en-primer-piso-en-av-venezuela-148623783.html?n_src=Listado&n_pills=%C3%81rea+de+lavander%C3%ADa&n_pg=2&n_pos=8|2026-02-01
adondevivir|casas|venta|Lima Centro|Lima Cercado|"SAAVEDRA PIÑON 2500
Mirones, Lima Cercado"|S/ 437,500 · USD 125,000|437500|125000|||"91 m² tot.
3 dorm.
1 baño"|91|3|||Oportunidad única. Casa en venta en Urb. Mirones – Precio rebajado. Si buscas un hogar espacioso, bien ubicado y con potencial de expansión, esta es tu mejor opción. Amplio chalet de 2 pisos más azotea en Unidad Vecinal Mirones, 2da Etapa, en el Cercado de Lima. Ubicación estratégica: A pocos minutos de la pucp, unmsm y principales avenidas como Venezuela y Colonial. Además, rodeado de parques, tiendas, farmacias, bancos e institutos. Todo lo que necesitas al alcance de tu hogar. Características principales: Área de terreno: 91. 95 m² Área construida: 146. 54 m² Distribución: Primer piso: Patio con jardín. Sala amplia e iluminada. Comedor independiente. Cocina cerrada con doble acceso. Lavandería. Medio baño de visitas. Patio posterior cerrado y compartido. Segundo piso: 3 habitaciones (principal con balcón y vista al jardín) Habitaciones secundarias amplias y luminosas. Escalera con acceso a la azotea. Azotea: Potencial para construir hasta 2 pisos más o convertir en una terraza increíble. Al estar en Pasaje no cuenta con cochera propia pero hay una cochera exclusiva para propietarios de la urbanización Mirones a cuadra y media de la casa, igualmente hay otra cochera a una paralela. Ambas con un costo de 100 soles y seguridad 24 x 7. Documentación en regla – sin hipotecas ni gravámenes|https://www.adondevivir.com/propiedades/clasificado/veclcain-venta-casa-de-2-pisos-aires-en-urb.-mirones-precio-146228165.html?n_src=Listado&n_pills=Seguridad&n_pg=2&n_pos=9|2026-02-01
adondevivir|casas|venta|Lima Centro|Lima Cercado|"Jr. Ezequiel Ossio Peñaranda 1736-1740
Los Cipreses, Lima Cercado"|S/ 612,000 · USD 180,000|612000|180000|||"277 m² tot.
4 dorm.
2 baños
1 estac."|277|4|2|1|Amplio departamento todo el primer piso, 277 m2, ideal familias grandes, con 3 habitaciones uno con baño incorporado, gran sala comedor, jardín intermedio, cocina con espacio para comedor de diario, 3 baños, y un patio amplio de 40 m2, adjunto un Minidepartamento independiente de 1 habitación sala - comedor, 2 baños, cocina, lavandería, estacionamiento. Excelente ubicación altura de 33 de Av Venezuela, 2 de Universitaria, 2 de Univ. San Marcos|https://www.adondevivir.com/propiedades/clasificado/veclcain-venta-de-departamento-primer-piso-148413976.html?n_src=Listado&n_pills=Cerca+a+colegios&n_pg=2&n_pos=10|2026-02-01
adondevivir|casas|venta|Lima Centro|Lima Cercado|"Calle Hernán Velarde Cdra 6
Lima Cercado, Lima"|S/ 1,690,000 · USD 500,000|1690000|500000|||"425 m² tot.
3 dorm.
2 baños
4 estac."|425|3|2|4|Linda casa de 3 pisos para renovar al gusto, ubicada en una calle cerrada con un parquecito interno en una zona netamente residencial libre de edificios. La casa incluye: 1er piso: Consta de estacionamiento, jardín delantero, ingreso recibidor a sala, pasadizo, escalera interna al segundo piso, cuarto (oficina), baño de visita, cocina, lavandería y patios posterior. 2do piso: Escalera a pasadizo, 4 dormitorios, 2 baños y escalera de acceso al tercer piso. 3er piso: Escalera a la azotea, tendal y 2 ambientes para deposito. Zonificación rdb El terreno tiene 271. 14m2 con las siguientes medidas: Frente a calle: 10. 50mLado Derecho: 23. 45mLado Izquierdo: 26. 30mFondo: - Ver datos - Ver datos|https://www.adondevivir.com/propiedades/clasificado/veclcain-linda-casa-de-3-pisos-en-calle-cerrada-148772149.html?n_src=Listado&n_pills=%C3%81rea+de+lavander%C3%ADa&n_pg=2&n_pos=11|2026-02-01
adondevivir|casas|venta|Lima Centro|Lima Cercado|"Jirón Felipe Yofre 2600
Lima Cercado, Lima"|S/ 901,800 · USD 270,000|901800|270000|||"215 m² tot.
7 dorm.
4 baños
1 estac."|215|7|4|1|? Casa amplia en Lima — Oportunidad para familia o inversión? Dirección: Jirón Felipe Yofre 2665 - 2667, Urbanizacion Elio - LimaCaracterísticas principales: -? Pisos: 2 + Azotea con lavanderia, cuarto y baño de servicio, deposito-? Área de terreno: 164. 00 m²-? Área construida: 215. 00 m²-? Habitaciones: 7-? Baños: 4-? Estacionamientos: 1-? Antigüedad: Primer piso con 59 años, segundo piso y azotea con 35 añosDescripción: Excelente ubicacion, cerca a las Universidades Catolica y San Marcos y Avenida Venezuela. Facil acceso a distritos como Puebloi Libre, San Miguel, Breña y Jesus Maria. Espacio sólido y funcional con gran potencial de remodelación. Esta propiedad de dos niveles y azotea ofrece ambientes amplios que permiten redistribuir o modernizar según tus necesidades: ideal para una familia numerosa, para generar renta por habitaciones o convertir parte en uso comercial/mixto. La construcción existente maximiza la superficie del terreno, brindando posibilidades para ampliar, diseñar áreas comunes más modernas o mantener una distribución clásica con carácter. Ventajas: - Distribución generosa: múltiples dormitorios y baños que facilitan convivencia o explotación rentable. - Potencial para proyecto de actualización: excelente lienzo para invertir y revalorizar. - Ubicación identificable en Lima, con acceso a servicios y tránsito según la zona. ¿Buscas un inmueble con espacio y posibilidades de revalorización? Esta casa es una base sólida para tu proyecto residencial o de inversión. Solicita más información con tu asesor de confianza y programa una visita.|https://www.adondevivir.com/propiedades/clasificado/veclcain-venta-de-amplia-casa-en-la-urb.-elio-cercado-de-lima-148818270.html?n_src=Listado&n_pills=%C3%81rea+de+lavander%C3%ADa&n_pg=2&n_pos=12|2026-02-01
adondevivir|casas|venta|Lima Centro|Lima Cercado|"Petit Thouars
Lima Cercado, Lima"|S/ 2,211,000 · USD 660,000|2211000|660000|||"550 m² tot.
5 dorm.
3 baños
2 estac."|550|5|3|2|Excelente Casa en Zona Comercial, zonificación cm, súper ubicada en avenida de alto tránsito, Sala Comedor, cocina cerrada, 4 dormitorios, 2baños completo, patio, jardín 440m2, Frente 11, techos altos y ambientes amplios subdividibles. 2 Estacionamientos. El uso permite, notarias, gimnasios, universidades, restaurantes, centros médicos, discotecas, bares, restaurantes, entre otros. Precio de oportunidad. Info al Ver datos|https://www.adondevivir.com/propiedades/clasificado/veclcain-excelente-casa-zona-comercial-cm-restaurantes-148336755.html?n_src=Listado&n_pills=Gimnasio&n_pg=2&n_pos=13|2026-02-01
adondevivir|casas|venta|Lima Centro|Lima Cercado|"JIRON PARURO
Lima Cercado, Lima"|S/ 435,000 · USD 130,000|435000|130000|||47 m² tot.|47||||Vendo casa comercial en jr. Paruro, cuadra 1, lima. A media cuadra de jr. Amazonas. at: 49M2. linderos: 4. 75ml de frente; 10. 25ml por la derecha; 10. 50ml por la izquierda; 4. 25ml por el fondo. excelente ubicación A dos cuadras de abancay Y A una cuadra de jirón ancash. cerca del barrio chino. parámetros hasta 4 pisos. precio: $130, 000 (dolares) el precio en soles es referencial. contactanos al 9. 8. 1. 2. 4. 4. 6. 7. 7|https://www.adondevivir.com/propiedades/clasificado/veclcain-vendo-casa-comercial-de-49-m-sup2--en-jr.-paruro-148179768.html?n_src=Listado&n_pg=2&n_pos=14|2026-02-01
adondevivir|casas|venta|Lima Centro|Lima Cercado|"Jr. Lorenzo De Vidaurre al 200
Lima Cercado, Lima"|S/ 3,013,054 · USD 900,000|3013054|900000|||365 m² tot.|365||||Oportunidad de inversión única: edificio de 4 pisos con gran proyección comercial en la zona estratégica de limaespecificaciones claveedificio de gran magnitud ideal para inversores, ubicado en un punto de conexión vital. Área de Terreno: 368. 32 m²Área Techada: 672. 44 m² (4 Pisos + Terraza) Estado: Casco Tarrajeado. Listo para acabados. Documentación, planos y tasación en regla. Conexiones básicas operativas. Versatilidad: Dos pisos acondicionados como departamentos. Ideal para oficinas, local comercial, almacén o vivienda. ubicación Y beneficios estratégicos (valorización garantizada) El Jirón Lorenzo De Vidaurre se consolida como un núcleo de desarrollo comercial y logístico: proximidad al centro de lima: A corta distancia del corazón financiero y administrativo de la capital. eje de interconexión de transporte: A 3 minutos a pie de la Estación Grau (Metro de Lima). valorización por infraestructura: La activa obra de la vía expresa grau (unión Metro-Metropolitano) convertirá esta ubicación en un hub de transporte vital para la ciudad, maximizando la exposición de cualquier proyecto establecido. alto tránsito: El entorno se beneficia de un alto flujo peatonal y vehicular, crucial para el éxito comercial. esta propiedad capitaliza la excelente ubicación Y el fuerte impulso de revalorización generado por las obras de transporte en curso. contáctenos hoy para más detalles.|https://www.adondevivir.com/propiedades/clasificado/veclcain-oportunidad-edificio-de-4-pisos-con-gran-proyeccion-148418758.html?n_src=Listado&n_pg=2&n_pos=15|2026-02-01
adondevivir|casas|venta|Lima Centro|Lima Cercado|"JIRON CANGALLO 179
Barrios Altos, Lima Cercado"|S/ 1,142,400 · USD 340,000|1142400|340000|||"183 m² tot.
6 dorm.
3 baños"|183|6|3||Se ofrece en venta una propiedad con alto potencial de desarrollo, ubicada en una zona tradicional y estratégica de Lima, ideal para inversionistas o empresas que requieran espacio para operación logística o comercial. Descripción del inmueble. - Terreno de 182. 70 m2 ubicada en una zona urbana consolidada. - Espacio ideal para construcción de vivienda multifamiliar, almacén, depósito, taller o implementación de un negocio. - El entorno presenta mezcla de viviendas, comercios. Almacenes, lo cual amplia las posibilidades de uso. Ubicación estratégica. - A poicas cuadras de la Av. Abancay. - Rápido acceso al jr. Junín, Av. Grau y Plaza Italia. - Cercano a mercados, comercios y servicios. - Zona con constante demanda comercial y logística. ideal para:: - Empresas que requieran almacén o taller. - Comerciantes que buscan local amplio. - Inversionistas con visión de revalorización en el Centro Histórico. - medidas. Área Terreno. 182. 70 m2. Área Construida. 96. 94 m² Medidas. 6. 15 X 29. 7. contacto: orlando nuñez. cel: 9 6 8 5 1 1 7 1 3|https://www.adondevivir.com/propiedades/clasificado/veclcain-venta-de-casa-terreno-en-barrios-altos-jiron-148260607.html?n_src=Listado&n_pg=2&n_pos=16|2026-02-01
adondevivir|casas|venta|Lima Centro|Lima Cercado|"Calle Marte. Chacra Ríos. Limite Pueblo Libre
Chacra Rios, Lima Cercado"|S/ 988,000 · USD 293,000|988000|293000|||225 m² tot.|225||||Ubicada en una calle tranquila, urbanización segura, paralela a la Av. Mariano Cornejo, esta vivienda se encuentra a solo pasos de un gran parque, distintos comercios, colegio, parroquia y vías principales— a 5 minutos de la pucp y la Univ. De San Marcos. La casa es de 2 pisos y azotea, con 225 m² de construcción sobre un terreno de 140 m², sus 40 años de antigüedad se reflejan en una estructura sólida y espacios generosos, con una distribución que hoy permite habitarla tal como está o renovarla progresivamente, adaptándola al estilo y necesidades del nuevo propietario. Las instalaciones se encuentran en buen estado y la propiedad cuenta con gas natural. Es una alternativa ideal tanto para quienes buscan ubicación, tranquilidad y potencial, como para inversionistas que desean generar valor a corto o mediano plazo. Sus características la convierten en una excelente opción para remodelar, optimizar espacios o desarrollar un proyecto de renta, según los parámetros urbanos rdm. Es ideal para quienes buscan ubicación, tranquilidad y potencial. • Precio: us$ 293, 000 – super negociable…|https://www.adondevivir.com/propiedades/clasificado/veclcain-casa-en-venta-chacra-rios-limite-pueblo-libre-148500816.html?n_src=Listado&n_pg=2&n_pos=17|2026-02-01
adondevivir|casas|venta|Lima Centro|Lima Cercado|"REYNALDO SAAVEDRA PINON 2442
Lima Cercado, Lima"|S/ 1,564,000 · USD 460,000|1564000|460000|||"856 m² tot.
35 dorm.
35 baños
1 estac."|856|35|35|1|Edificio en la Av. Reynaldo Saavedra Pinon N°2442. Con 35 cuartos y 1 estacionamiento, este edificio es ideal para inversionistas que buscan una propiedad con alta rentabilidad y excelente ubicación. Alta Rentabilidad: Con 35 cuartos, este edificio ofrece una excelente oportunidad para generar ingresos por alquiler. Condición: sin posesión. T. C. Referencial: S/. 3, 60|https://www.adondevivir.com/propiedades/clasificado/veclcain-edificio-de-6-pisos-en-cercado-de-lima:-856-m-sup2-143456192.html?n_src=Listado&n_pills=Cerca+a+colegios&n_pg=2&n_pos=18|2026-02-01
adondevivir|casas|venta|Lima Centro|Lima Cercado|"Parque Hernan Velarde 60
Santa Beatriz, Lima Cercado"|S/ 1,568,000 · USD 467,000|1568000|467000|||"510 m² tot.
12 dorm.
13 baños"|510|12|13||Se vende todo el primer piso ( terreno de 520 mts, más los mezanines que van hasta el tercer piso). El segundo piso tiene otro propietario. Lacasa tiene mucho potencial. Todas las ventajas de una casa( no se paga mantenimiento, total independencia y sobre todo techos altos y muchos ambientes ideales para infinidad de usos) Casa en venta en Santa Beatriz, ideal para familias grandes o proyectos comerciales. Cuenta con 12 recámaras y 13 baños, perfecta para adaptarse a diversas necesidades. La propiedad ofrece 510 m2 de terreno y 445 m2 de superficie construida, distribuidos en 2 niveles. Toda la casona tiene techos de tres metros de altura. En su interior, encontrarás una amplia sala y comedor, comedor diario, sala de estar y una cocina funcional. El dormitorio principal cuenta con baño propio. Además, dispone de cuarto y 2 baños de servicio, sala de entretenimiento, sala comunal y área de lavandería. En el exterior, disfruta de un jardín, patio y terraza. La propiedad cuenta con cerco de material noble, ingreso independiente y permite mascotas. Ubicada en una zona con acceso asfaltado, cercana a parques, áreas verdes, centros comerciales y escuelas. Ofrece vista a la ciudad y al parque, estando frente al parque. Cuenta con servicios básicos (agua/luz) y desagüe. Ideal para uso profesional o comercial.|https://www.adondevivir.com/propiedades/clasificado/veclcain-elegante-casa-frente-a-parque-en-santa-beatriz-148675773.html?n_src=Listado&n_pills=Cerca+a+colegios&n_pg=2&n_pos=19|2026-02-01
adondevivir|casas|venta|Lima Centro|Lima Cercado|"Jirón Santa Jacinta al Cdra 1
Pando, Lima Cercado"|S/ 1,176,000 · USD 350,000|1176000|350000|||"319 m² tot.
5 dorm.
3 baños
4 estac."|319|5|3|4|Amplia casa en buen estado de conservación en una zona residencial con fácil acceso desde las Avenidas Venezuela y Universitaria. Piso 1: Ingreso, car port para un auto, garaje para dos autos, amplia sala y comedor, cocina con comedor de diario y salida a Patio con Área de Parrilla y Jardín. LavanderíaMedio baño de Visita 01 Baño completo y cuarto de servicio Piso 2: Sala de Estar04 dormitorios, el principal con baño incorporado01 baño completo compartido 03 dormitorios, dos de ellos con closet, uno con salida a un acogedor balcón y la 3ra habitación sin closet tipo escritorio. Piso 3: Azotea tipo balcón cercado 01 dormitorios amplio01 baño completoCuarto de Servicio con vista a patio Lavandería con tanque elevado Depósito La casa cuenta con sistema integrado de Gas Calidda con terma de alta capacidad, tanque elevado de agua y tanque cisterna, bomba de agua, con buena presión, pisos de madera, sólida estructura. Casa sin carga ni - Ver datos - Ver datos|https://www.adondevivir.com/propiedades/clasificado/veclcain-casa-en-urbanizacion-pando-148799250.html?n_src=Listado&n_pills=%C3%81rea+de+lavander%C3%ADa&n_pg=2&n_pos=20|2026-02-01
adondevivir|casas|venta|Lima Centro|Lima Cercado|"AV Amezaga Cercado DE Lima
Lima Cercado, Lima"|S/ 2,372,500 · USD 650,000|2372500|650000|||"402 m² tot.
13 dorm.
6 baños"|402|13|6||Vendo casa edificio de 3 pisos en alta zona comercial frente unmsm - cercado de lima - Edificio en zona comercial - (Frente a unmsm) - Área terreno - 180 M2. - Área construida - 401 M2 descripción 1er piso: - 2 baños. - 1 local comercial. - 1 cuarto de estudio. - 1 sala amplia. - 1 comedor amplio. - 1 jardín o patio interno. - 1 cocina. - 1 cochera. 2do piso: - 2 baños. - 5 habitaciones. 3er piso: - 5 habitaciones. - 2 baños. - 1 cocina. Descripcion general - 6 baños. - 13 habitaciones. - 2 cocinas. - 1 local comercial. - 1 cuarto de estudio. - 1 sala amplia. - 1 comedor amplio. - 1 jardín/patio amplio. - 1 cochera ubicación - Av. Germán Amezaga # 480 – Cercado de Lima. - Frente a la Universidad Nacional Mayor De San Marcos (unmsm). - A una cuadra de la av. Benavides. - Cerca de la av. Ramón Herrera. - Frente a la puerta del Estadio de San Marcos. - Frente al ingreso de la Facultad de Educación (unmsm). Precio - usd 650, 000 dólares americanos. - Precio negociable. - Documentos en regla. - Inscrita en la sunarp.|https://www.adondevivir.com/propiedades/clasificado/veclcain-vendo-casa-de-3-pisos-con-local-comercial-frente-unmsm-148311492.html?n_src=Listado&n_pills=Jard%C3%ADn&n_pg=2&n_pos=21|2026-02-01
adondevivir|casas|venta|Lima Centro|Lima Cercado|"Santa nicerata
Lima Cercado, Lima"|S/ 599,000 · USD 179,000|599000|179000|||"150 m² tot.
5 dorm.
3 baños
1 estac."|150|5|3|1|Venta de departamento triplex en el cercado de Lima! Ubicado exactamente en Jr. Santa Nicerata, a dos cuadras del cruce entre las Av. Universitaria y Venezuela. En total 3 pisos construidos, el área de terreno 186m2 que corresponde al primer piso, del segundo y tercer piso solo corresponde 26m2 construidos. Antigüedad mayor a 25 años. Toda la documentación en regla. Solicita vídeo al interno. Condición de pago: - $200, 000 mil dólares. - Contar con cash o inicial mínimo de 30% para calificar al crédito hipotecario. solo whatsapp. -kissy: Ver datos. -camila: Ver datos. -deysi: Ver datos. broker en linea group|https://www.adondevivir.com/propiedades/clasificado/veclcain-venta-triplex-cercado-santa-nicerata-146594742.html?n_src=Listado&n_pg=2&n_pos=22|2026-02-01
adondevivir|casas|venta|Lima Centro|Lima Cercado|"Pimentel Jiménez Street
Lima Cercado, Lima"|S/ 351,750 · USD 105,000|351750|105000|||"61 m² tot.
3 dorm.
2 baños"|61|3|2||*casa frente al parque de 2 pisos en el cercado de lima*Ubicación: Urbanización San FernandoCerca de la Vía expresa línea amarilla. A 2 cuadras de Hiperbodega unoacceso rápido a las avenidas principales: Av Nicolás Dueñas, Av. Morales Suárez, Av. Perú, Av. Universitaria, Av. Argentina. Área Total: 152. 98 m²Distribución: 2 pisos*Primer Piso*• 61. 66 m2• Sala y comedor• Cocina con muebles altos y bajos• 1 Baño*Segundo Piso*• 91. 32 m2• 3 habitaciones• 1 baño completo• Sala star• Espacio libre para tendalAunque no tiene estacionamientos predefinidos, la propiedad brinda posibilidades para adecuar espacios de aparcamiento según tus necesidades. Seguridad 24/7 horasUrbanización cerrada con rejas. *Precio de venta: $105, 000 ¡No dejes pasar esta oportunidad! Las imágenes y/o información de este inmueble son de carácter referencial. R. uc.: Razón social: Inversiones Delia S. A. C.|https://www.adondevivir.com/propiedades/clasificado/veclcain-casa-frente-a-parque-148692116.html?n_src=Listado&n_pills=Seguridad&n_pg=2&n_pos=23|2026-02-01
adondevivir|casas|venta|Lima Centro|Lima Cercado|"Av. Morales Duárez 2787
Mirones Bajo, Lima Cercado"|S/ 850,000 · USD 250,000|850000|250000|||"228 m² tot.
9 dorm.
5 baños
1 estac."|228|9|5|1|Urb: Mirones Bajo. Área terreno: 228 m2. Área Techada: 310 m2. Zonificación: rdm. Distribución. 1er piso. 2 Mini departamentos cada uno cuenta con: 2 Habitaciones amplias. 1 Cocina. 1 Sala comedor. 1 baño completo. 1 habitación independiente con su baño. 1 Cochera independiente con un medio baño y un lavadero. Área de lavandería. 1 patio interno. 2do Piso. 2 Mini departamentos cada uno cuenta con: 2 Habitaciones amplias. 1 Cocina. 1 Sala comedor. 1 baño completo. Terraza, zona de tendal y lavandería. 3er piso. Terraza y zona de tendal. Precio: 250 mil dolares negociables. Documentos título de propiedad, listo para crédito hipotecario ó recursos propios. Ubicación privilegiada en la misma vía expresa Línea Amarilla, a una cuadra de la Av. Universitaria, cerca de la Av. Perú, Av. Elmer Faucett, Argentina y Colonial, A 5 minutos del Aeropuerto Jorge Chávez y a 10 minutos de las Universidades San Marcos y Católica, así como de Colegios, Supermercados e instituciones financieras y mas. Actualmente, la propiedad ya produce un flujo de caja considerable mensualmente, ya que su excelente diseño y ubicación genera mucha demanda en la zona. Es una oportunidad perfecta para inversionistas que buscan flujo de caja inmediato, diversificación de unidades y un activo con potencial de valorización. Aprovecha esta oportunidad de adquirir un activo único, funcional y altamente rentable. Agenda tu visita al: 9-8-4-0-9-2-2-9-3. César Huihua - Agente inmobiliario. 9-4-1-1-3-8-5-9-1. Inmobiliaria - Lima House|https://www.adondevivir.com/propiedades/clasificado/veclcain-venta-de-casa-en-el-lima-cercado-148475598.html?n_src=Listado&n_pills=Cuartos+de+servicio&n_pg=2&n_pos=24|2026-02-01
adondevivir|casas|venta|Lima Centro|Lima Cercado|"Av Nicolás de Aranibar 830
Santa Beatriz, Lima Cercado"|S/ 1,687,500 · USD 450,000|1687500|450000|||"380 m² tot.
4 dorm.
3 baños
1 estac."|380|4|3|1|En el bullicioso distrito de Santa Beatriz, una joya del pasado espera ser redescubierta. Esta propiedad de 84 años y 222 m2 no solo guarda historias, sino también infinitas posibilidades para quienes saben ver el potencial en una ubicación privilegiada. Imagina un lugar en pleno centro de Santa Beatriz, rodeado de puntos clave como el Hospital Rebagliati, la estación México del Metropolitano y el icónico Parque de las Aguas. Un espacio en una zona de alta demanda, donde el crecimiento inmobiliario no solo es una tendencia, sino una realidad. ¿por que esta propiedad es la eleccion perfecta? Potencial de revalorizacion: Santa Beatriz ha visto un aumento constante en su valor gracias a su cercanía a servicios esenciales. Ya sea para viviendas o proyectos comerciales, los desarrolladores encuentran aquí un tesoro que sigue aumentando su atractivo. Demanda en crecimiento: En las áreas céntricas de Lima, los terrenos amplios se están volviendo una rareza. Este espacio de 222 m2 es codiciado por aquellos que buscan construir edificaciones multifamiliares o nuevos negocios que aprovechen la vibrante vida urbana que rodea la zona. Rentabilidad asegurada: Los inversionistas saben que el éxito está en las oportunidades únicas, y esta propiedad es una de ellas. Con el mercado inmobiliario en auge y la infraestructura ya desarrollada en la zona, los retornos de inversión pueden ser rápidos y significativos. Ya sea que busques remodelar una joya arquitectónica o construir un proyecto moderno desde cero, esta propiedad es la clave para un futuro rentable. ¡No dejes pasar esta oportunidad única en Santa Beatriz! Nota: El precio en soles, depende del tipo de cambio en el día. ¿Listo para darle vida a este nuevo proyecto? ¡Contáctame 976*124*482 y hagamos historia juntos!|https://www.adondevivir.com/propiedades/clasificado/veclcain-venta-casa-de-222-m-sup2--en-santa-beatriz-cercado-144715835.html?n_src=Listado&n_pills=Cerca+a+colegios&n_pg=2&n_pos=25|2026-02-01
adondevivir|casas|venta|Lima Centro|Brena|"Jr. Loreto 1135 Dpto. 106 – Breña, Lima
Breña, Lima"|S/ 571,000 · USD 155,000|571000|155000|||"66 m² tot.
4 dorm.
4 baños
1 estac."|66|4|4|1|Dirección: Jr. Loreto 1135 Dpto. 106 – Breña, Lima. Amplia casa de 4 pisos recientemente remodelada, con excelente distribución, acabados modernos y ubicación estratégica cerca a colegios, avenidas principales y comercios. Características principales: • Casa de 4 pisos. • Área de terreno: 66 m² • Área construida: 132 m² • Pisos de porcelanato en todos los ambientes. • Tanque elevado y depósito amplio en azotea. • Casa recientemente remodelada. Distribución: Primer piso: • Sala – comedor. • Cocina abierta. • Baño de visita. • Lavandería. Segundo piso: • 2 habitaciones, cada una con baño incorporado. • Sala de tv o estar familiar. Tercer piso: • 2 habitaciones adicionales. • 1 baño completo compartido. Cuarto piso: • Azotea. • Tanque elevado. • Depósito amplio de madera. Excelente oportunidad para quienes buscan comodidad, ubicación céntrica y una propiedad funcional con espacio suficiente para toda la familia. Ubicada a solo unos pasos del Colegio La Salle y con fácil acceso a transporte público, centros educativos y comercios de la zona.|https://www.adondevivir.com/propiedades/clasificado/veclcain-casa-en-venta-en-brena-a-espaldas-del-colegio-la-148039099.html?n_src=Listado&n_pills=Cerca+a+colegios&n_pg=1&n_pos=1|2026-02-01
adondevivir|casas|venta|Lima Centro|Brena|"Calle Francisco Mazzochio 144
Breña, Lima"|S/ 1,537,650 · USD 459,000|1537650|459000|||"361 m² tot.
3 dorm.
3 baños
2 estac."|361|3|3|2|Bonita y comoda Casa de 2 plantas en zona muy tranquila cerca a parques ubicada en Breña limitando con Pueblo libre a pocas cuadra de Plaza la bandera, con acceso a vias tales como: Av. Bolivar, Sucre, Tingo Maria, etc. Primer Piso: 2 estacionamientos con porton electrico y control remoto, Sala amplia e iluminada, 01 escritorio, comedor grande y sala de estar con vista al jardin, 01 baño de visita, cocina muy iluminada con reposteros de madera altos y bajos, que conecta al jardin, cuarto y baño de servicio, lavanderia, jardin grande con bellas plantas y flores, solarium y horno artesanal. Escuchamos ofertas. 2da. Planta: Se accede por escalera de madera hacia 02 dormitorios secuendarios, 01 baño completo compartido, con vista exterior y baño incorporado. 01 sala de estar. Tercer Piso: Amplia azotea. Telf. Ver datos sra. Merci|https://www.adondevivir.com/propiedades/clasificado/veclcain-casa-2-pisos-143882637.html?n_src=Listado&n_pills=Cerca+a+colegios&n_pg=1&n_pos=2|2026-02-01
adondevivir|casas|venta|Lima Centro|Brena|"jiron pastaza 1479
Breña, Lima"|S/ 298,000 · USD 85,000|298000|85000|||"82 m² tot.
2 dorm.
1 baño"|82|2|||¡Venta de Casa en Breña – Ubicación Estratégica a 1 ½ cuadra de la Plaza de la Bandera! La casa ubicada dentro de una quinta, es la tercera de 5 casas. Se vende acogedora casa ubicada en Jirón Pastaza 1479, Breña, en una zona céntrica, segura y de fácil acceso. Ideal para vivir o invertir. Área de terreno: 82 m² ️Distribución: Amplia sala comedor. Cocina con reposteros altos y bajos. Lavandería independiente. 1 baño completo. 2 dormitorios con clósets. En los aires, cuenta con un cuarto prefabricado. Ubicada a solo 1 cuadra y media de la Plaza de la Bandera, cerca de comercios, colegios, avenidas principales y transporte público. ¡No dejes pasar esta oportunidad de vivir en una zona con alta demanda y excelente conectividad! Contáctanos para agendar una visita. Precio usd 83, 000|https://www.adondevivir.com/propiedades/clasificado/veclcain-casa-en-venta-ubicado-en-brena-147047715.html?n_src=Listado&n_pills=%C3%81rea+de+lavander%C3%ADa&n_pg=1&n_pos=3|2026-02-01
adondevivir|casas|venta|Lima Centro|Brena|"Jr. Olmedo
Breña, Lima"|S/ 1,425,000 · USD 380,000|1425000|380000|||"290 m² tot.
4 dorm.
3 baños
2 estac."|290|4|3|2|Precio de venta us$ 380, 000. A. T. 290 M2. A. C. 340 M2. Linderos: Frente y fondo 11 ml. Izq. Y der. 26. 40 ml. 40 años de antigüedad (remodelada en el año 2011) Dos pisos. Descripción: 1° Piso. Sala comedor separados, cocina con reposteros de madera (bien conservados) área de comedor de diario amplia, tiene un cuartito de alacena. Medio baño de visita. Lavandería, 1 cuarto y baño de servicio. Terraza, jardín. 2 cocheras. 2° Piso. 4 dormitorios (el principal con baño) los otros 3 dormitorios comparten un baño completo. 1 hall de distribución que viene a ser una sala de estar familiar. Muy bien conservada. Excelente ubicación. Puede ser utilizada como oficina administrativa a puerta cerrada. También contamos con otras alternativas bastante similares en la misma zona y presupuesto, para nosotros será un gusto enviarle un listado para que Ud. Escoja ¿cuál sería de su interés? (con características similares a esta propiedad) a su correo, así facilitamos su búsqueda y si desea comuníquese con nosotros al 9. 9. 4. 2. 0. 7. 8. 6. 0. Será un gusto atenderlos!|https://www.adondevivir.com/propiedades/clasificado/veclcain--brena-vta.-jr.-olmedo-casa-remodelada-4d-2c-jardin-55978440.html?n_src=Listado&n_pills=Jard%C3%ADn&n_pg=1&n_pos=4|2026-02-01
adondevivir|casas|venta|Lima Centro|Brena|"Jr. Huaraz 183
Breña, Lima"|S/ 305,100 · USD 90,000|305100|90000|||"129 m² tot.
3 dorm.
1 baño"|129|3|||Se vende casa en interior ubicada en BreñaSe vende casa en interior de 2 pisos + Azotea en Jr. Huaraz Cuadra 1 – BreñaA. T 75. 39m²A. C 108. 6m²Ubicada dentro de quinta de solo 3 casasAntiguedad 79 años1er pisoamplia Sala y comedorCocina cerradaPatio Lavanderia2do piso2 Dormitorios1 Baño completoCuarto de servicioEscaleras a 3er pisoAceptan Mascotasimportanteno tiene cocheraNo se paga MantenimientoPiso parquet en dormitoriosPiso cerámico en sala comedor, cocina y bañosPrecio de venta $90, 000 dólares americanospaga alcabalapapeles en regla|https://www.adondevivir.com/propiedades/clasificado/veclcain-vendo-casa-en-interior-ubicada-en-brena-148332361.html?n_src=Listado&n_pills=Cuartos+de+servicio&n_pg=1&n_pos=5|2026-02-01
adondevivir|casas|venta|Lima Centro|Brena|"Jirón Olmedo 418 Breña
Breña, Lima"|S/ 1,055,470 · USD 299,000|1055470|299000|||"163 m² tot.
5 dorm.
4 baños"|163|5|4||Venta de Casa en Jr. Olmedo 418 – BreñaEspaciosa, bien ubicada y con gran potencial para familia o comercio¿Buscas una casa amplia, funcional y estratégicamente ubicada? Esta propiedad ubicada en Jr. Olmedo 418, Breña, ofrece una excelente oportunidad para quienes desean vivir en un entorno residencial bien conectado, tranquilo y con acceso inmediato a servicios esenciales. Situada a pocos pasos del Jr. Varela y muy cerca del Parque General Pedro Silva, esta casa se encuentra en una zona consolidada de Breña, caracterizada por su seguridad, fácil acceso y cercanía a múltiples servicios y medios de transporte. La ubicación permite conectar rápidamente con el Cercado de Lima, Pueblo Libre, Jesús María y otras zonas clave de la ciudad. Características del inmueble: Área de terreno: 163. 27 m²Área construida: 135 m²Frente: 5. 65 mlFondo: 30 mlDistribución: 05 habitaciones amplias, ideales para el descanso y la vida familiar. 04 baños completos, bien distribuidos y en buen estado. Sala y comedor con techos altos (aproximadamente 4 metros), lo que brinda frescura, excelente ventilación e iluminación natural. Cocina cerrada, funcional, con espacio suficiente para modernizar o rediseñar. Lavandería cómoda con patio interior, ideal para el día a día. ¿Por qué invertir en esta propiedad? La casa es perfecta tanto para uso residencial como para proyectos comerciales o familiares. Su ubicación en Breña, una de las zonas con mayor tradición y conectividad de Lima, permite estar cerca de: Parque General Pedro Silva – Ideal para caminatas, actividades al aire libre o momentos en familia. Hospital del Niño y centros de salud importantes. Avenidas principales como Jr. Varela, Av. Venezuela, Av. Arica y Av. Tingo María. Colegios, institutos y universidades, como la Universidad Privada del Norte (upn) y la unmsm a pocos minutos. Centros comerciales, mercados, supermercados y bancos a corta distancia. Transporte público accesible hacia distintos distritos, ideal para quienes se movilizan diariamente. Además, la distribución del inmueble y su metraje permiten proyectar ampliaciones, remodelaciones o adaptaciones a negocios como consultorios, oficinas, centros educativos o alquiler por habitaciones. Una casa con gran proyecciónYa sea que busques un hogar amplio para tu familia o una propiedad con potencial comercial en una ubicación estratégica de Lima, esta casa en Jr. Olmedo 418 es una oportunidad que no debes dejar pasar. Contáctanos hoy mismo para programar una visita. Descubre tu próximo hogar o proyecto en una de las mejores zonas de Breña. pj-Ver datos-mvcs|https://www.adondevivir.com/propiedades/clasificado/veclcain-venta-de-casa-en-brena-148750931.html?n_src=Listado&n_pills=%C3%81rea+de+lavander%C3%ADa&n_pg=1&n_pos=6|2026-02-01
adondevivir|casas|venta|Lima Centro|Brena|"AV Tingo Maria Breña
Breña, Lima"|S/ 1,678,500 · USD 450,000|1678500|450000|||"337 m² tot.
5 dorm.
2 baños"|337|5|2||Se vende casa como terreno en una de las zonas mas centricas de breña. Oportunidad de inversión en Breña, atención inversionistas. Características del terreno: Área total: 337. 00 m²12. 85 metros de frente33. 50 metros de fondoSu estratégica ubicación en el distrito de Breña lo convierte en una excelente oportunidad para inversionistas. Con acceso cercano al Metropolitano y la futura Línea 2 del Metro de Lima, este terreno promete alta valorización y rentabilidad. Ideal para construir un proyecto inmobiliario, Comercio, oficinas o cualquier desarrollo que requiera una ubicación privilegiada y con alto flujo de transporte público. Asegura una inversión sólida en una zona en constante crecimiento. Zonificación czubicación estrategia, Cerca a Universidad, colegios, comercios, etc. Av. Tingo María, av. Venezuela, Av. Argentina, Av. Arica, fácil acceso a Pueblo Libre, Cercado de Lima, Centro de Lima. R. U. C Ver datos|https://www.adondevivir.com/propiedades/clasificado/veclcain-vendo-casa-como-terreno-en-brena-145225695.html?n_src=Listado&n_pg=1&n_pos=7|2026-02-01
adondevivir|casas|venta|Lima Centro|Brena|"Dirección no informada
28 De Julio, Breña"|S/ 1,440,000 · USD 430,000|1440000|430000|||"361 m² tot.
3 dorm.
3 baños
2 estac."|361|3|3|2|Área de terreno: 365 m² Área construida: 190 m² Ubicación Estratégica: Situada en Breña, en el límite con Pueblo Libre, esta casa se encuentra en una zona tranquila, rodeada de parques y con excelente conectividad a toda la ciudad. • Acceso rápido a avenidas principales como Mariano H. Cornejo, Bolívar, Sucre, Brasil, Del Río y Tingo María. Distribución de la Casa: Primer Piso: • Estacionamiento para 2 autos con puerta electrónica de acceso. • Sala principal amplia y cómoda. • Comedor familiar y sala de estar con vista y acceso al jardín. • Baño de visitas. • Cocina espaciosa con muebles altos y bajos de madera, conectada directamente al jardín y al área de servicio. • Área de servicio: lavandería, habitación de servicio con baño. • Espectacular jardín con espacio de estar, solárium y un horno artesanal funcional. Segundo Piso: • Acceso a través de una elegante escalera de madera. • 2 habitaciones secundarias. • Baño completo compartido. • Habitación principal con vista a la calle y baño privado. • Sala de estar acondicionada como zona de tv, música o lectura. Tercer Piso: • Amplia azotea con vista panorámica de la ciudad. ¡No pierdas esta gran oportunidad! Agenda tu visita y descubre esta hermosa propiedad que combina comodidad, estilo y ubicación estratégica. Ideal para tu familia o como inversión. ¡Contáctanos ahora y coordina tu visita! R O B E R T O C H U M B I M U N I 9 9 9 5 7 5 7 5 2|https://www.adondevivir.com/propiedades/clasificado/veclcain-id-1.1.1.8.9.9.8-venta-de-hermosa-casa-en-el-limite-145226782.html?n_src=Listado&n_pills=%C3%81rea+de+lavander%C3%ADa&n_pg=1&n_pos=8|2026-02-01
adondevivir|casas|venta|Lima Centro|Brena|"Jr. Chamaya N°255. Urb. Chacra Colorada. Distrito de Breña.
Chacra Colorada, Breña"|S/ 952,000 · USD 280,000|952000|280000|||"610 m² tot.
28 dorm.
28 baños
1 estac."|610|28|28|1|Atención inversionistas, este edificio se encuentra actualmente ocupado en su totalidad (arrendado), tiene una habitabilidad del 100% mes a mes. Condición: Sin posesión, en proceso de adjudicación. Edificio multifamiliar de 5 pisos con 610 m² en Breña, ideal para inversionistas. Cuenta con 1 departamento, 3 mini departamentos y 24 cuartos. Ubicación estratégica cerca del Estadio Lolo Fernández y el Hospital Nacional Arzobispo Loayza. Dos ingresos peatonales y 1 vehicular. ¡Perfecto para generar una rentabilidad asegurada mes a mes! Características Principales: Ubicación: Jr. Chamaya N°255. Urb. Chacra Colorada. Distrito de Breña. Provincia y Departamento de Lima. Área de terreno: 159 m2. Área construida: 610 m² Distribución: 1 departamento, 3 mini departamentos y 24 cuartos. Pisos: 5. Ingresos: 2 peatonales y 1 vehicular. Cercanías: Estadio Lolo Fernández, Hospital Nacional Arzobispo Loayza, Universidad Privada del Norte, Ministerio de Transportes y Comunicaciones (mtc). Beneficios: Alta Rentabilidad: Ideal para alquiler debido a la alta demanda en la zona. Ubicación: Cerca de importantes centros de interés y servicios. Condición: Sin posesión, en proceso de adjudicación. T. C. Referencial: S/. 3, 60|https://www.adondevivir.com/propiedades/clasificado/veclcain-edificio-con-24-cuartos-3-mini-depas-y-1-depa-144681508.html?n_src=Listado&n_pills=%C3%81rea+de+lavander%C3%ADa&n_pg=1&n_pos=9|2026-02-01
adondevivir|casas|venta|Lima Centro|Brena|"Jr. Cangallo 217
Lima Cercado, Lima"|S/ 770,500 · USD 230,000|770500|230000|||"106 m² tot.
12 dorm.
12 baños"|106|12|12||Contacto: jhohanna urbina cel: 9*7*8*1*7*5*6*6*0 Edificio en Venta en el Cercado de Lima – Ideal para Inversionistas. Descripción: Oportunidad única para inversionistas en una de las zonas más céntricas de Lima. Este edificio de 4 pisos, ubicado a 1 cuadra de Plaza Italia, cuenta con un total de 12 monoambientes (4 por piso), ofreciendo una excelente rentabilidad. Perfecto para alquiler de habitaciones o depósitos, dada su cercanía a Mesa Redonda, Barrio Chino, Mercado Central y avenidas principales como: La Av. Abancay, La Vía de Evitamiento y la Av. Miguel Grau. Características: Terreno total: 105. 54 m² Edificio de 4 pisos 12 monoambientes: Cada uno con espacio para dormitorio, baño completo y área de cocina/sala. Ubicación estratégica: En el corazón del Cercado de Lima, cerca de centros comerciales, colegios y servicios. Ventajas: Alta demanda de alquileres en la zona. Estructura sólida y moderna, lista para generar ingresos. Documentación en regla y lista para la venta. ¡No dejes pasar esta oportunidad de inversión en una de las mejores zonas de Lima! ¡Contáctanos para más información y agenda una visita ya! Contacto: jhohanna urbina cel: 9*7*8*1*7*5*6*6*0 id: 1*1*1*3*3*8*6|https://www.adondevivir.com/propiedades/clasificado/veclcain-venta-de-edificio-en-cercado-lima-145565903.html?n_src=Listado&n_pg=1&n_pos=1|2026-02-01
adondevivir|casas|venta|Lima Centro|Brena|"Av. Gnral Eugenio Garzón 2241
Jesús María, Lima"|S/ 1,410,866 · USD 420,000|1410866|420000|||160 m² tot.|160||||Terreno en venta en Jesús María – Ideal para proyecto inmobiliario ¡Gran oportunidad de inversión en una de las zonas con mayor demanda de Lima! Se vende terreno de 160 m² con parámetros para construir hasta 5 pisos, ubicado en una zona estratégica y céntrica de Jesús María, a pocos pasos de Av. Brasil, Av. San Felipe, restaurantes, colegios y zonas comerciales. Este terreno ofrece excelente conectividad hacia los principales distritos de la ciudad y está rodeado de parques, universidades y centros comerciales, lo que lo convierte en la opción perfecta para desarrollar un proyecto multifamiliar o comercial. Características principales: - Área total: 160 m²- Parámetros: hasta 5 pisos- Zona residencial y comercial- Fácil acceso a vías principales y transporte públicoInvierte hoy en un terreno con alta rentabilidad y proyección inmobiliariaContáctanos para más información o coordinar una visitaNatalia Carrera9. 8. 7. 9. 0. 3. 2. 9. 1. _________Jessica Tapia - Asociados: Tu socio inmobiliario en PerúTe ayudamos a vender, comprar o alquilar tu propiedad con un servicio personalizado y profesional. Encontramos el comprador, inquilino o inmueble perfecto para ti, asegurando que todo el proceso sea ágil y seguro. Visita nuestra web y haz realidad tus metas inmobiliarias|https://www.adondevivir.com/propiedades/clasificado/veclcain-jesus-maria:-casa-comoterreno-comercial-en-venta-160-148643130.html?n_src=Listado&n_pg=1&n_pos=2|2026-02-01
adondevivir|casas|venta|Lima Centro|Brena|"Pablo Bermudez
Jesús María, Lima"|S/ 1,424,000 · USD 400,000|1424000|400000|||"95 m² tot.
4 dorm.
5 baños
1 estac."|95|4|5|1|Venta casa en jesus maria, casa de dos pisos sin aires, ideal para vivienda o empresa, la misma que se encuentra completamente remodelada, manteniendo una estructura e infraestructura de estreno, con amplia iluminación en todos los ambientes. Ubicada a unos pasos del Ministerio de Trabajo, Av. Arenales y Av. Salaverry, cerca de todo tipo de entidades bancarias, comerciales, cerca de Essalud, se encuentra dentro de un hermoso condominio. Primer nivel: - Hall de ingreso. - Sala amplia con techo alto. - Segundo ambiente amplio con techo alto y mamparas de pared a pared. - Baño de visita completo. - Cocina estilo americano con muebles altos y bajos. - Medio baño de visita. - Lavadero para lavandería. - Amplio patio bien iluminado. - Motor y bomba de agua. - Techado: 81. 50 m2 – área ocupada: 100. 72m2. segundo nivel: - Hermosa escalera. - Hall amplio como sala de estar. - 2 dormitorios amplios e iluminados con closet. - 1 dormitorio con baño propio completo. - 1 baño completo para las habitaciones. - Techado: 93. 26 m2 – área ocupada: 116. 90m2. tercer nivel: - Habitación amplia e iluminada con baño completo. - Lavandería con lavadero y zona para lavadora. - Pasadizo amplio. - Techado: 22. 77 m2 – área ocupada: 46. 31m2. cuarto nivel: - 4 habitaciones, construido en Drywall. - 2 centro de lavados. - Amplia terraza. - Techado: 85. 67 m2 – área ocupada: 100. 72m2. otros: - Área de terreno ocupada: 449. 60 m2. - Área techada: 205. 36 m2. - Área de terreno: 95. 25 m2. - Precio venta $ 400, 000 dólares conversable. visita previa cita|https://www.adondevivir.com/propiedades/clasificado/veclcain-venta-casa-en-jesus-maria-147109112.html?n_src=Listado&n_pills=Cerca+a+colegios&n_pg=1&n_pos=3|2026-02-01
adondevivir|casas|venta|Lima Centro|Brena|"LOS CIPRESES
Los Cipreses, Lima Cercado"|S/ 1,522,500 · USD 434,990|1522500|434990|||"290 m² tot.
3 baños
3 estac."|290||3|3|Hermosa Casa de un (1) piso Lista Para Vivir Acabados A1 Parámetros 5 Pisos + Azotea 3 Cocheras. Te presento esta hermosa propiedad de 1 piso totalmente lista para vivir con parámetros urbanísticos y edificatorios para construir hasta 5 pisos más azotea. Esta propiedad presenta moderna fachada con carpor en madera y puerta principal de acceso. Al ingresar a esta propiedad nos encontramos hacia lado derecho amplia cochera para dos vehículos y hacia el lado izquierdo amplio jardín delantero que en ocasiones puede suplir una tercera cochera momentánea si se desea ingresando por la puerta principal nos condice a ampla sala sumamente ornado con detalles únicos el cual descubrirán al venir a apreciar la casa seguidamente con encontramos con elegante comedor de muy buen tamaño con muchos detalle, hacia el lado derecho de la sala tenemos acceso hacia amplia cocina con muebles altos y bajos con comedor de diario que conecta hacia la izquierda de este con área independiente de lavandería cuarto y baño de servicio y área de tendal todos estos espacio muy amplio con salida hacia jardín delantero. Continuando con la distribución nos encontramos con largo pasadizo el cual presenta hacia lado izquierdo de este dos amplios dormitorios y hacía de derecha un baño amplio y otro dormitorio adicional igualmente de grande en la parte final de dicho pasadizo nos encontramos con amplio dormitorio con baño incluido y closet y hacia el lado derecho encontramos un patio interno abierto y en su parte final un amplio cuarto para oficina o de múltiples usos. Se cuenta con acceso a l segundo piso donde existe construcción de un cuarto más un baño. Todos los pisos del área social y cocina son de porcelanato y los dormitorios y cuarto interno en madera parqué area de terreno 290. 00 M2. area construida 250. 00 M2. medidas perimetricas: por el frente: 10. 00 ml. por la derecha: 29. 00 ml. por la izquierda: 29. 00 ml. por el fondo: 10. 00 ml. Inmejorable ocasión para optar por una amplia casa y realizar el proyecto que siempre deseaste ya que esta propiedad es un lienzo en blanco dándote la oportunidad de edificar hasta 5 pisos más azotea rentabilizando enormemente lo invertido.! Dale a tu familia ese gran lugar que siempre deseaste ¡ No dejes que te ganen, contáctate con nuestro broker Richard Obando al 9. 9. 1. 0. 6. 4. 8. 7. 3 y separa tu cita ahora mismo|https://www.adondevivir.com/propiedades/clasificado/veclcain-hermosa-casa-de-1piso-lista-para-vivir-a1-param-5-147729282.html?n_src=Listado&n_pills=Cuartos+de+servicio&n_pg=1&n_pos=4|2026-02-01
adondevivir|casas|venta|Lima Centro|Brena|"Jr. Brigadier Mateo Pumacahua
Jesús María, Lima"|S/ 809,200 · USD 238,000|809200|238000|||"200 m² tot.
4 dorm.
3 baños"|200|4|3||Linda casa en venta en Jesús María – Jr. Brigadier PumacahuaUbicada dentro de una tranquila y segura quinta de solo 8 propiedades, esta acogedora casa ofrece comodidad, privacidad y una excelente ubicación en el corazón de Jesús María. La vivienda cuenta con espacios amplios y bien distribuidos. En el segundo nivel se encuentran tres cómodos dormitorios, ideales para toda la familia, acompañados de dos baños completos, además de una luminosa sala, comedor y cocina, pensados para disfrutar momentos únicos en el día a día. En el tercer nivel, la propiedad sorprende con una amplia terraza, perfecta para reuniones sociales, que incluye zona de parrilla, así como un dormitorio con baño incorporado, ideal para área de invitados u oficina privada. Una excelente oportunidad para quienes buscan vivir en un entorno residencial, tranquilo y bien conectado, sin renunciar al confort y a espacios ideales para compartir en familia.|https://www.adondevivir.com/propiedades/clasificado/veclcain-linda-casa-de-200-m-sup2--en-zona-tranquila-de-jesus-148635313.html?n_src=Listado&n_pills=%C3%81rea+de+lavander%C3%ADa&n_pg=1&n_pos=5|2026-02-01
adondevivir|casas|venta|Lima Centro|Brena|"URB.ROMA CASA 3PLANTAS MAS AIRES 2COCHERAS
Roma, Lima Cercado"|S/ 1,148,000 · USD 328,000|1148000|328000|||"372 m² tot.
8 dorm.
4 baños
2 estac."|372|8|4|2|Se vende amplia Y linca casa 3plantas de los cuales las dos primeras plantas es una casa propieamente dicha el tercer piso es un departamento. * la casa cuenta con sala comedor con salida A la terraza cocina amoblada 2cocheras, amplia terraza con zona de parrillas zona de lavanderia cuarto Y baño de servicio mas baño de visita, piso parquet en el segundo piso estan los 4amplios dobles dormitorios un baño completo en eldormitorio principal se puede acondicionar un baño incorporado todos super iluminados naturalmente. *3er. piso consta de un departamento independiente con 3 dormitorios amplios un baño completo lavanderia tendal, cocina vista calle. medidas: area de terreno 160M2 area construida 372M2 ubicada. total 8habitaciones 4 baños 2 cocinas 2cocheras. ubicada en la urbanizacion residencial roma cercado de lima rodeada de hermosos parques, seguridad absoluta cerca avoscar R. benavides Y av. universitaria, la casa tiene gas natural calida|https://www.adondevivir.com/propiedades/clasificado/veclcain-casa-en-venta-en-cercado-de-lima-urb.-roma-3plantas-147870763.html?n_src=Listado&n_pills=Cuartos+de+servicio&n_pg=1&n_pos=6|2026-02-01
adondevivir|casas|venta|Lima Centro|Brena|"Jirón Gral. Córdova al 1178
Santa Beatriz, Jesús María"|S/ 822,000 · USD 235,000|822000|235000|||116 m² tot.|116||||Casa como terreno de uso comercialexcelente ubicación, Frente a incor en Jesús María. Área de Terreno - 116 m2Linderos: 10. 66 * 10. 15Parámetros: Hasta 4 pisos. Excelente Para Casa y/o oficina con licencia comercial. 2 pisos construidosTrato DirectoCitasEmmy Ródríguez9. 7. 5. 7. 1. 8. 0. 2. 9_________Jessica Tapia - Asociados: Tu socio inmobiliario en PerúTe ayudamos a vender, comprar o alquilar tu propiedad con un servicio personalizado y profesional. Encontramos el comprador, inquilino o inmueble perfecto para ti, asegurando que todo el proceso sea ágil y seguro. Visita nuestra web y haz realidad tus metas inmobiliarias|https://www.adondevivir.com/propiedades/clasificado/veclcain-casa-como-terreno-uso-comercial-148639910.html?n_src=Listado&n_pg=1&n_pos=7|2026-02-01
adondevivir|casas|venta|Lima Centro|Brena|"Jiron Jose Eugenio Paredes al 2300
Elio, Lima Cercado"|S/ 1,102,000 · USD 299,500|1102000|299500|||"380 m² tot.
6 dorm.
6 baños
1 estac."|380|6|6|1|"Jirón José Eugenio Paredes, Urb. Elio – Cercado de LimaPrecio de lanzamiento: us$ Ver datos (negociable) Casa de 4 niveles sobre 179 m² de terreno y? 320 m² construidos, frente de 8, 10 m y zonificación rdm. Título limpio sin cargas. Antigüedad original 1972 con remodelaciones parciales en instalaciones eléctricas y sanitarias. Distribución generalPrimer piso: cochera techada, dos salas principales, medio baño de visitas, cocina independiente y tercera sala-comedor con techo alto de cedro ideal para reuniones familiares. Segundo piso: balcón frontal, cuatro dormitorios (principal con baño incorporado), un baño completo compartido. Tercer piso: gran terraza-patio, lavandería, sala-comedor, cocina y un baño completo (funciona como mini-departamento independiente). Cuarto piso: dos dormitorios de servicio con dos baños (convertibles en depósito, estudio, etc.). Detalles destacados6 dormitorios + área de servicio | 5 ½ baños | 1 cochera con opción a ampliar. Balcón y ventilación cruzada en todos los dormitorios. Sala-comedor tipo azotea con tragaluz y escalera caracol metálica. Pisos de parquet restaurado en ambientes sociales. Calle tranquila a 150 m de Av. Colonial y 350 m de Av. Argentina; rápida salida a la Vía Expresa Línea Amarilla y Metropolitano. “Honestidad, Transparencia y Servicios Creativos. Nuestros pilares para brindarles la mejor asesoría inmobiliaria. ”Si desea vender o alquilar su inmueble no dude en contactarse con nosotros."|https://www.adondevivir.com/propiedades/clasificado/veclcain-amplia-casa-en-urb.-elio-para-familias-grandes-146873790.html?n_src=Listado&n_pills=Cuartos+de+servicio&n_pg=1&n_pos=8|2026-02-01
adondevivir|casas|venta|Lima Centro|Brena|"Jose Felix Bogado 2568
Lima Cercado, Lima"|S/ 890,400 · USD 265,000|890400|265000|||"136 m² tot.
9 dorm.
3 baños
2 estac."|136|9|3|2|"Amplia casa remodelada en cercado de lima: comodidad Y ubicación privilegiada. Si buscas una casa espaciosa, remodelada y lista para habitar, ¡esta es tu oportunidad! Con una ubicación estratégica y en una zona residencial tranquila, esta propiedad te brinda conectividad, amplitud y comodidad para toda tu familia. Área total: 136 m² | Área construida: 351. 92 m² Distribución ideal en 3 pisos: 1er piso: Sala comedor, amplia cocina cerrada, baño de visita, patio interno y cochera para 2 autos. 2do piso: 3 dormitorios remodelados con acabados modernos y 2 baños completos. 3er piso: 5 dormitorios adicionales, área de lavandería y 1 baño completo. Remodelada en 2015 y en excelente estado, con conexiones de agua, luz, gas natural y cable listas para su uso. Además, su cercanía a un parque familiar la convierte en el hogar perfecto. Ubicada en una de las mejores zonas del Cercado de Lima, con acceso rápido a vías principales. ¡No dejes pasar esta oportunidad! Contáctame para más información y agenda tu visita hoy mismo. #CasaEnVenta #HogarIdeal #CercadoDeLima #OportunidadÚnica"|https://www.adondevivir.com/propiedades/clasificado/veclcain-oportunidad-unica-en-urb.-los-cipreses-cercado-de-144623809.html?n_src=Listado&n_pills=Cerca+a+colegios&n_pg=1&n_pos=9|2026-02-01
adondevivir|casas|venta|Lima Centro|Brena|"Horacio urteaga
Jesús María, Lima"|S/ 880,000 · USD 269,000|880000|269000|||"250 m² tot.
4 dorm.
2 baños"|250|4|2||¡ocasión！ ❛vendo casa de 3 pisos❜ 90 metros cuadrados de área de terreno, Y 250 metros cuadrados de área construida. Casa situada en jesús maría, ubicado en un pasaje con diseño de condominio, solo cuenta con 10 viviendas, moderno, apacible Y super céntrico. Localizado en la calle horacio urteaga, A 2 cuadras de la rambla de la avenida brasil, A 1 cuadra del campo de marte, Y A 2 cuadras de la avenida salaverry, la ubicación es inmejorable!. ➽primera planta: sala, comedor, cocina, lavandería. 1 baño completo, terraza Y hall de ingreso. ➽segunda planta: 3 dormitorios amplios Y bien iluminados, cuenta con 2 baños, ➽tercera planta: ⤑ minidepartamento con entrada indepediente 《sala- comedor, cocina kitchenette, 1 dormitorio Y 1 baño. ⤑ amplia azotea, cuarto Y baño de servicio. - no cuenta con cochera, no esperes más Y agenda tu visita!, escríbeme al wathsapp.|https://www.adondevivir.com/propiedades/clasificado/veclcain--vendo-casa-en-jesus-maria-146595697.html?n_src=Listado&n_pills=Cuartos+de+servicio&n_pg=1&n_pos=10|2026-02-01
adondevivir|casas|venta|Lima Centro|Brena|"Calle Los Pinos Mz. G Lt. 8 Huertos
Lima Cercado, Lima"|S/ 3,644,375 · USD 1,062,500|3644375|1062500|||"6250 m² tot.
4 dorm.
4 baños
2 estac."|6250|4|4|2|Contacto: isabel leandro // cel: 955*174*191. El terreno se encuentra ubicado a 1 cuadra de la Av. Antigua Panamericana Sur y a 10 minutos de la Nueva Panamericana. Sur de alto tránsito vehicular y peatonal, rodeado de fábricas, industrias, grifos, restaurantes campestres, víveros, a 3 minutos. del Banco bcp, a 5 minutos del muna (Museo Nacional del Perú) y Santuario Arqueológico de Pachacamac, a 5 minutos de. Plaza Vea de Lurín, Bcos: bbva, Interbank, Banco de La Nación, CrediScotia, Scotiabank, Cajas Financieras, Municipalidad. de Lurín y Municipalidad de Pachacamac, Mercados, Catedral, Hospital, Centro Materno Infantil, estación de bomberos, Reniec, colegios, Universidades, playas, etc. Ideal para fábricas, almacén, depósito, Invernaderos, talleres, fábrica de muebles, colchones, etc. -Documentos saneados y único propietario, inscritos en la sunarp listos para Crédito Hipotecario. -Libre de hipoteca, carga y gravamen. Precio: $ 185 x m² ( negociable) A. T. Total: 6, 250 m² Comprenden: a) parcela 8: 4, 250 m2. b) parcela 8A 2, 000 m2. Se encuentran independizados c/u ficha registral cada terreno. A. C. 140 m² casa de campo. El terreno consta de: - Luz eléctrica, teléfono, red de cable e internet que deben ser activados. - 1 pozo de agua subterránea. en funcionamiento. - Silo de pozo séptico. Proyecto del agua Y desague en trámite|https://www.adondevivir.com/propiedades/clasificado/veclcain-se-vende-casa-de-campo-con-piscina-147894012.html?n_src=Listado&n_pg=1&n_pos=11|2026-02-01
adondevivir|casas|venta|Lima Centro|Brena|"Luis Agurto 154
Lima Cercado, Lima"|S/ 1,128,950 · USD 335,000|1128950|335000|||"242 m² tot.
6 dorm.
3 baños
1 estac."|242|6|3|1|¡Tu nuevo hogar frente al parque! Comodidad, vista y ubicación ideal. Disfruta de la tranquilidad y el confort que solo una casa frente a parque puede ofrecer. Ubicada en una zona estratégica, paralela a la Av. Venezuela, esta propiedad combina una excelente ubicación con amplios y luminosos espacios ideales para tu familia. En el primer piso, encontrarás una acogedora y amplia sala con vista al parque, perfecta para compartir momentos especiales, además de un hermoso jardín donde podrás relajarte y disfrutar del aire libre. En el segundo piso, te espera otra sala con una vista panorámica al parque, el espacio ideal para descansar o disfrutar en familia con total comodidad. Además, cuenta con un ingreso independiente al segundo piso, lo que la convierte en una gran oportunidad de inversión, ya sea para vivir y alquilar una parte, o adaptarla según tus necesidades. Una propiedad que lo tiene todo: ubicación, amplitud, independencia y una vista inmejorable. ¡Haz de esta casa el hogar que siempre soñaste!|https://www.adondevivir.com/propiedades/clasificado/veclcain-hermosa-casa-en-venta-frente-a-parque-148123672.html?n_src=Listado&n_pills=Jard%C3%ADn&n_pg=1&n_pos=12|2026-02-01
adondevivir|casas|venta|Lima Centro|Brena|"Jirón Huanta 881
Lima Cercado, Lima"|S/ 4,025,000 · USD 1,150,000|4025000|1150000|||285 m² tot.|285||||Jirón Huanta 881 – Lima CercadoInvierte en una ubicación estratégica y altamente comercial! Ubicada en el corazón del Cercado de Lima, a solo unos pasos del Instituto Nacional Materno Perinatal y muy cerca del cruce con Jirón Santa Rosa, esta propiedad representa una gran oportunidad de negocio en una zona con alta afluencia peatonal y vehicular durante todo el día. Área total: 280. 25 m²Ideal para: • Clínicas o centros médicos• Locales comerciales o almacenes• Proyectos empresariales o educativosVentajas del entorno: • Zona consolidada con comercios, servicios, bancos y transporte público cercano• Alta exposición comercial• Accesos directos a avenidas principales del Centro de LimaUbicación exacta en Google Maps: https: //maps. app. goo. gl/NofuLhZzjv9RfX6X9Inversión segura y rentableUbicada en un punto estratégico del Cercado de Lima, donde los inmuebles mantienen y aumentan su valor con el tiempo. Ideal para inversionistas que buscan alta rentabilidad o empresas que desean posicionarse en una zona de gran proyección comercial. Nota: Propiedad en proceso de sucesión intestada. Las visitas podrán programarse en aproximadamente 45 días. Contáctame para más información o coordinar una visita: T. C. 3. 50Tipo de cambio referencial, sujeto a variación diaria por fluctuación del mercado|https://www.adondevivir.com/propiedades/clasificado/veclcain-excelente-oportunidad-de-inversion-en-el-cercado-de-148118488.html?n_src=Listado&n_pg=1&n_pos=13|2026-02-01
adondevivir|casas|venta|Lima Centro|Brena|"JIRON NAZCA/ELIZABETH JORGE
Jesús María, Lima"|S/ 899,000 · USD 269,000|899000|269000|||"250 m² tot.
4 dorm.
2 baños"|250|4|2||Se vende A precio de ocasion amplia casa de 3 pisos!! Conoce esta amplia casa que tiene de area de terreno 90M2 Y area construida 250M2. casa ubicada en condominio, con un lindo pasaje donde se encuentran 10 viviendas. Zona centrica. ubicada en: 2 cdra de la rambla av brasil, A 2 cuadras de la avenida salaverry. Cerca A centros comericales. banco, iglesias. Primer nivel: - sala. - comedor. - cocina. - lavanderia. - 1 baño completo. - terraza Y hall de ingreso. segundo nivel: - 3 dormitorios amplios. - 2 baños. tercer nivel: tiene un minidepartamento entrada independiente. - sala comedor. - cocina abierta. - 1 dormitorio. - 1 baño. - amplia azotea Y cuarto Y baño de servicio. sin cochera. documentos en regla! Agenda visita!|https://www.adondevivir.com/propiedades/clasificado/veclcain-ocasion!-en-vendo-casa-de-3-pisos-en-jesus-maria-147722958.html?n_src=Listado&n_pills=Parrilla&n_pg=1&n_pos=14|2026-02-01
adondevivir|casas|venta|Lima Centro|Brena|"CUBA CON SALAVERRY
Jesús María, Lima"|S/ 1,646,400 · USD 490,000|1646400|490000|||"227 m² tot.
4 dorm.
1 baño
2 estac."|227|4||2|Vive en el corazón de Jesús María: una casa que combina ubicación estratégica y comodidad total. Esta hermosa casa de 2 pisos llega al mercado lista para convertirse en el punto de partida de tu siguiente gran etapa. (cerca de las avenidas Cuba, Salaverry y San Felipe) Distribución diseñada para tu día a día. at: 227. 9 m2. ac: 274. 35 m2. Primer Piso: - Sala y comedor que fluyen con naturalidad, ideales para recibir y compartir. - Cocina empotrada con reposteros altos y bajos, pensada para maximizar eficiencia. - Baño de visita. - Acogedora antesala y un cuarto de estudio perfecto para home office. Segundo Piso: - 3 habitaciones amplias con excelente iluminación. - 1 baño completo con distribución inteligente. Plus adicional. - Habitación de servicio independiente. - Cochera amplia con capacidad para 2 autos, un diferencial clave en la zona. ¿Por qué esta casa es una oportunidad? Está ubicada en pleno corazón de Jesús María, uno de los distritos más demandados de Lima y valorado por su accesibilidad, seguridad y entorno familiar. Una propuesta ideal para quienes buscan comodidad, proyección y un estilo de vida equilibrado. Activa tu visita hoy mismo y descubre por qué esta puede ser la casa que estabas esperando.|https://www.adondevivir.com/propiedades/clasificado/veclcain-hermosa-casa-en-venta-en-jesus-maria-148368124.html?n_src=Listado&n_pg=1&n_pos=15|2026-02-01
adondevivir|casas|venta|Lima Centro|Brena|"Calle Eduardo del Castillo Cercado de Lima al 2400
Centro De Lima, Lima Cercado"|S/ 1,012,026 · USD 300,000|1012026|300000|||"297 m² tot.
6 dorm.
1 estac."|297|6||1|Venta de casa en cercado de lima límite con pueblo librea una cuadra de Av. Alejandro Bertello, a unas cuadras de Av. Mariano Cornejo y de Plaza La Bandera. *Detalle del inmueble: -Área de terreno 174. 80 m2, de 2 pisos, con ingreso independiente para el 2do piso. Casa para remodelar por su antigüedad. -Área construida: 297m2*1er. Piso: -Sala comedor amplia con vista a jardín y sala de estar. -Cocina amplia cerrada con reposteros y lavandería. -Conexión a gas natural de Calidda. -03 dormitorios con closet. -02 baños completos. -Jardín interno. -Medidor de luz y agua independiente para cada piso-Cochera delantera dentro de reja. *2do. Piso-Área construida 150m2-Acceso independiente como un departamento. -03 dormitorios. -Sala comedor amplia con vista a la calle. -Cocina amplia cerrada con reposteros y lavandería. -01 baño completo. -Azotea con habitación y baño-Cistena subterránea para agua-Tanque elevado para agua-Aires disponibles-Antigüedad + de 30 años. **Precio de venta: $300, 000 dólares. **Para mayor información y visitas, contactarme!|https://www.adondevivir.com/propiedades/clasificado/veclcain-casa-en-venta-en-cercado-de-lima-limite-con-pueblo-148123897.html?n_src=Listado&n_pills=Jard%C3%ADn&n_pg=1&n_pos=16|2026-02-01
adondevivir|casas|venta|Lima Centro|Brena|"Jr. Teniente Arancivia 299, Cercado de Lima
Lima Cercado, Lima"|S/ 780,000 · USD 208,000|780000|208000|||"392 m² tot.
4 dorm.
3 baños
1 estac."|392|4|3|1|Se vende casa de 2 pisos en buen estado de conservación ideal para vivir. valor comercial: S/ 780, 000. características: + Área de Terreno: 182. 04 m2. + Área Ocupada: 392. 04 m2. + Zonificación: zte-3. + Cuenta con 4 dormitorios, 3 baños, azotea y estacionamiento. + Ubicada en un entorno urbano-residencial, cerca Avenida Sebastián Lorente. ¡agenda una visita gratis! Recuerda, en Grupo Ordesa podrás encontrar inmueble en todo el Perú. Solicita tu catálogo para encontrar propiedades en soles y en dólares esperando por ti. *Tipo de cambio referencial de 3. 75. Sujeto a variación diaria por fluctuación del mercado. No te olvides de seguirnos en nuestras redes sociales: ig: @grupo. ordesa. fb: Grupo Ordesa. sadorsa sac - ruc Ver datos. sadorsa bank - ruc Ver datos|https://www.adondevivir.com/propiedades/clasificado/veclcain-amplia-casa-de-2-pisos-en-cercado-de-lima-145470070.html?n_src=Listado&n_pg=1&n_pos=17|2026-02-01
adondevivir|casas|venta|Lima Centro|Brena|"Sebastian Lorente, Cercado de Lima
Lima Cercado, Lima"|S/ 648,000 · USD 190,588|648000|190588|||"363 m² tot.
7 dorm.
7 baños"|363|7|7||Contactarse claudia meiggs / Celular 9 9 4 6 5 7 5 1 8 venta de casa como terreno en cercado de lima A precio de remate. El área total es de 363. 66 M2 Y puedes adquirirlo A solo S/. 698, 100 (ni siquiera está A precio de terreno). Es una casa en quinta de 363 M2 que incluye 7 dormitorios, los cuales puedes alquilar Y vivir de tus rentas O usarlo todo como vivienda. Consta también de 4 baños, 1 cocina, sala comedor, 7 dormitorios, 1 depósito, patio y jardín. Excelente ubicación, de fácil acceso A avenidas principales como av. Sebastian lorente, A pocas cuadras de av. Miguel grau Y jr. Ancash. Además, está cerca del colegio maria auxiliadora Y colegio republica de guatemala, así como A 1 cuadra de marvisur. Es una excelente oportunidad de inversión! Si estás buscando una casa grande con varias habitaciones, con un jardin grande, este es tu lugar. Si además lo quieres para una oportunidad de negocio, quieres colocar una casa de reposo, tienes un negocio en el que necesitas amplio espacio O si también luego de adquirirlo te interesa la oportunidad de alquilarlo, este es el lugar ideal, ya que tiene 7 habitaciones, 7 baños Y cada habitación alrededor de 15 M2. Propiedad sin hipoteca agenda tu cita precio: S/. 698, 100 *El tipo de cambio es referencial y podría estar desactualizado. Contactarse claudia meiggs / Celular 9 9 4 6 5 7 5 1 8|https://www.adondevivir.com/propiedades/clasificado/veclcain-ocasion-vendo-casa-como-terreno-en-cercado-de-lima-147787512.html?n_src=Listado&n_pills=Jard%C3%ADn&n_pg=1&n_pos=18|2026-02-01
adondevivir|casas|venta|Lima Centro|Brena|"Av. Arica 2340
Chacra Rios, Lima Cercado"|S/ 3,688,960 · USD 1,048,000|3688960|1048000|||"621 m² tot.
6 dorm.
4 baños
6 estac."|621|6|4|6|Venta casa cercado de lima de 621. 60M2 $1, 048, 000 Av. Arica Ver datos at: 621. 60M2 ac: 527. 76M2 Persona de Contacto Rosa Esquerre 9. 8. 1. 2. 1. 0. 0. 2. 1. Zonificación Referencial: cz - Comercio Zonal. Según Plano de Zonificación del Instituto Metropolitano de Planificación. Amplia propiedad ubicada en plena Av. Arica, ideal para vivienda, negocio u oficinas gracias a su excelente distribución y al local comercial con ingreso independiente en la fachada. Inmueble de dos pisos ocupado como vivienda en su parte delantera y taller de un piso y azotea, en su parte posterior. Distribución: Edificación delantera • Primer piso: sala, comedor, medio baño, cocina con comedor de diario, terraza, patio y cochera. En la parte frontal se encuentra un local comercial con baño, ideal para negocio propio o renta. • Segundo piso: hall, tres dormitorios (dos contiguos), un baño completo, depósito y patio. • Azotea: cuarto y baño de servicio. Edificación posterior • Primer piso: recepción, oficina con baño, área de impresión, depósito, almacén, oficina adicional, baños y vestuario de personal. • Azotea: guardianía y depósito. Beneficios destacados: • Terreno amplio de 620 m². • Versatilidad para uso residencial, comercial o empresarial. • Ubicación estratégica en el Cercado de Lima, con alta conectividad. • Cochera para 6 autos • Estado del Inmueble: bueno documentacion en regla. Persona de Contacto: Rosa Esquerre 9. 8. 1. 2. 1. 0. 0. 2. 1.|https://www.adondevivir.com/propiedades/clasificado/veclcain-casa-terreno-en-venta-en-cercado-de-lima-621-m-sup2-.-148083676.html?n_src=Listado&n_pills=%C3%81rea+de+lavander%C3%ADa&n_pg=1&n_pos=19|2026-02-01
adondevivir|casas|venta|Lima Centro|Brena|"Avenida Arnaldo Márquez
Jesús María, Lima"|S/ 1,837,000 · USD 550,000|1837000|550000|||"500 m² tot.
6 dorm.
4 baños"|500|6|4||Amplia casa de dos pisos, area de terreno 269m2 inmejorable ubicacion cuatro dormitorios, cuatro baños, sala comedor, cocina, lavanderia, area de servicio. Cinthya Gil. 9. 5. 5. 5. 4. 3. 7. 4. 3. -. 9. 2. 5. 8. 0. 3. 3. 2. 6. Tenemos este y mas casas en venta. Comunicate con nosotros y encuentra la propiedad ideal para ti!|https://www.adondevivir.com/propiedades/clasificado/veclcain-venta-de-casa-como-terreno!-148818881.html?n_src=Listado&n_pills=%C3%81rea+de+lavander%C3%ADa&n_pg=1&n_pos=20|2026-02-01
adondevivir|casas|venta|Lima Centro|Brena|"Sebastian Lorente Mz. C Lote 19 Cercado de Lima
Martinete, Lima Cercado"|S/ 332,500 · USD 95,000|332500|95000|||"99 m² tot.
3 dorm.
2 baños
1 estac."|99|3|2|1|Casa de venta de 99 m2 en el corazón de Cercado de LimaPrimer nivel: - Sala comedor con vista externa- Cocina cerrada- 01 medio bañoSegundo nivel: - 02 Dormitorios- 01 Baño completoTercer nivel: - 01 Dormitorio- LavanderíaAceptan mascotasParqueCerca de Estación Presbitero MaestroPrecio: us$ 95, 000Contáctame: Mayte Pinares9*5*8*1*4*8*5*9*9*|https://www.adondevivir.com/propiedades/clasificado/veclcain-casita-en-martinete-cercado-de-lima-147676489.html?n_src=Listado&n_pills=Jard%C3%ADn&n_pg=1&n_pos=21|2026-02-01
adondevivir|casas|venta|Lima Centro|La Victoria|"Juan Voto Bernales
La Victoria, Lima"|S/ 1,428,000 · USD 420,000|1428000|420000|||"479 m² tot.
5 dorm.
4 baños
1 estac."|479|5|4|1|Casa en Venta – Frente a Parque en La Victoria, Ideal para Vivienda o Proyecto Inmobiliario. Se vende espaciosa casa de tres pisos con excelente ubicación frente a parque, en una zona residencial y estratégica de La Victoria. Con 200 m² de terreno, esta propiedad ofrece una oportunidad única para remodelar, ampliar o desarrollar un nuevo proyecto inmobiliario. Características principales: Área de terreno: 200 m² Área construida: 479. Frente: 10. Fondo: 20. Construcción de tres niveles. Ambientes amplios y con excelente iluminación natural. Jardín interior, patio y cochera. Ubicada frente a parque, con vista abierta y mayor tranquilidad. Zonificación favorable para futura construcción multifamiliar. Ubicación: Calle Juan Voto Bernales, La Victoria. A pocas cuadras de Av. México, Av. Iquitos y Av. Parinacochas. Entorno residencial, cercano a comercios, transporte público, colegios y clínicas. Ideal para: Remodelación completa. Vivienda familiar con amplios espacios. Proyecto multifamiliar o de inversión|https://www.adondevivir.com/propiedades/clasificado/veclcain-frente-a-parque-lo-que-estas-buscando!-ideal-para-148554984.html?n_src=Listado&n_pills=Cerca+a+colegios&n_pg=1&n_pos=1|2026-02-01
adondevivir|casas|venta|Lima Centro|La Victoria|"Av. Mexico 230
La Victoria, Lima"|S/ 8,761,512 · USD 2,500,000|8761512|2500000|||1525 m² tot.|1525||||Amplio local comercial de 775 m2, con excelente ubicación y accesibilidad para flujo de servicios al público y clientes. Cada piso tiene una infraestructura física adecuada para desarrollar actividades específicas para cada tipo de negocio. Ingresando al local contamos con una recepción que nos permite inmediato acceso a los 4 pisos del edificio. - En el 1er piso contamos con una nave de unos 500 mts aproximadamente con sus respectivos baños tanto para hombres, mujeres y discapacitados ( 5 en total) - La mezzanine tiene 3 ambientes diferenciados de buen tamaño además de 3 de baños- El 2do y 3er piso tienen 250 mts cada uno, con 9 ambientes de excelente tamaño y tres baños por piso- El 4to y último piso, cuenta con 4 ambientes y 1 baño. - Cuenta con tanque elevado y cisterna y los servicios diferenciados por cada piso- Nave de 550m2 + 2 mezanines con área de 100m2No pierdas esta oportunidad de inversión, agenda tu cita con Machela Figari 9. 4. 2. 6. 0. 3. 8. 9. 0_________Jessica Tapia - Asociados: Tu socio inmobiliario en PerúTe ayudamos a vender, comprar o alquilar tu propiedad con un servicio personalizado y profesional. Encontramos el comprador, inquilino o inmueble perfecto para ti, asegurando que todo el proceso sea ágil y seguro. Visita nuestra web y haz realidad tus metas inmobiliarias|https://www.adondevivir.com/propiedades/clasificado/veclcain-la-victoria-edificio-comercial-en-excelente-zona:-147407964.html?n_src=Listado&n_pg=1&n_pos=2|2026-02-01
adondevivir|casas|venta|Lima Centro|La Victoria|"YERBATEROS
La Victoria, Lima"|S/ 872,479 · USD 260,000|872479|260000|||"100 m² tot.
26 dorm.
10 baños"|100|26|10||"Se vende casa de 05 pisos vista externa en yerbateros, la victoria.. Área Terreno: 100. 00 M2. características generales: . La casa se vende para vivienda o uso comercial. . Casa de 05 pisos. . Años de antigüedad: 30 años. Primer nivel: . Un local comercial amplio e iluminado. . Dos baños completos. Segundo nivel: . 6 habitaciones. . Dos baños completos. Tercer nivel: . 7 habitaciones. . 2 baños completos. Cuarto nivel: . 7 habitaciones. . 2 baños completos. Quinto piso: . 6 habitaciones. . 2 baños completos. Ubicación Y referencia: . Cerca a Gamarra, mercado mayorista de frutas, Parque del Migrante, Yerbateros. Accesible a principales vías: Av. México | Av. San Luis | Av. Aviación | Av. Nicolás Ayllón. Precio de venta de la casa: us$260, 000 Dólares - precio negociable. toda la documentación en regla. Contacto: hellen salazar cabrera / 936*961*375. **"|https://www.adondevivir.com/propiedades/clasificado/veclcain-se-vende-casa-de-05-pisos-vista-externa-en-yerbateros-148698323.html?n_src=Listado&n_pills=Cerca+a+colegios&n_pg=1&n_pos=3|2026-02-01
adondevivir|casas|venta|Lima Centro|La Victoria|"Av. 28 de Julio 2970
La Victoria, Lima"|S/ 670,000 · USD 285,000|670000|285000|||"65 m² tot.
10 dorm.
5 baños"|65|10|5||Excelente ubicación en una Quinta en la Av. 28 de Julio 2970, La Victoria. A una cuadra de la futura estación 28 de Julio del Metro 2 cruce con aviación que va a hacer trasbordo con la línea 1. Cerca del emporio Gamarra. ideal para inversion O taller de costura. Área de Terreno: 65m2. Área total Construida: 315m2. Son 5 departamentos independizados en Registros Públicos. cada piso consta de un departamento sala comedor, cocina, baño completo y dos dormitorios. Más azotea (para un posible 6to departamento) se vende todo completo: $285, 000. contactanos 9. 8. 1. 2. 4. 4. 6. 7. 7. / 9. 3. 6. 8. 8. 5. 7. 3. 5|https://www.adondevivir.com/propiedades/clasificado/veclcain-vendo-edificio-con-5-departamentos-independizados-en-148792749.html?n_src=Listado&n_pills=Cerca+a+colegios&n_pg=1&n_pos=4|2026-02-01
adondevivir|casas|venta|Lima Centro|La Victoria|"parque union panamericana, la victoria
La Victoria, Lima"|S/ 720,000 · USD 195,000|720000|195000|||"147 m² tot.
5 dorm.
3 baños
1 estac."|147|5|3|1|Vendo casa de 5 dormitorios remodelada en condominio. us$ 195, 000. Ubicada en Urb. Balconcillo - La Victoria. 1er piso: Ingreso, muy amplia sala y comedor con patio, cocina cuadrada, baño. 2do piso: 4 dormitorios amplios que comparten 1 baño completo. 3er piso: Acceso por escalera desde el patio del 1er piso, área de terraza, 1 dormitorio adicional, baño completo. Si bien es cierto que la casa no cuenta con estacionamiento propio, la calle tiene muchas cocheras donde usualmente se quedan los autos de los propietarios con un guardián y este siempre guarda 1 espacio para esta casa. Contáctanos|https://www.adondevivir.com/propiedades/clasificado/veclcain-casa-5-dorm.-remodelada-en-condominio-143573886.html?n_src=Listado&n_pills=Guardian%C3%ADa%2FSeguridad+privada&n_pg=1&n_pos=5|2026-02-01
adondevivir|casas|venta|Lima Centro|La Victoria|"ALISIOS
Tupac Amaru, La Victoria"|S/ 468,600 · USD 132,000|468600|132000|||"127 m² tot.
3 dorm.
3 baños"|127|3|3||Facil acceso por av. Aviacion, av. Canadá, av. Nicolas arriola, av. Del aire. visitas rápidas!! Visita hoy mismo esta magnífica casa de 2 pisos en venta, se encuentra en urb. Tupac amaru de la victoria. Casa + 1 mini departamento con entrada independiente, ideal para familias O como inversión para rentarla. La casa tiene 85 M2 de terreno, un área ocupada de 127 M2 Y área techada de 83 M2. parámetros para ampliar de 1 A 2 pisos adicionales (3ero, Y 4to. Piso) distrubución 1er. Piso - 51. 53 M2 construídos. ingreso, sala comedor, baño de visitas, 1 dormitorio con closet, 1 baño completo, amplio patio interior, cocina Y lavandería. distribución 2do. Piso - 31. 47 M2 construídos. mini departamento con entrada independiente con escalera externa puerta calle O escalera interna desde el primer piso. Ambos accesos se encuentran habilitados. Cuenta con 1 dormitorio, 1 baño completo, sala, cocina. 3er. Piso - azotea. se accesa desde el 2do. Piso con escalera interna. Todos los servicios son independientes, agua con medidor Y recibo propio, luz con medidor Y recibo propio. la urbanización tupac amaru se ubica en un punto estratégico de la ciudad, conecta con las principales vías como av. Aviación, av. Canadá, av. Del aire, av. Arriola lo que genera que sea una urbanización consolidada, cerca al parque ernesto garcia calderon. Buen acceso A trasporte publico por sus ejes transitables, cerca A zonas comerciales Y servicios médicos por su cercanía A san borja, canada Y san luis. * precio referencial en soles, sujeto al tipo de cambio del día|https://www.adondevivir.com/propiedades/clasificado/veclcain-cerca-ovalo-arriola-emporio-de-gamarra-la-videna-147018511.html?n_src=Listado&n_pills=%C3%81rea+de+lavander%C3%ADa&n_pg=1&n_pos=6|2026-02-01
adondevivir|casas|venta|Lima Centro|La Victoria|"JR AMERICA
La Victoria, La Victoria"|S/ 1,530,800 · USD 430,000|1530800|430000|||"152 m² tot.
3 dorm.
1 baño"|152|3|||Se vende casa dentro de quinta cerrado en una de las mejores zonas comerciales en emporio comercial de gamarra, la casa esta para remodelar. ubicación extrategica zona comercial: A 1 cdra de av. Isabel la catolica Y 1 cdra de av huanuco. ¡oportunidad! Área: 106 m² Área T. 152m2. Distribución: casa de 3 pisos adosada. 1er nivel. Ingreso – Escaleras. 2do nivel. 3 dormitorios – 1 baños. Sala amplia y comedor amplio. Cocina, patio. 1 baño servicio. 3er nivel. 2 habitaciones con material noble. 1 habitación en tripley. Documentación En Regla. ¡No pierdas esta oportunidad!|https://www.adondevivir.com/propiedades/clasificado/veclcain-casa-en-venta-jr-america-la-victoria-147982736.html?n_src=Listado&n_pg=1&n_pos=7|2026-02-01
adondevivir|casas|venta|Lima Centro|La Victoria|"JR. Antonio Raymondi
La Victoria, Lima"|S/ 514,300 · USD 135,000|514300|135000|||"60 m² tot.
4 dorm.
2 baños"|60|4|2||Id: 3 2 3 3 9 casa 60M2 cerca al parque el porvenir Casa de 02 pisos y azotea, ubicada en el Jr. Antonio Raymondi a dos cuadras de la via Expresa de Grau y a 3 cuadras del Parque El Porvenir. El ingreso inicial es a una Quinta, el pasadizo es amplio hasta llegar a la fachada de la casa, la cual cuenta un ingreso que muestra la Sala Comedor. El inmueble está ubicado en una zona Residencial de Densidad Media (rdm), construido de material noble. El estado de conservación de la edificación es bueno y su uso de vivienda. Area del terreno: 60M2 area total construida: 130M2 distribucion: piso 1: Sala Comedor, 1 baño de visitas, cocina, lavandería y escalera principal al segundo piso. Piso 2: Tres dormitorios, 1 baño, pasadizo, escalera a la azotea. Azotea: 2 Dormitorios, salita, cocina y patio. Agenda una visita y mudate ya! 121% comprometidos en brindarte un servicio de excelencia.|https://www.adondevivir.com/propiedades/clasificado/veclcain-casa-de-2-pisos-en-quinta-la-victoria-id:-3-2-3-3-9-147504028.html?n_src=Listado&n_pills=%C3%81rea+de+lavander%C3%ADa&n_pg=1&n_pos=8|2026-02-01
adondevivir|casas|venta|Lima Centro|La Victoria|"Julio Villegas
La Victoria, Lima"|S/ 1,520,000 · USD 400,000|1520000|400000|||"300 m² tot.
4 dorm.
5 baños
4 estac."|300|4|5|4|Venta de casa como terreno en La Victoria muy cerca a GamarraUbicado en calle Julio Villegas a 5 minutos del Emporio Textil de Gamarra. Cerca a avenidas principales. Cuenta con 5 pisos los cuales tienen ingreso independiente, ideal para almacenamiento o talleres industriales. - at: 175 m²- ac: 300 m²- 4 Dormitorios. - 2 Cocinas. - 5 baños. - Porton grande y alto para unidades de gran tamaño de carga y descarga de mercancias. - 50 años de antigüedad- Espacio para 4 estacionamientos- Precio de Venta us$ 400. 000. 00mo-78*tipo de cambio: 3. 80|https://www.adondevivir.com/propiedades/clasificado/veclcain-casa-en-la-victoria-145756506.html?n_src=Listado&n_pg=1&n_pos=9|2026-02-01
adondevivir|casas|venta|Lima Centro|La Victoria|"Jiron Zafiros 2, La Victoria
La Victoria, Lima"|S/ 3,700,000 · USD 1,000,000|3700000|1000000|||"867 m² tot.
8 dorm.
6 baños
10 estac."|867|8|6|10|Ocasión Vendo Casa, Local Comercial, Almacen o Terreno en Jiron Zafiros 2, La Victoria (Cerca a la Via Expresa, Av. Javier Prado, Gamarra, San Borja y San Isidro), Precio: $ 1, 000, 000 dolares, Area de Terreno: 867 m2, Area Construida: 922 m2, Parametros para 6 pisos ideal para constructores o negocio, actualmente funciona como almacen, posee 8 dormitorios y oficinas. H&amp;amp;E|https://www.adondevivir.com/propiedades/clasificado/veclcain-vendo-casa-almacen-o-terreno-zafiros-la-victoria-146769654.html?n_src=Listado&n_pills=Cuartos+de+servicio&n_pg=1&n_pos=10|2026-02-01
adondevivir|casas|venta|Lima Centro|La Victoria|"Av. Paseo de la República 1719
La Victoria, Lima"|S/ 7,865,625 · USD 2,097,500|7865625|2097500|||839 m² tot.|839||||Venta de Terreno en La Victoria ideal para Desarrollo Inmobiliario o como Local ComercialUbicación Av. Paseo de la República 1719Terreno con dos FrentesA. De Terreno 839. 75 m2Zonificación: rdausos: Vivienda Unifamiliar y Multifamiliar. Parámetros: ? Precio de Venta us$ 2, 500. 00 usd. X m2. -&amp;gt; (Se escuchan propuestas) Descripción: Terreno, con dos frentes, un frente da a la Av. Paseo de la República y el otro frente a al Jr los Brillantes. El precio del terreno es de 2, 097, 500 usd negociables. Documentos en regla.|https://www.adondevivir.com/propiedades/clasificado/veclcain-local-comercial-en-venta-ideal-para-desarollo-143780529.html?n_src=Listado&n_pg=1&n_pos=11|2026-02-01
adondevivir|casas|venta|Lima Centro|La Victoria|"Vendo Edificio Completo 5 Pisos, La Victoria, Balconcillo
La Victoria, Lima"|S/ 1,872,000 · USD 480,000|1872000|480000|||"500 m² tot.
10 dorm.
10 baños
2 estac."|500|10|10|2|Vendo ocasion casa edificio completo en la victoria. balconcillo, 5 cuadras av mexico Y via expresa, remato edificio. Precio: $ 480, 000 dolares, A. C.: 500 m2 construido. 4 departamentos de 100 m2 y 5 piso como estudio o terraza, 6 piso como deposito 2x3 mSe vende edificio de 5 pisos, 4 departamentos, independientes, un 5 piso que sirve como estudio o terraza y un 6 piso como deposito de 2 x 3 en una zona tranquila, rodeada de varios colegios y parques con salidas directas hacia avenidas principales. El modelo que se aprecia en las fotos pertenecen al 4 piso, la distribución es la misma (1, 2, 3 y 4 piso) la terraza es un estudio de 30 mtrs de material noble y 70 mtrs en material distribución de la casa es la siguiente: primer piso, segundo piso y tercer piso cada uno cuenta con: 3 habitaciones3 baños1 cocinasala comedorCuarto piso: 3 habitaciones( 2 cuenta con ducha y lavabo, y una con armario) 1 cocina1 mini depositosala comedor. Terraza: 1 baño1 depositocualquier duda comunicarse con nosotrosHogar &amp; Estilo Inmobiliaria Teléfonos: Oficina: 372-25-61 /Celular: 975-49-8042 / Celular: 981-15-1109 Website: // Email: info(@) hogarestilo. net|https://www.adondevivir.com/propiedades/clasificado/veclcain-vendo-edificio-completo-5-pisos-la-victoria-146768231.html?n_src=Listado&n_pills=%C3%81rea+de+lavander%C3%ADa&n_pg=1&n_pos=12|2026-02-01
adondevivir|casas|venta|Lima Centro|La Victoria|"PASAJE LAS BRISAS 106
Tupac Amaru, La Victoria"|S/ 935,000 · USD 262,000|935000|262000|||"120 m² tot.
8 dorm.
4 baños"|120|8|4||Casa de 4 Niveles en Zona Residencial Estratégica. ¡Descubre esta amplia y cómoda casa de 4 niveles ideal para familias numerosas o como inversión! Primer Piso: Amplia sala-comedor, ccocina, baño completo, patio y terraza; Segundo Piso: 3 dormitorios y dos baños completos. Tercer piso: Cuenta con 6 habitaciones, lavandería y baño completo. Cuarto Piso D os depósitos y una amplamplia azotea, Ubicada en una excelente zona residencial, cerca de La Rambla, Estación La Cultura y Estación Arriola, a 5 minnutos del Emporio de Gamarra y La Videna. Facil acceso por av. Aviacion, av. Nicolas arriola, av. Del aire|https://www.adondevivir.com/propiedades/clasificado/veclcain-casa-en-venta-144989943.html?n_src=Listado&n_pills=Jard%C3%ADn&n_pg=1&n_pos=13|2026-02-01
adondevivir|casas|venta|Lima Centro|La Victoria|"AV Parinacochas al 1800
La Victoria, Lima"|S/ 1,846,300 · USD 499,000|1846300|499000|||"526 m² tot.
6 dorm.
4 baños
3 estac."|526|6|4|3|Se vende local comercial en cuadra 18 de av parinacochas, la victoria. ¡gran oportunidad para empresarios E inversionistas! se vende amplio local comercial de cuatro pisos Y azotea, con at, 120 M2 Y ac 490 M² con una ubicación inmejorable en la cuadra 18 de av parinacochas, la victoria. este espacio está situado en una zona de alta demanda Y gran afluencia de público, rodeado de empresas de transporte terrestre, carga Y encomiendas. entre las avenidas mexico, canada, nicolas arriola Y via expresa luis bedoya reyes ideal para establecer un negocio rentable. ¡asegura tu inversión en el mejor momento! es amplio Y funcional, ya que incluye oficinas, áreas de estacionamiento Y almacenamiento. Vivienda. Esta combinación lo hace una inversión sumamente atractiva para una variedad de usos comerciales, descripcion: 1er Piso: locales comerciales que están intercomunicados internamente con baño y área de tres estacionamientos2do Piso: Amplio Departamento independiente con baño3er Piso: Amplio Departamento independiente con baño4to Piso: Amplio Departamento independiente con baño, yAmplia Azotea con habitacionesConsultar con el Agente Inmobiliario encargado para mayor información Ver datoscs.|https://www.adondevivir.com/propiedades/clasificado/veclcain-se-vende-local-comercial-la-victoria-146478840.html?n_src=Listado&n_pills=%C3%81rea+de+lavander%C3%ADa&n_pg=1&n_pos=14|2026-02-01
adondevivir|casas|venta|Lima Centro|La Victoria|"Jr. Los Rubies 0403 - 0409
La Victoria, Lima"|S/ 1,328,582 · USD 395,000|1328582|395000|||"241 m² tot.
4 dorm.
3 baños
1 estac."|241|4|3|1|Con fácil acceso por avenidas México, Canadá y Paseo de la República, a cinco minutos del Emporio de Gamarra, rodeado de diferentes comercios y parques. La casa cuenta con un 1er piso construido con posibilidad de crecer dos pisos más, se distribuye de la siguiente manera: sala comedor amplia con vista a la calle, cocina con muebles altos y bajos en madera, cuatro dormitorios amplios que comparten dos baños completos, patio con salida a la calle lateral, área de servicio completa (lavandería, tendal, cuarto y baño de servicio). Para más información y agendar una visita, ¡contáctenos!|https://www.adondevivir.com/propiedades/clasificado/veclcain--casa-en-esquina-en-excelente-ubicacion-de-la-147105514.html?n_src=Listado&n_pills=%C3%81rea+de+lavander%C3%ADa&n_pg=1&n_pos=15|2026-02-01
adondevivir|casas|venta|Lima Centro|La Victoria|"Juan Bujanda 242
Santa Catalina, La Victoria"|S/ 1,260,000 · USD 360,000|1260000|360000|||"290 m² tot.
4 dorm.
3 baños
1 estac."|290|4|3|1|Ubicada en una de las zonas más conectadas de Santa Catalina, esta casa de 2 plantas ofrece una gran oportunidad tanto para vivir cómodamente como para generar ingresos adicionales. Cuenta con una amplia distribución interior y, además, un departamento completamente independiente de 70 m², ideal para alquilar o para que viva un familiar de forma privada. Área de terreno: 140m2. Área construida: 235. 42. Distribución: Primer piso: Sala comedor amplia con salida a terraza interior. Cocina independiente. Mampara de vidrio divisoria (de época) Baño de visitas. 1 dormitorio. 1 cochera. Segundo piso: 3 dormitorios. 1 baño completo compartido. Tercer piso: Azotea con lavandería, cuarto y baño de servicio. Departamento de 70 m² con ingreso independiente: ¡Vive en dos pisos y alquila el tercero para cubrir una parte del crédito hipotecario! 2 dormitorios. Cocina cerrada y amplia. 1 baño completo. Área de tendal semiabierta. Cuarto y baño de servicio. Área de terreno: 140 m² Área construida total: 290 m² Atributos clave: ️ Ingreso independiente al tercer nivel. ️ Posibilidad de renta o uso multifamiliar. ️ Casa sólida, ideal para remodelar a gusto. ️ Parámetros para hasta 7 pisos. ️ Zona en desarrollo con varios edificios nuevos. Ubicación estratégica: Avenidas Canadá, Javier Prado, Paseo de la República. Estaciones del Metropolitano y corredor azul. Parques, colegios, bancos, centros comerciales y zona empresarial. Ideal para: Familias grandes, dos generaciones, quienes buscan vivir y alquilar, o para inversión futura por su zonificación. ¡Agenda tu visita hoy y conoce el potencial de esta propiedad!|https://www.adondevivir.com/propiedades/clasificado/veclcain-casa-3-pisos-con-departamento-independiente-en-santa-146941399.html?n_src=Listado&n_pills=%C3%81rea+de+lavander%C3%ADa&n_pg=1&n_pos=16|2026-02-01
adondevivir|casas|venta|Lima Centro|La Victoria|"Bateria Maypu al 500
Santa Catalina, La Victoria"|S/ 1,660,000 · USD 489,000|1660000|489000|||"343 m² tot.
5 dorm.
4 baños
1 estac."|343|5|4|1|Venta de casa en esquina frente A parque – oportunidad única para vivienda O proyecto inmobiliario¡Vive o invierte en una ubicación privilegiada. Esta amplia casa en esquina ofrece una vista espectacular al parque brindando tranquilidad y un entorno verde inmejorable. Con un terreno de 343 m², es ideal tanto para vivienda como paradesarrollo inmobiliario, con parámetros de edificación de 7 pisos (+1). Características de la propiedadUbicación exclusiva en esquina frente a parqueAmplia sala y comedor con vistas al jardín y patio interior Comedor de diario y cocina espaciosa4 dormitorios, el principal con balcón y vista panorámica al parqueÁrea de servicio con cuarto y baño Cochera incluidaUna oportunidad imperdible para vivir con comodidad o desarrollar un proyecto inmobiliario de gran potencial. Contáctanos hoy mismo para más información o agendar una visita. ¡No dejes pasar esta oportunidad única!|https://www.adondevivir.com/propiedades/clasificado/veclcain-casa-en-santa-catalina-esquina-frente-a-parque-147281287.html?n_src=Listado&n_pills=Jard%C3%ADn&n_pg=1&n_pos=17|2026-02-01
adondevivir|casas|venta|Lima Centro|La Victoria|"Agustín Gamarra al 1000
La Victoria, Lima"|S/ 52,370 · USD 15,402|52370|15402|||4 m² tot.|4||||Se venden excelentes locales en la mejor zona de Gamarra a una cuadra del parque del Emprendedor Los locales están ubicados a la altura de la cuadra 8 de la Avenida Aviación. Locales ubicados en sótano de la galería Cuentan con las siguientes características: Área desde 4. 25m2Precio x m2 desde $ 3, 500 + igv|https://www.adondevivir.com/propiedades/clasificado/veclcain-local-en-gamarra-148509934.html?n_src=Listado&n_pg=1&n_pos=18|2026-02-01
adondevivir|casas|venta|Lima Centro|La Victoria|"Jr. Andahuaylas 1556
La Victoria, Lima"|S/ 873,600 · USD 260,000|873600|260000|||"273 m² tot.
3 dorm.
3 baños"|273|3|3||Casa de 3 pisos en venta en La Victoria – Ideal para negocio y vivienda. Ubicación estratégica: A solo 1 cuadra de la Av. México. Características: 1° Piso: Local comercial amplio de 135 m2. 1 baño completo. Ambiente adicional para almacén. El ingreso del 2do y 3er piso es con puerta calle independiente. 2° Piso: 2 habitaciones. 1 baño completo. 3° Piso: 2 habitaciones (una con vista exterior y otra interna) Lavandería. 1 baño completo. Ideal para negocio o inversión. Nota: El inmueble en venta cuenta con dos partidas registrales, una para el local comercial y otra para el segundo y tercer piso. El segundo y tercer piso puede pueden ser utilizados como almacenes. Oportunidad única de inversión en una de las zonas más comerciales de la ciudad. ¡Haz crecer tu negocio y tu patrimonio en un solo lugar!|https://www.adondevivir.com/propiedades/clasificado/veclcain-venta-de-casa-con-local-comercial-distrito-la-victoia-147618124.html?n_src=Listado&n_pills=%C3%81rea+de+lavander%C3%ADa&n_pg=1&n_pos=19|2026-02-01
adondevivir|casas|venta|Lima Centro|La Victoria|"Luis Espejo, La Victoria
Santa Catalina, La Victoria"|S/ 1,170,000 · USD 330,000|1170000|330000|||"188 m² tot.
4 dorm.
3 baños
2 estac."|188|4|3|2|Vendo casa de 2 pisos + azotea, 4 dormitorios frente a parque en Santa Catalina. 107m2 terreno. 188m2 construcción. usd 300, 000. Primer piso: 1 cochera (se puede estacionar un segundo carro en el frontis), jardin, delantero, amplia sala y comedor, medio baño de visitas, cocina cuadrada, puerta directa entre la cochera y la cocina, dos escaleras (escaleras principal y escaleras de servicio). Segundo piso: 4 habitaciones de gran tamaño y una sala de estar compartiendo 2 baños. completos (uno de los baños se podría partir en dos baños completos de menor tamaño). Tercer piso: Dormitorio y baño completo de servicio, gran terraza. Zona muy centrica entre la Av. Canada, Arriola y Javier Prado|https://www.adondevivir.com/propiedades/clasificado/veclcain-casa-en-santa-catalina-frente-a-parque-146154585.html?n_src=Listado&n_pills=Jard%C3%ADn&n_pg=1&n_pos=20|2026-02-01
adondevivir|casas|venta|Lima Centro|La Victoria|"Apeliotas
La Victoria, Lima"|S/ 938,000 · USD 280,000|938000|280000||1|"120 m² tot.
7 dorm.
4 baños"|120|7|4||Vendo casa en zona estratégica de La Victoria límite con San Borja, a pocos minutos del Emporio de Gamarra. Rodeado de avenidas principales: Av del Aire, Av Aviación, Av Canadá. Ubicada en Pasaje Apeliotas La Victoria. Metraje. * 120 m2 área de terreno ( 6 m de frente x 20 m de fondo) * 250 m2 aprox área construida. Cuenta con 3 pisos, acceso a la azotea. ** 1 er piso. * Jardín de ingreso. * Amplia sala. * Comedor. * Baño de visitas. * Cocina cerrada amplia. * Lavandería. * escalera de servicio. * patio interno. * 1 baño completo. * 2 habitaciones. * escalera de madera interna al 2do piso. ** 2do piso. * 3 habitaciones. * 1 baño completo. * patio y escalera de servicio. * cuarto y baño de servicio. * escalera de madera interna al 2 do piso. ** 3 er piso. * 2 habitaciones. * 1 baño completo. * patio. * escalera de servicio con acceso a la azotea. ** incluye 01 estacionamiento. Costo $280, 000. 00. contactame para mayor informaciíon Y visita al 9. 8. 7. 3. 7. 4. 0. 1. 9. Paola aguirre|https://www.adondevivir.com/propiedades/clasificado/veclcain-pl-vendo-casa-de-3-pisos-en-zona-centrica-de-la-148754453.html?n_src=Listado&n_pills=Jard%C3%ADn&n_pg=1&n_pos=21|2026-02-01
adondevivir|casas|venta|Lima Centro|La Victoria|"MAYPU 200
Santa Catalina, La Victoria"|S/ 1,697,500 · USD 485,000|1697500|485000|||"240 m² tot.
5 dorm.
4 baños"|240|5|4||Casa como terreno en esquina, super ubicada a solo dos cuadras de Metro de la Av. Canada, en Urb. Santa Catalina, ideal para casa de empresario de Gamarra, oficina administrativa, hasta para construir un edificio de 5 a 6 pisos, esta ubicada a dos cuadras de Av. Canadá y Av. Nicolás Arriola. La casa tiene un lindo jardín al ingreso, recibidor, baño social, área de sala, área de comedor social, patio, cocina completa con comedor de diario, en la otra frentera tiene implementada un jardín de infancia, con dos salones y también dos areas de juego. En el segundo piso tenemos 4 amplios dormitorios, el principal con baño integrado y el otro baño lo comparten las otras tres habitaciones, y un hall de distribución. Tercera planta donde tenemos una habitación con su baño y una amplia terraza. Linderos 20ml frentera, 12 ml en la otra frentera, fondo 20ml y a la derecha 20ml. Parametros para 5 a 6 pisos.|https://www.adondevivir.com/propiedades/clasificado/veclcain-casa-santa-catalina-en-esquina-como-terreno-o-para-144428826.html?n_src=Listado&n_pills=Guardian%C3%ADa%2FSeguridad+privada&n_pg=1&n_pos=22|2026-02-01
adondevivir|casas|venta|Lima Centro|La Victoria|"Calle Victor Bazul
Santa Catalina, La Victoria"|S/ 1,270,860 · USD 359,000|1270860|359000|||"133 m² tot.
4 dorm.
2 baños
1 estac."|133|4|2|1|Precio: $359, 000 dólares. Área de Terreno: 133 m² Área Construida: 238 m² Dormitorios: 4 (principal con walk-in closet) Baños: 2. 5. Antiguedad: 56 años. Ambientes: Sala comedor, patio, cocina cerrada, terraza, cuarto de servicio, baño de servicio, lavandería, escritorio. Espaciosa casa familiar en Santa Catalina, La Victoria. Disfrute de ambientes cómodos como una amplia sala comedor, cocina cerrada, y espacios al aire libre con patio y terraza. Incluye 4 dormitorios (principal con walk-in closet), 2. 5 baños, y un escritorio/sala de estudio. Perfecta para quienes buscan funcionalidad y una ubicación céntrica con fácil acceso a servicios. Mantenimiento: Seguridad y vigilancia de S/. 120|https://www.adondevivir.com/propiedades/clasificado/veclcain-casa-caramelo-en-venta-la-victoria-147291214.html?n_src=Listado&n_pills=Cuartos+de+servicio&n_pg=1&n_pos=23|2026-02-01
adondevivir|casas|venta|Lima Centro|La Victoria|"Avenida Santa Catalina, La Victoria
Santa Catalina, La Victoria"|S/ 1,476,300 · USD 399,000|1476300|399000|||"235 m² tot.
6 dorm.
2 baños
2 estac."|235|6|2|2|Se vende casa de 2 pisos(Sin aires) con múltiples ambientes, ideal para uso residencial, oficinas o negocio. Ubicada estratégicamente en el corazón de Santa Catalina, a solo media cuadra de la Av. Canadá y cerca de las avenidas Javier Prado y Paseo de la República. Su cercanía con San Borja permite acceso rápido a centros comerciales como La Rambla San Borja, Santa Catalina Plaza, supermercados, colegios, clínicas, entre otros. Características: • Área de terreno: 235 m²• Área construida: 393 m²Primer Nivel: • Lobby de ingreso. • Amplia sala con grandes ventanales que proporcionan abundante luz natural. • Comedor espacioso con salida al jardín interno a través de puertas de vidrio. • Estudio ideal para oficina o espacio de trabajo. • Cocina moderna y funcional, equipada con reposteros altos y bajos, con excelente iluminación. • Área de lavandería con acceso directo desde la cocina. • Dos accesos al segundo piso: desde la sala-comedor y desde la lavandería. • Estacionamiento para 2 vehículos. • Medio baño de visitas. Segundo Nivel: • 6 dormitorios amplios, todos muy iluminados, cada uno con closets empotrados. • 2 baños completos con acabados de calidad. Esta propiedad ofrece múltiples opciones de uso, en una de las zonas más solicitadas de Lima. Santa Catalina es conocida por su accesibilidad y cercanía a puntos clave de la ciudad, haciendo de esta casa una oportunidad única tanto para vivir como para establecer un negocio. Precio de Venta: $399, 000 – Se aceptan propuestasPrecio en soles referencial, sujeto a tipo de cambio. nmruc: 2. 0. 6. 0. 9. 3. 4. 7. 9. 8. 9|https://www.adondevivir.com/propiedades/clasificado/veclcain-casa-en-venta-2-pisos-sin-aires-excelente-ubicacion-146505917.html?n_src=Listado&n_pills=%C3%81rea+de+lavander%C3%ADa&n_pg=1&n_pos=24|2026-02-01
adondevivir|casas|venta|Lima Centro|La Victoria|"Juan Castro al 100
Balconcillo, La Victoria"|S/ 1,530,000 · USD 450,000|1530000|450000|||"176 m² tot.
4 dorm.
4 baños"|176|4|4||**Venta de Casa en La Victoria – Balconcillo (Av. México con Juan Castro) **Oportunidad en zona **altamente comercial**, a pocos minutos del **Emporio Gamarra**, Av. Canadá, Nicolás Arriola y rodeada de negocios, servicios y alto flujo peatonal. Perfecta para vivir, invertir o combinar ambos usos. La propiedad cuenta con **176 m²** y un gran plus: **2 locales comerciales** en el primer nivel, ideales para **depósito, almacén, taller o emprendimientos varios** gracias a su excelente ubicación. **Distribución: *Primer piso: * 2 locales comerciales con ingreso independiente* Jardín interior que brinda buena ventilación y luz natural**Segundo piso: * Amplia sala y comedor* Cocina* Dormitorios* Baños completos**Tercer piso: * 2 dormitorios* Área de lavandería* Terraza con tendalLa casa está en **buenas condiciones**, lista para uso inmediato, y con un enorme potencial por su entorno comercial estratégico.|https://www.adondevivir.com/propiedades/clasificado/veclcain-casa-con-local-comercial-en-la-victoria-148435767.html?n_src=Listado&n_pills=%C3%81rea+de+lavander%C3%ADa&n_pg=1&n_pos=25|2026-02-01
adondevivir|casas|venta|Lima Centro|La Victoria|"Los Manzanos xxx
San Isidro, Lima"|S/ 3,179,150 · USD 949,000|3179150|949000|||"332 m² tot.
4 dorm.
3 baños
4 estac."|332|4|3|4|Hermosa casa en venta en San Isidro a solo unas cuadras del Golf de San Isidro. Está situada cerca de importantes avenidas como Aurelio Miroquesada, Pezet, Portillo y el Country Club. La propiedad cuenta con amplios espacios y excelente iluminación, techos altos y acabados de calidad. Al ingresar, se encuentran los ambientes de una primera sala con chimenea, seguido de 2 salas de gran tamaño y en otro ambiente encontramos el comedor muy amplio, contando con una segunda sala de televisión o estar. Tanto salas como comedor salen a una gran terraza cn jardí y área de parrilla. Se puede acceder al segundo piso por escalera, o ascensor, en donde encontramos 4 dormitorios bastante amplios con closets de pared a pared, dos de ellos con baño incorporado. Además, en este nivel se encuentra un estudio y un salón de usos múltiples, que puede ser utilizado como taller, gimnasio o área de juegos. Área de servicio completaParámetros: 3 pisosDepósito en el tercer piso4 CocherasSistema eléctrico y de cañerías completamente renovado.|https://www.adondevivir.com/propiedades/clasificado/veclcain-casa-en-venta-de-332-m-sup2--04-dorm.-jardin-cerca-147607964.html?n_src=Listado&n_pills=Cuartos+de+servicio&n_pg=1&n_pos=1|2026-02-01
adondevivir|casas|venta|Lima Centro|La Victoria|"MANUEL PEREZ DE TUDELA
El Olivar, San Isidro"|S/ 12,215,000 · USD 3,490,000|12215000|3490000|||"600 m² tot.
5 dorm.
5 baños
3 estac."|600|5|5|3|Prácticamente nueva! Exclusiva casa de 900 metros construídos en 600m2 de terreno, con acabados de lujo y comodidad en San Isidro, en Zona del Bosque El Olivar, a 6 cuadras de Dasso. La casa se caracteriza por la luz natural que se refleja en los pisos de mármol Calacata blanco y la sensación de amplitud gracias a sus techos de 3. 50 metros de altura. Al ingresar a la casa te recibe unas escaleras que dan a un imponente recibidor. A un lado, una acogedora sala de estar con baño completo ofrece un ambiente ideal para visitas o para uso multifuncional. La doble sala principal, amplia y elegante, destaca por el bar enchapado en tela, con tablero de mármol y fondo de espejo iluminado con luces led y por la chimenea de etanol. El comedor independiente de la sala, con mucha luz natural y vista a la terraza y áreas verdes. También al ingresar a la casa, a sala de estar súper cómoda con baño completo. La terraza se extiende a lo ancho de toda la casa, brindando espacio suficiente para un juego de sala y comedor exterior. Actualmente está equipada con una moderna mesa para parrilla a gas con lavadero, enchapada en piedra sinterizada. El dormitorio principal cuenta con doble walking closet y un baño que parece sacado de un hotel cinco estrellas. Los cuatro dormitorios secundarios, todos con baño propio y luz natural. Así mismo, también se encuentra la sala de estar con detalles de madera en el piso. La cocina es un sueño: revestida con piedra sinterizada, equipada con lo último en electrodomésticos y diseñada para venderse completamente lista para usar. Al lado, una parrilla a gas y un comedor informal. El gimnasio, amplio y moderno, está diseñado con acabados en pvc laminado, techo de aluminio blanco y membrana asfáltica. Detalles que marcan la diferencia: griferías Kohler, luminarias spot ahorradoras, elevador para discapacitados marca Azteca, aire acondicionado centralizado en toda la casa, cortinas eléctricas en el dormitorio principal y piscina temperada.|https://www.adondevivir.com/propiedades/clasificado/veclcain-fuera-de-serie!-casa-de-lujo-con-5-dorm.-en-venta-san-147790873.html?n_src=Listado&n_pills=Piscina&n_pg=1&n_pos=2|2026-02-01
adondevivir|casas|venta|Lima Centro|La Victoria|"Ca Clemente X Cdra. 1,
San Isidro, Lima"|S/ 8,000,000 · USD 2,000,000|8000000|2000000|||"926 m² tot.
9 dorm.
6 baños
4 estac."|926|9|6|4|Casa de 3 pisos y azotea con parámetros para 6 pisos + azotea Linderos y medidas: por el frente con 20. 58ml, por la derecha con 45. 99ml, por la izquierda con 40ml, 0, 06ml y 23. 28ml Área terreno: 926. 34m2 Área construida total: 759. 60m2 Área libre: 351. 80m2 Precio: $2’000, 000 9 dormitorios (uno grande con baño incorporado, dos con baño compartido, uno con baño incluido, uno con salida a balcón, wc, vista a jardín y baño incorporado, y uno con baño incorporado, salida a balcón y vista a jardín) 6 baños (4 incorporados) 2 Baño de visitas 4 Cochera (grandes como para camionetas) Antigüedad: 39 años Área de servicio: lavandería amplia y zona de tendal Hall de entrada Escritorio Sala con chimenea con bar ( pisos de madera) Comedor (pisos de madera) Cocina con comedor de diario 2 Sala de estar Sala de juegos con baño incorporado Jardín delantero Jardín interior, con zona de parrilla y baño Tienes escalera de servicio y escalera principal 1er piso: jardín delantero y posterior, 2 baño de visita, escritorio, sala, bar, comedor, jardín, parrilla, sala de estar con baño, sala de juegos, cocina, 1 dormitorio con baño incorporado 2do piso: 6 dormitorios, 5 baños, balcón, wc, lavandería, tendal, sala de estar grande 3er piso: 3 dormitorios, 1 baño y salida a azotea --|https://www.adondevivir.com/propiedades/clasificado/veclcain-vendo-casa-en-clemente-x-san-isidro-146514989.html?n_src=Listado&n_pills=%C3%81rea+de+lavander%C3%ADa&n_pg=1&n_pos=3|2026-02-01
adondevivir|casas|venta|Lima Centro|La Victoria|"Av. Paseo Parodi 565, San Isidro
San Isidro, Lima"|S/ 4,200,000 · USD 1,200,000|4200000|1200000||1|543 m² tot.|543||||¡ocasión! Venta de casa como terreno_ en pleno centro financiero san isidro. Av. Paseo Parodi - San IsidroUbicación estratégica, frente a linda alameda rodeada de árboles y jardines que te invitan a caminar. A 1cdra de Av. Javier Prado Oeste, a 2 cdras. Del Centro Financiero de San Isidro, entorno de edificios multifamiliares, centros comerciales, Saga Falabella, Ripley, Zara, bancos, parques, Restaurantes, etc. De fácil acceso a carreteras al Sur y al Norte, al Metropolitano y a transporte Público en general. A. T. 543 m2frente: 16. 7m2 fondo: 32. 5m2 Zonificación rdm - Residencial Densidad Media / 5 pisos + azotea Esa una gran oportunidad para construir un hermoso Proyecto Inmobiliario con vista a areas verdes, en la mejor zona para vivir. Contáctame para brindarte mayor información!! Jessica Tapia 9. 7. 5. 1. 8. 9. 9. 5. 5. Pn mnvcs Ver datos_________Jessica Tapia - Asociados: Tu socio inmobiliario en PerúTe ayudamos a vender, comprar o alquilar tu propiedad con un servicio personalizado y profesional. Encontramos el comprador, inquilino o inmueble perfecto para ti, asegurando que todo el proceso sea ágil y seguro. Visita nuestra web y haz realidad tus metas inmobiliarias|https://www.adondevivir.com/propiedades/clasificado/veclcain-venta-de-casa-como-terreno_-san-isidro-147881928.html?n_src=Listado&n_pills=Jard%C3%ADn&n_pg=1&n_pos=4|2026-02-01
adondevivir|casas|venta|Lima Centro|La Victoria|"Vasari, San Borja
San Borja, Lima"|Consultar precio|||||"400 m² tot.
5 dorm.
3 baños
1 estac."|400|5|3|1|Amplia Casa de 400 m² de Terreno en Zona ExclusivaEn venta una propiedad ideal para proyectos de desarrollo en el corazón de San Borja. Con 400 m² de terreno y 680 m² de área construida, esta casa de 2 pisos te ofrece una excelente oportunidad de inversión en una de las zonas más demandadas de Lima. Características Principales: Área de Terreno: 400 m²Área Construida: 680 m²Zonificación: rdb (Residencial de Densidad Baja) Parámetros: Aprobados para construir hasta 3 pisos + azoteaLinderos: Frente: 16 metrosFondo: 16 metrosIzquierda: 25 metrosDerecha: 25 metrosAntigüedad: 30 añosUbicación Privilegiada: Situada en Jr. Vasari, a la altura de la cuadra 26 de Av. Aviación, la casa está a solo una cuadra de la avenida principal y muy cerca del Mall La Rambla. Disfruta de una zona residencial tranquila, rodeada de comercios locales como panaderías, farmacias, mercados, bodegas, además de prestigiosas instituciones educativas. (*) La propiedad cuenta con todos los documentos en regla, inscrita en Registros Públicos y con título de propiedad en sunarp. ¡No pierdas esta oportunidad! Ideal para construir el proyecto de tus sueños en una de las mejores ubicaciones de San Borja. Contáctanos hoy mismo para más detalles y coordinar una visita! R. U. C Ver datos|https://www.adondevivir.com/propiedades/clasificado/veclcain--atencion-desarrolladores-inmobiliarios!-oportunidad-148548432.html?n_src=Listado&n_pills=Seguridad&n_pg=1&n_pos=5|2026-02-01
adondevivir|casas|venta|Lima Centro|Rimac|"Jr. Laureano Martínez Nº 145
Rímac, Lima"|S/ 440,000 · USD 130,000|440000|130000|||"177 m² tot.
4 dorm.
3 baños
1 estac."|177|4|3|1|Con excelente ubicación casa de dos pisos sin aires, se encuentra cerca al centro histórico de Lima y conexión directa con avenidas principales como la Av. Alcázar y Vía de Evitamiento. Ideal para quienes buscan comodidad, a unos pasos del Colegio Innova School del Rímac, cuenta con funcionalidad y un entorno bien conectado, asimismo puede poner a funcionar su empresa. Agende visita previa cita. Distribución del primer nivel: - Jardín en zona de ingreso. - Sala y comedor amplio con acceso a la terraza y/o jardín interior. - Cochera. - Medio baño de visita. - Cocina concepto cerrado con muebles altos y bajos con comedor de diario. - Área de lavandería con zona de tendal independiente. Distribución del segundo nivel: - Hall amplio. - 1 dormitorio grande e iluminado con clóset y vista interna. - 1 dormitorio grande con clóset y baño completo con vista interna. - Baño completo. - 1 dormitorio amplio con clóset y vista externa con balcón. - 1 dormitorio amplio con clóset y vista externa. - cochera. Características: - Construcción tradicional en buen estado. - Casa de dos pisos independiente. - Espacios amplios y funcionales. - Buena ventilación e iluminación natural en todos los ambientes. - Conexión a servicios básicos: agua, luz y desagüe. - Cerca de parques, colegios, mercados y transporte. - Documentación en regla. - 176 m2 área de terreno. - 238 m2 construido. visita previa cita|https://www.adondevivir.com/propiedades/clasificado/veclcain-venta-casa-rimac-147104966.html?n_src=Listado&n_pills=%C3%81rea+de+lavander%C3%ADa&n_pg=1&n_pos=1|2026-02-01
adondevivir|casas|venta|Lima Centro|Rimac|"Restauración 236
Ciudad Y Campo, Rímac"|S/ 403,800 · USD 120,000|403800|120000|||"150 m² tot.
4 dorm.
4 baños"|150|4|4||¡Oportunidad para vivir, alquilar o invertir en una zona estratégica. accesible y de alta demanda del Rímac! 1. Datos de la propiedad: Área de terreno: 150. 90 m² Área construida: 112. 00 m² Antigüedad: 57 años. Precio de venta: $120, 000. 00. Dirección: Jr. Ángel Valdez N. º 236, 2do piso– Urb. Ciudad y Campo, Rímac. a pocos metros del mercado local y de las principales vías como Av. Alcázar, Av. Tarapacá, Caquetá y Prolongación Tacna. 2. Distribucion interna (4 unidades): 2 minidepartamentos con sala, cocina, baño y dormitorio. 2 habitaciones amplias con baño propio. 3. Oportunidades de uso. -Vivienda multifamiliar: familias que buscan independencia y amplitud, compartiendo un mismo inmueble. -Ingreso por alquileres: unidades listas para alquilar de forma independiente. -Vivienda negocio: perfecta para quienes desean usar parte como vivienda y parte como taller, oficina o depósito. -Revalorización futura: Posibilidad de regularizar divisiones internas y aumentar su valor comercial. 4. Contacto. - Ver datos (WhatsApp) Visitas disponibles previa coordinación. Documentación: Completa y al día|https://www.adondevivir.com/propiedades/clasificado/veclcain-oportunidad-en-el-rimac-casa-lista-para-vivir-o-148151814.html?n_src=Listado&n_pills=Cerca+a+colegios&n_pg=1&n_pos=2|2026-02-01
adondevivir|casas|venta|Lima Centro|Rimac|"puga 680 rimac
Rímac, Lima"|S/ 750,000 · USD 221,900|750000|221900|||"176 m² tot.
7 dorm.
6 baños
1 estac."|176|7|6|1|Se vende amplia casa de dos pisos más azotea, ubicada en una zona residencial cerrada con portones de seguridad, muy cerca de avenidas principales, comercios y entidades financieras. Ideal para familias grandes, alquiler por niveles, negocio familiar o proyectos multifamiliares. Amalia Puga 680 – Zona Cerrada y Segura. Características Principales: Área de terreno: 176 m² Área construida: 320 m² Frente: 8 m. Fondo: 22 m. Antigüedad: Primer piso 30 años / Segundo piso y azotea 15 años. Distribución: Primer Piso: Cochera. Sala y comedor. Cocina. Lavandería. Tres dormitorios. Dos baños completos. Cuarto de servicio con baño. Patio interno. Segundo Piso: Balcón. Sala y comedor. Cocina. Lavandería. Tres dormitorios. Dos baños. Azotea: Oficina o estudio. Baño. Zona de parrilla. Área de tendal y lavandería. Cuarto adicional en drywall. Tanque elevado. Ubicación Estratégica: A una cuadra de la avenida Felipe Arancibia. Cerca de Plaza Vea Tarapacá, bcp y Banco de la Nación. Acceso rápido a la avenida Samuel Alcázar (zona comercial del Rímac) A 15 minutos del Centro de Lima. Zona cerrada, segura y de entorno tranquilo. Ideal para: Vivienda para familias grandes. Inversión para alquiler por niveles. Vivienda más oficina. Proyecto multifamiliar o negocio familiar. **|https://www.adondevivir.com/propiedades/clasificado/veclcain-venta-de-amplia-casa-de-2-pisos-azotea-rimac-148385033.html?n_src=Listado&n_pills=Parrilla&n_pg=1&n_pos=3|2026-02-01
adondevivir|casas|venta|Lima Centro|Rimac|"Los Oidores al 100
Rímac, Lima"|S/ 700,000 · USD 207,715|700000|207715|||"160 m² tot.
1 estac."|160|||1|Se vende casa como terrenourbanizacion el manzano - rimacoportunidad única para constructores Y desarrolladores, ubicado en la vibrante zona del rimac, cerca del emblema&#39;tico centro de lima. este terreno urbano es el lienzo en blanco perfecto para tu próximo gran proyectoarea del terreno: 160 mtsarea construida: 300 mtscaracteristicas: 1er pisosala -comedor2 dormitoriosbaño completococinapatiococheraescalerajardín2do piso: 2 dormitoriosescritorioscocinabañopatiobalconazotea: cuarto, lavadero, tendal, deposito. imagina desarrollar un moderno edificio residencial en una de las zonas con mayor crecimiento de lima. aprovecha esta oportunidad de inversión en un distrito con constante expansión. transforma este espacio en tu proximo éxito inmobiliario. R. U. C Ver datos|https://www.adondevivir.com/propiedades/clasificado/veclcain-se-vende-casa-como-terreno-148366095.html?n_src=Listado&n_pills=Jard%C3%ADn&n_pg=1&n_pos=4|2026-02-01
adondevivir|casas|venta|Lima Centro|Rimac|"Mz D Lt 9 Pasaje G, Leoncio Prado
Leoncio Prado, Rímac"|S/ 385,000 · USD 110,000|385000|110000|||"280 m² tot.
8 dorm.
4 baños"|280|8|4||¡oportunidad! Se vende casa de 4 pisos en urbanización leoncio prado – excelente ubicación Si buscas una casa amplia, bien distribuida y en una ubicación estratégica, ¡esta es tu mejor opción! Ubicación privilegiada: -área construida 280m2-área terreno 80m2A solo unos pasos de la Av. Leoncio Prado (cuadra 4) y cerca de la Av. Prolongación Tacna y Av. Tarapacá. Fácil acceso a transporte, comercios y servicios esenciales. Características de la casa: - 4 pisos construidos -8 dormitorios espaciosos- 5 baños completos- 2 cocinas amplias- 3 lavanderías independientes- 2 salas comedor- Sala de estar ideal para descanso o estudio Ingreso independiente al 3er piso Ideal para alquiler o familia grande Documentación en regla: Título de propiedad inscrito en sunarp. ¡Gran oportunidad de inversión! Perfecta para una familia numerosa o para generar ingresos alquilando pisos independientes. ¡Contáctame y agenda tu visita hoy mismo! No dejes pasar esta oportunidad. T. C. 3. 50Tipo de cambio referencial, sujeto a variación diaria por fluctuación del mercado|https://www.adondevivir.com/propiedades/clasificado/veclcain-se-vende-casa-de-4-pisos-en-la-urb-leoncio-prado-147648373.html?n_src=Listado&n_pills=%C3%81rea+de+lavander%C3%ADa&n_pg=1&n_pos=5|2026-02-01
adondevivir|casas|venta|Lima Centro|Rimac|"Urb. Huerta Guinea Rímac
Huerta Guinea, Rímac"|S/ 408,000 · USD 120,000|408000|120000|||"270 m² tot.
5 dorm.
2 baños"|270|5|2||Contacto: Pedro HurtadoCel/WhatsApp: 9. 9. 5. 9. 0. 3. 5. 5. 4* Área Terreno: 90 Metros Cuadrados* Número Habitaciones: 5* Número de Baños 2* Cuenta con Lavandería Espaciosa* Propiedad con 2 Pisos (Para albergar a familia numerosa) * Cuenta con Terraza (Momentos familiares de parrilla) * Cercano a lugares turísticos. Alameda de los Descalzos, Paseo de Aguas, Catacumbas San Francisco, etc* Acceso inmediato a la Panamericana Sur y Norte. Túnel sjl. Avenidas Alcázar. Abancay, etc. * Inmueble inscrito en Sunarp con documentación en orden. Precio: 120, 000 dólares¡¡Agenda tu visita de inmediato!! R. U. C Ver datos|https://www.adondevivir.com/propiedades/clasificado/veclcain-casa-en-venta-rimac-ubicacion-cerca-a-todo-148127401.html?n_src=Listado&n_pills=%C3%81rea+de+lavander%C3%ADa&n_pg=1&n_pos=6|2026-02-01
adondevivir|casas|venta|Lima Centro|Rimac|"Prolongación Tacna 257
Leoncio Prado, Rímac"|S/ 525,990 · USD 139,000|525990|139000|||"257 m² tot.
6 dorm.
7 baños"|257|6|7||**¡Gran Oportunidad de Inversión! Casa de 4 Pisos Ideal para Alquiler de Habitaciones y Departamento**¿Buscas una inversión rentable? Esta **casa de 4 pisos** ha sido diseñada específicamente para generar ingresos a través del **alquiler de habitaciones y departamento**. Perfecta para aquellos que buscan una propiedad con potencial de retorno inmediato. # Distribución: - **2do piso (84 m²): ** 3 habitaciones amplias, cada una con su **baño completo**, garantizando privacidad y comodidad para los inquilinos. - **3er piso (84 m²): ** 3 habitaciones, cada una también con su **baño completo**, ideal para seguir generando ingresos. - **4to piso (84 m²): ** 1 **departamento independiente**, perfecto para alquilar a una familia o pareja. # Características adicionales: - **Tanque elevado** para asegurar el abastecimiento continuo de agua. - **Cisterna** que garantiza el almacenamiento de agua. - **Terma**, para agua caliente en todos los ambientes. **Esta propiedad es perfecta para inversionistas** que deseen rentabilizar de inmediato, ya sea alquilando por habitaciones o el departamento completo. Ubicada en una zona con alta demanda de alquiler, **es la opción perfecta para generar ingresos pasivos**. precio A negociar¡No dejes pasar esta oportunidad!|https://www.adondevivir.com/propiedades/clasificado/veclcain-vendo-casa-en-el-rimac-144400594.html?n_src=Listado&n_pills=Cerca+a+colegios&n_pg=1&n_pos=7|2026-02-01
adondevivir|casas|venta|Lima Centro|Rimac|"Antares - Urb Ventura Rossi
Ventura Rossi, Rímac"|S/ 834,250 · USD 235,000|834250|235000|||"297 m² tot.
9 dorm.
5 baños
1 estac."|297|9|5|1|Casa en Venta - Ubicada en una de las mejores zonas del Rímac ( Antares - Urb Ventura Rossi) -Casa Multifamiliar o para inversión Características: -at 190. 8Casa ubicada en zona cerrada con vigilancia las 24hrs del día con solo dos ingresos, la Urb cuenta con cámaras de vigilancia. Estás rodeada de dos parques internos y uno a las afueras del óvalo -Distribución: -1er pisos-Sala comedor amplia y bien iluminada -Tres dormitorios con vista exterior que comparten un baño completo -Cocina con muebles altos y bajos -Amplio Patio con parrilla artesanal que puede ser usado para reuniones -Área de lavandería -1 cochera *2do piso: 3 mini departamentos independientes con áreas de: - primer departamento: sala comedor, cocina cerrada, 1 baño, una habitacion-2do departamento: sala comedor dos habitaciones un baño -3er departamento: un ambiente, cocina cerrada, 1 baño. *3er piso: -2 habitaciones que pueden ser uso de alquiler -1 baño -Alrededores: -Kfc -Rustica -Rocky-Corralito -Tambo -Banco de la nación -Banco bcp -Pizza Raúl -Interbank -Plaza vea -Av. Cercanas -Av. Alcázar -Av. Tarapacá -La CapillaPara más información sobre esta propiedad, indícanos el código shoVer datos. Asesor asignado: Diana Chavez. Contáctanos vía WhatsApp o a través de nuestra página web.|https://www.adondevivir.com/propiedades/clasificado/veclcain-casa-en-venta-en-ventura-rossi-rimac-146561413.html?n_src=Listado&n_pills=Seguridad&n_pg=1&n_pos=8|2026-02-01
adondevivir|casas|venta|Lima Centro|Rimac|"Calle Alameda de los Bobos Rimac
La Huerta, Rímac"|S/ 4,675,000 · USD 1,250,000|4675000|1250000|||"244 m² tot.
8 dorm.
8 baños
3 estac."|244|8|8|3|Vendo Colegio Privado con funcionamiento y resolución ministerial activa para primaria y secundaría, tiene una plana docente muy comprometida con su profesión y con los alumnos, el colegio lleva funcionando 40 años contando con una infraestructura y mobiliario propio, en una área de terreno de 244. 60m2 construidos 477. 00m2 ubicado en Calle Alameda de Los Bobos, Urbanización La Huerta, distrito del Rímac, provincia y departamento de Lima. Se trata de un colegio de 4 Pisos y azotea el cual tiene un ingreso principal que tiene una sección regular de 2 carriles de circulación vehicular de un sentido; la. propiedad esta ubicada en una Zona de Tratamiento Especial 3 (zte-3). Y con un departamento de 55m2. Piso 1 - Colegio: Ingreso por Portón, patio interior-cochera para 3 autos, escalera exterior, habitación, escalera interior, depósito-tanque cisterna, dirección, baño y puerta interior de ingreso a vivienda. Piso 1 - Vivienda: Ingreso independiente, pasadizo de distribución, sala, cocina con comedor de diario, 1 dormitorio con closet y baño, área de oficinas administrativas. Piso 2 - Colegio: Escalera interior, pasadizo de distribución, comedor, 2 servicios higiénicos, salón de 1er grado, salón 2do grado, salón 3er grado, escalera exterior, salón de 5to de secundaria y oficina de dirección. Piso 3 - Colegio: Escalera interior, salón de 4to grado, salón de 5to grado, salón de 6to grado, baños, oficina y almacén, escalera exterior, salón de imprenta y salón de 1ero de secundaria. Piso 4 - Colegio: Escalera interior, sala de computo, salón de 2do de secundaria, 3ero de secundaria, salón de 4to de secundaria, 3 baños, baño de docentes y oficina de dirección. Azotea - Colegio: Escalera interior, escalera exterior, salón de música, baño, depósito y patio. La infraestructura no sólo puede ser aplicable para colegio, también puede ser departamentos para alquilar, ya que por cada piso salen dos departamentos. Ideal para las personas que deseen invertir, y recibir mensualmente un alto sueldo ya que actualmente se encuentra en funcionamiento. Se vende la propiedad y la empresa en funcionamiento por $1'250, 000 papeles en regla y precio negociable!! Los interesados comunicarse con Rocío Calvo pn-3966 al 9. 9. 6. 3. 7. 3. 8. 5. 4.|https://www.adondevivir.com/propiedades/clasificado/veclcain-vendo-institucion-educativa-en-pleno-funcionamiento-146209548.html?n_src=Listado&n_pills=%C3%81rea+de+lavander%C3%ADa&n_pg=1&n_pos=9|2026-02-01
adondevivir|casas|venta|Lima Centro|Rimac|"Av.24 de Junio, San Juan de Amancaes, Rimac
San Juan De Amancaes, Rímac"|S/ 400,746 · USD 115,000|400746|115000|||"200 m² tot.
6 dorm.
2 baños"|200|6|2||Contacto: jennymatencio / cel: 9*3*2*2*5*7*3*2*7¿Buscas una propiedad con gran proyección y en excelente ubicación? Esta casa es ideal tanto para vivienda familiar, como para inversión inmobiliaria, gracias a sus parámetros para construir hasta 4 pisos y su estratégica ubicación en esquina, frente al Colegio Coronel José Félix Bogado, cerca del mercado de Amancaes y Av. Flor de Amancaes. *beneficios destacados- Ubicación estratégica con alto tránsito- En esquina: mayor iluminación, ventilación y visibilidad - Parámetros para 4 pisos: ideal para departamentos o negocio - Tuberías y cableado remodelados - Bases sólidas y construcción lista para crecer - Perfecta para familias grandes o inversionistas* características-Área de terreno: 100 m²-Área construida: 180 m²-Antigüedad: 1er piso 43 años / 2do piso 17 años-Pisos de cerámica y luminarias en perfecto estado * distribución1er piso: -Patio de ingreso-Sala comedor-2 dormitorios- Cocina- 1 baño completo- Lavandería- Escalera interna2do piso: -Balcón-Sala comedor- 4 dormitorios- 1 baño completo- Espacio para cocina- Escalera interna al 3er piso3er piso:: - Cercado con muros de división, listo para acondicionar*oportunidad de inversión: Compra una casa en zona consolidada, con parámetros para crecer y generar ingresos pasivos o con alquileres o negocio propio.|https://www.adondevivir.com/propiedades/clasificado/veclcain-venta-de-casa-en-esquina-san-juan-de-amancaes-rimac-148634506.html?n_src=Listado&n_pills=%C3%81rea+de+lavander%C3%ADa&n_pg=1&n_pos=10|2026-02-01
adondevivir|casas|venta|Lima Centro|Rimac|"Dario Valdizan 216- San Martin de Porres
Ingenieria, San Martín de Porres"|S/ 799,000 · USD 235,000|799000|235000|||"200 m² tot.
2 dorm.
1 baño"|200|2|||Se vende casa como terreno en calle dario valdizan_ san martin de porres. cerca colegios, universidad la uni, bancos, restaurantes, boticas, centro comercial mega plaza Y de las av. Principales tales como av. Habich, la panamericana Y A pocas cuadras del estación de metropolitana del paradero de la uni. at: 200M2frente: 10M2fondo: 20M2para más información comunicarse, 9. 0. 6. 9. 4. 1. 9. 5. 8gisela ruiz_________Jessica Tapia - Asociados: Tu socio inmobiliario en PerúTe ayudamos a vender, comprar o alquilar tu propiedad con un servicio personalizado y profesional. Encontramos el comprador, inquilino o inmueble perfecto para ti, asegurando que todo el proceso sea ágil y seguro. Visita nuestra web y haz realidad tus metas inmobiliarias|https://www.adondevivir.com/propiedades/clasificado/veclcain-se-vende-casa-como-terreno-en-san-martin-de-porres-148331487.html?n_src=Listado&n_pg=1&n_pos=1|2026-02-01
adondevivir|casas|venta|Lima Centro|Rimac|"Jr. Cangallo 217
Lima Cercado, Lima"|S/ 770,500 · USD 230,000|770500|230000|||"106 m² tot.
12 dorm.
12 baños"|106|12|12||Contacto: jhohanna urbina cel: 9*7*8*1*7*5*6*6*0 Edificio en Venta en el Cercado de Lima – Ideal para Inversionistas. Descripción: Oportunidad única para inversionistas en una de las zonas más céntricas de Lima. Este edificio de 4 pisos, ubicado a 1 cuadra de Plaza Italia, cuenta con un total de 12 monoambientes (4 por piso), ofreciendo una excelente rentabilidad. Perfecto para alquiler de habitaciones o depósitos, dada su cercanía a Mesa Redonda, Barrio Chino, Mercado Central y avenidas principales como: La Av. Abancay, La Vía de Evitamiento y la Av. Miguel Grau. Características: Terreno total: 105. 54 m² Edificio de 4 pisos 12 monoambientes: Cada uno con espacio para dormitorio, baño completo y área de cocina/sala. Ubicación estratégica: En el corazón del Cercado de Lima, cerca de centros comerciales, colegios y servicios. Ventajas: Alta demanda de alquileres en la zona. Estructura sólida y moderna, lista para generar ingresos. Documentación en regla y lista para la venta. ¡No dejes pasar esta oportunidad de inversión en una de las mejores zonas de Lima! ¡Contáctanos para más información y agenda una visita ya! Contacto: jhohanna urbina cel: 9*7*8*1*7*5*6*6*0 id: 1*1*1*3*3*8*6|https://www.adondevivir.com/propiedades/clasificado/veclcain-venta-de-edificio-en-cercado-lima-145565903.html?n_src=Listado&n_pg=1&n_pos=2|2026-02-01
adondevivir|casas|venta|Lima Centro|Rimac|"Jr. Juan Moscoso
San Juan de Lurigancho, Lima"|S/ 469,800 · USD 135,000|469800|135000|||"210 m² tot.
5 dorm.
3 baños
1 estac."|210|5|3|1|Contacto: sandra mauriciocell: 9*5*2*6*5*2*4*1*4venta de casa de dos pisos – estructura reforzada Y acabados elegantesexcelente oportunidad en zona estratégica, a solo dos cuadras de Super bodega Uno y del Mercado Señor de los Milagros, cerca del cruce de la Av. Wisse con Ampliación Oeste. Ubicación con fácil acceso a comercios, transporte y servicios esenciales. Características generales: -Área de terreno: 105 m²-Área construida: 210 m²-Refuerzo estructural realizado (renovación de columnas) para mayor seguridad-Ambientes amplios, funcionales y bien distribuidos-Acabados modernos y elegantes. Primer piso: -2 habitaciones-1 baño completo con acabados de calidad-Cocina amplia con muebles altos y bajos-Sala espaciosa y bien iluminadaCocheraIngreso totalmente independiente al segundo piso (ideal para uso multifamiliar o inversión) Segundo piso: -3 habitaciones-1 baño completo amplio con diseño moderno y elegante-Cocina con muebles altos y bajos de diseño exclusivo-Sala cómoda y luminosa-Espacio tipo terraza lounge al aire libre, perfecto para relajarse o disfrutar con familia y amigos Tercer piso (azotea techada): -Ambientes completamente protegidos cobertura ligera y funcional (Calamina) -1 habitación-1 baño completo con acabados elegantes-Sala amplia y ventilada-Acogedor espacio tipo terraza lounge con vista abierta-Lavandería y de tendalIdeal para familia grande o como inversión con excelente potencial de alquiler por niveles. Casa lista para habitar, con estructura reforzada y ambientes diseñados para brindar confort y funcionalidad. contacto: sandra mauriciocell: 9*5*2*6*5*2*4*1*4id: 1*1*3*7*7*2*0|https://www.adondevivir.com/propiedades/clasificado/veclcain-venta-de-casa-de-dos-pisos-en-mareategui-sjl-147636125.html?n_src=Listado&n_pills=%C3%81rea+de+lavander%C3%ADa&n_pg=1&n_pos=3|2026-02-01
adondevivir|casas|venta|Lima Centro|Rimac|"LOS CIPRESES
Los Cipreses, Lima Cercado"|S/ 1,522,500 · USD 434,990|1522500|434990|||"290 m² tot.
3 baños
3 estac."|290||3|3|Hermosa Casa de un (1) piso Lista Para Vivir Acabados A1 Parámetros 5 Pisos + Azotea 3 Cocheras. Te presento esta hermosa propiedad de 1 piso totalmente lista para vivir con parámetros urbanísticos y edificatorios para construir hasta 5 pisos más azotea. Esta propiedad presenta moderna fachada con carpor en madera y puerta principal de acceso. Al ingresar a esta propiedad nos encontramos hacia lado derecho amplia cochera para dos vehículos y hacia el lado izquierdo amplio jardín delantero que en ocasiones puede suplir una tercera cochera momentánea si se desea ingresando por la puerta principal nos condice a ampla sala sumamente ornado con detalles únicos el cual descubrirán al venir a apreciar la casa seguidamente con encontramos con elegante comedor de muy buen tamaño con muchos detalle, hacia el lado derecho de la sala tenemos acceso hacia amplia cocina con muebles altos y bajos con comedor de diario que conecta hacia la izquierda de este con área independiente de lavandería cuarto y baño de servicio y área de tendal todos estos espacio muy amplio con salida hacia jardín delantero. Continuando con la distribución nos encontramos con largo pasadizo el cual presenta hacia lado izquierdo de este dos amplios dormitorios y hacía de derecha un baño amplio y otro dormitorio adicional igualmente de grande en la parte final de dicho pasadizo nos encontramos con amplio dormitorio con baño incluido y closet y hacia el lado derecho encontramos un patio interno abierto y en su parte final un amplio cuarto para oficina o de múltiples usos. Se cuenta con acceso a l segundo piso donde existe construcción de un cuarto más un baño. Todos los pisos del área social y cocina son de porcelanato y los dormitorios y cuarto interno en madera parqué area de terreno 290. 00 M2. area construida 250. 00 M2. medidas perimetricas: por el frente: 10. 00 ml. por la derecha: 29. 00 ml. por la izquierda: 29. 00 ml. por el fondo: 10. 00 ml. Inmejorable ocasión para optar por una amplia casa y realizar el proyecto que siempre deseaste ya que esta propiedad es un lienzo en blanco dándote la oportunidad de edificar hasta 5 pisos más azotea rentabilizando enormemente lo invertido.! Dale a tu familia ese gran lugar que siempre deseaste ¡ No dejes que te ganen, contáctate con nuestro broker Richard Obando al 9. 9. 1. 0. 6. 4. 8. 7. 3 y separa tu cita ahora mismo|https://www.adondevivir.com/propiedades/clasificado/veclcain-hermosa-casa-de-1piso-lista-para-vivir-a1-param-5-147729282.html?n_src=Listado&n_pills=Cerca+a+colegios&n_pg=1&n_pos=4|2026-02-01
adondevivir|casas|venta|Lima Centro|Rimac|"Jr. Islay, San Martín de Porres
San Martín de Porres, Lima"|S/ 770,500 · USD 230,000|770500|230000|||"402 m² tot.
9 dorm.
7 baños
1 estac."|402|9|7|1|Contacto: isabel manrique - celular: *9**8**3**6**4**9**7**2**3* ¿Buscas una propiedad que genere múltiples ingresos o albergue a toda tu familia en espacios independientes? Esta casa multifamiliar es perfecta para ti. Con una estructura sólida de 3 pisos y múltiples unidades independientes, maximiza el uso del terreno de 140 m², ideal para quienes desean vivir y rentar a la vez o tener una propiedad para inversión inmediata. Características principales: • Área de terreno: 140 m² • Área construida: 402. 84 m² • Ubicación privilegiada: rodeada literalmente de 3 hermosos parques y de colegios públicos y privados. • Fácil acceso a transporte público para todo Lima. • A pocos minutos de MegaPlaza, Plaza Norte y el Aeropuerto. Distribución: • primer piso: Amplio departamento ideal para vivir cómodamente con tu familia, sentirás como si estuvieras en una casa. - Sala comedor con una ventana amplia. - Cocina estilo americano con todo lo necesario para preparar unas deliciosas comidas mientras compartes con la familia, con Gas Calidda. - Una cochera lista para colocarle el portón - Una terraza que brinda mayor iluminación y ventilación al área social - 3 habitaciones muy amplias, iluminadas y ventiladas. - 2 baños completos, uno puede ser usado por las visitas y el otro sólo para la familia. - Un patio al final donde se encuentra ubicada la lavandería. • segundo piso: Cuenta con un departamento y un minidepartamento, ambos de estreno, con gas de Calidda. - Departamento 1: sala comedor, cocina de concepto abierto, dos dormitorios y un baño. - Departamento 2: sala comedor, cocina de concepto abierto, un dormitorio y un baño. •tercer piso: Cuenta también con un departamento y un mini departamento, ambos de estreno, con gas de Calidda. - Departamento 1: sala comedor, cocina de concepto abierto, dos dormitorios y un baño. - Departamento 2: sala comedor, cocina de concepto abierto, un dormitorio y un baño. • cuarto piso: Se ubica la azotea con lavandería y un baño, en donde a futuro se puede construir un piso más. Cuatro bonitos departamentos independientes, listos para alquilar y generar una renta mensual segura. Precio de venta: us$ 230, 000El precio de venta es en dólares, el de soles es sólo referencial y podría estar desfasado por la variación del tipo de cambio. Perfecta combinación entre vivienda familiar y oportunidad de inversión que puede ayudarte a pagar tu hipoteca con los ingresos de alquiler, aún no cuentas con un crédito, pues te ayudamos a conseguir uno. Ubicación estratégica + seguridad + rentabilidad = ¡La mejor decisión para ti y tu familia! Cualquier duda y/o para programar una visita no dudes en llamar a tu Agente Inmobiliario de confianza al **983**649**723**.|https://www.adondevivir.com/propiedades/clasificado/veclcain-en-venta-amplia-casa-con-5-departamentos-solo-14-anos-148469586.html?n_src=Listado&n_pills=%C3%81rea+de+lavander%C3%ADa&n_pg=1&n_pos=5|2026-02-01
adondevivir|casas|venta|Lima Centro|Rimac|"URB.ROMA CASA 3PLANTAS MAS AIRES 2COCHERAS
Roma, Lima Cercado"|S/ 1,148,000 · USD 328,000|1148000|328000|||"372 m² tot.
8 dorm.
4 baños
2 estac."|372|8|4|2|Se vende amplia Y linca casa 3plantas de los cuales las dos primeras plantas es una casa propieamente dicha el tercer piso es un departamento. * la casa cuenta con sala comedor con salida A la terraza cocina amoblada 2cocheras, amplia terraza con zona de parrillas zona de lavanderia cuarto Y baño de servicio mas baño de visita, piso parquet en el segundo piso estan los 4amplios dobles dormitorios un baño completo en eldormitorio principal se puede acondicionar un baño incorporado todos super iluminados naturalmente. *3er. piso consta de un departamento independiente con 3 dormitorios amplios un baño completo lavanderia tendal, cocina vista calle. medidas: area de terreno 160M2 area construida 372M2 ubicada. total 8habitaciones 4 baños 2 cocinas 2cocheras. ubicada en la urbanizacion residencial roma cercado de lima rodeada de hermosos parques, seguridad absoluta cerca avoscar R. benavides Y av. universitaria, la casa tiene gas natural calida|https://www.adondevivir.com/propiedades/clasificado/veclcain-casa-en-venta-en-cercado-de-lima-urb.-roma-3plantas-147870763.html?n_src=Listado&n_pills=Cerca+a+colegios&n_pg=1&n_pos=6|2026-02-01
adondevivir|casas|venta|Lima Centro|Rimac|"Kalasasaya 1065
San Juan de Lurigancho, Lima"|S/ 857,500 · USD 245,000|857500|245000|||"250 m² tot.
4 dorm.
3 baños
2 estac."|250|4|3|2|Se vende hermosa casa de 3 pisos recien remodelada con finos cabados ubicado en la mejor urbanizacion de San Juan de Lurigancho cerca a parques colegios nacionales y/o particulares a cuadra de mercado de la zona cerca a comercios restaurantes a 3 minutos de macro de av pajaten Y av lurigancho a 5 minutos del nuevo mall plaza en construccion y Estacion piramide del tren a 10 min de tiendas metro la hacienda paralelo a av principal a av las lomas.. area terreno 160area construida 250la casa consta de. ;1er pisosala ampliacoworkingbañocomedorcocina ampliapatiocochera para 2 camionetas2do pisohall de descanzo4 habitacionesbaño3er pisozona parrillabañolavanderia habitacion de servicioazotea area tendalT. C. 3. 70. Tipo de cambio referencial, sujeto a variación diaria por fluctuación del mercado. T. C. 3. 50Tipo de cambio referencial, sujeto a variación diaria por fluctuación del mercado|https://www.adondevivir.com/propiedades/clasificado/veclcain-se-vende-hermosa-casa-145311632.html?n_src=Listado&n_pills=%C3%81rea+de+lavander%C3%ADa&n_pg=1&n_pos=7|2026-02-01
adondevivir|casas|venta|Lima Centro|Rimac|"Jiron Jose Eugenio Paredes al 2300
Elio, Lima Cercado"|S/ 1,102,000 · USD 299,500|1102000|299500|||"380 m² tot.
6 dorm.
6 baños
1 estac."|380|6|6|1|"Jirón José Eugenio Paredes, Urb. Elio – Cercado de LimaPrecio de lanzamiento: us$ Ver datos (negociable) Casa de 4 niveles sobre 179 m² de terreno y? 320 m² construidos, frente de 8, 10 m y zonificación rdm. Título limpio sin cargas. Antigüedad original 1972 con remodelaciones parciales en instalaciones eléctricas y sanitarias. Distribución generalPrimer piso: cochera techada, dos salas principales, medio baño de visitas, cocina independiente y tercera sala-comedor con techo alto de cedro ideal para reuniones familiares. Segundo piso: balcón frontal, cuatro dormitorios (principal con baño incorporado), un baño completo compartido. Tercer piso: gran terraza-patio, lavandería, sala-comedor, cocina y un baño completo (funciona como mini-departamento independiente). Cuarto piso: dos dormitorios de servicio con dos baños (convertibles en depósito, estudio, etc.). Detalles destacados6 dormitorios + área de servicio | 5 ½ baños | 1 cochera con opción a ampliar. Balcón y ventilación cruzada en todos los dormitorios. Sala-comedor tipo azotea con tragaluz y escalera caracol metálica. Pisos de parquet restaurado en ambientes sociales. Calle tranquila a 150 m de Av. Colonial y 350 m de Av. Argentina; rápida salida a la Vía Expresa Línea Amarilla y Metropolitano. “Honestidad, Transparencia y Servicios Creativos. Nuestros pilares para brindarles la mejor asesoría inmobiliaria. ”Si desea vender o alquilar su inmueble no dude en contactarse con nosotros."|https://www.adondevivir.com/propiedades/clasificado/veclcain-amplia-casa-en-urb.-elio-para-familias-grandes-146873790.html?n_src=Listado&n_pills=Cuartos+de+servicio&n_pg=1&n_pos=8|2026-02-01
adondevivir|casas|venta|Lima Centro|Rimac|"Jose Felix Bogado 2568
Lima Cercado, Lima"|S/ 890,400 · USD 265,000|890400|265000|||"136 m² tot.
9 dorm.
3 baños
2 estac."|136|9|3|2|"Amplia casa remodelada en cercado de lima: comodidad Y ubicación privilegiada. Si buscas una casa espaciosa, remodelada y lista para habitar, ¡esta es tu oportunidad! Con una ubicación estratégica y en una zona residencial tranquila, esta propiedad te brinda conectividad, amplitud y comodidad para toda tu familia. Área total: 136 m² | Área construida: 351. 92 m² Distribución ideal en 3 pisos: 1er piso: Sala comedor, amplia cocina cerrada, baño de visita, patio interno y cochera para 2 autos. 2do piso: 3 dormitorios remodelados con acabados modernos y 2 baños completos. 3er piso: 5 dormitorios adicionales, área de lavandería y 1 baño completo. Remodelada en 2015 y en excelente estado, con conexiones de agua, luz, gas natural y cable listas para su uso. Además, su cercanía a un parque familiar la convierte en el hogar perfecto. Ubicada en una de las mejores zonas del Cercado de Lima, con acceso rápido a vías principales. ¡No dejes pasar esta oportunidad! Contáctame para más información y agenda tu visita hoy mismo. #CasaEnVenta #HogarIdeal #CercadoDeLima #OportunidadÚnica"|https://www.adondevivir.com/propiedades/clasificado/veclcain-oportunidad-unica-en-urb.-los-cipreses-cercado-de-144623809.html?n_src=Listado&n_pills=Frente+a+parque&n_pg=1&n_pos=9|2026-02-01
adondevivir|casas|venta|Lima Centro|Rimac|"Asoc PRO VIV SAN Hilarion MZ L' Cruce Av Próceres de la Independencia y Av Los Postes
San Juan de Lurigancho, Lima"|S/ 1,010,620 · USD 299,000|1010620|299000|||"505 m² tot.
16 dorm.
10 baños"|505|16|10||Gran oportunidad de inversión. Vendo Casa en Asoc. San Hilarión - sjl de 3 niveles; 505 m2 totales, con azotea y local comercial de 30m2. Generando rentas por alquiler del 2do y 3er nivel! Cuenta con pistas y veredas en buen estado, muy cercano a parque Santa Clarita, Tottus de Av, Próceres (Paradero 17) y Estación los Postes del Metro de Lima. Ubicada estratégicamente a la altura del cruce de Av. Próceres de la Independencia y Av. Los Postes, próximo a las más importantes zonas comerciales, académicas y residenciales de San Juan de Lurigancho. Características: Casa cimentada sobre un terreno rectangular de 200m2, 10ml de frente y 20 ml de fondo. Cuenta con declaratoria de fábrica de los 3 niveles + azotea. 1er piso: Área techada: 171 m2- Amplia sala comedor- Cocina con punto de gas natural- 3 dormitorios, principal con baño incorporado. - Baño completo de visita. - Patio posterior con lavandería- Local de aprox 30m2, con baño incorporado, ideal para negocio de expendio o alquiler. 2do piso: Área techada: 169. 62 m2 - 6 habitaciones, 2 con baño propio- 1 baño completo- Lavandería- Medidores independientes de energía eléctrica3er piso: Área techada: 169. 62 m2- 4 departamentos con la siguiente estructura: - Departamento 1: Sala comedor, kitchenette, 1 dormitorio y baño completo, - Departamento 2 y 3: Sala comedor, kitchenette, 2 dormitorios y baño completo. - Departamento 4: Sala comedor, Kitchenette, 2 dormitorios y 2 baños completos. Azotea: Posibilidad de ampliar con material ligero Drywall o acondicionar terraza. Acceso independiente al 2do, 3er piso y azotea. Documentación en regla, puede venderse con crédito hipotecario. ¿Qué esperas para verlo? Agenda tu visita ya!|https://www.adondevivir.com/propiedades/clasificado/veclcain-venta-casa-en-urb.-san-hilarion-san-juan-de-148318685.html?n_src=Listado&n_pills=%C3%81rea+de+lavander%C3%ADa&n_pg=1&n_pos=10|2026-02-01
adondevivir|casas|venta|Lima Centro|Rimac|"Hualquiña 622 Urb Machu Picchu
Canto Grande, San Juan de Lurigancho"|S/ 833,000 · USD 220,000|833000|220000|||"156 m² tot.
8 dorm.
5 baños"|156|8|5||Hermosa casa de tres pisos, ubicada en tranquila zona residencial de Canto Grande, buenos acabados, cerca de colegios, minimarkets, a unas cuadras de la estación del tren, bancos, tiendas Metro y conocidas empresas courier. El inmueble presenta un departamento independiente en cada nivel, ideal para vivienda, familia numerosa y/o además una excelente oportunidad de inversión con altas posibilidades rentables que te permitirá disfrutar de comodidad y tranquilidad económica.|https://www.adondevivir.com/propiedades/clasificado/veclcain-casa-en-canto-grande-zona-residencial-en-san-juan-de-146802511.html?n_src=Listado&n_pills=Cerca+a+colegios&n_pg=1&n_pos=11|2026-02-01
adondevivir|casas|venta|Lima Centro|Rimac|"Los cedros de naranjal MZ E LT.03
San Martín de Porres, Lima"|"S/ 502,180 · USD 150,000
6%"|502180|150000|6%||"125 m² tot.
10 dorm.
4 baños
1 estac."|125|10|4|1|Vendo casa de 2 pisos, bien ubicada, cerca de avenidas como Av. Pacasmayo y Av. Los Alisos, cerca de parques, direccion: Los cedros de naranjal mz E lt. 03 -prog. Viv. Cedros de Naranjal Residencial. Características: Área de terreno: 125, 44. M² Área construida primer nivel: 107. 44 m² Area construida segundo nivel 109. 42m² Atiguedad 17 años. material noble (Ladrillo) Parametros 5 pisos. primer piso: Patio interior, 1 baño completo, 1medio baño, area de lavanderia, 6 dormitorios, 1 estacionamiento, tanque de agua. Segundo piso: departamento independiente, (sala comedor, cocina con reposteros altos y bajos 1 baño completo 4 dormitorios con closet, patio lavanderia) tercer nivel, azotea: lavadero, 1 mini departamento con 1 baño completo su sala comedor y cocina. Documentos en regla|https://www.adondevivir.com/propiedades/clasificado/veclcain-se-vende-casa-de-2-pisos-mas-estacionamiento-en-san-148633926.html?n_src=Listado&n_pills=%C3%81rea+de+lavander%C3%ADa&n_pg=1&n_pos=12|2026-02-01
adondevivir|casas|venta|Lima Centro|Rimac|"Dominicos , San Martin de Porres, Lima, Lima
San Martín de Porres, Lima"|S/ 1,632,000 · USD 480,000|1632000|480000|||160 m² tot.|160||||¡Excelente oportunidad de inversión y negocio en un inmueble multifamiliar! Venta de Casa de 4 Pisos con 8 Unidades Independientes. Ubicación exclusiva en la cdra. 27 de Av. Dominicos. ¿Buscas una inversión sólida con altos rendimientos? Esta propiedad es única por su diseño, distribución y potencial de ingresos. Características Principales: • Área de Terreno: 160 m² • Área Construida: 531 m² • Configuración de 4 niveles: o Primer Piso: 02 locales comerciales listos para negocio. Gran ventaja por la doble fachada. O Segundo Piso: 02 departamentos, cada uno con 2 dormitorios y 1 baño. O Tercer Piso: 02 departamentos, cada uno con 2 dormitorios y 1 baño. O Cuarto Piso: 02 departamentos (posibilidad de configurar según necesidad). Esta propiedad representa una excelente oportunidad para quienes buscan invertir en una zona con proyección, amplitud y rentabilidad.|https://www.adondevivir.com/propiedades/clasificado/veclcain--excelente-oportunidad-de-inversion-y-negocio-en-un-148787989.html?n_src=Listado&n_pg=1&n_pos=13|2026-02-01
adondevivir|casas|venta|Lima Centro|Rimac|"av los bambues
Los Pinos, San Juan de Lurigancho"|S/ 454,400 · USD 128,000|454400|128000|||"90 m² tot.
4 dorm.
2 baños"|90|4|2||En venta casa de 3 pisos con excelente ubicación a pocas cuadras de la estación San Martín. At 90 M2. Cuenta con 4 habitaciones, 2 baños completos, habitación o estudio, sala comedor, patio interior, cocina. Lista para vivir o remodelar. Cuenta con gas natural. En el 3 piso se puede acondicionar un mini departamento. Cerca a colegios, parques club deportivos. Consta de 3 pisos, distribuídos de la siguiente manera: Primer Piso: Sala Comedor. Cocina. Estudio o habitación. Baño completo. Patio. Segundo Piso: 4 habitaciones. Baño completo. Tercer Piso: Salón ideal para reuniones familiares y celebraciones. Lavandería. Precio de Venta 128, 000 dólares|https://www.adondevivir.com/propiedades/clasificado/veclcain-vendo-casa-urb-los-pinos-san-juan-de-lurigancho-147623314.html?n_src=Listado&n_pills=%C3%81rea+de+lavander%C3%ADa&n_pg=1&n_pos=14|2026-02-01
adondevivir|casas|venta|Lima Centro|Rimac|"Urb Chacarilla de Otero - Av Tupac Amaru ARG 18 - SJL
San Juan de Lurigancho, Lima"|S/ 770,500 · USD 230,000|770500|230000|||"348 m² tot.
17 dorm.
6 baños
1 estac."|348|17|6|1|¡más que una casa, tu próxima fuente de ingresos en sjl! ¿Buscas el hogar ideal para tu familia y, al mismo tiempo, un negocio que se pague solo? Esta propiedad en el corazón de San Juan de Lurigancho es la oportunidad que esperabas. Ubicada estratégicamente a solo 5 minutos del Mall Aventura y a 10 minutos del Metro La Hacienda, disfrutarás de la comodidad de tener todo cerca mientras vives frente a un hermoso parque la Urbanización Chacarilla de Otero. Lo que hace única a esta propiedad: * Espacio de sobra: 348 m² de área construida distribuidos en 3 niveles + azotea. * Capacidad máxima: 19 habitaciones y 6 baños (¡Ideal para alquiler de cuartos o proyecto multifamiliar!). * Ubicación privilegiada: Frente a parque (aire puro y vista despejada), entre la cuadra 4 y 5 de la Av. Próceres y a dos cuadras de la estación Caja de Agua (Urbanización de fácil acceso y con buenas referencias cerca). * Comodidad: Incluye cochera privada. ¿Por qué es una inversión inteligente? Gracias a su distribución y cercanía a zonas comerciales y transporte masivo, esta propiedad es perfecta para: * Vivir con una familia numerosa con total independencia. * Generar rentas mensuales alquilando las habitaciones (Alta demanda en la zona). * Instalar un centro educativo, nido o policlínico por su gran metraje y ubicación tranquila. ¡Deja de pagar hipotecas y haz que tu casa trabaje para ti! Precio: 230, 000 dólaresUbicación: Urb. Chacarilla de Otero (Altura cdra. 4 y 5 de Av. Próceres de la independencia).|https://www.adondevivir.com/propiedades/clasificado/veclcain-casa-en-san-juan-de-lurigancho-148738831.html?n_src=Listado&n_pills=%C3%81rea+de+lavander%C3%ADa&n_pg=1&n_pos=15|2026-02-01
adondevivir|casas|venta|Lima Centro|Rimac|"Calle Los Pinos Mz. G Lt. 8 Huertos
Lima Cercado, Lima"|S/ 3,644,375 · USD 1,062,500|3644375|1062500|||"6250 m² tot.
4 dorm.
4 baños
2 estac."|6250|4|4|2|Contacto: isabel leandro // cel: 955*174*191. El terreno se encuentra ubicado a 1 cuadra de la Av. Antigua Panamericana Sur y a 10 minutos de la Nueva Panamericana. Sur de alto tránsito vehicular y peatonal, rodeado de fábricas, industrias, grifos, restaurantes campestres, víveros, a 3 minutos. del Banco bcp, a 5 minutos del muna (Museo Nacional del Perú) y Santuario Arqueológico de Pachacamac, a 5 minutos de. Plaza Vea de Lurín, Bcos: bbva, Interbank, Banco de La Nación, CrediScotia, Scotiabank, Cajas Financieras, Municipalidad. de Lurín y Municipalidad de Pachacamac, Mercados, Catedral, Hospital, Centro Materno Infantil, estación de bomberos, Reniec, colegios, Universidades, playas, etc. Ideal para fábricas, almacén, depósito, Invernaderos, talleres, fábrica de muebles, colchones, etc. -Documentos saneados y único propietario, inscritos en la sunarp listos para Crédito Hipotecario. -Libre de hipoteca, carga y gravamen. Precio: $ 185 x m² ( negociable) A. T. Total: 6, 250 m² Comprenden: a) parcela 8: 4, 250 m2. b) parcela 8A 2, 000 m2. Se encuentran independizados c/u ficha registral cada terreno. A. C. 140 m² casa de campo. El terreno consta de: - Luz eléctrica, teléfono, red de cable e internet que deben ser activados. - 1 pozo de agua subterránea. en funcionamiento. - Silo de pozo séptico. Proyecto del agua Y desague en trámite|https://www.adondevivir.com/propiedades/clasificado/veclcain-se-vende-casa-de-campo-con-piscina-147894012.html?n_src=Listado&n_pg=1&n_pos=16|2026-02-01
adondevivir|casas|venta|Lima Centro|Rimac|"Luis Agurto 154
Lima Cercado, Lima"|S/ 1,128,950 · USD 335,000|1128950|335000|||"242 m² tot.
6 dorm.
3 baños
1 estac."|242|6|3|1|¡Tu nuevo hogar frente al parque! Comodidad, vista y ubicación ideal. Disfruta de la tranquilidad y el confort que solo una casa frente a parque puede ofrecer. Ubicada en una zona estratégica, paralela a la Av. Venezuela, esta propiedad combina una excelente ubicación con amplios y luminosos espacios ideales para tu familia. En el primer piso, encontrarás una acogedora y amplia sala con vista al parque, perfecta para compartir momentos especiales, además de un hermoso jardín donde podrás relajarte y disfrutar del aire libre. En el segundo piso, te espera otra sala con una vista panorámica al parque, el espacio ideal para descansar o disfrutar en familia con total comodidad. Además, cuenta con un ingreso independiente al segundo piso, lo que la convierte en una gran oportunidad de inversión, ya sea para vivir y alquilar una parte, o adaptarla según tus necesidades. Una propiedad que lo tiene todo: ubicación, amplitud, independencia y una vista inmejorable. ¡Haz de esta casa el hogar que siempre soñaste!|https://www.adondevivir.com/propiedades/clasificado/veclcain-hermosa-casa-en-venta-frente-a-parque-148123672.html?n_src=Listado&n_pills=Jard%C3%ADn&n_pg=1&n_pos=17|2026-02-01
adondevivir|casas|venta|Lima Centro|Rimac|"Miguel Grau
San Martín de Porres, Lima"|S/ 1,088,510 · USD 323,000|1088510|323000|||"253 m² tot.
10 dorm.
7 baños"|253|10|7||Contacto: maria isabel tello // cel: 996*924*287. ocasión!! Casa en Venta de 2 Pisos en Av Miguel Grau 534, en San Martin de Porres. Area del terreno: 252. 70m2. Area Construida 374m2. A pocas cuadras de la Av. Caquetá, cerca a la zona comercial de alimentos, aborrotes, artivulos para zapateria curtos y más. Te voy a mostrar las Razones por la que debes adquirir este inmueble: No solo adquieres la casa, tambien adquieres 2 locales comerciales y los aires donde podràs ampliar y construir hasta 5 pisos. En el primer piso cuenta con 2 locales comerciales con vista exterior el primero de 75m2 el cual esta físicamente dividido en consultorios medicos. Segundo local comercial de un solo ambiente cuenta con un área de 35 m2. primer piso interior cuenta con tres minidepartametos independientes (Sala comedor, cocina abierta 1 baño y 1 dormitorio) de diferentes áreas cada uno. Escalera al segundo piso donde encontraras 3 minidepartamentos Sala comedor, cocina abierta 1 baño y 1 dormitorio). Aires sobre los departamentos del primer piso donde podrás ampliar la edificacion si asi lo requiere. En total tienes 6 minidepartamentos como inversión inmediata. Más 2 locales comerciales, para usos diversos. Usos puede ser para vivienda si tienes una familia numerosa y por estar en una avenida en remodelación miguel grau te servira para diferentes usos Galerias, 0 Centro dental, consultorios medicos, farmacias, academias, entre otros. Tiene una estratégica ubicación ya que se encuentra a unas cuadras de la avenida caqueta, mercado pocitos, parque del trabajo, tienes cerca centros de educacion como Jose Sabogal entre otros, centros de salud, supermercados en los alrededores, la rentabilidad está garantizada, ya que no solo se percibe ingresos por la renta de los departamentos, también se puede alquilar los locales que tiene en el primer nivel. Precio basado en una tasación acorde al mercado y todavía es negociable. No pierdas la oportunidad de adquirir este inmueble. - ambientes independientes: 8. - baños: 6. - ½ baños: 2. - areas de cocina: 6. - locales comerciales. visitas faciles con 48 horas de anticipacion. la mejor opcion en la zona A un super precio. Documentacion en regla. contactanos para brindarte informacion adicional|https://www.adondevivir.com/propiedades/clasificado/veclcain-amplia-casa-de-2-pisos-av-miguel-grau-smp-147915695.html?n_src=Listado&n_pg=1&n_pos=18|2026-02-01
adondevivir|casas|venta|Lima Centro|Rimac|"Mz T Lt 20 Urb. El Rosario Del Norte
El Rosario, San Martín de Porres"|S/ 771,501 · USD 229,000|771501|229000|||"316 m² tot.
6 dorm.
5 baños
4 estac."|316|6|5|4|Se vende casa de dos pisos con gran proyección de inversión, ubicada en una zona residencial tranquila y segura, con rejas de ingreso y salida controladas. La propiedad se encuentra cerca de dos amplios parques, colegios privados y principales vías de acceso, ideal para vivir o invertir. Construida en 2016 y ampliada totalmente en 2025, combina amplitud, versatilidad y proyección de crecimiento, ofreciendo ambientes luminosos y funcionales. Distribución: Primer piso: • Construcción con techos altos. • 2 habitaciones (una con baño privado) • Baño de visitas. • Área de lavandería. • Espacio versátil que puede usarse como cochera, local comercial, almacén, taller, oficinas. Segundo piso (obra nueva 2025): • 4 habitaciones amplias. • Habitación principal con baño privado y vista a la calle. • Segunda habitación con baño propio. • 2 habitaciones secundarias que comparten baño. • Baño de visitas adicional. • Cocina, sala-comedor y área de lavandería. • Construcción en casco techado. Entorno y beneficios: • Urbanización cerrada con portón de acceso y salida. • Entorno familiar, seguro y de baja densidad. • A pasos de parques y colegios particulares. • Fácil acceso a Av. Universitaria, Av. Los Alisos y Av. Perú • Zona con alta proyección de valorización. Ideal para: • Familias que buscan una casa amplia, moderna y segura. • Inversionistas que deseen alquilar por niveles o desarrollar más pisos. ¡Contáctanos para agendar una visita y conocer tu próxima propiedad en San Martín de Porres! El valor publicado en soles es referencial|https://www.adondevivir.com/propiedades/clasificado/veclcain-casa-de-2-pisos-en-zona-residencial-cerrada-san-147915886.html?n_src=Listado&n_pills=%C3%81rea+de+lavander%C3%ADa&n_pg=1&n_pos=19|2026-02-01
adondevivir|casas|venta|Lima Centro|Rimac|"XXJM+2VW Parque de la vida, San juan de lurigancho
San Juan de Lurigancho, Lima"|S/ 940,800 · USD 280,000|940800|280000|||"130 m² tot.
2 dorm.
5 baños"|130|2|5||Contacto: semirames espinoza // cel: 944*135*093. Área Construida: 520 m² ¡inversión inteligente Y rentabilidad garantizada! Ponemos a la venta este sólido edificio de 4 pisos más azotea ubicado en una zona privilegiada: ¡justo frente al Parque de la Vida! Razones para Invertir: Ingreso Pasivo Inmediato: Los pisos 1 y 2 están equipados como local comercial (altura 3. 30m) y ya se encuentran alquilados (S/ 5, 000 mensuales). Infraestructura Superior: Cuenta con Conexión Trifásica, Pozo a Tierra y cableado industrial indeco (ideal para cualquier negocio). Vida y Desarrollo: El tercer piso es un departamento con acabados de lujo (2 dormitorios) y el cuarto piso está listo para ser terminado, duplicando el área residencial. Ubicación: Frente al Parque de la Vida. Servicios: Luz, Agua, Desagüe, Gas Natural y Cisternas. ¡No pierda esta triple oportunidad: vivienda, comercio y rentabilidad! Contáctenos para más detalles y visita.|https://www.adondevivir.com/propiedades/clasificado/veclcain-propiedad-multifuncional-de-4-pisos-azotea-148441522.html?n_src=Listado&n_pg=1&n_pos=20|2026-02-01
adondevivir|casas|venta|Lima Centro|San Luis|"Circunvalacion al 800
Jardines De Salamanca, San Luis"|S/ 1,819,796 · USD 539,999|1819796|539999|||"338 m² tot.
4 dorm.
2 baños
2 estac."|338|4|2|2|"Oportunidad de inversión para desarrolladores inmobiliarios| Zona estratégica y de alta Plusvalía en Surco. Área Total: 338 m² | Área Construida: 240 m² | Frente: 13. 88 ml | Fondo: 24. 40 ml. Características del inmueble: 1er Piso: - Patio con cochera amplia. - Mini dúplex independiente. - Recibidor + baño de visitas. - Sala comedor. -Cocina cerrada. - Patio posterior con lavandería. 2do Piso: -4 habitaciones amplias (principal con baño propio) -Sala de estar. -1 baño completo. Características de la Zona: - Zona de alto crecimiento inmobiliario (Parámetros de 10 pisos) - Fácil acceso a la Panamericana Sur. - Cerca a Casuarinas y Valle Hermoso, dos de las zonas más exclusivas de Surco. - A minutos del Puente Benavides, zona comercial de Valle Hermoso, supermercados, gimnasios, Clínicas y colegios de renombre. - A minutos de la Universidad Ricardo Palma, Parque de la Amistad y El Trigal"|https://www.adondevivir.com/propiedades/clasificado/veclcain-terreno-en-venta-en-zona-de-alto-crecimiento-en-surco-148571102.html?n_src=Listado&n_pills=%C3%81rea+de+lavander%C3%ADa&n_pg=1&n_pos=1|2026-02-01
adondevivir|casas|venta|Lima Centro|San Luis|"CALLE ANDFRES COSTELLO
La Libertad, San Luis"|"S/ 1,769,000 · USD 509,999
20%"|1769000|509999|20%||"300 m² tot.
6 dorm.
2 baños
1 estac."|300|6|2|1|Casa centrica con vista en esquina en la zona de facil acceso A lineas de transporte. con cochera techada. 4 puertas de ingreso. ideal para proyecto multifamiliar|https://www.adondevivir.com/propiedades/clasificado/veclcain-vendo-casa-en-esquina-147495859.html?n_src=Listado&n_pills=%C3%81rea+de+lavander%C3%ADa&n_pg=1&n_pos=2|2026-02-01
adondevivir|casas|venta|Lima Centro|San Luis|"Alicante
San Luis, Lima"|S/ 2,311,400 · USD 635,000|2311400|635000|||"150 m² tot.
5 dorm.
6 baños
2 estac."|150|5|6|2|Venta de casa en jr. Alicante– san luis. precio: usd 635, 000 (negociable) Antigüedad 13 años. Diseñada para familias que buscan privacidad, confort y conexión bajo un mismo techo. Ubicación privilegiada: En Jr. Alicante a pocos metros de Av. Rosa Toro, con acceso inmediato a restaurantes, supermercados, bancos y vías principales de Lima. • Área de terreno: 150. 48 m² • Área construida: 360. 00 m² distribución: dúplex principal (1° Y 2° piso): • Primer piso: Sala de estar interna y externa, amplia sala-comedor con iluminación natural, cocina moderna con mobiliario superior e inferior, comedor diario para 6 personas, baño de visitas, lavandería independiente, terraza con zona bbq y 2 cocheras. • Segundo piso: Sala de estar familiar, 3 dormitorios principales, cada uno con baño privado y diseño orientado al máximo confort. Departamento independiente (3° piso): Incluye: • Sala-comedor con iluminación natural, cocina integrada con mamparas de vidrio. • 2 dormitorios espaciosos con baños privados. Azotea con potencial (4° piso): • Espacio de 51. 47 m² para ampliación (posibilidad de crear un tercer departamento o área de recreación). Acabados de alta gama: • Pisos de porcelanato y cerámica española. • Iluminación con tecnología dicroica. • Grifería europea de primera línea. • Muebles de cocina en granito natural y acabados en mármol.|https://www.adondevivir.com/propiedades/clasificado/veclcain-vta-san-luis-jr-alicante-casa-5d-2c-2p-dpto-indep-146627339.html?n_src=Listado&n_pills=Cerca+a+colegios&n_pg=1&n_pos=3|2026-02-01
adondevivir|casas|venta|Lima Centro|San Luis|"jirón surimana 248 san luis
Tupac Amaru, San Luis"|S/ 1,275,000 · USD 370,000|1275000|370000|||"263 m² tot.
12 dorm.
9 baños
1 estac."|263|12|9|1|- Casa en esquina con vista privilegiada y rodeada de áreas verdes, ideal para disfrutar con toda la familia. - Seguridad y tranquilidad en la zona. - 03 pisos y en buenas condiciones. - Área de terreno: 120 m2 / Área construida: 262. 5 m2. - Zonificación: Residencial de densidad media (rdm) permitido hasta 5 pisos, de acuerdo a certificado de parámetros. - 1er piso: -Tiene un ingreso independiente a los 3 niveles por la parte lateral. - En la parte delantera tiene 03 ambientes + 01 sshh los cuales pueden ser utilizados para un negocio (guardería, librería, etc). - En la parte posterior tiene 01 minidepartamento independiente + 01 patio y sshh. 2do piso: - 02 Minidepartamentos con vista al parque. - 02 Habitaciones amplias con sshh propio. 3er piso: - 06 Habitaciones + 03 sshh compartidos. Se incluye 01 cochera de 16m2. La casa tiene una ubicación estratégica ya que se encuentra muy cerca a la videna, a 10min del emporio de Gamarra, Mercado de frutas, entre otros. No dejes pasar esta oportunidad de vivir en un entorno agradable y seguro. ¡Contáctanos hoy mismo para más información y agendar una visita!|https://www.adondevivir.com/propiedades/clasificado/veclcain-vendo-casa-en-san-luis-148564468.html?n_src=Listado&n_pills=Frente+a+parque&n_pg=1&n_pos=4|2026-02-01
adondevivir|casas|venta|Lima Centro|San Luis|"Los Jazmines, San Luis
San Luis, Lima"|S/ 1,088,000 · USD 319,900|1088000|319900|||"150 m² tot.
6 dorm.
5 baños
1 estac."|150|6|5|1|Vendo casa de 3 pisos en san luis – al costado del parqueexcelente oportunidad de adquirir una amplia casa ubicada en el Jr. Los Jazmines, al costado del Parque Augusto Salazar Bondy, en una zona residencial tranquila y de alta demanda. La propiedad se encuentra cerca al cruce de Av. Del Aire y Av. Rosa Toro, con excelente conectividad y acceso rápido a diferentes puntos de la ciudad, manteniendo la ventaja de estar en una calle interior, sin ruido ni congestión vehicular. Características destacadas: -Casa de 3 niveles-6 dormitorios-SalaComedor-Cocina en el primer piso-Kitchenette en segundo piso-Sala de estar en segundo piso-Jardín-Cochera-Área de servicio-Lavandería-Terraza-Tendal-BalcónIdeal para familia numerosa, uso multifamiliar o inversión, gracias a su distribución y ubicación privilegiada junto a área verde. Parque al costado, zona residencial y excelente conectividad.|https://www.adondevivir.com/propiedades/clasificado/veclcain-casa-en-san-luis-los-jazmines-148747648.html?n_src=Listado&n_pills=Jard%C3%ADn&n_pg=1&n_pos=5|2026-02-01
adondevivir|casas|venta|Lima Centro|San Luis|"JR. BADAJOZ
Javier Prado Et.4, San Luis"|S/ 856,800 · USD 238,000|856800|238000|||"240 m² tot.
5 dorm.
3 baños
1 estac."|240|5|3|1|Magnifica ocasión, no paga cuota de mantenimiento!! Vendo magnífico departamento dúplex de 249 M2. área 1er. Piso: 138. 73, area 2do. Piso: 101. 85m2. en perfecto estado de conservación!! Vendo 1er. Y 2do. Piso de una casa de 5 pisos, departamento dúplex, tipo casa, entrada totalmente independiente, inmueble independizado, papeles en regla. Cuenta con amplios ambientes, muy iluminados Y ventilados: 4 dormitorios muy amplios - 2 dormitorios con baño propio. 1 cuarto tipo estudio. 3 baños completos. 1 baño de visita. distribución 1er. Piso: sala comedor con mampara de vidrio salida A la terraza Y jardin interior. Lindo bar de madera cedro. 1 oficina grande E iluminada. Cocina cerrada, encimera de marmol Y reposteros altos Y bajos. Lavandería con lavadero, conexión para lavadora. 2do. Piso: 4 dormitorios amplios, 2 de ellos con baño incorporado. 1 baño completo en pasillo para los otros dormitorios. Servicio de agua con medidor común, servicio de luz con medidor propio. Se encuentra ubicado cerca A la videna, A media cuadra de av. San luis Y av. Canada. * precio referencial en soles, sujeto al tipo de cambio|https://www.adondevivir.com/propiedades/clasificado/veclcain-vendo-piso-1-y-2-de-casa-de-5-pisos-cerca-a-la-videna-142561551.html?n_src=Listado&n_pills=%C3%81rea+de+lavander%C3%ADa&n_pg=1&n_pos=6|2026-02-01
adondevivir|casas|venta|Lima Centro|San Luis|"Condominio Moravia
San Vicente De Cañete, Cañete"|S/ 740,000 · USD 180,000|740000|180000|||182 m² tot.|182||||Casa de Playa Soñada en Venta - Condominio Moravia, Mala¡Descubre el refugio perfecto para tu familia y amigos con esta encantadora casa en el exclusivo Condominio Moravia! Características Generales: - Pisos: Elegante diseño de 2 niveles - Área de Terreno: ** Espacioso lote de 182. 00 m² - Área Construida: ** Aprovecha al máximo los 175. 00 m² - Estacionamientos: ** 2 cómodos espacios para tus vehículos - Baños: ** 4 completos, diseño moderno y funcional - Habitaciones: ** 5 acogedoras, ideales para descansar tras un día de sol - Antigüedad: ** 15 años, con mantenimiento óptimo -Terraza con vista al mar en el segundo pisoDisfruta de la brisa marina y el calidez sol en una comunidad segura y privada, perfecta para crear memorias inolvidables junto al mar. Relájate en amplios espacios y siente la comodidad de un hogar pensado para el disfrute y la tranquilidad. No pierdas la oportunidad de ser el anfitrión de inolvidables veranos y fines de semana de desconexión. ¡Esta casa de playa está esperando por ti! Mantenimiento: S/. 650 soles aprox. Contáctanos para más información y organiza tu visita a este paraíso costeroT. C. 3. 50Tipo de cambio referencial, sujeto a variación diaria por fluctuación del mercado|https://www.adondevivir.com/propiedades/clasificado/veclcain-hermosa-casa-amoblada-en-condominio-moravia-i-km.-147505519.html?n_src=Listado&n_pills=%C3%81rea+de+lavander%C3%ADa&n_pg=1&n_pos=1|2026-02-01
adondevivir|casas|venta|Lima Centro|San Luis|"Venta Casa Club Playa LAS Palmeras Piscina 4d+4b+club House
San Vicente De Cañete, Cañete"|S/ 900,000 · USD 270,000|900000|270000|||"200 m² tot.
4 dorm.
4 baños
8 estac."|200|4|4|8|Hermosa Casa de Playa en venta de tres niveles ubicada en el Club Playa Las Palmeras, a la altura del Km 123. 5 de la Panamericana Sur. La propiedad destaca por su orientación con vista panorámica al océano, su distribución funcional en tres plantas y sus completas áreas sociales privadas, además de las amenidades que ofrece el condominio. datos generales de la propiedadubicación: Club Playa Las Palmeras – Km 123. 5 Panamericana Sur. Precio de Venta: us$ 270, 000. Área de Terreno: 200 m². Área Construida Total: 258 m² distribuidos en 3 niveles. Área Libre total: 145 m²Estado Legal: Título de Propiedad debidamente inscrito en Registros Públicos y libre de cargas. Capacidad Total: 4 dormitorios + Área de servicio completa. Baños: 4 baños completos + Baño de servicio. distribución arquitectónica por nivelesprimer nivel (Área Social y Habitaciones Secundarias): Sala y Comedor: Ambientes integrados con acceso directo a la terraza exterior. Terraza Principal: Amplio espacio exterior que cuenta con una piscina privada. Zona de Parrilla: Área equipada para Parrilla que incluye un horno de barro artesanal. Dormitorios Secundarios (2): Dos habitaciones ubicadas en este nivel, ambas con closets empotrados. Baño Completo: Un baño compartido para el uso de los dormitorios secundarios y visitas. Área de Servicio: Zona independiente que incluye lavandería, dormitorio de servicio y baño de servicio. Adicionales: Depósito de limpieza y escaleras (principal y de servicio). segundo nivel (Área Privada): Dormitorio Principal (Master Suite): Habitación espaciosa con capacidad para cama King. Incluye un walking closet, baño privado completo y acceso a una terraza privada con vista directa al mar. Dormitorio Secundario: Habitación con capacidad para cama Queen, closet empotrado y vista al mar. sótano (Área de Usos Múltiples y Entretenimiento): Sala Multiusos: Amplio ambiente con vista hacia la playa y el océano. Equipamiento: El espacio alberga una mesa de billar, una zona de bar y una sala de televisión. Baño: Un baño completo para uso de este nivel. Áreas Técnicas: Depósito adicional y cuarto de bombas/máquinas para la piscina. estacionamiento Y exteriorescochera Techada: Espacio privado para 2 vehículos techados y 6+ sin techar en el frontis. Estacionamiento Exterior: Área habilitada para aparcar hasta 8 autos adicionales. amenidades E infraestructura del club playa las palmerasla propiedad forma parte de un condominio consolidado y exclusivo que ofrece las siguientes instalaciones comunes a sus propietarios: Club House Principal. Piscina panorámica de uso común. Servicios: Restaurante y mini market operativos dentro del club. Entretenimiento: Zona de juegos y área de cine. Instalaciones Deportivas: 3 canchas de tenis. 1 cancha de fulbito1 Cancha de basket. 2 canchas de frontón. Otros: Capilla dentro de las instalaciones. No te limites a imaginarlo, vívelo. Las propiedades con esta vista y amenidades exclusivas son muy cotizadas. Envíame un whatsapp ahora mismo para agendar tu visita. La vida frente al mar te está llamando.|https://www.adondevivir.com/propiedades/clasificado/veclcain-venta-casa-de-playa-3-niveles-con-vista-al-mar-4d-4b-148323881.html?n_src=Listado&n_pills=Guardian%C3%ADa%2FSeguridad+privada&n_pg=1&n_pos=2|2026-02-01
adondevivir|casas|venta|Lima Centro|San Luis|"Antigua Hacienda San Andrés Km 74.5 Pan. Sur
San Vicente De Cañete, Cañete"|S/ 2,750,000 · USD 725,000|2750000|725000|||"2735 m² tot.
6 dorm.
7 baños
5 estac."|2735|6|7|5|Bellísima y moderna casa de campo, en la Antigua Hacienda San Andrés, en Mala (Cañete) para compartir en familia y/o con amigos, rodeada de jardines, piscina, árboles frutales, a pocos minutos de las playas León Dormido, La Ensenada, Las Lagunas, Club Rinconada. Asia se encuentra a 10 minutos. Características: 2735. 55 m2 at370m2 ac6 dormitorios + 6 baños completos y 1 baño visitaTerrazas, piscina, zona de parrilla, hornoÁrea de servicio completaEstacionamiento para 5 autoscaracterísticas generales: La Antigua Hacienda San Andrés tiene 50 casas construidas, rodeadas de vegetación, tiene una caballeriza y áreas comunes, se puede pasear a caballo, cuatrimotos y hacer lindas caminatas. distribución: Ingresando a la propiedad, hacia la derecha hay estacionamiento para 5 camionetas, continuamos por caminos de jardines. Entrando a la casa está el baño de visita, luego sala y comedor muy iluminados, con una bella y amplia cocina abierta con línea blanca de alta gama y con isla que se integra a las demás áreas. Cerca a la cocina está la lavandería grande, 2 depósitos y el cuarto de servicio con 3 camas y baño completo. En el primer piso también se encuentra el dormitorio principal con closet y baño incorporado. Le siguen 2 habitaciones con closets las cuales comparten un baño completo. En este nivel hay una sala de estar. Subiendo por las escaleras al segundo piso, hay un descanso con una mampara y vista espectacular y un balcón. Encontramos 2 habitaciones adicionales, cada una con closets y baños completos. En total hay espacio para 20 personas en la zona de dormitorios además del área de servicio. En el primer nivel se encuentra un bungalow independiente de la casa, con 4 camarotes y 2 baños completos con vestidores, para hombres y para mujeres. La construcción de la casa es de 370m2 por lo que hay 2, 365 m2 de lindos jardines, árboles frutales, terrazas sol y sombra, zona de parrilla, con horno y hueco circular de ladrillos refractarios para fogatas. Zona tranquila de hamacas y una amplia piscina para nadar, con cataratas y luces de colores. Adicionalmente zona de juegos como billar, sapito, saltarín grande y toboganes. Si deseas una casa de campo en condominio seguro, rodeada de naturaleza y relativamente cerca de Lima (a 50 minutos aprox.) tienes que conocer esta casa! contactoana María Zumaeta9. 9. 9. 0. 9. 0. 9. 7. 0. _________Jessica Tapia - Asociados: Tu socio inmobiliario en PerúTe ayudamos a vender, comprar o alquilar tu propiedad con un servicio personalizado y profesional. Encontramos el comprador, inquilino o inmueble perfecto para ti, asegurando que todo el proceso sea ágil y seguro. Visita nuestra web y haz realidad tus metas inmobiliarias.|https://www.adondevivir.com/propiedades/clasificado/veclcain-antigua-hacienda-san-andres-km-74.5-pan-sur-2735.55-147549120.html?n_src=Listado&n_pills=Jard%C3%ADn&n_pg=1&n_pos=3|2026-02-01
adondevivir|casas|venta|Lima Centro|San Luis|"Casa en Totoritas, Mala
San Vicente De Cañete, Cañete"|S/ 1,779,075 · USD 450,000|1779075|450000||1|"310 m² tot.
5 dorm.
4 baños
3 estac."|310|5|4|3|Playa Las Totoritas, Mala Bella y acogedora casa en Playa Las Totoritas, cerca al Club House, con canchas deportivas, piscina, juegos niños, restaurants, tiendas. Condominio con seguridad y vigilancia, ideal para familias. Características: 310 m2 ac 228 m2 terreno 2 pisos, en esquina 5 dormitorios ** 1 principal, 2 dormitorios con una cama de 2 plazas y 1 camarote, además 2 dormitorios con 2 camarotes c/u 4 baños completos 1 baño visita Sala comedor con vista a terrazas Área de parrilla Jacuzzi/piscina Área de Servicio (cuarto, baño, lavandería) 2 depósitos Características Generales: 20 años antigüedad, bien mantenida Con jardines internos y externos Therma a gas Cisterna Estacionamiento para 2 o 3 autos Incluye muebles y línea blanca Vende Inmobiliaria Jessica Tapia Contacto: Ana María 9. 9. 9. 0. 9. 0. 9. 7. 0. Pn mvcs 6133_________Jessica Tapia - Asociados: Tu socio inmobiliario en PerúTe ayudamos a vender, comprar o alquilar tu propiedad con un servicio personalizado y profesional. Encontramos el comprador, inquilino o inmueble perfecto para ti, asegurando que todo el proceso sea ágil y seguro. Visita nuestra web y haz realidad tus metas inmobiliarias.|https://www.adondevivir.com/propiedades/clasificado/veclcain-casa-en-playa-totoritas_310-m-sup2-_5-dorm.-147549092.html?n_src=Listado&n_pills=%C3%81rea+de+lavander%C3%ADa&n_pg=1&n_pos=4|2026-02-01
adondevivir|casas|venta|Lima Centro|San Luis|"Hacienda Ex Fundo San Andrés
San Vicente De Cañete, Cañete"|S/ 1,665,522 · USD 498,659|1665522|498659||487|"2104 m² tot.
4 dorm.
5 baños
4 estac."|2104|4|5|4|&quot;Exquisita residencia campestre, rodeada por un jardín paradisíaco y una reluciente piscina, enclavada en la histórica Ex Hacienda San Andrés, a las afueras de la Ciudad de Lima, en la Panamericana sur 75km, a pocos minutos del Boulevard de Asia. Esta propiedad ofrece un estilo de vida exclusivo con acabados de alta gama. Características destacadas: - Área de terreno de 2104 m2- Área construida de 357. 09 m2- Hermoso jardín que abraza la residencia, acompañado por una encantadora piscina. - Doble terraza equipada con parrilla. - Baño dedicado para la zona de la piscina. - Amplio y luminoso espacio de sala-comedor con majestuosas mamparas de madera, ofreciendo vistas panorámicas a la piscina y al jardín, complementado por una acogedora chimenea. - Cocina cerrada con refinados acabados de granito. - Baño de visitas. - 4 dormitorios, todos ellos con baños privados y vistas al jardín. El dormitorio principal, cuenta con un baño incorporado de diseño moderno, una espaciosa ducha y un amplio walk-in closet. - 1 dormitorio para el personal de servicio con baño propio. - Área de lavandería. - Espacio de depósito. estacionamiento para varios autos. Precio de Venta: $498, 659Mantenimiento: S/. 487 (a esta boleta se le suma el consumo del agua) Se vende amobladaEsta propiedad ofrece un equilibrio perfecto entre elegancia, comodidad y conexión con la naturaleza. Contáctame para programar una visita y descubrir el encanto que esta casa de campo tiene para ofrecer. &quot;|https://www.adondevivir.com/propiedades/clasificado/veclcain-se-vende-hermosa-casa-de-campo-en-la-antigua-hacienda-145447669.html?n_src=Listado&n_pills=Seguridad&n_pg=1&n_pos=5|2026-02-01
adondevivir|casas|venta|Lima Centro|San Luis|"Lomas del Mar
Puerto Fiel, Cerro Azul"|S/ 1,245,420 · USD 370,000|1245420|370000||1,500|"415 m² tot.
6 dorm.
7 baños
6 estac."|415|6|7|6|"Venta Hermosa Casa de Playa de 4 Niveles frente al mar con vista directa al océano, con Piscina y Terrazas diseñada por el reconocido arquitecto Malachowski, completamente amoblada y equipada. Exclusivo condominio Lomas del Mar - Cerro Azul | 4 pisos | 415 m² at | 5 Dormitorios |Dormitorio de servicio | 7 baños completos | 1 baños visitas| Piscina | Zona de parrilla | 6 cocheras (3 internas + 3 externas) | 4 Depósitos | Amoblada y equipada. Distribución general4 niveles con ambientes amplios y funcionales. 360 m² de construcción + 55 m² aprox. De terrazas con áreas sociales abiertas. Primer piso1 amplio dormitorio con cama King, clóset y baño incorporado, con terraza privada y vista al mar. Cuarto de bombas de piscina. Segundo piso3 amplios dormitorios(dos de ellos con vista al mar), cada uno con cama de 2 plazas + camarote, clóset y baño incorporado. Sala de estar/sala de tv amplia ideal para uso familiar. Tercer pisoSala–comedor con salida directa a terraza. Terraza social con piscina y zona de parrilla. Moderna e iluminada cocina estilo americana. 2 baños. Lavandería y área de servicio (Dormitorio con baño). 1 Depósito. Cuarto pisoDormitorio principal tipo suite con cama King, clóset y baño incorporado. Estacionamientos y depósitos3 cocheras internas y 3 cocheras exteriores (total 6). Cuarto para 2 balones de gas grandes. 4 televisores (uno por cada nivel). Termotanque de 180 litros. Bomba de agua hidroneumática. Arquitectura y Estilo: Esta casa de playa destaca por su diseño moderno, con líneas minimalistas, ventanales de piso a techo y una conexión orgánica con el paisaje que han caracterizado el diseño contemporáneo de arquitectos como Richard Malachowski. Disponibilidad: entrega inmediata, facilidad de visitas previa coordinación. Disfruta una casa de playa pensada para grandes reuniones, con piscina, terrazas y seis cocheras. Coordina tu visita."|https://www.adondevivir.com/propiedades/clasificado/veclcain-venta-de-casa-de-playa-en-asia-148300145.html?n_src=Listado&n_pills=Cuartos+de+servicio&n_pg=1&n_pos=6|2026-02-01
adondevivir|casas|venta|Lima Centro|San Luis|"Condominio Playa Azul
Cerro Azul, Cerro Azul"|S/ 880,600 · USD 259,000|880600|259000||590|"179 m² tot.
5 dorm.
3 baños
1 estac."|179|5|3|1|Descubre esta hermosa casa de playa de 180 m² en el exclusivo Condominio Playa Azul, a solo 20 minutos del Boulevard de Asia. Diseñada para disfrutar al máximo la vida junto al mar, cuenta con 5 dormitorios, piscina privada y amplios espacios en tres niveles. En el primer piso, sala, comedor y cocina abierta con barra de granito se integran en un ambiente moderno y funcional. Incluye dos habitaciones con camarotes y área de servicio completa. El segundo nivel ofrece tres dormitorios: dos comparten baño y la suite principal destaca por su baño privado y balcón con sala de estar. En el tercer nivel, el área social es el gran protagonista: piscina con vista al mar, zona de parrilla y amplias terrazas para compartir momentos únicos. La propiedad se vende totalmente amoblada y decorada con excelente gusto. El condominio brinda un entorno seguro y tranquilo, con amenidades como: Club House, Dos piscinas (adultos y niños), Restaurante frente al mar, cancha de tenis, Capilla y tópico y estacionamiento para visitasAntójate de vivir o invertir frente al mar. Playa Azul combina confort, diseño y ubicación en un solo lugar: tu refugio en el paraíso.|https://www.adondevivir.com/propiedades/clasificado/veclcain-tu-refugio-frente-al-mar-te-espera-en-playa-azul-147974520.html?n_src=Listado&n_pills=Piscina&n_pg=1&n_pos=7|2026-02-01
adondevivir|casas|venta|Lima Centro|San Luis|"San Vicente de Cañete
San Vicente De Cañete, Cañete"|S/ 1,466,530 · USD 389,000|1466530|389000||1,270|"450 m² tot.
5 dorm.
3 baños
4 estac."|450|5|3|4|Hermosa casa de playa F8 en condominio privado Lomas del Mar, Km 121 de la panamericana Sur, casa preciosa, acogedora, practica y amoblada súper moderna con gusto de decoradora, de 450 mts con vistas hermosas desde todos los ambientes, 5 dormitorios, 3 con baño incluído, espaciosa e iluminada sala y comedor, amplia terraza con sala, área de bbq, comedor, piscina con deck y una vista increíble de toda la playa. Cocina linda y súper moderna, con isla, baño de visita, área de servicio con 4 camas, área de lavandería, estacionamiento para 4 carros. La Playa fue construida por Graña y Montero, cuenta con 4 ascensores. El Club House se encuentra al costado de la arena y las piscinas a unos pasos de la arena también. El Condominio es privado y cuenta con seguridad 24 horas, Canchas de tenis, frontón, básquet, fulbito en césped, beach tenis y volley playa. Casa totalmente remodelada. Vistas inmejorables|https://www.adondevivir.com/propiedades/clasificado/veclcain-espectacular-casa-de-playa-en-condominio-privado-km121-142584507.html?n_src=Listado&n_pills=Piscina&n_pg=1&n_pos=8|2026-02-01
adondevivir|casas|venta|Lima Centro|San Luis|"Playa Punta Corrientes
Cerro Azul, Cañete"|S/ 666,000 · USD 180,000|666000|180000|||"200 m² tot.
4 dorm.
3 baños
6 estac."|200|4|3|6|Casa de dos pisos en primera fila1er pisoamplia terraza con piscina pequeñasala comedor con amplias manparas que permiten apreciar la hermosa vistacocina concepto abierto2 dormitorios cada uno con dos camarotes1 dormitorio con cama de dos plazas mas un camarote2 baños completoscuarto Y baño de serviciolavanderia2do pisodormitorio principal con cama queen, closet Y baño incluidoamplia salita de estarterraza amplia con una vista maravillosael condomonio cuenta con casa club (bodega, restaurante, camerinos, tópico, piscina, patera para niños, juegos infantiles, capilla, canchas de tenis, squash, fronton, fulbito (cesped natural), zona de parrillas. Asimismo, en verano, se pone a disposicion de los socios un carrito electrico para llevarlos hasta el toldo o sombrilla de su eleccion los cuales son colocados por la asociacion. La casa en si no cuenta con estacionamiento interno pero tiene asignada un area colindante para 6 autos. La asociacion esta diseñada para 120 casas, actualmente calculo deben haber unas 90. La playa debe tener unos 300 mts lo que permite disponer de una buena distancia entre toldos y sombrillas. En verano hay servicio de salvavidas tanto el la playa como en la piscina. La cuota de mantenimiento es de 950 soles. La cuota de ingreso para los nuevos socios es de us$ 7, 500. T. C. 3. 50Tipo de cambio referencial, sujeto a variación diaria por fluctuación del mercado|https://www.adondevivir.com/propiedades/clasificado/veclcain-casa-de-playa-hermosa-en-cerro-azul-super-precio-147246110.html?n_src=Listado&n_pills=Piscina&n_pg=1&n_pos=9|2026-02-01
adondevivir|casas|venta|Lima Centro|San Luis|"Condominio Kentia Km71 Puerto Viejo
San Vicente De Cañete, Cañete"|S/ 714,000 · USD 210,000|714000|210000|||"230 m² tot.
4 dorm.
3 baños
2 estac."|230|4|3|2|"Casa en Condominio Privado | 2 Amplias Terrazas | Seguridad 24/7230 m2 A. C. (construido) I 150m2 A. T. (terreno) | 4 Dormitorios | 3 baños Completos | 2 cocheras | Dos Terrazas | Area de Servicio y LavanderíaDistribución: 1er nivel: •Terraza en el primer piso, con ingreso a la casa, con bancas empotradas para 8 personas, terraza amoblada. •Sala y comedor con mamparas de piso a techo con excelente iluminación natural. •Cocina abierta americana integrada a la sala comedor, incluye cocina completa y refrigeradora. •Un Dormitorio con cama queen y camarote (3 personas) ideal para visitas. •Baño completo compartido con la visita. •Zona de lavandería tipo patio. •Cuarto de servicio con baño completo. Closet de almacenamiento. 2do nivel: •Dormitorio principal con closet de piso a techo (cama King), baño completo y vista exterior (se ve el mar). •2do Dormitorio secundo con closet de piso a techo (2 Camarotes de 1. 5 plazas - para 4 personas). •3er Dormitorio secundario con closet de piso a techo (2 Camarotes de 1. 5 plazas - parta 4 personas). •Baño completo que comparten las dos hacitaciones secundarias. •Escalera al tercer nivel con puerta independiente. 3er nivel: •Terraza con sol y sombra, sillones empotrados y comedor para 8 personas (vista al mar). •Parrilla y zona de poltronas. •Vista a la piscina del club. Características de la propiedad: •Terraza con muy buena vista al jardín y área de recreación. •Techos altos en ambos niveles•Excelente iluminación natural en todos los espacios de la casa. •Espacios ventilados. •A 60 metros del malecón. •Se vende amoblada. Características del condominio: • Juego de Niños. • Piscina para adultos y niños • Cancha deportivas• Tienda de Abarrotes • Seguridad y vigilancia 24/7. • Exclusivo y residencial• Condominio No Apto para Mascotas. • Mantenimiento S/. 650 aproximadamente."|https://www.adondevivir.com/propiedades/clasificado/veclcain-casa-de-playa-puerto-viejo-condominio-kentia-148555468.html?n_src=Listado&n_pills=Gimnasio&n_pg=1&n_pos=10|2026-02-01
adondevivir|casas|venta|Lima Centro|San Luis|"Playa Lomas del Mar
Lomas De Mar, Cerro Azul"|S/ 1,692,730 · USD 449,000|1692730|449000|||"408 m² tot.
5 dorm.
4 baños
3 estac."|408|5|4|3|Casi de estreno! La mejor vista al mar desde esta casa que parece italiana! . Preciosa casa de playa amoblada en venta en Playa Las Lomas del Mar, km 121. 6 ( al costado de la playa puerto Fiel) La playa fue construida por Graña y Montero y cuenta con 4 ascensores. Club House al costado de la arena y las piscinas a unos pasos de la arena también. El Condominio es privado y cuenta con seguridad 24 horas, canchas de tenis, frontón, básquet, fulbito en césped, beach tenis y volley playa. La Casa se vende finamente amoblada, con menaje, línea blanca y equipos. Tiene 400m2 de terreno y 410m2 de área construida. Cuenta con una terraza amplia, techada y una linda piscina con vista al infinito. Cuenta con 5 dormitorios de muy buen tamaño. Total camas: 1 king cuarto principal, 4 camas Queen, 8 camas en camarote. En la 1ra Planta: recibidor, dormitorio principal con vista al mar, walk-in-closet y baño principal amplio. En la 2da Planta: Cocina amplia, abierta, sala principal, baño de visita, cuarto de servicio, baño de servicio, lavandería y patio tendal. 3ra Planta: 2 dormitorios con vista al mar con camas matrimoniales + 2 camarotes, cada uno con baño incorporado; 2 dormitorios con camas matrimoniales + 2 camarotes con vista a terraza interior, jardinera con baño incorporado, family room o sala tv amplio con vista al mar. Tiene estacionamiento para 3 carros. La playa es realmente preciosa, con casas lindas, todas con hermosa vista al mar. La Arquitectura de la casa por Vertice Arquitectos y la Arquitectura de la Playa es de Mario Lara.|https://www.adondevivir.com/propiedades/clasificado/veclcain-espectacular-casa-de-playa-amoblada-en-venta-en-playa-142583497.html?n_src=Listado&n_pills=%C3%81rea+de+lavander%C3%ADa&n_pg=1&n_pos=11|2026-02-01
adondevivir|casas|venta|Lima Centro|San Luis|"PLAYA LOBOS CAÑETE
Cerro Azul, Cañete"|S/ 469,000 · USD 140,000|469000|140000|||"252 m² tot.
5 dorm.
3 baños
1 estac."|252|5|3|1|"️ venta de casa frente al mar – playa lobos, cerro azul (cañete) Linda casa en primera fila, ubicada en la exclusiva Playa Lobos, frente al malecón y con espectacular vista directa al mar. Ideal para disfrutar del verano en un ambiente tranquilo, fresco y acogedor. Características principales: Área de terreno: 252 m² Casa construida en dos lotes. Primerísima fila – Frente al mar. Estilo rústico con techos altos, muy fresca y luminosa. Un solo piso. Terraza en segundo nivel con parrilla. Frente: 7 ml | Fondo: 36 ml. Distribución: Amplia sala – comedor. Cocina abierta. 5 dormitorios. 3 baños completos. Cuarto de servicio. 1 garaje. Vive frente a una amplia y hermosa playa, con acceso directo al malecón y una vista inigualable al océano. Perfecta como casa de playa familiar o inversión. Playa Lobos – Cerro Azul, Cañete"|https://www.adondevivir.com/propiedades/clasificado/veclcain-venta-de-casa-en-playa-lobos-cerro-azul-canete-148612462.html?n_src=Listado&n_pills=Cuartos+de+servicio&n_pg=1&n_pos=12|2026-02-01
adondevivir|casas|venta|Lima Centro|San Luis|"Condominio Kala - Puerto Viejo
San Vicente De Cañete, Cañete"|S/ 542,500 · USD 155,000|542500|155000|||"78 m² tot.
3 dorm.
2 baños
2 estac."|78|3|2|2|Casa de Playa en Condominio kala – Vista a la PiscinaHermosa casa de playa ubicada en el exclusivo Condominio kala, ideal para disfrutar del sol y la brisa marina todo el año. Distribución: -Habitación principal con baño incorporado-2 habitaciones secundarias con camarotes (comparten baño) -Sala–comedor-Cocina abierta estilo americanoSegundo piso: -Amplia terraza con zona de parrilla-2 cocheras asignadasÁreas comunes: -Piscinas para adultos y niños-Sala de usos múltiples (sum) -Sala de juegos de mesa-Restaurante-Tópico-Canchas de tenis, fútbol y vóleyDisfruta de la vida frente al mar, con comodidad y todas las amenidades que necesitas para descansar y divertirte. T. C. 3. 50Tipo de cambio referencial, sujeto a variación diaria por fluctuación del mercado|https://www.adondevivir.com/propiedades/clasificado/veclcain-casa-en-kala-con-vista-a-la-piscina-148207578.html?n_src=Listado&n_pills=Piscina&n_pg=1&n_pos=13|2026-02-01
adondevivir|casas|venta|Lima Centro|San Luis|"Condominio Playa Azul 1
Cerro Azul, Cerro Azul"|S/ 871,740 · USD 261,000|871740|261000||600|"180 m² tot.
5 dorm.
4 baños
1 estac."|180|5|4|1|Un refugio frente al mar en Playa Azul, Cañete. Hermosa casa de playa de 180 m2, en el exclusivo Condominio Playa Azul, a solo 20 minutos del boulevard de Asia, con 5 dormitorios, piscina privada y tres niveles con espacios amplios y bien distribuidos. Esta linda casa fue diseñada para disfrutar plenamente la vida frente al mar. Playa Azul es confort, diseño y ubicación en un solo lugar, perfecta para vivir o invertir frente al mar. 1er Nivel: Sala ComedorCocina abierta con barra de granito2 dormitorios con camarotesArea de servicio Lavanderia2do Nivel: 1 Suite principal con baño incorporado, balcon2 dormitorios que comparten 1 baño completo Sala de estar3er Nivel: Area Social- que cuenta con piscina con linda vista al marZona de parrillasTerrazasLa casa se vende totalmente amoblada, equipada y decorada, lista para usarCondominio - Area ComunEl condominio tiene un Club House, piscinas para niños y adultos, restaurante frente al mar, cancha de tenis, capilla, típico y estacionamiento para las visitas. Precio de venta: $261, 000Cuota de mantenimiento s/600La casa tiene titulo de propiedad inscrito en registros Públicos. Para consultas y citas contactarnos al WhatsAppbhoVer datos|https://www.adondevivir.com/propiedades/clasificado/veclcain-venta-de-linda-casa-en-condominio-playa-azul-148483560.html?n_src=Listado&n_pills=Parrilla&n_pg=1&n_pos=14|2026-02-01
adondevivir|casas|venta|Lima Centro|San Luis|"Via a Lomas del Mar
Cerro Azul, Cañete"|S/ 1,072,000 · USD 320,000|1072000|320000|||"316 m² tot.
4 dorm.
4 baños"|316|4|4||Descubre esta impresionante casa de ensueño ubicada en la parte alta de la playa dentro del prestigioso Condominio Lomas del Mar, diseñada para quienes buscan un estilo de vida sofisticado frente al mar. Esta propiedad única ofrece vistas panorámicas directas al océano y al sunset, donde cada tarde se convierte en un espectáculo privado para ti. Características principales: 4 dormitorios con baño privado — privacidad y confort en cada espacio. Estudio amplio — ideal para home office o lectura. Piscina exterior con diseño moderno y vista al mar. Gran terraza de 80 m2 con vista panorámica al mar — perfecta para reuniones, disfrutar del clima y contemplar el atardecer. Parrilla integrada — espacio social ideal para asados y celebraciones. Cocina abierta y luminosa — pensada para conectar con la terraza y convivir con tus invitados. “Sala acogedora con chimenea a leña, el rincón perfecto para contemplar en invierno los atardeceres más espectaculares o disfrutar de la luna llena frente al mar. ” Cuarto y baño de servicio — comodidad para tu equipo o invitados. Lavanderia con lavadora. La casa cuenta con instalaciones a gas para la cocina, horno y terma. 3 Estacionamientos. Esta residencia combina lujo, amplitud y un entorno natural incomparable, ofreciendo una experiencia de vida frente al mar que pocos hogares pueden igualar. El diseño está pensado para aprovechar al máximo la luz natural y las vistas, haciendo que cada rincón se sienta acogedor y especial. El condominio cuenta con 5 ascensores, área de juegos para niños, 5 canchas de tenis y fronton, 1 polideportivo. Club house con restaurante, bodega y piscina. Una oportunidad única para vivir la vida costera que siempre imaginaste. Contáctanos hoy mismo para más información y agenda tu visita privada.|https://www.adondevivir.com/propiedades/clasificado/veclcain-exclusiva-casa-en-venta-lomas-del-mar-vista-148666335.html?n_src=Listado&n_pills=Cuartos+de+servicio&n_pg=1&n_pos=15|2026-02-01
adondevivir|casas|venta|Lima Centro|San Luis|"Km 120 Panamericana Sur
Cerro Azul, Cañete"|S/ 433,000 · USD 130,000|433000|130000|||"165 m² tot.
4 dorm.
3 baños
2 estac."|165|4|3|2|Vendo linda y Amplia Casa de Playa en Condominio temático Terrazas de Chepeconde te permite disfrutar de una maravillosa vista al mar, ubicada en el - Km 120. De la Panamericana Sur. A solo 10 minutos del Boulevard de Asia. Casa de 03 niveles, Ambientes Amplios, Techos Altos y hermosa Vista al Mar. La salida al Mar está cerca al condominio, en auto a menos de 2 minutos. área T: 113m2. área C: 165. 80m2. Casa de 3 niveles. Cuenta con la siguiente distribución: I Piso: Ingreso, Sala – Comedor, -Cocina con tablero de granito, -balcón y baño. Sótano I: 2 dormitorios, 2 baños, balcón. Sótano ii: 2 dormitorios, baño completo, lavandería. Azotea: -Terraza y zona de parrilla con techo sol y sombra, -Piscina cuenta con calefacción y podrás disfrutar de ella todo el año!! Adicionalmente cuenta con Termotanque que asegura el abastecimiento de agua Caliente. Atracciones comunes. • Faro de Chepeconde. • Canchas deportivas. • Puente Balta. • Zona de Piscinas. • Tobogán y Multipista. • Zona de Sombrillas. ¡sin hipotecas! ¡sin cargas! Excelente Precio!: $130, 000! Ocasión. *Precio en Soles Referencial. Contactanos: K. A. R. E. L. L. A 9. 8. 9. 2. 8. 7. 0. 3. 7. ruc Ver datos|https://www.adondevivir.com/propiedades/clasificado/veclcain-vendo-linda-y-amplia-casa-de-playa-en-condominio-145432188.html?n_src=Listado&n_pills=%C3%81rea+de+lavander%C3%ADa&n_pg=1&n_pos=16|2026-02-01
adondevivir|casas|venta|Lima Centro|San Luis|"Playa la Honda Piscina en Exclusivo Condominio Privado
Honda, Cerro Azul"|S/ 699,000 · USD 210,000|699000|210000||500|"200 m² tot.
3 dorm.
3 baños
3 estac."|200|3|3|3|área construida 130. 30 m² // area terreno 200m² Linda y práctica casa en Condominio privado, vista a la playa, áreas verdes. Distribuidos en 1 piso y segundo piso. Con proyecto listo para ampliar otro nivel. ambientes: - Sala comedor con vista al mar. Cocina integrada amplia. Sala de estar familiar y hall. - 3 Dormitorios, dormitorio principal con vista al mar y salida a terraza privada. - 3 baños completos con acabados, grifería y sanitarios de primera. - Amplia piscina con vista al mar. Extensas áreas verdes circundantes. - Terraza principal con piso de porcelanato estilo madera y zona de adoquinado. - Terraza secundaria lateral, privada. - Zona de bbq con parrilla de acero. - Zona de lavandería y tendal. - Garaje posterior para 3 autos y 02 autos para invitadoscondominio: - Piscina gigante de agua salada, piscina y juegos para niños. Módulos de baños y duchas areneras. - Restaurante y pérgola bar, zona de parrillas. - Bodega de abarrotes para socios del condominio- Canchas de tenis, frontón y fulbito de gras sintético. - Vóley playa en la arena. - Cancha de golf de 9 hoyos reglamentaria. - Vigilancia todo el año, cámaras de cctv- Servicio de internet, Servicio de recojo de basura y personal de salvataje durante temporada. - Administración cuota mensual S/. 500- Cuota de ingreso al club es de $1, 000|https://www.adondevivir.com/propiedades/clasificado/veclcain-vendo-linda-casa-con-piscina-en-condominio-privado-con-148189981.html?n_src=Listado&n_pills=Piscina&n_pg=1&n_pos=17|2026-02-01
adondevivir|casas|venta|Lima Centro|San Luis|"Playa LAS Palmeras
Cerro Azul, Cañete"|S/ 972,000 · USD 270,000|972000|270000|||"280 m² tot.
4 dorm.
4 baños
10 estac."|280|4|4|10|"Venta de casa club playa las palmas – km 123. 5 panamericana sur Precio: us$ 270, 000 Terreno: 200 m² | Área construida: 280 m² | 3 niveles | Título inscrito en rrpp vicky 9.. 4.. 5.. 8.. 8.. 8.. 9.. 8.. 2 Disfruta de una espectacular vista panorámica al océano y la playa, en una exclusiva casa de playa con amplias áreas sociales, piscina privada y acceso a todas las comodidades del club. Características principales 4 dormitorios (principal con cama King, baño privado, walking closet y terraza con vista al mar) 4 baños completos Área de servicio con dormitorio, baño y lavandería Piscina privada, terraza y zona de parrilla con horno de barro Estacionamiento techado para 2 autos y espacio exterior para 8 autos Título de Propiedad inscrito en Registros Públicos Distribución por niveles 1er piso: Sala, comedor y amplia terraza con piscina y vista al mar Zona de parrilla y horno de barro 2 dormitorios con closets y 1 baño Área de servicio (lavandería, dormitorio y baño) Depósito de limpieza Escalera principal y de servicio 2do piso: Dormitorio principal con cama King, baño privado, walking closet y terraza con vista al mar Dormitorio secundario con closet, cama Queen y vista al mar Sótano: Sala de uso múltiple con vista a la playa y al océano Mesa de billar, bar y sala de tv Baño completo Depósito y cuarto de piscina Beneficios del Club Playa Las Palmeras Club House Piscina panorámica Restaurante y mini market Zona de juegos y cine 4 canchas de tenis, 1 de fulbito, 4 de frontón Capilla Ubicación: Km 123. 5 Panamericana Sur – Club Playa Las Palmeras Precio de venta: us$ 270, 000 vicky 9.. 4.. 5.. 8.. 8.. 8.. 9.. 8.. 2"|https://www.adondevivir.com/propiedades/clasificado/veclcain-venta-de-casa-de-playa-las-palmeras-vicky-148005301.html?n_src=Listado&n_pills=Seguridad&n_pg=1&n_pos=18|2026-02-01
adondevivir|casas|venta|Lima Centro|San Luis|"Playa Totoritas
San Vicente De Cañete, Cañete"|S/ 1,216,000 · USD 320,000|1216000|320000||1,500|"230 m² tot.
6 dorm.
8 baños
2 estac."|230|6|8|2|Linda casa muy iluminada en el condominio Totoritas. Dos cocinas, dos salas, 6 dormitorios. Un casa perfecto para una familia grande o dos familias juntos. Con su propio jardín y zona de parrilla techado. Cuenta con todas las extras del condominio Totoritas. Un condominio de playa con rió y muchas zonas verdes. 2 estacionamentos, uno al frente de la casa.|https://www.adondevivir.com/propiedades/clasificado/veclcain-linda-casa-muy-iluminada-en-el-condominio-totoritas.-147578389.html?n_src=Listado&n_pills=Parrilla&n_pg=1&n_pos=19|2026-02-01
adondevivir|casas|venta|Lima Centro|San Luis|"Condominio Kalua Playa Puerto Viejo, San Antonio, Cañete
San Vicente De Cañete, Cañete"|S/ 600,000|600000|||600|"171 m² tot.
4 dorm.
5 baños
2 estac."|171|4|5|2|Casa de Playa en San Antonio – Tu Refugio Perfecto para el Verano¡Vive la experiencia de vacaciones inolvidables en esta hermosa casa de playa, ubicada en San Antonio, a solo 20 minutos del vibrante Boulevard de Asia y a 10 minutos del exquisito restaurante Mirasur! Características principales: Espaciosa casa de 171. 50 m² con 2 pisos, moderna y totalmente equipada. Impresionante terraza con vistas espectaculares al malecón, perfecta para relajarte y compartir con familia y amigos. Capacidad para 10 personas en 4 habitaciones cómodas y bien decoradas. Cocina americana moderna y totalmente equipada para tus mejores desayunos y cenas. Acogedora sala comedor y patio interior que invitan al descanso y la convivencia. Incluye 2 estacionamientos y acceso a exclusivos beneficios del condominio. Servicios y beneficios: Club House, 2 piscinas, restaurante, minimarket y canchas deportivas. Seguridad las 24 horas, garantizando tranquilidad en tus vacaciones. Ambiente familiar y tranquilo, ideal para un descanso completo. Tarifas y Reservas: Enero: $2, 400Febrero: $2, 800Marzo: $2, 400Costos adicionales y requisitos: Mantenimiento, servicios y limpieza: $250Garantía de condominio: $ 600 (se devuelve en 48 horas tras la salida) Temporadas especiales (Navidad, Año Nuevo, Semana Santa): Navidad (Ver datos): $1, 200Año Nuevo (27/12-2/01): $1, 450Semana Santa (1-6 abril): $1, 200Estancia de 15 días: $1, 800Nota: Los precios son para estancias mayores a un mes o por días (cargos adicionales). La tarifa para menos de un mes puede variar y suele ser mayor. El costo de servicios como agua, luz, gas y limpieza están incluidos en los precios de 15 días ($200 usd). La tarifa fija mensual de mantenimiento en el condominio es de S/. 600 soles. Los servicios adicionales, como agua, luz y limpieza, tienen un costo aproximado de S/. 180 a S/. 200 al mes. Condiciones: Máximo 10 personas, ideal para familias y grupos pequeños. Temporada de verano y fechas específicas de alquiler, con control y seguridad. Propón tus fechas y negociamos, ¡estamos abiertos a escuchar ofertas! ¡Disfruta de un verano lleno de sol, playa y relax en esta increíble casa de playa en San Antonio!|https://www.adondevivir.com/propiedades/clasificado/veclcain-casa-en-san-antonio-148501416.html?n_src=Listado&n_pills=%C3%81rea+de+lavander%C3%ADa&n_pg=1&n_pos=20|2026-02-01
adondevivir|casas|venta|Lima Centro|San Luis|"Playa Lomas del Mar
Lomas De Mar, Cerro Azul"|S/ 1,423,800 · USD 420,000|1423800|420000|||"745 m² tot.
5 dorm.
7 baños
8 estac."|745|5|7|8|Vendo casa de playa en condominio lomas del mar con vista al mar en km121Exclusiva Casa de Playa a 15 minutos del Boulevard de Asia. Pasando Barrancadero, al costado de Puerto Fiel. Propiedad ubicada en el malecón bajo, tercera fila, 3 pisos, vista al mar desde todos los ambientes de la casa. Area ocupada: 755 m2Area de Terreno 375 m2Area Techada 570 m2Area Terrazas 185 m2Inscrita en rrpp, sin hipoteca, lista para transferencia inmediataprimer piso: - 6 Estacionamientos techados- 2 Camerines con 2 baños y Duchas- 2 Dormitorios de servicio con baño cada uno- Depósito, - Lavandería- Patios y jardinessegundo piso: - Terraza con parrilla- Jacuzzi- Sala- Comedor- Cocina con reposteros y Alacena- 2 Dormitorios con sus baños cada uno- 2 Estacionamientostercer piso: - Terraza- 3 Dormitorios con sus baños cada uno Todo el cielo raso en pino Oregón, incluidas las vigasfinos acabados: marmol, acero inoxidable Y carpinteria de pino oregÖncasa integramente amoblada; especial para familias numerosadiseño Funcional: Cuenta con camerinos independientes para hombres y mujeres en el primer piso, permitiendo que el ingreso desde la playa sea directo hacia las duchas y vestidores. Esto garantiza que las áreas sociales y privadas de la casa se mantengan siempre impecables y libres de arena. La casa fue construida por Graña y Montero en el año 2000*Todos los baños son grandes con Pisos y tableros de mármol y con doble lavatorio. *Todas las barandas de escaleras y terrazas son de acero inoxidable. *Todas las puertas, closets, techos son de madera de Pino Oregón. * Se ha cambiado todo el cableado eléctrico y en cuanto a gasfitería se han cambiado todas las trampas y llaves. * Termo tanque a gas de 180 litros* Casa excelentemente mantenida e impecable. Lista para mudarse* Se vende totalmente amoblada, ideal para familias grandes. El 3er piso tiene todas las áreas para ser un departamento independiente (ingreso, cochera, dormitorios, baños, terraza, kitchenette). adicionalmente: Cuenta con 01 sombrilla en la tercera fila de la Playa. Seguridad del condominio con la empresa Securitasclub house: 3 piscinas, Full jardines, canchas de fútbol, cancha de tenis (6), canchas de vóley, cancha de frontón (4), pista de skate, , restaurant, baños con duchas, estacionamiento para visitas, área de juegos infantiles. Tópico. Bodega, restaurante, Bar. Servicio de carrito de Golf para movilizarse por el condominio. Jardin para mascotas24 años de antigüedad**|https://www.adondevivir.com/propiedades/clasificado/veclcain-casa-de-playa-3-pisos-3era-fila-9-dorm.-148787602.html?n_src=Listado&n_pills=Piscina&n_pg=1&n_pos=21|2026-02-01
adondevivir|casas|venta|Lima Centro|San Luis|"Lomas del Mar
Lomas De Mar, Cerro Azul"|S/ 1,413,670 · USD 379,000|1413670|379000||1,260|"300 m² tot.
4 dorm.
3 baños
3 estac."|300|4|3|3|Preciosa Casa de Playa Amoblada en Playa Lomas del Mar km 121 Panamerica Sur, casa A1. La casa cuenta con un premio de Arquitectura, The Phaison Atlas of 21 Century World Architectury. Tiene 300 mts2 de terreno, casa en primera fila, a pasos de la arena y el mar y también de las piscinas del Club House. Cuenta con cuatro dormitorios, 2 con baño propio, preciosa cocina con concepto abierto, linda sala y comedor, baño de visita completo, vista inigualable desde cualquier lugar de la casa. Terraza delantera con área de bbq y piscina casi al borde del mar. Capacidad para 14 personas. Lavandería Completa, 3 estacionamientos, 2 cuartos de servicio. La Casa es muy acogedora, está finamente amoblada, con menaje, línea blanca y equipos. La Playa fue construida por Graña y Montero, cuenta con 4 ascensores. El Club House se encuentra al costado de la arena y las piscinas a unos pasos de la arena también. El Condominio es privado y cuenta con seguridad 24 horas, Canchas de tenis, frontón, básquet, fulbito en césped, beach tenis y volley playa.|https://www.adondevivir.com/propiedades/clasificado/veclcain-casa-de-playa-en-venta-primera-fila-en-venta-en-lomas-142584147.html?n_src=Listado&n_pills=Seguridad&n_pg=1&n_pos=22|2026-02-01
adondevivir|casas|venta|Lima Centro|San Luis|"Condominio Playa Azul 2
Cerro Azul, Cañete"|S/ 552,750 · USD 165,000|552750|165000||500|"110 m² tot.
3 dorm.
2 baños
3 estac."|110|3|2|3|Oportunidad: Casa de Playa Remodelada - Condominio Playa AzulDisfruta de la tranquilidad y el confort en esta hermosa casa de playa de 98 m², estratégicamente ubicada con una impresionante vista al mar. La propiedad ha sido recientemente intervenida para ofrecer acabados modernos y funcionalidad total. Características Principales: Área Total: 98 m² bien distribuidos. Dormitorios: 3 amplias habitaciones (ideales para familia e invitados). Estado: Recién remodelada e implementada (listo para mudarse). Equipamiento: Se vende completamente amoblada. Áreas de Entretenimiento y Confort: Piscina Privada: Perfecta para refrescarse con total privacidad. Zona bbq: Área de parrilla diseñada para reuniones sociales frente al mar. Vista Panorámica: Disfruta de los mejores atardeceres desde la comodidad de tu terraza. Sobre el Condominio Playa AzulSeguridad permanente 24/7. Áreas comunes mantenidas (Club House, canchas deportivas, sombrillas en playa). Ambiente familiar y exclusivo. Consultar con el Agente Inmobiliario encargado para mayor información Ver datos.|https://www.adondevivir.com/propiedades/clasificado/veclcain-oportunidad:-casa-de-playa-remodelada-condominio-148717958.html?n_src=Listado&n_pills=Piscina&n_pg=1&n_pos=23|2026-02-01
adondevivir|casas|venta|Lima Centro|San Luis|"Lomas del Mar
Lomas De Mar, Cerro Azul"|S/ 1,087,500 · USD 290,000|1087500|290000|||"317 m² tot.
6 baños
4 estac."|317||6|4|Espectacular Casa de Playa Amoblada en Lomas del Mar, km 120. 5 de la Panamericana Sur. La casa se encuentra en 317 mt2 de terreno, y tiene una Amplia y Linda Terraza con Bella Vista al Mar y a Piscinas. La casa es de 2 pisos, y cuenta con 6 Dormitorios, cada uno con Baño Incorporado. La Cocina es de Concepto Abierto y cuenta con Baño de visita. Tiene una amplia zona de Parrilla y área completa de Servicio y Lavandería. La casa tiene una linda piscina a la que le faltan solamente los acabados. La Playa fue construida por Graña y Montero y diseñada por el Arquitecto Mario Lara, cuenta con 4 ascensores que bajan a la playa. El Club House se encuentra al costado de la arena y las piscinas a unos pasos de la playa. El condominio es privado y cuenta con seguridad 24 horas, Canchas de Tenis, Frontón, Básquet, Fulbito en Césped, Beach Tenis y Vóley Playa.|https://www.adondevivir.com/propiedades/clasificado/veclcain-espectacular-casa-de-playa-en-venta-en-lomas-del-mar-145181678.html?n_src=Listado&n_pills=Guardian%C3%ADa%2FSeguridad+privada&n_pg=1&n_pos=24|2026-02-01
