fuente|inmueble|operacion|zona|distrito|direccion|precio|soles|dolares|variacion|mantenimiento|caracteristica|area|dormitorio|baños|estacionamientos|detalle|enlace|fecha
adondevivir|casas|venta|Lima Moderna|Jesus Maria|"Jirón Lloque Yupanqui
Jesús María, Lima"|"S/ 663,000 · USD 195,000
9%"|663000|195000|9%||"145 m² tot.
5 dorm.
2 baños"|145|5|2||Venta Tríplex en Quinta ubicado en Jesús María, a pocos metros de la Av. Salaverry, con acceso rápido a Iglesia San José, comercios, colegios, parques y principales vías. Área de terreno: 58. 16 m² Área construida (superficie): 145. 03 m² distribución: segundo piso: Sala y comedor bien iluminados. Cocina cerrada. 2 dormitorios. 1 baño completo. Tercer piso: 2 dormitorios. Sala de estar. 1 baño completo. cuarto piso: cuarto de servicio. 1 baño. lavandería. cochera deposito. terraza ideal para zona social o descanso. características adicionales: Servicios independientes. luz y agua. intercomunicador. buena iluminación y ventilación natural. ubicación privilegiada, …|https://www.adondevivir.com/propiedades/clasificado/veclcain-venta-de-triplex-jesus-maria-excelente-ubicacion-148862841.html?n_src=Listado&n_pills=Cerca+a+colegios&n_pg=1&n_pos=1|2026-03-18
adondevivir|casas|venta|Lima Moderna|Jesus Maria|"Jirón Gral. Córdova al 1178
Santa Beatriz, Jesús María"|S/ 822,000 · USD 235,000|822000|235000|||116 m² tot.|116||||Casa como terreno de uso comercialexcelente ubicación, Frente a incor en Jesús María. Área de Terreno - 116 m2Linderos: 10. 66 * 10. 15Parámetros: Hasta 4 pisos. Excelente Para Casa y/o oficina con licencia comercial. 2 pisos construidosTrato DirectoCitasEmmy Ródríguez9. 7. 5. 7. 1. 8. 0. 2. 9_________Jessica Tapia - Asociados: Tu socio inmobiliario en PerúTe ayudamos a vender, comprar o alquilar tu propiedad con un servicio personalizado y profesional. Encontramos el comprador, inquilino o inmueble perfecto para ti, asegurando que todo el proceso sea ágil y seguro. Visita nuestra web y haz realidad tus metas inmobiliarias|https://www.adondevivir.com/propiedades/clasificado/veclcain-casa-como-terreno-uso-comercial-148639910.html?n_src=Listado&n_pg=1&n_pos=2|2026-03-18
adondevivir|casas|venta|Lima Moderna|Jesus Maria|"Pablo Bermudez
Jesús María, Lima"|S/ 1,424,000 · USD 400,000|1424000|400000|||"95 m² tot.
4 dorm.
5 baños
1 estac."|95|4|5|1|Venta casa en jesus maria, casa de dos pisos sin aires, ideal para vivienda o empresa, la misma que se encuentra completamente remodelada, manteniendo una estructura e infraestructura de estreno, con amplia iluminación en todos los ambientes. Ubicada a unos pasos del Ministerio de Trabajo, Av. Arenales y Av. Salaverry, cerca de todo tipo de entidades bancarias, comerciales, cerca de Essalud, se encuentra dentro de un hermoso condominio. Primer nivel: - Hall de ingreso. - Sala amplia con techo alto. - Segundo ambiente amplio con techo alto y mamparas de pared a pared. - Baño de visita completo. - Cocina estilo americano con muebles altos y bajos. - Medio baño de visita. - Lavadero para lavandería. - Amplio patio bien iluminado. - Motor y bomba de agua. - Techado: 81. 50 m2 – área ocupada: 100. 72m2. segundo nivel: - Hermosa escalera. - Hall amplio como sala de estar. - 2 dormitorios amplios e iluminados con closet. - 1 dormitorio con baño propio completo. - 1 baño completo para las habitaciones. - Techado: 93. 26 m2 – área ocupada: 116. 90m2. tercer nivel: - Habitación amplia e iluminada con baño completo. - Lavandería con lavadero y zona para lavadora. - Pasadizo amplio. - Techado: 22. 77 m2 – área ocupada: 46. 31m2. cuarto nivel: - 4 habitaciones, construido en Drywall. - 2 centro de lavados. - Amplia terraza. - Techado: 85. 67 m2 – área ocupada: 100. 72m2. otros: - Área de terreno ocupada: 449. 60 m2. - Área techada: 205. 36 m2. - Área de terreno: 95. 25 m2. - Precio venta $ 400, 000 dólares conversable. visita previa cita|https://www.adondevivir.com/propiedades/clasificado/veclcain-venta-casa-en-jesus-maria-147109112.html?n_src=Listado&n_pills=Cerca+a+colegios&n_pg=1&n_pos=3|2026-03-18
adondevivir|casas|venta|Lima Moderna|Jesus Maria|"Av. Gnral Eugenio Garzón 2241
Jesús María, Lima"|S/ 1,462,335 · USD 420,000|1462335|420000|||"160 m² tot.
5 dorm.
1 baño"|160|5|||Terreno en venta en Jesús María – Ideal para proyecto inmobiliario ¡Gran oportunidad de inversión en una de las zonas con mayor demanda de Lima! Se vende terreno de 160 m² con parámetros para construir hasta 5 pisos, ubicado en una zona estratégica y céntrica de Jesús María, a pocos pasos de Av. Brasil, Av. San Felipe, restaurantes, colegios y zonas comerciales. Este terreno ofrece excelente conectividad hacia los principales distritos de la ciudad y está rodeado de parques, universidades y centros comerciales, lo que lo convierte en la opción perfecta para desarrollar un proyecto multifamiliar o comercial. Características principales: - Área total: 160 m²- Parámetros: hasta 5 pisos- Zona residencial y comercial- Fácil acceso a vías principales y transporte públicoInvierte hoy en un terreno con alta rentabilidad y proyección inmobiliariaContáctanos para más información o coordinar una visitaNatalia Carrera9. 8. 7. 9. 0. 3. 2. 9. 1. _________Jessica Tapia - Asociados: Tu socio inmobiliario en PerúTe ayudamos a vender, comprar o alquilar tu propiedad con un servicio personalizado y profesional. Encontramos el comprador, inquilino o inmueble perfecto para ti, asegurando que todo el proceso sea ágil y seguro. Visita nuestra web y haz realidad tus metas inmobiliarias|https://www.adondevivir.com/propiedades/clasificado/veclcain-jesus-maria:-casa-comoterreno-comercial-en-venta-160-148643130.html?n_src=Listado&n_pg=1&n_pos=4|2026-03-18
adondevivir|casas|venta|Lima Moderna|Jesus Maria|"Horacio urteaga
Jesús María, Lima"|S/ 898,000 · USD 268,000|898000|268000|||"250 m² tot.
4 dorm.
2 baños"|250|4|2||¡ocasión！ ❛vendo casa de 3 pisos❜ 90 metros cuadrados de área de terreno, Y 250 metros cuadrados de área construida. Casa situada en jesús maría, ubicado en un pasaje con diseño de condominio, solo cuenta con 10 viviendas, moderno, apacible Y super céntrico. Localizado en la calle horacio urteaga, A 2 cuadras de la rambla de la avenida brasil, A 1 cuadra del campo de marte, Y A 2 cuadras de la avenida salaverry, la ubicación es inmejorable!. ➽primera planta: sala, comedor, cocina, lavandería. 1 baño completo, terraza Y hall de ingreso. ➽segunda planta: 3 dormitorios amplios Y bien iluminados, cuenta con 2 baños, ➽tercera planta: ⤑ minidepartamento con entrada indepediente 《sala- comedor, cocina kitchenette, 1 dormitorio Y 1 baño. ⤑ amplia azotea, cuarto Y baño de servicio. - no cuenta con cochera, no esperes más Y agenda tu visita!, escríbeme al wathsapp.|https://www.adondevivir.com/propiedades/clasificado/veclcain--vendo-casa-en-jesus-maria-146595697.html?n_src=Listado&n_pills=Parrilla&n_pg=1&n_pos=5|2026-03-18
adondevivir|casas|venta|Lima Moderna|Jesus Maria|"jesus maria
Jesús María, Lima"|S/ 405,000 · USD 120,800|405000|120800|||"45 m² tot.
3 dorm.
2 baños"|45|3|2||Agente domus; Erika 9. 8. 3. 4. 12. 8. 1. Oportunidad para remodelar. Casa de 2 pisos + aires. 3 habitaciones. 2 baños. ideal para remodelación o inversión. Ubicación céntrica, cerca a todo: comercios, transporte y servicios. precio: S/ 405, 000. excelente opción para vivir o rentabilizar. Contáctame para más info o visita|https://www.adondevivir.com/propiedades/clasificado/veclcain-venta-casa-en-quinta-jesus-maria-149159522.html?n_src=Listado&n_pg=1&n_pos=6|2026-03-18
adondevivir|casas|venta|Lima Moderna|Jesus Maria|"CUBA CON SALAVERRY
Jesús María, Lima"|S/ 1,646,400 · USD 490,000|1646400|490000|||"227 m² tot.
4 dorm.
1 baño
2 estac."|227|4||2|Vive en el corazón de Jesús María: una casa que combina ubicación estratégica y comodidad total. Esta hermosa casa de 2 pisos llega al mercado lista para convertirse en el punto de partida de tu siguiente gran etapa. (cerca de las avenidas Cuba, Salaverry y San Felipe) Distribución diseñada para tu día a día. at: 227. 9 m2. ac: 274. 35 m2. Primer Piso: - Sala y comedor que fluyen con naturalidad, ideales para recibir y compartir. - Cocina empotrada con reposteros altos y bajos, pensada para maximizar eficiencia. - Baño de visita. - Acogedora antesala y un cuarto de estudio perfecto para home office. Segundo Piso: - 3 habitaciones amplias con excelente iluminación. - 1 baño completo con distribución inteligente. Plus adicional. - Habitación de servicio independiente. - Cochera amplia con capacidad para 2 autos, un diferencial clave en la zona. ¿Por qué esta casa es una oportunidad? Está ubicada en pleno corazón de Jesús María, uno de los distritos más demandados de Lima y valorado por su accesibilidad, seguridad y entorno familiar. Una propuesta ideal para quienes buscan comodidad, proyección y un estilo de vida equilibrado. Activa tu visita hoy mismo y descubre por qué esta puede ser la casa que estabas esperando.|https://www.adondevivir.com/propiedades/clasificado/veclcain-hermosa-casa-en-venta-en-jesus-maria-148368124.html?n_src=Listado&n_pg=1&n_pos=7|2026-03-18
adondevivir|casas|venta|Lima Moderna|Jesus Maria|"Jiron Pachacutec al 1700
Salaverry Et.2, Jesús María"|S/ 1,504,150 · USD 449,000|1504150|449000|||"320 m² tot.
4 baños
1 estac."|320||4|1|"Casa a precio de terreno– Jesús María cèntricoUbicación estratégica + Potencial corporativo + Oportunidad de inversiónEn el corazón de Jesús María, uno de los distritos más céntricos y de mayor conectividad de Lima, ideal tanto para uso empresarial como para proyecto de inversión inmobiliaria. Con años de sólida construcción, esta propiedad combina carácter, estructura firme y espacios amplios que permiten múltiples posibilidades de uso. Al lado del I. E. teresa gonzalez de fanning Cerca a senami, colegios, restaurantes, hospitales, comisaria, av. salaverry, etc. Distribución funcional y versátil: primer nivel: *Sala amplia*hall*comedor amplio*cocina independiente*almacen*cochera, *lavanderia*2 baños completossegundo nivel*1er Dormitorio con clóset baño incorporado, vista a la calle*2do dormitorio con closet vista a la calle*3er dormitorio con closet vista a la calle*4to domitorio balcón con vista interna. *1 baño completotercer nivel: *Dos habitaciones pequeñas adicionales. *Baño completo. *Lavanderia. ¿Por qué esta propiedad es una oportunidad realUbicación privilegiada en zona céntrica con acceso inmediato a principales avenidas. Al costado de I. E. &quot;Teresa González de Fanning&quot; | LimaEspacios perfectamente adaptables para oficinas administrativas, consultorios, estudios profesionales, centro educativo, coworking o sede corporativa. Alto potencial para convertir en negocio de renta por pisos o minidepartamentos independientes. Ideal para inversionistas que buscan flujo de ingresos constante en zona de alta demanda. Perfecta para: Empresas medianas o grandesInstituciones educativas o médicasFirmas profesionalesInversionistas que buscan rentabilidad por alquilerUna propiedad con historia, estructura sólida y un enorme potencial de valorización en una de las zonas más demandadas de Lima. Consultar con el Agente Inmobiliario encargado para mayor información Ver datos."|https://www.adondevivir.com/propiedades/clasificado/veclcain-casa-a-la-venta-en-jesus-maria-149112463.html?n_src=Listado&n_pills=%C3%81rea+de+lavander%C3%ADa&n_pg=1&n_pos=8|2026-03-18
adondevivir|casas|venta|Lima Moderna|Jesus Maria|"Avenida Arnaldo Márquez
Jesús María, Lima"|S/ 1,837,000 · USD 550,000|1837000|550000|||"500 m² tot.
6 dorm.
4 baños"|500|6|4||Amplia casa de dos pisos, area de terreno 269m2 inmejorable ubicacion cuatro dormitorios, cuatro baños, sala comedor, cocina, lavanderia, area de servicio. Cinthya Gil. 9. 5. 5. 5. 4. 3. 7. 4. 3. -. 9. 2. 5. 8. 0. 3. 3. 2. 6. Tenemos este y mas casas en venta. Comunicate con nosotros y encuentra la propiedad ideal para ti!|https://www.adondevivir.com/propiedades/clasificado/veclcain-venta-de-casa-como-terreno!-148818881.html?n_src=Listado&n_pills=%C3%81rea+de+lavander%C3%ADa&n_pg=1&n_pos=9|2026-03-18
adondevivir|casas|venta|Lima Moderna|Jesus Maria|"CALLE LLOQUE YUPANQUI
Jesús María, Lima"|S/ 1,091,500 · USD 295,000|1091500|295000|||"110 m² tot.
7 dorm.
5 baños"|110|7|5||Casa de 3 Pisos en Venta – Jesús María (Lloque Yupanqui) Precio: $295, 000. Descubre esta amplia casa en Jesús María, ideal para familias grandes o proyectos de remodelación. Con parámetros para construir hasta 4 pisos, esta propiedad ofrece un gran potencial en una ubicación estratégica dentro de un condominio de solo 3 casas. Características: Primer Piso: -Amplia sala iluminada. -Cocina espaciosa. -Recibidor. -Baño de visita. -2 baños. -Patio interno con lavandería. -2 escaleras de acceso: una desde la sala y otra desde la entrada principal. Segundo Piso: -Sala adicional para mayor comodidad. -5 dormitorios amplios. -2 baños completos. Tercer Piso: -Azotea ideal para expansión o área social. -2 dormitorios. -Área de Servicio. -1 baño. ¡No pierdas esta oportunidad de inversión en una de las zonas más céntricas y accesibles de Jesús María! Contáctanos para más información y agenda tu visita.|https://www.adondevivir.com/propiedades/clasificado/veclcain-venta-de-amplia-y-espaciosa-casa-en-jesus-maria-145032860.html?n_src=Listado&n_pills=Cuartos+de+servicio&n_pg=1&n_pos=10|2026-03-18
adondevivir|casas|venta|Lima Moderna|Jesus Maria|"huascar 16XX
Oyague, Jesús María"|S/ 709,800 · USD 210,000|709800|210000|||"145 m² tot.
4 dorm.
4 baños
3 estac."|145|4|4|3|Vendo casa en Primer Piso!!, remodelada pisos, instalaciones eléctricas y tuberías es una vivienda familiar, pero también puede tener un uso comercial! Ideal, para consultorios, oficinas, rubros administrativos. La casa es muy ventilada, techos altos, se encuentra ubicada en la calle Huascar cuadra 6, fácil acceso a principales avenidas como Arnaldo Marquéz, Husares de Junin, cerca a centro comerciales, a pocas cuadras de Plaza Vea. Área de terreno de 145. 12m2. Area Contruida de 145. 12 m2. 05 ambientes bien amplios con baño incorporado. 01 Sala de Estar. 01 Cochera. Estacionamientos en el frontis. precio: us$210, 000 negociables! Documentos en orden. Contacto 9 9 9 2 2 9 7 4 6|https://www.adondevivir.com/propiedades/clasificado/veclcain-ocasion-rematooo-por-viaje-vendo-casa-jesus-maria-146194010.html?n_src=Listado&n_pg=1&n_pos=11|2026-03-18
adondevivir|casas|venta|Lima Moderna|Jesus Maria|"Prolongacion Quito
Jesús María, Lima"|S/ 1,608,000 · USD 480,000|1608000|480000|||"358 m² tot.
1 dorm.
1 baño"|358|1|||Se vende Casa en el corazón de Jesús María a precio de terreno. La propiedad se encuentra ubicada entre la Av. Brasil y la Av. Salaverry. Se vende el 66% de acciones y derechos. No tiene cargas ni Gravamen. Ideal para Desarrollo inmobiliairo. Zonificiacion rdm 6 pisos. 12. 5 frente. 28. 64 fondo. ¡No dudes en consultar!|https://www.adondevivir.com/propiedades/clasificado/veclcain-se-vende-casa-como-terreno-148833042.html?n_src=Listado&n_pg=1&n_pos=12|2026-03-18
adondevivir|casas|venta|Lima Moderna|Jesus Maria|"Avenida José María Plaza 183
Jesús María, Lima"|S/ 2,244,000 · USD 650,000|2244000|650000|||"260 m² tot.
7 dorm.
3 baños"|260|7|3||Ubicacion: Avenida Jose Maria Plaza 183 Jesus Maria. (Ref. 1 cuadra Metro de Garzon/ Mercado) at. 260 (12. 72 Frente x 20. 50 fondo) ac. 445 (2 pisos + azotea) Tiene buen frente y retiro como para 8 autos o mas. Zona Comercial. Rebajado: $650, 000 ($2500/m2) Pd. Antes fue Clínica. Evaluado x Banco Scotiabank. Saneado e Inscrito en Registros Públicos. Entrega Inmediata. Previa Cita. 9.. 9.. 1. -.. 6. 6. 1.. -. 0.. 8.. 1. Abstenerse: Corredores/ Agentes. Gracias.|https://www.adondevivir.com/propiedades/clasificado/veclcain-local-comercial-metro-garzon-mercado-jesus-maria-65446398.html?n_src=Listado&n_pg=1&n_pos=13|2026-03-18
adondevivir|casas|venta|Lima Moderna|Jesus Maria|"JIRON NAZCA/ELIZABETH JORGE
Jesús María, Lima"|S/ 897,800 · USD 268,000|897800|268000|||"250 m² tot.
4 dorm.
2 baños"|250|4|2||Se vende A precio de ocasion amplia casa de 3 pisos!! Conoce esta amplia casa que tiene de area de terreno 90M2 Y area construida 250M2. casa ubicada en condominio, con un lindo pasaje donde se encuentran 10 viviendas. Zona centrica. ubicada en: 2 cdra de la rambla av brasil, A 2 cuadras de la avenida salaverry. Cerca A centros comericales. banco, iglesias. Primer nivel: - sala. - comedor. - cocina. - lavanderia. - 1 baño completo. - terraza Y hall de ingreso. segundo nivel: - 3 dormitorios amplios. - 2 baños. tercer nivel: tiene un minidepartamento entrada independiente. - sala comedor. - cocina abierta. - 1 dormitorio. - 1 baño. - amplia azotea Y cuarto Y baño de servicio. sin cochera. documentos en regla! Agenda visita!|https://www.adondevivir.com/propiedades/clasificado/veclcain-ocasion!-en-vendo-casa-de-3-pisos-en-jesus-maria-147722958.html?n_src=Listado&n_pills=Cuartos+de+servicio&n_pg=1&n_pos=14|2026-03-18
adondevivir|casas|venta|Lima Moderna|Jesus Maria|"parque Hernan Velarde, 36
Santa Beatriz, Jesús María"|S/ 5,180,000 · USD 1,480,000|5180000|1480000|||"658 m² tot.
7 baños
2 estac."|658||7|2|Casa estilo palacete frente a parque – ¡Oportunidad única! En Jesús María, detrás del Estadio Nacional. Esta dentro de la zona protegida. No se puede construir edificio. Área Construida: 585 m² Área de Terreno: 658 m² Dormitorios: 10 │ Baños: 7 │ Cocheras: 2. Esta espectacular residencia de estilo clásico combina amplitud, carácter y una ubicación privilegiada frente a parque. Con 72 años de antigüedad, conserva detalles únicos como techos altos, molduras finas y una fachada imponente en esquina curva, que la convierten en un verdadero palacete urbano. Características principales: Sala con chimenea revestida en madera. Comedor independiente con puertas de madera y vidrio. 10 dormitorios en total, varios con baño incorporado. 2 terrazas preciosas con vista al parque. Cocina amplia con comedor de diario. Bar, baño de visitas y distribuidor central en segunda planta. Jardines, terraza, patio y área de lavandería. 3 cuartos de servicio con baño. Escalera principal de madera y escalera de servicio. 2 cocheras grandes con portón automático. Rodeada de naturaleza y tranquilidad, pese a estar en zona céntrica, ofrece un ambiente único donde lo único que se escucha son los pajaritos del parque. Ideal para residencia familiar de gran escala, embajada, proyecto, Instituciones, oficinas exclusivas, sedes de partidos políticos, clubes deportivos, columbario, etc.|https://www.adondevivir.com/propiedades/clasificado/veclcain-vendo-en-parque-ideal-para-embajada-sedes-boutiques-147722968.html?n_src=Listado&n_pills=%C3%81rea+de+lavander%C3%ADa&n_pg=1&n_pos=15|2026-03-18
adondevivir|casas|venta|Lima Moderna|Jesus Maria|"HORACIO URTEAGA
Jesús María, Lima"|S/ 896,000 · USD 268,000|896000|268000|||"88 m² tot.
4 dorm.
4 baños"|88|4|4||¡ocasión！ ❛vendo casa de 3 pisos❜ 90 metros cuadrados de área de terreno, Y 200 metros cuadrados de área construida. Casa situada en jesús maría, ubicado en un pasaje con diseño de condominio, solo cuenta con 10 viviendas, moderno, apacible Y super céntrico. Localizado en la calle horacio urteaga, A 2 cuadras de la rambla de la avenida brasil, A 1 cuadra del campo de marte, Y A 2 cuadras de la avenida salaverry, la ubicación es inmejorable!. ➽primera planta: sala, comedor, cocina, lavandería. 1 baño completo, terraza Y hall de ingreso. ➽segunda planta: 3 dormitorios amplios Y bien iluminados, cuenta con 2 baños, ➽tercera planta: ⤑ minidepartamento con entrada indepediente 《sala- comedor, cocina kitchenette, 1 dormitorio Y 1 baño. ⤑ amplia azotea, cuarto Y baño de servicio. No esperes más Y agenda tu visita!, escríbeme al wathsapp.|https://www.adondevivir.com/propiedades/clasificado/veclcain--vendo-centrica-y-linda-casa-en-jesus-maria-145384313.html?n_src=Listado&n_pills=Cerca+a+colegios&n_pg=1&n_pos=16|2026-03-18
adondevivir|casas|venta|Lima Moderna|Jesus Maria|"Calle Horacio Urtega
Jesús María, Lima"|S/ 897,800 · USD 268,000|897800|268000||1|"250 m² tot.
4 dorm.
2 baños"|250|4|2||Oportunidad de adquirir una amplia casa de 250 m² construidos sobre un terreno de 90 m², ubicada dentro de un pasaje con diseño tipo condominio, lo que garantiza seguridad y tranquilidad en pleno corazón de Jesús María. Características principales: Área de terreno: 90 m² Área construida: 250 m² Primer piso: sala, comedor, cocina, lavandería, baño completa, terraza. Segundo piso: 3 dormitorios y 2 baños. Tercer piso: minidepa con entrada independiente y una amplia azotea con cuarto y baño de servicio adicionales. Antigüedad: 20 años. Sin cochera. ¡Agenda tu visita! 9+5+9+1+9+9+2+7+6. Lilibeth Villanueva|https://www.adondevivir.com/propiedades/clasificado/veclcain-venta-de-casa-de-3-pisos-en-horacio-urteaga-jesus-147425888.html?n_src=Listado&n_pills=Cerca+a+colegios&n_pg=1&n_pos=17|2026-03-18
adondevivir|casas|venta|Lima Moderna|Jesus Maria|"Av. República de Chile 732 Jesus Maria
Jesús María, Lima"|S/ 1,413,720 · USD 415,800|1413720|415800|||"148 m² tot.
3 dorm.
2 baños"|148|3|2||Casa de un piso en venta como terreno, ubicada en Jesús María, ideal para constructores, . Cuenta con 148. 50 m² de superficie total, parametros para construir hasta 6 pisos. Tiene 10 metros de frente y 15 metros de fondo. Zonificacion cz, rda. Super bien ubicada en Jesus Maria, Republica de Chile con Pablo Bermudez, cerca a avenidas principales como Av, Arenales, Av. Arequipa, Av, Salaverry, zona Residencial y comercial. El entorno ofrece una variedad de comercios y servicios como, Hoteles, farmacias, supermercados, rodeada de Bancos, Restaurantes, tiendas, Tambo, Oxxo, Policlinico Essalud, parques etc., Además, la zona cuenta con buenas conexiones de transporte público, facilitando el acceso a otras áreas de la ciudad. Al lado derecho de la casa hay un Hotel y al otro lado un edificio. *Papeles en regla. *Para informes y citas al 9. 4. 6. 0. 8. 5. 5. 4. 3. *Lula Delgado|https://www.adondevivir.com/propiedades/clasificado/veclcain-venta-decasa-como-terreno!-149290007.html?n_src=Listado&n_pills=Cerca+a+colegios&n_pg=1&n_pos=18|2026-03-18
adondevivir|casas|venta|Lima Moderna|Jesus Maria|"Canterac al 100
Jesús María, Lima"|S/ 2,318,400 · USD 690,000|2318400|690000|||"248 m² tot.
5 dorm.
2 baños"|248|5|2||Venta de casa de 2 pisos a media cuadra de Av. Brasil muy cerca a Campo de Marte, La Rambla, Promart, Plaza Vea, Metro de Garzón, parques, colegios. La casa está compuesta de dos propiedades que se venden como una sola y tienen partidas electrónicas independientes. La casa del primer piso es ideal para negocio propio o para alquilar. La segunda propiedad se ubica en el segundo piso con su respectiva entrada independiente. R. U. C Ver datos|https://www.adondevivir.com/propiedades/clasificado/veclcain-venta-de-casa-148094183.html?n_src=Listado&n_pills=%C3%81rea+de+lavander%C3%ADa&n_pg=1&n_pos=19|2026-03-18
adondevivir|casas|venta|Lima Moderna|Jesus Maria|"Jirón Huamachuco
Jesús María, Lima"|S/ 918,600 · USD 274,900|918600|274900|||"151 m² tot.
8 dorm.
4 baños"|151|8|4||Oportunidad en zona altamente demandada: 2° y 3° piso, ubicados a 4 cuadras de Av. Brasil y 2 de Av. San Felipe. Área total: 303. 74 m². Casa remodelada y bien conservada, con acceso totalmente independiente desde el primer piso. Vista externa, no quinta ni condominio. Entorno privilegiado: cerca de colegios Los Álamos, San Antonio de Padua, campo de béisbol El Olivar, Metro San Felipe, Real Plaza Salaverry, clínicas y entidades financieras. Perfecto para familias grandes o para inversión con renta inmediata. Segundo piso (151. 87 m²): sala de recepción, sala-comedor amplia, cocina cerrada, 4 habitaciones (1 con balcón), 2 baños y lavandería. Tercer piso / azotea (151. 87 m²): departamento independiente (2 dormitorios, sala-comedor, kitchenette y baño), amplia terraza, habitación adicional, baño extra y depósito. Zonificación rdm • Antigüedad 48 años. Precio: $274, 900BeneficiosCon acceso independiente a la calle. Ubicación estratégica cerca de San Felipe y Brasil. Propiedad remodelada y habitable de inmediato. Ideal para vivienda y renta. Ventajas151. 87 m² por nivel: excelente amplitud. Zonificación rdm apta para vivienda. Terraza amplia en azotea con múltiples usos. Distribución funcional con depósito y lavandería. Departamento en azotea. Agenda tu visita hoy y descubre el potencial real de esta propiedad. Responde con “Interesa casa jm” para coordinar. Las imágenes y/o información de este inmueble son de carácter referencial. R. uc.: Razón social: Inversiones Delia S. A. C.|https://www.adondevivir.com/propiedades/clasificado/veclcain-vendo-2-y-3-piso-casa-puerta-a-calle-jesus-maria-148337948.html?n_src=Listado&n_pills=%C3%81rea+de+lavander%C3%ADa&n_pg=1&n_pos=20|2026-03-18
adondevivir|casas|venta|Lima Moderna|Jesus Maria|"Alt. Av. Cuba Y Av. Gral Salaverry
Jesús María, Lima"|S/ 2,584,000 · USD 760,000|2584000|760000|||"338 m² tot.
4 dorm.
3 baños
1 estac."|338|4|3|1|¡Oportunidad única en Jesús María! Casa como terreno en casco ideal para desarrollo inmobiliarioSe vende casa como terreno en casco, ideal para edificio multifamiliar, comercio o vivienda. Ubicada en una zona estratégica y de alta demanda, a solo pasos del Hospital Edgardo Rebagliati Martins y del Museo de Historia Natural. Disfruta de la cercanía a amplios parques, colegios, restaurantes y centros comerciales. Excelente conectividad a las principales vías: Av. Salaverry, Av. Arequipa y Av. Cuba. A pocos minutos del Circuito Mágico del Agua, C. C. Arenales y C. C. Risso. Descripción: • Sala comedor• Cocina• 4 dormitorios• 3 baños• 1 cochera• Jardín• Lavandería• Baño y cuarto de serviciocaracteristicas: Área total: 338. 88 m2. Área construida: 269. 00 m2. Zonificación: rdm, parametros para 6 pisos. linderos: • Frente: 10. 00 ml. • Derecho: 40. 00 ml• Izquierda: 32. 10 ml• Fondo: 10. 30 ml!! aprovecha la oportunidad!! * Los precios y descripción de esta propiedad son|https://www.adondevivir.com/propiedades/clasificado/veclcain-casa-en-cascos-terreno-en-jesus-maria-148111091.html?n_src=Listado&n_pills=Jard%C3%ADn&n_pg=1&n_pos=21|2026-03-18
adondevivir|casas|venta|Lima Moderna|Jesus Maria|"Av.Horacio Urteaga / Deisy Celis
Jesús María, Lima"|S/ 897,800 · USD 268,000|897800|268000|||"88 m² tot.
4 dorm.
3 baños"|88|4|3||Vendo Céntrica y Linda Casa en Jesús María❞ ¡ocasión！ ❛vendo casa de 3 pisos❜ 90 metros cuadrados de área de terreno, Y 200 metros cuadrados de área construida. Casa situada en jesús maría, ubicado en un pasaje con diseño de condominio, solo cuenta con 10 viviendas, moderno, apacible Y super céntrico. Localizado en la calle horacio urteaga, A 2 cuadras de la rambla de la avenida brasil, A 1 cuadra del campo de marte, Y A 2 cuadras de la avenida salaverry, la ubicación es inmejorable!. ➽primera planta: sala, comedor, cocina, lavandería. 1 baño completo, terraza Y hall de ingreso. ➽segunda planta: 3 dormitorios amplios Y bien iluminados, cuenta con 2 baños, ➽tercera planta: ⤑ minidepartamento con entrada indepediente 《sala- comedor, cocina kitchenette, 1 dormitorio Y 1 baño. ⤑ amplia azotea, cuarto Y baño de servicio. No esperes más Y agenda tu visita!, escríbeme al wathsapp.|https://www.adondevivir.com/propiedades/clasificado/veclcain-vendo-casa-en-jesus-maria-ubicacion-horacio-urteaga-145650116.html?n_src=Listado&n_pills=%C3%81rea+de+lavander%C3%ADa&n_pg=1&n_pos=22|2026-03-18
adondevivir|casas|venta|Lima Moderna|Jesus Maria|"CALLE HORACIO URTEAGA
Jesús María, Lima"|S/ 897,800 · USD 268,000|897800|268000|||"250 m² tot.
4 dorm.
2 baños"|250|4|2||Linda Casa en Jesús María❞ 9/4/1/7/0/0/6/4/2. ❛vendo casa de 3 pisos❜ 90 metros cuadrados de área de terreno, Y 250 metros cuadrados de área construida. Casa en jesús maría. Ubicado en una quinta con diseño de condominio. Solo cuenta con 10 viviendas. Moderno, apacible Y super céntrico. Localizado en la calle horacio urteaga, A 2 cuadras de la rambla de la avenida brasil, A 1 cuadra del campo de marte, Y A 2 cuadras de la avenida salaverry. ➽primera planta: sala, comedor, cocina, lavandería. 1 baño completo, terraza Y hall de ingreso. ➽segunda planta: 3 dormitorios amplios Y bien iluminados, cuenta con 2 baños, ➽tercera planta: ⤑ minidepartamento con entrada indepediente 《sala- comedor, cocina kitchenette, 1 dormitorio Y 1 baño. ⤑ amplia azotea, cuarto Y baño de servicio. - no cuenta con cochera. Agenda tu visita! Escríbeme al wathsapp 9/4/1/7/0/0/6/4/2|https://www.adondevivir.com/propiedades/clasificado/veclcain-vendo-hermosa-casa-en-jesus-maria-148585433.html?n_src=Listado&n_pills=Cuartos+de+servicio&n_pg=1&n_pos=23|2026-03-18
adondevivir|casas|venta|Lima Moderna|Jesus Maria|"horacio urteaga jesus maria
Jesús María, Lima"|S/ 895,000 · USD 268,000|895000|268000|||"88 m² tot.
4 dorm.
3 baños"|88|4|3||❛vendo casa de 3 pisos❜ 90 metros cuadrados de área de terreno, Y 200 metros cuadrados de área construida. Casa situada en jesús maría, ubicado en un pasaje con diseño de condominio, solo cuenta con 10 viviendas, moderno, apacible Y super céntrico. Localizado en la calle horacio urteaga, A 2 cuadras de la rambla de la avenida brasil, A 1 cuadra del campo de marte, Y A 2 cuadras de la avenida salaverry, la ubicación es inmejorable!. ➽primera planta: sala, comedor, cocina, lavandería. 1 baño completo, terraza Y hall de ingreso. ➽segunda planta: 3 dormitorios amplios Y bien iluminados, cuenta con 2 baños, ➽tercera planta: ⤑ minidepartamento con entrada indepediente 《sala- comedor, cocina kitchenette, 1 dormitorio Y 1 baño. ⤑ amplia azotea, cuarto Y baño de servicio. No esperes más Y agenda tu visita!|https://www.adondevivir.com/propiedades/clasificado/veclcain--ocasion!-vendo-casa-de-3-pisos-en-jesus-maria-a.-145644443.html?n_src=Listado&n_pills=Frente+a+parque&n_pg=1&n_pos=24|2026-03-18
adondevivir|casas|venta|Lima Moderna|Jesus Maria|"Jr. Hermilio Valdizan
Oyague, Jesús María"|S/ 438,600 · USD 129,000|438600|129000|||"44 m² tot.
2 dorm.
2 baños"|44|2|2||"02 niveles más aires. area de terreno 43. 5 M2. area techada 88 M2. Ubicado en una zona céntrica y residencial de Jesús María, con fácil acceso a comercios, bancos, mercados y transporte público. Frente: 5. 20 ml | Fondo: 8. 50 ml. Cochera: No. Distribución: - 1er nivel: Sala–comedor, ambiente de cocina, baño completo. - 2do nivel: 2 dormitorios (principal con baño incorporado), hall de distribución, lavandería. - 3er nivel: Aires. Luz y agua independientes. Ubicación: Cuadra 4 del Jr. Hermilio Valdizán – Jesús María. Visita previa coordinación al Ver datos- Ada"|https://www.adondevivir.com/propiedades/clasificado/veclcain-vendo-casa-ubicada-en-quinta-jesus-maria-148541367.html?n_src=Listado&n_pills=%C3%81rea+de+lavander%C3%ADa&n_pg=1&n_pos=25|2026-03-18
adondevivir|casas|venta|Lima Moderna|Jesus Maria|"horacio urteaga
Jesús María, Lima"|S/ 892,500 · USD 268,000|892500|268000|||"200 m² tot.
4 dorm.
3 baños"|200|4|3||Se vende linda casita de 3 pisos dentro de una elegante quinta en zona céntrica de Jesús María, cerca a avenidas principales, centro comercial y tiendas. La casita se distribuye de la siguiente manera: primer piso: Sala, comedor, cocina - lavandería, baño completo, terraza. Segundo piso: 3 dormitorios y 2 baños. Tercer piso: mini departamento con entrada independiente, Amplia azotea, cuarto y baño de servicio. Agenda tu visita. 91Ver datos|https://www.adondevivir.com/propiedades/clasificado/veclcain-venta-de-casa-de-en-jesus-maria-147400485.html?n_src=Listado&n_pills=%C3%81rea+de+lavander%C3%ADa&n_pg=1&n_pos=26|2026-03-18
adondevivir|casas|venta|Lima Moderna|Jesus Maria|"Calle Almt Guisse
Jesús María, Lima"|S/ 3,327,100 · USD 980,000|3327100|980000|||"290 m² tot.
6 dorm.
3 baños
7 estac."|290|6|3|7|Excelente oportunidad para empresarios E inversionistasinmueble en venta – zona comercial de jesús maríaexpanda su negocio o desarrolle un proyecto de alto potencial en una de las zonas más dinámicas y estratégicas de Jesús María, a pocos pasos de la Av. Cuba y avenidas principales. El entorno combina alto tránsito peatonal y vehicular con gran densidad residencial, impulsado por nuevos edificios de hasta 25 pisos, lo que convierte a esta ubicación en una apuesta segura para cualquier rubro comercial o institucional. principales característicasparámetros edificatorios: hasta 7 pisosZonificación: cz – Comercio Zonal (Ordenanza 2213-mml) Usos compatibles: Clínicas, centros médicos, universidades, hoteles, restaurantes, pollerías, oficinas corporativas y más. Estacionamientos: 5 internos techados + 2 externosdistribucióncasa de 2 pisos + aires, con espacios amplios, ventilados y fácilmente adaptables a distintos usos. Primer piso: Recepción o sala de espera con vista a la calleAmbientes amplios ideales para consultorios, oficinas o showroomCocina y patio posteriorDos ambientes con baño completoCochera para cinco vehículos internos y dos externosSegundo piso: Hall de distribuciónDos amplios ambientes ideales para oficinas, consultorios o dormitoriosDos baños compartidosCocina, lavandería y amplio patio interiorTercer piso (azotea): Área con gran potencial de expansión para nuevos ambientes, oficinas o servicios complementariosPosibilidad de generar ingresos adicionales por alquilerubicación Y potencialubicado en una zona de alta demanda comercial y residencial, con excelente accesibilidad y visibilidad. Ideal para instituciones de salud, educación o negocios de atención al público que busquen posicionarse en un punto estratégico del distrito|https://www.adondevivir.com/propiedades/clasificado/veclcain-casa-en-venta-en-jesus-maria-148026387.html?n_src=Listado&n_pills=%C3%81rea+de+lavander%C3%ADa&n_pg=1&n_pos=27|2026-03-18
adondevivir|casas|venta|Lima Moderna|Jesus Maria|"JIRON NAZCA
Jesús María, Lima"|S/ 899,000 · USD 269,000|899000|269000||1|"250 m² tot.
4 dorm.
2 baños"|250|4|2||Vive en una zona céntrica rodeada de parques!! En una quinta moderna de 10 casas privadas Y céntrico ubicado en la segunda cuadra de horacio urteaga. con fáciles accesos A diferentes vías principales como avenida brasil, av. salaverry, campo de marte Y más.. Distribución interna de 250 M2: - primera planta: sala, comedor, cocina, lavandería. 1 baño completo, terraza Y hall de ingreso. *segunda planta: 3 dormitorios amplios Y bien iluminados, cuenta con 2 baños, *tercera planta: * minidepartamento con entrada indepediente 《sala- comedor, cocina kitchenette, 1 dormitorio Y 1 baño. *amplia azotea, cuarto Y baño de servicio. - no cuenta con cochera, contactame via whattsapp al +9+4+0++1+0++6++0+1+5+|https://www.adondevivir.com/propiedades/clasificado/veclcain-vendo-casa-en-jesus-maria-en-quinta-moderna-147266448.html?n_src=Listado&n_pills=%C3%81rea+de+lavander%C3%ADa&n_pg=1&n_pos=28|2026-03-18
adondevivir|casas|venta|Lima Moderna|Jesus Maria|"Av. Gnral Eugenio Garzón 2241
Residencial San Felipe, Jesús María"|S/ 1,462,000 · USD 430,000|1462000|430000|||"160 m² tot.
3 dorm.
2 baños
1 estac."|160|3|2|1|Casa para Remodelar o Terreno Comercial en Venta de 160 m2. Parametros 05 Pisos. Zona residencial y comercial. Ubicado en una zona estratégica de Jesus Maria, a solo pasos de la Av. Brasil y Av San Felipe. Ideal para proyecto inmobiliario o negocio|https://www.adondevivir.com/propiedades/clasificado/veclcain-venta-de-casa-o-terreno-en-garzon-jesus-maria-147988454.html?n_src=Listado&n_pg=1&n_pos=29|2026-03-18
adondevivir|casas|venta|Lima Moderna|Jesus Maria|"Horacio Urteaga - Jesús Maria
Jesús María, Lima"|S/ 897,800 · USD 268,000|897800|268000|||"90 m² tot.
5 dorm.
4 baños"|90|5|4||Linda casa de 3 pisos de 90 mts. 2 de área de terreno y 200 mts. 2 de construcción. Ubicada en un pasaje- condominio, cuenta con 09 viviendas a su alrededor, moderno, tranquilo y céntrico a todo. Situado en la calle Horacio Urteaga, a dos cuadras de la Rambla de la Brasil y 1 cdra. Del campo de marte. Primer piso: Sala, comedor, cocina, lavandería y 1 baño completo, terraza y hall de ingreso. Segundo piso: 3 dormitorios, amplios y bien iluminados cuenta con 2 baños. tercer piso: Minidepartamento con entrada independiente ( sala, comedor, cocina kitchenette, 1 dormitorio, 1 baño, una amplia azotea, 1 cuarto y baño de servicio. No dejes pasar esta oportunidad para conocer esta linda casa. Agenda tu visita!|https://www.adondevivir.com/propiedades/clasificado/veclcain-linda-y-centrica-casa-en-jesus-maria-en-venta-147562700.html?n_src=Listado&n_pills=Guardian%C3%ADa%2FSeguridad+privada&n_pg=1&n_pos=30|2026-03-18
adondevivir|casas|venta|Lima Moderna|Lince|"Jr. General José María Córdova 2460
Lince, Lima"|S/ 782,000 · USD 230,000|782000|230000|||"67 m² tot.
4 dorm.
2 baños"|67|4|2||Casa en quinta con puerta independiente a la calle– Lince. Constructora e Inmobiliaria Casa 21 S. A. C *R. U. C: 2. 0. 6. 0. 0. 1. 6. 2. 9. 9. 4* *Contáctate con Fernando Sullón 9. 4. 4. 2. 3. 7. 4. 1. 9* *Contáctate con Marcela Gomez 9. 9. 3. 2. 6. 2. 0. 0. 6* Si buscas vivir en una casa y no en un departamento, esta propiedad puede ser una excelente opción. Se trata de una casa en quinta completamente remodelada en 2021, distribuida en tres niveles, ubicada en una zona céntrica de Lince con fácil acceso a avenidas principales, comercios y servicios. Un punto diferencial importante es que cuenta con doble acceso: Ingreso principal con puerta directa a la calle, que le da mayor independencia. Acceso secundario por el interior de la quinta, hacia el área de cocina. Características: - Totalmente remodelada. - Área de terreno: 66. 39 m² - Área construida: 95. 30 m² - Casa tipo triplex. - 4 dormitorios. - 2 baños completos. - 1 baño de visita. - Cocina integrada al comedor. - Área de lavandería. - Depósito. - acabados modernos y de excelente calidad. - doble acceso. Distribución: *Primer nivel. - Sala. - Comedor. - Cocina americana con muebles altos y bajos, área de despensa. - Medio baño de visitas. - Ambiente adicional que puede funcionar como estudio u oficina. **Segundo nivel. - 2 dormitorios con closet. - 1 baño completo. *Tercer nivel. - 1 dormitorio. - 1 estudio (puede ser una 4ta habitación) - 1 baño completo. - lavandería y 2 depósitos. Ubicación céntrica en Lince, cerca de avenidas principales, supermercados, transporte y servicios. Importante: La propiedad se encuentra dentro de una quinta (puerta directa a la calle) y no cuenta con cochera. Referencias: A una cuadra de Parque Castilla. Cerca a la Universidad del Pacifico. Cerca al Real Plaza Salaverry. A 1 cuadra del Touring y Automóvil Club del Perú A 4 cuadras de la Av. Arequipa. A 4 cuadras de la Av. 2 de Mayo. A 1/2 cuadra de la Av. Cesar Vallejo. A 1/2 cuadra de la Av. Cesar Canevaro. A 9 cuadras de la Av. Salaverry. Precio: us$ 230, 000. 00. ¡Todo lo que necesitas para vivir de la mejor manera! No pierdas la oportunidad. Contáctanos ahora para más información y agendar una visita. *Contáctate con Fernando Sullón 9. 4. 4. 2. 3. 7. 4. 1. 9* *Contáctate con Marcela Gomez 9. 9. 3. 2. 6. 2. 0. 0. 6*|https://www.adondevivir.com/propiedades/clasificado/veclcain-casa-triplex-remodelada-con-puerta-a-calle-4-dorm.-146347602.html?n_src=Listado&n_pills=%C3%81rea+de+lavander%C3%ADa&n_pg=1&n_pos=1|2026-03-18
adondevivir|casas|venta|Lima Moderna|Lince|"General Cordova
Lince, Lima"|S/ 2,133,000 · USD 600,000|2133000|600000|||"258 m² tot.
6 baños
3 estac."|258||6|3|Excelente Casa de 05 dormitorios con un area de 258m2 At. Y 350m2. De area construida. Con 3 cocheras, recibidor, sala, sala de estar, comedor, 01 baño, Jardin interior, 2 dormitorios en primer piso con baños, y en el segundo piso 3 dormitorios, con 02 baños, patio, cuarto de servicio con baño, cuarto de lavanderia, deposito, tendal, se vende en us$600, 000. 00 llamar al Ver datos|https://www.adondevivir.com/propiedades/clasificado/veclcain-casa-de-5-dorm.-gral-cordova-pegado-a-san-isidro-147023898.html?n_src=Listado&n_pills=Cuartos+de+servicio&n_pg=1&n_pos=2|2026-03-18
adondevivir|casas|venta|Lima Moderna|Lince|"Jr. Bartolomé Herrera
Lince, Lima"|S/ 432,150 · USD 129,000|432150|129000|||"48 m² tot.
3 dorm.
2 baños"|48|3|2||Casa – Quinta en LinceJr. Bartolomé HerreraOportunidad para vivir o invertir en una de las zonas más céntricas de LimaCaracterísticas principalesPisos: 3Área de terreno: 48. 00 m²Área construida: 112. 95 m²Dormitorios: 3Baños completos: 2TerrazaAntigüedad: 56 añosDistribución1er Piso: Sala – comedorCocinaBaño completoDormitorio2do Piso: 2 DormitoriosPequeña terrazaBaño completo3er Piso: TerrazaLavaderoUbicación estratégicaSituada en pleno Lince, en una calle accesible y bien conectada. Ideal para quienes buscan comodidad, cercanía a comercios, servicios y transporte público, sin alejarse del centro de la ciudad. Muy cerca de importantes avenidas como: Canadá, Prolongación Iquitos, Paseo de la República, Av. Militar, Ignacio Merino y Petit Thouars. Potencial y usos recomendadosExcelente oportunidad para remodelar y revalorizarDistribución en 3 niveles que permite zonificar ambientes y optimizar los espacios¿Por qué comprar esta propiedad? Casa con estructura sólida y gran proyección, perfecta para modernizarla según las necesidades actuales. Ideal para inversionistas o familias que desean personalizar su hogar en una ubicación céntrica y estratégica de Lima. Agenda tu visitaLas imágenes y/o información de este inmueble son de carácter referencial. R. uc.: Razón social: Inversiones Delia S. A. C.|https://www.adondevivir.com/propiedades/clasificado/veclcain-vive-o-invierte-en-lince:-casa-en-quinta-con-terraza-149260761.html?n_src=Listado&n_pills=%C3%81rea+de+lavander%C3%ADa&n_pg=1&n_pos=3|2026-03-18
adondevivir|casas|venta|Lima Moderna|Lince|"Jr general José María Córdoba 1714
Lince, Lima"|S/ 1,030,000 · USD 300,000|1030000|300000||1|"81 m² tot.
4 dorm.
2 baños"|81|4|2||Vendo linda casa con 81 m² área de terreno, 2 pisos de construido, más azotea. Parámetros hasta 6pisos, no cuenta con cochera. Distribución en 1er piso: Sala. Comedor. Depósito. Cocina. Lavandería con patio. Baño completo. 2do piso: 3habitaciones. 1baño completo. 3er Piso. 1habitacion. Azotea. Precio $300, 000 (trescientos mil dólares americanos). Para mayor información comunicarse al teléfono Ver datos. Milenka Carranza|https://www.adondevivir.com/propiedades/clasificado/veclcain-vendo-casa-en-el-distrito-de-lince!-142578162.html?n_src=Listado&n_pills=%C3%81rea+de+lavander%C3%ADa&n_pg=1&n_pos=4|2026-03-18
adondevivir|casas|venta|Lima Moderna|Lince|"MANCO SEGUNDO
Lince, Lima"|S/ 862,000 · USD 230,000|862000|230000|||"124 m² tot.
3 dorm.
2 baños"|124|3|2||Vendo acogedora casita de dos pisos ubicada frente A parque, cerca A la universidad pacifico Y upc, de facil acceso. la casita es con vista externa, se describe, primer piso sala comedor, baño de visita, cocina cerrada, area de lavanderia con acceso A los aires, puerta secundaria que da al pasaje, entre la sala Y comedor escaleras de madera acceso al segundo nivel 3 dormitorios amplios Y un baño completo. la casa tiene techos altos. los aires tambien son de la casa, se puede construir otro dpto, O ampliar la casa. cada nivel es de 62 M2 con un total construidos de 124M2. luz Y agua independiente. llamar rosario cabanillas Ver datos|https://www.adondevivir.com/propiedades/clasificado/veclcain-se-vende-casita-frente-a-parque-muy-bien-ubicada-mas-145714134.html?n_src=Listado&n_pills=%C3%81rea+de+lavander%C3%ADa&n_pg=1&n_pos=5|2026-03-18
adondevivir|casas|venta|Lima Moderna|Lince|"Jirón Comandante Manuel Villavicencio 1445
Lince, Lima"|S/ 5,230,000 · USD 1,520,000|5230000|1520000|||"583 m² tot.
3 dorm.
4 baños"|583|3|4||Super buena ubicación! Zonificación rdb que permite el desarrollo de un edificio multifamiliar de hasta 5 pisos bajo sistema tradicional o hasta 9 pisos en sistema vis|https://www.adondevivir.com/propiedades/clasificado/veclcain-linda-casa-super-bien-ubicada-en-venta-149141162.html?n_src=Listado&n_pills=Cuartos+de+servicio&n_pg=1&n_pos=6|2026-03-18
adondevivir|casas|venta|Lima Moderna|Lince|"Calle Jose general cordova 2542
Lince, Lima"|S/ 2,040,000 · USD 600,000|2040000|600000|||"258 m² tot.
6 dorm.
5 baños
3 estac."|258|6|5|3|Se vende casa de dos pisos para vivienda A media cuadra del touring. La casa cuenta con 258 mts de terreno Y 250 mts. De area construida. Primer piso: cochera abierta para dos carros Y una cerrada para un tercer carro. Ingreso, sala amplia, comedor, terraza con jardin posterior, cocina ampliay comedor de diario, un baño de visitas completo con ducha. 2 dormitorios con un baño compartido. Segundo piso: tres dormitorios con 2 baños completos externo. Un cuarto dormitorio con baño incorporado. área de lavandería con cuarto de almacén Y baño completo. En el tercer piso un cuarto pequeño con baño propio.|https://www.adondevivir.com/propiedades/clasificado/veclcain-vendo-casa-en-lince-148367365.html?n_src=Listado&n_pills=Jard%C3%ADn&n_pg=1&n_pos=7|2026-03-18
adondevivir|casas|venta|Lima Moderna|Lince|"Calle Las Begonias 2690
Lince, Lima"|S/ 2,010,000 · USD 600,000|2010000|600000|||"174 m² tot.
6 dorm.
3 baños"|174|6|3||"Casa en esquina frente a parque | Lince – San Isidro. *R. U. C: 2. 0. 6. 0. 0. 1. 6. 2. 9. 9. 4* Razón Social: Constructora e Inmobiliaria Casa 21 S. A. C. Se vende casa en esquina, frente al parque Elías Aguirre, ubicada en el límite de Lince con San Isidro, a solo 2 cuadras de la Av. Javier Prado y 1 cuadra de la Vía Expresa, con acceso inmediato al Centro Empresarial de San Isidro. Propiedad con excelente potencial para vivienda familiar, oficinas, estudios profesionales o proyecto inmobiliario, gracias a su ubicación estratégica, doble frente y parámetros favorables. Para 4 pisos mas azotea. Para mayor infirmación comunicate con Beliza Vásquez al **9. 9. 9. 4. 9. 9.. 3. 2. 0** Área de terreno: 173. 74 m² Antigüedad: 64 años. Parámetros: aprox. 4 pisos más azotea. Estacionamiento: 2 autos. Distribución: Primer piso: Hall de ingreso, estudio con baño completo (ideal oficina o dormitorio), sala y comedor con vista al jardín interno, bar, cocina, lavandería y amplio jardín, que brinda iluminación y ventilación natural. Segundo piso: Cuatro dormitorios en total, sala de estar, dos baños completos. Dormitorio principal con baño incorporado y balcón con vista a la calle. Tercer piso: Cuarto y baño de servicio, dos ambientes adicionales ideales como depósito, oficina o estudio, y azotea amplia con espacio para tendal o futuras ampliaciones. Ubicación privilegiada, frente a parque, en zona de alta demanda residencial y corporativa, ideal para inversionistas, oficinas administrativas, consultorios, estudios profesionales o familias que buscan amplitud y conectividad. Precio de venta: us$ 600. Programa pronto tu visita con Beliza Vásquez al **9. 9. 9. 4. 9. 9.. 3. 2. 0**"|https://www.adondevivir.com/propiedades/clasificado/veclcain-casa-en-venta-esquina-frente-a-parque-174-m-sup2-148892602.html?n_src=Listado&n_pills=%C3%81rea+de+lavander%C3%ADa&n_pg=1&n_pos=8|2026-03-18
adondevivir|casas|venta|Lima Moderna|Lince|"Calle Las Begonias 2600
S/n, Lince"|S/ 2,004,000 · USD 600|2004000|600|||"173 m² tot.
6 dorm.
2 baños"|173|6|2||Viva o invierta en una de las mejores ubicaciones de Lince. Se vende casa de 173. 74 m², ubicada frente al Parque Elías Aguirre, que combina excelente ubicación, amplitud y múltiples posibilidades de uso. Ideal tanto para vivienda familiar como para oficinas administrativas, etc. Johanna Alania. 9*5*2*7*1*2*0*3*5. Situada en Calle Las Begonias, a solo una cuadra de la Vía Expresa Luis Bedoya Reyes y a dos cuadras de la Av. Javier Prado Este, ofrece conexión inmediata con los principales ejes de la ciudad y cercanía al Centro Financiero de San Isidro. Una ubicación estratégica que aporta accesibilidad, visibilidad y un entorno residencial consolidado. La propiedad cuenta con tres niveles más azotea y una distribución funcional que permite adaptarla a distintos requerimientos. Distribución: Área total: 173. 74 m² Primer piso: * Sala–comedor con excelente iluminación natural. * Cocina independiente. * Estudio o ambiente de trabajo. * 1 baño completo. * Cochera lineal para 2 vehículos. * Jardín exterior, ideal como espacio social o área de descanso. Segundo piso: * 4 dormitorios amplios. * 2 baños completos. Tercer piso: * Cuarto de servicio con baño. * 2 ambientes adicionales (oficina, depósito o dormitorios) * Azotea. * Espacio disponible para tendal, almacenamiento. Ubicación privilegiada: Frente al Parque Elías Aguirre. A 1 cuadra de la Vía Expresa. A 2 cuadras de Av. Javier Prado Este. A minutos del Centro Financiero de San Isidro. Una propiedad con alto potencial de valorización en una de las zonas más demandadas de Lima, lista para adaptarse a sus necesidades. Precio: us$ 600, 000. Si desea mayor información o coordinar una visita, será un gusto atenderle. Esta puede ser la oportunidad que estaba esperando. Johanna Alania. 9*5*2*7*1*2*0*3*5|https://www.adondevivir.com/propiedades/clasificado/veclcain-venta-de-casa-de-3-pisos-de-174-m-sup2--en-lince-149021807.html?n_src=Listado&n_pills=Jard%C3%ADn&n_pg=1&n_pos=9|2026-03-18
adondevivir|casas|venta|Lima Moderna|Lince|"Calle Las Begonias 2690
San Eugenio, Lince"|S/ 2,040,000 · USD 600,000|2040000|600000|||"173 m² tot.
6 dorm.
3 baños"|173|6|3||"*contactar a Marcela Gomez al 9. 9. 3. 2. 6. 2. 0. 0. 6* casa en esquina en venta en lince frente A parque | 173. 74 m² Ideal para vivienda, empresa o inversión inmobiliaria. Se vende casa en esquina en Lince, ubicada frente al Parque Elías Aguirre, en una zona residencial consolidada, segura y de alta valorización. Esta propiedad de 173. 74 m² de área destaca por su ubicación estratégica, excelente conectividad y versatilidad de uso, siendo ideal tanto para vivienda familiar como para oficinas, estudios profesionales o inversión inmobiliaria. La casa se encuentra a 1 cuadra de la Vía Expresa Luis Bedoya Reyes y a 2 cuadras de la Av. Javier Prado Este, con rápido acceso al Centro Financiero de San Isidro, lo que la convierte en una opción atractiva para empresarios, inversionistas, desarrolladores inmobiliarios y familias que buscan mudarse a un entorno más tranquilo, con áreas verdes y mejores servicios dentro de Lima. Características generales. Área de terreno: 173. 74 m² Casa en esquina, frente a parque. 3 pisos + azotea. Excelente iluminación y ventilación natural. Uso residencial o comercial (según zonificación) distribución. Primer piso. Sala – comedor amplia y bien iluminada. Cocina independiente. Estudio o escritorio (home office) 01 baño completo. Cochera lineal para 2 vehículos. Jardín exterior frente al parque. Segundo piso. 04 dormitorios amplios. 02 baños completos. Tercer piso. Cuarto de servicio con baño. 02 ambientes adicionales de uso múltiple. Azotea. Área libre con potencial para terraza, ampliación o zona social. ubicación – lince. Frente al Parque Elías Aguirre. A 1 cuadra de la Vía Expresa. A 2 cuadras de Av. Javier Prado Este. Cerca al Centro Financiero de San Isidro. Zona residencial segura y de alta demanda inmobiliaria. precio de venta: us$ 600, 000. Propiedad con alto potencial de valorización, ideal para quienes buscan ubicación, seguridad y conectividad en Lima. Contáctanos para más información o para coordinar una visita. Inmuebles como este, por ubicación y características, tienen alta demanda en el mercado. *contactar a Marcela Gomez al 9. 9. 3. 2. 6. 2. 0. 0. 6*"|https://www.adondevivir.com/propiedades/clasificado/veclcain-vendo-casa-en-esquina-frente-a-parque-en-lince-limite-148917500.html?n_src=Listado&n_pills=Frente+a+parque&n_pg=1&n_pos=10|2026-03-18
adondevivir|casas|venta|Lima Moderna|Lince|"CALLE LAS BEGONIAS 2690, LINCE
Lince, Lima"|S/ 2,016,000 · USD 600,000|2016000|600000|||"174 m² tot.
6 dorm.
2 baños
2 estac."|174|6|2|2|*R. U. C: 2. 0. 6. 0. 0. 1. 6. 2. 9. 9. 4* Razón Social: Constructora e Inmobiliaria Casa 21 S. A. C. ¡Oportunidad única en Lince! Esta casa esquinera de 173. 74 m² frente al parque ofrece una combinación ideal de ubicación privilegiada, amplitud y versatilidad, perfecta tanto para vivienda familiar como para oficinas o estudios profesionales. Ubicada en Calle Las Begonias, a solo una cuadra de la Vía Expresa Luis Bedoya Reyes y dos cuadras de la Av. Javier Prado Este, disfrutarás de un entorno altamente accesible y conectado con toda Lima, además de una agradable vista al Parque Elías Aguirre que aporta tranquilidad y frescura al día a día. La propiedad cuenta con 3 pisos más azotea, una distribución. Su proximidad al Centro Financiero de San Isidro la convierte en una opción estratégica para quienes buscan vivir cerca de todo o para empresas que necesitan una sede bien ubicada. Una casa con enorme potencial, lista para adaptarse a diferentes necesidades y convertirse en tu mejor oportunidad en una de las zonas más demandadas de la ciudad. Si deseas más detalles o programar una visita, esta es una propiedad que vale la pena conocer. *Contáctate con Carlos Lopez 9. 7. 0. 7. 0. 1. 4. 5. 5* - Área de 173. 74m2. Primer piso. - Sala–comedor con buena iluminación naturalCocina independiente. - Estudio o escritorio. - 1 Baño completo. - Cochera lineal para 2 autos. - Jardín externo ideal para reuniones o espacio social. Segundo piso. - 04 Dormitorios amplios. - 02 Baños completos. Tercer piso. - Cuarto de servicio con baño. - 02 Habitaciones adicionales (uso múltiple: depósito, oficina, dormitorio) - Azotea. - Espacio disponible para tendal, almacenaje o futura ampliación. Ubicación estratégica. - Frente al Parque Elías Aguirre. - A 1 cuadra de la Vía Expresa. - A 2 cuadras de Av. Javier Prado Este. - A minutos del Centro Financiero de San Isidro. - Zona segura, residencial y de fácil acceso. Precio: us$ 600, 000. 00. ¡Todo lo que necesitas para vivir de la mejor manera! No pierdas la oportunidad. Contáctanos ahora para más información y agendar una visita. *Contáctate con Carlos Lopez 9. 7. 0. 7. 0. 1. 4. 5. 5*|https://www.adondevivir.com/propiedades/clasificado/veclcain-venta-de-casa-de-3-pisos-con-cochera-de-174-m-sup2--en-148298923.html?n_src=Listado&n_pills=Jard%C3%ADn&n_pg=1&n_pos=11|2026-03-18
adondevivir|casas|venta|Lima Moderna|Lince|"Av. Gacilaso de la Vega
Lince, Lima"|S/ 1,748,000 · USD 460,000|1748000|460000|||"245 m² tot.
4 dorm.
3 baños
2 estac."|245|4|3|2|Precio de venta us$ 460, 000. at. 245. 16 m2. ac. 212 m2. 22 años de antigüedad. 2 cocheras. descripción: amplia sala. comedor. lindo jardín interior. 1/2 baño de visita. cocina con comedor de diario, reposteros y alacena. 4 dormitorios de buen tamaño. 3 baños completos uno incorporado en el dormitorio principal. área de servicio completa. lavandería. terraza. 2 estacionamientos. También contamos con otras alternativas bastante similares en la misma zona y presupuesto, para nosotros será un gusto enviarle un listado para que Ud. Escoja ¿cuál sería de su interés? (con características similares a esta propiedad) a su correo, así facilitamos su búsqueda y si desea comuníquese con nosotros al 9. 9. 4. 2. 0. 7. 8. 6. 0. También contamos con otras alternativas bastante similares en la misma zona y presupuesto, para nosotros será un gusto enviarle un listado para que Ud. Escoja ¿cuál sería de su interés? (con características similares a esta propiedad) a su correo, así facilitamos su búsqueda y si desea comuníquese con nosotros al 9. 9. 4. 2. 0. 7. 8. 6. 0. Será un gusto atenderlos!|https://www.adondevivir.com/propiedades/clasificado/veclcain--lince-vta.-av-g.-de-la-vega-casa-4d-2c-jardin-terraza-56625922.html?n_src=Listado&n_pills=Parrilla&n_pg=1&n_pos=12|2026-03-18
adondevivir|casas|venta|Lima Moderna|Lince|"Jr. Bartolomé Herrera
Lince, Lima"|S/ 432,150 · USD 129,000|432150|129000|||"48 m² tot.
3 dorm.
2 baños"|48|3|2||Casa – Quinta en LinceJr. Bartolomé HerreraOportunidad para vivir o invertir en una de las zonas más céntricas de LimaCaracterísticas principalesPisos: 3Área de terreno: 48. 00 m²Área construida: 112. 95 m²Dormitorios: 3Baños completos: 2TerrazaAntigüedad: 56 añosDistribución1er Piso: Sala – comedorCocinaBaño completoDormitorio2do Piso: 2 DormitoriosPequeña terrazaBaño completo3er Piso: TerrazaLavaderoUbicación estratégicaSituada en pleno Lince, en una calle accesible y bien conectada. Ideal para quienes buscan comodidad, cercanía a comercios, servicios y transporte público, sin alejarse del centro de la ciudad. Muy cerca de importantes avenidas como: Canadá, Prolongación Iquitos, Paseo de la República, Av. Militar, Ignacio Merino y Petit Thouars. Potencial y usos recomendadosExcelente oportunidad para remodelar y revalorizarDistribución en 3 niveles que permite zonificar ambientes y optimizar los espacios¿Por qué comprar esta propiedad? Casa con estructura sólida y gran proyección, perfecta para modernizarla según las necesidades actuales. Ideal para inversionistas o familias que desean personalizar su hogar en una ubicación céntrica y estratégica de Lima. Agenda tu visitaLas imágenes y/o información de este inmueble son de carácter referencial. R. uc.: Razón social: Inversiones Delia S. A. C.|https://www.adondevivir.com/propiedades/clasificado/veclcain-vive-o-invierte-en-lince:-casa-en-quinta-con-terraza-149114740.html?n_src=Listado&n_pills=%C3%81rea+de+lavander%C3%ADa&n_pg=1&n_pos=13|2026-03-18
adondevivir|casas|venta|Lima Moderna|Lince|"Jr. Belisario Flores
Lince, Lima"|S/ 1,824,000 · USD 480,000|1824000|480000|||"290 m² tot.
5 dorm.
3 baños
2 estac."|290|5|3|2|Precio de venta us$ 480, 000. at. 290 M2. ac. 450 M2. Antigüedad 32 años. 5 dormitorios. 3 pisos. descripción: casa de 3 pisos perfectamente ubicada cerca avenidas, centros comerciales. Esta para remodelar, es cabeza de quinta. Cuenta con amplios ambientes, sala, comedor, 5 dormitorios grandes, 3 baños de los cuales 1 es incorporado, cocina, alacena, cuarto y baño de servicio con lavandería, jardines y terraza, también tiene 2 estacionamientos. También contamos con otras alternativas bastante similares en la misma zona y presupuesto, para nosotros será un gusto enviarle un listado para que Ud. Escoja ¿cuál sería de su interés? (con características similares a esta propiedad) a su correo, así facilitamos su búsqueda y si desea comuníquese con nosotros al 9. 9. 4. 2. 0. 7. 8. 6. 0. Será un gusto atenderlos!|https://www.adondevivir.com/propiedades/clasificado/veclcain--lince-vta.-jr.-belisario-flores-casa-5d-2c-jardin-56626455.html?n_src=Listado&n_pills=Cuartos+de+servicio&n_pg=1&n_pos=14|2026-03-18
adondevivir|casas|venta|Lima Moderna|Lince|"Calle Garcilaso de La Vega
Lince, Lima"|S/ 2,090,000 · USD 550,000|2090000|550000|||"225 m² tot.
6 dorm.
4 baños
2 estac."|225|6|4|2|Precio: us$ 550, 000. 00. A. T. 225 m2. A. C. 300 m2. 2 pisos. 22 años de antigüedad. 6 dormitorios. 2 cocheras. Hall de ingreso, 2 salas, comedor de diario, cocina, escritorio, sala de estar, 6 dormitorios, 4 baños, 1 baño incorporado, 1 cuarto de servicio, 1 baño de servicio, lavandería, pisos de madera en área social, pisos de madera en área privada. Terraza, walk-in closet, parrilla, chimenea. Cómoda casa de 2 pisos totalmente remodelada en muy buen estado a una cuadra del Parque Castilla, ambientes grandes, techos altos, bien iluminada de manera natural, 1er piso: Patio de entrada, hall de ingreso, sala, comedor, baño de visita, escritorio o un cuarto (5to). Cocina, comedor de diario, cisterna con hidro-neumática. Terraza interior con parrilla y baño completo. Estacionamiento techado para dos carros en línea, escalera de servicio. Entrepiso 4to dormitorio de buen tamaño con vistas a la calle. 2do piso 3 dormitorios, principal con baño incorporado, otros 2 dormitorios comparten baño, un 6to cuarto o zona de planchado, patio con lavandería, cuarto y baño de servicio, escalera de servicio que baja directo a la cocina. Ideal para casa de familia u oficina administrativa a puerta cerrada. También contamos por lo que nos han ingresado otras alternativas bastante similares en la misma zona y presupuesto, para nosotros será un gusto enviarle un listado para que Ud. Escoja ¿cuál sería de su interés? (con características similares a esta propiedad) a su correo, así facilitamos su búsqueda y si desea comuníquese al 9. 9. 4. 2. 0. 7. 8. 6. 0. Será un gusto atenderlos!|https://www.adondevivir.com/propiedades/clasificado/veclcain--lince-vta.-ca.-g.-de-la-vega-casa-remodelada-6d-65771877.html?n_src=Listado&n_pills=Parrilla&n_pg=1&n_pos=15|2026-03-18
adondevivir|casas|venta|Lima Moderna|Lince|"Calle Las Begonias 2690
Lince, Lima"|S/ 2,004,000 · USD 600,000|2004000|600000|||"174 m² tot.
4 dorm.
3 baños"|174|4|3||Casa frente al Parque Elías Aguirre - Excelente oportunidad en Lince. Vive o invierte en una de las zonas mas estratégicas de Lima. Esta amplia casa de 173. 74 mt2 de área de terreno se ubica frente a parque, en entorno residencial tranquilo, pero a solo minutos del centro financiero de San Isidro, con rápido acceso a la Vía Expresa Paseo de la República y a la Av. Javier Prado. Ideal para familias grandes, oficinas administrativas o como proyecto de inversión. Gracias a sus parámetros para 4 pisos y excelente potencial de remodelación. Primer piso. Sala y comedor con excelente iluminación natural. Cocina cerrada con muebles altos y bajos. 1 baño completo. Jardín externo. Cochera lineal para dos autos. Segundo piso. 4 habitaciones amplias. 2 baños completos. 1 ambiente ideal para estudio. Tercer piso. Cuarto de servicio con baño. 2 ambientes adicionales ( deposito, oficina o dormitorio) Azotea con tendal. Terraza amplia. Agenda tu visita y descubre todo el potencial que esta casa tiene para ti. 9. 2. 2. 2. 7. 2. 3. 6. 0 Verónica Chumpitaz|https://www.adondevivir.com/propiedades/clasificado/veclcain-venta-de-casa-en-zona-exclusiva-de-san-isidro-area-174-149031090.html?n_src=Listado&n_pills=Cerca+a+colegios&n_pg=1&n_pos=16|2026-03-18
adondevivir|casas|venta|Lima Moderna|Lince|"IGNACIO MERINO 2650
Lince, Lima"|S/ 1,348,000 · USD 400,000|1348000|400000|||177 m² tot.|177||||Casa de tres pisos en Av. Merino cuadra 26 en Perfecta Ubicación de Lince cz – comercio zonal. ¡Oportunidad Única en Lince, Lima! ¡Descubre tu futuro hogar en una de las mejores zonas de Lima! Esta espaciosa casa de. 329. 00 m2 construidos sobre un terreno de 177. 74 m2 está esperando por ti. Ubicada estratégicamente en Av. Ignacio Merino 2650, este inmueble de 3 pisos destaca por su amplio espacio y su diseño que asegura confort para toda la familia. Cerca de Javier Prado, Prolongación Iquitos, Municipalidad de Lince, colegios, parques y estaciones del Metropolitano. Características Principales: - ️ 6 Habitaciones amplias para que cada miembro de la familia disfrute de su privacidad. - 2. 5 Baños completos para facilitar la rutina diaria. - 1 Local estrategicamente ubicado con vista a la misma Av. Merino. - Aceptamos Mascotas, porque sabemos que son parte de tu familia. - Balcón con Vista a la Calle, ideal para disfrutar de las tardes soleadas. - Estacionamiento disponible en las cercanías. ️ Antigüedad: 60 Años, una construcción sólida con historia y carácter. No dejes pasar la oportunidad de un espacio amplio y acogedor. ¡Agenda tu visita y enamórate de cada rincón! Contáctame para más información y convierte esta casa en tu nuevo hogar. Acogedor casa en perfecta ubicación cerca de diversos servicios y comodidades en la avenida Merino cerca de Javier Prado y Prolongación Iquitos. Está cerca de la Municipalidad de Lince, el colegio Melitón Carbajal, el parque Pedro Ruiz Gallo y la estación del Metropolitano México y Canadá. Además, tiene fácil acceso a través de vías importantes como la Av. Juan Pardo de Zela, Av. Canadá y la Vía Expresa. 177. 74 m2 terreno. 329. 00 m2 construido. Casa de tres pisos en venta en Lince. Ubicada estratégicamente en Av. Ignacio Merino 2650, esta casa de 329 m² construidos sobre un terreno de 177. 74 m² es una excelente oportunidad en una zona comercial privilegiada. Características destacadas: Espacio amplio: 6 habitaciones y 2. 5 baños. Local comercial: Vista directa a Av. Merino. Comodidades: Balcón con vista a la calle, estacionamiento cercano. Mascotas bienvenidas: Ideal para toda la familia. Construcción sólida: 60 años de antigüedad. Ubicación estratégica:|https://www.adondevivir.com/propiedades/clasificado/veclcain-en-venta-terreno-en-venta-zona-cz-148149011.html?n_src=Listado&n_pg=1&n_pos=17|2026-03-18
adondevivir|casas|venta|Lima Moderna|Lince|"Al Frente del Seguro Social, Domingo Cueto con Justo Figuerola
Lince, Lima"|S/ 782,000 · USD 230,000|782000|230000|||"171 m² tot.
3 dorm.
2 baños
1 estac."|171|3|2|1|¡Se vende casa de primer piso muy amplia y espaciosa en Lince, con un excelente precio en una zona muy comercial y de entrega inmediata! Ubicada en una zona muy transitada, cerca a restaurantes, centros de salud, edificios, y principales avenidas. Esta es la oportunidad de disfrutar desde una zona exclusiva próxima a todo lo que usted se merece. Distribución: • Sala• Cocina• Comedor • 3 dormitorios• 2 baños completos• Family Room• Patio• Área de lavandería• Walking Closet• 1 cochera cubierta lineal • Terraza¡No dudes en visitarla y vivir en un zona exclusiva! * Las fotografías, precios y descripción de esta propiedad son referenciales. MhoVer datos|https://www.adondevivir.com/propiedades/clasificado/veclcain-casa-en-lince-148119190.html?n_src=Listado&n_pills=Cuartos+de+servicio&n_pg=1&n_pos=18|2026-03-18
adondevivir|casas|venta|Lima Moderna|Lince|"Altura de Cruce de Av. Canevaro con Av. Arequipa
Lince, Lima"|S/ 2,671,200 · USD 720,000|2671200|720000|||398 m² tot.|398||||¡Oportunidad de Inversión en Lince! Se vende casa como terreno, ubicado en una zona céntrica y de alto tránsito en Lince, ideal para proyecto comercial o de vivienda multifamiliar. Con excelente conectividad y fácil acceso a las principales vías: Av. Canevaro, Av. Ignacio Merino. Características: Zonificación: Comercio Zonal (cz) Linderos: - Frente: 4. 9 m - Derecha: 36 m - Izquierda: 1. 5m, 1. 8m, 1. 4m, 1. 4m, 19. 20m - Fondo: 15. 5 m¡No dejes pasar esta oportunidad, agenda tu visita! * Las fotografías, precios y descripción de esta propiedad son referencialesmhoVer datos|https://www.adondevivir.com/propiedades/clasificado/veclcain-casa-en-lince-148052349.html?n_src=Listado&n_pg=1&n_pos=19|2026-03-18
adondevivir|casas|venta|Lima Moderna|Lince|"Los Tulipanes
San Eugenio, Lince"|S/ 1,239,000 · USD 370,000|1239000|370000|||"330 m² tot.
3 dorm.
3 baños"|330|3|3||Vendo linda casa de un piso muy centrica, ampliasala comedor, con tres dormitorios, cocina, lavanderiaa curto y baño de servicio, jardin ambientes amplios 3 baños, cerca del centro financiero de San Isidro, ideal para oficina, el estado de la misma es impecable, estacionmiento para un auto. Para mayor informacion llamar al Ver datos y/o Ver datos|https://www.adondevivir.com/propiedades/clasificado/veclcain-vendo-casa-de-un-piso-en-san-eugenio-lince-ideal-149099717.html?n_src=Listado&n_pills=%C3%81rea+de+lavander%C3%ADa&n_pg=1&n_pos=20|2026-03-18
adondevivir|casas|venta|Lima Moderna|Lince|"Jirón Los Tulipanes N 1, Lince
Lince, Lima"|S/ 3,332,000 · USD 980,000|3332000|980000|||"385 m² tot.
4 dorm.
3 baños"|385|4|3||Vendo Bonita Casa Como Terreno en Jirón Los Tulipanes N 1, Lince. Precio: $980, 000 dólares. A. T. : 385 m2, A. C. : 280 m2. 12. 00 mts. De lindero frente, 12. 00 mts. De lindero fondo, 32. 00 mts. De lindero derecha, 32. 00 mts. De lindero izquierda. 4 dormitorios, 3 baños. 2 plantas. Parámetros para 7 pisos. Jv.|https://www.adondevivir.com/propiedades/clasificado/veclcain-vendo-bonita-casa-como-terreno-en-jiron-los-tulipanes-149204156.html?n_src=Listado&n_pills=Guardian%C3%ADa%2FSeguridad+privada&n_pg=1&n_pos=21|2026-03-18
adondevivir|casas|venta|Lima Moderna|Lince|"PARQUE CASTILLA
Lince, Lima"|S/ 1,565,850 · USD 429,000|1565850|429000|||"240 m² tot.
5 dorm.
4 baños
1 estac."|240|5|4|1|Venta de hermosa casa en lince. ac 240. at 130. 1 piso: jardin delantero. 2 salas muy amplias. 1 comedor grande con enorme ventanal con salida A hermoso jardín. baño de visita. cocina grande Y con espacio para mesa de diario de 6 sillas. 1 depósito. área de servicio completa. escalera de servicio. 2 piso: hall O distribuidor. 4 habitaciones grandes E iluminadas (principal muy grande con balcón Y vista externa) 2 baños completos. 3 piso: 2 habitaciones. 1 baño completo. terraza. la casa ha sido remodelada. precio: $429 mil negociable. A una cuadra del parque castilla|https://www.adondevivir.com/propiedades/clasificado/veclcain-venta-de-casa-en-lince-142590188.html?n_src=Listado&n_pills=%C3%81rea+de+lavander%C3%ADa&n_pg=1&n_pos=22|2026-03-18
adondevivir|casas|venta|Lima Moderna|Lince|"Jirón Comandante Manuel Villavicencio 14
Lince, Lima"|S/ 5,342,000 · USD 1,571,400|5342000|1571400|||"582 m² tot.
3 dorm.
3 baños"|582|3|3||Casa en venta se vende como terreno, ubicada en Lince. Esta propiedad cuenta con 3 habitaciones y 3 baños, ideal para familias. Dispone de una superficie total de 582 m². Incluye 2 niveles construidos, con 14 metros de frente y 2 pisos. Cuenta con comedor diario, dormitorio principal con baño, ingreso independiente y cocina. El tipo de cochera es paralela. Lince es una zona residencial y comercial que ofrece fácil acceso a diversos servicios y comercios, como supermercados, farmacias y bancos. También se encuentra cerca de parques y centros de recreación, proporcionando un entorno familiar y dinámico.|https://www.adondevivir.com/propiedades/clasificado/veclcain-lince-se-vende-casa-como-terreno-148771931.html?n_src=Listado&n_pills=Cuartos+de+servicio&n_pg=1&n_pos=23|2026-03-18
adondevivir|casas|venta|Lima Moderna|Lince|"Altura DE AV. Canevaro Cdra, 12
Lince, Lima"|S/ 3,746,250 · USD 999,000|3746250|999000|||"384 m² tot.
3 dorm.
3 baños
2 estac."|384|3|3|2|¡Bella casa en la mejor zona residencial de Lince! Ubicado a la Alt. De la Av. Canevaro con excelente vista. Se vende casa en Avenida principal con parámetros para 8 pisos. A unos pasos de la Choza Náutica Lince, Parque Mariscal Ramón Castilla, Pollos Hilton, Parque del Bombero, Veterinaria Lince, Parque Próceres, Agente Interbank, upc y Universidad del Pacifico. Distribución: • Sala• Comedor• Cocina con muebles altos y bajos• 3 dormitorios• 3 baños• Lavandería. Tiene las siguientes dimensiones: • Área Terreno: 384. 29 m2. • Área Construida: 188. 78 m2. Linderos: • Frente y Fondo: 12. 00 ml. • Derecha: 32. 03 ml. • Izquierda: 32. 18 ml. Precio total: $999, 000 dólares americanos. * Los precios y descripción de esta propiedad son|https://www.adondevivir.com/propiedades/clasificado/veclcain-casa-lince-148854898.html?n_src=Listado&n_pills=%C3%81rea+de+lavander%C3%ADa&n_pg=1&n_pos=24|2026-03-18
adondevivir|casas|venta|Lima Moderna|Lince|"parque castilla
S/n, Lince"|S/ 2,430,820 · USD 679,000|2430820|679000|||"240 m² tot.
4 dorm.
3 baños
2 estac."|240|4|3|2|Vendo casa lince en esquina a Parque Castilla. Casa en esquina. Área terreno: 240 m2 y área construida: 311m2. Cuenta con 4 dormitorios, 3 baños, 1 depósito, cochera, sala de estudio, amplia sala, amplio comedor, amplia terraza, cocina, lavandería, cuarto de servicio, vista a parque Castilla. Remodelada hace 15 años con cambio de tubería y cableado. Excelente casa en plena esquina. Lince limite con san isidro. Se encuentra en una de las esquinas del parque Castilla. A 2 cuadras del Wong de la av 2 de mayo, cerca a bancos, farmacias y otras empresas importantes. Distribuido de la siguiente manera: Primer nivel: amplia sala, comedor, estar, cocina, lavandería, baño completo, cuarto de servicio, depósito, estudio, cochera para 2 carros, amplia terraza. Segundo nivel: 4 dormitorios( principal con baño), 2 baños, cuarto principal con amplia terraza, estar iluminado. Tercer nivel: cuarto, y amplio ambiente que puede ser usado para una zona de parrilla y con vista al parque Castilla. Casa ideal para proyecto de construcción, oficinas corporativas, consultorios clínicos, etc. Precio: $Ver datos|https://www.adondevivir.com/propiedades/clasificado/veclcain-venta-casa-en-lince-146775572.html?n_src=Listado&n_pills=Cuartos+de+servicio&n_pg=1&n_pos=25|2026-03-18
adondevivir|casas|venta|Lima Moderna|Lince|"Bolognesi
San Isidro, Lima"|S/ 5,175,000 · USD 1,500,000|5175000|1500000|||"653 m² tot.
3 dorm.
3 baños
6 estac."|653|3|3|6|Casa en venta en terreno de 653 m2 en calle muy tranquila de San Isidro con Frente de 16 metros lineales. Al ingresar a esta propiedad, se siente como estar en una casa de campo, dado que uno ingresa por un hermoso camino que conduce hasta la entrada principal para luego seguir por el camino hasta el jardín con piscina y al fondo hay una construcción independiente donde se encuentra el escritorio, cava y área de servicio de la propiedad. Cuenta con 3 dormitorios, cada uno con su baño, sala de estar íntima en la zona familiar, una muy buena cocina recientemente remodelada con isla y comedor de diario, una buena sala principal y comedor separado, ambos con salida directa a la gran terraza con piscina que está en la parte posterior de la casa. Tiene estacionamiento techado con techo aligerado para 3 autos y espacio para guardar 2 más dentro de la casa. La casa fue remodelada hace 11 años. Está a 5 cuadras del golf de San Isidro y a 3 cuadras de Pharmax y 4D. La calle es muy tranquila y segura al lado de una embajada.|https://www.adondevivir.com/propiedades/clasificado/veclcain-buena-casa-en-venta-en-san-isidro-de-un-piso-en-147920878.html?n_src=Listado&n_pills=Piscina&n_pg=1&n_pos=1|2026-03-18
adondevivir|casas|venta|Lima Moderna|Lince|"Ricardo Angulo
Corpac, San Isidro"|S/ 2,310,000 · USD 700,000|2310000|700000|||"396 m² tot.
5 baños
2 estac."|396||5|2|Excelente terreno/casa en venta con parámetros para 5 pisos, esta vivienda está adaptada para local comercial y oficinas, super bien ubicada en calle de doble vía, en la zona de Corpac San Isidro, cerca a avenidas importantes como Av. Guardia Civil y Av. Aramburú. La casa cuenta con la siguiente distribución. Primer piso: Ingreso a cochera para dos autos, jardín delantero, 4 ambientes de trabajo, baño de visitas, cocina, comedor y jardín posterior. Segundo piso: 4 ambientes de trabajo, uno de ellos con baño incorporado, dos baños adicionales. Tercer piso: 4 espacios de trabajo, dos baños y un kitchenette. Actualmente cuenta con licencia de funcionamiento como oficina local comercial. Linderos: - Frente 12 mts. - Fondo 12 mts. - Lateral derecho 33 mts. - Lateral izquierdo 33 mts|https://www.adondevivir.com/propiedades/clasificado/veclcain-excelente-terreno-casa-en-venta-en-corpac-san-isidro-146879876.html?n_src=Listado&n_pills=Jard%C3%ADn&n_pg=1&n_pos=2|2026-03-18
adondevivir|casas|venta|Lima Moderna|Lince|"Calle Manuel A. Fuentes
San Isidro, Lima"|S/ 3,425,400 · USD 990,000|3425400|990000|||510 m² tot.|510||||"Ubicación Premium – San Isidro. Descripción: ¡Invierte hoy en el Distrito con Mayor Plusvalía de Lima - San Isidro! Se Vende Casa como Terreno de 510 M2. En una de las zonas mas cotizadas, seguras y tranquilas de San Isidro. Esta amplia propiedad de 510 m² te ofrece una oportunidad única: ya sea para desarrollar un proyecto inmobiliario de alto potencial o crear una vivienda multifamiliar moderna y funcional para tu familia. Ubicada estratégicamente en pleno San Isidro, a pasos del Centro Financiero, rodeada de Parques, la ""Plaza 27 de Noviembre"" Centros Comerciales, Restaurantes, Colegios, Supermercados, Restaurantes, Cafés, Bancos y Comercios de Primer Nivel, ésta casa te permite disfrutar comodidad, conectividad y calidad de vida en un solo lugar. ️️ Además, la zona cuenta con seguridad permanente del Serenazgo 24/7, brindando tranquilidad para ti, tu inversión o tu familia. Ubicación privilegiada, frente a un entorno urbano consolidado y con acceso a todo lo que los inversionistas y desarrolladores buscan. Éste terreno representa una oportunidad excepcional para Proyectos Inmobiliarios, Edificios Multifamiliares o una Residencia Exclusiva gracias a su Excelente Metraje, Proporciones Regulares y Entorno Altamente Demandado, al estar cerca de las Avenidas Principales Paseo de la República, Petit Toars y Av. Aramburú. Lo mejor: Su precio de venta es como terreno, una oportunidad excepcional por debajo del valor de mercado. ️ Ideal para: -Constructores o inversionistas. ️ -Familias grandes que buscan un proyecto a medida. ️ -Desarrollo multifamiliar o boutique residencial. especificaciones del terreno. Área del Terreno: 510 M2. Área Construída: 367. 42. linderos. Frente: 15. 00 ml. Derecha: 34. 00 ml. Izquierda: 34. 00 ml. Fondo: 15. 00 ml. perímetro total: 98. 00 ml. zonificación: rdb. parámetros urbanísticos: 4 Pisos. Precio de Venta: usd 1'020, 000 mil dólares. El inmueble a sido debidamente tasado, asegurando una inversión solida y acorde al mercado actual. Te invito a visitarlo, evaluarlo personalmente y enviarnos tu propuesta formal para llegar juntos a una negociación satisfactoria. Oportunidades así no se repiten. ¿Estás listo para dar el siguiente paso hacia la propiedad perfecta en San Isidro? Contáctame ahora y agenda tu visita. ¡Haz realidad tu proyecto y asegura esta inversión incomparable! 9Ver datos"|https://www.adondevivir.com/propiedades/clasificado/veclcain--terreno-premium-de-510-m-sup2--para-edificio-148330600.html?n_src=Listado&n_pills=Seguridad&n_pg=1&n_pos=3|2026-03-18
adondevivir|casas|venta|Lima Moderna|Lince|"Jirón Lloque Yupanqui
Jesús María, Lima"|"S/ 663,000 · USD 195,000
9%"|663000|195000|9%||"145 m² tot.
5 dorm.
2 baños"|145|5|2||Venta Tríplex en Quinta ubicado en Jesús María, a pocos metros de la Av. Salaverry, con acceso rápido a Iglesia San José, comercios, colegios, parques y principales vías. Área de terreno: 58. 16 m² Área construida (superficie): 145. 03 m² distribución: segundo piso: Sala y comedor bien iluminados. Cocina cerrada. 2 dormitorios. 1 baño completo. Tercer piso: 2 dormitorios. Sala de estar. 1 baño completo. cuarto piso: cuarto de servicio. 1 baño. lavandería. cochera deposito. terraza ideal para zona social o descanso. características adicionales: Servicios independientes. luz y agua. intercomunicador. buena iluminación y ventilación natural. ubicación privilegiada, …|https://www.adondevivir.com/propiedades/clasificado/veclcain-venta-de-triplex-jesus-maria-excelente-ubicacion-148862841.html?n_src=Listado&n_pills=%C3%81rea+de+lavander%C3%ADa&n_pg=1&n_pos=4|2026-03-18
adondevivir|casas|venta|Lima Moderna|Lince|"Roca Vegallo 400
San Isidro, Lima"|S/ 3,960,000 · USD 700,000|3960000|700000|||"350 m² tot.
6 dorm.
6 baños
4 estac."|350|6|6|4|Casa en venta Magdalena del Mar, frente a San IsidroLa misma calle divide San Isidro de MagdalenaVendo Casa hermosa de 350m2, Av. De la Roca de Vergallo, Magdalena / San IsidroUna Casa con caracter, con varias habitaciones, en una zona estrategica de Magdalena. ideal para vivienda, oficinas O centro medico, policlinico. Se vende hermosa casa luminosa de 450m2, con 6 habitaciones, áreas grandes, 6 baños, jardín. A una cuadra de Metro, a 1 cuadra de Vivanda, Banco, Av. Pershing, Av. Javier Prado, Juan de Aliaga. Area de terreno: 350m2Area Contruida: 320m21er piso: Estudio o cuarto grande de 40m2, sala con chimenea, Hall de entrada, 1 baño completo, 1 baño de visita, comedor de 40m2, cocina grande con muebles altos y bajos de 50m2, alacena, lavandería, cuarto y baño de servicio completo, jardín grande de 100m2 con terraza y zona de parrilla, y un mini departamento completo (zona exterior de la casa) 2do piso: Un cuarto con balcón Baño compartido. Un cuarto grande. Cuarto principal grande con Baño propio con tina y Walking closet. 1 cochera techada interior, y posibilidad de poner 3 cocheras externas (actualmente jardin) hmc19/10/22-6 Proyectum|https://www.adondevivir.com/propiedades/clasificado/veclcain-casa-en-venta-magdalena-del-mar-148021359.html?n_src=Listado&n_pills=Jard%C3%ADn&n_pg=1&n_pos=5|2026-03-18
adondevivir|casas|venta|Lima Moderna|Magdalena|"Jr. Trujillo
Magdalena, Lima"|S/ 3,310,800 · USD 890,000|3310800|890000|||"376 m² tot.
4 dorm.
6 baños
4 estac."|376|4|6|4|Esta cautivadora casa te espera con los brazos abiertos, ofreciéndote un hogar lleno de comodidad y elegancia. Con un diseño excepcionalmente espacioso, esta residencia cuenta con 4 habitaciones en el segundo nivel, proporcionando un refugio íntimo para cada miembro de la familia. Además, en el primer nivel, un mini departamento adicional brinda versatilidad y oportunidades ilimitadas. ¿Eres amante de los automóviles? Prepárate para ser impresionado, ya que esta propiedad cuenta con espacio para hasta 4 cocheras, asegurando que tus vehículos estén protegidos y seguros en todo momento. Descubre un nuevo nivel de entretenimiento y relajación en el family room, donde cada momento se convierte en una experiencia inolvidable para ti y tus seres queridos. Además, un atelier bellamente diseñado ofrece un espacio creativo para dejar volar tu imaginación y explorar nuevas pasiones. Cada rincón de esta casa irradia encanto y calidez, invitándote a descubrir las muchas sorpresas que tiene para ofrecer. ¡No dejes pasar la oportunidad de hacer tuyo este tesoro inmobiliario en Magdalena del Mar! Agenda tu visita hoy mismo y comienza a escribir el próximo capítulo de tu vida en este hogar de ensueño. Caracteristicas: Area Techada: 613. 22 m2. Area Libre: 134. 75|https://www.adondevivir.com/propiedades/clasificado/veclcain-venta-casa-magdalena-del-mar-143522825.html?n_src=Listado&n_pills=Piscina&n_pg=1&n_pos=1|2026-03-18
adondevivir|casas|venta|Lima Moderna|Magdalena|"Dirección no informada
Magdalena, Lima"|S/ 3,375,600 · USD 970,000|3375600|970000|||"335 m² tot.
4 dorm.
3 baños
2 estac."|335|4|3|2|Aire acondicionado, tres plantas, 31 años de antigüedad, vista a la calle, en buen estado. Hall, 1 sala, comedor, comedor de diario, cocina cerrada, lavandería, escritorio, estar familiar, 4 dormitorios, walk-in closet, 3. 5 baños, 2 baños incorporados, 1 cuarto de servicio, 1 baño de servicio, 2 cocheras tipo paralelas, pisos de madera en área privada, pisos de madera en área social, jardín interior, patio.|https://www.adondevivir.com/propiedades/clasificado/veclcain-linda-casa-limite-san-isidor-con-magdalena-147699194.html?n_src=Listado&n_pills=Cuartos+de+servicio&n_pg=1&n_pos=2|2026-03-18
adondevivir|casas|venta|Lima Moderna|Magdalena|"CALLE JOSE MARIA EGUREN 163
Jacaranda, Magdalena"|S/ 1,627,200 · USD 480,000|1627200|480000|||"160 m² tot.
4 dorm.
1 baño
1 estac."|160|4||1|Pg/ Descubre esta linda y confortable casa, ubicada en la mejor urbanización de Magdalena del mar, con la seguridad y el confort que andas buscando. En una zona que combina perfectamente la tranquilidad residencial con la cercanía a colegios, centros comerciales, supermercados, restaurantes y avenidas principales, que conectan rápidamente con los diferentes distritos aledaños. Un distrito premiado como n°1 por su seguridad, calles muy iluminadas y un distrito moderno, siempre a la vanguardia. Esta propiedad representa la oportunidad perfecta para disfrutar de la vida familiar en un entorno seguro, cómodo y con un diseño funcional pensado para tu bienestar. Si deseas contactarme, soy patricia ginocchio, asesora inmobiliaria de inmox bienes raíces, al celular, 9. 6. 1. 5. 0. 8. 4. 3. 9. Distribucion. * 2 salas amplias. * comedor. * zona de bar. * baño de visita. * 4 dormitorios muy amplios con closet. * baño completo. * hall de distribución. * cocina con muebles altos Y bajos. * patio interior. * zona de lavanderia. * cuarto Y baño de servicio. * jardin exterior amplio. * área 160M2. documentacion en regla, lista para su venta. *precio A tratar. soy patricia ginocchio asesora inmobiliaria de inmox bienes raices, celular, 9. 6. 1. 5. 0. 8. 4. 3. 9.|https://www.adondevivir.com/propiedades/clasificado/veclcain-pg-tu-casa-ideal-en-magdalena-del-mar-lima-moderna-148191607.html?n_src=Listado&n_pills=Cuartos+de+servicio&n_pg=1&n_pos=3|2026-03-18
adondevivir|casas|venta|Lima Moderna|Magdalena|"JIRON SAN MARTIN 500
Magdalena, Lima"|S/ 588,000 · USD 180,000|588000|180000|||"140 m² tot.
3 dorm.
2 baños"|140|3|2||Casa en Venta en La Mejor Zona de Magdalena (2 cdras el mercado de magdalena) Cómoda y acogedora casa de 2 pisos dentro de un tranquilo condominio, ideal para familias que buscan seguridad, buena ubicación y espacios amplios. Ubicación privilegiada en la mejor zona de Magdalena: cerca de avenidas principales (Brasil, Ejército, Javier Prado), colegios, universidades, centros comerciales y con fácil acceso a la Costa Verde. Área de terreno: 64 m² Área construida: 128 m² Distribución ideal para tu familia: Primer piso: Sala y comedor amplios. Cocina cerrada. Baño de visita. Lavandería. Patio interno. Segundo piso: Dormitorio principal con closet empotrado. 2 dormitorios secundarios. 1 baño completo. Tercer piso: Gran terraza ideal para reuniones o zona bbq. Dormitorio adicional con baño incorporado. Zona segura y tranquila. Buena iluminación y ventilación natural. Ideal para crecer en familia. cuenta con gas caliddad cocina. Documentos en regla. ¡Contáctame para agendar una visita y enamórate de esta casa!|https://www.adondevivir.com/propiedades/clasificado/veclcain-se-venta-casa-en-quinta-2-pisos-147996708.html?n_src=Listado&n_pills=Cuartos+de+servicio&n_pg=1&n_pos=4|2026-03-18
adondevivir|casas|venta|Lima Moderna|Magdalena|"calle Felix Dibos
Orrantia Del Mar, Magdalena"|S/ 3,240,000 · USD 900,000|3240000|900000|||"786 m² tot.
5 dorm.
2 baños"|786|5|2||Se trata de una casa de dos pisos más azotea, ubicada en una esquina dentro de una zona residencial del distrito de Magdalena del Mar en el límite distrital con San Isidro. El inmueble se conforma por 50% residencial y 50 % comercial. Se encuentra en cercanías del Lima Cricket &Football Club el Hospital Víctor Larco Herrera el Parque Manuel González Prada y el supermercado Vivanda. La distribución del inmueble es la siguiente: Sótano: Llegada de escalera y ambiente libre Primer Piso: Tienda con ½ baño y cocina; tienda con ½baño escalera hacia el segundo piso; tienda con área de cocina ¾ baño y escalera hacia el sótano. Segundo Piso: Llegada de escalera, hall de distribución, departamento 1, departamento 2 y escalera hacia la azotea. Departamento 1 (Con frente al Jr Félix Dibos) Sala– comedor, dormitorios (2), cocina, patio, lavandería, baño de servicio, escalera hacia el cuarto de servicio, sala de estar, dormitorio con closet (2) y ¾ baño común. Departamento 2(Con frente al Jr. Félix Dibos – Jr. Comandante Jiménez): sala–comedor, hall de distribución, dormitorio con closet (2), ¾ baño común, dormitorio con closet y cocina - lavandería. Azotea: Llegada de escalera, área libre, ambiente libre de material pre fabricado, baño y cocina.|https://www.adondevivir.com/propiedades/clasificado/veclcain-magdalena-del-mar-vendemos-amplia-casa-en-esquina-147419270.html?n_src=Listado&n_pills=%C3%81rea+de+lavander%C3%ADa&n_pg=1&n_pos=5|2026-03-18
adondevivir|casas|venta|Lima Moderna|Magdalena|"Jirón Faustino Sánchez Carrión
Orrantia Del Mar, Magdalena"|S/ 2,620,800 · USD 780,000|2620800|780000|||"325 m² tot.
5 dorm.
2 baños"|325|5|2||Tu casa familiar te espera! Vendo casa estratégicamente ubicada, límite con San Isidro, entre la cuadra 8 de Javier Prado Oeste y Félix Dibós. En Jirón Faustino Sánchez Carrión, linda calle muy tranquila pero bien conectada, la misma calle del Lima Cricket. Zona con mucho comercio, rodeada de restaurantes, cafeterías, a 6 cuadras del Real Plaza Salaverry. *esta casa tiene permiso para los siguientes usos: * _ Estudio de arquitectura, abogados, Ingenieros, etc. Cuna-guardería y cei, Consultorios médicos, Cruz Roja y otras instituciones y organizaciones ; Galerías de arte, Jardines botánicos, Centros de Información, Cirujanos y otros profesionales de medicina ( a nivel de consultorios). La casa cuenta con: * Primer piso - Mucha luz en todos los espacios: Sala con vista al jardín, salita de estar, hall de distribución con vista al jardín, comedor separado con vista al jardín, un dormitorio grande (Que muy bien puede ser Sala de estar, Escritorio, Oficina, etc.) -1 Baño completo. -Cocina cerrada con comedor de diario. -Amplio jardín con terraza y zona de parrilla. -Lavandería, cuarto y baño de servicio. ** Segundo piso: Hall de distribución, 3 dormitorios amplios con closet y un dormitorio más pequeño ( 4 dormitorios en total en segundo piso). Cochera para dos autos: una de ellas techada. Y afuera hay espacio para estacionar frente A la casa. Precio: us$ 780, 000. - negociables|https://www.adondevivir.com/propiedades/clasificado/veclcain-la-casa-que-siempre-sonaste-a-un-paso-de-todo!-148671055.html?n_src=Listado&n_pills=Parrilla&n_pg=1&n_pos=6|2026-03-18
adondevivir|casas|venta|Lima Moderna|Magdalena|"Jiron Daniel Carrion cdra
Primavera, Magdalena"|S/ 2,239,650 · USD 639,900|2239650|639900|||"360 m² tot.
6 dorm.
3 baños
2 estac."|360|6|3|2|¡Descubre esta maravillosa casa en la mejor zona de Magdalena! Una propiedad amplia, luminosa y con un gran potencial, ubicada cerca de la Av. Javier Prado y rodeada de todo lo que necesitas. Características principales: Área de terreno: 360 m² Área construida: 491 m² 6 habitaciones. 3 baños. Cocina amplia. Sala y comedor independientes. Patio ideal para reuniones o área verde. Cochera para 2 autos. Una casa diseñada para disfrutar de espacios amplios, luz natural y excelente distribución. Información adicional: Parámetros urbanísticos: 4 pisos. Precio: us$ 639, 900. ¡Agenda tu visita y descubre tu próximo hogar!|https://www.adondevivir.com/propiedades/clasificado/veclcain-venta-de-casa-exclusiva-en-magdalena-del-mar-142711995.html?n_src=Listado&n_pills=Jard%C3%ADn&n_pg=1&n_pos=7|2026-03-18
adondevivir|casas|venta|Lima Moderna|Magdalena|"Jiron Faustino Sanchez Carrion al 400
Orrantia Del Mar, Magdalena"|S/ 2,613,000 · USD 780,000|2613000|780000|||"325 m² tot.
5 dorm.
2 baños
1 estac."|325|5|2|1|Contacto: corina centellas rauchcelular: 9. 7. 0. 5. 3. 7. 5. 5. 2Amplia casa en venta de dos pisos, ubicada en una zona residencial, tranquila de Magdalena del Mar, límite con San Isidro, con excelente conectividad y cercanía a áreas verdes. Ubicación privilegiada: a pocos minutos del Lima Cricket &amp;amp; football Club, Hospital Larco Herrera, Supermercado Vivanda y principales avenidas. caracteristicasárea de Terreno: 325 m2Área Construida: 254. 25 m2Linderos: 13ml X 25mlZonificación rbdprimer piso1Sala amplia y luminosa con vista al patio de ingreso1Comedor con vista al jardín interior1Hall de distribución1 dormitorio amplio con walking closet y con vista al jardín1 baño completo1 salita para estudio, música o lecturasegundo piso4 dormitorios, 3 con closet1 baño completo1 Hall de distribución con espacio para closet de ropa blanca y/o bibliotecaexteriores1Terraza integrada a un jardín interior, brindando frescura, luz natural y un ambiente ideal para el descanso y con agradable zona de parrillazona de servicioamplia cocina con comedor de diario, con salida a la cochera y terraza ideal para reuniones y parrillasLavandería espaciosa muy ventilada habitación de planchadoCómodo cuarto y baño de servicioestacionamiento1 cochera techada y con espacio para estacionar dos autos en forma linealvalor agregadozona residencial con excelente proyección, a 200 metros de San IsidroCercanía a áreas verdes, pastelerías y cafésTechos altos y estructura sólida, ideal para remodelar y modernizarGas naturalCerco eléctricoExcelente conectividad a: Av. Juan de Aliaga, Alberto del Campo, Pershing, Javier Prado, Ejercito y Salaverry. Precio: usd 780, 000Documentación en regla¡Aprovecha esta oportunidad de cambiar tu estilo de vida brindándole un estatus superior a tu familia!|https://www.adondevivir.com/propiedades/clasificado/veclcain-magdalena-del-mar-casa-en-venta-limite-con-san-149132532.html?n_src=Listado&n_pills=%C3%81rea+de+lavander%C3%ADa&n_pg=1&n_pos=8|2026-03-18
adondevivir|casas|venta|Lima Moderna|Magdalena|"DANIEL CARRION
Magdalena, Lima"|S/ 2,180,000 · USD 650,000|2180000|650000|||"450 m² tot.
6 dorm.
4 baños
3 estac."|450|6|4|3|Para 5 pisos para proyecto multifamiliar O poner una clinica O nido O cualquier negocio con atencion al publico puerta abierta, en plena magdalena, A una cuadra de javier prado, se vende casa como terreno con 12 metros de frente X 36. 60 mts. De fondo cerca A centros comerciales, restaurantes Y A la vez muy residencial, con su arqquitecto puede hacer un espectacular proyecto de departamentos, etc|https://www.adondevivir.com/propiedades/clasificado/veclcain-ocasion-casa-como-terreno-440-m-sup2-145358886.html?n_src=Listado&n_pills=Cerca+a+colegios&n_pg=1&n_pos=9|2026-03-18
adondevivir|casas|venta|Lima Moderna|Magdalena|"Av. Brasil al 3700 - Magdalena Del Mar
Magdalena, Lima"|S/ 731,000 · USD 215,000|731000|215000|||193 m² tot.|193||||¡Oportunidad de Inversión en Zona Comercial de Alto Tránsito! Venta de casa apaptado como Local Comercial en Av. Brasil cuadra 37 - Muy cerca del Mercado de Magdalena Si buscas una excelente inversión comercial en una de las zonas de mayor movimiento de Lima, ¡este local es para ti! Ubicado en la estratégica Av. Brasil, este inmueble cuenta con un excelente diseño de *3 pisos*, ideal para consultorios, oficinas o cualquier tipo de negocio que busque visibilidad y comodidad. Características Principales: Área construida: 193. 86 m²Área de terreno: 43. 30 m²Antigüedad: 13 añosDescripción del Inmueble: Este local comercial de 3 pisos es actualmente un consultorio psicológico, por lo que cuenta con una distribución perfectamente diseñada para diversos tipos de negocios que requieren privacidad y funcionalidad. Además, su amplia área construida permite adaptarlo a diferentes necesidades. 1er Piso (15 m²) • Área de recepción• Pequeño ambiente para almacén• Escalera de acceso al segundo piso2do Piso (98 m²) • Amplia recepción• 1 baño• 3 oficinas/consultorios, dos con vista a la calle3er Piso (75 m²) • 3 oficinas/consultorios, todas con ventanas hacia la calle• 1 baño4to Piso (75 m²) • Salón amplio ideal para talleres, reuniones o actividades grupales• 1 baño completo• 1 habitación para almacénVentajas de la Zona y Vías de Acceso: Ubicación estratégica: El local se encuentra en la Av. Brasil cuadra 37, a solo unos minutos del Mercado de Magdalena, lo que lo coloca en una de las zonas más comerciales y de alto tránsito de la ciudad. Accesibilidad: Su ubicación permite un acceso rápido desde vías principales como la Av. La Marina, Av. Sucre y Av. Universitaria, lo que garantiza que tu negocio estará bien comunicado con diferentes puntos de Lima. Zona Comercial: Al estar cerca de centros de comercio y puntos de encuentro de la zona, es el lugar perfecto para negocios que necesitan alta visibilidad y clientela constante. Alta demanda: La cercanía con diversos comercios, oficinas, viviendas y el mercado asegura un flujo constante de personas, lo que aumenta las posibilidades de éxito para cualquier tipo de negocio. Ideal para: Consultorios profesionalesOficinas administrativas Negocios que busquen alta visibilidadTiendas y servicios comerciales No pierdas la oportunidad de ser dueño de este local en una de las mejores ubicaciones comerciales de Magdalena. Aprovecha la alta demanda de la zona y el gran flujo de personas para potenciar tu inversión. ¡Es una excelente oportunidad para hacer crecer tu negocio! ¡Contáctame para más información y agendar una visita!|https://www.adondevivir.com/propiedades/clasificado/veclcain-local-en-av-brasil-distrito-magdalena-del-mar-148302607.html?n_src=Listado&n_pg=1&n_pos=10|2026-03-18
adondevivir|casas|venta|Lima Moderna|Magdalena|"Calle Daniel A. Carrion
Magdalena, Lima"|S/ 2,220,000 · USD 600,000|2220000|600000|||"360 m² tot.
7 dorm.
3 baños
1 estac."|360|7|3|1|Esta casa en venta en Magdalena del Mar es mucho más que una simple propiedad; es un refugio de elegancia y distinción, diseñado para quienes buscan un hogar donde cada detalle cuenta. Al ingresar, te recibirán espacios llenos de carácter, como la majestuosa sala con su imponente chimenea, decorada con finas piezas de arte y una iluminación que resalta cada rincón. El comedor, con su mesa de cristal y sillas de estilo clásico, invita a cenas memorables bajo la cálida luz de una lámpara de araña. La sala de estar, con su lujoso sofá curvo y una decoración cuidadosamente seleccionada, ofrece el ambiente ideal para relajarse o recibir a tus invitados en un entorno sofisticado. Cada espacio refleja un cuidado en los detalles que difícilmente encontrarás en otra parte: desde el bar íntimo y acogedor, perfecto para esas noches de cócteles, hasta la amplia cocina que será el corazón de tus reuniones familiares. Por solo 600 mil dólares, esta casa ofrece no solo un lugar donde vivir, sino un estilo de vida exclusivo en una ubicación privilegiada. Es una inversión en calidad de vida, donde tus días estarán llenos de momentos especiales rodeados de confort y elegancia. No dejes pasar la oportunidad de hacer de esta casa tu hogar, donde cada día será un recordatorio de que hiciste la mejor elección para ti y tu familia. ¡Tu futuro comienza aquí! El precio del inmueble no incluye el contenido. Informes: 9. 8. 9. 3. 2. 3. 4. 3. 3|https://www.adondevivir.com/propiedades/clasificado/veclcain-casa-en-venta-magdalena-del-mar-144299956.html?n_src=Listado&n_pills=Jard%C3%ADn&n_pg=1&n_pos=11|2026-03-18
adondevivir|casas|venta|Lima Moderna|Magdalena|"Jiron Daniel Carrion cdra
Primavera, Magdalena"|S/ 2,239,650 · USD 639,900|2239650|639900|||"360 m² tot.
6 dorm.
4 baños
2 estac."|360|6|4|2|Casa de ensueño en Magdalena del Mar – 360 m² de terreno y 491 m² construidos. Ubicación privilegiada, junto a la Av. Javier Prado Oeste y a pocos pasos del restaurante elia. Amplia, luminosa y elegante, ideal para familias que buscan confort y exclusividad. Características: Terreno: 360 m² (10x36) Construcción: 491 m² Parámetros para edificar hasta 4 pisos. Contáctanos: Ver datos. dharma inmobiliaria|https://www.adondevivir.com/propiedades/clasificado/veclcain--magdalena-del-mar-resplandece-con-exclusividad-y-142538535.html?n_src=Listado&n_pills=Cerca+a+colegios&n_pg=1&n_pos=12|2026-03-18
adondevivir|casas|venta|Lima Moderna|Magdalena|"Calle Jose Maria Eguren, Magdalena
Magdalena, Lima"|S/ 1,450,550 · USD 433,000|1450550|433000|||"510 m² tot.
7 dorm.
4 baños
2 estac."|510|7|4|2|Se vende amplia casa en la zona exclusiva de magdalena del mar. ¡Vive con tranquilidad y comodidad en una de las zonas más exclusivas de Magdalena del Mar! Esta hermosa y espaciosa casa está ubicada dentro de un condominio privado, con vigilancia 24/7, a media cuadra y con vista a un parque y rodeada de todo lo que necesitas. Ubicación estratégica: cerca de bancos, farmacias, colegios, clínicas, notarías, panaderías, restaurantes, peluquerías, clubes, centros comerciales y todos los servicios esenciales. Además, tiene fácil acceso a las principales vías como Av. Javier Prado, Av. Salaverry, Av. Ejército, Av. Brasil y el Circuito de Playas. Si buscas un hogar seguro, céntrico y con amplios espacios, ¡esta propiedad es perfecta para ti! Detalles del Terreno y Construcción. - Área total del terreno: 160 m² - Área construida: 354. 35 m² - Parámetros urbanísticos: Hasta 4 pisos permitidos. Distribución de la Propiedad. Primer piso. - Espaciosa cochera (entra 2 vehículos), ideal también como zona de eventos con parrilla. - 1 cisterna en el garaje con bomba eléctrica. - Sala de entretenimiento, sala principal, comedor y bar. - Baño de visitas. - Terma Sole de 80 litros. - Cocina amplia con comedor de diario. - Área para baño o como dispensa. Segundo piso. - 4 dormitorios. - 1 baño completo. - Área de taller. Tercer piso. - 3 dormitorios. - 1 baño completo. - Terma Rotoplas de 50 litros. - 1 cuarto de servicio o almacén con baño completo. - 1 lavandería. Azotea. - 1 cuarto de almacén. - 1 tanque elevado ubicado en la azotea. - Proyección para una hermosa terraza con vista al mar. Agenda tu visita desde el 5 de marzo y ven a descubrir el hogar que estabas buscando. ¡Contáctanos hoy mismo!|https://www.adondevivir.com/propiedades/clasificado/veclcain-se-vende-amplia-casa-en-zona-exclusiva-de-magdalena-147607860.html?n_src=Listado&n_pills=Cuartos+de+servicio&n_pg=1&n_pos=13|2026-03-18
adondevivir|casas|venta|Lima Moderna|Magdalena|"Jr. Trujillo
San Felipe, Magdalena"|S/ 2,760,000 · USD 750,000|2760000|750000|||"396 m² tot.
11 dorm.
1 estac."|396|11||1|Excelente oportunidad si estás en el segmento de la educación inicial para expandir tu negocio. La casa se encuentra en la mejor zona de Magdalena límite con San Isidro. Se alquilo como nido en las mañanas y Centro Sensorio motriz por las tardes. Los giros que son compatibles con el inmueble son los siguientes. Tele-comercio. Servicios técnicos y arquitectónicos. Servicios médicos, odontológicos y quirúrgicos (a nivel de consultorío). Optómetros y oculistas (a nivel de consultorio= Cruz Roja, organizaciones dedicadas a la colecta y distribución de donativos para fines benéficos. Estudio de abogados, arquitectos, ingenieros. Centros de información. Galerías de Arte. Jardines Botánicos. El inmueble está implementado para nido. Está ubicada a media cuadra de la Av. Javier Prado. A 4 cuadras de la Av. Juan de Aliaga. La casa tiene dos pisos, con 11 ambientes, 2 baños, 2 baños dobles y en el jardín área de juego de recreo tiene dos baños dobles para niños y niñas. Tiene sótano con rampa. Estacionamiento para 2 autos. Area terreno: 396 mts. Precio de Venta: us$ 750, 000. Soles solo es referencial. Precio de Alquiler: S/. 20, 000. Coordinar citas con un día de anticipación. Plazo de alquiler mínimo dos años. Dos meses de garantía y uno de adelanto.|https://www.adondevivir.com/propiedades/clasificado/veclcain-excelente-casa-para-cuna-guarderia-nido-y-otros-91073216.html?n_src=Listado&n_pills=Jard%C3%ADn&n_pg=1&n_pos=14|2026-03-18
adondevivir|casas|venta|Lima Moderna|Magdalena|"Jr. Daniel Carrión 476, Magdalena del Mar
Magdalena, Lima"|S/ 2,336,000 · USD 640,000|2336000|640000|||"360 m² tot.
6 dorm.
4 baños
1 estac."|360|6|4|1|*R. U. C: 2. 0. 6. 0. 0. 1. 6. 2. 9. 9. 4* Razón Social: Constructora e Inmobiliaria Casa 21 S. A. C. ¿Imaginas vivir en una casa amplia, elegante y con todo el espacio que tú y tu familia necesitan. En una de las mejores zonas de Magdalena del Mar. esta casa esta ubicada a solo dos cuadras de la Av. Brasil y media cuadra de la Av. Javier Prado Oeste, cerca de todo… incluso del Hospital Militar. Tiene una ¡Ubicación muy privilegiada! A solo pasos de la Av. Javier Prado Oeste. Rodeada de todo lo que necesitas: restaurantes, farmacias, hospitales, notaría, tiendas, Vivanda, centros comerciales y más. Zona residencial tranquila, segura y de alta demanda. Área de terreno: 360 m² con 10 metros de frente. Construcción sólida y bien distribuida. Ideal para: familia numerosa, oficinas, residencia multifamiliar o proyecto de inversión Distribución Moderna y Funcional. *Contáctate con Pilar Cajahuaman 9. 2. 1. 9. 8. 4. 4. 4. 8* *Contáctate con Tanyit Silva 9. 1. 6. 0. 9. 3. 0. 0. 0* Primer Piso: Ingreso elegante con mampara de vidrio. sala de recibo acogedora. Sala principal con pisos de porcelanato. Baño de visitas. Sala de estar con chimenea y vista al patio interior. Zona de bar, biblioteca y escritorio. Amplia cocina cerrada con mueblesaltos y bajos. Jardín privado. Acceso directo a cochera doble lineal.  Todo esto en una propiedad de 360 metros cuadrados, con 10 metros de frente. Segundo Piso: Escalera de madera en perfecto estado. Habitación tipo mezzanine. 5 habitaciones amplias. 2 baños completos. cocina con muebles altos y bajos. Walking closet grande y funcional. Terraza ampliada con acceso a la azotea. Tanque elevado. Documentación 100% en regla. Casa lista para habitar o adaptar a tu proyecto. Gran potencial de revalorización. Precio us$ 640, 000. 00. ¡Todo lo que necesitas para vivir de la mejor manera! No pierdas la oportunidad. Contáctanos ahora para más información y agendar una visita. *Contáctate con Pilar Cajahuaman 9. 2. 1. 9. 8. 4. 4. 4. 8* *Contáctate con Tanyit Silva 9. 1. 6. 0. 9. 3. 0. 0. 0*|https://www.adondevivir.com/propiedades/clasificado/veclcain-casa-en-venta-360-m-sup2--magdalena-146567173.html?n_src=Listado&n_pills=Jard%C3%ADn&n_pg=1&n_pos=15|2026-03-18
adondevivir|casas|venta|Lima Moderna|Magdalena|"jiron daniel alcides carrion
Magdalena, Lima"|S/ 2,163,200 · USD 640,000|2163200|640000|||"360 m² tot.
4 baños
1 estac."|360||4|1|Se vende amplia casa de 360m2 en magdalena del mar, elegante y acogedora en una zona privilegiada del distrito a solo 2 cuadras de la av. Brasil y a media cuadra de la av. Javier prado oeste. Con acceso a todo, hospitales, farmacias y centros comerciales. La casa cuenta con 2 pisos. 1er piso. 2 salas amplias y elegantes. cocina con muebles altos y bajos. comedor. chimenea. baño de visita. zona de bar, biblioteca y escritorio. jardin privado. ingreso directo a la cochera. 2do piso. Escalera de madera muy conservada. habitacion tipo mezzanine. 5 habitaciones. 2 baños. cocina con muebles altos y bajos. walking closet amplio. terraza amplia con acceso a la azotea. tanque elevado. precio 640. 000 dólares. no dejes pasar esta oportunidad y dale el mejor regalo a tu familia. contáctame al Ver datos|https://www.adondevivir.com/propiedades/clasificado/veclcain-venta-de-casa-en-magdalena-del-mar-360-m-sup2-148263447.html?n_src=Listado&n_pills=Jard%C3%ADn&n_pg=1&n_pos=16|2026-03-18
adondevivir|casas|venta|Lima Moderna|Magdalena|"Av. Juan de Aliaga
Magdalena, Lima"|S/ 3,382,000 · USD 890,000|3382000|890000|||"487 m² tot.
7 dorm.
5 baños
4 estac."|487|7|5|4|Precio de venta us$ 890, 000. A. T. 487. 00 m2. A. C. 620. 00 m2. 43 años de antigüedad (remodelada) tres plantas. descripción: Excelente casa estilo francés en las inmediaciones del Parque Acosta. Primer piso: sala comedor grandes, hall de entrada, y dos salones más. Cocina grande y baño de visita. Jardines interno y de ingreso. Segundo piso: amplia sala de estar, cuatro dormitorios grandes. El principal, con baño incorporado, ducha y jaccuzi. Un baño grande para las tres otras habitaciones. Dos de ellas tienen walk in closet. tercer piso: área de lavandería, con tres dormitorios y un baño. Cochera para cuatro autos. También contamos por lo que nos han ingresado otras alternativas bastante similares en la misma zona y presupuesto, para nosotros será un gusto enviarle un listado para que Ud. Escoja ¿cuál sería de su interés? (con características similares a esta propiedad) a su correo, así facilitamos su búsqueda y si desea comuníquese al 9. 9. 4. 2. 0. 7. 8. 6. 0. Será un gusto atenderlos!|https://www.adondevivir.com/propiedades/clasificado/veclcain--magdalena-vta.-av-j.-de-aliaga-bella-casa-remodelada-57293545.html?n_src=Listado&n_pills=Parrilla&n_pg=1&n_pos=17|2026-03-18
adondevivir|casas|venta|Lima Moderna|Magdalena|"Calle Miguel Soto Valle
Magdalena, Lima"|S/ 1,036,000 · USD 280,000|1036000|280000|||"82 m² tot.
4 dorm.
2 baños"|82|4|2||¡Oportunidad en Magdalena! Casa remodelada en condominio de solo 4 unidades. Ubicada en la tranquila Calle Miguel Soto Valle, esta práctica casa remodelada ofrece comodidad, buena distribución y excelente ubicación, ideal para familias que buscan vivir en una zona céntrica y residencial de Magdalena. Dirección: Calle Miguel Soto Valle – Magdalena. Precio: us$ 280, 000 (negociable) Área de terreno: 82. 40 m² ️ Área construida: 164. 80 m² Antigüedad: 45 años. Documentación en regla. Sin gastos de mantenimiento. Distribución: 1er Piso: • Sala y comedor con buena iluminación. • Cocina amplia y funcional. • Baño de visitas. • Patio interno / lavandería. • Cuarto de servicio con baño completo. 2do Piso: • 3 dormitorios amplios con closets grandes. • Baño principal totalmente remodelado. • Escritorio (ideal como 4to dormitorio si se desea) • Escalera con acceso a la terraza (3er piso) ️ Condominio privado de solo 4 casas – Espacio tranquilo y seguro. ️ Remodelada – lista para mudarse. ️ Excelente relación precio/m2 en zona céntrica de Magdalena. ¡Oportunidad en Magdalena! Casa remodelada en condominio de solo 4 unidades. Ubicada en la tranquila Calle Miguel Soto Valle, esta práctica casa remodelada ofrece comodidad, buena distribución y excelente ubicación, ideal para familias que buscan vivir en una zona céntrica y residencial de Magdalena. Dirección: Calle Miguel Soto Valle – Magdalena. Precio: us$ 280, 000 (negociable) Área de terreno: 82. 40 m² ️ Área construida: 164. 80 m² Antigüedad: 45 años. Documentación en regla. Sin gastos de mantenimiento. Distribución: 1er Piso: • Sala y comedor con buena iluminación. • Cocina amplia y funcional. • Baño de visitas. • Patio interno / lavandería. • Cuarto de servicio con baño completo. 2do Piso: • 3 dormitorios amplios con closets grandes. • Baño principal totalmente remodelado. • Escritorio (ideal como 4to dormitorio si se desea) • Escalera con acceso a la terraza (3er piso) ️ Condominio privado de solo 4 casas – Espacio tranquilo y seguro. ️ Remodelada – lista para mudarse. ️ Excelente relación precio/m2 en zona céntrica de Magdalena. ¡Oportunidad en Magdalena! Casa remodelada en condominio de solo 4 unidades. Ubicada en la tranquila Calle Miguel Soto Valle, esta práctica casa remodelada ofrece comodidad, buena distribución y excelente ubicación, ideal para familias que buscan vivir en una zona céntrica y residencial de Magdalena. Dirección: Calle Miguel Soto Valle – Magdalena. Precio: us$ 280, 000 (negociable) Área de terreno: 82. 40 m² ️ Área construida: 164. 80 m² Antigüedad: 45 años. Documentación en regla. Sin gastos de mantenimiento. Distribución: 1er Piso: • Sala y comedor con buena iluminación. • Cocina amplia y funcional. • Baño de visitas. • Patio interno / lavandería. • Cuarto de servicio con baño completo. 2do Piso: • 3 dormitorios amplios con closets grandes. • Baño principal totalmente remodelado. • Escritorio (ideal como 4to dormitorio si se desea) • Escalera con acceso a la terraza (3er piso) ️ Condominio privado de solo 4 casas – Espacio tranquilo y seguro. ️ Remodelada – lista para mudarse. ️ Excelente relación precio/m2 en zona céntrica de Magdalena. ¡Oportunidad en Magdalena! Casa remodelada en condominio de solo 4 unidades. Ubicada en la tranquila Calle Miguel Soto Valle, esta práctica casa remodelada ofrece comodidad, buena distribución y excelente ubicación, ideal para familias que buscan vivir en una zona céntrica y residencial de Magdalena. Dirección: Calle Miguel Soto Valle – Magdalena. Precio: us$ 280, 000 (negociable) Área de terreno: 82. 40 m² ️ Área construida: 164. 80 m² Antigüedad: 45 años. Documentación en regla. Sin gastos de mantenimiento. Distribución: 1er Piso: • Sala y comedor con buena iluminación. • Cocina amplia y funcional. • Baño de visitas. • Patio interno / lavandería. • Cuarto de servicio con baño completo. 2do Piso: • 3 dormitorios amplios con closets grandes. • Baño principal totalmente remodelado. • Escritorio (ideal como 4to dormitorio si se desea) • Escalera con acceso a la terraza (3er piso) ️ Condominio privado de solo 4 casas – Espacio tranquilo y seguro. ️ Remodelada – lista para mudarse. ️ Excelente relación precio/m2 en zona céntrica de Magdalena. ¡Oportunidad en Magdalena! Casa remodelada en condominio de solo 4 unidades. Ubicada en la tranquila Calle Miguel Soto Valle, esta práctica casa remodelada ofrece comodidad, buena distribución y excelente ubicación, ideal para familias que buscan vivir en una zona céntrica y residencial de Magdalena. Dirección: Calle Miguel Soto Valle – Magdalena. Precio: us$ 280, 000 (negociable) Área de terreno: 82. 40 m² ️ Área construida: 164. 80 m² Antigüedad: 45 años. Documentación en regla. Sin gastos de mantenimiento. Distribución: 1er Piso: • Sala y comedor con buena iluminación. • Cocina amplia y funcional. • Baño de visitas. • Patio interno / lavandería. • Cuarto de servicio con baño completo. 2do Piso: • 3 dormitorios amplios con closets grandes. • Baño principal totalmente remodelado. • Escritorio (ideal como 4to dormitorio si se desea) • Escalera con acceso a la terraza (3er piso) ️ Condominio privado de solo 4 casas – Espacio tranquilo y seguro. ️ Remodelada – lista para mudarse. ️ Excelente relación precio/m2 en zona céntrica de Magdalena. ¡Oportunidad en Magdalena! Casa remodelada en condominio de solo 4 unidades. Ubicada en la tranquila Calle Miguel Soto Valle, esta práctica casa remodelada ofrece comodidad, buena distribución y excelente ubicación, ideal para familias que buscan vivir en una zona céntrica y residencial de Magdalena. Dirección: Calle Miguel Soto Valle – Magdalena. Precio: us$ 280, 000 (negociable) Área de terreno: 82. 40 m² ️ Área construida: 164. 80 m² Antigüedad: 45 años. Documentación en regla. Sin gastos de mantenimiento. Distribución: 1er Piso: • Sala y comedor con buena iluminación. • Cocina amplia y funcional. • Baño de visitas. • Patio interno / lavandería. • Cuarto de servicio con baño completo. 2do Piso: • 3 dormitorios amplios con closets grandes. • Baño principal totalmente remodelado. • Escritorio (ideal como 4to dormitorio si se desea) • Escalera con acceso a la terraza (3er piso) ️ Condominio privado de solo 4 casas – Espacio tranquilo y seguro. ️ Remodelada – lista para mudarse. ️ Excelente relación precio/m2 en zona céntrica de Magdalena. ¡Oportunidad en Magdalena! Casa remodelada en condominio de solo 4 unidades. Ubicada en la tranquila Calle Miguel Soto Valle, esta práctica casa remodelada ofrece comodidad, buena distribución y excelente ubicación, ideal para familias que buscan vivir en una zona céntrica y residencial de Magdalena. Dirección: Calle Miguel Soto Valle – Magdalena. Precio: us$ 280, 000 (negociable) Área de terreno: 82. 40 m² ️ Área construida: 164. 80 m² Antigüedad: 45 años. Documentación en regla. Sin gastos de mantenimiento. Distribución: 1er Piso: • Sala y comedor con buena iluminación. • Cocina amplia y funcional. • Baño de visitas. • Patio interno / lavandería. • Cuarto de servicio con baño completo. 2do Piso: • 3 dormitorios amplios con closets grandes. • Baño principal totalmente remodelado. • Escritorio (ideal como 4to dormitorio si se desea) • Escalera con acceso a la terraza (3er piso) ️ Condominio privado de solo 4 casas – Espacio tranquilo y seguro. ️ Remodelada – lista para mudarse. ️ Excelente relación precio/m2 en zona céntrica de Magdalena. ¡Oportunidad en Magdalena! Casa remodelada en condominio de solo 4 unidades. Ubicada en la tranquila Calle Miguel Soto Valle, esta práctica casa remodelada ofrece comodidad, buena distribución y excelente ubicación, ideal para familias que buscan vivir en una zona céntrica y residencial de Magdalena. Dirección: Calle Miguel Soto Valle – Magdalena. Precio: us$ 280, 000 (negociable) Área de terreno: 82. 40 m² ️ Área construida: 164. 80 m² Antigüedad: 45 años. Documentación en regla. Sin gastos de mantenimiento. Distribución: 1er Piso: • Sala y comedor con buena iluminación. • Cocina amplia y funcional. • Baño de visitas. • Patio interno / lavandería. • Cuarto de servicio con baño completo. 2do Piso: • 3 dormitorios amplios con closets grandes. • Baño principal totalmente remodelado. • Escritorio (ideal como 4to dormitorio si se desea) • Escalera con acceso a la terraza (3er piso) ️ Condominio privado de solo 4 casas – Espacio tranquilo y seguro. ️ Remodelada – lista para mudarse. ️ Excelente relación precio/m2 en zona céntrica de Magdalena|https://www.adondevivir.com/propiedades/clasificado/veclcain-linda-casa-remodelada-4d-en-condominio-exclusivo-146377118.html?n_src=Listado&n_pills=Cuartos+de+servicio&n_pg=1&n_pos=18|2026-03-18
adondevivir|casas|venta|Lima Moderna|Magdalena|"Jirón Domingo Ponte 1049
Primavera, Magdalena"|S/ 987,660 · USD 279,000|987660|279000||50|"167 m² tot.
3 dorm.
2 baños
1 estac."|167|3|2|1|*R. U. C: 2. 0. 6. 0. 0. 1. 6. 2. 9. 9. 4* Razón Social: Constructora e Inmobiliaria Casa 21 S. A. C. Venta de casa en Magdalena del Mar, cerca a Av. Javier Prado. Excelente oportunidad para inversionistas o familias que buscan vivir en una zona céntrica y segura, rodeada de parques, servicios y vías principales. Se ubica dentro de un parque privado, a la altura de las cuadras 5 y 6 de Av. Javier Prado, en Magdalena del Mar. Con rápido acceso a Av. Javier Prado, Av. Brasil y Av Salaverry. *Contáctate con Angélica Pérez 9. 9. 3. 7. 5. 0. 4. 0. 7* - Área de terreno: 86. 13 m² - Área construida: 167. 31 m² - Antigüedad: 60 años (estructura sólida y bien conservada) - Parámetros: Hasta 3 pisos. 1er nivel: - Terraza de ingreso que brinda luminosidad y frescura. - Amplia sala y comedor. - Cocina con comedor de diario. 2do nivel: - 03 dormitorios con clóset. - 01 baño completo remodelado. 3er nivel: - Azotea amplia (ideal para proyecto de terraza social o ampliación). - 02 cuartos de servicio. - Lavandería. - Cuarto de planchado. - 01 baño adicional. Precio: us$279, 000. Agenda tu visita hoy y enamórate de tu próxima casa. *Contáctate con Angélica Pérez 9. 9. 3. 7. 5. 0. 4. 0. 7*|https://www.adondevivir.com/propiedades/clasificado/veclcain-vendo-casa-de-3-pisos-magdalena-del-mar-147363880.html?n_src=Listado&n_pills=%C3%81rea+de+lavander%C3%ADa&n_pg=1&n_pos=19|2026-03-18
adondevivir|casas|venta|Lima Moderna|Magdalena|"Jr. Domingo Ponte 1050
Magdalena, Lima"|S/ 993,240 · USD 279,000|993240|279000|||"86 m² tot.
3 dorm.
2 baños"|86|3|2||Descubre esta acogedora casa ubicada en Magdalena del Mar una exclusiva zona residencial cerrada con seguridad 24/7, ideal para vivir con tranquilidad y confort. Características principales: 67 Años. 3 Pisos. Área de 86 m² Sala comedor amplios iluminación natural. Cocina espacio para comedor de diario. 01 baño de visita. Terraza al ingreso ( puede ser utilizada como cochera) 3 habitaciones cómodas y bien iluminadas con closet. 1 baño completo. Azotea y tercer piso. 2 habitaciones ( cuarto de servicio) 01 Baño completo. Lavandería. Esta propiedad combina comodidad, funcionalidad y seguridad, perfecta para familias que buscan un hogar bien distribuido en una de las zonas más cotizadas de Magdalena del Mar. Excelente ubicación con fácil acceso a vías principales, comercios y servicios. Acceso a la Av. Javier Prado, Av. Brasil, Av. Pershing, puedes dirigirte a cualquier distrito de Lima y Callao. Precio us$ 279, 000 dólares. Comunícate y agenda tu visita al 9. 2. 2. 2. 7. 2. 3. 6. 0. Verónica Chumpitaz|https://www.adondevivir.com/propiedades/clasificado/veclcain-venta-de-casa-en-magdalena-del-mar-area-86.13-147331077.html?n_src=Listado&n_pills=%C3%81rea+de+lavander%C3%ADa&n_pg=1&n_pos=20|2026-03-18
adondevivir|casas|venta|Lima Moderna|Magdalena|"Calle Gonzales Prada
Magdalena, Lima"|S/ 5,437,500 · USD 1,450,000|5437500|1450000|||"783 m² tot.
5 dorm.
5 baños
3 estac."|783|5|5|3|Precio de venta us$ 1’450, 000. At. 782. 70 m2. Ac. 615 m2. 29 años de antigüedad. 3 estacionamientos. Zonificación rdm (5 pisos) Linderos: Frente y fondo 18 ml. Izq. Y der. 43. 487 ml. Descripción: Sala y comedor. Amplia cocina con comedor de diario y reposteros altos y bajos. Sala de estar. 5 dormitorios de buen tamaño (todos con baño propio) Área de servicio completa. Lavandería. Terraza con jardín. Estupenda ubicación. Zonificación rdm. También contamos con otras alternativas bastante similares en la misma zona y presupuesto, para nosotros será un gusto enviarle un listado para que Ud. Escoja ¿cuál sería de su interés? (con características similares a esta propiedad) a su correo, así facilitamos su búsqueda y si desea comuníquese con nosotros al 9. 9. 4. 2. 0. 7. 8. 6. 0. Será un gusto atenderlos!|https://www.adondevivir.com/propiedades/clasificado/veclcain--magdalena-vta.-ca-gonzales-prada-casa-xremodelar-54939477.html?n_src=Listado&n_pills=Jard%C3%ADn&n_pg=1&n_pos=21|2026-03-18
adondevivir|casas|venta|Lima Moderna|Magdalena|"Calle Dionisio Anchorena San Isidro
Magdalena, Lima"|S/ 3,225,600 · USD 960,000|3225600|960000|||273 m² tot.|273||||A 1 cuadra de Av. Salaverry – Calle Dionisio AnchorenaAmplia casa de 3 pisos, ubicada en una de las zonas más buscadasActualmente implementada para uso de oficinas, esta propiedad ofrece gran potencial para reconvertirse en vivienda familiar, sede corporativa o proyecto mixto, gracias a su metraje, distribución y ubicación privilegiada. Totalmente remodelada en el 2013. Contacto: mónica osoriocelular: 9. 9. 1. 3. 7. 4. 2. 9. 5Oficina: 7. 5. 1. 7. 5. 3. 9Características Generales- Área de terreno: 273. 90 m²- Área construida: 562 m²- Uso actual: Oficinas- Ambientes amplios y bien distribuidos- Excelente conectividad y accesibilidadVentajas ClaveUna de las áreas con mayor demanda tanto residencial como corporativa en Lima Moderna. Acceso rápido a Av. Salaverry, Av. Javier Prado y Av. El Ejército, así como a bancos, comercios, servicios y centros empresariales. * Ideal para empresas, consultoras, coworking, estudios legales, contables o médicos* También apta para vivienda, con espacios que permiten redistribución y adaptación* Excelente alternativa para inversión, uso corporativo o proyecto de reconversiónContáctame para más información o para coordinar una visita. Una propiedad con ubicación, metraje y potencial, difícil de encontrar en esta zona. No dejes pasar esta oportunidad!|https://www.adondevivir.com/propiedades/clasificado/veclcain-venta-casa-san-isidro-ideal-vivienda-u-oficina-148485407.html?n_src=Listado&n_pg=1&n_pos=22|2026-03-18
adondevivir|casas|venta|Lima Moderna|Magdalena|"Flora Tristán Cdra 4
Magdalena, Lima"|S/ 1,306,500 · USD 390,000|1306500|390000|||"350 m² tot.
4 dorm.
2 baños
2 estac."|350|4|2|2|Acogedora Y cómoda casa en condominio cerradoarea del Terreno: 150m2 / Area Construida 350m2Ubicada en una zona tranquila en límite de Magdalena con San Isidro muy cerca de Vivanda y de la pastelería San Antonio y a sólo a dos cuadras del Real Plaza Salaverry. Fue construida hace aprox. 55 años pero se han hecho algunas remodelacionesPrimer nivel: sala-comedor muy amplia que un pequeño jardín, cocina, baño de visita cochera cerrada para un auto ó camioneta y adicionalmente cuenta con una zona para parquear hasta 2 autos en el frontis de la casa. Segundo nivel: 4 dormitorios y 2 baños completosTercer nivel: área de servicio completaLa quinta donde se ubica tiene 10 casas y la convivencia con los vecinos es muy buena. nota: el precio válido es en dólares, precio en soles es referencial|https://www.adondevivir.com/propiedades/clasificado/veclcain-casa-en-venta-en-magdalena-limite-con-san-isidro-147619741.html?n_src=Listado&n_pills=%C3%81rea+de+lavander%C3%ADa&n_pg=1&n_pos=23|2026-03-18
adondevivir|casas|venta|Lima Moderna|Magdalena|"Jr Echenique 420
Magdalena, Lima"|S/ 838,000 · USD 250,000|838000|250000|||"315 m² tot.
8 dorm.
3 baños"|315|8|3||Ubicado sobre jr echenique, A 2 cdras de malecon costa verde Y bajada por john lenon. Esta A 1 cdra de la plaza de magdalena, Y del mercado. Entre calles jr. Tacna Y alfonso ugarte. En pleno centro comercial de magdalena. casa en quinta de 3 pisos, con 2 locales comerciales independientes directo A calle. Para ingresar A la casa se debe entrar por la quinta. Patio techado con policarbonato (ventanas corredizas) tereno 105m2. area contruida: 315m2. area de tienda: 24m2 cada una. casa muy bien mantenida toda con pisos de ceramica. Remodelada en 1984, cambio de cables electricos Y agua Y desague directo A troncal. Cuenta con 2 medidores de luz. primer piso: local comercial 1 (24m2), local comercial 2 (24m2) ambos con reja metalica directo A calle. Ingreso A casa vivienda, sala comedor con pisos de ceramica, patio abierto (lavanderia) gran cocina baño completo. Acceso A tiendas desde adentro. Escalera A 2do piso. Segundo piso: hall de distribucion. 4 dormitorios amplios (2 dormitorios vista exterior, otros 2 vista interior), 1 dormitorio pequeño, 1 baño completo. Escalera A 3er piso. Tercer piso: hall de distribucion. 4 dormitorios amplios (2 dormitorios vista exterior, otros 2 vista interior), 1 dormitorio pequeño, 1 baño completo. Escalera A azotea. Azotea libre en su mayoria. Con 2 cuartos de servicio (techo calamina) Y una lavanderia techada con lavadero. Toda la construccion regularizada. Contacto: Ver datos|https://www.adondevivir.com/propiedades/clasificado/veclcain-casa-3-pisos-comercial.-2-tiendas.-8-dorm.-3-banos.-147854455.html?n_src=Listado&n_pills=%C3%81rea+de+lavander%C3%ADa&n_pg=1&n_pos=24|2026-03-18
adondevivir|casas|venta|Lima Moderna|Magdalena|"MAGDALENA
Magdalena, Lima"|S/ 2,750,000 · USD 815,000|2750000|815000|||"325 m² tot.
4 dorm.
2 baños
2 estac."|325|4|2|2|Contacto. erika herrick. 9. 8. 6. 6. 4. 4. 6. 3. 0. magdalena casa. remodelada. $ 815, 000 usd. 325 m² descripcion. 4 dormitorios opción de un 5. cocina amplia con Comedor de diario. Sala Comedor iluminada con vista a Jardines. Sala de Lectura, 2 baños Completos. baño de servicio. jardín con Parrilla. Estacionamiento para 2 autos.|https://www.adondevivir.com/propiedades/clasificado/veclcain-magdalena-$815-000-usd-4-dorm.-325-m.-148332324.html?n_src=Listado&n_pills=Jard%C3%ADn&n_pg=1&n_pos=25|2026-03-18
adondevivir|casas|venta|Lima Moderna|Magdalena|"Jiron Luis Manarelli 131
Magdalena, Lima"|S/ 2,675,000 · USD 787,500|2675000|787500|||"315 m² tot.
4 dorm.
2 baños"|315|4|2||Casa magdalena. Luis Manarelli 13x. Esquina calle Punta Negra. A. T. 315 mts2. A. C. 428 mt2. Us$787, 500 ($2, 500 m2) Antigüedad 45 años. Excelente constructores. Tenemos parámetros. Linderos: Calle Luis Manarelli 14. 90 mts. Calle Punta Negra 25. 50 mts2. Izquierda con propiedad de terceros 13. 60 mts. Fondo 19. 90 mts. Casa en buen estado, con mucha luz natural, todos los ambientes son amplios, que al estar en esquina tienen vista a los jardines. Sala, comedor, baño de visita, cocina, comedor de diario, 04 dormitorios, sala de estar, dos baños completos, lavandería, 02 cuartos de servicio, baño de servicio, cochera 02 autos. Sala comedor independientes de muy buen tamaño con vista a jardines. Baño de visita. Cocina con comedor de diario bastante amplios. 04 dormitorios de muy buen tamaño, principal con baño incorporado con sala de estar o escritorio adjunto. Los otros dormitorios comparten baño amplio. Azotea con dos dormitorios de muy buen tamaño y baño. El resto de la azotea esta techada con techo tipo sol y sombra, muy amplio.|https://www.adondevivir.com/propiedades/clasificado/veclcain-excelente-casa-en-esquina-luis-manarelli-13x-149271652.html?n_src=Listado&n_pills=Cerca+a+colegios&n_pg=1&n_pos=26|2026-03-18
adondevivir|casas|venta|Lima Moderna|Magdalena|"Jirón Trujillo
Magdalena, Lima"|S/ 2,150,000 · USD 640,000|2150000|640000|||"340 m² tot.
5 dorm.
4 baños
4 estac."|340|5|4|4|Vendo casa en jiron trujillo, de 340M2 de terreno Y 400 M2 construidos consta de dos pisos con amplia sala comedor con salida al patio Y jardin medio baño de visita, cocina, 5 dormitorios en el segundo nivel, dos tienen baño propio mas un baño compartido para los otros dormitorios, amplias ventanas mucha iluminacion, cuarto de servicio. Intercomunicadores de la cocina, amplio jardin, 4 estacionamientos paralelos, calle super tranquila Y comercial A la vez, A media cuadra de javier prado oeste, con vigilancia permanente.|https://www.adondevivir.com/propiedades/clasificado/veclcain-casa-340-m-sup2--terreno-jr.-trujillo-magdalena-145029497.html?n_src=Listado&n_pills=Parrilla&n_pg=1&n_pos=27|2026-03-18
adondevivir|casas|venta|Lima Moderna|Magdalena|"JUSTO VIGIL 100
Magdalena, Lima"|S/ 1,281,020 · USD 379,000|1281020|379000|||"120 m² tot.
4 dorm.
4 baños
1 estac."|120|4|4|1|Venta de linda casa en condominio en magdalena del mar. cuenta con buena ubicacion, A un paso de av del ejercito, A madia cuadra del lima criket club, colegios, gimnasios, facil acceso, movilidad A todo lima. area 120 M2 de terreno. la casa tiene cuatro pisos. En el primer piso tiene un recibidor, sala y comedor muy amplios con salida a un jardín interno, cocina con muebles altos y bajos, baño de visita. En el segundo piso, tiene tres dormitorios, el principal con baño incorporado, y closet de pared a pared. En el tercer piso cuenta con un departamento independiente, un solo ambiente, muy amplio, con closet grande y con baño incorporado con hidromasaje. En el cuarto piso tiene la lavandería, dos dormitorios de servicio y un baño completo. Precio fijo: us$ 340, 000. Cuenta con un estacionamiento dentro del condominio|https://www.adondevivir.com/propiedades/clasificado/veclcain-venta-de-casa-en-condominio-magdalena-146235684.html?n_src=Listado&n_pills=Cuartos+de+servicio&n_pg=1&n_pos=28|2026-03-18
adondevivir|casas|venta|Lima Moderna|Magdalena|"De La Roca De Vergallo
Magdalena, Lima"|S/ 3,015,000 · USD 900,000|3015000|900000|||"371 m² tot.
6 dorm.
3 baños"|371|6|3||Vendo casa ideal para proyecto inmobiliario en calle roca de vergallo. Zona super residencial de magdalena. Tiene parametros para 4 pisos pero por colindancia puede conseguir cambiar los parametros. Muy cerca A la pasteleria san antonio. coordinar visitas sin compromiso al Ver datos|https://www.adondevivir.com/propiedades/clasificado/veclcain-vendo-casa-como-terreno-en-magdalena-148781743.html?n_src=Listado&n_pills=Jard%C3%ADn&n_pg=1&n_pos=29|2026-03-18
adondevivir|casas|venta|Lima Moderna|Magdalena|"Bolognesi
San Isidro, Lima"|S/ 5,175,000 · USD 1,500,000|5175000|1500000|||"653 m² tot.
3 dorm.
3 baños
6 estac."|653|3|3|6|Casa en venta en terreno de 653 m2 en calle muy tranquila de San Isidro con Frente de 16 metros lineales. Al ingresar a esta propiedad, se siente como estar en una casa de campo, dado que uno ingresa por un hermoso camino que conduce hasta la entrada principal para luego seguir por el camino hasta el jardín con piscina y al fondo hay una construcción independiente donde se encuentra el escritorio, cava y área de servicio de la propiedad. Cuenta con 3 dormitorios, cada uno con su baño, sala de estar íntima en la zona familiar, una muy buena cocina recientemente remodelada con isla y comedor de diario, una buena sala principal y comedor separado, ambos con salida directa a la gran terraza con piscina que está en la parte posterior de la casa. Tiene estacionamiento techado con techo aligerado para 3 autos y espacio para guardar 2 más dentro de la casa. La casa fue remodelada hace 11 años. Está a 5 cuadras del golf de San Isidro y a 3 cuadras de Pharmax y 4D. La calle es muy tranquila y segura al lado de una embajada.|https://www.adondevivir.com/propiedades/clasificado/veclcain-buena-casa-en-venta-en-san-isidro-de-un-piso-en-147920878.html?n_src=Listado&n_pills=Jard%C3%ADn&n_pg=1&n_pos=1|2026-03-18
adondevivir|casas|venta|Lima Moderna|San Miguel|"Av. Andrés Razuri al 100 | Casa en Plantas 1 y 3, con 7 Dormitorios
San Miguel, Lima"|S/ 1,051,680 · USD 313,000|1051680|313000|||"389 m² tot.
7 dorm.
3 baños
2 estac."|389|7|3|2|Amplia casa con terraza y 7 dormitorios en San MiguelDescubre esta amplia casa en plantas 1 y 3, ubicada en Av. Andrés Rázuri, en una tranquila y estratégica zona del distrito de San Miguel. Con un total de 198. 18 m² construidos y 191. 80 m² de área libre, este inmueble ofrece una distribución ideal para familias numerosas o para quienes buscan espacios generosos y bien iluminados. Principales características: • Ingreso completamente independiente• Pisos 1 y 3 exclusivos del inmueble• Excelente iluminación y ventilación natural• Estado de conservación: muy bueno• Privacidad, solo un vecino en el segundo nivelDistribución: Piso 1: • Sala y comedor independientes• Cocina cerrada de buen tamaño• Dormitorio principal con gran walk-in closet y baño incorporado• 3 dormitorios secundarios (o estudios) adicionales• Acogedora terraza• 1 baño completo adicional• Cochera hasta para 2 vehículosPiso 3: • Zona de servicio completa• 2 dormitorios (ideal para visitas, hobbies o área de trabajo) • Depósito• Lavandería amplia y ventiladaIdeal para familias que buscan amplitudEste casa destaca por su gran cantidad de ambientes, su distribución funcional y su armonioso estilo, difícil de encontrar en la zona. Perfecto para quienes valoran privacidad, comodidad y un ambiente familiar.|https://www.adondevivir.com/propiedades/clasificado/veclcain-venta-casa-en-plantas-1-y-3-cerca-a-parques-en-san-148896381.html?n_src=Listado&n_pills=Cuartos+de+servicio&n_pg=1&n_pos=1|2026-03-18
adondevivir|casas|venta|Lima Moderna|San Miguel|"Manco Segundo 690 Maranga
Maranga, San Miguel"|S/ 1,300,000 · USD 380,000|1300000|380000|||"200 m² tot.
8 dorm.
4 baños
1 estac."|200|8|4|1|Veronica Troncoso 9 3 7 7 7 2 1 5 0 bajo de preciovendo amplia casa de dos pisos habilitada para oficinas, consultorios, clínicas, instituto medico etc a media cuadra del parque Rosa Merino, muy buena zona, bastante iluminada, rodeada de parques y muy buena distribución, cerca a avenidas de alto transito como Av. La Marina, Av. Los Patriotas, Av. Escardo, cercana a Centros comerciales, Colegios, Nidos, Universidades, Centros Financieros, Clinicas, Hospitales, etc. Cuenta con la siguiente distribución: Primer piso Cinco consultorios, 3 baños, recepción 2do piso Cuatro consultorios, 2 baños Estacionamiento para un carro, instalaciones trifásicas, pozo a tierra. Tercer piso terrazaAgenta tu cita|https://www.adondevivir.com/propiedades/clasificado/veclcain-vendo-casa-habilitada-para-consultorios-medicos-147857110.html?n_src=Listado&n_pg=1&n_pos=2|2026-03-18
adondevivir|casas|venta|Lima Moderna|San Miguel|"Pomalca al 200
San Miguel, Lima"|S/ 1,018,300 · USD 299,500|1018300|299500|||"154 m² tot.
4 dorm.
2 baños
1 estac."|154|4|2|1|Oportunidad vendo casa en san Miguel 2 pisos construidosLa oportunidad construcción en casco de un departamento en el piso 3 solo falta acabados, y en el piso 4 un porcentaje de construcción de otro departamentoPrecio $ 299, 500 negociableÁrea de terreno 154. 28m2Área construida 125m2Primer nivel: - Cocina equipada más horno y chimenea- Amplia sala comedor- Terraza con catarata- Un cuarto o depósito- Baño de visitasSegundo nivel: - Habitación principal con clóset y con balcón- 3 habitaciones secundarias- Baño completo compartidoTercer nivel: - Un departamento en caso ya con baño falta acabadosPiso 4: - Un porcentaje de construcción para otro departamentoAdicional: - Cochera con puerta eléctricaEn una zona tranquila y rodeado de parques cerca a mercados tiendas y avenidas principalesrr-23|https://www.adondevivir.com/propiedades/clasificado/veclcain-casa-san-miguel-lima-148715195.html?n_src=Listado&n_pg=1&n_pos=3|2026-03-18
adondevivir|casas|venta|Lima Moderna|San Miguel|"Chachani
Maranga, San Miguel"|S/ 1,038,500 · USD 310,000|1038500|310000|||"160 m² tot.
7 dorm.
5 baños
2 estac."|160|7|5|2|Aquí te presento esta muy buena opción de casa lista para vivir en San Miguel, rodeada de parques cerca a las avenidas De Los Precursores y de Av Faucett, cerca a Plaza San Miguel. Casa amplia e iluminada, ideal para familia numerosa o para empresa. Distribución: 1er piso: 2 cocheras internas1 cochera externaSala comedor3 habitaciones1 cocina1 lavandería1 baño completo1 patio2do piso: Sala comedor1 cocina2 habitaciones1 baño completo1/2 baño1 zona de escritorio3er piso: TerrazaComedor1 cocina y lavandería2 habitaciones1 patio tendal1 baño completoAgenda tu visita y ven a conocerla Las imágenes y/o información de este inmueble son de carácter referencial. R. uc.: Razón social: Inversiones Delia S. A. C.|https://www.adondevivir.com/propiedades/clasificado/veclcain-deseas-mudarte-a-una-casa-grande-y-comoda-148972123.html?n_src=Listado&n_pills=%C3%81rea+de+lavander%C3%ADa&n_pg=1&n_pos=4|2026-03-18
adondevivir|casas|venta|Lima Moderna|San Miguel|"Castro Harrison 414
San Miguel, Lima"|S/ 1,008,000 · USD 280,000|1008000|280000|||"160 m² tot.
4 dorm.
2 baños
2 estac."|160|4|2|2|¡Oportunidad! Casa en venta en San Miguel – Excelente ubicación y espacios amplios Ponemos a tu disposición esta acogedora y funcional casa de 160 m², con 146 m² construidos, ubicada en una zona residencial de San Miguel, ideal para familias que buscan comodidad, ubicación estratégica y áreas sociales bien aprovechadas. Cuenta con: • 04 habitaciones bien distribuidas, más 01 ambiente adicional que puede usarse como dormitorio o almacén, con ventilación y baño completo cercano • 02 baños completos + 1/2 baño de visita • 02 estacionamientos cerrados • Terraza con patio en el primer piso, zona de parrilla y lavandería • Cocina equipada, remodelada con acabados modernos Precio: $289, 000 Ubicada cerca de: • Estación de serenazgo de San Miguel • Minimarkets, tiendas y áreas deportivas (fulbito, vóley y raqueta) • Escuela de natación axt • A minutos de Plaza San Miguel, Real Plaza Salaverry, Open Plaza, Metro y Cinemark Contáctanos para agendar tu visita:|https://www.adondevivir.com/propiedades/clasificado/veclcain-casa-en-venta-en-san-miguel-limite-con-pueblo-libre-147864551.html?n_src=Listado&n_pills=%C3%81rea+de+lavander%C3%ADa&n_pg=1&n_pos=5|2026-03-18
adondevivir|casas|venta|Lima Moderna|San Miguel|"Avenida Pío XII
San Miguel, Lima"|S/ 806,400 · USD 240,000|806400|240000|||"400 m² tot.
6 dorm.
4 baños"|400|6|4||Agente domus Erika 9. 8. 8. 3. 4. 1. 2. 8. 1. Ubicada en San Miguel, límite con La Perla, a la altura del cruce de Av. La Marina con Av. Pío xii (cdra. 5), en lindo pasaje residencial. Zona tranquila, segura, con vigilancia y varios parques cercanos. Importante: No cuenta con cochera propia, pero dispone de cochera común cerrada contra pago. Características generales: 3 pisos. Área construida: 400 m² Área de terreno: 145 m² Distribución: Primer piso: Sala-comedor amplia y muy iluminada, cocina grande, patio interno, medio baño de visitas. Cuenta con dos ingresos: entrada principal y entrada de servicio con acceso directo a la cocina. Segundo piso: Sala de estar amplia, 4 dormitorios con closets. Dos de ellos cuentan con baño incorporado y los otros dos comparten un baño completo adicional. Tercer piso: Acceso por escalera interna de madera. Ingreso por puerta derecha: dormitorio amplio con closet, baño completo con ducha, sala con mamparas de vidrio con salida a patio y balcón. Ingreso por puerta izquierda: área de servicio con un dormitorio, baño completo, lavandería y tendal. Antigüedad: Primer y segundo piso: 43 años. Tercer piso: 34 años. Precio: us$ 240, 000. Excelente ubicación, ideal para vivienda familiar amplia o para quienes buscan espacios independientes dentro de la misma propiedad.|https://www.adondevivir.com/propiedades/clasificado/veclcain-hermosa-casa-en-san-miguel-limite-con-la-perla-148647274.html?n_src=Listado&n_pills=%C3%81rea+de+lavander%C3%ADa&n_pg=1&n_pos=6|2026-03-18
adondevivir|casas|venta|Lima Moderna|San Miguel|"Calle Agustín Pardo Figueroa N°
San Miguel, Lima"|S/ 945,000 · USD 270,000|945000|270000|||"176 m² tot.
4 dorm.
2 baños
1 estac."|176|4|2|1|Cerca de todo, colegios, bodegas, supermercados, rodeada de parques, facil acceso A transporte publico. Esta hermosa y espaciosa casa se encuentra en una zona tranquila y segura de San Miguel, perfecta para familias que buscan comodidad, amplitud y una excelente ubicación. En el primer piso, encontrarás una acogedora sala comedor, una habitación adicional con baño incorporado, una cocina amplia, con espacio suficiente para un comedor de diario, la lavandería tiene lavadero y espacio para un centro de lavado y tendal. Cuenta con baño de visita, un patio interior con buena iluminación y ventilación. Desde el patio, unas escaleras de caracol conducen al segundo nivel y a la azotea. El segundo piso cuenta con tres habitaciones cómodas cada una con closet, un baño completo que comparten los cuartos. Todos los ambientes son amplios, ventilados y bien distribuidos, ofreciendo el espacio ideal para disfrutar en familia. La casa destaca por su amplitud, su funcional diseño y su ubicación privilegiada cerca de avenidas principales, comercios y servicios. Es una excelente opción tanto para vivienda familiar como para inversión. Notas: La casa se vende en original. Documentos en regla. Contáctanos para más información o visitas: Ver datos – Ver datos. Ver datos|https://www.adondevivir.com/propiedades/clasificado/veclcain-casa-176-m-sup2--4dorm.-2pisos-aires-c-cochera-zona-148127697.html?n_src=Listado&n_pills=%C3%81rea+de+lavander%C3%ADa&n_pg=1&n_pos=7|2026-03-18
adondevivir|casas|venta|Lima Moderna|San Miguel|"Jirón Bahía de Pisco
Lima, San Miguel"|"S/ 1,120,000 · USD 329,999
14%"|1120000|329999|14%||"455 m² tot.
10 dorm.
6 baños
2 estac."|455|10|6|2|Casa · 450m² Construido. 140m² Area de Terreno. 10 dormitorios. 2 estacionamientos. venta S/ 1, 680, 000 · usd 330, 000. Bahía de Pisco, San Miguel, Lima. 7 baños. 2 estac. (para 1camioneta Y 1auto) 10 dorm. 2 medios baños. 13 años. Venta Casa en San Miguel S/ 1, 120, 000. Remato Casa - Edificio//duplex//2 Flat//loft//terraza//cocheras 9. 4. 0. 2. 2. 0. 7. 8. 0. Escaleras internas. Edificio 5 Pisos - Casa. Cuenta con duplex de 04 Dormitorios. 2 departamentos. Loft, Terraza, tendal. . . 9. 4. 0. 2. 2. 0. 7. 8. 0. Area de terreno 140M2. arra construida 450M2 aprox. Maryon Lilibeth Muñoz Arrieta. 9. 4. 0. 2. 2. 0. 7. 8. 0. Espectacular Casa - Edificio de 5 Pisos con terraza y 6piso tendal, ubicada en zona céntrica a un paso de insurgentes, Av. La marina, colegios a minutos, a pasos de la alameda de Precursores, a minutos de Plaza San Miguel y límite con la Naval. Transporte público para todo Lima, colegios, comercios, todo a la mano y facil acceso a la bajada de playa. Primer y segundo piso 230m² Re-construido en el 2018. Tercer, cuarto y quinto piso fue edificado hace 05 años junto con el área de terraza, servicio y tendal. Primer piso: 140m² Aprox. Fue totalmente remodelado en el año 2018, cuenta con una amplia cochera para camioneta o 2 autos, y colgadores de bicicletas. Tiene dos entradas una principal y otra de servicio. Cuenta con sala-comedor amplio, un cuarto amplio, terraza interna, baño de visitas, amplia cocina con impecables muebles altos y bajos e isla amplia como comedor de diario. Segundo Piso: 95m² Aprox. 04 Dormitorios, el principal con walkin closet y clóset de pared a pared, baño incorporado con baño de hidromasaje español, 03 habitaciones amplias con clóset de pared a pared y donde entran cama queen, escritorio con la mejor de las comodidades, 1 baño completo compartido. Ventilación e iluminación natural. Tercer Piso: 95m² Aprox. Departamento amplio con sala-comedor y balcón, de 02 Dormitorios, un baño completo en el cuarto principal, y 01 Baño compartido con la 2da habitación y visitas. Cuenta con espacio amplio con puntos de agua para implementar un kitchenette, y si desea una habitación más. Cuarto piso: 95m² Departamento amplio con sala-comedor y balcón, de 02 Dormitorios, un baño completo en el cuarto principal, y 01 Baño compartido con la 2da habitación y visitas. Cuenta con espacio amplio y puntos de agua para implementar un kitchenette, y si desea una habitación más. Quinto piso: 95m² Aprox. Una Mini-departamento estilo loft americano (Abierto) con espacio para implementar el kitchenette. Cuenta con medio baño (Para implementar ducha), y área de lavandería completa, asimismo tiene una amplia de terraza y parrilla con vista. panorámica. Sexto piso: 30m² Área de tendal con una increíble vista panorámica. La construcción del 3er, 4to, 5to piso y el area del tendal Aires del 6to piso, se construyeron en el 2018, quedando unos detallitos a implementar de acuerdo al buen gusto del futuro dueño. Por ser céntrico, y límitar con la Naval, es una excelente inversión para alquiler como departamentos y/u oficina. Los acabados son A1. Porcelanato de alta cálidad. Puertas madera. Cableria de cable e internet interno. Pozo a tierra. Acabados hechos para vivir una familia, con detalles especiales. Informes y visitas al 9. 4. 0. 2. 2. 0. 7. 8. 0. Importante para solicitar visitas: Se requiere nombre completo y dni de cada visitante.|https://www.adondevivir.com/propiedades/clasificado/veclcain-se-vende-casa.9.4.0.2.2.0.7.8.0.-con-depas-duplex-147596192.html?n_src=Listado&n_pills=%C3%81rea+de+lavander%C3%ADa&n_pg=1&n_pos=8|2026-03-18
adondevivir|casas|venta|Lima Moderna|San Miguel|"Solitario de Sayán 6XX
Maranga Etapa Ii, San Miguel"|S/ 1,020,000 · USD 300,000|1020000|300000|||"184 m² tot.
6 dorm.
3 baños"|184|6|3||Casa en venta en la urbanizacion maranga. cerca A la av los patriotas, en la cuadra 6 de soltario de sayan. area de terreno: 184M2. frente: 8 ml. fondo: 23 ml. casa constituida por 2 pisos: primer piso: cochera para 1 auto. jardin pequeño. amplia sala comedor. cocina. 3 dormitorios. lavanderia. 1 baño Y 1/2. patio posterior. ( este piso esta para remodelar) 2do piso. amplia sala comedor. terraza pequeña. hall de distribucion. 3 dormitorios grandes. 01 baño completo. precio: $ 300, 000. - informes Y visitas: Ver datos|https://www.adondevivir.com/propiedades/clasificado/veclcain-vendo-casa-de-184-m-sup2--en-maranga-san-miguel-149264927.html?n_src=Listado&n_pills=%C3%81rea+de+lavander%C3%ADa&n_pg=1&n_pos=9|2026-03-18
adondevivir|casas|venta|Lima Moderna|San Miguel|"JORGE CASTRO HARRINSON 138
San Miguel, Lima"|S/ 871,000 · USD 260,000|871000|260000|||"240 m² tot.
5 dorm.
3 baños"|240|5|3||Ubicada en una zona estratégica, esta propiedad de tres niveles ofrece comodidad para familias grandes y excelente oportunidad para inversión. Cuenta con certificado de parámetros para 4 pisos, lo que permite ampliar o desarrollar un proyecto inmobiliario. Primer Piso: * Sala – Comedor amplios. *Patio interno. * Cocina independiente. *Baño completo. *Dormitorio 1. *Dormitorio 2 con walk-in closet. *Área de lavandería. Segundo Piso: * Dormitorio 3. *Baño completo. *Espacio para sala/comedor. * Baño completo adicional. * Dormitorio 4. * Dormitorio 5 con walk-in closet. Tercer Piso: *Área de lavandería. *3 ambientes adicionales (uno funciona como cocina y dos como dormitorios de servicio) * 1 depósito. Medidas del terreno: 176 m2. - Frontis: 8 ml. - Fondo: 22 ml. Opción ideal para vivienda familiar amplia o proyecto de renta por niveles. Contáctanos y agenda una visita para conocer su potencia. *Tipo de cambio referencial / Precio solo en dolares|https://www.adondevivir.com/propiedades/clasificado/veclcain-se-vende-casa-como-terreno-en-san-miguel-147311865.html?n_src=Listado&n_pills=%C3%81rea+de+lavander%C3%ADa&n_pg=1&n_pos=10|2026-03-18
adondevivir|casas|venta|Lima Moderna|San Miguel|"Cumbe 185
Maranga, San Miguel"|S/ 921,250 · USD 275,000|921250|275000|||"180 m² tot.
3 dorm.
2 baños"|180|3|2||Excelente oportunidad para un proyecto de remodelación para una casa de sólo un piso (a unos metros de la avenida Elmer Faucett al lado de Villa Chicken). De fácil acceso en el lugar más centrico de la urbanización Maranga con las slguientes caracteristicas: Área ocupada: 180m2 - Área construida: 125m2. Ambientes: 04. - 03 dormitorios. - Sala comedor. - 02 baños (completos) - Cocina. - Lavanderia. - Cuarto y baño de servicio. - Estacionamiento techado. - Jardin c/jardion: 02 ambientes|https://www.adondevivir.com/propiedades/clasificado/veclcain-casa-para-excelente-proyecto-de-remodelacion-de-un-148806036.html?n_src=Listado&n_pills=%C3%81rea+de+lavander%C3%ADa&n_pg=1&n_pos=11|2026-03-18
adondevivir|casas|venta|Lima Moderna|San Miguel|"Altura de Cruce de Av. La Marina con Faucett
San Miguel, Lima"|S/ 1,060,200 · USD 310,000|1060200|310000|||"188 m² tot.
4 dorm.
2 baños
3 estac."|188|4|2|3|Se vende linda casa muy bien distribuida en 3 pisos en una excelente zona, en un área de 188. 50 m2 y techada de 220. 50 m2 en uno de los mejores distritos de Lima: San Miguel. A unos pasos de Av. La Marina, Av. Los Precursores, Cassinelli, Parque José Abelardo Quiñones, Parque de las Leyendas, Plaza San Miguel, Open Plaza La Marina, Tottus. La oportunidad de disfrutar desde una zona exclusiva próxima a todo lo que usted y su familia se merecen: tranquila y segura. Acabados de primera calidad, con muebles en melamina, además de pisos cerámicos en cocina y baños. Distribución: • Sala y comedor amplios• Family Room• Cocina amoblada con comedor de diario• 4 dormitorios amplios e iluminados• 2 y 1/2 baños• Área de lavandería• Cuarto de servicio con baño• Cochera para 3 autos. * Las fotografías, precios y descripción de esta propiedad son|https://www.adondevivir.com/propiedades/clasificado/veclcain-casa-en-venta-en-urb.-maranga-san-miguel-149297681.html?n_src=Listado&n_pills=%C3%81rea+de+lavander%C3%ADa&n_pg=1&n_pos=12|2026-03-18
adondevivir|casas|venta|Lima Moderna|San Miguel|"CALLE JOSE SALAS 300
San Miguelito, San Miguel"|S/ 1,186,500 · USD 350,000|1186500|350000|||"237 m² tot.
6 dorm.
4 baños
4 estac."|237|6|4|4|Casa de dos plantas. Área 237. 40 m2. Amplia cocina. Amplia sala comedor. 6 dormitorios. 4 baños. Estacionamientos. Precio de venta us$ 350, 000. Visitas previa cita: Ver datos|https://www.adondevivir.com/propiedades/clasificado/veclcain-san-miguel-ocasion-venta-de-casa-ideal-proyecto-148189985.html?n_src=Listado&n_pills=%C3%81rea+de+lavander%C3%ADa&n_pg=1&n_pos=13|2026-03-18
adondevivir|casas|venta|Lima Moderna|San Miguel|"Av. Rafael Escardó 1101
San Miguel, Lima"|S/ 1,000,000 · USD 360,000|1000000|360000|||"250 m² tot.
7 dorm.
5 baños"|250|7|5||Casa en esquina con 2 mini departamentos/5 habitaciones. - Área: 250m² (En esquina) parámetros 5 pisos a 8 pisos. - Características: * 1er piso: - Sala, comedor, cocina, lavandería, 2 baños, 2 estacionamientos. - 2 ambientes adecuados para habitaciones. * 2do piso: - 2 habitaciones con baño, 2 habitación con baño compartido. * 3er piso: - Mini departamento (1 habitación con baño, cocina, comedor, lavandería) - Linderos: - Frente: 18. 50m, Fondo: 21m, Izquierda: 11. 75m, Derecha (zig zag): 8m-3m-5. 70m. - Parámetros: 6-8 pisos. - Precio fijo: $360. 000|https://www.adondevivir.com/propiedades/clasificado/veclcain-la-casa-mas-grande-de-terreno-en-san-miguel-para-148967021.html?n_src=Listado&n_pills=%C3%81rea+de+lavander%C3%ADa&n_pg=1&n_pos=14|2026-03-18
adondevivir|casas|venta|Lima Moderna|San Miguel|"Bahia de Matarani 131
San Miguel, Lima"|S/ 857,500 · USD 245,000|857500|245000|||"160 m² tot.
5 dorm.
2 baños
1 estac."|160|5|2|1|Casa en venta cerca de las prestigiosas universidades Católica y San Marcos. Espaciosa casa de 3 pisos ideal para familias grandes o como inversión. Ubicada estratégicamente en San Miguel, con fácil acceso a universidades, centros comerciales, parques y principales avenidas. Características principales: 5 habitaciones amplias y bien iluminadas, perfectas para cada miembro de la familia o para estudiantes. Sala y comedor espaciosos, ideales para recibir visitas y disfrutar en familia. Cocina funcional con espacio para almacenamiento. Depósito para guardar todo lo que necesites. Terraza y jardín. Lavandería cómoda y práctica. Cuarto y baño de servicio independientes. 2 baños completos para mayor comodidad. Cuarto de planchado en el tercer piso. ¡Imagina la comodidad de vivir a pocos minutos de las universidades más importantes del país! Esta propiedad ofrece un gran potencial y una ubicación inmejorable. ¡No dejes pasar esta increíble oportunidad! Contáctanos para más detalles y para agendar una visita.|https://www.adondevivir.com/propiedades/clasificado/veclcain-casa-en-venta-en-urbanizacion-astete-san-miguel-146344276.html?n_src=Listado&n_pills=Cuartos+de+servicio&n_pg=1&n_pos=15|2026-03-18
adondevivir|casas|venta|Lima Moderna|San Miguel|"Calle Hermelinda Carrera
San Miguel, Lima"|S/ 1,190,000 · USD 340,000|1190000|340000|||"149 m² tot.
5 dorm.
4 baños
1 estac."|149|5|4|1|Está hermosa y moderna Casa se encuentra frente a Parque y a unas cuadras de Av. Universitaria y cerca al Transporte Público para todo Lima. La Casa tiene 3 pisos y consta de: 1er. Piso: Sala. Comedor. Baño de visita. Sala de estar u oficina. Jardín. Cocina. Cuarto y Baño de servicio. Lavandería. Cochera. 2ndo. Piso: 4 Dormitorios amplios. 2 Baños completos. 3er. Piso: Departamento amplio con baño completo y zona de cocina independiente.:|https://www.adondevivir.com/propiedades/clasificado/veclcain-venta-de-hermosa-y-moderna-casa-frente-a-parque-en-san-148138336.html?n_src=Listado&n_pills=Frente+a+parque&n_pg=1&n_pos=16|2026-03-18
adondevivir|casas|venta|Lima Moderna|San Miguel|"Bahia de Paracas
San Miguel, Lima"|S/ 840,000 · USD 249,000|840000|249000||105|"176 m² tot.
4 dorm.
2 baños"|176|4|2||¡Ideal para familias que buscan amplitud, seguridad y ubicación estratégica! Ponemos a la venta esta acogedora y funcional casa de dos pisos ubicada en la tranquila y segura Urbanización Astete, en el límite de San Miguel y La Perla, cerca de avenidas principales, colegios, centros comerciales y a pasos del Ministerio de Marina. Área de terreno: 140 m² Área construida: 176. 41 m² Antiguedad 50 años Primer piso: 98. 21 m² Segundo piso: 78. 20 m² Azotea (ampliable): 80 m² Distribución: Primer Piso: Amplia sala-comedor con vista al patio jardín Cocina independiente y ventilada, con vista al jardín Baño de visita remodelado. Lavandería y zona de servicio posterior Patio jardín interno que brinda iluminación y frescura Segundo Piso: 4 habitaciones de buen tamaño, 3 de ellas con closet 1 baño completo amplio y remodelado Azotea: Espaciosa azotea de 80 m², ideal para construir un tercer piso o área social adicional Seguridad y Estacionamiento asignado a la casa ubicado dentro de parque cerrado y monitoreado con camaras de video vigilancia Casa ubicada dentro de un pasaje cerrado con caseta de vigilancia privada Zona muy tranquila y segura Espacio para estacionar 1 vehículo y área para visitas (coordinación previa con vigilancia) Ubicación estratégica: Muy cerca de: Av. La Marina Av. Haya de la Torre Colegios, supermercados y centros médicos Ministerio de Marina Esta casa combina ubicación, espacio, seguridad y potencial de crecimiento. ¡No pierdas la oportunidad de conocerla! Contáctame para agendar tu visita. Precio negociable|https://www.adondevivir.com/propiedades/clasificado/veclcain-venta-casa-dos-pisos-san-miguel-148807217.html?n_src=Listado&n_pills=Cuartos+de+servicio&n_pg=1&n_pos=17|2026-03-18
adondevivir|casas|venta|Lima Moderna|San Miguel|"ESCARDO CUADRA 10
San Miguel, Lima"|S/ 1,224,000 · USD 360,000|1224000|360000|||"246 m² tot.
7 dorm.
6 baños
2 estac."|246|7|6|2|Precio de venta: $360, 000 (precio fijo) -Ubicada en plena Av. Rafael Escardó, a solo 3 cuadras de la Av. De Los Precursores en dirección hacia Av. Faucett. Zona estratégica de San Miguel, ideal para vivir, oficinas o proyecto inmobiliario. La propiedad se encuentra en esquina, con parámetros urbanísticos para construcción de hasta 6 a 8 pisos. Área del terreno: 246 m² Linderos: Frente: 18. 50 m. Fondo: 21 m. Lado izquierdo: 11. 75 m. Lado derecho: 8 m – 3 m – 5. 70 m (zig zag) Distribución por niveles: - Primer piso: Sala y comedor amplios. Cocina. Lavandería. 2 baños. 2 estacionamientos. 2 ambientes adaptables como dormitorios u oficinas. Segundo piso: -2 habitaciones con baño incorporado. -2 habitaciones adicionales con baño compartido. Tercer piso: -Mini departamento independiente: -1 habitación. -Cocina. -Comedor. -Lavandería. -Baño completo. Detalles adicionales: -Antigüedad: 35 años. -Zonificación con potencial para construcción de edificio multifamiliar u oficinas (6 a 8 pisos) Ideal para inversión, vivienda multifamiliar, negocio o proyecto inmobiliario. Ubicación estratégica cerca de: -Av. Faucett, Av. Precursores y Av. La Marina. -Universidades (pucp, upc, unmsm), centros comerciales, colegios y parques. -Fácil acceso a transporte público y avenidas principales. Contáctanos para agendar una visita y aprovecha esta oportunidad de inversión en San Miguel. ¡Ubicación, metraje y potencial únicos en la zona!|https://www.adondevivir.com/propiedades/clasificado/veclcain--gran-oportunidad-en-esquina-casa-de-246-m-sup2--en-143014838.html?n_src=Listado&n_pills=Cerca+a+colegios&n_pg=1&n_pos=18|2026-03-18
adondevivir|casas|venta|Lima Moderna|San Miguel|"Calle Miguel Hidalgo, San Miguel
San Miguel, Lima"|S/ 1,347,596 · USD 399,999|1347596|399999|||"180 m² tot.
8 dorm.
4 baños
1 estac."|180|8|4|1|Amplia casa de 180 m2, tres pisos en San Miguel ideal para familia grande, alquiler de cuartos independientes en tercer piso o proyecto inmobiliario. - Ocho habitaciones amplias, la principal con baño y pequeño walkin closet. - Cuatro baños. - Estudio, ideal para home office o cuarto de lectura. - Cocina amplia. - Cuarto de depósito, siempre necesario para guardar diversos artículos del hogar. - Cochera para un vehículo. - Jardín interior y exterior para disfrutrar de una parrilla o de las áreas verdes. - El precio incluye muebles de finos acabados. - Ubicada en zona estratégica de San Miguel, frente a un parque; cerca a supermercados, centro comercial, bancos, colegios, universidades, a pocos minutos del circuito de playas.|https://www.adondevivir.com/propiedades/clasificado/veclcain-amplia-casa-tres-pisos-amoblada-en-san-miguel-148362446.html?n_src=Listado&n_pills=Jard%C3%ADn&n_pg=1&n_pos=19|2026-03-18
adondevivir|casas|venta|Lima Moderna|San Miguel|"Manco Segundo 690
San Miguel, Lima"|S/ 1,600,000 · USD 390,000|1600000|390000||10|"220 m² tot.
8 dorm.
4 baños"|220|8|4||Veronica Troncoso 9 3 7 7 7 2 1 5 0 bajo de precio vendo amplia casa de dos pisos habilitada para consultorios, clínicas, instituto medico etc a media cuadra del parque Rosa Merino, muy buena zona, bastante iluminada, rodeada de parques y muy buena distribución, cerca a avenidas de alto transito como Av. La Marina, Av. Los Patriotas, Av. Escardo, cercana a Centros comerciales, Colegios, Nidos, Universidades, Centros Financieros, Clinicas, Hospitales, etc. Cuenta con la siguiente distribución: Primer piso Cinco consultorios, 3 baños, recepción 2do piso Cuatro consultorios, 2 baños Estacionamiento para un carro, instalaciones trifásicas, pozo a tierra. Terraza **|https://www.adondevivir.com/propiedades/clasificado/veclcain-vendo-casa-habilitada-para-consultorios-medicos-147788801.html?n_src=Listado&n_pg=1&n_pos=20|2026-03-18
adondevivir|casas|venta|Lima Moderna|San Miguel|"JOSE MARIA MORELOS 306
San Miguel, Lima"|S/ 940,995 · USD 280,000|940995|280000|||"140 m² tot.
7 dorm.
4 baños
2 estac."|140|7|4|2|Area: 140 M2. area construida: 230 M2. Ubicada en calle José Maria Morelos cdra. 3. Entre av. Venezuela y av. Pio xii. Zona privada con seguridad 24/7. A 3 cdras la av. Faucett encontramos bancos, farmacias, mercados, Supermercado Metro, a 15 minutos a la universidad Catolica pucp y a 10 minutos de la universidad Mayor de San Marcos, Hospital y escuela Naval. Hermosa Casa de 2 Pisos + Azotea, frente a parque y con jardín interno. Tiene 7 dormitorios y 4 baños con ducha y 1 baños de visita. 1er Piso – Construcción en material noble. Acogedora sala y comedor con piso de parquet, iluminado y con vista y salida directa al jardín interno. Cocina cerrada, moderna, con muebles de melamine de alta calidad (instalados hace 1 año). 1 baño de visita. 1er dormitorio con baño privado con ducha, con hermosa vista al jardín interno. 1 cochera interna techada + 1 cochera externa. Con la opción de alquiler una 3ra cochera dentro de la residencial. Amplio y bonito jardín interno, ideal para reuniones familiares o espacio verde privado. 2do Piso – Construcción en material noble. 4 dormitorios amplios con piso de parquet y cortina instalada. 2 con vista al parque externo, perfectos para quienes buscan luz natural. 1 con vista al jardín interno. 1 dormitorio con vista interna. 1 baño completo compartido. 5to dormitorio con baño privado con ducha en un 2do piso que se accede por la escalera posterior de la casa. 3er Piso – Azotea construida (material noble + drywall de calidad) 2 ambientes con vista exterior al parque, con ventanas y rollers. 1 dormitorio con vista interior, también con roller blackout. 1 baño completo con ducha. Zona de Lavandería. Área de parrilla, perfecta para reuniones. Características del lote. Frente: 7 ml. Fondo: 20 ml. Zonificación residencial, con parámetros para construir hasta 4 pisos + azotea. Ubicación privilegiada frente a parque y con excelente distribución interna. La casa se encuentra en una zona segura, dentro de un condominio privado y cerrado. Cuenta con vigilancia privada 24 horas y 7 días de la semana. Medidores independientes de gas, luz y agua. La propiedad no tiene hipoteca ni cargas y ofrece entrega inmediata.|https://www.adondevivir.com/propiedades/clasificado/veclcain-frente-a-parque-san-miguel-148325787.html?n_src=Listado&n_pills=Cuartos+de+servicio&n_pg=1&n_pos=21|2026-03-18
adondevivir|casas|venta|Lima Moderna|San Miguel|"Maypu 137
San Miguel, Lima"|S/ 871,000 · USD 260,000|871000|260000|||"224 m² tot.
5 dorm.
1 baño"|224|5|||Nori Palacios 9. 5. 1. 3. 1. 3. 8. *-. 8. 6. Acogedora casa como terreno, en venta, ubicada frente al parque Carabobos, en una zona residencial y tranquila, a media cuadra de la Av. Escardo y a 3 cuadras de la Av. La Marina. Rodeada de areas verdes y edificios, Caracterisiticas: Area Terreno 160 m2. Area Costruida 224 m2. Primer piso. sala comedor. comedor del diario. 2 habitaciones. patio. 1 baño complet0. 1 1/2 medio baño. Segundo piso. sala de estar. 3 habitaciones(una de ellas se hizo una ampliacion, un mimi Dpto) Piso 3. Azotea. divisiones de concreto para hacer 2 habitaciones y un baño. Estacionamiento|https://www.adondevivir.com/propiedades/clasificado/veclcain-se-vende-acogedora-casa-como-terreno-san-miguel-149159244.html?n_src=Listado&n_pills=Frente+a+parque&n_pg=1&n_pos=22|2026-03-18
adondevivir|casas|venta|Lima Moderna|San Miguel|"Jirón Independencia
San Miguel, Lima"|S/ 1,189,250 · USD 355,000|1189250|355000|||"204 m² tot.
5 dorm.
5 baños
1 estac."|204|5|5|1|Oportunidad en San Miguel! Casa con 2 frentes + Local Comercial. Ubicada en una excelente zona de San Miguel, rodeada de áreas verdes. y muy cerca de las principales avenidas: Av. Universitaria, Av. La Marina, Av. Lima y Prolongación Cusco. Además, podrás disfrutar de la cercanía a nuestro hermoso mar. La propiedad está situada paralela a la Av. Universitaria y cuenta con dos frentes, uno de ellos con ingreso a local comercial independiente. Áreas. Área de terreno: 204 m² Área construida: 330 m² Frente: 11 mts. Fondo: 18. 50 mts. Distribución: 1° Piso. Pasadizo. Portón de cochera. Puerta de ingreso a sala y comedor. Cocina con reposteros altos y bajos en melamine. Baño completo. Patio interior con lavandería y baño. Local comercial con ingreso independiente por la otra calle. (La casa cuenta con 2 frentes) 2° Piso. Balcón–terraza con mampara. Sala de tv. Dormitorio principal con clóset y baño incorporado. Dormitorio secundario con clóset y baño incorporado. 2 dormitorios secundarios adicionales con un baño común. 3° Piso. Mini departamento. Visítenos para que pueda conocer la ubicación, el entorno y todas las comodidades que ofrece esta amplia propiedad. Informes: 9 9 6 4 3 8 1 6 4|https://www.adondevivir.com/propiedades/clasificado/veclcain-san-miguel-casa-esquina-204-m-sup2--paralela-av-148198494.html?n_src=Listado&n_pills=Cerca+a+colegios&n_pg=1&n_pos=23|2026-03-18
adondevivir|casas|venta|Lima Moderna|San Miguel|"Ausangate 659
San Miguel, Lima"|S/ 1,000,000 · USD 320,000|1000000|320000|||"400 m² tot.
8 dorm.
4 baños
2 estac."|400|8|4|2|Casa frente a parque de 3 pisos, cada piso tiene un departamento con entrada independiente + 2 cocheras + 1 jardín. - Área de terreno 180 m2. - Área de los departamentos. Primer piso (124 m2) Segundo piso (85 m2) Tercer piso (77 m2)) parametros para 7 pisos. 1er piso. - Jardín. - Cochera para 2 carros. - 3 habitaciones. - 2 baños. - cocina con gas calidda. - Sala comedor. - patio trasero/ terraza. - tendal. - conexión gas natural. 1 cuarto de servicio. 2do piso. - 2 habitaciones. - 1 baño. - Cocina con gas calidda. - sala comedor. - tendal con terraza. - Conexión gas natural. 3er piso. - 2 habitaciones. - 1 baño. - Cocina. - Sala comedor. - Tendal con terraza. Precio $320. 000 fijo|https://www.adondevivir.com/propiedades/clasificado/veclcain-solo-para-inversionistas-de-alquiler-o-familias-148360086.html?n_src=Listado&n_pills=%C3%81rea+de+lavander%C3%ADa&n_pg=1&n_pos=24|2026-03-18
adondevivir|casas|venta|Lima Moderna|San Miguel|"Aparicio Robles san Miguel
San Miguel, Lima"|S/ 850,000 · USD 250,000|850000|250000|||"215 m² tot.
4 dorm.
4 baños
1 estac."|215|4|4|1|Se vende casa con vista a la calle de 2 niveles de 215 m2 San MiguelCuenta con 4 habitaciones y 4 baños dividido en 2 estructuras independientes como casa principal y duplex posterior en la zona del patio trasero. Zona Vigilada por serenazgoCuenta con jardín y estacionamiento. Ubicada en Pasaje Aparicio Robles 120. Zona residencial, tranquila y segura. Vigilada y con reja. Cercano a la Av. Pio xii, Av. Insurgentes, Av. Precursores. Cerca a colegios, mercados, parques y Avenidas que conectan con San Miguel y Callao. Casa recién pintada y totalmente desocupada, lista para mudarse! Precio 850. 000 solesIncluye cochera y garajeAgenda tu visita hoy mismo!! Comunícate por WhatsApp al siguiente número +51 9. 3. 6. 0. 4. 3. 5. 0. 0 a nombre de Angelo Choy, asesor inmobiliario para mayor información.|https://www.adondevivir.com/propiedades/clasificado/veclcain-se-vende-casa-de-2-pisos-en-san-miguel-148863038.html?n_src=Listado&n_pills=%C3%81rea+de+lavander%C3%ADa&n_pg=1&n_pos=25|2026-03-18
adondevivir|casas|venta|Lima Moderna|San Miguel|"Alt. Cuadra 3 de Av. José de la Riva Agüero
San Miguel, San Miguel"|S/ 1,180,800 · USD 320,000|1180800|320000|||"200 m² tot.
8 dorm.
5 baños
1 estac."|200|8|5|1|Bonita y amplia casa, con muy buena iluminación y un área de 200m2, ubicada en zona tranquila y segura de San Miguel, muy cercano a amplios parques. Con fácil acceso a avenidas principales: Av. José de la Riva Agüero, Av. Universitaria, Av. La Marina. Distribución: 1er piso• Sala comedor• Cocina• 3 dormitorios• 1 baño• Cuarto y baño de servicio2do piso: • Sala• 3 dormitorios• 2 baños• Deposito3er piso• Sala• 2 dormitorios• Baño• Área de lavandería• Terraza¡No dudes en visitarla y vivir en un lugar seguro y agradable! * Las fotografías, precios y descripción de esta propiedad son|https://www.adondevivir.com/propiedades/clasificado/veclcain-casa-en-san-miguel-lima-147310477.html?n_src=Listado&n_pills=%C3%81rea+de+lavander%C3%ADa&n_pg=1&n_pos=26|2026-03-18
adondevivir|casas|venta|Lima Moderna|San Miguel|"calle Paris 122 san miguel lima
Callao, San Miguel"|S/ 1,040,000 · USD 305,000|1040000|305000|||"168 m² tot.
5 dorm.
4 baños
2 estac."|168|5|4|2|Oportunidad en San Miguel – Casa de 3 pisos con alto potencial familiar e inversión: Calle París Nros. 122 – 124, San Miguel – Lima. Precio de venta: us$ 335, 000 (negociable) Ubicada en una zona céntrica y de alta demanda, esta propiedad combina lo mejor de una vivienda familiar con el potencial de un activo inmobiliario rentable. A solo pasos de la Av. Venezuela, Av- Elmer Faucett y al Hospital Naval y muy cerca del centro comercial Metro San Miguel, su ubicación ofrece una conectividad inmejorable, con todos los servicios al alcance. Originalmente concebida como una sola casa familiar, fue adaptada posteriormente para tres departamentos independientes (uno por piso), lo que permite múltiples opciones de uso: • Vivir en familia con independencia entre pisos, permitiendo privacidad y cercanía entre generaciones. • Remodelar y unificar los tres niveles para recuperar una amplia y moderna residencia unifamiliar, con jardín posterior y excelente frente. • Invertir y alquilar los tres departamentos de manera independiente, generando ingresos mensuales estables y asegurando valorización sostenida. El inmueble se encuentra en una zona residencial tranquila, pero con acceso inmediato a servicios, comercio y transporte. Su entorno lo convierte en una opción ideal tanto para quienes buscan establecer su hogar en San Miguel como para inversionistas que priorizan rentabilidad y ubicación estratégica. • Área de terreno: 150 m² • Área construida total: 167. 33 m² • Antigüedad: más de 50 años. • Documentación en regla. • Propiedad inscrita a nombre de tres herederos con participación indivisa, sin cargas ni gravámenes, lista para formalizar la compraventa. Contáctanos para coordinar una visita y conocer todo su potencial. Precio de salida: us$ 335, 000 con margen de negociación razonable.|https://www.adondevivir.com/propiedades/clasificado/veclcain-se-vende-casa-de-3-pisos-en-cdra.-1-de-calle-paris-148138362.html?n_src=Listado&n_pills=Jard%C3%ADn&n_pg=1&n_pos=27|2026-03-18
adondevivir|casas|venta|Lima Moderna|San Miguel|"CALLE UNO
San Miguel, San Miguel"|S/ 997,100 · USD 295,000|997100|295000|||"170 m² tot.
4 dorm.
3 baños
2 estac."|170|4|3|2|Linda casa totalmente remodelada, cerca a la av. Costanera que une los puntos importantes de la costa de Lima: casa de 2 plantas mas linda terraza. Caracteristicas. . 1er. Piso: - Fachada con muros altos, ingreso con jardín exterior, cochera para 2 autos. - Sala comedor, con salida a lindo jardín. - Cocina amplia, equipada, diseñada con espacio para comedor de diario. - Alacena (depósito) - Patio con zona de lavado - dormitorio y baño de servicio. - baño de visita. Segundo piso: - Hall de distribución. - 3 dormitorios, el principal con baño incorporado. - otro baño familiar. - 1 escritorio grande, puede ser dormitorio. Azotea O terraza: - Tiene ingreso desde el primer piso, por la parte trasera del jardín. La casa ha sido totalmente remodelada, sistema agua desague, sistema electrico, pisos en porcelanato, sanitarios. Tiene conexion de gas. Area terreno: 1870. Area construida: 280|https://www.adondevivir.com/propiedades/clasificado/veclcain-la-casa-que-buscas:-lista-para-habitar:-remodelada-al-148428094.html?n_src=Listado&n_pills=%C3%81rea+de+lavander%C3%ADa&n_pg=1&n_pos=28|2026-03-18
adondevivir|casas|venta|Lima Moderna|San Miguel|"Aymaras 159
San Miguel, Lima"|S/ 835,000 · USD 249,000|835000|249000|||"150 m² tot.
3 dorm.
2 baños"|150|3|2||Excelente ubicacion a media cuadra de parque. Para remodelar Completamente. 1er p. Cochera para 2 a 3 autos, hall de ingreso 1 baño de visitas, sala comedor, cocina puerta de servicio lavanderia, cuarto y baño de servicio, jardin patio y terraza. 2do p. Hall de distribucion, 1 baño, 3 dormitoris. Casa de 151m2 de terreno y 130m2 de construccion|https://www.adondevivir.com/propiedades/clasificado/veclcain-casa-a-remodelar-totalmente-maranga-san-miguel-148956721.html?n_src=Listado&n_pills=%C3%81rea+de+lavander%C3%ADa&n_pg=1&n_pos=29|2026-03-18
adondevivir|casas|venta|Lima Moderna|San Miguel|"CALLE MIGUEL CORTÉS 130
Maranga Etapa Vii, San Miguel"|S/ 1,152,600 · USD 339,000|1152600|339000|||"160 m² tot.
4 dorm.
3 baños"|160|4|3||Ubicada en la mejor zona de San Miguel, altura de la Av. Rafael Escardó y Av. Precursores. La casa tiene 160 m2 de área de terreno y 248 construidos en 2 niveles + azotea. Parámetros para 4 pisos + área social en 5to piso. Primer piso: MiniDpto. Cochera para un auto. Sala comedor. Cocina amplia con acceso al jardín. ½ baño de visita. Amplio Jardin interior. Segundo piso: 3 dormitorios, principal con closet. Un baño completo. Tercer piso: Azotea con un dormitorio y baño|https://www.adondevivir.com/propiedades/clasificado/veclcain-vendo-casa-para-restaurar-160-mt-de-a.-t.-en-urb-149095914.html?n_src=Listado&n_pills=Cerca+a+colegios&n_pg=1&n_pos=30|2026-03-18
adondevivir|casas|venta|Lima Moderna|San Miguel|"Ausangate 659
San Miguel, Lima"|S/ 1,000,000 · USD 320,000|1000000|320000|||"400 m² tot.
8 dorm.
4 baños
2 estac."|400|8|4|2|Casa frente a parque de 3 pisos, cada piso tiene un departamento con entrada independiente + 2 cocheras + 1 jardín. - Área de terreno 180 m2. - Área de los departamentos. Primer piso (124 m2) Segundo piso (85 m2) Tercer piso (77 m2)) parametros para 7 pisos. 1er piso. - Jardín. - Cochera para 2 carros. - 3 habitaciones. - 2 baños. - cocina con gas calidda. - Sala comedor. - patio trasero/ terraza. - tendal. - conexión gas natural. 1 cuarto de servicio. 2do piso. - 2 habitaciones. - 1 baño. - Cocina con gas calidda. - sala comedor. - tendal con terraza. - Conexión gas natural. 3er piso. - 2 habitaciones. - 1 baño. - Cocina. - Sala comedor. - Tendal con terraza. Precio $320. 000 fijo|https://www.adondevivir.com/propiedades/clasificado/veclcain-solo-para-inversionistas-de-alquiler-o-familias-148360086.html?n_src=Listado&n_pills=%C3%81rea+de+lavander%C3%ADa&n_pg=2&n_pos=1|2026-03-18
adondevivir|casas|venta|Lima Moderna|San Miguel|"Alt. Cuadra 3 de Av. José de la Riva Agüero
San Miguel, San Miguel"|S/ 1,180,800 · USD 320,000|1180800|320000|||"200 m² tot.
8 dorm.
5 baños
1 estac."|200|8|5|1|Bonita y amplia casa, con muy buena iluminación y un área de 200m2, ubicada en zona tranquila y segura de San Miguel, muy cercano a amplios parques. Con fácil acceso a avenidas principales: Av. José de la Riva Agüero, Av. Universitaria, Av. La Marina. Distribución: 1er piso• Sala comedor• Cocina• 3 dormitorios• 1 baño• Cuarto y baño de servicio2do piso: • Sala• 3 dormitorios• 2 baños• Deposito3er piso• Sala• 2 dormitorios• Baño• Área de lavandería• Terraza¡No dudes en visitarla y vivir en un lugar seguro y agradable! * Las fotografías, precios y descripción de esta propiedad son|https://www.adondevivir.com/propiedades/clasificado/veclcain-casa-en-san-miguel-lima-147310477.html?n_src=Listado&n_pills=Cuartos+de+servicio&n_pg=2&n_pos=2|2026-03-18
adondevivir|casas|venta|Lima Moderna|San Miguel|"Maypu 137
San Miguel, Lima"|S/ 871,000 · USD 260,000|871000|260000|||"224 m² tot.
5 dorm.
1 baño"|224|5|||Nori Palacios 9. 5. 1. 3. 1. 3. 8. *-. 8. 6. Acogedora casa como terreno, en venta, ubicada frente al parque Carabobos, en una zona residencial y tranquila, a media cuadra de la Av. Escardo y a 3 cuadras de la Av. La Marina. Rodeada de areas verdes y edificios, Caracterisiticas: Area Terreno 160 m2. Area Costruida 224 m2. Primer piso. sala comedor. comedor del diario. 2 habitaciones. patio. 1 baño complet0. 1 1/2 medio baño. Segundo piso. sala de estar. 3 habitaciones(una de ellas se hizo una ampliacion, un mimi Dpto) Piso 3. Azotea. divisiones de concreto para hacer 2 habitaciones y un baño. Estacionamiento|https://www.adondevivir.com/propiedades/clasificado/veclcain-se-vende-acogedora-casa-como-terreno-san-miguel-149159244.html?n_src=Listado&n_pills=Frente+a+parque&n_pg=2&n_pos=3|2026-03-18
adondevivir|casas|venta|Lima Moderna|San Miguel|"Jirón Independencia
San Miguel, Lima"|S/ 1,189,250 · USD 355,000|1189250|355000|||"204 m² tot.
5 dorm.
5 baños
1 estac."|204|5|5|1|Oportunidad en San Miguel! Casa con 2 frentes + Local Comercial. Ubicada en una excelente zona de San Miguel, rodeada de áreas verdes. y muy cerca de las principales avenidas: Av. Universitaria, Av. La Marina, Av. Lima y Prolongación Cusco. Además, podrás disfrutar de la cercanía a nuestro hermoso mar. La propiedad está situada paralela a la Av. Universitaria y cuenta con dos frentes, uno de ellos con ingreso a local comercial independiente. Áreas. Área de terreno: 204 m² Área construida: 330 m² Frente: 11 mts. Fondo: 18. 50 mts. Distribución: 1° Piso. Pasadizo. Portón de cochera. Puerta de ingreso a sala y comedor. Cocina con reposteros altos y bajos en melamine. Baño completo. Patio interior con lavandería y baño. Local comercial con ingreso independiente por la otra calle. (La casa cuenta con 2 frentes) 2° Piso. Balcón–terraza con mampara. Sala de tv. Dormitorio principal con clóset y baño incorporado. Dormitorio secundario con clóset y baño incorporado. 2 dormitorios secundarios adicionales con un baño común. 3° Piso. Mini departamento. Visítenos para que pueda conocer la ubicación, el entorno y todas las comodidades que ofrece esta amplia propiedad. Informes: 9 9 6 4 3 8 1 6 4|https://www.adondevivir.com/propiedades/clasificado/veclcain-san-miguel-casa-esquina-204-m-sup2--paralela-av-148198494.html?n_src=Listado&n_pills=Cerca+a+colegios&n_pg=2&n_pos=4|2026-03-18
adondevivir|casas|venta|Lima Moderna|San Miguel|"Av. la Marina
San Miguel, Lima"|S/ 1,097,000 · USD 320,000|1097000|320000|||"205 m² tot.
5 dorm.
3 baños"|205|5|3||Vendo casa de 2 pisos en esquina en san miguel. el inmueble se encuentra ubicado A unos pasos de la av la marina, av insurgentes, los precursores, etc. Rodeado de area verdes A 12 minutos de plaza san miguel, cerca de parques, colegios, restaurantes, bancos, centros de salud. Area de terreno: 140 M2. area construida: 205 M2. primer nivel: cuenta con dos cocheras con accesos independientes, 1 oficina un consultorio con baño, cocina, lavanderia, amplia sala comedor, baño de visitas Y baño auxiliar. Segundo nivel: 3 dormitorios con closet Y un baño completo. Azotea: 2 dormitorios, terraza Y un baño completo. Precio: 320. 000 dolares. Contacto: con alejandro lostaunau al Ver datos|https://www.adondevivir.com/propiedades/clasificado/veclcain-vendo-casa-de-2-pisos-en-esquina-en-san-miguel-149276273.html?n_src=Listado&n_pills=%C3%81rea+de+lavander%C3%ADa&n_pg=2&n_pos=5|2026-03-18
adondevivir|casas|venta|Lima Moderna|San Miguel|"MARANGA
Maranga, San Miguel"|S/ 1,920,900 · USD 570,000|1920900|570000||1|300 m² tot.|300||||Vendo casa para remodelar de 300M2 en urb. Maranga / san miguel. el inmueble cuentan con doble frente, A unos pasos de la upc de la marina, hiraoka, tottus, con facil acceso A avenidas principales av. Rafael escardo, av. Brigida silva Y 5 mnutos de plaza san miguel rodeado de areas verdes, cerca de parques, colegios, centros comerciales, farmcias Y bancos. Area de terreno: 300M2. precio: $570, 000. se escuchan propuestas formales. contacto Y visitas con alejandro lostaunau al Ver datos|https://www.adondevivir.com/propiedades/clasificado/veclcain-vendo-casa-para-remodelar-de-300-m-sup2--en-urb.-148675030.html?n_src=Listado&n_pills=Cerca+a+colegios&n_pg=2&n_pos=6|2026-03-18
adondevivir|casas|venta|Lima Moderna|San Miguel|"Diego Quispe Tito 270
San Miguel, Lima"|S/ 1,680,000 · USD 480,000|1680000|480000|||"283 m² tot.
6 dorm.
4 baños
3 estac."|283|6|4|3|Venta de Hermosa casa en San Miguel Urb Pando 7ma EtapaUna casa amplia de 3 pisos totalmente remodelada rodeada de parques a tan solo 5 minutos de plaza san MiguelPrimer nivel- Una hermosa terraza delantera ideal para tardes en parrilla con familia- Sala/Comedor amplia con ingreso de luz natural- Cocina tipo isla super amplia con muebles bajos y altos- Patio trasero que se une con la sala dándole más amplitud- Cochera lineal para 3 autos- 2 medios bañosSegundo nivel- amplia sala de estar- 2 habitaciones amplia ideal para camas King con closet de piso a techo y baño incluído- 2 habitaciones ampliasTercer nivel- una habitación- un baño- lavandería- amplia terrazaPara mas información, contáctame. 121% comprometidos en brindarte un servicio de excelencia.|https://www.adondevivir.com/propiedades/clasificado/veclcain-casa-en-san-miguel-lima-148063817.html?n_src=Listado&n_pills=%C3%81rea+de+lavander%C3%ADa&n_pg=2&n_pos=7|2026-03-18
adondevivir|casas|venta|Lima Moderna|San Miguel|"Av. de los Patriotas Cdra 4
San Miguel, Lima"|S/ 2,861,950 · USD 740,000|2861950|740000|||"396 m² tot.
7 dorm.
4 baños
2 estac."|396|7|4|2|Se vende casa de 396 m2 de área de terreno y 480 m2 de área construida, con 7 dormitorios ideal para familia grande, oficinas administrativas, o proyecto inmobiliario. Ubicada en la cuadra 4 de Av Patriotas, a dos cuadras de Av. La Marina. -Área de Terreno 396 m2-Frente12 ml-Fondo 33 ml-Zonificación: rda-Altura permitida: 8 pisos La casa cuenta con 3 pisos, la distribución es la siguiente: -Primer piso: Cochera, hall de ingreso, sala, comedor, baño de visita, cocina con comedor de diario, 3 oficinas, depósito, jardin interior, cuarto de servicio, baño de servicio. -Segundo piso: 3 dormitorios, 2 estudios, 1 oratorio, 2 baños completos, sala de estar, terraza. -Tercer piso: 4 dormitorios, sala de estar, baño, lavandería, dos depósitos, patio, tendal. T. C. 3. 50Tipo de cambio referencial, sujeto a variación diaria por fluctuación del mercado|https://www.adondevivir.com/propiedades/clasificado/veclcain-se-vende-casa-terreno-en-av-los-patriotas-san-miguel-148537364.html?n_src=Listado&n_pills=%C3%81rea+de+lavander%C3%ADa&n_pg=2&n_pos=8|2026-03-18
adondevivir|casas|venta|Lima Moderna|San Miguel|"Calle Mariscal Mariano Necochea 100, San Miguel
San Miguel, Lima"|S/ 1,700,000 · USD 500,000|1700000|500000|||"64 m² tot.
10 dorm.
6 baños"|64|10|6||*R. U. C: 2. 0. 6. 0. 0. 1. 6. 2. 9. 9. 4* Razón Social: Constructora e Inmobiliaria Casa 21 S. A. C. Se vende casa de 64m² en San Miguel, una excelente oportunidad de inversión que genera ingresos inmediatos y seguros. Esta moderna propiedad de 5 pisos, ubicada a solo 2 cuadras de la upc, cuenta con 6 unidades en total: 4 departamentos independientes de 2 dormitorios y 2 minidepartamentos listos para alquilar, perfectos para estudiantes, familias jóvenes o incluso plataformas como Airbnb. Su estratégica ubicación, rodeada de universidades, comercios, centros comerciales y avenidas principales, garantiza una alta rotación de inquilinos, renta mensual constante y creciente plusvalía. Una propiedad que se paga sola, convierte tu inversión en una fuente de ingresos estable y te asegura el futuro en una de las zonas con mayor proyección de Lima. *Contáctate con Johanna Alania 9. 5. 2. 7. 1. 2. 0. 3. 5* Características: - Área de 64m2. - 4 Departamentos independientes (2 dormitorios, 1 baño, sala, comedor, cocina cerrada). - 2 Minidepartamentos listos para alquilar. - 6 Unidades en total con demanda asegurada por ser zona céntrica. Precio: us$ 500, 000. 00 Negociables. ¡Todo lo que necesitas para vivir de la mejor manera! No pierdas la oportunidad. Contáctanos ahora para más información y agendar una visita. *Contáctate con Johanna Alania 9. 5. 2. 7. 1. 2. 0. 3. 5*|https://www.adondevivir.com/propiedades/clasificado/veclcain-venta-de-casa-edificio-en-san-miguel-de-64-m-sup2--de-147578698.html?n_src=Listado&n_pg=2&n_pos=9|2026-03-18
adondevivir|casas|venta|Lima Moderna|San Miguel|"Av LA PAZ N° 16xx, Dpto. 208 AL 1208 A
San Miguel, Lima"|S/ 207,304|207304||||"40 m² tot.
1 dorm.
1 baño
1 estac."|40|1||1|Vivienda Multifamiliar con moderna arquitectura en diseño y distribución lo cual permite tener los departamentos con ambientes más confortables de la zona donde Tu Familia podrá disfrutar de su vivienda propia. Magnífica ubicación muy cerca de parques, colegios, universidades, circuito de playas y avenidas principales del distrito. Edificio de 13 pisos, 3 sótanos+2 ascensores, cuenta con 219 departamentos en total la Torre A. dpt X08 acuenta con sala-comedor, kitchenette con terraza, 1 dormitorio, con 1 baño, centro de lavado. Áreas comunes: Gimnasio, Lobby, Piscina, Sala Bar, Sala de Niños, Sala de usos Múltiples, Zona de ParrillasEstacionamientos desde S/48, 800entrega marzo 2027financia bcp|https://www.adondevivir.com/propiedades/clasificado/veclcain-venta-departamento-san-miguel-dpto-208-al-1208-a-146762666.html?n_src=Listado&n_pills=Gimnasio&n_pg=2&n_pos=10|2026-03-18
adondevivir|casas|venta|Lima Moderna|San Miguel|"Federico Gerdes 167
Pando, San Miguel"|S/ 1,411,000 · USD 415,000|1411000|415000|||"200 m² tot.
6 dorm.
4 baños"|200|6|4||"Hermosa y amplia casa de 3 pisos + azotea en venta en San Miguel | Excelente ubicación cerca a Plaza San Miguel. Se vende espaciosa y acogedora casa de tres pisos más azotea, ubicada en una zona estratégica de San Miguel, muy cerca de Plaza San Miguel y con rápido acceso a importantes avenidas como Avenida La Marina, Avenida Universitaria y el Circuito de Playas de la Costa Verde. La propiedad destaca por sus techos altos, amplios ambientes y grandes ventanas, que permiten una excelente iluminación natural y ventilación en todos los espacios, creando un ambiente fresco y muy confortable para toda la familia. Primer piso. Al ingresar encontramos un lindo vestíbulo muy iluminado que da paso a una amplia sala comedor con vista al jardín. El área social se conecta con un hermoso jardín interior a través de mamparas, permitiendo el ingreso de abundante luz natural y una agradable sensación de amplitud. Bajando unas gradas se ubica una acogedora sala de estar, ideal como family room, sala de tv o espacio multifuncional según las necesidades de la familia. La cocina es amplia y funcional, cuenta con comedor de diario y reposteros altos y bajos, además de acceso directo al jardín y al pasadizo del área de servicio. También dispone de una gran despensa o habitación adicional y baño de visita. Segundo piso. Subiendo las escaleras encontramos un espacioso family room, perfecto como área de descanso o entretenimiento. En este nivel se ubica: - Dormitorio principal amplio, con hermosa vista al jardín interior, muy luminoso y ventilado. - Un dormitorio secundario. - Un ambiente adicional, ideal como dormitorio, oficina o estudio. - Baño completo. Tercer piso. Este nivel cuenta con: - Tres habitaciones adicionales. - Un estudio. - Un baño completo. Todos los ambientes destacan por su excelente iluminación natural, ventilación y frescura, gracias a las amplias ventanas presentes en toda la propiedad. Azotea (cuarto nivel) En la azotea encontramos: - Área de parrilla, perfecta para reuniones y momentos en familia. - Área de servicio completa (cuarto y baño) - Lavandería. Características destacadas. Techos altos y excelente iluminación natural. Ambientes amplios y bien distribuidos. Jardín interior que aporta luz y tranquilidad. Zona residencial con acceso rápido a avenidas principales. Ideal para familias grandes o quienes buscan espacios cómodos y versátiles"|https://www.adondevivir.com/propiedades/clasificado/veclcain-hermosa-y-amplia-casa-de-3-pisos-azotea-en-venta-en-149274888.html?n_src=Listado&n_pills=Jard%C3%ADn&n_pg=2&n_pos=11|2026-03-18
adondevivir|casas|venta|Lima Moderna|San Miguel|"Calle La Apacheta 161 San Miguel
San Miguel, Lima"|S/ 960,450 · USD 285,000|960450|285000|||"160 m² tot.
5 dorm.
3 baños
1 estac."|160|5|3|1|¡Tu Nuevo Hogar en San Miguel Espera por Ti! ¿Buscas el lugar perfecto para vivir en familia? Esta casa de 3 pisos en el corazón de San Miguel tiene todo lo que necesitas: 5 amplias habitaciones para mayor comodidad (2 en el primer piso, una de ellas con baño completo) Sala comedor iluminada, perfecta para tus reuniones. Terraza interior ideal para momentos al aire libre. Cocina equipada con reposteros altos y bajos con espacio para comedor de diario. Baño de visita y 3 baños completos para tu confort. Área de lavandería, cuarto y baño de servicio, y área de tendal. Patio amplio y estacionamiento. Ubicación estratégica: Cerca a avenidas principales: Faucett, Precursores, Venezuela, Insurgentes y La Marina. A pocos minutos del aeropuerto. Rodeada de parques, centros comerciales, autoservicios y colegios. Imagina empezar tus mañanas con la tranquilidad de un parque cercano, tener todo a tu alcance y disfrutar de un espacio pensado para cada miembro de tu familia. Haz que esta casa sea tuya hoy mismo. Escríbeme para más información o agendar una visita.|https://www.adondevivir.com/propiedades/clasificado/veclcain-venta-de-casa-remodelada-en-san-miguel-148550308.html?n_src=Listado&n_pills=%C3%81rea+de+lavander%C3%ADa&n_pg=2&n_pos=12|2026-03-18
adondevivir|casas|venta|Lima Moderna|San Miguel|"Solitario de Sayan 437
San Miguel, Lima"|S/ 1,200,000 · USD 320,000|1200000|320000|||"207 m² tot.
3 dorm.
2 baños
1 estac."|207|3|2|1|Id: 3 3 0 1 7 *recibe información de inmediato escaneando el código qr! * Vendo casa a precio de terreno, con un área de terreno de 207 m2. Ubicada en la cuadra 4 de la Calle Solitario de Sayán, fente al parque Ayacucho, paralela a la cuadra 4 de Patriotas y cuadra 30 de La Av. La Marina. A solo 4 cuadras de la Av. Escardo. Cerca a Plaza San Miguel, Metro, Tottus, upc y pucp. Frente: 9 m. Fondo: 23 m. Parámetros para 5 pisos mas azotea. Zonificación: rdm ii Area construida: 130 m2 Pisos: 1 Distribución: 1 cochera, jardín interior, 3 Dormitorios, área de cocina, patio trasero, 2 baños, cuarto y baño de servicio. 121% comprometidos en brindarte un servicio de excelencia.|https://www.adondevivir.com/propiedades/clasificado/veclcain-vendo-terreno-frente-a-parque-en-san-miguel-id:-3-3-0-147503918.html?n_src=Listado&n_pills=Seguridad&n_pg=2&n_pos=13|2026-03-18
adondevivir|casas|venta|Lima Moderna|San Miguel|"Collasuyo al 100
San Miguel, Lima"|S/ 1,776,750 · USD 515,000|1776750|515000|||"350 m² tot.
5 dorm.
4 baños
4 estac."|350|5|4|4|Casa en venta en san miguel cerca A parque para vivienda O proyecto inmobiliario Amplia Casa en venta de 3 pisos, y a solo una cuadra de la Av. La Marina. Parámetros de 5 a 6 pisosÁrea de terreno 270 m2Área construida 350 m210x 27 mlPrimer piso: Garaje para 3 hasta 4 carrosRecibidorSala, incluye moderno centro de tv, pedestales en caoba tallada. Comedor, incluye consola en caobaCocina espaciosa con acceso al patio, pisos en cerámico, incluye cocina de 5 hornillas y refrigeradora. Baño de visitasHabitación con baño propio, incluye sofá de 2 cuerpos, escritorio y sillaÁrea de lavadoAmplio Jardín interiorSegundo Nivel: Sala de estar, incluye sofá cama1 habitación principal con baño propio y closet, se deja toda amoblada. 3 amplias habitaciones secundarias, todas con closetBaño completoTercer Nivel: AzoteaÁrea de lavado, incluye lavadoraCaracterísticas: Pisos en parquetVentanas modernas en sistema pivot con vidrio y accesoriosPuerta principal en caoba talladaPatio con pisos en porcelanatoAdemás cuenta con un área adicional para negocio o rentabilizarlo como alquiler de local Características: Pisos en parquetVentanas modernas en sistema pivot con vidrio y accesoriosPuerta principal en caoba talladaPatio con pisos en porcelanatoagenda tu visita, esta casa es ideal tanto para vivienda como para proyecto inmobiliario. 121% comprometidos en brindarte un servicio de excelencia.|https://www.adondevivir.com/propiedades/clasificado/veclcain-casa-en-venta-en-san-miguel-casa-de-3-pisos-cerca-a-147978669.html?n_src=Listado&n_pills=Jard%C3%ADn&n_pg=2&n_pos=14|2026-03-18
adondevivir|casas|venta|Lima Moderna|San Miguel|"CALLE SAN CARLOS 187, SAN MIGUEL
Santa Florencia, San Miguel"|S/ 1,008,000 · USD 300,000|1008000|300000|||"272 m² tot.
4 dorm.
2 baños
1 estac."|272|4|2|1|Características: La casa tiene 3 pisos. área de terreno 146m2. área construida 1er piso 120m2. área construida 2do piso 124m2. área construida 3er piso 30m2. 1er piso. Sala amplia con chimenea, Comedor. Baño de visita. Cocina. comedor de diario. Terraza. 2do piso. 4 habitaciones. 2 baños. la habitación principal con baño incorporado, Todas las habitaciones tienen clósets, 3er piso. 1 cuarto amplio. Área de lavandería. Cuarto y baño de servicio. Tiene conexión a Gas, calidda. En la cochera tiene una cisterna tanque subterráneo de agua, de muy buena capacidad para las épocas de interrupción del suministro de agua en Lima|https://www.adondevivir.com/propiedades/clasificado/veclcain-vendo-casa-en-san-miguel-146279055.html?n_src=Listado&n_pills=Frente+a+parque&n_pg=2&n_pos=15|2026-03-18
adondevivir|casas|venta|Lima Moderna|San Miguel|"Calle Echenique
San Miguel, Lima"|S/ 975,000 · USD 250,000|975000|250000|||"176 m² tot.
3 dorm.
2 baños
1 estac."|176|3|2|1|Área: 176 m2 de terreno. Antigüedad 50 años. Frente 8mt. Fondo 22 mt. Casa de 2 plantas con parámetros para 5 pisos. Sala comedor -Baño de visita-Cocina. Patio amplio - lavandería. 1 dormitorio amplio con baño completo. Cochera para 1 vehículo dentro de la propiedad. Se adaptó, además, un departamento de 2 plantas que consta: Primer piso sala - comedor, kitchenette, baño completo. Segundo piso, 3 dormitorios, pequeño Hall y 1 baño completo. Municipalidad da licencia para ciertos rubros cómo: Oficina administrativa, veterinaria, consultorios médicos, guarderías, salón de belleza, barbería. También contamos con otras alternativas bastante similares en la misma zona y presupuesto, para nosotros será un gusto enviarle un listado para que Ud. Escoja ¿cuál sería de su interés? (con características similares a esta propiedad) a su correo, así facilitamos su búsqueda y si desea comuníquese con nosotros al 9. 9. 4. 2. 0. 7. 8. 6. 0. Será un gusto atenderlos!|https://www.adondevivir.com/propiedades/clasificado/veclcain-san-miguel-venta-calle-echenique-3d-1c-2p-param-5p-64797476.html?n_src=Listado&n_pills=%C3%81rea+de+lavander%C3%ADa&n_pg=2&n_pos=16|2026-03-18
adondevivir|casas|venta|Lima Moderna|San Miguel|"Calle Dean Saavedra al 200
San Miguel, San Miguel"|S/ 1,740,700 · USD 515,000|1740700|515000|||"300 m² tot.
3 baños
2 estac."|300||3|2|¡Oportunidad única de inversión inmobiliaria en San Miguel! Se vende una casa como terreno en el distrito de San Miguel, con un área de 300m2 y características ideales para un proyecto inmobiliario. Con 10 metros de frente y 30 metros de fondo, este terreno ofrece una gran oportunidad para desarrollar un proyecto de gran envergadura. Características del terreno- Área: 300m2- Medidas: 10m de frente x 30m de fondo- Parámetros: 8 pisos- Ubicación: Calle Dean Saavedra, entre Av. La Marina y Av. Rafael Escardo- Cercanía a servicios y amenities: muy cerca a todoOportunidad de inversión- Ideal para proyectos inmobiliarios de gran escala- Ubicación estratégica en un distrito en crecimiento y desarrollo- Acceso a servicios y amenities cercanosNo te pierdas la oportunidad de invertir en este terreno con gran potencial de desarrollo. ¡Contáctame para obtener más información y aprovechar esta oportunidad única! 121% comprometidos en brindarte un servicio de excelencia.|https://www.adondevivir.com/propiedades/clasificado/veclcain-casa-terreno-en-san-miguel-147843280.html?n_src=Listado&n_pg=2&n_pos=17|2026-03-18
adondevivir|casas|venta|Lima Moderna|San Miguel|"Av. Tacna
San Miguel, Lima"|S/ 1,631,250 · USD 435,000|1631250|435000|||"276 m² tot.
3 dorm.
3 baños
5 estac."|276|3|3|5|Precio de venta us$ 435, 000. A. T. 276. 00 m2. A. C. 469. 00 m2. 15 años de antigüedad en muy buen estado de conservación. vista a la calle. Linderos: Frente y fondo 12 ml. Izq. Y der. 23 ml. Zonificación rdm. parámetros para 5 pisos. Descripción: Actualmente es una casa de dos plantas, Sala, comedor, cocina, sala de estar, 3 dormitorios, 3 baños, 1 cuarto de servicio, 1 baño de servicio, lavandería. Terraza, 5 cocheras tipo paralelas. También contamos con otras alternativas bastante similares en la misma zona y presupuesto, para nosotros será un gusto enviarle un listado para que Ud. Escoja ¿cuál sería de su interés? (con características similares a esta propiedad) a su correo, así facilitamos su búsqueda y si desea comuníquese con nosotros al 9. 9. 4. 2. 0. 7. 8. 6. 0. Será un gusto atenderlos!|https://www.adondevivir.com/propiedades/clasificado/veclcain--san-miguel-vta.-av-tacna-casa-terreno-o-remodelar-3d-56853479.html?n_src=Listado&n_pills=%C3%81rea+de+lavander%C3%ADa&n_pg=2&n_pos=18|2026-03-18
adondevivir|casas|venta|Lima Moderna|San Miguel|"Calle Los Yungas 270
San Miguel, Lima"|S/ 309,750 · USD 88,500|309750|88500|||"53 m² tot.
2 dorm.
2 baños"|53|2|2||Departamentos de Estreno - Urbanización Maranga - San Miguel &quot;No pagan Alcabala&quot;Departamentos en Venta Residencial Ipanema nuevo y exclusivo edificio de solo 5 pisos2 Departamentos por piso hasta el 4to piso, el 5to piso tiene 3 Departamentos DúplexAscensor inteligente - Pasillos y areas transito muy iluminadas y ventiladasEl edificio cuenta con Gas NaturalUnidades disponibles de 2 y 3 dormitorios entre 59 a 72 metros cuadradosSala comedor ampliosCocina abierta estilo americano con muebles altos y bajos en melamine y tableros de granitolavandería con puntos de agua y desague para lavadoraPisos de porcelanato anti deslizable en color claro2 dormitorios con closets en melamina blancoFinos acabadosbaños dotados de extractoresInstalaciones eléctricas individualizadas con llaves térmicas en caja de controlCocheras lineales disponibles desde us 11, 799. 93¡Ven y visita este departamento! Descubre todo lo que tiene para ofrecerte. Contáctanos! 121% comprometidos en brindarte un servicio de excelencia.|https://www.adondevivir.com/propiedades/clasificado/veclcain-departamentos-de-estreno-urbanizacion-maranga-san-148211936.html?n_src=Listado&n_pills=%C3%81rea+de+lavander%C3%ADa&n_pg=2&n_pos=19|2026-03-18
adondevivir|casas|venta|Lima Moderna|San Miguel|"AV Tacna 800
San Miguel, San Miguel"|S/ 1,700,000 · USD 505,000|1700000|505000|||"304 m² tot.
5 dorm.
3 baños
1 estac."|304|5|3|1|Ponemos a la venta esta espaciosa casa ubicada en esquina en San Miguel (Calle Tacna). Con una construcción de 304. 56 m² lista para ser modernizada y convertirse en el hogar de tus sueños. Olvídate de los departamentos pequeños. Aquí tienes 4 dormitorios grandes en el segundo piso, más un dormitorio de servicio completo en la azotea, y amplias áreas libres para disfrutar. Área de Terreno: 262. 48 m²Área Construida: 304. 56 m² (1er Piso: 154. 66m² / 2º Piso: 118. 63m² / Azotea: 31. 27m²). Casa de 2 niveles + AzoteaUbicada en Esquina (Mayor luz y visibilidad) 5 habitaciones (4 principales + 1 servicio) 3. 5 (3 baños completos + 1/2 baño de visita/servicio) Garaje techado (Portero eléctrico) Amplia área libre de 107. 82 m² para reuniones o mascota. Documentación 100% Saneadainversión segura: Documentación 100% saneada, sin gravámenes ni cargas registradas. ¡Lista para la transferencia inmediata! ¡sin cargas ni hipotecas! Lista para transferencia. Potencial de crecimiento (lista para modernizar a tu gusto). En un mercado donde el espacio es cada vez más escaso, esta es una gran oportunidad en San Miguel que te ofrece 262 m² de terreno y cero problemas legales (¡sin hipotecas ni cargas!). No te conformes con departamentos que comprometen tu calidad de vida. Esta casa es la oportunidad ideal para la familia que busca: ¿Estás listo para darle a tu familia el espacio que merece? no esperes más: Envíanos un mensaje ahora mismo o haz clic en el botón de contacto para agendar tu visita guiada. ¡Permíteme mostrarte el potencial de tu próximo hogar en persona! Consultar con el Agente Inmobiliario encargado para mayor información Ver datos.|https://www.adondevivir.com/propiedades/clasificado/veclcain-la-casa-de-262-m-sup2--que-tu-familia-necesita-esta-en-148163600.html?n_src=Listado&n_pills=Cuartos+de+servicio&n_pg=2&n_pos=20|2026-03-18
adondevivir|casas|venta|Lima Moderna|San Miguel|"Jirón Arica 1
San Miguel, Lima"|S/ 2,178,400 · USD 560,000|2178400|560000|||"445 m² tot.
4 dorm.
3 baños
2 estac."|445|4|3|2|Vendo Linda casa en calle Jirón Arica 1, San Miguel. (Ref: espalda de la municipalidad de San Miguel). Área Terreno: 404 m2, Área Construida: 445 m2. Vista a la calle, dos plantas. Hall de ingreso, comedor, comedor de diario, cocina, escritorio, sala de estar, 4 dormitorios, 3 baños, 1 baño incorporado, 1 cuarto de servicio, 1 baño de servicio, lavandería. Terraza, 2 cocheras paralelas abiertas. Mg|https://www.adondevivir.com/propiedades/clasificado/veclcain-vendo-linda-casa-en-calle-jiron-arica-1-san-miguel-146768749.html?n_src=Listado&n_pills=Guardian%C3%ADa%2FSeguridad+privada&n_pg=2&n_pos=21|2026-03-18
adondevivir|casas|venta|Lima Moderna|San Miguel|"Bahia de Salinas
San Miguel, Lima"|S/ 852,500 · USD 254,000|852500|254000|||"140 m² tot.
6 dorm.
5 baños"|140|6|5||Excelente oportunidad de adquirir casa amplia en San Miguel, ubicada entre las Av. Pio xii y Venezuela, a solo 5 cuadras de Av. Elmer Faucett. Propiedad dentro de pasaje en urbanización cerrada con seguridad 24 horas, en zona estratégica con acceso rápido a Lima y Callao. Área de Terreno: 140 m² Área Construida: 269. 81 m² Precio: us$ 254, 000. (Tipo de cambio referencial) Distribución. Primer Piso (89. 95 m² techados / 140 m² ocupados) Sala comedor amplia e iluminada. Mamparas con salida a patio – terraza. Cocina cerrada con doble acceso (principal y servicio) Jardín delantero con rosal. Baño completo. Patio terraza posterior. Segundo Piso (95. 90 m² techados) Sala de estar amplia. 2 habitaciones con vista exterior. 2 habitaciones con vista interior. Baños completos. Pisos de parqué Espacio para clósets en todas las habitaciones. Tercer Piso (83. 96 m² techados) Ambiente extra grande de uso múltiple. Oficina independiente con baño (vista exterior) 1 habitación grande. 1 habitación mediana. Lavandería y tendal. Sala de estar. Baño completo. Ubicación Estratégica. 5 cuadras de Metro Faucett. Cerca de bancos, colegios, malls, restaurantes. Acceso rápido a avenidas principales. Cercano a hospitales y clínicas. Documentación. Papeles en regla. Único dueño. Lista para transferir. Ideal para familias que buscan amplitud, seguridad y excelente conectividad en San Miguel. Agenda tu visita. Re central real estate. Especialistas en comercialización estratégica y cierre seguro.|https://www.adondevivir.com/propiedades/clasificado/veclcain-vendo-casa-de-3-pisos-en-san-miguel-urbanizacion-149129364.html?n_src=Listado&n_pills=Guardian%C3%ADa%2FSeguridad+privada&n_pg=2&n_pos=22|2026-03-18
adondevivir|casas|venta|Lima Moderna|San Miguel|"Alt. Venezuela CON Insurgentes
San Miguel, San Miguel"|S/ 999,000 · USD 270,000|999000|270000|||"140 m² tot.
3 dorm.
2 baños
1 estac."|140|3|2|1|¡¡Hermosa casa en venta ubicada en San Miguel!! Se vende casa de 2 pisos en una zona exclusiva, muy agradable, segura y tranquila. Exactamente en un espacio de 160. 00 m2. A unos pasos de la Av. Republica de Venezuela, Av. Juan Velasco Alvarado, Centro Comercial Bellavista, Municipalidad de La Perla, cerca al Ovalo de La Perla, y la Av. Elmer Faucett. La oportunidad de disfrutar desde una zona exclusiva próxima a todo lo que usted se merece. Distribución: • Sala y comedor• Cocina amoblada con comedor de diario• Dormitorios amplios• Baños completos• Área de lavandería• Jardín• Cochera para 1 autoPrecio total: us$ 270, 000 dólares americanos. * Las fotografías, precios y descripción de esta propiedad son|https://www.adondevivir.com/propiedades/clasificado/veclcain-casa-san-miguel-147557894.html?n_src=Listado&n_pills=%C3%81rea+de+lavander%C3%ADa&n_pg=2&n_pos=23|2026-03-18
adondevivir|casas|venta|Lima Moderna|San Miguel|"Bahía de Pisco
San Miguel, Lima"|"S/ 1,120,000 · USD 330,000
8%"|1120000|330000|8%||"420 m² tot.
10 dorm.
7 baños
2 estac."|420|10|7|2|Casa · 450m² Construido. 140m² Area de Terreno. 10 dormitorios. 2 estacionamientos. venta S/ 1, 680, 000 · usd 330, 000. Bahía de Pisco, San Miguel, Lima. 7 baños. 2 estac. (para 1camioneta Y 1auto) 10 dorm. 2 medios baños. 13 años. Venta Casa en San Miguel S/ 1, 120, 000. Remato Casa - Edificio//duplex//2 Flat//loft//terraza//cocheras 9. 4. 0. 2. 2. 0. 7. 8. 0. Escaleras internas. Edificio 5 Pisos - Casa. Cuenta con duplex de 04 Dormitorios. 2 departamentos. Loft, Terraza, tendal. . . 9. 4. 0. 2. 2. 0. 7. 8. 0. Area de terreno 140M2. arra construida 450M2 aprox. Maryon Lilibeth Muñoz Arrieta. 9. 4. 0. 2. 2. 0. 7. 8. 0. Espectacular Casa - Edificio de 5 Pisos con terraza y 6piso tendal, ubicada en zona céntrica a un paso de insurgentes, Av. La marina, colegios a minutos, a pasos de la alameda de Precursores, a minutos de Plaza San Miguel y límite con la Naval. Transporte público para todo Lima, colegios, comercios, todo a la mano y facil acceso a la bajada de playa. Primer y segundo piso 230m² Re-construido en el 2018. Tercer, cuarto y quinto piso fue edificado hace 05 años junto con el área de terraza, servicio y tendal. Primer piso: 140m² Aprox. Fue totalmente remodelado en el año 2018, cuenta con una amplia cochera para camioneta o 2 autos, y colgadores de bicicletas. Tiene dos entradas una principal y otra de servicio. Cuenta con sala-comedor amplio, un cuarto amplio, terraza interna, baño de visitas, amplia cocina con impecables muebles altos y bajos e isla amplia como comedor de diario. Segundo Piso: 95m² Aprox. 04 Dormitorios, el principal con walkin closet y clóset de pared a pared, baño incorporado con baño de hidromasaje español, 03 habitaciones amplias con clóset de pared a pared y donde entran cama queen, escritorio con la mejor de las comodidades, 1 baño completo compartido. Ventilación e iluminación natural. Tercer Piso: 95m² Aprox. Departamento amplio con sala-comedor y balcón, de 02 Dormitorios, un baño completo en el cuarto principal, y 01 Baño compartido con la 2da habitación y visitas. Cuenta con espacio amplio con puntos de agua para implementar un kitchenette, y si desea una habitación más. Cuarto piso: 95m² Departamento amplio con sala-comedor y balcón, de 02 Dormitorios, un baño completo en el cuarto principal, y 01 Baño compartido con la 2da habitación y visitas. Cuenta con espacio amplio y puntos de agua para implementar un kitchenette, y si desea una habitación más. Quinto piso: 95m² Aprox. Una Mini-departamento estilo loft americano (Abierto) con espacio para implementar el kitchenette. Cuenta con medio baño (Para implementar ducha), y área de lavandería completa, asimismo tiene una amplia de terraza y parrilla con vista. panorámica. Sexto piso: 30m² Área de tendal con una increíble vista panorámica. La construcción del 3er, 4to, 5to piso y el area del tendal Aires del 6to piso, se construyeron en el 2018, quedando unos detallitos a implementar de acuerdo al buen gusto del futuro dueño. Por ser céntrico, y límitar con la Naval, es una excelente inversión para alquiler como departamentos y/u oficina. Los acabados son A1. Porcelanato de alta cálidad. Puertas madera. Cableria de cable e internet interno. Pozo a tierra. Acabados hechos para vivir una familia, con detalles especiales. Informes y visitas al 9. 4. 0. 2. 2. 0. 7. 8. 0. Importante para solicitar visitas: Se requiere nombre completo y dni de cada visitante.|https://www.adondevivir.com/propiedades/clasificado/veclcain-remato-casa-edificio-duplex-2-142745567.html?n_src=Listado&n_pills=Seguridad&n_pg=2&n_pos=24|2026-03-18
adondevivir|casas|venta|Lima Moderna|San Miguel|"Calle Tiahuanaco Urb. Maranga - SAN Miguel
San Miguel, Lima"|S/ 1,243,200 · USD 370,000|1243200|370000|||"258 m² tot.
1 dorm.
1 baño"|258|1|||Se vende terreno en urb. Maranga san miguel - excelente ubicacionsobre el terreno hay una casa de dos pisos area: 258 M2parametros: 4 pisos mas azoteaprecio: us$ 370, 000. 00 negociablesubicacion: calle tianhanaco 100 urb. Maranga san miguelcontacto: 9. 9. 4. 1. 8. 4. 2. 9. 8. miguel iberico _________Jessica Tapia - Asociados: Tu socio inmobiliario en PerúTe ayudamos a vender, comprar o alquilar tu propiedad con un servicio personalizado y profesional. Encontramos el comprador, inquilino o inmueble perfecto para ti, asegurando que todo el proceso sea ágil y seguro. Visita nuestra web y haz realidad tus metas inmobiliarias|https://www.adondevivir.com/propiedades/clasificado/veclcain-se-vende-terreno-en-urbanizacion-maranga-san-miguel-148599161.html?n_src=Listado&n_pills=Guardian%C3%ADa%2FSeguridad+privada&n_pg=2&n_pos=25|2026-03-18
adondevivir|casas|venta|Lima Moderna|San Miguel|"teniente diego ferre 181
Pando Etapa Viii, San Miguel"|S/ 1,018,000 · USD 295,000|1018000|295000|||"164 m² tot.
7 dorm.
4 baños
1 estac."|164|7|4|1|Casa en esquina para remodelar – Comercio Vecinal – San Miguel. Se vende casa en esquina ubicada en Diego Ferre 181, San Miguel, en zona de comercio vecinal, a solo dos cuadras de la Pontificia Universidad Católica del Perú y muy cerca de la Universidad Nacional Mayor de San Marcos, Plaza San Miguel y Av. Universitaria. La propiedad cuenta con: * *Área de terreno: * 164 m² * *Área construida: * 266 m² * *Antigüedad: * 32 años. * *Precio: * usd 295, 000. 7 habitaciones. 4 baños. 1 cochera. jardin interno y jardin externo. Casa para remodelar, con excelente potencial para proyecto comercial, oficinas, consultorios, coliving o vivienda con renta, gracias a su ubicación estratégica, condición de esquina y acceso lateral por pasaje. La venta se realiza por cambio de etapa de la propietaria, lo que representa una oportunidad atractiva para inversionistas que buscan valorización en una de las zonas más demandadas de San Miguel. Contáctanos para mayor información o visita.|https://www.adondevivir.com/propiedades/clasificado/veclcain-casa-de-oportunidad-en-san-miguel-148794773.html?n_src=Listado&n_pills=Jard%C3%ADn&n_pg=2&n_pos=26|2026-03-18
adondevivir|casas|venta|Lima Moderna|San Miguel|"Calle Dean Saavedra
Maranga, San Miguel"|S/ 1,730,000 · USD 515,000|1730000|515000|||"550 m² tot.
6 dorm.
4 baños
2 estac."|550|6|4|2|Esta Casa en venta como terreno, te brinda una ubicación privilegiada, rodeada de parques y a pocos pasos de las principales avenidas de la ciudad, como Av. La Marina, Av. Escardo, Av. Universitaria y Av. Faucett. Disfruta de la comodidad de estar cerca de todo: colegios, universidades y centros comerciales como Open Plaza, Metro y Tottus, ¡todo a solo 3 minutos de Plaza San Miguel! Caracteristicas: * Área de Terreno: 300 M2. * Área Construida: 550 M2. * Zonificación: rdm. * Frontis: 10 metros. * Fondo: 30 metros. * Parámetros: 8 pisos. Esta impresionante propiedad se encuentra en un terreno de 300 m2 y tiene parámetros para 8 pisos. Su amplio espacio de 300 m2 construidos te brinda la libertad y el confort que siempre has deseado. La propiedad se encuentra habitable, sin embargo, esta para remodelar. Además, cuenta con un garaje para dos autos, lo cual es ideal para familias con múltiples vehículos. Al ingresar a esta maravillosa casa, te sorprenderá su excelente distribución. Primero segundo y tercer piso. Cuenta con una amplia piscina en el patio trasero de la Casa. Además, si lo que deseas es construir un edificio es ideal ya que cuenta con parámetros para 8 pisos y cuenta con un frontis de 10 metros. ¡¡Es lo que estas buscando, que esperas para visitarla!! Numero de Contacto: Jenny Amaya 917*814*516|https://www.adondevivir.com/propiedades/clasificado/veclcain-a-la-venta-casa-como-terreno-en-san-miguel-142581955.html?n_src=Listado&n_pills=Piscina&n_pg=2&n_pos=27|2026-03-18
adondevivir|casas|venta|Lima Moderna|San Miguel|"Alt. LA Marina Cdra. 30 / Espalda Hiraoka - Maranga
San Miguel, San Miguel"|S/ 1,608,750 · USD 429,000|1608750|429000|||"273 m² tot.
4 dorm.
2 baños
1 estac."|273|4|2|1|¡gran oportunidad de inversión! Se vende como terreno en excelente ubicación, bien distribuida en una zona exclusiva de 273. 50 m2 y una techada de200. 00 m2 en uno de los mejores distritos de Lima: San Miguel. Muy cerca de Av. La Marina, Hiraoka, upc San Miguel, Plaza San Miguel, Cassinelli, Metro La Marina, Farmacia Universal, Open Plaza La Marina, Tottus. Distribución: • Terraza• Sala y comedor amplio• Cocina amoblada• Dormitorios amplios• Baños completos• Área de lavandería cochera para 1 auto. Uso: • Viviendas ResidencialesLinderos: • Derecha: 26. 67• Izquierda: 26. 96. Precio total: us$ 429, 000 dólares americanos. ¡aprovecha! * Las fotografías, precios y descripción de esta propiedad son|https://www.adondevivir.com/propiedades/clasificado/veclcain-casa-maranga-147557985.html?n_src=Listado&n_pills=%C3%81rea+de+lavander%C3%ADa&n_pg=2&n_pos=28|2026-03-18
adondevivir|casas|venta|Lima Moderna|San Miguel|"URBANIZACION SANTA FLORENCIA - SAN MIGUEL
Santa Florencia, San Miguel"|S/ 1,081,700 · USD 290,000|1081700|290000|||"160 m² tot.
7 dorm.
4 baños
1 estac."|160|7|4|1|Si buscas un lugar céntrico, tranquilo, frente a un parque para vivir esta es tu casa! La casa en venta es de 2 pisos y azotea en. Ubicada en Urb. Santa Florencia- San Miguel. Referencias cerca colegios juan xxxiii, Colegio Chino, Innova School y a upc esta a unos 3 minutos de plaza San Miguel. La casa es ideal como vivienda para familias numerosas o puede ser rentabilizada, pues tiene mini departamento incluido y habitaciones amplias. ➤ La propiedad tiene 160 m2 de área de terreno y 250 de área construida. ➤ En primer piso al ingreso hay una cochera y 1 mini departamento, un ingreso a la sala comedor, cocina, amplia con vista al amplio jardin y en el primer piso hay 2 dormitorios y 2 baños. ➤ En el segundo piso hay 3 habitaciones, hall y 1 baño completo. ➤ En el tercer piso hay una habitación con baño y área de lavandería. ➤ Se vende en $290, 000 dólares documentos ok, listo para comprar con el banco de su elección. Para mayores informes o agendar visitas al 986*520*629 o 992*141*058|https://www.adondevivir.com/propiedades/clasificado/veclcain-se-vende-casa-de-dos-pisos-en-san-miguel-146212221.html?n_src=Listado&n_pills=Jard%C3%ADn&n_pg=2&n_pos=29|2026-03-18
adondevivir|casas|venta|Lima Moderna|San Miguel|"San Miguel (Lima)
San Miguel, Lima"|S/ 1,520,000 · USD 450,000|1520000|450000|||"250 m² tot.
4 dorm.
2 baños
1 estac."|250|4|2|1|"Casa-terreno en esquina / 250 M² / rdm - 7 pisosideal para proyecto inmobiliario o vivienda familiar | Zonificación rdmse vende casa en esquina como terreno de 250 m², ubicada en una zona residencial estratégica de San Miguel, a media cuadra de la Av. Riva Agüero y del colegio 10 de Octubre, una de las áreas más consolidadas y demandadas del distrito. La propiedad cuenta con zonificación rdm (Residencial de Densidad Media) y parámetros para edificar hasta 7 pisos, lo que la convierte en una excelente oportunidad tanto para desarrolladores inmobiliarios como para familias que buscan una casa amplia, bien ubicada y con proyección a futuro. Características principales: - Área de terreno: 250 m²- Ubicación en esquina, con doble frente, mayor iluminación y ventilación- Forma regular, ideal para Desarrollo Inmobiliario o remodelación- Servicios completos habilitados: agua, luz, desagüeUbicación privilegiada: - A pocos minutos de Plaza San Miguel- Muy cerca de Av. La Marina, Av. Universitaria y Av. Riva Agüero- Entorno con colegios, universidades (pucp, upc, utp), supermercados, parques y comercios- Zona residencial tranquila, con excelente conectividad y alta valorizaciónUna propiedad versátil, con gran potencial de desarrollo y excelente calidad de vida, ubicada en uno de los puntos más atractivos de San Miguel. Contáctanos para mayor información o para coordinar una visita. 121% comprometidos en brindarte un servicio de excelencia."|https://www.adondevivir.com/propiedades/clasificado/veclcain-se-vende-casa-terreno-en-esquina-con-alto-potencial-148711674.html?n_src=Listado&n_pg=2&n_pos=30|2026-03-18
adondevivir|casas|venta|Lima Moderna|San Miguel|"inca huasi 300
Maranga, San Miguel"|S/ 1,097,600 · USD 320,000|1097600|320000|||"180 m² tot.
4 dorm.
4 baños
1 estac."|180|4|4|1|Venta de casa en san miguel de 4 dormitorios, ubicado en Calle Incahuasi, Urb. Maranga, a media cuadra de la Av. Faucett y a dos cuadras de la Av. Precursores, con rápida salida a la Av. La Marina, a solo 15 minutos del Aeropuerto y a 10 minutos de Plaza San Miguel. *Perfecto para vivienda o como proyecto inmobiliario, cuenta con parámetros para 5 pisos. Con 180m2 de área de terreno, consta de: -> 03 pisos. -> 04 baños en total. -> 03 habitaciones en la segundo piso y 01 habitación en la tercer piso. -> Amplia Sala Comedor iluminada. -> Cocina Cerrada. -> Lavandería y cuarto de servicio en el tercer piso. -> 2 jardines amplios. -> incluye 01 cochera. venta de súper ocasión: $320, 000 Dólares. (Precio en soles referencial). **|https://www.adondevivir.com/propiedades/clasificado/veclcain-venta-de-casa-en-san-miguel-147881237.html?n_src=Listado&n_pills=Jard%C3%ADn&n_pg=3&n_pos=1|2026-03-18
adondevivir|casas|venta|Lima Moderna|San Miguel|"Calle Micaela Bastidas
Maranga Etapa Iii, San Miguel"|S/ 856,800 · USD 252,000|856800|252000|||"160 m² tot.
3 dorm.
2 baños"|160|3|2||Casa se vende como terreno. tiene un area de 160 M2. medidas 8 ml. X 20 ml. Casa de un piso, Ubicado en Calle Micaela Bastidas. Alt. Cuadra 5 Av. Los Patriotas. Cerca a C. C. Plaza San miguel, Tottus, Metro, upc, pucp. Rodeada de parques. Ideal para un Proyecto inmobiliario. Precio: us$ 252, 000|https://www.adondevivir.com/propiedades/clasificado/veclcain-casa-san-miguel-urb.-maranga-149185593.html?n_src=Listado&n_pills=%C3%81rea+de+lavander%C3%ADa&n_pg=3&n_pos=2|2026-03-18
adondevivir|casas|venta|Lima Moderna|San Miguel|"Avenida Pío XII
San Miguel, Lima"|S/ 850,000 · USD 250,000|850000|250000|||"145 m² tot.
4 dorm.
3 baños"|145|4|3||Vendo casa san miguel ac. 400m2, A. T. 145m2 de 3 pisos. 4 Dorm. Precio en $259, 000 7ml de frente y 20 ml de fondo aprox. Tiene cisterna, bomba de agua y tanque elevado, uso exclusivo para vivienda, parámetros para 3 pisos, tuberías de pvc. No cochera privada pero si estacionamiento común. En el 2do piso hay una sala de estar grande, 4 dorm. Con closets, 2 de ellos con baño incluido, 1 baño adicional compartido por los 2 domitorios adicionales. Subiendo la escalera de madera interna hacia el 3er piso entrando por la puerta derecha hay está el Mini departamento: 1 dormitorio amplio con closet, al frente 1 baño con ducha y 1 sala con mamparas de vidrio, 1 patio y también cuenta con 1 balcón. Entrando por la puerta izquierda está el área de servicio: 1 baño completo y 1 dormitorio. Área de lavandería y tendal. En el 1er. Piso hay 1/2 baño de visitas, un patio interno, cocina grande, sala-comedor con mucha iluminación. Hay 2 entradas una principal y otra de servicio que conecta con la cocina. Actualmente la Municipalidad no está autorizando la construcción de un 4to. Piso. Excelente ubicación, zona bonita, segura, con vigilancia y con varios parques cerca. Cableado y cajas de luz operativas. Tengo planos del 1° y 2° piso tal cual. El 3er piso está mejor que en el plano. Antigüedad del 1ro y 2do piso 34 referencia: cuadra 5 de la Av. Pio xii cruce con la Av. La Marina. Límite con La Perla|https://www.adondevivir.com/propiedades/clasificado/veclcain-casa-en-venta-en-san-miguel-149272372.html?n_src=Listado&n_pills=%C3%81rea+de+lavander%C3%ADa&n_pg=3&n_pos=3|2026-03-18
adondevivir|casas|venta|Lima Moderna|San Miguel|"AV. PRECURSORES
Maranga, San Miguel"|S/ 1,001,650 · USD 299,000|1001650|299000|||"269 m² tot.
6 dorm.
2 baños
2 estac."|269|6|2|2|Vendo casa de tres pisos en maranaga san miguel muy buena zona area de terreno 160 mt Y de contruccion 270 mt 1er piso dos amplias salas, comedor baño de visita cocina amplia con muebles altos Y bajos alacena cuarto deposito O artículos de limpieza Y una terraza con jardín una amplia cochera interna Y otra externa segundo nivel sala de distribucion cuatro amplios dormitorios con closet el principal con baño incorporado Y otro baño completo tercer nivel azotea tres cuartos amplios con closet uno con pisos de parquet Y un baño completo $299, 000. 00 toda la documentacion en regla|https://www.adondevivir.com/propiedades/clasificado/veclcain-vendo-casa-amplia-6-dormt.-cochera-maranga-148205866.html?n_src=Listado&n_pills=Guardian%C3%ADa%2FSeguridad+privada&n_pg=3&n_pos=4|2026-03-18
adondevivir|casas|venta|Lima Moderna|San Miguel|"Calle Micaela Bastidas al 100
Maranga, San Miguel"|S/ 1,970,600 · USD 590,000|1970600|590000|||"377 m² tot.
10 dorm.
4 estac."|377|10||4|Ubicada en el distrito de San Miguel- Lima. Esta propiedad en esquina representa un excelente oportunidad para inversión o desarrollo inmobiliario. Cuenta con un área inscrita 186. 5 m², con un excedente en proceso de rectificación que podría ampliar el metraje hasta 316. 14m2, con doble frente, teniendo un frente de: 9. 7 m(calle Américo Vespucio), fondo 8. 95m, lado derecho 20m (calle Micaela Bastidas), lado izquierdo 20m (lote colindante), lo que le brinda buena presencia y potencial constructivo. La propiedad tiene 377. 01 m² construidos en tres pisos mas azotea, con ambientes amplios, terraza, jardín y estacionamiento para hasta 4 vehículos. Parámetros certificados de 6 a 7 pisos. Ideal para proyectos inmobiliario. Ubicación privilegiada, a media cuadra de un parque amplio, cerca de la Pontificia Universidad Católica, la Universidad Peruana de Ciencias Aplicadas y al Centro Comercial Plaza San Miguel.|https://www.adondevivir.com/propiedades/clasificado/veclcain-venta-de-casa-en-san-miguel-urb.-maranga-149098914.html?n_src=Listado&n_pills=Jard%C3%ADn&n_pg=3&n_pos=5|2026-03-18
adondevivir|casas|venta|Lima Moderna|San Miguel|"Alfredo Icaza al 100
Maranga, San Miguel"|S/ 1,490,400 · USD 405,000|1490400|405000|||"273 m² tot.
5 dorm.
4 baños
1 estac."|273|5|4|1|En venta casa principal más triplex ubicados en la mejor zona de San Miguel, a pasos del parque más bonito y versátil de Maranga, el parque Quiñones. La casa principal, construida en los años 70 consta de 2 pisos con 5 dormitorios, 3 baños completos, lavanderia y cochera. Pisos de parquet en buen estado. 2 puntos de conexión de gas natural. El triplex que se encuentra en la parte posterior de la propiedad fue construido el año 2016, tiene cocina abierta, sala, comedor en el primer nivel. 2 dormitorios con una baño con tina en el 2do nivel. Tendal en la azotea, con un baño y un cuarto. Un amplio patio con piso de cemento pulido separa la casa principal del triplex. La casa tiene muchas posibilidades de transformarse y adaptarse a las necesidades de cada familia. Está construida sobre u terreno de 273m2, con 10mt de frente a una calle muy tranquila y simpática donde ya hay varios edificios nuevos. Desde esta ubicación se puede llegar caminando a muchos lugares de interes como colegios Pamer, Claretiano, icpna, Instituto Británico, upc, pucp, Plaza San Miguel, Open Plaza, Clinica San Gabriel, Providencia, varios mercados, academias deportivas, gym, supermercados, etc.|https://www.adondevivir.com/propiedades/clasificado/veclcain-casa-en-venta-a-pasos-de-parque-quinones-san-miguel-147547486.html?n_src=Listado&n_pills=Gimnasio&n_pg=3&n_pos=6|2026-03-18
adondevivir|casas|venta|Lima Moderna|San Miguel|"jr san martin 146
San Miguel, Lima"|S/ 703,500 · USD 210,000|703500|210000|||"150 m² tot.
6 dorm.
5 baños
1 estac."|150|6|5|1|Ubicada en una zona estratégica, en el límite entre San Miguel y Magdalena, apocas cuadras del Mercado de Magdalena y cerca al hermoso Malecón Bertolotto. Ideal para quienes buscan una propiedad en una zona tranquila, pero con acceso rápido a todos los servicios y medios de transporte. Esta dentro de un condominio tranquilo de pocos propietarios. Tiene 4 pisos, el 4to piso es de material aligerado (Drywall) Área de Terreno: 55m² Área de Construcción: 150m² Características de la propiedad: 6 Dormitorios amplios con buena iluminación natural. 5 Baños completos. Sala comedor y cocina amplia y funcional. 1 cochera. Conoce más so. • el ingreso al 3er piso es con escalera propia de entrada independiente. Cuenta con sala comedor, cocina, habitaciones amplias con piso de porcelanato, y baños en los cuartos. Contáctanos sin compromiso para mayor información. contacto: susana rivera. celular: 9. 9. 9. 0. 7. 3. 6. 1. 5|https://www.adondevivir.com/propiedades/clasificado/veclcain-vendo-casa-con-cochera-dentro-de-condominio-145549919.html?n_src=Listado&n_pg=3&n_pos=7|2026-03-18
adondevivir|casas|venta|Lima Moderna|San Miguel|"BAHIA DE PISCO, SAN MIGUEL
San Miguel, Lima"|"S/ 1,102,200 · USD 330,000
12%"|1102200|330000|12%||"150 m² tot.
10 dorm.
8 baños
2 estac."|150|10|8|2|Casa Edificio de 4 Pisos + Terrazas Acabados de Lujo Cochera San Miguel. venta casa-edificio san miguel. edificación moderna. excelente para inversión O para una familia grande. Descripción: *1 duplex con 5 dormitorios. *2 departamentos de 03 dormitorios de 110M2 C/U. loft O cuarto grande de almacen. terraza. tendal. 7 a 10 baños. cocina moderna. acabados de lujo. documentos en regla. agenda tu visita. 02 espacios cochera. usd 330, 000. 00. precio en dólares. con opcion A tener una escalera que haria independiente A cada piso. Contactar: . 9. 3. 8. 5. 7. 5. 7. 9. 3.|https://www.adondevivir.com/propiedades/clasificado/veclcain--el-venta-de-casa-en-san-miguel-148384588.html?n_src=Listado&n_pills=Jard%C3%ADn&n_pg=3&n_pos=8|2026-03-18
adondevivir|casas|venta|Lima Moderna|San Miguel|"Jirón Isidoro Suárez 461
Maranga Etapa Vii, San Miguel"|S/ 1,033,600 · USD 304,000|1033600|304000|||"246 m² tot.
7 dorm.
5 baños"|246|7|5||Contacto: Martin Luxardo 9 9 6 6 8 8 9 7 8. El aviso tiene video. Se vende casa de 3 pisos + azotea, ubicada a metros de parque en Jr. Isidoro Suárez 461, Urb. Maranga 7ma Etapa, San Miguel. Zona tranquila y segura, con rejas de seguridad y caseta de serenazgo en la esquina. A la altura del cruce de Av. De los Precursores y Rafael Escardó, cerca de parques, colegios, centros comerciales y diversos negocios. Documentación en regla. Ideal para inversión y remodelación. Sistema sanitario totalmente actualizado (tuberías de pvc, cisterna con mantenimiento actualizado y bomba de agua para el tanque elevado. Precio: us$ 291, 000. Áreas. - Área de terreno: 161. 33 m² - Área construida: 246 m² Linderos. - Frente: 8. 20 ml. - Derecha: 19. 63 ml. - Izquierda: 19. 67 ml. - Fondo: 8. 20 ml. Distribución. 1er piso. - Cochera. - Cocina. - Amplia sala-comedor. - Barra americana integrada. - 1/2 baño + 1 baño completo. - Patio con piscina. 2do piso. - 4 dormitorios. - 3 dormitorios con clósets. - Dormitorio principal amplio con 2 clósets. - 1 baño compartido. 3er piso. - 3 dormitorios. - Depósito. - 1 baño completo. 4to piso (Azotea) - Cuarto de lavandería amplio. - Áreas libres. Excelente oportunidad para invertir y remodelar en una de las zonas más tranquilas de San Miguel. Para mayor información contactar con Martin Luxardo 9 9 6 6 8 8 9 7 8 o tambien solicitar el video por whatsapp|https://www.adondevivir.com/propiedades/clasificado/veclcain-casa-en-venta-3-pisos-azotea-con-piscina-cochera-148942637.html?n_src=Listado&n_pills=Cuartos+de+servicio&n_pg=3&n_pos=9|2026-03-18
adondevivir|casas|venta|Lima Moderna|San Miguel|"Av. Libertad al 1800
Libertad, San Miguel"|S/ 1,068,750 · USD 285,000|1068750|285000||20|"246 m² tot.
7 dorm.
3 baños
3 estac."|246|7|3|3|Se vende casa totalmente remodeladacasa de 3 pisos. 119 m2 de area de terreno, 246 m2 construido. Totalmente remodelado (hace 2 años en techos, columnas, paredes, tuberias de agua, cableado electrico). Primer piso (como un depa): 2 dormitorios, un baño completo, sala, comedor, cocina (solo el ambiente), lavanderia, patio. segundo Y tercer piso (como un duplex): 5 dormitorios, 2 baños completos, sala - comedor, cocina, sala de star, lavanderia - terraza. Estacionamiento para 3 autos. Cuenta con bomba de sisterna, gas natural. Ubicado en una zona segura y comercial de Av. Libertad. San Miguel. Precio Negociable.|https://www.adondevivir.com/propiedades/clasificado/veclcain-casa-en-venta-remodelada-av-libertad-san-miguel-145789811.html?n_src=Listado&n_pills=%C3%81rea+de+lavander%C3%ADa&n_pg=3&n_pos=10|2026-03-18
adondevivir|casas|venta|Lima Moderna|San Miguel|"Jr Bahía de Pisco # San Miguel
San Miguel, Lima"|S/ 1,156,000 · USD 340,000|1156000|340000|||"150 m² tot.
10 dorm.
8 baños
2 estac."|150|10|8|2|Venta casa-edificio san miguel. edificación moderna. excelente para inversión O para una familia grande. Descripción: *1 duplex con 4 dormitorios. *2 departamentos de 02 dormitorios de 110M2 C/U con posibilidad de hacer otra habitación. loft O cuarto grande de almacen. terraza. tendal. 7 a 10 baños. cocina moderna. acabados de lujo. documentos en regla. agenda tu visita. 02 espacios cochera. usd 350, 000. 00. precio en dólares. Disponibilidad inmediata. Carolina Muñoz. Ver datos. Agenda tu visita hoy mismo. contactar: Carolina Muñoz. Ver datos|https://www.adondevivir.com/propiedades/clasificado/veclcain--cm-vendo-casa-edificio-de-4-pisos-terrazas-143086604.html?n_src=Listado&n_pills=Cuartos+de+servicio&n_pg=3&n_pos=11|2026-03-18
adondevivir|casas|venta|Lima Moderna|San Miguel|"Collasuyo
Maranga Etapa Iv, San Miguel"|S/ 1,942,500 · USD 525,000|1942500|525000|||346 m² tot.|346||||¡Oportunidad Única! Casa para Eventos en Maranga, San Miguel. Esta casa comercial ofrece una excelente oportunidad para eventos y negocios en una zona tranquila y bien ubicada. Consta de dos plantas, con las siguientes características: - Precio de Venta: $525, 000. - Área de Terreno: 270 m² - Área Construida: 346 m² - Antigüedad: 2 años. - Baños: 4. 0. Descripción: - Implementada y en muy buen estado. - En el primer nivel, cuenta con un amplio salón de eventos ideal para celebraciones y reuniones. - En el segundo nivel, dispone de un mini-departamento independiente. - Puerta a la calle, ofreciendo accesibilidad y visibilidad. Otros Detalles: - Zonificación rdm. - Dos ambientes amplios y versátiles. No pierdas la oportunidad de invertir en este espacio multifuncional y rentable. Contáctanos para más detalles o para programar una visita.|https://www.adondevivir.com/propiedades/clasificado/veclcain-casa-para-eventos-de-346-m-sup2--con-mini-departamento-143527766.html?n_src=Listado&n_pg=3&n_pos=12|2026-03-18
adondevivir|casas|venta|Lima Moderna|San Miguel|"Santa Justina
Santa Florencia, San Miguel"|S/ 5,100,000 · USD 1,500,000|5100000|1500000|||"627 m² tot.
3 dorm.
3 baños
3 estac."|627|3|3|3|Vendemos amplia casa con un área de 634 m2, tiene 284 m2 construidos. De estilo campestre en dos pisos. Sala comedor, Cocina, 3 dormitorios, 3 baños, Área para reuniones, Piscina, Poza para peces con caida de agua en la sala. 2 oficinas con almacén y baño, Amplios jardines, Tambien tiene un mini departamento (duplex) para visitas. En la parte posterior, hay un área de 350 m2 sin construir, que se puede usar para ampliar la casa, los jardines, preparar una huerta o armar un taller. Ideal para proyecto inmobiliario multifamiliar. Contacto: maika 9. 9. 9. 0. 5. 2. 1. 7. 7|https://www.adondevivir.com/propiedades/clasificado/veclcain-vendo-casa-grande-en-san-miguel-143936980.html?n_src=Listado&n_pills=Piscina&n_pg=3&n_pos=13|2026-03-18
adondevivir|casas|venta|Lima Moderna|San Miguel|"Av. Lima
Pando Etapa Vi, San Miguel"|S/ 1,055,000 · USD 315,000|1055000|315000|||"200 m² tot.
4 dorm.
2 baños"|200|4|2||Linda Casa en venta ubicada entre Dentilac, Riva Agüero y La Libertad. Cerca al Parque Sagrada Familia. 1er Piso. - Jardín delantero. - Amplia Sala Comedor con mampara a buen jardín interior. - Baño de visitas. - Cocina con reposteros altos y bajos, baño de visita. - Lavandería cuarto y baño de servicio. 2do piso. - 4 dormitorios el principal con baño incorporado. - Baño para los 3 dormitorios. Cochera para 1 auto. Aires libres. area terreno: 200 M2. area techada: 160 M2. antigÜedad: 38 años. us$ 315, 000|https://www.adondevivir.com/propiedades/clasificado/veclcain-venta-casa-en-urb.-pando-san-miguel-con-jardin-148732362.html?n_src=Listado&n_pills=Cuartos+de+servicio&n_pg=3&n_pos=14|2026-03-18
adondevivir|casas|venta|Lima Moderna|San Miguel|"Calle San Bruno 136
Santa Florencia, San Miguel"|S/ 1,044,700 · USD 310,000|1044700|310000||50|"154 m² tot.
6 dorm.
5 baños
2 estac."|154|6|5|2|Casa de tres pisos frente a parque en Urb. Santa Florencia, San Miguel. Ubicada a 5 cuadras de Av. La Marina y a tres minutos en auto de Plaza San Miguel, cerca al límite con Pueblo Libre y Magdalena. Muy cerca de universidades colegios, centros médicos y comercios en general. Área terreno: 154m Área Construida: 133m. Primer nivel: Sala comedor, cocina, dos dormitorios, un baño completo y uno de visita, jardín interno y cochera para dos autos. Mini departamento de un dormitorio, sala- comedor, kitchenette y un baño. Segundo nivel: Tres dormitorios y un baño completo. Tercer nivel: Un dormitorio amplio, un baño y terraza con lavandería. Papeles en regla. Informes y visitas al 9. 3. 2. 1. 2. 3. 7. 9. 4|https://www.adondevivir.com/propiedades/clasificado/veclcain-casa-frente-a-parque-en-san-miguel-148832300.html?n_src=Listado&n_pills=Jard%C3%ADn&n_pg=3&n_pos=15|2026-03-18
adondevivir|casas|venta|Lima Moderna|San Miguel|"Calle Ayarza de Morales al 200
San Miguel, Lima"|S/ 1,380,193 · USD 379,000|1380193|379000|||"144 m² tot.
4 dorm.
3 baños
3 estac."|144|4|3|3|Casa Familiar Frente a Parque en San Miguel – ¡Ubicación y Comodidad en un Solo Lugar! Descubre esta espaciosa y acogedora casa de 250 m² construidos sobre un terreno de 144 m², ubicada en una de las zonas más tranquilas y seguras de San Miguel. Ideal para familias que buscan calidad de vida y excelente conectividad. Características principales: 4 dormitorios amplios con excelente iluminación natural. 3 baños completos distribuidos estratégicamente. Jardín interno, perfecto para momentos de relajación o mascotas. Área de lavandería independiente. Sala amplia ideal para reuniones familiares. Cocina cerrada, equipada con gas natural y terma a gas. 3 cocheras privadas, con acceso directo desde la calle. Ubicación privilegiada: Frente a parque: ideal para disfrutar al aire libre. A solo 2 cuadras del centro comercial Plaza San Miguel. Zona residencial y tranquila con vigilancia 24/7. Esta propiedad reúne espacio, confort y una ubicación estratégica, lista para convertirse en tu nuevo hogar o inversión inmobiliaria. ¡Contáctanos para agendar tu visita y conocerla en persona!|https://www.adondevivir.com/propiedades/clasificado/veclcain-hermosa-casa-en-venta-a-2-cuadras-de-plaza-san-miguel-146543164.html?n_src=Listado&n_pills=%C3%81rea+de+lavander%C3%ADa&n_pg=3&n_pos=16|2026-03-18
adondevivir|casas|venta|Lima Moderna|San Miguel|"Espalda DEL Municipio DE SAN Miguel
San Miguel, San Miguel"|S/ 2,358,750 · USD 629,000|2358750|629000|||"300 m² tot.
3 dorm.
2 baños
1 estac."|300|3|2|1|¡¡Hermosa casa en venta!! Se vende casa bien distribuida en una zona céntrica y tranquila, de 300. 00 m2 en uno de los mejores distritos de Lima: San Miguel. Además, es una casa de 2 pisos, en primer piso local comercial, ubicada en avenida muy transitada, excelente oportunidad de inversión. A unos pasos del Parque Media Luna, Municipalidad de San Miguel, Circuito de Playas, Av. Costanera, Tambo, Plaza Vea, Mercado Magdalena, Mercado Bertolotto. Es la oportunidad de disfrutar desde una zona exclusiva próxima a todo lo que usted y su familia se merecen. Distribución: 1er piso: • Local comercial• Sala comedor• Cocina con comedor de diario• 3 dormitorios• Cuarto y baño de servicio• Lavandería• Área de tendal• Cochera. 2do piso: • 2 dormitorios comparten 1 baño completo. Precio total: us$ 629, 000 dólares americanos. * Las fotografías, precios y descripción de esta propiedad son|https://www.adondevivir.com/propiedades/clasificado/veclcain-casa-san-miguel-147558012.html?n_src=Listado&n_pills=%C3%81rea+de+lavander%C3%ADa&n_pg=3&n_pos=17|2026-03-18
adondevivir|casas|venta|Lima Moderna|San Miguel|"Calle Bahia de Pisco
San Miguel, Lima"|S/ 1,223,999 · USD 359,999|1223999|359999||2|"150 m² tot.
10 dorm.
8 baños
2 estac."|150|10|8|2|Casa en Venta - Edificio de 4 Pisos + Terrazas Acabados de Lujo Cochera San Miguel. venta casa-edificio san miguel. edificación moderna. excelente para inversión O para una familia grande. Descripción: *1 duplex con 4 dormitorios. *2 departamentos de 02 dormitorios de 110M2 C/U con posibilidad de hacer otra habitación. loft O cuarto grande de almacen. terraza. tendal. 7 a 10 baños. cocina moderna. acabados de lujo. documentos en regla. agenda tu visita. 02 espacios cochera. usd 350, 000. 00. precio en dólares. Disponibilidad inmediata. Contacto. angélica pinto. Ver datos|https://www.adondevivir.com/propiedades/clasificado/veclcain-ap-casa-en-venta-con-duolex-y-estacionamiento-san-148507684.html?n_src=Listado&n_pills=Cerca+a+colegios&n_pg=3&n_pos=18|2026-03-18
adondevivir|casas|venta|Lima Moderna|San Miguel|"Calle Miguel Cortez 114 - San Miguel
Maranga, San Miguel"|S/ 1,068,750 · USD 285,000|1068750|285000|||"214 m² tot.
9 dorm.
3 baños
1 estac."|214|9|3|1|Se vende amplia casa ubicada en una zona estratégica, en calle Miguel Cortez – San Miguel, queda a la altura a la cdra. 7 de la Av. Escardo, cerca de vías principales como Av. La Marina (altura de Hiraoka), Av. Faucett, La Paz, cerca de Supermercados como Metro, Tottus, Plaza san miguel, restaurantes, bancos, colegios, universidades, parque de las Leyendas, entre otros. La casa tiene un área de terreno 160 m2, un área construida de 214 m2. Cuenta con la siguiente distribución: primer piso: (2 dormitorios) * Espaciosa cochera para una camioneta* Sala comedor* 2 cocinas (cuenta con punto de gas) * Comedor de diario* Lavandería* Patio* 2 baños completos más un baño de visita. segundo piso: (7 dormitorios) * 3 amplios dormitorios con vistas a la calle* 4 dormitorios con vista interna* baños. azotea*Cuenta con una amplia terraza, tendalTodos los documentos se encuentran en regla. El precio en soles es referencialVisitas de lunes a domingo previa cita.|https://www.adondevivir.com/propiedades/clasificado/veclcain--ocasion!-se-vende-casa-en-miguel-cortez-san-miguel-148082182.html?n_src=Listado&n_pills=%C3%81rea+de+lavander%C3%ADa&n_pg=3&n_pos=19|2026-03-18
adondevivir|casas|venta|Lima Moderna|San Miguel|"San Miguel 150
San Miguel, Lima"|S/ 3,398,000 · USD 985,000|3398000|985000|||540 m² tot.|540||||Venta de amplio terreno de 540 m2 en zona residencial, parámetros para 8 pisos, terreno muy bien ubicado con fácil acceso y salida a principales puntos de la ciudad, a media cuadra de la Av. La Marina a tan solo 10 minutos de Plaza San Miguel y principales centros comerciales. Cuenta con 30 m2 Rodeado de parques y muy cerca a principales colegios de San Miguel, institutos y universidades. - 20 metros de frente- 27 metros de fondo- Parámetros 8 Pisos- Zonificación rdmexcelente oportunidad! Ideal para vivienda, para proyecto o local comercialLocal sugerido para: Tiendas de convenienciaBodegasMminimarketFarmacia, boticaPrestación de servicios profesionalesActividades de médicos o consultoriosClinicas dentales, asilo, academiaActividades veterinariasGuarderias (casa cuna), centro educativo inicial, nidoPeluqueria, salon de belleza, barberia, servicio de podologíaLavanderíaVenta de productosPanadería, pasteleríasActividades deportivas, GimnasioClases de baile o talleresIglesia, casa de retiro, templo, organizaciones religiosas, albergues y otros 121% comprometidos en brindarte un servicio de excelencia.|https://www.adondevivir.com/propiedades/clasificado/veclcain-terreno-en-venta-en-san-miguel-amplio-terreno-cerca-a-147823435.html?n_src=Listado&n_pills=%C3%81rea+de+lavander%C3%ADa&n_pg=3&n_pos=20|2026-03-18
adondevivir|casas|venta|Lima Moderna|San Miguel|"Nicolás Alcázar
San Miguel, Lima"|S/ 1,382,500 · USD 395,000|1382500|395000|||"150 m² tot.
8 dorm.
4 baños"|150|8|4||Vendo casa ubicada en Pueblo libre, ubicado entre Sucre y La Marina, zona super céntrica y con amplio comercio, obstante la calle es tranquila a media cuadra de lindo parque. Amplia sala comedor y cocina en el primer piso, cochera. Tiene tres pisos, 8 dormitorios distribuidos en dos pisos, 2do y 3ero. En el tercer piso se puede alquilar habitaciones a estudiantes. Tanque y cisterna.|https://www.adondevivir.com/propiedades/clasificado/veclcain-interesante-casa-para-familia-grande-o-inversion-en-149253635.html?n_src=Listado&n_pills=Cerca+a+colegios&n_pg=3&n_pos=21|2026-03-18
adondevivir|casas|venta|Lima Moderna|San Miguel|"Hermanos Catari
San Miguel, Lima"|S/ 2,640,000 · USD 750,000|2640000|750000|||"429 m² tot.
5 baños
4 estac."|429||5|4|Gran oportunidad de inversión en San Miguel! Contactame: liseth gonzales. 9/6/8/6/8/9/8/9/0 medidas: frente: 13ml fondo: 33ml Se vende hermosa casa como terreno de 429m² en una ubicación estratégica dentro del distrito de San Miguel, una de las zonas más comerciales y dinámicas de Lima. Se encuentra a la altura de la cuadra 33 de la Av. La Marina, muy cerca de la Universidad Católica, centros comerciales, colegios, bodegas y otros servicios esenciales. Características destacadas: • Parámetros: Hasta 9 pisos permitidos. • Ubicación privilegiada: En el corazón de un distrito con gran proyección comercial. • Ideal para constructores: Perfecto para desarrollar un proyecto inmobiliario de gran impacto. ¡No dejes pasar esta oportunidad única! Contáctanos para más información.|https://www.adondevivir.com/propiedades/clasificado/veclcain-venta-casa-como-terreno-429-m-sup2--san-miguel-147406836.html?n_src=Listado&n_pills=Cuartos+de+servicio&n_pg=3&n_pos=22|2026-03-18
adondevivir|casas|venta|Lima Moderna|San Miguel|"copernico
Oyague, San Miguel"|S/ 1,222,759 · USD 365,000|1222759|365000|||"290 m² tot.
4 dorm.
3 baños
2 estac."|290|4|3|2|Casa familiar, muy amplia de 4 domitorio grande, 1 escritorio y baño de visitas en la planta baja. Sala comedor muy amplias con jardin interno, cocina puerta cerrada y garage hasta para dos vehiculos. Baño principal en habitacion master, 3 secundarios todos con ropero (2 con vista interior y 2 con vista exterior) Tercer piso: habitacion y baño de servicio, lavanderia y azotea. Cambios de instalaciones electricas y sanitarias (año 2017) se cuenta con evidencias. Tambien se tiene planos disponibles (importante para toda remodelacion que se desee hacer) si es posible construir un tercer piso con vista externa. La casa està construida y preparada para eso. Salvo la escalera interior que necesitaria ser proyectada. Precio anterior us$390, 000|https://www.adondevivir.com/propiedades/clasificado/veclcain-vendo-casa-san-miguel-4-dorms-cdra.12-av-la-146859316.html?n_src=Listado&n_pills=%C3%81rea+de+lavander%C3%ADa&n_pg=3&n_pos=23|2026-03-18
adondevivir|casas|venta|Lima Moderna|Pueblo Libre|"Diego de Medina 180
Pueblo Libre, Lima"|S/ 502,500 · USD 150,000|502500|150000|||"139 m² tot.
2 dorm.
2 baños"|139|2|2||Tu Nuevo Hogar en Primer Piso – Más Práctico, Más CómodoDescubre este hermoso departamento en primer piso, con 139. 89 m² de área total (119 m² construidos), ubicado en la Calle Diego de Medina cdra 1, en el tradicional distrito de Pueblo Libre. Ideal para quienes buscan comodidad sin escaleras, fácil acceso y mayor practicidad en su día a día. Características destacadas: 2 dormitorios ampliosEspacios cómodos, bien iluminados y con excelente distribución para un descanso placentero. 2 baños completosFuncionales y bien distribuidos para mayor comodidad familiar. Sala – comedor espaciosaAmbiente amplio y acogedor, perfecto para reuniones, celebraciones o simplemente disfrutar en familia. Cocina independienteCon buen espacio de almacenamiento y área funcional para el día a día. Lavandería independientePráctica y ventilada. 139. 89 m² totalesUna excelente distribución que brinda amplitud y libertad en cada ambiente. Beneficios de estar en 1er piso: Sin escaleras Ideal para adultos mayores o familias con niños Mayor facilidad para mudanzas Sensación de casa por su amplitud Ubicado en una zona estratégica, tranquila y residencial, cerca de avenidas principales, comercios, parques y todo lo que necesitas. Este departamento combina ubicación, amplitud y comodidad en una de las zonas más solicitadas de Lima. ¡Agenda tu visita y descubre tu próximo hogar! R. U. C Ver datos|https://www.adondevivir.com/propiedades/clasificado/veclcain-vive-con-comodidad-en-1er-piso-en-pueblo-libre-149118976.html?n_src=Listado&n_pills=%C3%81rea+de+lavander%C3%ADa&n_pg=1&n_pos=1|2026-03-18
adondevivir|casas|venta|Lima Moderna|Pueblo Libre|"Jr. Agustín Gamarra al 225
Isla Verde, Pueblo Libre"|S/ 454,950 · USD 135,000|454950|135000|||"96 m² tot.
3 dorm.
3 baños"|96|3|3||Departamento Tríplex en Pueblo Libre, Urbanización Isla Verde, ideal para invertir y ganar valor con acogedores ambientes, en una zona rodeada de parques y espacios con muy buena iluminación y ventilación, cámara de seguridad (puede ver quien toca el timbre), sensores de iluminación en las escaleras. 4 habitaciones, 4 baños completos y sala comedor. 96m2|https://www.adondevivir.com/propiedades/clasificado/veclcain-departamento-triplex-en-isla-verde-148518670.html?n_src=Listado&n_pg=1&n_pos=2|2026-03-18
adondevivir|casas|venta|Lima Moderna|Pueblo Libre|"Jiron Comandante, Juan Valer Sandoval 265 al 200
Pueblo Libre, Lima"|S/ 1,373,500 · USD 410,000|1373500|410000|||"225 m² tot.
9 dorm.
5 baños
1 estac."|225|9|5|1|Contacto: ana santoscel: 9*7*0*1*0*0*6*8*1oportunidad para constructoras E inversionistascasa como terreno – pueblo libre – 224. 65 m² – Zonificación: rdm – Parámetros hasta 6 pisos + azoteaA pasos de la cuadra 16 de Av. BolívarAntes $ 430, 000 – Ahora $ 410, 000Se vende casa como terreno en el corazón de Pueblo Libre, ideal para proyecto inmobiliario, edificio multifamiliar o vivienda de alto estándar. - Propiedad para demolición o remodelación integral- Perfecta para desarrolladores que buscan rentabilidad en zona consolidada-Alta proyección de valorización- Zona con fuerte demanda de viviendacaracterísticas clave del terrenoárea: 224. 65 m²Frente: 10 mlLaterales: 22. 47 m / 22. 46 mZonificación: rdm – Parámetros hasta 6 pisos + azoteaubicación estratégica – todo cerca- Acceso rápido a Av. Bolívar, Mariano Cornejo, Universitaria y La Marina- A pasos del Museo Larco- Cerca de parques Larco, Paracas y El Carmen- Próximo a la Pontificia Universidad Católica del Perú- Cerca de sunat, colegios, bancos, comercios y servicios-Zona residencial segura, tranquila y altamente demandadaterrenos con estos parámetros en pueblo libre son escasosideal para edificio rentable O inversión seguraagenda tu visita hoy mismo antes que se reserve. Las propiedades estratégicas en Pueblo Libre se venden rápido. contacto: ana santoscel: 9*7*0*1*0*0*6*8*1id: 1*1*6*8*8*3*0|https://www.adondevivir.com/propiedades/clasificado/veclcain-venta-de-casa-en-pueblo-libre-148705667.html?n_src=Listado&n_pills=%C3%81rea+de+lavander%C3%ADa&n_pg=1&n_pos=3|2026-03-18
adondevivir|casas|venta|Lima Moderna|Pueblo Libre|"Calle 29 de Diciembre 216
Pueblo Libre, Lima"|S/ 1,140,000|1140000||||"275 m² tot.
6 dorm.
4 baños
1 estac."|275|6|4|1|Oportunidad única de vivir o invertir en una de las zonas más céntricas de Pueblo Libre! Te presentamos esta amplia casa de tres pisos con un área construída de 304 m2, en una de las zonas más céntricas de Pueblo Libre, a tan solo 1 cuadra de la Av. Brasil, entre la Av. Bolivar y Av. Sucre. Primer Piso: Sala, cocina, comedor diario, tres dormitorios amplios (uno con baño propio), lavandería, terraza y garaje Segundo Piso: Tres dormitorios amplios (uno con baño propio), baño completo, hall Tercer Piso (Azotea): Patio con techo de alucín, dos dormitorios (uno con baño completo), lavandería cerrada! Aprovecha esta oportunidad y agenda una visita para que conozcas tu próxima vivienda en Pueblo Libre! 121% comprometidos en brindarte un servicio de excelencia.|https://www.adondevivir.com/propiedades/clasificado/veclcain-se-vende-amplia-casa-en-zona-residencial-de-pueblo-148545138.html?n_src=Listado&n_pills=%C3%81rea+de+lavander%C3%ADa&n_pg=1&n_pos=4|2026-03-18
adondevivir|casas|venta|Lima Moderna|Pueblo Libre|"Cerca a la Av. Del Río, Pueblo Libre
Pueblo Libre, Lima"|S/ 1,507,500 · USD 450,000|1507500|450000|||"314 m² tot.
8 dorm.
4 baños
2 estac."|314|8|4|2|"Venta – propiedad única: 2 casas en 1 terreno + ingresos independientes + gran versatilidad familiar¿Buscas un hogar que te permita vivir cerca de los que amas, sin renunciar a tu independencia y privacidad? Esta propiedad es exactamente eso y más. Se trata de dos casas completas construidas dentro del mismo terreno, cada una con acceso independiente, ambientes amplios y buena iluminación, pero además interconectadas internamente, ofreciendo una verdadera solución para familias que quieren estar juntas sin perder autonomía. Ideal para: Familias multigeneracionalesHijos que ya formaron familia propiaHermanos o padres que necesitan cercanía por salud, apoyo o dinámica familiarInversión para vivir en una unidad y rentar la otraUna propiedad con versatilidad real, difícil de encontrar en el mercado. ________________________________________ubicación estratégicazona de alta demanda, en esquina y con excelente conectividad: • Cerca de parques y áreas verdes• Rápido acceso a Av. Del Río, Simón Bolívar, Sucre y Paso de los Andes• Conexión directa a Av. Brasil y Plaza de la Bandera• Fácil llegada a Jesús María, San Miguel y BreñaAlrededores con todo lo que facilita el día a día: transporte público, centros educativos, museos, restaurantes, clínicas y hospitales, comercio variado y supermercado (Plaza Vea Brasil). ________________________________________datos generales• Área de terreno: 231. 56 m²• Área construida: 314 m²• Frente: 12. 5 m | Fondo: 18. 5 m• Zonificación: rdmla propiedad consta de dos unidades de tres niveles cada una: ________________________________________unidad 1Primer piso: • Sala comedor con piso parquet en excelente estado• Cocina• Estudio• ½ baño de visitas• Patio interno + amplio jardín• Estacionamiento para 2 vehículosSegundo piso: • 4 dormitorios con closet• 1 baño completo• Conexión interna con la otra unidadTercer piso: • 2 dormitorios• 1 baño completo• Lavandería compartida• Zona de servicio con 2 dormitorios y 1 baño________________________________________unidad 2Primer piso: • Sala comedor con vista a jardín externo• 1 baño completo• ½ baño de visitasSegundo piso: • 2 dormitorios con closet• 1 baño completo• Conexión interna con la otra unidadTercer piso: • Lavandería compartida________________________________________precio de venta usd 450, 000________________________________________ideal para familias que buscan comodidad + independenciauna propiedad con una propuesta distinta, preparada para acomodar dinámicas familiares reales, con privacidad, funcionalidad y ubicación privilegiada. R. U. C Ver datos"|https://www.adondevivir.com/propiedades/clasificado/veclcain-venta-propiedad-unica:-2-casas-en-1-terreno-148638108.html?n_src=Listado&n_pills=%C3%81rea+de+lavander%C3%ADa&n_pg=1&n_pos=5|2026-03-18
adondevivir|casas|venta|Lima Moderna|Pueblo Libre|"Pasaje Enrique Palacios #12 Pueblo Libre
Pueblo Libre, Lima"|S/ 985,300 · USD 295,000|985300|295000|||"187 m² tot.
6 dorm.
5 baños
1 estac."|187|6|5|1|Casa en venta en pueblo libre – ideal para remodelarubicación exclusiva: Pasaje Enrique Palacios #12, Pueblo Libre(Referencia: altura de la cuadra 28 de la Av. Brasil) Características principales: Área de terreno: 187 m²Área construida: 232 m²Frente: 8. 5 mlFondo: 22 mlDescripción: Propiedad con gran potencial, lista para convertirla en la casa de tus sueños. Ubicación estratégica, en una zona tranquila y bien comunicada. ¡por el tamaño del terreo Es una de las casas más económica de todo Pueblo Libre! Una oportunidad única de inversión. ¡No dejes pasar esta oportunidad! Agenda ahora una visita y descubre todo lo que puede ofrecerte.? Para más información, contáctanos.|https://www.adondevivir.com/propiedades/clasificado/veclcain-casa-en-pueblo-libre-148352301.html?n_src=Listado&n_pg=1&n_pos=6|2026-03-18
adondevivir|casas|venta|Lima Moderna|Pueblo Libre|"haulli anco
Pueblo Libre, Lima"|S/ 1,084,000 · USD 325,000|1084000|325000|||"150 m² tot.
3 dorm.
3 baños
2 estac."|150|3|3|2|Venta de simpática Casa 2Pisos mas aires 2Estacionamientos cerca a la Avenida la Mar, bolivar y del Club aelu. Ubicado con puerta a calle con buena seguridad y cámaras de vigilancia. Descripcion. Primer Nivel: -Estacionamiento para dos vehículos. - Sala/Comedor. - Terraza interna- terraza externa. - Cocina cerrada con muebles altos bajos cocina y horno. - Baño de visita. - Cuartos y baño de servicio. - área de lavandería. Segundo Nivel: - 3 dormitorios con clóset. - 1 baño completo. - Ambiente para usos diversos. 3er nivel. Amplia Terraza Ideal para desarrollar una zona parrillera y reuniones. Datos relevantes: - Conservación del inmueble: Buen estado. - Documentación en regla (sin hipoteca) Solo trato directo!!. Abstenerse intermediarios|https://www.adondevivir.com/propiedades/clasificado/veclcain-excelente-estado-documentos-en-regla-148970489.html?n_src=Listado&n_pills=Cuartos+de+servicio&n_pg=1&n_pos=7|2026-03-18
adondevivir|casas|venta|Lima Moderna|Pueblo Libre|"Jr Daniel Hernández 1080, Pueblo Libre
Pueblo Libre, Lima"|S/ 1,560,540 · USD 465,000|1560540|465000|||"189 m² tot.
6 dorm.
3 baños
3 estac."|189|6|3|3|Estás buscando una casa amplia, con excelente ubicación y que te genere ingresos extras? Esta oportunidad es para ti! Amplia casa de dos pisos, con un departamento de 100m2, completamente independiente en el tercer piso, y una amplia azotea; en la esquina de Jr. Daniel Hernández y Jr. Juan Acevedo, ubicada entre las avenidas Cipriano Dulanto, Sucre, Av. Herrera y la Av. La Marina, con rápido y fácil acceso. La casa tiene ingreso por Daniel Hernández y presenta la siguiente distribución: - Primer piso: jardín ingreso, estacionamientos laterales, recibidor, escalera principal, amplia sala y comedor, 1/2 baño, cocina con reposteros altos y bajos, espacio para comedor de diario, escalera interior al segundo piso, estacionamientos interiores (para dos vehículos) con portón de ingreso. - Segundo piso: llegada de escaleras, 04 dormitorios c/ closets, amplios, bien iluminados y ventilados, pasadizo central, escaleras interiores que conducen al tercer piso (actualmente clausuradas). Departamento, ubicado en el tercer piso, con ingreso independiente por Jr Acevedo, llegada de escaleras exteriores, sala-comedor, cocina, baño completo, patio interior, dos habitaciones amplias c/clóset. *Existe la posibilidad, en el departamento, de cerrar una tercera habitación. Area de terreno=189. 36m2 area construida=311. 86m2 - Primer Piso: 111. 57m2 - Segundo Piso: 104. 05m2 - Departamento (tercer piso) =100m2 linderos: - frente: 11. 10ml con Daniel Hernández - fondo: 17. 06ml con Juan Acevedo La casa cuenta: - Con una terma de 80 litros nueva para primer y segundo piso; - En el techo de del tercer piso, cuenta con una terma de 50 litros, ubicada al costado del tanque de agua - cuenta con un tablero eléctrico independiente para el primer y segundo piso, y otro para el tercer piso; - Un solo medidor de luz para la casa. - 2 tanques de agua, en el techo de la propiedad, que abastecen a toda la propiedad. Agenda ya tu visita al Ver datos! Ruc Ver datos|https://www.adondevivir.com/propiedades/clasificado/veclcain-venta-de-casa-y-departamento-en-esq.-daniel-hernandez-148609170.html?n_src=Listado&n_pills=%C3%81rea+de+lavander%C3%ADa&n_pg=1&n_pos=8|2026-03-18
adondevivir|casas|venta|Lima Moderna|Pueblo Libre|"José Santiago Wagner al 2500
Pueblo Libre, Lima"|S/ 1,478,400 · USD 440,000|1478400|440000|||"225 m² tot.
4 dorm.
3 baños
1 estac."|225|4|3|1|Venta de acogedora casa en Pueblo Libre. Esta espaciosa casa en venta tiene una ubicación estratégica en el distrito histórico y residencial de Pueblo Libre, conocido por sus casonas, museos y barrios bohemios muy atractivos, con mezcla de tradición, cultura y modernidad, se encuentra muy cerca de avenidas con rápido acceso hacia centros comerciales como Plaza San Miguel y el Real Plaza Salaverry, hacia el centro de Lima y a la costa verde; además, está próximo a parques, universidades y colegios. La casa es muy acogedora y esta remodelada en el sistema eléctrico y tuberías de agua, tiene tres pisos. En la primera planta cuenta con un hall, una espaciosa sala, comedor, amplia cocina cerrada con muebles altos y bajos y una isla, posee en su área social una amplia terraza con techo sol y sombra, para acoger cálidamente a todos tus invitados y familia en tu zona de parrilla. Además, en el mismo nivel cuenta con una lavandería, baño de visita y un cuarto de depósito. La casa también cuenta con dos tanques de agua y una cisterna. En la segunda planta hay cuatro amplios dormitorios todos con closets, el principal con baño incorporado y hay otro baño muy espacioso que es compartido, uno de los cuartos secundarios tiene balcón. En el tercer piso hay un espacio amplio que puede ser otra terraza, dos cuartos muy grandes y también hay un área de servicio completa. De igual forma, la casa tiene instalación de gas natural y aire acondicionado; por otro lado, un amplio garaje techado con puerta eléctrica para estacionar cómodamente una camioneta. Una de las mejores cualidades de esta casa es que se encuentra en una zona muy estratégica, cerca de avenidas, parques, centros comerciales, centros de estudios. ¡No te pierdas la oportunidad de vivir en esta acogedora y amplia casa en el distrito histórico y residencial de Pueblo Libre!|https://www.adondevivir.com/propiedades/clasificado/veclcain-venta-de-casa-en-pueblo-libre-149273176.html?n_src=Listado&n_pills=Parrilla&n_pg=1&n_pos=9|2026-03-18
adondevivir|casas|venta|Lima Moderna|Pueblo Libre|"Jirón Juan Antonio Arrieta 194
Isla Verde, Pueblo Libre"|S/ 2,071,262 · USD 620,000|2071262|620000|||"200 m² tot.
10 dorm.
8 baños"|200|10|8||Contacto Y visitas > 9 4 9 2 5 6 1 5 5. se vende edificio en jiron juan antonio arrieta, pueblo libre. Se encuentra frente A parque, A la espalda de la avenida brasil, limite con jesús maría. Ideal para vivienda con departamentos independizados, con potencial para remodelar. Inicialmente era una casa de dos pisos, pero hace 10 años se construyó hasta 6 pisos con departamentos independizados. En el ultimo piso tiene una azotea tipo terraza. El edificio en total cuenta con 10 dormitorios Y 8 baños. No cuenta con ascensor. Tiene espacio para estacionar 2 autos. Venta: $620, 000. tambien se vende por departamentos, se encuentra cada piso independizados. No cuenta con ascensor. Piso 1 Y 2: $250, 000 (incluye 2 cocheras) piso 3: $140, 000. piso 4: $75, 000 (cada mini dpto) piso 5: $135, 000. contacto Y visitas > 9 4 9 2 5 6 1 5 5|https://www.adondevivir.com/propiedades/clasificado/veclcain-se-vende-edificio-con-departamentos-independizados-148989233.html?n_src=Listado&n_pills=Frente+a+parque&n_pg=1&n_pos=10|2026-03-18
adondevivir|casas|venta|Lima Moderna|Pueblo Libre|"PASO DE LOS ANDES 1051
Pueblo Libre, Lima"|S/ 1,330,000 · USD 380,000|1330000|380000|||"240 m² tot.
5 dorm.
4 baños
3 estac."|240|5|4|3|Casa con excelente ubicación, se vende como terreno, ubicada sobre avenida Paso de los Andes, a un paso de la Plaza de la bandera. 240M2. Parámetros para 8 pisos. Casa de tres pisos de los cuales el tercero es de Drywall. Cochera externa para 2 carros. cochera interna para 1 carro. sala comedor. cocina. patio interno. habitacion. baño. cuarto deposito. Segundo Nivel: 2 habitaciones. baño. Tercer piso: Es un departamento con 2 habitaciones, baño, sala comedor, cocina. Precio en soles es referencial.|https://www.adondevivir.com/propiedades/clasificado/veclcain-vendo-casa-en-pueblo-libre-147719056.html?n_src=Listado&n_pills=Cuartos+de+servicio&n_pg=1&n_pos=11|2026-03-18
adondevivir|casas|venta|Lima Moderna|Pueblo Libre|"Jr. Coronel Juan Valer Sandoval
Pueblo Libre, Lima"|S/ 2,522,625 · USD 750,000|2522625|750000|||"297 m² tot.
6 dorm.
3 estac."|297|6||3|Ubicado en una de las mejores y mas tranquilas zonas de Pueblo Libre, Jr. Juan Valer Sandoval (Ex Cueva) Cdra. 3, muy cerca a todo (Colegios, Universidades, Supermercados, Farmacias, Parques, etc). Esta propiedad tiene una zonificacion rdm (Residencial de Densidad Media), al lado de 2 edifcios nuevos (6 y 7 pisos) respectivamente, frente a la Casa de la Juventud de Pueblo Libre. Cochera para 2 autos en Semisótano. Ámplia Área de Ingreso Exterior e Interior. 1er piso: Recibidor, Sala, Bar, Comedor, Amplia Cocina, Medio Baño para visitas, Jardín Exterior, Jardín Interior. Puerta de Ingreso Principal y puerta de Ingreso por la Cocina. Mezzanine: Estudio, que puede ser utilizado como un dormitorio adicional. 2do piso: 5 Amplias Habitaciones, cada 2 habitaciones 1 Baño. El Dormitorio Principal, con Baño Incorporado, Estar Familiar. Espaciosa Escalera al Mezzanine y Segundo Piso. Cada una de las 5 Habitaciones tiene Balcón a la Calle. Azotea: 2 Cuartos de Servicio, 1 Baño Completo y Lavandería, Tendedero y el resto de la Azotea Libre.|https://www.adondevivir.com/propiedades/clasificado/veclcain--excelente-propiedad-en-esquina-para-desarrollo-148570364.html?n_src=Listado&n_pills=Cerca+a+colegios&n_pg=1&n_pos=12|2026-03-18
adondevivir|casas|venta|Lima Moderna|Pueblo Libre|"URB.LOS JARDINES DE LA CATÓLICA
Los Jardines De La Catolica, Pueblo Libre"|S/ 2,970,000 · USD 752,000|2970000|752000|||"800 m² tot.
20 dorm.
14 baños
2 estac."|800|20|14|2|Excelente ubicacion edificacion de 5 pisos A. C. 800M2 A. T. 200M2 cosnta en total con 20 habitaciones 14 baños terraza interior: cocina lavanderia tendal balcon area de terreno 200M2 area construida 800M2, actualmente se alquilan habitaciones ideal negocio de hospedaje A U paso universidad católica Y proximo universidad san marcos (U. M. S. M) ingreso mensual por arriendo de habitaciones es aproximado S/. 14, 000|https://www.adondevivir.com/propiedades/clasificado/veclcain-se-vende-casa-5pisos-20-habitaciones-cerca-u.-catolica-144168846.html?n_src=Listado&n_pills=%C3%81rea+de+lavander%C3%ADa&n_pg=1&n_pos=13|2026-03-18
adondevivir|casas|venta|Lima Moderna|Pueblo Libre|"Jirón Santiago Wagner Pueblo Libre
Pueblo Libre, Lima"|S/ 1,762,500 · USD 470,000|1762500|470000||1|"274 m² tot.
5 dorm.
6 baños
2 estac."|274|5|6|2|Venta de Casa en Pueblo Libre – Ideal para Vivienda u OficinaDirección: Jr. Santiago Wagner, Pueblo LibreExcelente ubicación: • A una cuadra de la Av. Brasil • A dos cuadras de la Av. Sucre • Zona residencial con fácil acceso a principales víasCaracterísticas del Inmueble: • Área total: 254 m² • Diseño de una sola planta (estilo horizontal) • 4 dormitorios, cada uno con baño propio • Sala – comedor amplio • Cocina estilo americano, moderna y funcional • Área de bbq y lavandería • Cuarto de servicio con baño propio • 2 estacionamientosEquipamiento y Servicios: • Cisterna subterránea • Instalación eléctrica trifásica • Conexión a gas natural • Los aires están disponibles únicamente en la zona interna (lavandería) • Dos cocheras privadasUsos permitidos: • Vivienda familiar • Oficina administrativa • Estudio contable • Consultorio médicoOportunidad única para vivir o trabajar en una de las mejores zonas de Pueblo Libre. Contáctanos para más información o agendar una visita. Proyectum|https://www.adondevivir.com/propiedades/clasificado/veclcain-casa-en-venta-pueblo-libre-148140819.html?n_src=Listado&n_pills=Cuartos+de+servicio&n_pg=1&n_pos=14|2026-03-18
adondevivir|casas|venta|Lima Moderna|Pueblo Libre|"Coronel Ernesto Odriozola
Pueblo Libre, Lima"|S/ 603,000 · USD 180,000|603000|180000|||"144 m² tot.
3 dorm.
2 baños"|144|3|2||Se vende espacioso departamento de 144 m², ubicado en una de las zonas más solicitadas de Pueblo Libre, a solo una cuadra del Hospital de la Policía y de la Av. Brasil. Su vista exterior y amplio balcón brindan excelente iluminación natural y una agradable conexión con el entorno. Esta propiedad destaca por su gran potencial de remodelación, ideal para personalizar cada espacio según tus necesidades y estilo de vida. Cuenta con dormitorios de generosas dimensiones, pensados para ofrecer comodidad y funcionalidad. Su ubicación estratégica* permite estar cerca de todo: a 4 minutos de Metro Garzón y Plaza Vea, y a 8 minutos de la Rambla Brasil. Rodeado de restaurantes, colegios, boticas, centros de salud y con excelente conectividad. Área total: 144. 05 m² Características: _3 dormitorios amplios. _2 baños completos. _Vista exterior. _Sala y comedor de excelente tamaño. _Cocina con muebles altos y bajos. _Balcón. _Lavandería. _Depósito. Precio: us$ 180, 000. 00. ¡Todo lo que necesitas para vivir de la mejor manera! No pierdas la oportunidad. Contáctanos ahora para más información y agendar una visita|https://www.adondevivir.com/propiedades/clasificado/veclcain-amplio-departamento-de-144-m-sup2--en-venta-pueblo-148833433.html?n_src=Listado&n_pg=1&n_pos=15|2026-03-18
adondevivir|casas|venta|Lima Moderna|Pueblo Libre|"Av. del Río
Pueblo Libre, Lima"|S/ 1,145,800 · USD 340,000|1145800|340000|||"141 m² tot.
5 dorm.
3 baños
2 estac."|141|5|3|2|Esta casa es ideal para vivienda o Local Comercial, ya que la Av. Del Río, es una avenida que actualmente por estar rodeada de edificios, están las grandes empresas y medianos comerciante con gran fuerza en la zona, permitiendo la categoria comercial para las viviendas de la zona. No dudes en agendar tu visita.|https://www.adondevivir.com/propiedades/clasificado/veclcain-venta-casa-en-pueblo-libre-147936086.html?n_src=Listado&n_pills=Parrilla&n_pg=1&n_pos=16|2026-03-18
adondevivir|casas|venta|Lima Moderna|Pueblo Libre|"Av. Paso de los Andes
Pueblo Libre, Lima"|S/ 1,276,200 · USD 372,000|1276200|372000|||"320 m² tot.
6 dorm.
3 baños"|320|6|3||Se VendeCasa en Pueblo Libre S/ 1, 288, 000 / $380, 000. Casa de 3 Pisos en Zona Residencial de Pueblo Libre ubicado. zonatranquila de Pueblo Libre, calleresidencial: Islas Antillas. Amplia casa de 3 pisos. Area Terreno =142 m² Área construido = 320M2. ideal para familias numerosa y que buscan tranquilidad y seguridad. Remodelada totalmente (tuberías, cableado eléctrico, baños finos acabados) y cuenta con circuito cerrado de cámaras y timbre con cámara para tu seguridad. Distribución: 1. - Primer piso. - Entrada directa desde la calle y bonito jardín exterior que recibe a los visitantes. - Amplia sala comedor muy iluminada y ventilada con piso de porcelanato techos altos muy lindo. - Cocina amoblada con muebles altos y bajos súper excelente estado, se vende amoblado con electrodomésticos empotrados. - Medio baño de visita. - Terraza y Patio paralavandería. - Cochera para 3 autos pequeños o 2 autos grandes. 2-. 2do. Piso. - 4 habitaciones grandescon ventanas con buena iluminación naturaly closet empotrados. - 1 baño completo grande para los 4 dormitorios. -walk-in closet debajo de la escalera, ideal depósito o vestidor. 3. -3er piso. - 2 dormitoriosamplias. - Área de lavandería independiente. - 1 baño completo. - amplia terraza se puede construir un departamento con material noble. nota: El inmueble de 3 pisosestá en un buen estado, bien cuidado y mantenido con acabados modernos, lista para habitar y excelenteubicacióncerca de parques, colegios, Iglesias y avenidas principales, pero en un entorno centros comerciales mall centro próximo hospitalSanta Rosa clínica Centenario|https://www.adondevivir.com/propiedades/clasificado/veclcain-se-vende-linda-casa-en-pueblo-libre-3plantas-cerca-av-148826768.html?n_src=Listado&n_pills=Parrilla&n_pg=1&n_pos=17|2026-03-18
adondevivir|casas|venta|Lima Moderna|Pueblo Libre|"Jirón Cartagena
Pueblo Libre, Lima"|S/ 1,200,000 · USD 390,000|1200000|390000|||"189 m² tot.
4 dorm.
5 baños
2 estac."|189|4|5|2|Vendo simpática Casa Descripción. 1er Nivel recibidor Sala y comedor, cocina con comedor de diario, 1 baño de visita amplia Terraza Interna y externa con zona parrlllera. Estacionamiento para 2 vehiculos. 2do Piso Sala de estar, 4Dormitorios descripción. 1 Amplio dormitorio principal con closet y baño completo. 3Dormitorios con closets y un baño compartido. 3er Piso 2dormitorios con baños incluidos uno de visita y otro de servicio Azotea, Lavandería. A. C 266. M2 at. Ver datosm2. Tanque elevado Papeles en regla sin problemas legales ni registrales. Porfavor solo interesados directos. Abstenerse Intermediarios|https://www.adondevivir.com/propiedades/clasificado/veclcain-simpatica-propiedad-entrega-inmediata-148876076.html?n_src=Listado&n_pills=%C3%81rea+de+lavander%C3%ADa&n_pg=1&n_pos=18|2026-03-18
adondevivir|casas|venta|Lima Moderna|Pueblo Libre|"Dirección no informada
Pueblo Libre, Lima"|S/ 1,474,000 · USD 440,000|1474000|440000|||"400 m² tot.
9 dorm.
4 baños
1 estac."|400|9|4|1|Casa en venta ubicada en Pueblo Libre, ideal para familias grandes o proyectos de inversión. Cuenta con 9 recámaras y 4 baños, distribuidos en 250 m2 de superficie construida sobre un terreno de 400 m2. Dispone de 1 estacionamiento. La distribución interior ofrece amplios espacios, con sala y comedor separados, cocina funcional. Los espacios exteriores incluyen un patio que brinda privacidad y posibilidades de expansión. Ubicada en una zona residencial tranquila de Pueblo Libre, con fácil acceso a avenidas principales y transporte público. En los alrededores se encuentran colegios, supermercados y mercados locales, así como parques y áreas verdes para el esparcimiento. La zona cuenta con servicios de salud cercanos y ofrece un ambiente familiar y seguro. 10 m2 de frente. 25 m2 de fondo. Parámetros para 4 pisos|https://www.adondevivir.com/propiedades/clasificado/veclcain-a-media-cuadra-del-parque-las-americas-como-terreno-144680949.html?n_src=Listado&n_pg=1&n_pos=19|2026-03-18
adondevivir|casas|venta|Lima Moderna|Pueblo Libre|"Jose Manuel Ugarteche al 600
Pueblo Libre, Lima"|S/ 1,652,800 · USD 489,000|1652800|489000|||"203 m² tot.
4 dorm.
3 baños
2 estac."|203|4|3|2|¡Oportunidad única en Pueblo Libre! Se vende amplia y hermosa casa de 203 m², ubicada en una de las zonas más tranquilas y convenientes del distrito, a solo 3 cuadras de la Av. Brasil y muy cerca de gimnasios, restaurantes, mercados y supermercados. Esta propiedad de 2 pisos más azotea ofrece una distribución perfecta para familias que buscan comodidad y amplitud. Al ingresar, te recibe un encantador jardín frontal que aporta frescura y una excelente primera impresión. Además, cuenta con 2 cocheras, ideales para mayor seguridad y practicidad. En el primer nivel encontrarás una sala-comedor amplia y luminosa, con finos acabados y excelente conectividad hacia una cocina espaciosa, perfecta para quienes disfrutan del buen cocinar. También dispone de un patio interior donde podrás crear un segundo jardín, zona de parrilla o un área social especial. La casa cuenta con dos escaleras, una interna y otra ubicada en la entrada, brindando comodidad y buena circulación. En el segundo piso se distribuyen 3 dormitorios amplios y 3 baños completos, todos con acabados de calidad. En la azotea encontrarás un cuarto de servicio, área de lavandería y espacio para seguir creciendo o implementar futuras áreas sociales. Características destacadas: - 203 m² de área total- 2 pisos + azotea- Jardín delantero- Patio interior para segundo jardín o área social- 2 cocheras- 3 dormitorios- 3 baños completos- Cocina amplia- Sala comedor muy espaciosa- Cuarto de servicio- Lavandería en azotea- 2 escaleras (interna y externa) Ubicación estratégica cerca de todoEsta casa lo tiene todo: espacio, confort, ubicación y potencial para seguir creciendo. ¡Lista para convertirse en el hogar de tus sueños! ¿La visitamos?|https://www.adondevivir.com/propiedades/clasificado/veclcain-hermosa-casa-en-venta-en-pueblo-libre-148337483.html?n_src=Listado&n_pills=Seguridad&n_pg=1&n_pos=20|2026-03-18
adondevivir|casas|venta|Lima Moderna|Pueblo Libre|"Antunez De Mayolo 229
Pueblo Libre, Lima"|S/ 1,225,000 · USD 350,000|1225000|350000|||"179 m² tot.
7 dorm.
4 baños"|179|7|4||Vendo casa de 4 pisos en pueblo libre. Primer piso: garage para 1 auto, jardincito, sala, comedor, baño de visitas, cocina, terraza, jardin, estudio, puerta falsa, area de servicio 2 escaleras internas. Segundo piso: 3 dormitorios muy amplios, el principal con baño propio, Y los otros 2 comparten un baño, hall de distribucion. Tercer piso: pasillo, 2 dormitorios, 1 baño completo, sala, comedor Y cocina, balcon. Cuarto piso: 2 dormitrios, un baño completo Y una lavanderia.|https://www.adondevivir.com/propiedades/clasificado/veclcain-vendo-casa-de-4-pisos-en-pueblo-libre-149248872.html?n_src=Listado&n_pills=Cerca+a+colegios&n_pg=1&n_pos=21|2026-03-18
adondevivir|casas|venta|Lima Moderna|Pueblo Libre|"Av. Leguia y Melendez al 1900
Pueblo Libre, Lima"|S/ 895,000 · USD 268,000|895000|268000|||"166 m² tot.
3 dorm.
2 baños
1 estac."|166|3|2|1|En venta, casa de 2 pisos más azotea en Pueblo Libre, ideal para familias que buscan comodidad y ubicación estratégica. Primer piso: cuenta con una cochera, sala comedor, sala de estar, cocina equipada y un patio interno perfecto para reuniones familiares. Segundo piso: dispone de 3 dormitorios espaciosos y 1 baño completo. Tercer piso: se encuentra una azotea, cuarto y baño de servicio, además de una práctica zona de lavandería. Ubicada en un pasaje cerrado, la propiedad garantiza seguridad y tranquilidad. A pocos metros del Colegio Cristo Rey, cercana al Club Aelu, Universidad Católica y Plaza San Miguel, ofreciendo fácil acceso a todas las comodidades urbanas necesarias. Las principales avenidas cercanas incluyen General Clemente, Leguía y Meléndez, Av. Lincoln, Cipriano Dulanto (Av. La Mar), Universitaria y La Marina, facilitando el desplazamiento a cualquier punto de la ciudad.|https://www.adondevivir.com/propiedades/clasificado/veclcain-oportunidad-casa-en-venta-pueblo-libre-cerca-club-148885958.html?n_src=Listado&n_pills=%C3%81rea+de+lavander%C3%ADa&n_pg=1&n_pos=22|2026-03-18
adondevivir|casas|venta|Lima Moderna|Pueblo Libre|"Jirón Cartagena
Pueblo Libre, Lima"|S/ 927,500 · USD 265,000|927500|265000|||"214 m² tot.
5 dorm.
4 baños"|214|5|4||"Ubicado entre la Av. Simón Bolívar y Av. Mariano Cornejo, rodeada de diversos parques. - Área Ocupada Total: 214. 81m² *Área Ocupada Primer Nivel: 194. 51m² *Área Ocupada Segundo Nivel: 20. 30m² *Área Ocupada Tercer Nivel: 20. 30m² (No Declarado) - Área Construida Total: 172. 06m² - Frente: 9. 00 ml. - Fondo: 22. 44 ml. - Casa de 68 años de antigüedad, con remodelaciones realizadas en 2019. Distribución: Primer Nivel. - Sala con buena iluminación. - Comedor amplio. - Baño de visitas remodelado. - Cocina remodelada con 3 ingresos | Reposteros altos y bajos | Espacio para comedor de diario. - 3 habitaciones amplias. - 1 Baño completo remodelado. - Patio interno remodelado. - Estacionamiento con portón eléctrico | Espacio para 2 vehículos. Segundo Nivel (Año de construcción 2019): - 2 habitaciones. - 1 baño completo. Tercer Nivel (Año de construcción 2019): - Terraza. - Cocina con parrilla. - Baño de visitas. Precio de Venta usd$265, 000. *Tipo de cambio referencial. ¡Agenda tu visita!"|https://www.adondevivir.com/propiedades/clasificado/veclcain-venta-de-casa-de-3-pisos-y-cochera-en-excelente-estado-149255983.html?n_src=Listado&n_pg=1&n_pos=23|2026-03-18
adondevivir|casas|venta|Lima Moderna|Pueblo Libre|"Jr Salamanca
Colmenares, Pueblo Libre"|S/ 1,263,500 · USD 350,000|1263500|350000|||1 estac.||||1|Vendo casa de 235 m2 ubicado en la Jr. Salamanca 137, Distrito de Pueblo Libre. Ubicado en una zona familiar exclusiva de la zona, cerca a colegios, Bancos, Centros Comerciales y Avenidas Principales. La casa tiene la siguiente distribución: Sala Comedor, Baño de Visita, Cocina, Comedor de Diario, Lavandería, 03 dormitorios, 02 baños completos, patio, jardín; en la azotea hay un cuarto y baño de servicio y área de lavandería, cochera. Tiene antigüedad de 40 años y si deseas lo usas solo como terreno. Frente 10 m2. Fondo 23. 5 m2. Parámetros: 5 pisos más azotea. solo wasap al Ver datos|https://www.adondevivir.com/propiedades/clasificado/veclcain-venta-de-casa-para-remodelar-o-terreno-142548543.html?n_src=Listado&n_pills=Cuartos+de+servicio&n_pg=1&n_pos=24|2026-03-18
adondevivir|casas|venta|Lima Moderna|Pueblo Libre|"Calle Salamanca Cuadra 139, Pueblo Libre
Pueblo Libre, Lima"|S/ 1,260,000 · USD 350,000|1260000|350000|||"235 m² tot.
3 dorm.
2 baños
1 estac."|235|3|2|1|Vendo casa de 235 mt2 ubicado en la Calle Salamanca Cuadra 1, Distrito de Pueblo Libre. Ubicado en una zona familiar exclusiva de la zona, cerca a colegios, Bancos, Centros Comerciales y Avenidas Principales. La casa tiene un primer piso de 150 Mt2 construidos más la azotea 20 Mt2 construidos. El terreno de la casa tiene los siguientes linderos: Frente y Fondo de 10 mt lineales; y el lado Derecho e Izquierdo de 23. 5 mt lineales cada uno. ideal para un proyecto multifamiliar de 5 pisos. El precio de esta oferta inmobiliaria es us$ 350, 000 dolares. Mi nombre es Carlos Veliz y mi celular es 9. 9. 9. 4. 9. 4. 7. 2. 5, y estaré gustoso en atenderlos. El mejor equipo de profesionales siempre a tu disposición, para ubicar, adquirir y/o rentar la propiedad anhelada. Nuestro servicio no tiene costo alguno para todo &quot;cliente que busca&quot; alquilar o comprar propiedad(es).|https://www.adondevivir.com/propiedades/clasificado/veclcain-vendo-casa-como-terreno-235-m-sup2--us$350-000.-calle-148517631.html?n_src=Listado&n_pills=Jard%C3%ADn&n_pg=1&n_pos=25|2026-03-18
adondevivir|casas|venta|Lima Moderna|Pueblo Libre|"Ollantay 172
Pueblo Libre, Lima"|S/ 1,571,500 · USD 449,000|1571500|449000|||"208 m² tot.
7 dorm.
3 baños
2 estac."|208|7|3|2|"Casa de 3 pisos, junto a parque. Tercer piso de ingreso independiente. Espacios amplios e iluminados, en una de las zonas más tranquilas y seguras de Pueblo Libre. Cerca de centros comerciales e importantes avenidas. Área de terreno: 208. 4 m² | Área construida: 303. 47 m² | Frente: 8 m | Fondo: 8. 04 m7 Dormitorios | 3 Baños completos + 1 medio baño | 2 Cocheras | Junto a parqueDistribución por PisosPrimer piso: - 2 cocheras paralelas abiertas- 2 entradas independientes- Sala de estar- Baño de visita- Sala comedor con vista al jardín- Cocina con salida directa a la cochera- Jardín- Cuarto y baño de servicio (sobre el cuarto de servicio, se encuentra un depósito y tendal) - Patio amplio frente al jardín, el cual conecta con el cuarto y baño de servicioSegundo piso: - Hall de distribución, con- 4 dormitorios amplios- 1 baño completo- closet para la terma eléctricaTercer piso: - Terraza- Sala comedor iluminada y con vista a la calle- Cocina amplia- Baño completo- 2 dormitoriosT. C. 3. 50Tipo de cambio referencial, sujeto a variación diaria por fluctuación del mercado"|https://www.adondevivir.com/propiedades/clasificado/veclcain-casa-espaciosa-y-bien-ubicada-en-pueblo-libre.-147486218.html?n_src=Listado&n_pills=Jard%C3%ADn&n_pg=1&n_pos=26|2026-03-18
adondevivir|casas|venta|Lima Moderna|Pueblo Libre|"Zaragoza 200
Pueblo Libre, Lima"|S/ 244,800 · USD 69,942|244800|69942|||"38 m² tot.
1 dorm.
1 baño"|38|1|||Departamento Flat en Pueblo Libre — ¡ En 6 meses listo para Estrenar! -Ubicación: Pueblo Libre, Lima-Tipo: Flat disponible en pisos: 2-8-Área construida: 38. 98 m²-Habitaciones: 1-Baños: 1-Estacionamientos: consultar precio. -Antigüedad: 0 añosDescripción: -Espacio moderno y funcional, ideal para quienes buscan una vivienda nueva en Pueblo Libre. Con 1 dormitorios y 1 baño distribuidos en 38. 98 m², este flat ofrece privacidad y comodidad: perfecto para persona sola o pareja recién casados. Puntos destacados: - Distribución eficiente que maximiza el uso del espacio- próximo a Estrenar: condiciones y acabados nuevos- Ubicación estratégica en Pueblo Libre, cerca de comercios y serviciosFotos son referenciales“Agenda tu visita y conoce sus espacios en persona. ¡Aprovecha el precio antes de que suba! ”T. C. 3. 50Tipo de cambio referencial, sujeto a variación diaria por fluctuación del mercado|https://www.adondevivir.com/propiedades/clasificado/veclcain-excelente-departamento-de-1-dormitorio-cerca-de-plaza-147820005.html?n_src=Listado&n_pg=1&n_pos=27|2026-03-18
adondevivir|casas|venta|Lima Moderna|Pueblo Libre|"MANUEL BELGRANO
Pueblo Libre, Lima"|S/ 1,136,000 · USD 320,000|1136000|320000||1|"195 m² tot.
5 dorm.
3 baños
2 estac."|195|5|3|2|Venta casa en pueblo libre limite con jesus maria, magdalena, san miguel, breña. A 5 cuadras del colegio elvira garcia Y garcia, colegio peruano japones,. Hospital santa rosa Y clinica stella maris. ingreso, jardin, patio, sala, comedor, cocina, baño visita, lavanderia, 2 dormitorios, baño, 3 dormitorios, baño,. Declaratoria fabrica inscrita de 2 pisos. zonificacion: rdm. area terreno: 195mt. edificacion para 4 pisos. frente 7. 5 ml. en un proyecto inmobiliario podria construirse hasta 8 departamentos. agenda tu visita ya mismo. juliana montes - 9 9 9 8 9 2 7 9 7. evelin acasuzo - 9 9 6 6 1 1 7 1 1|https://www.adondevivir.com/propiedades/clasificado/veclcain-venta-casa-pueblo-libre-cerca-a-plaza-la-bandera-y-a-147288364.html?n_src=Listado&n_pills=%C3%81rea+de+lavander%C3%ADa&n_pg=1&n_pos=28|2026-03-18
adondevivir|casas|venta|Lima Moderna|Pueblo Libre|"Manuel Guirior
Pueblo Libre, Lima"|S/ 2,328,000 · USD 690,000|2328000|690000|||"472 m² tot.
2 dorm.
1 baño
1 estac."|472|2||1|En venta- casa como terreno, ubicada en una zona céntrica de Pueblo Libre, entre las avenidas La Marina, Brasil y Sucre. Características del Inmueble: Área de Terreno: 472. 57 m² Área Construida: 200 m² Zonificación: Residencial de Densidad Media (rdm) Dimensiones: Frente y Fondo: 15. 05 m Derecha e Izquierda: 31. 40 m Tipo de Terreno: RegularParámetros para 6 pisos más azoteaPotencial de valorización en una zona con alta demanda residencial. ¡No dejes pasar esta oportunidad única! Contáctanos para más información o para programar una visita. id: 3 5 4 8 7 121% comprometidos en brindarte un servicio de excelencia.|https://www.adondevivir.com/propiedades/clasificado/veclcain-terreno-en-venta-en-pueblo-libre-147504086.html?n_src=Listado&n_pg=1&n_pos=29|2026-03-18
adondevivir|casas|venta|Lima Moderna|Pueblo Libre|"Jr. Ángela Podestá Pescheira 1xx
El Suta, Pueblo Libre"|S/ 1,105,000 · USD 325,000|1105000|325000|||"177 m² tot.
5 dorm.
3 baños"|177|5|3||*R. U. C: 2. 0. 6. 0. 0. 1. 6. 2. 9. 9. 4* Razón Social: Constructora e Inmobiliaria Casa 21 S. A. C. Se vende elegante casa de 2 pisos con cochera en Pueblo Libre, con 220 m² de área total, ubicada en una exclusiva y tranquila zona residencial del distrito. La propiedad ofrece amplios y bien iluminados ambientes, ideal para familias que buscan confort, privacidad y una excelente proyección de valorización. Su ubicación es inmejorable: a pocos minutos de parques, de la Universidad Católica y de prestigiosos colegios como Las Canonesas y La Unión, además de contar con fácil y rápido acceso a avenidas principales como La Mar, José Valer Sandoval (ex Cueva), Sucre y Clement, rodeada de comercios y servicios. Una oportunidad única de vivir o invertir en uno de los distritos más tradicionales y mejor ubicados de Lima. *Contáctate con Monica Alvarado 9. 9. 2. 0. 8. 2. 5. 9. 5* Características: Casa para remodelar. - Área de terreno: 177 m2. - Área construida: 220 m2. - 2 pisos + Azotea con lavandería. 1er piso: - Garaje y jardín en la entrada. - Sala. - Comedor. - 01 Dormitorio con ventana hacia el patio. - 01 Baño completo. - Cocina grande y espaciosa recién remodelada. - Patio con jardín. 2do Piso: - 04 Dormitorios espaciosos, el principal con un balcón grande tipo terraza. - 01 Baño completo. - Escalera a la azotea. - Azotea. - Lavandería y tendal. Casa por remodelar. Precio: us$ 360, 000. 00. ¡Todo lo que necesitas para vivir de la mejor manera! No pierdas la oportunidad. Contáctanos ahora para más información y agendar una visita. *Contáctate con Monica Alvarado 9. 9. 2. 0. 8. 2. 5. 9. 5*|https://www.adondevivir.com/propiedades/clasificado/veclcain-venta-de-casa-de-dos-pisos-de-220-m-sup2--en-pueblo-148627869.html?n_src=Listado&n_pills=Jard%C3%ADn&n_pg=1&n_pos=30|2026-03-18
adondevivir|casas|venta|Lima Moderna|Pueblo Libre|"MANUEL BELGRANO
Pueblo Libre, Lima"|S/ 1,136,000 · USD 320,000|1136000|320000||1|"195 m² tot.
5 dorm.
3 baños
2 estac."|195|5|3|2|Venta casa en pueblo libre limite con jesus maria, magdalena, san miguel, breña. A 5 cuadras del colegio elvira garcia Y garcia, colegio peruano japones,. Hospital santa rosa Y clinica stella maris. ingreso, jardin, patio, sala, comedor, cocina, baño visita, lavanderia, 2 dormitorios, baño, 3 dormitorios, baño,. Declaratoria fabrica inscrita de 2 pisos. zonificacion: rdm. area terreno: 195mt. edificacion para 4 pisos. frente 7. 5 ml. en un proyecto inmobiliario podria construirse hasta 8 departamentos. agenda tu visita ya mismo. juliana montes - 9 9 9 8 9 2 7 9 7. evelin acasuzo - 9 9 6 6 1 1 7 1 1|https://www.adondevivir.com/propiedades/clasificado/veclcain-venta-casa-pueblo-libre-cerca-a-plaza-la-bandera-y-a-147288364.html?n_src=Listado&n_pills=Jard%C3%ADn&n_pg=2&n_pos=1|2026-03-18
adondevivir|casas|venta|Lima Moderna|Pueblo Libre|"Rio Santa 213
28 De Julio, Pueblo Libre"|S/ 1,272,800 · USD 370,000|1272800|370000|||"210 m² tot.
4 dorm.
3 baños"|210|4|3||Se vende casa de 3 pisos con cochera en Pueblo Libre, con 247. 88 m² de área total, ubicada en una exclusiva y tranquila zona residencial del distrito. La propiedad, vista externa, cuenta con amplios e iluminados ambientes, una amplia azotea y un amplio jardín. A pocos minutos de parques, de la Universidad Católica, centro de idiomas El Británico, Plaza de Las Banderas, el colegio La Unión. Con fácil y rápido acceso a avenidas principales como La Av. Mariano H. Cornejo y la Av. Simón Bolívar. *Contáctate con Veronica Castillo 9. 3. 9. 4. 6. 1. 0. 1. 2* área de terreno: 210. 60M² área construida: 247. 88M² Distribución: - Sala Comedor. - Cocina Cerrada. - 4 Dormitorios. - 2 Baños Completos. - 1/2 baño. - Balcón Vista Externa. - 3 Pisos. - Azotea. - Jardín Amplia. 1 Cochera. precio: us$ 370, 000. 00. ¡Todo lo que necesitas para vivir de la mejor manera! No pierdas la oportunidad. Contáctanos ahora para más información y agendar una visita. *Contáctate con Veronica Castillo 9. 3. 9. 4. 6. 1. 0. 1. 2*|https://www.adondevivir.com/propiedades/clasificado/veclcain-venta-de-casa-de-tres-pisosde-247.88-m-sup2--en-pueblo-149272373.html?n_src=Listado&n_pills=Parrilla&n_pg=2&n_pos=2|2026-03-18
adondevivir|casas|venta|Lima Moderna|Pueblo Libre|"Calle Salamanca al 100
Pueblo Libre, Lima"|S/ 850,000|850000||||160 m² tot.|160||||Venta de casa en pueblo libreubicado En calle Salamanca Pueblo libre, el mismo que se encuentra a unas cuadras de Av. Sucre con av. Cipriano Dulanto a unos minutos de plaza san Miguel está muy cerca de colegios, farmacias restaurantes, parques, se encuentra ubicado estratégicamente con fácil acceso a avenidas principalPrecio S/. 850, 000- A. T 160 m2-? A. C 200m2- Cuenta con servicios básicos- Zonificación Residenciallg-36|https://www.adondevivir.com/propiedades/clasificado/veclcain-casa-pueblo-libre-148515425.html?n_src=Listado&n_pg=2&n_pos=3|2026-03-18
adondevivir|casas|venta|Lima Moderna|Pueblo Libre|"Jr. General Jose Ramon Pizarro 1090
Colmenares, Pueblo Libre"|S/ 2,072,000 · USD 560,000|2072000|560000|||"500 m² tot.
5 baños
2 estac."|500||5|2|Área de Terreno: 250m2. Linderos: Frente 10ml x 25ml. Área Construida: Aprox. 560m2 (constituido por dos departamentos debidamente independizados uno de ellos en primer piso y el otro constituido por el segundo y tercer piso) Dormitorios: 8 (en tres piso) Altura: Ver Certificado de Parámetros. Vista a Parque. Precio de Venta: us$560, 000. 00 (Precio en dólares) Casa ideal para un proyecto inmobiliario. Altura de 7 pisos mas aires - El inmueble se encuentra entre dos edificio de 5 pisos (mas aires) y de 10 pisos(mas aires) Casa (terreno) en jirón General Jose Ramon Pizarro, excelente ubicación frente al parque Daniel Hernandez un parque tranquilo y bien conservado, asimismo el inmueble se encuentra cerca de avenidas Manuel Cipriano Dulanto, Sucre y de La Marina que conecta a diferentes puntos de la ciudad; con un excelente equipamiento urbano cerca del parque de las leyendas, cerca de la universidad Pontificia Universidad Católica del Peru, Plaza San Miguel. Casa por remoderlar. Llameme para una visita: + 51 9. 8. 2. 3. 3. 7. 0. 5. 2|https://www.adondevivir.com/propiedades/clasificado/veclcain-casa-frente-parque-daniel-hernandez-pueblo-libre-at290-64592270.html?n_src=Listado&n_pills=Cerca+a+colegios&n_pg=2&n_pos=4|2026-03-18
adondevivir|casas|venta|Lima Moderna|Pueblo Libre|"Av General Borgoño 260
Isla Verde, Pueblo Libre"|S/ 608,400 · USD 180,000|608400|180000|||"141 m² tot.
4 dorm.
1 baño"|141|4|||La casa esta ubicada en un punto estrategico muy cerca de la Av Brasil, Republica Dominicana, Gral Garzon a unas cuadars de la Iglesia San Jose, con salida rapida a Avenidas principales ya sea al centro de Lima y tambien hacia el distrito de Magdalena y San Isidro. Características de la propiedad: Area Total de 141 m2. - Sala comedor amplia iluminada y bien ventilada. - 04 dormitorios. - 01 baño completo. - Cocina independiente. - Lavandería con tendal. - Cuarto y baño de servicio. - 01 depósito. Todos los documentos de la propiedad están totalmente saneadas|https://www.adondevivir.com/propiedades/clasificado/veclcain-vendo-casa-en-el-distrito-de-pueblo-libre-solo-primer-148809156.html?n_src=Listado&n_pills=Frente+a+parque&n_pg=2&n_pos=5|2026-03-18
adondevivir|casas|venta|Lima Moderna|Pueblo Libre|"Manuel Guirior 10xx
Pueblo Libre, Lima"|S/ 1,373,500 · USD 410,000|1373500|410000|||230 m² tot.|230||||R. U. C Ver datos|https://www.adondevivir.com/propiedades/clasificado/veclcain-oportunidad-de-alquirir-casa-como-terreno-en-pueblo-148926028.html?n_src=Listado&n_pg=2&n_pos=6|2026-03-18
adondevivir|casas|venta|Lima Moderna|Pueblo Libre|"JR LIBERTAD 350
Pueblo Libre, Lima"|S/ 571,200 · USD 170,000|571200|170000|||"89 m² tot.
5 dorm.
3 baños"|89|5|3||Amplia y acogedora casa ubicada en una quinta interior, que ofrece privacidad y silencio, a pocos minutos de las principales avenidas del distrito: Av. Sucre, Av. La Marina y Av. La Mar. Características principales: Cinco habitaciones, ideales para familias numerosas, home office o espacios multifuncionales. Cuatro baños bien distribuidos y funcionales. Frente a un pequeño parque, lo que brinda iluminación natural y un entorno agradable. Sala amplia, muy iluminada y con excelente ventilación. Dos ingresos independientes, uno de ellos con acceso directo a la cocina. Tercer piso ideal para reuniones sociales, celebraciones o zona de parrilla. Área de lavandería cómoda y bien organizada. No cuenta con cochera. Una propiedad ideal para quienes buscan amplitud, ubicación estratégica y tranquilidad dentro de una zona residencial con excelente conectividad. Informes y visitas: Ver datos. Ver datos|https://www.adondevivir.com/propiedades/clasificado/veclcain-se-vende-casa-en-quinta-interior-con-excelente-148478537.html?n_src=Listado&n_pills=%C3%81rea+de+lavander%C3%ADa&n_pg=2&n_pos=7|2026-03-18
adondevivir|casas|venta|Lima Moderna|Pueblo Libre|"Calle LAS Dalias 1437
Pueblo Libre, Lima"|S/ 1,800,000 · USD 480,000|1800000|480000|||"240 m² tot.
6 dorm.
2 baños
1 estac."|240|6|2|1|Cerca de todo, colegios, parques, inglesias, av. Principales, facil acceso A transporte publico. Es una bonita casa, super amplia e iluminada, está al lado del parque “La Parroquia”, en zona tranquila y residencial, no pasan micros, ni buses. Primer piso: Se encuentra una salita de recibidor bien acogedora, al lado, la sala principal bien amplia con su baño de visita. El comedor da vista a la terraza la cual tiene mamparas de vidrio y estores de techo a piso, aquí se encuentra la bbq y el bar, ésta tiene techo retráctil, las paredes están enchapadas de mayólicas, el piso es de porcelanato, es bastante espaciosa para hacer reuniones o fiestas entre amigos o familia. La cocina, tiene comedor de diario, los muebles son altos y bajos de melamina, con tablero de granito, la pared esta enchapada y tiene comedor de diario. La lavandería es independiente y espaciosa, consta de tendal y alacena. Lo mas importante, en este piso hay un dormitorio amplio y amoblado que puede servir de cuarto de visita, sala de estar o un estudio u oficina. El baño de visita es moderno con pared enchapada hasta la mitad. Segundo piso: Aquí se encuentran los 5 dormitorios, 2 dormitorios con baño incorporado, son bastante amplios e iluminados. El tercer dormitorio cuenta con un espacio más, que sirve como oficina, terracita o salita de estar. El cuarto y quinto dormitorio comparten un baño completo, los pisos del área social y privada son de parqué.|https://www.adondevivir.com/propiedades/clasificado/veclcain-casa-confortable-6-dorm-al-lado-de-parque-en-zona-147300141.html?n_src=Listado&n_pills=Cerca+a+colegios&n_pg=2&n_pos=8|2026-03-18
adondevivir|casas|venta|Lima Moderna|Pueblo Libre|"Pedro Torres Malarin
Pueblo Libre, Lima"|S/ 1,370,000 · USD 390,000|1370000|390000|||"345 m² tot.
8 dorm.
5 baños"|345|8|5||Se vende casa ubicada ubicada entre Manuel Cipriano Dulanto, Antoni de Sucre y La Marina. Tres pisos construidos con la sgte distribución: Ingreso con cisterna subterránea y escalera exterior de acceso al tercer piso. Ambientes 1er piso: todos los ambientes son grandes, tiene sala, comedor, estar, escaleras internas que conducen al 2do nivel, cocina, baño de visitas, cochera cerrada o espacio para instalar una oficina grande, un taller o negocio, patio interior con escaleras de servicio que conducen al segundo y al tercer piso. Ambientes 2do piso 4 habitaciones: dormitorio 1 con balcón y closet, dormitorio 2 con baño y closet, dormitorios 3 y 4 con closet, un baño común, pasadizo que conduce a escaleras de servicio y conecta los pisos 1 y 3. (27 años) Ambientes 3er piso: 4 habitaciones, dos baños completos. Una habitación tiene ingreso independiente con escaleras que llegan desde el ingreso principal, 3 habitaciones amplias. A este nivel se llega vía escaleras de servicio. (27 años) 4to nivel: Tendal y tanque elevado, área libre para construir. Us$ 390, 000 negociable. La casa tiene|https://www.adondevivir.com/propiedades/clasificado/veclcain-casa-ideal-familia-grande-o-negocio-que-requiera-149296754.html?n_src=Listado&n_pills=Cuartos+de+servicio&n_pg=2&n_pos=9|2026-03-18
adondevivir|casas|venta|Lima Moderna|Pueblo Libre|"navarra
Pueblo Libre, Lima"|S/ 1,390,000 · USD 399,000|1390000|399000|||"198 m² tot.
4 dorm.
3 baños
2 estac."|198|4|3|2|Vendo Casa Descripción Construcción 259. 00m2. -sala comedor. - cocina- lavanderia. -Amplio jardin interno. -terraza. -Estacionamientos. 2do Piso 4 Dormitorios 1 estudio baño completo. 3er Piso Azotea 2 Dormitorios baño completo. solo trato directo abstenerse intermediariios|https://www.adondevivir.com/propiedades/clasificado/veclcain-excelente-estado-con-buena-ubicacion-148155380.html?n_src=Listado&n_pills=Jard%C3%ADn&n_pg=2&n_pos=10|2026-03-18
adondevivir|casas|venta|Lima Moderna|Pueblo Libre|"Calle Ollantay al 100
Pueblo Libre, Lima"|S/ 1,620,000 · USD 449,900|1620000|449900|||"380 m² tot.
6 dorm.
4 baños
2 estac."|380|6|4|2|Casa de 3 pisos + azotea frente a parque – Excelente ubicación en San MiguelSe vende amplia y luminosa casa de 3 pisos más azotea, ubicada frente a parque en una de las zonas más privilegiadas de San Miguel. La propiedad se encuentra en muy buen estado de conservación, ideal para familias que buscan comodidad, seguridad y una excelente ubicación.? Características principales: Área construida distribuida en 3 pisos + azotea. 4 dormitorios amplios y bien iluminados. Jardín interior que brinda un ambiente fresco y natural. Cochera para 2 autos con portón eléctrico. Cerco eléctrico para mayor seguridad. A solo 1 cuadra de Av. La Marina, con fácil acceso a principales vías de la ciudad.? Espacio adicional independiente en el 3er piso: Departamento independiente con 2 dormitorios, 1 baño completo y kitchenette. Perfecto para alquilar, generar ingresos adicionales o usar como espacio privado.? Ubicación privilegiada: Frente a parque, ideal para familias con niños o quienes disfrutan de áreas verdes. Muy cerca de centros comerciales (Plaza San Miguel, Open Plaza, Tottus). A minutos de importantes universidades (upc, pucp, unmsm). Zona tranquila, segura y con alta plusvalía. Una propiedad completa que combina ubicación, amplitud y versatilidad. ¡Lista para mudarse!|https://www.adondevivir.com/propiedades/clasificado/veclcain-vendo-casa-en-pueblo-libre-frente-a-parque-147356456.html?n_src=Listado&n_pills=Jard%C3%ADn&n_pg=2&n_pos=11|2026-03-18
adondevivir|casas|venta|Lima Moderna|Pueblo Libre|"PSJE COSTA BRAVA N° 130 PUEBLO LIBRE
Pueblo Libre, Lima"|S/ 804,000 · USD 240,000|804000|240000|||"160 m² tot.
3 dorm.
3 baños"|160|3|3||Casa en venta, ideal para familias. Cuenta con 160 m² de superficie total y construida. Sala comedor. Cocina cerrada con reposteros altos y bajos tablero con 5 hornillas. Area de lavandería. Dispone de 3 dormitorios y 2 1/2 baños. Cuenta con cuarto de servicio y baño comleto. Disfrute de su terraza e ingreso independiente. La zona de Pueblo Libre es principalmente residencial, con un ambiente familiar y tranquilo. Tiene fácil acceso a servicios educativos, con escuelas cercanas. En cuanto a comercios, encontrará supermercados, tiendas de conveniencia y mercados locales. Para la recreación, hay parques y espacios verdes.|https://www.adondevivir.com/propiedades/clasificado/veclcain-casa-con-3-dorm.-de-160-m-sup2--en-pueblo-libre-149290048.html?n_src=Listado&n_pills=Cerca+a+colegios&n_pg=2&n_pos=12|2026-03-18
adondevivir|casas|venta|Lima Moderna|Pueblo Libre|"Calle las Americas 03 - Parque las Américas
Pueblo Libre, Lima"|S/ 1,530,000 · USD 425,000|1530000|425000|||"250 m² tot.
8 dorm.
4 baños
1 estac."|250|8|4|1|Venta dos casas independientes 1er piso Y otro 2do piso independientes. 1 sala comedor cocina patio baño garaje 4 dormitorio, 2 hall sala comedor cocina lavandería Hall.|https://www.adondevivir.com/propiedades/clasificado/veclcain-venta-casa-dos-casas-precio-negociable-147837715.html?n_src=Listado&n_pills=%C3%81rea+de+lavander%C3%ADa&n_pg=2&n_pos=13|2026-03-18
adondevivir|casas|venta|Lima Moderna|Pueblo Libre|"Jirón Felipe Santiago Oré , pueblo Libre
Colmenares, Pueblo Libre"|S/ 778,500 · USD 225,000|778500|225000|||"223 m² tot.
5 dorm.
2 baños"|223|5|2||Venta de casa de 2 pisos + Azotea amplia, con cuarto de servicio y deposito. Ubicación estratégica y segura dentro de condominio de 3 viviendas, zona segura, a media cuadra del parque Santa Isabel en Pueblo Libre. La vivienda Cuenta con doble acceso: Ingreso por la Sala y el otro acceso es directo por la cocina. Primer piso: Cuenta con Sala amplia, comedor iluminado, patio interno amplio, un dormitorio, cocina con muebles altos y bajos. Medio baño. Escalera interna y otra escalera de servicio. Segundo Piso: Cuenta con tres dormitorios con closet. Un ambiente amplio para uso común como sala de tv, oficina, cuarto de juegos u dormitorio adicional. Baño completo con tina. Tercer piso: Cuenta con amplio depósito, cuarto de servicio con baño incorporado (agua fría y caliente). Zona de tendal con lavadero y terma de 50 litros. Todo el cableado y tablero eléctrico es nuevo. Vivienda familiar, cómoda y amplia, lista para vivir. Tipo de cambio referencial: s/. 3. 46 x dólar. Precio referencial de acuerdo al tipo de cambio referencia s/3. 35. Precio Ligeramente a tratar. At= 105m2, Ac=223 m2|https://www.adondevivir.com/propiedades/clasificado/veclcain-amplia-casa-2-pisos-azotea-pueblo-libre-148210247.html?n_src=Listado&n_pills=Seguridad&n_pg=2&n_pos=14|2026-03-18
adondevivir|casas|venta|Lima Moderna|Pueblo Libre|"CALLE MOREYRA Y RIGLOS PUEBLO LIBRE
Pueblo Libre, Lima"|S/ 1,190,000 · USD 320,000|1190000|320000|||"260 m² tot.
3 dorm.
3 baños"|260|3|3||"""Oportunidad única en una de las zonas residenciales más codiciadas de la ciudad. Esta casa de 2 pisos, una area de terreno de 150 m2, se presenta como una joya por descubrir en el distrito de Pueblo Libre, ideal para inversores o aquellos que buscan un proyecto de remodelación. Ubicada estratégicamente en la prestigiosa zona de Moreyra y Riglos, en Pueblo Libre, esta propiedad ofrece un sinfín de posibilidades. Con su diseño de dos pisos, brinda la oportunidad de crear un hogar amplio y moderno en una ubicación privilegiada. Su excelente ubicación, en una zona residencial tranquila y segura, agrega un valor adicional a este inmueble. Perfectamente adaptada para ser transformada en la casa de tus sueños o en un lucrativo proyecto de desarrollo inmobiliario. Con un cuidadoso proceso de renovación, esta propiedad de 150 m2 tiene el potencial de convertirse en una residencia de ensueño o en un atractivo negocio inmobiliario en Pueblo Libre. ¡Aprovecha esta oportunidad para adquirir una propiedad con una ubicación privilegiada y un sinfín de posibilidades de inversión! Contáctanos hoy mismo para obtener más detalles y dar el primer paso hacia esta emocionante oportunidad. """|https://www.adondevivir.com/propiedades/clasificado/veclcain-se-vende-casa-en-pueblo-libre-144204275.html?n_src=Listado&n_pg=2&n_pos=15|2026-03-18
adondevivir|casas|venta|Lima Moderna|Pueblo Libre|"Toledo 1
Pueblo Libre, Lima"|S/ 3,178,130 · USD 817,000|3178130|817000|||"430 m² tot.
4 dorm.
2 baños
2 estac."|430|4|2|2|Vendo Linda casa en calle Toledo 1, Urbanización San Bernardo, Pueblo Libre. Venta: us$ 817, 000 dólares. Área Terreno: 240 m2, Área Construida: 430 m2. Vista a la calle, remodelada, tres plantas. Hall de ingreso, sala, comedor, comedor de diario, cocina, sala de estar, 4 dormitorios, 2 baños, 1 baño incorporado, 1 cuarto de servicio, 1 baño de servicio, lavandería. Terraza, jardín, 2 cocheras techadas. Jardín interior, parrilla. Oc|https://www.adondevivir.com/propiedades/clasificado/veclcain-vendo-linda-casa-en-calle-toledo-1-urb-san-bernardo-146768489.html?n_src=Listado&n_pills=Parrilla&n_pg=2&n_pos=16|2026-03-18
adondevivir|casas|venta|Lima Moderna|Pueblo Libre|"CABO GUTARRA
Pueblo Libre, Lima"|S/ 1,650,000 · USD 490,000|1650000|490000|||"410 m² tot.
10 dorm.
8 baños
1 estac."|410|10|8|1|Casa totalmente remodelada 100% materiales de alta gama. 10 ambientes. 3 pisos. sala de capacitaciones en tercer nivel. 206M de terreno. A un paso de la avenida la marina / brasil Y sucre. visitala ya! Mudate A otro nivel|https://www.adondevivir.com/propiedades/clasificado/veclcain-casa-410-m-sup2--3-pisos-145565404.html?n_src=Listado&n_pills=Guardian%C3%ADa%2FSeguridad+privada&n_pg=2&n_pos=17|2026-03-18
adondevivir|casas|venta|Lima Moderna|Surquillo|"CA. LOS Halcones al 200 - Casa Remodelada 2 Pisos - Visitas Con Carta de Aprobación del Banco
Surquillo, Lima"|S/ 1,050,600 · USD 309,000|1050600|309000|||"210 m² tot.
4 dorm.
4 baños
1 estac."|210|4|4|1|Venta de Casa Remodelada en Condominio de 2 Pisos en Surquillo – Límite con San IsidroDescubre esta amplia y luminosa casa de 2 pisos recién remodelada, ubicada en una zona estratégica de Surquillo, a pocos pasos de San Isidro, rodeada de parques, supermercados, clínicas, colegios, bancos y con fácil acceso a las principales avenidas. La propiedad se encuentra dentro de una pequeña villa cerrada y segura en Calle Los Halcones, lo que garantiza tranquilidad y privacidad para tu familia. Además, cuenta con opción de construir un piso adicional. Características principales: Terreno: 136 m²Área construida total: 210 m² aprox. Primer Piso: 2 dormitorios2 baños completosSala – ComedorCocinaJardínEstacionamientoDepósitoSegundo Piso: 2 dormitorios2 baños completosSala – ComedorCocinaLavanderíaBeneficios destacados: -Casa totalmente remodelada con acabados modernos-Ubicación céntrica y de fácil acceso-Villa cerrada con seguridad y pocos vecinos-Posibilidad de ampliar con un tercer piso¡No pierdas la oportunidad de vivir en una zona estratégica de Lima!|https://www.adondevivir.com/propiedades/clasificado/veclcain-venta-de-casa-remodelada-2-pisos-en-surquillo-limite-148998402.html?n_src=Listado&n_pills=Jard%C3%ADn&n_pg=1&n_pos=1|2026-03-18
adondevivir|casas|venta|Lima Moderna|Surquillo|"el Sauce 500 Surquillo
Los Sauces, Surquillo"|S/ 1,649,000 · USD 485,000|1649000|485000|||"129 m² tot.
10 dorm.
5 baños
2 estac."|129|10|5|2|"Vendo casa A 6 min minutos de higuereta Y A pasos de pedro venturo | limite surquillo con surco Casa de 3 pisos independientes + aires | Piso 2 y 3 con opción a percibir un ingreso de alquiler total aprox 4800 soles. Primer piso | Puede ser habitada por una familia completa y alquilar los pisos superiores ao: 129. 60 m2 | at: 100. 21 M2 | al: 29. 39 m2 * Amplia sala comedor iluminada * Cocina amplia con muebles altos y bajos | espacio para comedor de diario * Habitación principal espacio para queen o king | | closet remodelado y moderno * Habitación secundaria (1) espacio para cama de 2 plazas | closet remodelado y moderno * Habitación secundaria (2) espacio para cama de 2 plazas | tbn se puede usar como estudio * Habitación secundaria (3) espacio para cama de 2 plazas | ingreso directo desde el patio * 2 baños completos | (1) con mampara de vidrio **Conexión de escalera interna al piso 2 - segundo piso | Ingreso independiente por escalera externa ao: 105. 48 m2 | at: 99. 20 m2 | al: 6. 28 m2 * Amplia sala comedor vista exterior * Cocina cerrada con muebles altos y bajos *Habitación principal | con closets de madera en perfecto estado para cama queen o king *Habitación secundaria (1) | con closets de madera espacio para 2 camas de 2 plazas *Habitación secundaria (2) | con closet de madera espacio para cama queen o king *1 baño completo con mampara de vidrio - tercer piso | Escalera ingreso independiente ao: 99. 37 m2 | at: 96. 01 m2 | al: 3. 36 m2 * Sala comedor amplia vista exterior * Cocina amplia con muebles altos y bajos * Area de estudio amplia continua a la sala * Habitación principal para cama queen o king | closet moderno de melamina | Baño incorporado * Habitación secundaria (1) y ( 2) amplia para cama queen | closet moderno de melamina *2 baños completos con mampara de vidrio | inodoro one piece | lavadero formato bowl - aires | 96. 01 cocheras | 1(12. 50 m2) 2 (12. 74 m2)"|https://www.adondevivir.com/propiedades/clasificado/veclcain-vendo-casa-con-jardin-cerca-a-pedro-venturo-con-146495072.html?n_src=Listado&n_pills=%C3%81rea+de+lavander%C3%ADa&n_pg=1&n_pos=2|2026-03-18
adondevivir|casas|venta|Lima Moderna|Surquillo|"Las Palomas 526
Jardines De Aramburu, Surquillo"|S/ 3,186,200 · USD 895,000|3186200|895000|||"466 m² tot.
6 baños
8 estac."|466||6|8|Surquillo, venta inmueble/ 2 casas Contactar a luis maita 9. 5. 0. 0. 9. 6. 1. 9. 6 Excelente Oportunidad en Surquillo - Terreno con Potencial Unico Se vende inmueble de 466 m2 a solo una cuadra de la Av. Aramburu en una insuperable ubicacion de altisima demanda. En este Terreno actualmente existen 2 casas de mas de 200 m2 cada una, ambas con entradas independientes directo a la calle. Y lo mejor: la parte posterior tiene salida directa al parque la enramada, mostrando una vista incomparable que comvierte este espacio en una experiencia unica. ¿ Por que inmueble unico? Por que se vende A precio de terreno! Ideal para Constructoras que buscan un espacio con doble frente y vista al parque. Perfecto tambien para familias o Inversionistas: vive en una de las casas y alquila la otra, obteniendo excelentes beneficios inmediatos en una zona de alta demanda. Ubicacion insuperable, cerca de vias principales, Areas Verdes y con conexcion rapida a San Isidro, Miraflores y San Borja. Ya sea para desarrollar un Proyecto Inmobiliario Exclusivo o para disfrutar de la comodidad de vivir en un inmueble centrico con rentabilidad, este inmueble reune las condiciones que muy pocos ofrecen. Surquillo a pasos de Av. Aramburu - Frente a Parque La Enramada Tu proxima inversion esta aqui!|https://www.adondevivir.com/propiedades/clasificado/veclcain-surquillo-venta-inmueble-unico:-2-casas-salida-a-147788018.html?n_src=Listado&n_pills=Jard%C3%ADn&n_pg=1&n_pos=3|2026-03-18
adondevivir|casas|venta|Lima Moderna|Surquillo|"Calle Arica
Surquillo, Lima"|S/ 1,676,640 · USD 499,000|1676640|499000|||"170 m² tot.
4 dorm.
4 baños"|170|4|4||Casa sólida, bien distribuida y con una ubicación que hoy es sinónimo de valor, proyección y alta demanda. Área de terreno: 170 m² Área construida: 335 m² Antigüedad: 60 años (refaccionada hace 20 años) Cisterna y tanque elevado. distribución. Primer piso. - Sala comedor amplia. - Baño de visitas. - Cocina grande y funcional. - Sala de tv. - Cochera para 2 autos. Segundo piso. - 4 dormitorios (2 dormitorios con baño incorporado) - 1 baño completo compartido. Tercer piso. - Lavandería. - Tendal. - 2 habitaciones de servicio con baño. Precio: $499, 000 dólares. Agenda tu visita hoy 986*520*629 - 992*141*058|https://www.adondevivir.com/propiedades/clasificado/veclcain-venta-de-casa-at-170-m-sup2--ac-335-por-huaca-pucllana-148706213.html?n_src=Listado&n_pills=%C3%81rea+de+lavander%C3%ADa&n_pg=1&n_pos=4|2026-03-18
adondevivir|casas|venta|Lima Moderna|Surquillo|"Calle San Carlos cdra 385
Surquillo, Lima"|S/ 1,095,250 · USD 325,000|1095250|325000|||"200 m² tot.
3 dorm.
2 baños"|200|3|2||Oportunidad de inversión en el Jr. San Carlos (cuadra 3). Casa de 1 piso, ubicada en zona estratégica residencial y comercial, a pocos metros de la Av. Angamos. Terreno de 8 m de frente x 25 m de fondo. ️ Zonificación vt. Ideal para comercio, oficinas, vivienda o proyecto inmobiliario. Ubicación con alto flujo y gran proyección.|https://www.adondevivir.com/propiedades/clasificado/veclcain-casa-en-venta-zona-mixta-paralela-a-av-angamos-148729351.html?n_src=Listado&n_pills=%C3%81rea+de+lavander%C3%ADa&n_pg=1&n_pos=5|2026-03-18
adondevivir|casas|venta|Lima Moderna|Surquillo|"Calle Las Aguilas 140
Surquillo, Lima"|S/ 1,868,333 · USD 494,268|1868333|494268|||"225 m² tot.
4 dorm.
5 baños"|225|4|5||Te presentamos una espaciosa casa de 2 pisos, construida con material noble, ubicada en la Calle Las Águilas Ver datos, Urbanización Limatambo, un lugar privilegiado cerca de avenidas principales como Paseo de la República y Domingo Orué. Características destacadas: Área de terreno: 225. 20 m² Área construida: 192 m² Distribución: Primer piso: Jardín delantero, cochera, sala-comedor, cocina, patio, lavandería, cuarto y baño de servicio, jardín y dormitorio con baño privado. Segundo piso: Hall y 4 dormitorios, cada uno con baño privado. Estado: Excelente conservación. Antigüedad: 60 años. Ventajas del entorno: Ubicación en un entorno residencial consolidado. Servicios completos: pistas, veredas, agua potable y alcantarillado. Ideal para familias gracias a su amplitud y distribución. ¡Haz de esta casa tu nuevo hogar o inversión perfecta! Contacta para más información y agenda tu visita ahora.|https://www.adondevivir.com/propiedades/clasificado/veclcain-espaciosa-casa-de-2-pisos-en-el-corazon-de-surquillo!-145333417.html?n_src=Listado&n_pills=%C3%81rea+de+lavander%C3%ADa&n_pg=1&n_pos=6|2026-03-18
adondevivir|casas|venta|Lima Moderna|Surquillo|"Pedro Ruiz 129
Surquillo, Lima"|"S/ 1,851,500 · USD 529,000
11%"|1851500|529000|11%||"245 m² tot.
7 dorm.
1 estac."|245|7||1|Oportunidad unica: casa 3 pisos mas local comercial en corazon de surquillocasa multifamiliar ; oportunidad de ampliar mas pisos. Se vende Amplia propiedad Ubicada en el corazón de Surquillo, ubicada en José Leon zona de alto movimiento comercial y residencial, ideal para inversión, negocio propio o desarrollo inmobiliario. Cuenta con local comercial con puerta a calle, lo que la convierte en una excelente oportunidad para generar ingresos inmediatos. La propiedad se encuentra en un entorno mixto residencial y comercial, ideal para inversionistas, empresas o quienes buscan negocio y vivienda en un solo lugar. Ubicación Estratégica: A pocos cuadras de Domingo Orue, Angamos, Republica de Panama, cerca del Mercado SurquilloDatos: Área: 245 metrosConstruida: 195 Metros3 pisos Casa mas Local con Puerta a CalleUbicación: Jose Leon - Estratégica ComercialNumero de Habitaciones: 7T. C. 3. 50Tipo de cambio referencial, sujeto a variación diaria por fluctuación del mercado|https://www.adondevivir.com/propiedades/clasificado/veclcain-venta:-casa-de-3-pisos-local-comercial-surquillo-148622321.html?n_src=Listado&n_pg=1&n_pos=7|2026-03-18
adondevivir|casas|venta|Lima Moderna|Surquillo|"Calle San Fernando, Surquillo.
Surquillo, Lima"|S/ 3,015,000 · USD 900,000|3015000|900000|||"813 m² tot.
3 dorm.
2 baños"|813|3|2||Excelente local en venta para diversos usos en Surquillo, cerca a avenidas principales, comercios. 700 m2 área libre, 217 m2 construidos como local con frente a la calle con 3 ambientes en dos niveles, 813m2 de terreno. Parámetros para 6 pisos. Escríbenos para mayor información. Precio usd 1500 por m2El precio publicado en soles es referencial y puede variar según el tipo de cambio vigente al momento de la transacción.|https://www.adondevivir.com/propiedades/clasificado/veclcain-venta-de-terreno-industrial-en-surquillo-149219871.html?n_src=Listado&n_pg=1&n_pos=8|2026-03-18
adondevivir|casas|venta|Lima Moderna|Surquillo|"Faisanes 194, Surquillo
Surquillo, Lima"|S/ 2,220,000 · USD 600,000|2220000|600000|||"282 m² tot.
7 dorm.
4 baños
2 estac."|282|7|4|2|Vendo casa en esquina, bien ubicada en la mejor zona de Surquillo. Fácil acceso a avenidas importantes como Av. Aramburú, Av. Paseo de la República (vía expresa), Av. Domingo Orué, Av. Gral. Requevarren, entre otras. Cerca a parque, a centros comerciales, bancos, restaurantes, entre otros. La casa tiene 3 pisos. Buena distribución e iluminación. descripción: at = 282. 15 m2 ac = 426. 35 m2Frente: 19. 00ml. Fondo: 15. 00ml. Perímetro: 67. 70 ml. zonifiacion: residencial de densidad baja (rdb) edificación: 4-5 pisos (Multifamiliar) La casa consta de: 1er piso: - Sala grande - Sala estar con terraza- Comedor - Cocina con comedor de diario- Jardín exterior e interior- 01 habitación tipo estudio- 02 cocheras techadas- Lavandería con depósito 2do piso: - 04 dormitorios grandes: - 01 dormitorio principal con walk-in-closet grande, baño grande- 03 dormitorios secundarios grandes- 01 baño secundario completo3er piso: - 02 dormitorios secundarios- 01 baño completo- Terraza y deposito grande¡¡Precio negociable!! T. C. 3. 50Tipo de cambio referencial, sujeto a variación diaria por fluctuación del mercado|https://www.adondevivir.com/propiedades/clasificado/veclcain--vendo-linda-casa-bien-ubicada-en-la-mejor-zona-de-146339794.html?n_src=Listado&n_pills=Jard%C3%ADn&n_pg=1&n_pos=9|2026-03-18
adondevivir|casas|venta|Lima Moderna|Surquillo|"Hortencia
Los Sauces, Surquillo"|S/ 1,035,000 · USD 300,000|1035000|300000|||"160 m² tot.
3 dorm.
2 baños"|160|3|2||Se vende amplia casa con alto potencial para remodelar, ubicada en el pasaje Hortencia con pasaje Amapola, ingreso por la cdra 3 de calle La Retama en la urbanización Los Sauces, a dos cuadras de la cuadra 23 de Tomas Marzano y cruce con Villaran. Distribución: - Patio delantero. - Domitorio con baño independiente de toda la casa. - Sala comedor. - Cocina. - Dos dormitorios con espacio para closet, uno de ellos se puede independizar y transformar en 3 dormitorios. - Baño completo. - Patio interior amplio. - Metraje del terreno: 160ml; Frente: 8ml, Izq: 20ml, derecha: 20ml, fondo 8ml. - Metraje construido: 101mt2 ( solo se ha construido un piso) Documentos en regla a nivel municipal y Registros Públicos, medidos de luz y agua independiente. Ubicado a 3 cdras. Del ovalo de higuereta, cerca estación Cabitos, Av. Villaran y Centros comerciales como Real 'Plaza, Open Plaza. Informes y citas al Ver datos.|https://www.adondevivir.com/propiedades/clasificado/veclcain-venta-de-casa-por-remodelar-en-pasaje-hortencia-urb-146213086.html?n_src=Listado&n_pg=1&n_pos=10|2026-03-18
adondevivir|casas|venta|Lima Moderna|Surquillo|"LAUREL ROSA
Los Sauces, Surquillo"|S/ 1,340,000 · USD 400,000|1340000|400000|||"221 m² tot.
5 dorm.
2 baños
1 estac."|221|5|2|1|"Casa amplia, elegante y en ubicación estratégica. Urbanización Los Sauces – Surquillo. Una zona residencial tranquila, segura y con acceso inmediato a avenidas principales. Ideal para quienes buscan comodidad, conectividad y calidad de vida. Detalles generales. • Terreno: 221 m² • Área Construida: 319. 48 m² • 3 pisos | Excelente estado. • Documentación 100% saneada. Ubicación privilegiada con fácil conexión hacia: Av. Tomás Marsano | Av. Aviación | Av. Villarán | Av. Benavides. Cerca de supermercados, bancos y restaurantes. A minutos caminando del Óvalo Higuereta. Calle con vigilancia permanente. primer piso. • Cochera amplia y techada para camionetas. • Patio de ingreso estilo mediterráneo. • Sala–comedor amplios y muy iluminados con vista a jardín. • Jardín posterior con árbol de Jacarandá + casita de madera. • Cocina amplia con comedor de diario y muebles altos/bajos. • Baño de visita. • Lavandería independiente. segundo piso. • 3 habitaciones amplias, todas con clóset. o 2 con vista al jardín. o 1 con vista a la calle. • Baño completo con iluminación natural. tercer piso. • Sala de estar de buenas dimensiones con vista externa. • 2 habitaciones adicionales y amplias con clóset. • Baño completo. puntos destacables. • Casa elegante, cálida y en excelente estado. Lista para ser habitada. • Arquitectura funcional con ambientes amplios. • Ubicación con alta demanda por su conectividad y seguridad. Buena proyección de plusvalía en la inversión. • Perfecta para familias grandes y estilo de vida moderno. precio: usd 400, 000. dms inmobiliaria"|https://www.adondevivir.com/propiedades/clasificado/veclcain-elegante-y-hermosa-casa-de-221-m-sup2--en-urb.-los-148314533.html?n_src=Listado&n_pills=Seguridad&n_pg=1&n_pos=11|2026-03-18
adondevivir|casas|venta|Lima Moderna|Surquillo|"SURQUILLO
Limatambo, Surquillo"|S/ 1,112,200 · USD 332,000|1112200|332000|||"350 m² tot.
8 dorm.
1 baño
1 estac."|350|8||1|Se vende Amplio y Céntrico Predio, ideal para vivienda/oficina a puerta cerrada en surquillo. El Inmueble se encuentra ubicado a media cuadra de avenida Aramburú, zona muy céntrica, cerca al puente Aramburú, cerca a la Estación del Metropolitano, estaciones de servicio, restaurantes, Comisería pnp, parques, etc. Inmueble en muy buen estado de conservación, bonitos acabados. Cuenta con 04 pisos construidos, 08 ambientes en total, 04 medios baños y 01 estacionamiento. Área de Terreno: 78. 08m2. Área Ocupada: 464. 19m1. Área Construida: 272. 43m2. Antigüedad: 11 años. descripción del inmueble: primer piso - Área Ocupada: 73. 95m2 y Área Construida 52. 37m2. -Recepción, Medio baño de visitas y sala amplia. segundo piso: Área Ocupada: 130. 08m2 y Área Construida 100. 48m2. -04 Amplias oficinas, una de ellas con medio baño incorporado, medio baño yTerraza. tercer piso: Área Ocupada: 130. 08m2 y Área Construida 92. 72m2. -Amplio salón, mono ambiente de 90m2, medio baño, patio lavandería. cuarto piso: Área Ocupada: 130. 08m2 y Área Construida 26. 86m2. -Sala o ambiente independiente. Documentos en regla!! Listo para transferir!! Visitas fáciles Y coordinadas! Contacta a nuestra Agente Inmobiliario: Carolina zecenarro. Celular/WhatsApp. 9. 9. 2. 0. 5. 0. 4. 3. 8. **El Tipo de Cambio (T. C) utilizado en esta publicación es de 3. 35, el Precio en Soles es sólo referencial**|https://www.adondevivir.com/propiedades/clasificado/veclcain-se-vende-amplio-predio-en-surquillo-limite-con-san-148095557.html?n_src=Listado&n_pills=Cerca+a+colegios&n_pg=1&n_pos=12|2026-03-18
adondevivir|casas|venta|Lima Moderna|Surquillo|"CALLE LA AVELLANA
Los Sauces, Surquillo"|S/ 1,142,400 · USD 340,000|1142400|340000|||"367 m² tot.
5 dorm.
5 baños
1 estac."|367|5|5|1|Casa en venta ubicada en Los Sauces, ideal para familias. Cuenta con 3 habitaciones y 2 baños, perfecta para quienes buscan amplitud y comodidad pues cuenta con 2 minidepartamentos construidos dentro del terreno, los cuales sumas3 habitaciones mas.. La propiedad tiene una superficie de terreno de 200 m2, un area ocupada de 367 m2 y 167 m2 construidos. Dispone de 1 estacionamiento a coordinar con la junta de propietarios. En su interior, encontrará una distribución funcional que incluye sala, comedor y cocina. En el exterior e interior disfrutará de jardínes que ofrecen un espacio para relajarse. La zona de Los Sauces es principalmente residencial, con un ambiente tranquilo y familiar. En los alrededores encontrará iglesia, parques y áreas verdes, ideales para actividades al aire libre. Además, cuenta con acceso a servicios educativos, como colegios y jardines de infancia. La propiedad se encuentra cerca de supermercados y tiendas de conveniencia asi como restaurantes, facilitando las compras diarias. El acceso al transporte público es sencillo, con paradas de autobús cercanas como Av Tomas Marzano, Av. Villaran, Av Principal, Av. Aviación y Av Primavera.|https://www.adondevivir.com/propiedades/clasificado/veclcain-giuda-visan-vende-casa-en-surquillo-urb-los-sauces.-142555769.html?n_src=Listado&n_pills=Jard%C3%ADn&n_pg=1&n_pos=13|2026-03-18
adondevivir|casas|venta|Lima Moderna|Surquillo|"Laurel Rosa
Los Sauces, Surquillo"|S/ 1,272,800 · USD 370,000|1272800|370000|||"184 m² tot.
1 dorm.
1 baño"|184|1|||"Oportunidad estratégica para desarrolladores que buscan ejecutar un proyecto en una zona consolidada, con alta demanda y excelente conectividad. Área: 183. 70 m² Frente: 10 m | Fondo: 18 m. Ideal para desarrollo multifamiliar. Entorno con crecimiento sostenido y valorización constante. Precio: $370, 000 usd. Precio: $2, 022 x mt2. Se acepta departamento como parte de pago. Ubicación cercana a avenidas principales, comercios y zonas residenciales, asegurando alta rotación en la comercialización. Contáctanos para más información. +Ver datos"|https://www.adondevivir.com/propiedades/clasificado/veclcain-se-vende-terreno-ideal-para-proyecto-inmobiliario-149286150.html?n_src=Listado&n_pg=1&n_pos=14|2026-03-18
adondevivir|casas|venta|Lima Moderna|Surquillo|"Salaverry 1272
Surquillo, Lima"|S/ 1,537,650 · USD 459,000|1537650|459000|||"440 m² tot.
8 dorm.
4 baños"|440|8|4||Se vende casa como terreno comercial en la cuadra 12 de Salaverry en Surquillo. at. 188 m2. ac. 420 m2. Frente: 15. 4 m. Linderos: 12 m. Local comercial de 3 pisos. Ideal para todo tipo de negocio. Zona muy comercial y transitada. Muy cerca a Paseo de la Republica y a Miraflores. Precio: $459, 000|https://www.adondevivir.com/propiedades/clasificado/veclcain-se-vende-casa-de-3-pisos-a-valor-de-terreno-en-148547212.html?n_src=Listado&n_pills=%C3%81rea+de+lavander%C3%ADa&n_pg=1&n_pos=15|2026-03-18
adondevivir|casas|venta|Lima Moderna|Surquillo|"José Manuel Iturregui 918
Surquillo, Lima"|S/ 765,000 · USD 230,000|765000|230000|||"500 m² tot.
9 dorm.
5 baños"|500|9|5||Casa en Surquillo en Esquina At225 m²venta de casa en esquina con triple frentecontacto: arq. marilyn ramirez 901*541*966antiguedad 70 añosfrente 15mlfondo 15mlat 225M2ac. 500M2se vende al 75% por acciones Y derechosagenda tu visita-venta al 75% por acciones Y derechos-tasada A 420 mil dolares-se castiga el precio por ser una venta en efectivo-documentacio en orden. Precio de oportunidad: $230, 000 dólares!! Agenda una visita de inmediato!! El precio es una gran oportunidad!! contacto: arq. marilyn ramirez 901*541*966|https://www.adondevivir.com/propiedades/clasificado/veclcain-casa-en-esquina-en-surquillo-at-225-m-sup2-147848375.html?n_src=Listado&n_pills=%C3%81rea+de+lavander%C3%ADa&n_pg=1&n_pos=16|2026-03-18
adondevivir|casas|venta|Lima Moderna|Surquillo|"Juan Torres Higueras al 100
La Calera, Surquillo"|S/ 1,172,500 · USD 350,000|1172500|350000|||"160 m² tot.
4 dorm.
3 baños
2 estac."|160|4|3|2|De ocasion linda casa frente A parque ideal para vivienda O inversioncontactame al 9. 1. 2. 7. 8. 6. 9. 0. 9. casa de 3 pisos ubicada en Surquillo, frente a parque, en una zona tranquila y bien conectada. Ideal para familia o inversión, ya que cuenta con minidepartamento independiente en el tercer piso.? Características: * Área total: 160 m²* 3 dormitorios* 3 baños completos* Excelente distribución en 3 niveles? Semisótano: - Cochera techada para 2 autos? Primer piso: - hall de ingreso - Oficina - Sala con chimenea - comedor amplio - cocina cerrada con reposteros altos y bajos - desván - área de lavandería - amplio patio o terraza que conecta con la sala comedor? Segundo piso: -2 Habitaciones con closet que comparten un baño completo (una con vista al parque, una con vista interna) - Habitación Principal con closet y baño propio - Área de estar? Tercer piso: * Minidepartamento independiente, ideal para alquiler, oficina o familiar*una Habitación Amplia con closet * Un Área de estar * sala Comedor *Patio *Área de Lavandería? Ventajas: * Frente a parque (vista abierta y buena iluminación) * Zona residencial y segura* Ambientes amplios y ventilados* Potencial de renta adicional? Ubicación privilegiada en Surquillo, cerca de avenidas principales, comercios, colegios y transporte.? Informes y visitas previa coordinación9. 1. 2. 7. 8. 6. 9. 0. 9.|https://www.adondevivir.com/propiedades/clasificado/veclcain-casa-en-la-calera-148721159.html?n_src=Listado&n_pills=%C3%81rea+de+lavander%C3%ADa&n_pg=1&n_pos=17|2026-03-18
adondevivir|casas|venta|Lima Moderna|Surquillo|"Santa Rosa 215
Surquillo, Lima"|S/ 1,020,000 · USD 303,000|1020000|303000|||"320 m² tot.
7 dorm.
4 baños
1 estac."|320|7|4|1|"Área total: 300m2 | 7 dormitorios | Ideal para familia numerosa o proyecto multifamiliar Amplia casa ubicada en Calle Santa Rosa 215, en el límite estratégico entre San Borja y Surquillo, una de las zonas con mayor conectividad y desarrollo urbano de Lima. Con amplios espacios, distribución funcional y gran potencial de renovación, esta propiedad es perfecta como hogar principal, oficina familiar o proyecto de inversión. Características del inmueble• Sala y comedor independientes con excelente iluminación natural• 7 dormitorios amplios, con opción para oficina, estudio o salas de trabajo• 5 baños completos, distribuidos entre las distintos niveles de la casa• Cocina amplia e independiente con mobiliario alto y bajo• Terraza y comedor diario auxiliar a la cocina• Lavandería techada con ventilación natural• 1 cochera con portón automático [Aforo Alternativo: + 1 Auto Menor]• Pisos en cerámica y acabados tradicionales con potencial de modernización• Ambientes ventilados, techos altos y buena iluminación en todos los nivelesAmenidades e implementación: • Red Privada de Camaras de Seguridad Internas - [Externa - Interna]• Barras de Seguridad [Ventanas y Pórtico de Ingreso]• Acabados de Alta Durabilidad - LongevidadUbicación estratégica – San Borja limítrofe con Surquillo• Situada en una zona residencial tranquila y con acceso inmediato a las principales vías urbanas. A pocos pasos de avenidas como San Borja Sur, Aviación y Angamos, con excelente conexión a San Borja, Surquillo, Miraflores, San Isidro y La Victoria. Entorno cercano• Centros comerciales (La Rambla, Open Plaza, Real Plaza), estaciones del Metro de Lima (Linea 1 y Metropolitano), parques y áreas verdes, instituciones educativas, clínicas, hospitales, farmacias, supermercados, bodegas, mercados, Restaurantes y cafeteríasUna inversión con potencial de crecimiento: • La casa representa una excelente oportunidad para familias, profesionales independientes o inversionistas que deseen una propiedad versátil, con posibilidad de renovación y alta proyección de valorización en plusvalía de capital o flujo de renta a mediano y largo plazo. • Dirección exacta: Calle Santa Rosa 215, San Borja – Límite con Surquillo• Precio de venta: $330. 000 Dólares Americanos• Precio de venta Final: $308. 000 Dólares Americanos• Estacionamiento incluido-The Real Broker Team +-Estrategas Inmobiliarios de Alto Impacto-Asesoría Especializada en Compra - Venta | Arrendamiento | Inversiones Inmobiliarias"|https://www.adondevivir.com/propiedades/clasificado/veclcain-casa-en-venta-santa-rosa-215-distrito-de-san-borja-148526984.html?n_src=Listado&n_pills=%C3%81rea+de+lavander%C3%ADa&n_pg=1&n_pos=18|2026-03-18
adondevivir|casas|venta|Lima Moderna|Surquillo|"Samiria al 200
Aurora Este, Surquillo"|S/ 1,299,000 · USD 375,000|1299000|375000|||156 m² tot.|156||||**Casa en venta con 2 departamentos independientes – ideal para vivir y/o invertir, en zona privilegiada de Surquillo**Amplia casa con excelente distribución, ubicada en **Calle Samiria, entre Av. Principal y Av. Tomás Marsano**, a solo **300 m de Av. Angamos Este**, en una de las zonas más demandadas y con mayor proyección de **Surquillo**. Cuenta con **156 m² de terreno** y **220 m² construidos**, ofreciendo espacios amplios y funcionales: * **Primer piso: ** cochera amplia, estudio, cocina, baño de visita, sala, comedor, estar y patio interior con buena iluminación natural. * **Segundo piso: ** dos **departamentos independientes**, cada uno con **2 dormitorios**, **1 baño completo**, **sala-comedor** y **acceso independiente**, ideales para uso familiar o para generar ingresos por alquiler. * **Tercer piso: ** **gran terraza para eventos sociales o ampliación futura**, con excelente potencial de uso. **Ubicación privilegiada**, en zona céntrica y segura, a pocos minutos de **centros comerciales como Open Plaza Angamos y Real Plaza Primavera**, así como de **supermercados (Plaza Vea, Metro, Tottus) **, **mercados locales**, colegios y una variada oferta de servicios. La propiedad combina **espacio, funcionalidad y una ubicación estratégica**, perfecta tanto para vivienda multifamiliar como para inversión inmobiliaria.|https://www.adondevivir.com/propiedades/clasificado/veclcain-casa-en-surquillo-calle-samiria-excelente-estado.-148125383.html?n_src=Listado&n_pills=%C3%81rea+de+lavander%C3%ADa&n_pg=1&n_pos=19|2026-03-18
adondevivir|casas|venta|Lima Moderna|Surquillo|"La Calera Surquillo
La Calera De La Merced, Surquillo"|S/ 1,292,000 · USD 380,000|1292000|380000|||180 m² tot.|180||||"Venta propiedad de 180. 00? m² ubicada en el Núcleo del Desarrollo Residencial de Surquillo – Casa de 180? m² [Urb. La Calera - Distrito de Surquillo] — zona con alta demanda residencial, gran conectividad y proyección de valorización. || Datos Técnicos: ?? - Área Total: 180. 00 M2 - Terreno: Rectangular Regular - Frente: 10. 00 M - Fondo: 18. 00M?? || Zonificación: Residencial Densidad Media [rdm]: Lote ideal para Proyectos Multifamiliares, en función a su directa compatibilidad con uso residencial, prevalencia de áreas verdes y transito menor. || Ubicación estratégica: - Vías Principales: Av. Aviación - Av. Angamos - Av. Manuel Villarán- Av. Tomas Marsano - Area Limitrofe Estratégica [Influencia Positiva- Lima Top]: San Borja, Santiago de Surco, Miraflores. - Carpa de Valor Económico: Centros Comerciales [Open Plaza, Real Plaza], Supermercados[Plaza Vea + Metro], Terminales de Transporte Público [linea 1], Colegios, Clínicas, Restaurantes, Entidades Financieras y Establecimientos Públicos. || Core Inmobiliario: Constructoras y desarrolladores Inversión para renta residencial (Departamentos / Lofts) - Remodelación y venta directa con alta rentabilidad? Propiedad con alto potencial de desarrollo inmobiliario, representando una oportunidad de inversion única con altos ratios de edificación debido a su locación en una zona de alto crecimiento urbano, con un mercado inmobiliario con demanda consolidada y en expansión gradual de oferta. ? - Real Broker Team + | Estrategas Inmobiliarios de Alto Impacto- Asesoría Inmobiliaria Especializada en Compra - Venta | Arrendamiento | Inversiones en Activos Inmobiliarios | Mercadotecnia de Segmentación del Inmueble Ideal"|https://www.adondevivir.com/propiedades/clasificado/veclcain-oportunidad-venta-de-casa-estrategica-urb.-la-149295402.html?n_src=Listado&n_pills=Seguridad&n_pg=1&n_pos=20|2026-03-18
adondevivir|casas|venta|Lima Moderna|Surquillo|"A Unas Cuadras del Mercado Nro. 1 de Surquillo
Surquillo, Lima"|S/ 2,226,000 · USD 600,000|2226000|600000|||300 m² tot.|300||||¡Gran oportunidad de inversión! Casa como terreno en Surquillo, ideal para comercio vecinal, o Proyecto inmobiliario. Ubicado en una zona estratégica y céntrica, con fácil acceso a principales avenidas: Av. Ricardo Palma, Av. P. ° de la República. A unos minutos de la municipalidad de Surquillo, cercano a restaurantes, gimnasios y diversos comercios. Características: Área Terreno: 300m²Linderos: Frente: 10 mlDerecha: 30 mlIzquierda: 30 mlFondo: 10 mlSi estás buscando una oportunidad para invertir en una zona estratégica, ¡esta propiedad es ideal para ti! Contáctanos para obtener mayor información y agendar una visita. * Las fotografías, precios y descripción de esta propiedad son|https://www.adondevivir.com/propiedades/clasificado/veclcain-casa-en-surquillo-147350883.html?n_src=Listado&n_pills=Gimnasio&n_pg=1&n_pos=21|2026-03-18
adondevivir|casas|venta|Lima Moderna|Surquillo|"Av. Tomas Marsano
Surquillo, Lima"|S/ 2,174,150 · USD 649,000|2174150|649000|||"200 m² tot.
4 baños
3 estac."|200||4|3|Casa Oficina perfecta para tu empresa, ubicada en plena Av. Tomás Marsano cerca a Av. Manuel Villarán. Consta de: 1er piso: 4 ambientes 2 baños2do piso: 5 ambientes 2 baños3 cocherasContáctame y agenda tu visita hoy mismo Las imágenes y/o información de este inmueble son de carácter referencial. R. uc.: Razón social: Inversiones Delia S. A. C.|https://www.adondevivir.com/propiedades/clasificado/veclcain-casa-remodelada-para-oficina-en-venta-en-surquillo-148684213.html?n_src=Listado&n_pg=1&n_pos=22|2026-03-18
adondevivir|casas|venta|Lima Moderna|Surquillo|"Calle Italia 260
Miraflores, Lima"|"Departamentos y casas desde
S/ 636,922 · USD 187,330"|636922|187330|||"28 un.
2 a 3 dorm.
68 a 141 m² tot."|68 a 141|2 a 3|||Rodas combina lujo, comodidad y modernidad en cada detalle. Disfruta de la cercanía al malecón, a restaurantes de renombre y a las mejores tiendas, todo a pocos pasos de tu hogar. Este es el lugar donde la vida urbana se encuentra con la tranquilidad y la belleza de la costa limeña. ¡Haz de Miraflores tu nuevo hogar!|https://www.adondevivir.com/propiedades/proyecto/ememvein-edificio-rodas-146771691.html?n_src=Listado&n_pg=1&n_pos=1|2026-03-18
adondevivir|casas|venta|Lima Moderna|Surquillo|"Bolognesi
San Isidro, Lima"|S/ 5,175,000 · USD 1,500,000|5175000|1500000|||"653 m² tot.
3 dorm.
3 baños
6 estac."|653|3|3|6|Casa en venta en terreno de 653 m2 en calle muy tranquila de San Isidro con Frente de 16 metros lineales. Al ingresar a esta propiedad, se siente como estar en una casa de campo, dado que uno ingresa por un hermoso camino que conduce hasta la entrada principal para luego seguir por el camino hasta el jardín con piscina y al fondo hay una construcción independiente donde se encuentra el escritorio, cava y área de servicio de la propiedad. Cuenta con 3 dormitorios, cada uno con su baño, sala de estar íntima en la zona familiar, una muy buena cocina recientemente remodelada con isla y comedor de diario, una buena sala principal y comedor separado, ambos con salida directa a la gran terraza con piscina que está en la parte posterior de la casa. Tiene estacionamiento techado con techo aligerado para 3 autos y espacio para guardar 2 más dentro de la casa. La casa fue remodelada hace 11 años. Está a 5 cuadras del golf de San Isidro y a 3 cuadras de Pharmax y 4D. La calle es muy tranquila y segura al lado de una embajada.|https://www.adondevivir.com/propiedades/clasificado/veclcain-buena-casa-en-venta-en-san-isidro-de-un-piso-en-147920878.html?n_src=Listado&n_pills=Jard%C3%ADn&n_pg=1&n_pos=2|2026-03-18
adondevivir|casas|venta|Lima Moderna|Surquillo|"Borgoño
Miraflores, Lima"|S/ 3,640,000 · USD 1,040,000|3640000|1040000|||"484 m² tot.
4 baños
3 estac."|484||4|3|Preciosa Casa en Venta en General Borgoño, Miraflores, dividida en dos con hermosa fachada Tipo Lara. El primer piso es una hermosa e imponente Casa con bello jardín. La entrada da a dos Grandes Salas de muy buen tamaño, Hermoso Comedor, Escritorio, todo esto con linda vista y salida al jardín de la casa. Baño de Visita completo. Un dormitorio de super buen tamaño con walk in closet y baño incorporado. Cocina con comedor de diario. con ventanal al precioso jardín. La casa cuenta con dormitorio de servicio, baño de servicio y depósito. Estacionamiento para 3 autos, 2 depósitos adicionales. En el segundo piso también hay una Sala y Comedor de buen tamaño. Dormitorio Principal con walk in closet y baño incorportado. Dos Dormitorios adicionales comparten un baño. Uno de los dormitorios da a una terraza amplia. Sala de Estar. Baño de Visita. Cocina bonita e iluminada con Comedor de diario. Dormitorio y baño de servicio.|https://www.adondevivir.com/propiedades/clasificado/veclcain-linda-casa-en-venta-dividida-en-2-super-casas-cerca-a-146300513.html?n_src=Listado&n_pills=%C3%81rea+de+lavander%C3%ADa&n_pg=1&n_pos=3|2026-03-18
adondevivir|casas|venta|Lima Moderna|Surquillo|"Jirón las Gardenias
Las Casuarinas, Santiago de Surco"|S/ 1,769,250 · USD 525,000|1769250|525000|||"312 m² tot.
3 dorm.
2 baños
2 estac."|312|3|2|2|Bonita casa en Valle Hermoso, límite con Casuarinas, de 312 metros2 de terreno y 12 metros de frente. Calle muy residencial con retiro. Muy bien ubicada, a 1 cuadra de la entrada a Casuarinas, cerca de colegios. Universidades, cafeterias y centros comerciales. Ubicada en Jr. Las Gardenias una calle amplia con retiro. Parámetros para 5 pisos. La casa es de dos pisos tiene 175 metros de área construida techada. Cuenta con jardín al ingreso y jardín posterior. En el primer piso se encuentra una amplia sala con techos altos, un comedor de muy buen tamaño ambos son luminosos porque dan al jardín de ingreso. Tres dormitorios de buen tamaño, igualmente iluminados porque dan al jardín posterior. Cocina cerrada y patio y lavandería. En el segundo piso hay una sala de estar, escritorio y área de servicioPara remodelar. Muy buen precio por metro cuadrado en linda calle amplia y con retiro!|https://www.adondevivir.com/propiedades/clasificado/veclcain-casa-de-312-m-sup2--con-3-dorm.-en-venta-en-las-149136339.html?n_src=Listado&n_pills=Jard%C3%ADn&n_pg=1&n_pos=4|2026-03-18
adondevivir|casas|venta|Lima Moderna|Surquillo|"Ricardo Angulo
Corpac, San Isidro"|S/ 2,310,000 · USD 700,000|2310000|700000||700|"396 m² tot.
5 baños
2 estac."|396||5|2|Excelente terreno/casa en venta con parámetros para 5 pisos, esta vivienda está adaptada para local comercial y oficinas, super bien ubicada en calle de doble vía, en la zona de Corpac San Isidro, cerca a avenidas importantes como Av. Guardia Civil y Av. Aramburú. La casa cuenta con la siguiente distribución. Primer piso: Ingreso a cochera para dos autos, jardín delantero, 4 ambientes de trabajo, baño de visitas, cocina, comedor y jardín posterior. Segundo piso: 4 ambientes de trabajo, uno de ellos con baño incorporado, dos baños adicionales. Tercer piso: 4 espacios de trabajo, dos baños y un kitchenette. Actualmente cuenta con licencia de funcionamiento como oficina local comercial. Linderos: - Frente 12 mts. - Fondo 12 mts. - Lateral derecho 33 mts. - Lateral izquierdo 33 mts|https://www.adondevivir.com/propiedades/clasificado/veclcain-excelente-terreno-casa-en-venta-en-corpac-san-isidro-146879876.html?n_src=Listado&n_pills=Jard%C3%ADn&n_pg=1&n_pos=5|2026-03-18
adondevivir|casas|venta|Lima Moderna|Surquillo|"Monte Real
Santiago de Surco, Lima"|S/ 1,501,000 · USD 395,000|1501000|395000|||"320 m² tot.
3 dorm.
3 baños
2 estac."|320|3|3|2|Oportunidad única en ChacarillaPenthouse Dúplex con ascensor directo a ambos niveles, ubicado en una de las calles más residenciales y exclusivas de Surco, con un precio altamente competitivo para el segmento. Esta propiedad combina ubicación prime, arquitectura funcional, amplitud de espacios y privacidad, convirtiéndose en una propuesta inmobiliaria de alto valor tanto para vivienda familiar como para inversión patrimonial. Su diseño permite una clara separación entre áreas sociales y privadas, con ambientes amplios, excelente iluminación natural y circulación fluida. Sala principal y comedor formal, 3 dormitorios amplios, todos con baño incorporado, Dormitorio principal tipo suite. Cocina con isla central. Amplia sala de estar en ambos niveles. Baño de visita en cada piso. Terraza de gran tamaño con zona bbq. Ascensor privado con acceso directo a los dos niveles. 2 cocheras paralelas + 1 depósito. 2 cuartos de servicio + baño de servicio, amplia lavandería. Mantenimiento s/ 700 soles|https://www.adondevivir.com/propiedades/clasificado/veclcain-penthouse-duplex-con-terraza-en-el-corazon-de-149132299.html?n_src=Listado&n_pills=Cuartos+de+servicio&n_pg=1&n_pos=6|2026-03-18
adondevivir|casas|venta|Lima Moderna|Surquillo|"Guillermo Castañeta
Aurora, Miraflores"|S/ 3,960,000 · USD 1,100,000|3960000|1100000|||"590 m² tot.
4 dorm.
5 baños
2 estac."|590|4|5|2|Moderna y funcional casa en venta, excelente oportunidad para quienes desean mudarse a una casa espaciosa, bien ubicada en una de las zonas más cotizadas de La Aurora, Miraflores. La casa cuenta con dos pisos y tiene un área de terreno de 444 m² y 590 m² construidos, con una antigüedad de 15 años. Ha sido completamente remodelada, incluyendo instalaciones eléctricas y sanitarias, y en el año 2017 se amplió el segundo piso, añadiendo una nueva terraza, piscina y gimnasio. En el primer nivel encontramos un hall de ingreso, doble sala con vista a la terraza con techo sol y sombra y lindo jardín. El comedor es independiente. El escritorio cuenta con aire acondicionado; baño de visitas con tablero de cuarzo. La cocina con muebles de mdf, pintura poliuretano, piso porcelanato y encimera de cuarzo. En este piso también se encuentran tres dormitorios todos con linda vista al jardín. El principal con doble walk-in closet, aire acondicionado y baño incorporado con jacuzzi y tablero de granito; y dos dormitorios secundarios, cada uno con su propio baño con tableros de mármol. Además, cuenta con dos cocheras paralelas. En el segundo piso se encuentra un dormitorio adicional con baño con tablero de cuarzo, una amplia sala de estar equipada para tv, ecran, proyector y sistema de sonido y un gimnasio grande con un depósito y baño completo exterior (que podría ser otro dormitorio principal adicional). También una segunda terraza con techo sol y sombra, piscina y zona de parrilla, la lavandería y dos cuartos de servicio con baño compartido. Toda la casa tiene pisos de porcelanato en áreas sociales y privadas, instalaciones de gas para cocina, horno, terma, lavadora y secadora, cableado de red de internet para toda la casa y está en excelente estado de conservación.|https://www.adondevivir.com/propiedades/clasificado/veclcain-preciosa-casa-con-terraza-piscina-y-gimnasio-en-venta-147660268.html?n_src=Listado&n_pills=Gimnasio&n_pg=1&n_pos=7|2026-03-18
