fuente|inmueble|operacion|zona|distrito|direccion|precio|soles|dolares|variacion|mantenimiento|caracteristica|area|dormitorio|baños|estacionamientos|detalle|enlace|fecha
urbania|casas|venta|Lima Norte|Carabayllo|"Villa Club 2
Carabayllo, Lima"|S/ 190,380 · USD 57,000|190380|57000|||"80 m² tot.
3 dorm.
2 baños"|80|3|2||Los Condominios de la Villa Club son amplios, rodeados de parques, jardinez, vigilancia permanente, minimarkets, spas, panaderia, restaurantes, a unos minutos del Ovalo de Puente Piedra, Plaza Vea, Tottus, mercado Huamantanga. La propiedad esta frente a parqueEstacionamientoSala comedorCocina3 habitaciones2 bañosPatio con lavaaderoPrecio $ Ver datosMantenimientoS/90. Al contado o con credito hipotecarioAgenda una visitaR. U. C Ver datos|https://urbania.pe/inmueble/clasificado/veclcain-venta-de-casa-en-carabayllo-lima-3-dormitorios-148486061?n_src=Listado&n_pills=Jard%C3%ADn&n_pg=1&n_pos=1|2026-03-18
urbania|casas|venta|Lima Norte|Carabayllo|"Urb. Santa María 2da Etapa
Carabayllo, Lima"|S/ 555,000 · USD 165,000|555000|165000|||"528 m² tot.
9 dorm.
7 baños
2 estac."|528|9|7|2|Amplia casa de 4 pisos en venta, situada en una zona residencial segura de Carabayllo, Lima, a un paso del Óvalo Puente Piedra y el Mercado Huamantanga. Esta propiedad ofrece una distribución versátil ideal para inversión o uso personal. Primer piso: Local comercial con cochera, cocina y baño, perfecto para negocio. Segundo piso: Departamento de 3 dormitorios, 2 baños completos, sala-comedor con vista exterior, cocina funcional y lavandería. Tercer piso: Dos unidades independientes con 2 dormitorios, baño, sala-comedor y cocina cada una. Cuarto piso: Azotea con 2 dormitorios, baños y lavandería. Con 9 habitaciones, 7 baños y 2 estacionamientos techados, esta casa se presenta como una excelente opción de inversión con potencial de renta. Además, cuenta con servicios como agua corriente, gas natural, electricidad, teléfono, y más. Ideal para quienes buscan combinar negocio y hogar en una ubicación estratégica. Consultar con el Agente Inmobiliario encargado para mayor información Ver datos.|https://urbania.pe/inmueble/clasificado/veclcain-venta-de-casa-en-carabayllo-lima-5-a-mas-dormitorios-149239524?n_src=Listado&n_pills=Cuartos+de+servicio&n_pg=1&n_pos=2|2026-03-18
urbania|casas|venta|Lima Norte|Carabayllo|"Carabayllo 15122, Perú
Carabayllo, Lima"|Consultar precio|||||"440 m² tot.
10 dorm.
10 baños
1 estac."|440|10|10|1|Casa en venta con sistema inteligente alexaasoc de vivienda familias unidas - carabaylloubicación privilegiada en esquina, zona tranquila ideal para familias que buscan comodidad, seguridad Y calidad de vida. casa de 2 pisos con construcción sólida Y lista para mudarse Y/O alquilarel predio consta;primer piso: 2 Minidepartamentos ( 2 habitaciones, 2 baños, Cocina estilo americano amplia sala-Comedor, lavanderia) . 1 cochera y/o Localsegundo piso: 3 Minidepartamentocon acabados modernos y sistema inteligente al cual le ordenas y te hace la vida más façil traidos de ee. uuubicado A solo 5 minutos del mercado huamantanga, plaza vea Y el palacio de la juventud de puente piedra. propiedad en venta con acciones Y derecho, ideal para inversionistas. propiedad moderna, funcional Y lista para habitar O generar rentar. U. C Ver datos|https://urbania.pe/inmueble/clasificado/veclcain-venta-de-casa-en-carabayllo-lima-5-a-mas-dormitorios-149114725?n_src=Listado&n_pills=%C3%81rea+de+lavander%C3%ADa&n_pg=1&n_pos=3|2026-03-18
urbania|casas|venta|Lima Norte|Carabayllo|"Villa Club 2, Carabayllo
Carabayllo, Lima"|Consultar precio|||||"76 m² tot.
2 dorm.
1 baño
1 estac."|76|2||1|Excelente Oportunidad para construir tu hogar con las mejores distribuciones que desees, los condominios de Villa Club son privados, con un excelente clima, cuenta con todos los servicios de agua, gas natural, luz, todo el perimetro cuenta con vigilancia permanente las 24 horas del dia, en su interior encontraras, piscinas, salon de recepciones, lozas deportivas, areas verdes, parques y jardines, juegos para niños, minimarkets, negocos varios, a 10 minutos del Ovalo de Puente Piedra Plaza Vea. El primer piso cuenta consalacomedorcocinapatio lavanderiabañoestacionamientoescalera para subir a la azoteaPuedes constuir hasta 3 pisos mas azoteaadquierelo como vivienda o inversion negociosagenda una visitaR. U. C Ver datos|https://urbania.pe/inmueble/clasificado/veclcain-venta-de-casa-en-carabayllo-lima-2-dormitorios-147969650?n_src=Listado&n_pills=Piscina&n_pg=1&n_pos=4|2026-03-18
urbania|casas|venta|Lima Norte|Carabayllo|"Urb Luciana - Carabayllo
Carabayllo, Lima"|S/ 531,000 · USD 150,000|531000|150000|||"380 m² tot.
7 dorm.
4 baños"|380|7|4||Casa en venta de 3 pisos construidos con servicios Luz, Agua, Gas Natural y documentos saneados. Se encuentra en una zona tranquila l, rodeado de parques, mercados, bodegas, panadería, restaurantes, farmacia e instituciones educativas. - A. T: 120 m2- Á. C: 380 m2- Zonificación: rdm- Parámetros: 4 pisos + azotea- Linderos: o Frente: 6 mo Fondo: 6 mo Izquierda: 20 mo Derecha: 20 m- Habitaciones: 7- Baños: 4- Piso: cerámica, loseta. Piso pulido etc. - Antigüedad: 30 añosprimer piso-Sala Comedor- Habitaciones: 2- Baños: 1- Lavanderia: 1- Cocina- Terraza -Patiosegundo piso: - Habitaciones: 3-baño: 1-Cocina: 1-Sala comedor: 1-Lavandería: 1-Baño: 1-Lavandería: 1tercer piso: - Habitaciones: 3- Baños: 2- lavandería- Azotea: - Área de tendal o terrazaubicación: - Se ubica en la Urbanización luciana- Cerca de la avenida chimpu ocllo Y univeritaria- A pocas cuadras de colegios, mercado, posta, parques. - A espaldas de la panadería La Romana - A 2 cuadras la Av. Universitaria- A 5 minutos de la av tupac amaruprecio: $150, 000 dolaressujeto a tipo de cambio sbs (*) La propiedad se encuentra saneada, inscrita en Registros Públicos y con título de propiedad rp2-lrr. U. C Ver datos|https://urbania.pe/inmueble/clasificado/veclcain-venta-de-casa-en-carabayllo-lima-5-a-mas-dormitorios-147145895?n_src=Listado&n_pills=%C3%81rea+de+lavander%C3%ADa&n_pg=1&n_pos=5|2026-03-18
urbania|casas|venta|Lima Norte|Carabayllo|"Urbanización Techo Propio
Carabayllo, Lima"|S/ 160,000 · USD 45,454|160000|45454|||"90 m² tot.
4 dorm.
2 baños"|90|4|2||Estas buscando un departamento en lugar urbanizado muy bien construido, antisismico, rodeado de todo a tu alcance, con destino accesible a todo lugar?, esta es una oportunidad, el departamento esta ubicado como referencia de paradero Techo 3 cuadras hacia arribaEl departamento cuenta con dos minidepartamentos al interior, cada uno con salita comedor, dos habitaciones, cocina, baño, puede ser como vivienda o como inversion, espacios bien distribuidos, cuenta con gas natural y todos los servicios como luz y aguaCuenta con Titulo de propiedad independizadoMas informacion, contactameR. U. C Ver datos|https://urbania.pe/inmueble/clasificado/veclcain-venta-de-casa-en-carabayllo-lima-4-dormitorios-147291364?n_src=Listado&n_pg=1&n_pos=6|2026-03-18
urbania|casas|venta|Lima Norte|Carabayllo|"C. San Francisco De Asis
Carabayllo, Lima"|Consultar precio|||||"160 m² tot.
4 dorm.
2 baños"|160|4|2||Casa exclusiva en carabayllo con doble frente Superficie Total: 160 m²ubicación inmejorable: Ubicada estratégicamente a solo 3 minutos de la Municipalidad de Carabayllo, con acceso inmediato a principales vías, comercios y servicios. Comodidades para la familia: 3 Dormitorios cómodos e iluminados. 2 Baños completos. Sala mediana que ofrece un ambiente acogedor. Cocina Amplia. Gran Depósito con la ventaja de poder convertirse en una 4ta Habitación o un espacioso Home Office. Extras de alto valor: Cochera Alta: Espacio seguro y cómodo para 3 vehículos. Ahorro y Confort: Instalación de Gas Natural Cálida (para cocina y/o terma). ¡No pierdas esta excelente inversión en Carabayllo! R. U. C Ver datos|https://urbania.pe/inmueble/clasificado/veclcain-venta-de-casa-en-carabayllo-lima-4-dormitorios-149118816?n_src=Listado&n_pg=1&n_pos=7|2026-03-18
urbania|casas|venta|Lima Norte|Carabayllo|"Calle 8 Mz.G Lt.22 Urb. Sto. Dom
Carabayllo, Lima"|S/ 519,250 · USD 155,000|519250|155000|||"153 m² tot.
3 dorm.
4 baños"|153|3|4||¡Vive cómodo, seguro y con estilo! Esta hermosa casa en esquina, dentro de una zona con vigilancia, lo tiene todo: amplitud, funcionalidad y espacios que se adaptan a tus sueños. Lo que te encantará: A solo una cuadra de un parque enorme, perfecto para disfrutar en familia. Cochera para 2 autos y acceso principal amplio. Primer piso versátil: sala con baño completo que también puede ser tienda u oficina, más almacén incluido. Segundo piso con 2 mini departamentos independientes: Mini departamento 1: 2 dormitorios con baños completos y closets empotrados. Sala, comedor, cocina, lavandería y sala de estar. Mini departamento 2: Sala comedor amplia. Espacio acondicionado para instalar una cocina. 1 dormitorio y baño completo. Tercer piso con terraza amplia y versátil, ideal para tu zona de parrilla o tu área social. Una propiedad con ubicación estratégica, espacios bien distribuidos y el potencial de convertirla en el hogar o proyecto que siempre soñaste|https://urbania.pe/inmueble/clasificado/veclcain-venta-de-casa-en-carabayllo-lima-3-dormitorios-148109011?n_src=Listado&n_pills=%C3%81rea+de+lavander%C3%ADa&n_pg=1&n_pos=8|2026-03-18
urbania|casas|venta|Lima Norte|Carabayllo|"MZA. M LOTE. 58, Carabayllo 15318
Carabayllo, Lima"|S/ 503,700 · USD 146,000|503700|146000|||"129 m² tot.
3 dorm.
2 baños"|129|3|2||¿Buscas comodidad, espacio y ubicación? ¡Esta casa es para ti! Características principales: 2 pisos bien distribuidos. Cochera amplia para 1 auto. Habitaciones cómodas e iluminadas. Baños modernos y funcionales. Cocina amplia con buenos acabados. Sala y comedor espaciosos. Excelente ventilación e iluminación natural. Ubicación estratégica, cerca de mercados, colegios, parques y transporte público. Documentación en regla. Lista para habitar. ¡Contáctanos hoy y agenda tu visita!|https://urbania.pe/inmueble/clasificado/veclcain-venta-de-casa-en-carabayllo-lima-3-dormitorios-147025960?n_src=Listado&n_pg=1&n_pos=9|2026-03-18
urbania|casas|venta|Lima Norte|Carabayllo|"los alamos carabayllo
Carabayllo, Lima"|S/ 296,000 · USD 80,000|296000|80000|||"120 m² tot.
2 dorm.
1 baño"|120|2|||Vendo casa estreno ubicada en Asociación portales de Carabayllo. Inscrita debidamente en Sunarp ( registros públicos) us 80, 000 dólares. 120 m2 area total y construida de material noble, incluyendo la escalera en acceso interno ya para que si gusta usted construya el segundo nivel. • Sala comedor. • Cocina. • 02 dormitorios. • 01 baño. • lavandería. Referencias: • A 01 cuadra de la av. Camino real que une carabayllo con puente piedra. • A 02 cuadras av. Universitaria. • A 03 cuadras av. Tupac amaru. Servicios: • Luz de enel. • Agua sedapal. • Gas Calidda. Estaré encantada de atenderlos 9. 9. 8. 2. 4. 6. 5. 0. 5. Carolina|https://urbania.pe/inmueble/clasificado/veclcain-venta-de-casa-en-carabayllo-lima-2-dormitorios-145906215?n_src=Listado&n_pills=%C3%81rea+de+lavander%C3%ADa&n_pg=1&n_pos=10|2026-03-18
urbania|casas|venta|Lima Norte|Carabayllo|"Los Sauces 276
Santa Isabel, Carabayllo"|S/ 498,760 · USD 148,000|498760|148000|||"153 m² tot.
6 dorm.
6 baños"|153|6|6||Venta – casa multifamiliar 153 m² en santa isabel, carabayllo. Jr. Los Sauces 276 – Urbanización Santa Isabel. ¿Buscas una casa amplia, bien ubicada y con alto potencial de inversión? Esta propiedad lo tiene todo: tranquilidad residencial + excelente conectividad + posibilidad de generar renta. Ubicación estratégica. A pocos minutos de las principales vías: Av. Túpac Amaru (5–7 min aprox.) Av. Universitaria (10 min aprox.) Av. San Juan de Dios. Cerca de: Colegios públicos y privados, institutos y universidades de Lima Norte. Centros de salud, boticas y servicios. Mercados, supermercados y comercios. ️ Mall Plaza Comas (10–15 min aprox.) Zona tranquila, asfaltada, urbanizada y consolidada. Características del inmueble. Terreno: 153 m² 3 pisos. 3 accesos independientes. Ingreso por cochera. Ingreso al primer piso + escalera independiente al segundo piso. Ingreso independiente a estudio con baño propio (ideal para oficina o consultorio) ️ primer piso (departamento completo) Sala – comedor amplia. Cocina cerrada, equipada, con reposteros de madera y mesa de concreto enmayolicada. ️ 3 dormitorios con closets de madera incorporados. 3 baños en total. Jardín interior con acceso desde sala y cocina. Lavandería independiente con baño adicional. segundo piso (otro departamento completo) Misma distribución y arquitectura que el primero. Sala – comedor. Cocina cerrada. ️ 3 dormitorios con closets de madera. 3 baños en total. Vista al área libre (jardín) Escaleras con baranda de madera y piso de granito. tercer piso – gran potencial. Construcción semi-terminada. Área de tendal + aires libres. Ingreso independiente desde la calle. Posibilidad de construir 1 o 2 pisos más para departamentos o renta. servicios completos. ️ Agua ️ Desagüe ️ Energía eléctrica ️ Gas (hasta el 3er piso) ideal para: Familia numerosa. Dos familias que quieran independencia. Inversionistas (alquiler por pisos) Vivienda + negocio. Proyecto de ampliación y renta. Agenda tu visita y descubre todo el potencial de esta propiedad en Santa Isabel – Carabayllo. Propiedades así, por ubicación y proyección, no salen todos los días. Ing. Enrique Estrada. Celular Ver datos|https://urbania.pe/inmueble/clasificado/veclcain-venta-de-casa-en-santa-isabel-carabayllo-5-a-mas-dormitorios-148914845?n_src=Listado&n_pills=Jard%C3%ADn&n_pg=1&n_pos=11|2026-03-18
urbania|casas|venta|Lima Norte|Carabayllo|"Av. Chillón de Trapiche
Carabayllo, Lima"|S/ 588,300 · USD 159,000|588300|159000|||"120 m² tot.
3 dorm."|120|3|||Ubicación Estratégica: Av. Trapiche (Lote N° 42, Mz C) Urbanización Santo Domingo, 12va Etapa, Distrito de Carabayllo, límite con Comas. Rodeado de tiendas, colegios, talleres y almacenes, con acceso a transporte y vías principales. Características del Inmueble: 1° Piso - Local Comercial / TallerEspacioso salón de usos múltiples con imponente altura de techo de 4 metros. Perfecto para negocios, talleres o uso como almacén. 2° Piso - Casa IndependienteSala-comedor espaciosaCocina funcional3 dormitorios: - 1 dormitorio con espacio para baño- 1 dormitorio con clóset- 1 dormitorio con baño compartido-Baño común3° Piso - Proyecto en ConstrucciónEspacio con divisiones, sin acabados ni techo, ideal para ampliar o personalizar. ¡Oportunidad Única para Vivienda y Negocio en un Solo Lugar! Contáctanos y agenda una visita hoy mismo. T. C. 3. 50Tipo de cambio referencial, sujeto a variación diaria por fluctuación del mercado|https://urbania.pe/inmueble/clasificado/veclcain-venta-de-casa-en-carabayllo-lima-3-dormitorios-145987562?n_src=Listado&n_pg=1&n_pos=12|2026-03-18
urbania|casas|venta|Lima Norte|Carabayllo|"SAN Antonio Carabayllo 2 Manzana D4 Lote 42
San Antonio, Carabayllo"|S/ 467,820 · USD 138,000|467820|138000|||"243 m² tot.
7 dorm.
5 baños
1 estac."|243|7|5|1|Kely navarro diaz 9. 0. 2. 5. 2. 0. 4. 1. 0. venta casa en carabaylloárea Total: 121. 80 m² Área de Construcción: 240 m² Área Libre: 15 m2 Número de Pisos: 2 Antigüedad: 10 años (en perfecto estado) Descripción: ¡Amplia casa en venta! Disfruta de un hogar tranquilo y seguro en una zona accesible, con cercanía a avenidas principales. Esta propiedad se encuentra a pocos minutos del Colegio innova, y a solo dos cuadras de sodimac, maestro, un mercado y una farmacia. El clima de la zona es seco, ideal para vivir cómodamente. Datos del Inmueble: Primer Piso: Amplia y bien iluminada sala-comedor. Cocina Americana. Terraza. Área de lavandería. 2 baño completo. Dormitorios: 1 habitación principal con baño incluido 1 habitación secundaria. Cochera. Segundo Piso: Sala, comedor y cocina abierta. 1 habitación principal con baño incluido. 5 habitaciones secundarias. 1 baño completo. ¡No pierdas la oportunidad de adquirir esta maravillosa propiedad! Contáctanos para más información y para agendar una visita. Precio de venta: us$138, 000. 00 precio negociable (El precio en dólares este sujeto al tipo de cambio oficial del día)|https://urbania.pe/inmueble/clasificado/veclcain-venta-de-casa-en-san-antonio-carabayllo-5-a-mas-dormitorios-147788474?n_src=Listado&n_pills=%C3%81rea+de+lavander%C3%ADa&n_pg=1&n_pos=13|2026-03-18
urbania|casas|venta|Lima Norte|Carabayllo|"4X37+4MP Carabayllo
Santa Isabel, Carabayllo"|S/ 405,000 · USD 120,000|405000|120000|||"215 m² tot.
5 dorm.
2 baños
1 estac."|215|5|2|1|Casa en venta en una zona segura, tranquila de carabayllo Y de muy fácil acceso para salir A av. Concurridas, con muy buena distribución, mucho acceso de luz natural, lista para ser habitada, también para poder utilizarla como bien futuro O fondo de inversiones como alquiler: A unos pasos de la av. Universitaria Y estación del metropolitano chimpu ocllo. - precio: $ 120, 000 precio negociable. - Dirección: Urb. Santa Isabel/Claveles, Los/N° Ver datos/Mz H4/Lt 28 (4X37+4mp Carabayllo) - área de terreno: 153. 00 M² - área construida: 203. 00 M² casa ubicada en calle enrejada con supervisión constante de los serenazgos del distrito + un vigilante contratado para seguridad de los vecinos de la zona las 24 horas, bodegas A unos pasos, parques, colegios Y avenidas comerciales importantes cercanas. - 5 habitaciones con buena iluminación natural. - 2 baños completos con ducha incorporada. - espacio para ambientar una sala de estudio. - sala/comedor amplio. - cocina con reposteros bajos Y tableros de cerámica. - área de lavandería Y patio trasero. - cochera interna abierta. - balcon. - con parametros para edificar hasta 4 pisos. referencias: - A unos pasos de la av. Universitaria Y minutos de la av. Trapiche Y panamericana norte, ubicado en una zona comercial. - 7 minutos de la av. Trapiche. - 17 minutos de las universidad como utp, upn, cesar vallejo etc. - 20 minutos del mall plaza de comas. - 25 minutos de la panamericana norte Y/O real plaza de pro Y mercado mayorista unicachi. - 30 A 35 Minutos del centro comercial megaplaza, instituto senati Y el centro comercial plaza norte junto con el terminal terrestre que cuenta con diversas agencias de buses interprovinciales e Instituto senati. La casa está inscrita en registros públicos, listo para vender, única propietaria. No pierdas la oportunidad de conocer esta casa que podría ser el lugar perfecto para usted Y su familia.|https://urbania.pe/inmueble/clasificado/veclcain-venta-de-casa-en-santa-isabel-carabayllo-5-a-mas-dormitorios-148459708?n_src=Listado&n_pills=Cerca+a+colegios&n_pg=1&n_pos=14|2026-03-18
urbania|casas|venta|Lima Norte|Carabayllo|"Urbanizacion Santo Domingo
Carabayllo, Lima"|S/ 490,200 · USD 129,000|490200|129000|||"220 m² tot.
5 dorm.
2 baños
2 estac."|220|5|2|2|La casa se encuentra ubicada a una cuadra de un hermoso parque, colegios, locales comerciales y de Avenidas Principales Trapiche, Universitaria. Cerca al iep santa ana de carabayllo. Área Terreno: 129, 88 m2Área Construida: 220, 00 m2La casa cuenta con la siguiente distribución: 1er piso- Una hermosa y amplia sala comedor- Un baño completo- Amplia cocina y espacio para un comedor de diario-Un hermoso y amplio patio ideal para realizar reuniones con un bbq- Dos dormitorios-Zona de lavandería- Tiene puerta de servicio2do piso - Una hermosa y amplia sala comedor- Un baño completo- Amplia cocina y espacio para un comedor de diario- Un hermoso y amplio salón para un estudio- Tres dormitorios- Zona de lavanderíaAdicionalmente cuenta con cochera para 02 autos. T. C. 3. 50Tipo de cambio referencial, sujeto a variación diaria por fluctuación del mercado|https://urbania.pe/inmueble/clasificado/veclcain-venta-de-casa-en-carabayllo-lima-5-a-mas-dormitorios-145080534?n_src=Listado&n_pills=%C3%81rea+de+lavander%C3%ADa&n_pg=1&n_pos=15|2026-03-18
urbania|casas|venta|Lima Norte|Carabayllo|"Las Mercedes de Carabayllo, Mz. D, Lt 19
Las Mercedes De Carabayllo, Carabayllo"|S/ 594,000 · USD 159,000|594000|159000|||"260 m² tot.
10 dorm.
7 baños
1 estac."|260|10|7|1|¡Atención emprendedores y familias visionarias! Imagina tener tu negocio en la planta baja y vivir en un espacio de lujo de cuatro pisos en la prometedora zona de Carabayllo. Este lugar lo tiene todo: un amplio local comercial con barra y baños, perfecto para tu próximo gran proyecto. + Piso 1: - Amplia salón comercial con barra de atención al cliente - 2 baños completos + Piso 2- Sala- balcón - cocina estilo americano- lavandería- 1 habitación principal + 1 baño completo propio con jacuzzi- 3 habitaciones secundarias + 1 baño completo compartido de visita. + Piso 3: - Lavandería - 5 habitaciones secundarias + 2 baños completos compartidos de visita - 1 habitacion principal + 1 baño completo propio+ Piso 4: Casco gris sin techar+ Siente la emoción de llegar a casa y relajarte en tu propio jacuzzi, o disfrutar de las vistas desde tu balcón privado. ¡La ubicación es inmejorable! A 2 cuadras de la Av. UniversitariaA 3 minutos de la Av. Tupac AmaruA 5 minutos de La Av Trapiche y centros de entretenimiento como &quot;El Remanso&quot;, etcRodeada de parquesA 5 minutos del Parque Zonal Manco CapacA 5 minutos del mercado mayorista QatunaA 5 minutos del Mercado de Abastos &quot;La Cumbre&quot;A 6 minutos del Mercado mayorista 3 regionesA unas cuadras de Colegio Newman SchoolA 2 cuadras de grifo Repsol¡No esperes más! ¡Tu futuro hogar y negocio te esperan en Carabayllo! &quot;Inscrita en R. R. P. P. Lista para su venta9*9*1*7*5*5*1*2*4|https://urbania.pe/inmueble/clasificado/veclcain-venta-de-casa-en-las-mercedes-de-carabayllo-carabayllo-5-a-mas-dormitorios-146286906?n_src=Listado&n_pills=%C3%81rea+de+lavander%C3%ADa&n_pg=1&n_pos=16|2026-03-18
urbania|casas|venta|Lima Norte|Carabayllo|"Urb. SAN Antonio DE Carabayllo
San Antonio, Carabayllo"|S/ 835,380 · USD 234,000|835380|234000|||"284 m² tot.
3 dorm.
2 baños
1 estac."|284|3|2|1|Ubicación estratégica en esquina frente a parque en la Urbanización San Antonio, Carabayllo. Zona residencial tranquila, rodeada de áreas verdes con accesos por Calle Ricardo Palma y Calle José María Arguedas, esta propiedad se adapta perfectamente para vivienda familiar, negocio o inversión mixta, gracias a su excelente distribución y accesos independientes para cada departamento y locales comerciales. A pocos minutos de los principales puntos comerciales de Puente Piedra, como el Gran Mercado Huamantanga, Plaza Vea, Promart y el Óvalo de Puente Piedra. Fácil conexión a Av. Saco Rojas, rutas hacia Los Olivos, Metropolitano y el centro de Puente Piedra. Comodidad, conectividad y alta rentabilidad en una sola propiedad. área terreno: 203 m² área techada: 284 m² precio venta: us$234, 000 Contacto: mónica osorio Celular: 9. 9. 1. 3. 7. 4. 2. 9. 5 Oficina: 7. 5. 1. 7. 5. 3. 9 Distribución – Primer Piso: Ingreso principal por Calle Ricardo Palma • Cochera amplia • Recibo • Sala – comedor iluminada • Cocina tipo americano • Area Lavandería • Baño de visita • 1 dormitorio - escritorio • 2 dormitorios con baño incluido y clóset • Patio Acceso secundario por Calle José María Arguedas • Escalera al segundo piso • 2 locales comerciales con ingreso independiente Distribución – Segundo Piso: • Departamento 1 (terminado): Ingreso, sala comedor, cocina tipo americano, lavandería, un baño completo, 2 dormitorios. • Departamento 2 (sin acabados): Sala comedor, cocina, 3 dormitorios, 2 baños, en casco gris. Ingreso independiente Ventajas destacadas: • Ubicación estratégica con doble acceso (esquina) • Locales comerciales listos para alquiler o emprendimiento • Ambientes amplios y excelente iluminación natural • Ideal para inversionistas que buscan rentabilidad inmediata y proyección de crecimiento (*) La propiedad se encuentra saneada, inscrita en Registros Públicos y lista para venta inmediata. Contáctanos hoy mismo para coordinar una visita y conocer tu próxima inversión.|https://urbania.pe/inmueble/clasificado/veclcain-venta-de-casa-en-san-antonio-carabayllo-3-dormitorios-147855116?n_src=Listado&n_pills=%C3%81rea+de+lavander%C3%ADa&n_pg=1&n_pos=17|2026-03-18
urbania|casas|venta|Lima Norte|Carabayllo|"Santa Maria de Carabayllo
Santa Maria Villa Club Et.1, Carabayllo"|S/ 576,000 · USD 160,000|576000|160000|||"300 m² tot.
8 dorm.
8 baños"|300|8|8||¡gran oportunidad de inversión! Edificio en venta con cuatro departamentos independientes – us$160, 000. Te presentamos una excelente alternativa para invertir con alto retorno: edificio de 4 pisos, con un departamento por nivel, ideal para alquiler mensual o por temporadas. Ubicado en zona estratégica, con fácil acceso a vías principales, comercios, colegios y transporte público. Perfecto tanto para familias como para profesionales que buscan comodidad y conectividad. Área de terreno: 90 m² Distribución: 1 departamento por piso (4 en total) Cada departamento cuenta con sala, cocina, dormitorios, baño y buena ventilación. Ingresos independientes por unidad. Precio de venta: us$160, 000. Ideal para inversionistas: Renta potencial por departamentos. Edificio listo para generar ingresos. Perfecto para Airbnb, alquileres mensuales o vivienda familiar múltiple. No dejes pasar esta oportunidad única de adquirir una propiedad lista para producir. Para más información y agendar una visita, contacta al 9*9*5*3*8*5*4*8*5 / 9*9*7*4*6*8*4*2*2|https://urbania.pe/inmueble/clasificado/veclcain-venta-de-casa-en-santa-maria-villa-club-et1-carabayllo-5-a-mas-dormitorios-146909667?n_src=Listado&n_pills=%C3%81rea+de+lavander%C3%ADa&n_pg=1&n_pos=18|2026-03-18
urbania|casas|venta|Lima Norte|Carabayllo|"Urbanización Tungasuca Carabayllo
Tungasuca, Carabayllo"|S/ 588,200 · USD 173,000|588200|173000|||"231 m² tot.
6 dorm.
2 baños
1 estac."|231|6|2|1|Vendo Casa de 3 Pisos en Tungasuca, CarabaylloExcelente oportunidad para adquirir una amplia propiedad ubicada en Tungasuca – Carabayllo, dentro de una zona residencial con vigilancia y entorno seguro, ideal para familias que buscan tranquilidad y buena conectividad. La propiedad se encuentra estratégicamente ubicada cerca de comercios, parques, instituciones educativas y avenidas principales, con fácil acceso al transporte público. Distribución del Inmueble1er Piso: Patio delanteroSala amplia e iluminadaComedor1 habitaciónCocina cerradaBaño completoLavanderíaPatio posterior amplioCochera2do Piso: Hall de distribuciónBalcónHabitación principal (con proyección para baño privado) 3 habitaciones adicionales1 baño3er Piso (Azotea) 1 habitaciónAmplia zona de terrazaPotencial y OportunidadLa propiedad cuenta con una excelente distribución y espacios generosos que permiten múltiples posibilidades de adecuación. Si bien requiere remodelación en algunas áreas, representa una gran oportunidad para personalizarla al gusto del nuevo propietario y potenciar su valorización. Su ubicación en una zona segura y consolidada de Carabayllo, junto con su amplitud y proyección, la convierten en una alternativa ideal tanto para vivienda familiar como para inversión.|https://urbania.pe/inmueble/clasificado/veclcain-venta-de-casa-en-tungasuca-carabayllo-5-a-mas-dormitorios-149179861?n_src=Listado&n_pills=%C3%81rea+de+lavander%C3%ADa&n_pg=1&n_pos=19|2026-03-18
urbania|casas|venta|Lima Norte|Carabayllo|"Avenida Perimétrica
Carabayllo, Lima"|S/ 185,000 · USD 55,000|185000|55000|||"137 m² tot.
3 dorm.
1 baño"|137|3|||Casa en precio de ocasion amplio frente de 10. 5 ml un area de 137 M2 de terreno, construcción de 1 nivel con 3 dormitorios 1 baño Y patio, acceso A avenidas principales, comercios, parques. Se escuchan propuestas papeles en regla|https://urbania.pe/inmueble/clasificado/veclcain-venta-de-casa-en-carabayllo-lima-3-dormitorios-148942796?n_src=Listado&n_pg=1&n_pos=20|2026-03-18
urbania|casas|venta|Lima Norte|Carabayllo|"LOS MOLINOS
Carabayllo, Lima"|S/ 260,000 · USD 74,900|260000|74900|||"100 m² tot.
2 dorm.
1 baño
1 estac."|100|2||1|¡Oportunidad Única en Lima Norte! ¡casa frente A parque en urbanización los molinos, carabayllo! Vive en una de las zonas de mayor crecimiento urbano y plusvalía en Lima (¡Carabayllo está en boom inmobiliario en 2026!). Casa ideal para familia o inversión, con vista directa a parque, en área tranquila pero super comercial: mercados, bodegas, panaderías, restaurantes, farmacias y colegios a pasos. ¡Todo lo que necesitas cerca! Características destacadas: Terreno: 99. 52 m² (6m frente x 16. 5m fondo) Construido: 90 m² con excelentes acabados. Parámetros y cimentación para 4 pisos ¡Perfecta para ampliar o invertir! Todos los servicios: luz, agua, desagüe. Distribución cómoda y funcional: Tienda comercial con trastienda (¡ideal para negocio!) Sala-comedor amplia. Cocina equipada. Lavandería. 2 dormitorios (uno con patio privado) 1 baño completo. Estacionamiento propio. ¡Mudarte aquí es apostar por el futuro! Zona en explosivo desarrollo, con alta revalorización. No dejes pasar esta joya. Precio: Consultar (negociable para venta rápida) Citas e info: WhatsApp Ver datos. Comparte este post si conoces a alguien buscando su casa ideal en Lima Norte. ¡Etiqueta a tus amigos! #CasaEnVenta #Carabayllo #LosMolinos #InmobiliariaLima #Plusvalia #Urbania #AdondeVivir #LimaNorte|https://urbania.pe/inmueble/clasificado/veclcain-venta-de-casa-en-carabayllo-lima-2-dormitorios-142754549?n_src=Listado&n_pills=%C3%81rea+de+lavander%C3%ADa&n_pg=1&n_pos=21|2026-03-18
urbania|casas|venta|Lima Norte|Carabayllo|"Trapiche Chillon Mz.I - Lt.10
Carabayllo, Lima"|S/ 410,550 · USD 119,000|410550|119000|||"144 m² tot.
8 dorm.
4 baños"|144|8|4||¡La casa que multiplica tus oportunidades está en Santo Domingo – Carabayllo! Si buscas espacio, versatilidad y una inversión que crece contigo, esta propiedad es para ti. No es solo una casa: es un proyecto completo esperando a la familia o inversionista correcto. Doble piso, doble potencial. Con 218 m² construidos, esta casa te ofrece la libertad de crear: Tu hogar soñado. Un negocio propio. Departamentos para alquiler. ¡O todo junto! ¿Qué la hace única? - 8 habitaciones ideales para dormitorios, oficinas, almacenes o mini departamentos. - Local comercial incluido: emprende, alquila o amplía tu negocio. - Ambientes amplios y luminosos. - 4 baños distribuidos estratégicamente. - Estacionamiento para tu comodidad. - Terreno de 144 m² en zona residencial/comercial, sólida y en crecimiento. - Cuenta con corriente trifásica, ideal y muy importante para negocios comerciales. - Ubicación estratégica: en Avenida, continuación de la Av. Trapiche. - Cimientos para tres pisos y azotea, perfecto si deseas construir más. - Incluye juego de planos, listo para trámites y futuras ampliaciones. Un lugar con futuro. Cerca de colegios, mercados, comercios y transporte. Un punto donde la demanda sube… y tu inversión también. Perfecta para: Familias grandes, emprendedores visionarios, inversionistas o quienes sueñan con un espacio que se adapte a cada etapa de su vida. Ven, conócela y descubre todo lo que esta casa puede llegar a ser. Aquí, ¡tus ideas tienen espacio para crecer!|https://urbania.pe/inmueble/clasificado/veclcain-venta-de-casa-en-carabayllo-lima-5-a-mas-dormitorios-149200486?n_src=Listado&n_pg=1&n_pos=22|2026-03-18
urbania|casas|venta|Lima Norte|Carabayllo|"Calle 9
Carabayllo, Lima"|S/ 284,750 · USD 85,000|284750|85000|||"97 m² tot.
3 dorm.
4 baños"|97|3|4||Venta de Casa de 3 pisos + azotea en Urbanización VillaClub iii – Carabayllo. ¿Buscas un hogar cómodo, seguro y con proyección de valorización? ¡Esta es tu oportunidad! Casa de 3 pisos más azotea ubicada en la exclusiva Urbanización VillaClub iii, uno de los sectores más organizados y con mayor desarrollo de Carabayllo. Área de terreno: 97. 60 m² Área construida total: 138. 86 m² Distribución del inmueble: Primer piso: Sala-comedor, cocina, baño completo, lavandería, estudio, Jardín. Segundo piso: 3 dormitorios (Principal con walking closet y Baño privado), 1 baño completo. Tercer piso: Dormitorio adicional, baño completo, sala familiar y 2 Terrazas. Cuarto piso: Terraza con espacio ideal para compartir familiares. Beneficios de vivir en VillaClub iii: - Seguridad 24/7 con control de accesos. - Áreas verdes y parques recreativos. - Canchas deportivas y mesas de juegos. - Zona tranquila y bien organizada. - Comunidad familiar y ambiente agradable. Excelente conectividad y transporte: - A pocos minutos de la Av. Universitaria, Av. San Juan y Av. Túpac Amaru. - Acceso a transporte público y alimentadores del Metropolitano. - Cercanía a colegios, mercados, centros de salud y futuros desarrollos comerciales. Potencial de crecimiento: Carabayllo es uno de los distritos con mayor expansión urbana de Lima. La mejora continua en infraestructura vial, servicios públicos y proyectos de vivienda convierten esta zona en una inversión segura y con alta proyección de valorización. Contáctame para agendar una visita|https://urbania.pe/inmueble/clasificado/veclcain-venta-de-casa-en-carabayllo-lima-3-dormitorios-149013687?n_src=Listado&n_pills=Piscina&n_pg=1&n_pos=23|2026-03-18
urbania|casas|venta|Lima Norte|Carabayllo|"Jirón San Pedro de Carabayllo cuadra 4, Urbanización Santa Isabel
Santa Isabel, Carabayllo"|S/ 770,000 · USD 210,000|770000|210000|||"168 m² tot.
7 dorm.
5 baños
1 estac."|168|7|5|1|Vendo amplia casa, moderna Y seminueva. Nueva construccion Y acabados de lujo. Con espectacular vista al parque! En Residencial Santa Isabel. Distrito de Carabayllo! A 4 cuadras de la Avenida Universitaria Estació Chimpu Ocllo. A 2 cuadras de Av San Felipe. A 6 cuadras de An Túpac Amaru. A media cuadra de Av San Martín. Cerca la Nueva estación Metropolitano. Av. San Felipe con Universitaria. A 10 Minuros de Centros Comerciales Mall de Comas, Unicachi. A 20 minutos de Universidades. upn, uch, continental, vallejo, utp, A 30 Minutos de Megaplaza, Plaza Norte. A 1 hora de Universidad Católica, upc, uni. Zona residencial! Cerca de varios parques, colegios, iglesias, panaderías, mercados, tiendas, restaurants, Bancos bcp, bbva, nacion, interbank. ■ distribucion: ● 1er piso: Recibidor, Amplia sala piso en porcelanato, otro ambiente iluminado con mamparas para terraza, Amplia cocina con muebles nuevos altos y bajos, tablero elegante de granito cocina empotrada y pisos en porcelanato. Una habitación grande/ Escritorio/oficina, 1 baño completo, Tiene patio interior, terraza, jardín, Lavadero, Cochera. ● 2do piso. 3 súper amplios, iluminados y ventilados dormitorios, con baño incorporado con tina y ducha española; y Clóset. 1 dormitorio / Escritorio. 1 cuarto para guardar enseres. 1 hall central. Aire acondicionado y sistema de seguridad integrado. ●3er piso Nuevo. 1 habitación, baño, 1ambiente para almacén. 1 cuarto de servicio. Amplia zona de parrilla con techo sol y sombra para reuniones familiares. Lavandería techada y tendal. Amplia terraza, zona de parrilla, con techo sol y sombra recubierto con placas transparentes de policarbonato y sistema para desfogue. Todos los servicios. Todo cerca! Colegios, a 1 cuadra Parques e iglesia, comisaría, estadio, posta, Hospital de La Solidaridad, Clínicas, centro médico, seguro, mercado a 4 cuadras, tiendas, panaderías, restaurants, gym, poder judicial, Bancos, mercado. Centros comerciales Matro y Nuevo Mall de Comas a 5 minutos. Visitas: D. R. A.. T. E. R. E. S. A. 9. 4. 7. 1. 3. 4. 8. 6. 9|https://urbania.pe/inmueble/clasificado/veclcain-venta-de-casa-en-santa-isabel-carabayllo-5-a-mas-dormitorios-143779177?n_src=Listado&n_pills=Cuartos+de+servicio&n_pg=1&n_pos=24|2026-03-18
urbania|casas|venta|Lima Norte|Carabayllo|"4XQ2+WWF
Carabayllo, Lima"|S/ 336,000 · USD 100,000|336000|100000|||"200 m² tot.
2 dorm.
2 baños"|200|2|2||Casa en venta. Casa en venta de 2 pisos, ideal para tu familia: ️ 2 dormitorios. ️ 2 baños. ️ Sala – comedor. ️ Cocina amplia. ️ Cochera. Ubicada en una zona tranquila, segura y de fácil acceso. ¡Perfecta para vivir cómodamente y con todo lo que necesitas! Contáctame al Ver datos. ¡No dejes pasar esta excelente oportunidad!|https://urbania.pe/inmueble/clasificado/veclcain-venta-de-casa-en-carabayllo-lima-2-dormitorios-148485849?n_src=Listado&n_pills=Cerca+a+colegios&n_pg=1&n_pos=25|2026-03-18
urbania|casas|venta|Lima Norte|Carabayllo|"Calle 2 Manzana F Lote 25
Villa Club, Carabayllo"|S/ 349,000 · USD 100,000|349000|100000|||"158 m² tot.
3 dorm.
2 baños
2 estac."|158|3|2|2|Único dueño. Impecable, lista para mudarse ya. Urbanización Villa Club 4, Carabayllo, ubicada en esquina. A solo una cuadra del centro de esparcimiento (piscina, zona de eventos y parrillas). Sin ruidos molestos por eventos. Terreno: 158 m2. Área techada: 75 m2. Ideal para ampliar o construir más. Diseño moderno, jardín, terraza. Zona tranquila y familiar. Oportunidad Única.|https://urbania.pe/inmueble/clasificado/veclcapa-venta-de-casa-en-villa-club-carabayllo-3-dormitorios-148903821?n_src=Listado&n_pills=Guardian%C3%ADa%2FSeguridad+privada&n_pg=1&n_pos=26|2026-03-18
urbania|casas|venta|Lima Norte|Carabayllo|"CONDOMINIO VILLA CLUB
Ciro Alegria, Carabayllo"|S/ 222,000 · USD 61,900|222000|61900|||"92 m² tot.
3 dorm.
2 baños
1 estac."|92|3|2|1|Vendo casa de 2 pisos mas azotea, area de terreno 87m2, area techada 92m2 ubicado en condominio VillaClub iii Mz. J Lote 34, calle 15, distrito de Carabayllo, consta de: primer piso sala comedor, baño completo, cocina, jardín interior, lavandería, jardin exterior y estacionamiento. segundo piso 3 dormitorios, principal con baño y walking closet y baño común para los otros dos, azotea con lavandería.|https://urbania.pe/inmueble/clasificado/veclcain-venta-de-casa-en-ciro-alegria-carabayllo-3-dormitorios-145291500?n_src=Listado&n_pills=Guardian%C3%ADa%2FSeguridad+privada&n_pg=1&n_pos=27|2026-03-18
urbania|casas|venta|Lima Norte|Carabayllo|"Jiron Francisco Torres 125
Los Tumis, Carabayllo"|S/ 370,000 · USD 110,000|370000|110000|||"120 m² tot.
5 dorm.
3 baños"|120|5|3||Cerca de la Av. Universitaria, av. Chimpu Ocllo, Av. Trapiche y Av. San Felipe. Cuenta con ingresos independientes para cada piso, con departamentos de aprox. Cada uno de 81 m² - Primer piso: ️Cochera. ️Sala comedor. ️3 habitaciones. ️1 baño. ️Área de estudio. ️Cocina. ️Patio posterior con lavandería. - Segundo piso: ️Sala comedor. ️2 baños. ️2 dormitorios. ️Cocina. ️Área de estudio. ️Espacio de lavandería. - Tercer piso. Se encuentra en casco y techado. Áreas para sala comedor /3 habitaciones/dos baños/cocina abierta o cerrada/lavandería/ acceso a azotea|https://urbania.pe/inmueble/clasificado/veclcain-venta-de-casa-en-los-tumis-carabayllo-5-a-mas-dormitorios-149158675?n_src=Listado&n_pills=%C3%81rea+de+lavander%C3%ADa&n_pg=1&n_pos=28|2026-03-18
urbania|casas|venta|Lima Norte|Carabayllo|"Altura Condominio Villa Club 2da Etapa
Villa Club, Carabayllo"|S/ 234,500 · USD 70,000|234500|70000|||"76 m² tot.
3 dorm.
3 baños
1 estac."|76|3|3|1|Acogedora casa en condominio en CarabaylloVive con tranquilidad y seguridad dentro de un amplio condominio privado, ideal para familias que buscan comodidad y áreas recreativas sin salir de casa. El condominio cuenta con áreas verdes, piscina y canchas deportivas, creando un entorno perfecto para disfrutar al aire libre. Ubicación estratégica, cercana a colegios, restaurantes y parques, con fácil acceso a servicios esenciales. Distribución: • Sala – comedor• Cocina• 3 dormitorios• 3 baños• Balcón• Terraza• Área de lavanderíaÁreas comunes del condominio: • Piscina• Minimarket• Canchas deportivas (fútbol y básquet) • Áreas verdes• Seguridad y entorno familiarUna excelente oportunidad para vivir en un espacio cómodo, seguro y bien organizado. ¡No dejes pasar esta oportunidad y agenda tu visita hoy mismo! * Las fotografías, precios y descripción de esta propiedad son|https://urbania.pe/inmueble/clasificado/veclcain-venta-de-casa-en-villa-club-carabayllo-3-dormitorios-149009473?n_src=Listado&n_pills=Piscina&n_pg=1&n_pos=29|2026-03-18
urbania|casas|venta|Lima Norte|Carabayllo|"Portal de Santa María de Carabayllo – 2da Etapa
Santa Maria, Carabayllo"|S/ 200,400 · USD 60,000|200400|60000|||"74 m² tot.
2 baños"|74||2||Casa de 2 pisos en condominio – lista para mudarse Portal de Santa María – 2da Etapa, CarabaylloVive con tranquilidad y seguridad en esta casa de 2 pisos tipo C2, ubicada dentro del Condominio Portal de Santa María, un entorno seguro, ordenado y con áreas comunes ideales para la familia. Área de terreno: 73. 60 m² Incluye garajeDistribución: Primer piso: Sala, comedor, cocina, patio, jardín, baño, garaje e ingreso independiente. Segundo piso: Dormitorio principal, 2 dormitorios adicionales y baño completo. - Condominio cerrado y seguro, con áreas comunes para disfrutar en familia. - Ubicación estratégica, a pocos minutos de Av. Universitaria, San Juan y Panamericana Norte, con fácil acceso a servicios y transporte. Lista para mudarse Ideal para vivienda familiarExcelente entorno residencialOpción a construir adicionalmente- Agenda tu visita y conoce tu próximo hogar.|https://urbania.pe/inmueble/clasificado/veclcain-venta-de-casa-en-santa-maria-carabayllo-149086079?n_src=Listado&n_pills=Jard%C3%ADn&n_pg=1&n_pos=30|2026-03-18
urbania|casas|venta|Lima Norte|Carabayllo|"Urbanizacion Torre Blanca
Carabayllo, Lima"|S/ 420,000 · USD 125,000|420000|125000|||"280 m² tot.
6 dorm.
5 baños"|280|6|5||Se vende casa tres pisos mas azotea semi construída para piso 4Si eres Inversionista? Tienes esta oportunidadCasa de 90 m2Idea para vivienda o negocio? Primer pisoPatio CocheraSala comedor2 dormitoriosCocinaLavanderíaBañoSegundo pisoCuenta con dos minidepartamentosDe 37 y 43 m2IndependizadosCada minidepartamento cuenta conSalita comedorCocina2 habitacionesBañoTercer pisoTambién con 2 mini departamentos tal cual el segundo pisoCuarto pisoAzotea semi construída ya independizadaCuenta con 2 tanques de aguaLa zona es urbanizada, pertenece a la Urbanización Torre BlancaReferenciaParadero Techo km23 Tupac AmaruA cuatro cuadras arriba se encuentra la propiedadAgenda tu visita R. U. C Ver datos|https://urbania.pe/inmueble/clasificado/veclcain-venta-de-casa-en-carabayllo-lima-5-a-mas-dormitorios-147970002?n_src=Listado&n_pills=%C3%81rea+de+lavander%C3%ADa&n_pg=2&n_pos=1|2026-03-18
urbania|casas|venta|Lima Norte|Carabayllo|"Carabayllo 15121, Perú
Carabayllo, Lima"|S/ 291,450 · USD 87,000|291450|87000|||"210 m² tot.
4 dorm.
2 baños
1 estac."|210|4|2|1|En venta casa de 2 pisos con cochera Y/O local con finos acabadosoportunidad única para construir tus sueños. ¡hola soy tu asesor de confianza Y tengo el placer de presentarte una casa urbana exepcional ubicado en el corazón de carabayllo. urbanizacion esmeralda 2da etapaparametros para 5 pisos. esta joya inmobiliario cuenta con las siguientes caracteristicasarea del terreno 105 mtsprecio $ 87, 000 dolares negociable. el predio posee los siguientes ambientesprimer piso: cocina con muebles altos Y bajos1 dormitorio ampliosegundo piso: 3 habitacionesarea de lavanderia2 bañosamplia sala -comedorcocina estilo americano con finos acabados en marmol façil acceso A los servicios, comercios Y con facil acceso qa las principalesvías de la ciudad. A 8 minutos de la avenida túpac amarua 5 minutos de la avenida universitariaa 10 minutos de plaza vea de puente piedrano dejes pasar esta oportunidad de inversión O de construir el espacio que siempre haz soñado. Contáctame para más información Y para concretar 1 visita. llama ahora Y comencemos A construir tus planes A futurar. U. C Ver datos|https://urbania.pe/inmueble/clasificado/veclcain-venta-de-casa-en-carabayllo-lima-4-dormitorios-148553343?n_src=Listado&n_pills=%C3%81rea+de+lavander%C3%ADa&n_pg=2&n_pos=2|2026-03-18
urbania|casas|venta|Lima Norte|Carabayllo|"URB LOS Ficus DE Carabayllo MZ F Lote 42
Los Ficus De Carabayllo, Carabayllo"|S/ 352,800 · USD 105,000|352800|105000|||180 m² tot.|180||||¿Buscas una propiedad para vivir, emprender y generar ingresos? Esta casa es la inversión perfecta en una zona en pleno crecimiento. 1er piso – local amplio / cocherasideal para negocio, almacén o para 2 a 3 cocheras. Perfecto para emprendedores o para alquilar como espacio comercial. 2do piso – departamento familiardepartamento cómodo y bien distribuido: 2 habitaciones Sala – ComedorCocina independienteBaño completoIngreso independiente3er piso – 2 mini departamentoscada minidepa incluye: 1 habitación1 bañoIdeal para alquiler inmediato y generar ingresos mensuales. potencial de crecimientola casa cuenta con estructura para construir 1 piso adicional + azotea. Perfecta para proyecto multifamiliar o inversión inmobiliaria. Separa tu cita y descubre por qué esta casa es ideal para ti. R. U. C Ver datos|https://urbania.pe/inmueble/clasificado/veclcain-venta-de-casa-en-los-ficus-de-carabayllo-carabayllo-148315416?n_src=Listado&n_pg=2&n_pos=3|2026-03-18
urbania|casas|venta|Lima Norte|Carabayllo|"Urb Villa Club Etapa 2
Carabayllo, Lima"|S/ 170,000 · USD 50,445|170000|50445|||"96 m² tot.
2 dorm.
1 baño"|96|2|||¡Oportunidad Única de Venta en Villa Club 2! Si buscas un lugar ideal para tu familia, esta es tu oportunidad. Esta casa tiene todo lo que necesitas para vivir con comodidad: Área: 96 m²Sala comedor amplia para disfrutar con los tuyosCocina independiente2 habitaciones para descansar tranquilosBaño completoPatio perfecto para tus actividades al aire libreAzotea con espacio adicionalEstacionamiento para tu vehículoAdemás, el condominio ofrece: Vigilancia 24 horas para tu seguridad y tranquilidadParques y jardines donde los más pequeños pueden jugarPiscinas para disfrutar de un buen día de solLa casa se encuentra a solo 7 minutos del Óvalo de Puente Piedra, cerca de Plaza Vea y Tottus, lo que hace que la ubicación sea perfecta para tus compras y desplazamientos. ¡Es el hogar que estabas buscando! ¡No dejes pasar esta oportunidad! R. U. C Ver datos|https://urbania.pe/inmueble/clasificado/veclcain-venta-de-casa-en-carabayllo-lima-2-dormitorios-147969918?n_src=Listado&n_pills=Jard%C3%ADn&n_pg=2&n_pos=4|2026-03-18
urbania|casas|venta|Lima Norte|Carabayllo|"Calle Universitaria al 1000
Carolina Et.1, Carabayllo"|S/ 354,000 · USD 100,000|354000|100000|||"200 m² tot.
6 dorm.
2 baños"|200|6|2||¡Una oportunidad única que no puedes dejar pasar! Área: 160 m² de terrenoLa casa está en casco lista para ser construida a tu gusto. Ubicada en La avenidas Universitaria y Manuel Prado A solo unos minutos del Estadio Lolo FernandezDistribución: • Primer piso: Amplia sala comedor, cocina, lavandería, cochera, 01 habitación y 01 baño• Segundo piso: 06 habitaciones, sala de estar con balcón, 01 bañoLa propiedad cuenta con servicios de agua, luz y su gran potencial y parámetros para 7 pisos te permitirá darle el toque que siempre has soñado. ¡No dejes pasar esta oportunidad! Contáctame hoy mismo para agendar una visita¡Construye la casa de tus sueños! R. U. C Ver datos|https://urbania.pe/inmueble/clasificado/veclcain-venta-de-casa-en-carolina-et1-carabayllo-5-a-mas-dormitorios-145756932?n_src=Listado&n_pills=%C3%81rea+de+lavander%C3%ADa&n_pg=2&n_pos=5|2026-03-18
urbania|casas|venta|Lima Norte|Carabayllo|"San Pedro de Carabayllo
Carabayllo, Lima"|"S/ 361,200 · USD 105,000
8%"|361200|105000|8%||"136 m² tot.
5 dorm.
3 baños"|136|5|3||Área: 136 m² Precio: $105, 000 dólares Documentos en reglaDescubra esta hermosa casa diseñada para brindar comodidad, amplitud y funcionalidad en cada ambiente. Ideal para familias que buscan un hogar listo para mudarse. Primer piso Cochera con ingreso directo Sala amplia y bien iluminada Comedor cómodo para reuniones familiares Cocina espaciosa con muebles altos y bajos Barra tipo mesa para compartir momentos especiales 2 dormitorios Dormitorio principal con baño privado y tina Lavandería Baño de visitas Escalera interna segundo piso Balcón ideal para relajarse y disfrutar del aire libre Sala y comedor amplios Cocina lista para empotrar 2 dormitorios amplios con ventanas Baño espacioso con tina Área de lavandería Escalera hacia azoteaVista hacia azotea Servicios completos: Agua Luz Gas natural Una propiedad funcional, cómoda y lista para usted y su familia. Agende su visita y conozca su próximo hogar. R. U. C Ver datos|https://urbania.pe/inmueble/clasificado/veclcain-venta-de-casa-en-carabayllo-lima-5-a-mas-dormitorios-148953719?n_src=Listado&n_pills=%C3%81rea+de+lavander%C3%ADa&n_pg=2&n_pos=6|2026-03-18
urbania|casas|venta|Lima Norte|Carabayllo|"Villa Club 5
Carabayllo, Lima"|S/ 198,550 · USD 55,000|198550|55000|||"120 m² tot.
3 dorm.
1 baño"|120|3|||Casa de un piso más azotea de 120 m2 Salita comedor 3 habitaciones medianas Cocina con repostería baja Punto de gas natural cocina Baño Patio EstacionamientoAzotea Tanque de agua Dentro del Condominio cuentas con áreas verdes, parques y jardines, piscinas, Minimarkets, spa, restaurantes. A 10 minutos del Ovalo de Puente Piedra Plaza Vea, Tottus, mercado HuamantangaAgenda tu visita R. U. C Ver datos|https://urbania.pe/inmueble/clasificado/veclcain-venta-de-casa-en-carabayllo-lima-3-dormitorios-147970080?n_src=Listado&n_pills=Piscina&n_pg=2&n_pos=7|2026-03-18
urbania|casas|venta|Lima Norte|Carabayllo|"Calle 9 Mz V Lote 35
Santo Domingo, Carabayllo"|S/ 626,000 · USD 184,900|626000|184900|||"226 m² tot.
4 dorm.
3 baños
1 estac."|226|4|3|1|Casa en venta frente a parque – Urbanización Santo Domingo, 5ta Etapa, CarabaylloSe vende casa estratégicamente ubicada en la Urbanización Santo Domingo, 5ta etapa, Carabayllo, frente a parque, sobre un terreno de 120 m² con 6 metros de frente y 20 metros de fondo, con una distribución eficiente y proyección para hasta 4 pisos más azotea. La propiedad cuenta con cimientos preparados, planos y una concepción ideal tanto para vivienda multifamiliar como para inversión. El proyecto contempla una casa de 2 pisos y la posibilidad de desarrollar un departamento independiente en el tercer piso y otro en el cuarto piso, cada uno con tablero eléctrico y acceso independiente, lo que maximiza el potencial de rentabilidad. Ubicación privilegiadaUbicada en paralelo a la Av. Túpac Amaru / Av. Condorcanqui, una de las principales vías comerciales de la zona, con excelente conectividad: · A menos de 3 minutos de la Av. Universitaria· A 5 minutos de la Estación Chimpu Ocllo del Metropolitano· A 3 minutos del Mercado Mayorista Tres Regiones· A 5 minutos del Qatuna Mercados· A menos de 5 minutos del Club Metropolitano Manco Cápac· A 10 minutos de la carretera Lima – CantaFrente al parque donde se proyecta la Capilla Santo Domingo, y muy cerca de importantes centros educativos como: · Colegio Ciencias y Humanidades· Colegio Santo Domingo Guzmán· Colegio Juan Pablo PeregrinoLa zona se encuentra a una altitud aproximada de 225 msnm, con un clima seco, soleado y caluroso durante gran parte del año, muy similar al de La Molina, con sol casi todo el año. Distribución de la propiedadPrimer piso: · Cochera techada para un auto grande· Hall de recepción· Sala de tv a desnivel con techo de doble altura, que aporta amplitud y excelente iluminación· Cocina semiabierta, con fluida conexión al comedor y la sala· Área de lavandería· Cocina preparada para completar muebles altos y bajos· Espacio destinado para bar, con punto de agua y desagüe· Patio posterior ideal para zona de parrillaSegundo piso: · 3 dormitorios, 1 estudio y 1 sala de tv o El estudio puede utilizarse como cuarta habitación o La sala de tv puede cerrarse y convertirse en quinta habitación· Dormitorio principal con vista al parque, amplio espacio de clóset y baño completo incorporado· Estudio con vista interna· Segundo y tercer dormitorio diseñados como “hermanos gemelos”, compartiendo clóset y baño completo· Un tercer baño completo adicionalTercer piso: · Actualmente cuenta con un ambiente de drywall utilizado como depósito· Se incluyen planos para el desarrollo del tercer y cuarto piso, con estructura y cimientos ya preparadosCaracterísticas adicionales· Terma de 80 litros· Escalera interna que conecta el primer y segundo piso· Escalera adicional desde el primer piso con proyección para todos los niveles, ideal para accesos independientes· Piso de parqueton. · Granito negro en la cocina· Sisterna, bomba de agua y tanque de agua· Escalera de mardera· 14 años de antigüedad· Techos de 2. 60m de altura· Zonificación rdmuna propiedad con excelente ubicación, clima privilegiado y alto potencial de crecimiento, ideal para familias que buscan amplitud y proyección, así como para inversionistas que desean desarrollar unidades independientes en una zona de constante valorización.|https://urbania.pe/inmueble/clasificado/veclcain-venta-de-casa-en-santo-domingo-carabayllo-4-dormitorios-148960900?n_src=Listado&n_pills=Parrilla&n_pg=2&n_pos=8|2026-03-18
urbania|casas|venta|Lima Norte|Carabayllo|"Gregorio Sisa , Carabayllo
San Felipe, Carabayllo"|S/ 399,000 · USD 109,000|399000|109000|||"120 m² tot.
5 dorm.
2 baños
1 estac."|120|5|2|1|Casa en venta en una zona segura, tranquila de carabayllo Y de muy fácil acceso para salir A av. Concurridas, con muy buena distribución, mucho acceso de luz natural, completamente equipada Y conservada lista para ser habitada, A 5 minutos de la panamericana norte, el centro comercial real plaza de pro Y el gran mercado unicachi. - precio: $ 109, 000. - Dirección: Programa los Tumis Gregorio Sisa N° 157 (Mz D Lote 44) - Gregorio Sisa 157, Carabayllo Ver datos. - área de terreno: 120. 00 M² - área construida: 195. 00 M² casa ubicada en calle enrejada con supervisión constante de los serenazgos del distrito + un vigilante contratado para seguridad de los vecinos de la zona las 24 horas, bodegas A unos pasos, parques cercanos Y avenidas comerciales importantes cercanas. - 5 habitaciones con buena iluminación natural. - 2 baños completos con ducha incorporada. - espacio para ambientar una sala de estudio. - sala/comedor amplio. - cocina con reposteros bajos Y tableros de cerámica. - área de lavandería Y patio trasero. - cochera interna abierta. - azotea. - balcon. - gas cálidda. - con parametros para edificar hasta 3 pisos. - 1 family room que fácilmente puede ser una amplia habitación extra de forma provisional. Referencias: - Al lado de la autopista trapiche Y san felipe donde en toda esa Av. Cuenta con diversos restaurantes turísticos y de estilo campestre. - 5 minutos de la panamericana norte. - 14 minutos del real plaza de primera de pro. - 16 minutos de todos los centros de estudio de nivel universitario como son la upn, vallejo, etc. - 22 minutos del centro comercial mega plaza. - 28 Minutos del centro comercial Plaza Norte junto con el terminal terrestre que cuenta con diversas agencias de buses interprovinciales e Instituto senati. La casa está inscrita en registros públicos, listo para vender, únic0 propietario. No pierdas la oportunidad de conocer esta casa que podría ser el lugar perfecto para su familia.|https://urbania.pe/inmueble/clasificado/veclcain-venta-de-casa-en-san-felipe-carabayllo-5-a-mas-dormitorios-147058847?n_src=Listado&n_pills=%C3%81rea+de+lavander%C3%ADa&n_pg=2&n_pos=9|2026-03-18
urbania|casas|venta|Lima Norte|Carabayllo|"Jirón Raúl Jiménez Chávez
Lucyana, Carabayllo"|S/ 408,000 · USD 120,000|408000|120000|||"120 m² tot.
2 dorm.
1 baño"|120|2|||¡Oportunidad Única en Carabayllo! Casa + Local Ideal para Negocio¿Buscas un hogar cómodo con la ventaja de tener un espacio comercial propio? Esta casa de 120 m² te lo ofrece todo: Ubicación privilegiada: En Carabayllo, a pasos del colegio Innova Schools — excelente para familias y revalorización. Características de la casa: -2 dormitorios espaciosos-2 baños completos- Local comercial independiente (con baño propio): ideal para farmacia, librería, bodega, consultorio… ¡lo que tú quieras emprender! Lo puede alquilar para rentavilizar tu propiedad. Ventajas: -Ubicación estratégica frente a colegio reconocido-Base para 4 pisos-Versatilidad con el local independiente-Excelente para vivir y generar ingresos ¡No esperes más! Agenda tu visita hoy mismo. Consultar con el Agente Inmobiliario encargado para mayor información Ver datos.|https://urbania.pe/inmueble/clasificado/veclcain-venta-de-casa-en-lucyana-carabayllo-2-dormitorios-147994808?n_src=Listado&n_pg=2&n_pos=10|2026-03-18
urbania|casas|venta|Lima Norte|Carabayllo|"Villa Club 2
Villa Club, Carabayllo"|S/ 273,542 · USD 80,000|273542|80000|||"168 m² tot.
3 dorm.
3 baños
1 estac."|168|3|3|1|Casa en venta mas terreno en condominio villa club 2 aria total 168 M2 Casa en venta de 2 pisos con terraza construidos con servicios básicos y documentos saneados. 168 m2 de Área de Terreno 200 M2 de área ConstruidaZonificación: rdmparámetros para 2 pisos + TerrazaDescripción: 3 Habitaciones3 BañoPiso parquet, laminado, etc. 1 Estacionamiento 12 años de AntigüedadPrimer piso: -Sala de entretenimiento-1 Baños de visita-Sala comedor-Cocina-Patio con jardínSegundo piso: -3 Habitaciones-2 BañosTercer piso: -terrazaUbicación: - En condominio Villa Club 2 - A 5 min de la Plaza San Pedro- A 5 min de la Av. Santa María- A 15 min de la Panamericana Norte- A pocas cuadras de la Comisaria Santa MaríaPrecio: 80, 000. 00 no esperes mas agenda tu visitar. U. C Ver datos|https://urbania.pe/inmueble/clasificado/veclcain-venta-de-casa-en-villa-club-carabayllo-3-dormitorios-146143051?n_src=Listado&n_pills=Jard%C3%ADn&n_pg=2&n_pos=11|2026-03-18
urbania|casas|venta|Lima Norte|Carabayllo|"A.h. La Rivera Mz C Lote 2
La Rivera, Carabayllo"|S/ 418,013 · USD 124,780|418013|124780|||"267 m² tot.
5 dorm.
2 baños
1 estac."|267|5|2|1|Ubicada en una zona que equilibra perfectamente la tranquilidad residencial con un potencial de inversión altísimo. Considerando las características específicas de tu propiedad (una construcción robusta y amplia de 267 m²), aquí te presento los 5 beneficios principales de vivir e invertir en esta casa: 1. Espacio y Amplitud IncomparableEn un mercado donde los departamentos son cada vez más pequeños, contar con 267 m² de construcción es un lujo. Tienes un área social amplia y cómoda en el primer piso. El metraje permite que cada miembro de la familia tenga su propio espacio sin sentirse apretado, algo ideal para familias numerosas o personas que buscan comodidad total. 2. El &quot;Lienzo en Blanco&quot;: Personalización del Segundo PisoAunque al segundo piso le falten los acabados, esto es en realidad una ventaja estratégica: Ahorro: No pagas por acabados que quizás no te gusten y tendrías que remodelar. Estilo Propio: Puedes elegir el tipo de piso, pintura y sanitarios que se ajusten a tu gusto personal y presupuesto. Plusvalía inmediata: Al terminar los acabados, el valor de reventa de la propiedad se dispara automáticamente por encima de la inversión realizada. 3. Seguridad y Comodidad con Cochera PropiaEn zonas de crecimiento como Carabayllo, contar con una cochera privada dentro de los 141 m² de terreno es un activo indispensable. Te brinda la tranquilidad de proteger tu vehículo frente a la intemperie o la inseguridad. Evitas el gasto mensual de alquilar una cochera externa y ganas comodidad al descargar compras o viajar en familia. 4. Entorno Residencial y TranquiloLa Urb. La Rivera se caracteriza por ser una zona mayoritariamente residencial, alejada del ruido excesivo de las avenidas principales pero lo suficientemente cerca para acceder a todo. Microclima: Carabayllo goza de un aire más limpio y sol casi todo el año en comparación con distritos del centro de Lima. Parques y Áreas Verdes: Es una urbanización diseñada para caminar y disfrutar del vecindario. 5. Conectividad y Crecimiento ComercialVivir en La Rivera te sitúa en un punto estratégico de Lima Norte: Estás cerca de avenidas principales que conectan rápidamente con el Intercambiador de la Panamericana Norte. Tienes acceso a una oferta educativa creciente, centros de salud y centros comerciales (como el Mall Plaza Comas a pocos minutos), lo que asegura que tu inversión nunca pierda valor.|https://urbania.pe/inmueble/clasificado/veclcain-venta-de-casa-en-la-rivera-carabayllo-5-a-mas-dormitorios-148825655?n_src=Listado&n_pills=Cuartos+de+servicio&n_pg=2&n_pos=12|2026-03-18
urbania|casas|venta|Lima Norte|Carabayllo|"AV Jose Carlos Mariategui
Carabayllo, Lima"|S/ 887,500 · USD 250,000|887500|250000|||"320 m² tot.
5 dorm.
4 baños
1 estac."|320|5|4|1|Contacto: sandra mauriciocell: 9*5*2*6*5*2*4*1*4¡oportunidad única de inversión en carabayllo! Se vende propiedad comercial de 4 nivelesubicada a solo una cuadra de la Avenida Principal y a pasos de la Municipalidad de Carabayllo. Zona estratégica con alto tránsito peatonal y vehicular, ideal para inversionistas que buscan rentabilidad y proyección a futuro. - ubicación: Zona céntrica de Carabayllo- área total de construcción: - 1er piso: 170 m²- 2do y 3er piso: 85 m² cada uno- 4to piso: Departamento con 3 habitaciones ingresos independientes en cada nivel – Ideal para alquilar por pisos o desarrollar múltiples negocios. Cuenta con permisos para: Carwash Juegos de billar potencial para diversos rubros: - Restaurantes, cafeterías, dark kitchens- Gimnasios, academias, centros de entrenamiento- Minimarkets, tiendas especializadas- Locales de eventos, oficinas, consultorios- Vivienda + negocio = ¡Rentabilidad asegurada! Ventajas destacadas: - Zona 100% comercial en pleno crecimiento- Excelente visibilidad y accesibilidad- Inversión segura con alto potencial de retorno- Espacios amplios, funcionales y listos para operar- ¡Perfecta para posicionar tu marca o generar múltiples rentas! ¡inversión inteligente en una ubicación clave! Contáctanos ahora y agenda una visita personalizada. ¡No dejes pasar esta oportunidad de oro en Carabayllo! contacto: sandra mauriciocell: 9*5*2*6*5*2*4*1*4id: 1*1*3*7*8*6*7|https://urbania.pe/inmueble/clasificado/veclcain-venta-de-casa-en-carabayllo-lima-5-a-mas-dormitorios-146341428?n_src=Listado&n_pills=Gimnasio&n_pg=2&n_pos=13|2026-03-18
urbania|casas|venta|Lima Norte|Carabayllo|"Parque Nicanor Arteaga Dominguez, Carabayllo
Carabayllo, Lima"|S/ 568,500 · USD 150,000|568500|150000|||"120 m² tot.
5 dorm.
3 baños"|120|5|3||"Contáctame: Zulema Ricaldi 9. 9. 5. 9. 9. 0. 5. 3. 4. ¡Oportunidad única! Casa de dos pisos con entrada independiente, a solo unos pasos de Avenida UniversitariaCarabayllo | Muy buena ubicación¡El espacio ideal para tu familia y/o inversión! ubicación: Carabayllo | Nueva EstrellaVías accesibles más importantes: Av. Universitaria | Av. Túpac Amaru | Av. Camino Real | Av. Manuel PradoA un paso de: Parques, colegios, restaurantes, hospitales, farmacias, centros comerciales, mercados, bancos y otros negocios locales en el entorno. Mercados mayoristas más cercanos: Megan Unicachi Pro | Mercado Mayorista 3 RegionesCentros de Salud más próximos: Hospital Sergio Bernales | Hospital de la Solidaridad CarabaylloInstituciones públicas más cercanas: Municipalidad de Carabayllo | Comisaría Santa Isabel | sedapal | reniecuniversidades más próximas: Universidad Científica del Sur - Campus Norte | Universidad César VallejoCentros de entretenimiento más cercanos: Chepita Royal Club Campestre | Ares Lima Norte Paintball | Club Zonal Sinchi Roca | Club Zonal Manco Cápac | Acuario Nautilus | Dino ParkCerca a paraderos del Metropolitano (Próximo a inaugurar) descripción: primer piso - ingreso independienteárea: 120 m2Piso: 1 (2 pisos en total) 01 Ambiente ampliosegundo piso - ingreso independienteárea: 100 m2Piso: 2 (2 pisos en total) Sala-comedor05 habitaciones03 bañosCocina cerradaLavanderíaparámetros para 4 pisosprecio: Precio de venta: us$ 150, 000Inscrito en rrppdocumentos en reglano dejes pasar esta oportunidad de adquirir una propiedad que te ofrece estilo de vida, comodidad Y un sinfin de posibilidades. ¡contáctame hoy mismo para obtener más detalles Y programar una visita! Contáctame: Zulema Ricaldi 9. 9. 5. 9. 9. 0. 5. 3. 4. R. U. C Ver datos"|https://urbania.pe/inmueble/clasificado/veclcain-venta-de-casa-en-carabayllo-lima-5-a-mas-dormitorios-145123545?n_src=Listado&n_pills=%C3%81rea+de+lavander%C3%ADa&n_pg=2&n_pos=14|2026-03-18
urbania|casas|venta|Lima Norte|Carabayllo|"Villa Club 3 - Carabayllo
Carabayllo, Lima"|S/ 230,000 · USD 68,656|230000|68656|||"97 m² tot.
2 dorm.
1 baño
1 estac."|97|2||1|"Casa en Venta en VillaClub 3 – Carabayllo | 97 m²Vive con tranquilidad, seguridad y calidad de vida en uno de los condominios más buscados de Lima Norte. Esta acogedora casa de 97 m² en VillaClub 3 – Carabayllo es ideal para familias que desean crecer en un entorno ordenado y seguro. Características de la Propiedad• Área total: 97. 60 m²• Sala – comedor con excelente iluminación natural• Cocina funcional con buen espacio de almacenamiento• Dormitorios bien distribuidos• Baño completo• Patio posterior ideal para lavandería o zona de parrilla• Espacio de estacionamiento ubicado al lado izquierdo del ingreso. • Zona de jardín al lado derecho, ideal para decorar o crear un ambiente acogedor. • Pasillo lateral que brinda independencia y mejor circulación hacia la parte posterior del inmueble. • Escalera metálica con acceso al segundo piso, funcional y de estructura sólida. • Excelente distribución que aprovecha cada metroVive en Condominio• Seguridad 24/7• Control de acceso• Parques internos, áreas verdes• Piscina• Ambiente familiar y organizadoUbicación EstratégicaUbicada en VillaClub 3 – Carabayllo, con fácil acceso a avenidas principales, transporte público, colegios, mercados y comercios de la zona. Documentación en ReglaLista para transferencia. Apta para crédito hipotecario. Ideal para: Familias jóvenes; parejas que buscan su primera vivienda o inversionistas que desean una propiedad con alta demanda en alquiler. Agenda tu visita hoy mismoNo dejes pasar esta oportunidad de vivir en un condominio seguro y con excelente proyección de valorizaciónR. U. C Ver datos"|https://urbania.pe/inmueble/clasificado/veclcain-venta-de-casa-en-carabayllo-lima-2-dormitorios-149224465?n_src=Listado&n_pills=%C3%81rea+de+lavander%C3%ADa&n_pg=2&n_pos=15|2026-03-18
urbania|casas|venta|Lima Norte|Carabayllo|"Brisas DE Carabayllo MZ C Lote 19
Carabayllo, Lima"|S/ 402,000 · USD 120,000|402000|120000|||"240 m² tot.
3 dorm.
2 baños
1 estac."|240|3|2|1|Vive en Carabayllo, una zona de clima cálido todo el año y ambiente familiar. Esta encantadora casa se encuentra en la Urbanización Brisas de Carabayllo en una zona tranquila, a solo una cuadra del paradero del conector universitaria del Metropolitano. Venta por acciones y derechos. A 1 cuadra de la Av. Universitaria. Características de la casa: Área de terreno: 240 m² Parámetros de construcción: 4 pisos. 3 dormitorios amplios. Cocina con muebles altos y bajos. Patio interior. 1 baño completo. 1 baño visitas. Lavanderia. Jardín lateral. Estacionamiento. Precio de venta: usd 120, 000 negociable|https://urbania.pe/inmueble/clasificado/veclcain-venta-de-casa-en-carabayllo-lima-3-dormitorios-148950956?n_src=Listado&n_pills=Jard%C3%ADn&n_pg=2&n_pos=16|2026-03-18
urbania|casas|venta|Lima Norte|Carabayllo|"Condominio Alameda de San Juan
Carabayllo, Lima"|S/ 180,000 · USD 53,571|180000|53571|||"84 m² tot.
4 dorm.
3 baños"|84|4|3||¡exclusiva casa de 3 pisos en venta! Ubicación: Alameda de San Juan, Carabayllo, Lima. A 2 cuadras de Av. Saco Rojas, Urb. Sol de Carabayllo, San Pedro de Carabayllo, San Antonio de Carabayllo, Condominio Tambo Verde, Casa Hacienda el Fortín, Av. Las Palmeras, Urb. Esmeralda ii de Carabayllo Centro de Salud San Pedro de Carabayllo, Gran Mercado El Pino. Transporte accesible a 2 cuadras: Metropolitano-alimentador, buses rojos, buses amarillos. Cerca de tiendas, restaurantes. Descubre la combinación perfecta de confort y estilo en esta moderna casa de 3 pisos. Con una superficie construida de 84. 21 m², este espacio está diseñado para adaptarse a un estilo de vida dinámico y contemporáneo. Características: -Area Construida 84. 21m2-Sala comedor-Cocina-Lavandería-4 habitaciones3 baños- Espacios inteligentemente distribuidos en tres niveles- Construcción moderna con 12 años de antigüedad- Acabados de calidad para un hogar sofisticado-Tiene instalación de gas cálida para remodelar. Esta casa de 3 pisos es una joya arquitectónica ubicada en una de las zonas más tranquilas y accesibles de Carabayllo. Disfruta de la comodidad y la privacidad que te mereces en un entorno seguro y amigable. No dejes pasar la oportunidad de ser el dueño de este elegante y acogedor hogar. ¡Te esperamos para descubrirlo! R. U. C Ver datos|https://urbania.pe/inmueble/clasificado/veclcain-venta-de-casa-en-carabayllo-lima-4-dormitorios-149147565?n_src=Listado&n_pills=%C3%81rea+de+lavander%C3%ADa&n_pg=2&n_pos=17|2026-03-18
urbania|casas|venta|Lima Norte|Carabayllo|"Los Cedros
Carabayllo, Lima"|"S/ 283,260 · USD 86,000
9%"|283260|86000|9%||"135 m² tot.
3 dorm.
2 baños"|135|3|2||¿Buscas una propiedad con potencial de crecimiento o el hogar ideal para tu familia? Esta es tu oportunidad. Vendo casa unifamiliar de 1 piso con cimientos proyectados para 3 niveles, ubicada en una zona totalmente urbanizada y segura de Carabayllo. *Contáctate con Bertha Tufino 9. 0. 2. 6. 1. 0. 2. 5. 9* Distribución _ primer piso. La vivienda unifamiliar cuenta con: - Sala comedor. - 3 habitaciones. - 2 baño. - Depósito pasadizo. - Lavandería. - Cocina. - Baño de visita. Bases y Cimentación para 3 pisos. Documentos en regla. Precio: us$ 93, 000. 00. *Ubicación estratégica. * Espalda de la municipalidad de carabayllo a media cuadra. *Espalda del parque manco capac. * A 5 minutos del colegio Juan Pablo peregrino. * A una cuadra del mercado mayorista del tambo y el valle. * A una cuadra de Av. Tupac. ¡Todo lo que necesitas para vivir de la mejor manera! No pierdas la oportunidad. Contáctanos ahora para más información y agendar una visita. *Contáctate con Bertha Tufino 9. 0. 2. 6. 1. 0. 2. 5. 9*|https://urbania.pe/inmueble/clasificado/veclcain-venta-de-casa-en-carabayllo-lima-3-dormitorios-148663046?n_src=Listado&n_pills=%C3%81rea+de+lavander%C3%ADa&n_pg=2&n_pos=18|2026-03-18
urbania|casas|venta|Lima Norte|Carabayllo|"Carabayllo-cerca al Cruce de las Avenidas Universitaria y Camino Real
Carabayllo, Lima"|S/ 490,000 · USD 138,000|490000|138000|||"150 m² tot.
7 dorm.
4 baños
1 estac."|150|7|4|1|Casa en esquina Ubicado cerca al cruce de las avenidas Universitaria y Camino Real en el distrito de Carabayllo. A pocos metros del Mercado Mayorista 3 Regiones y de locales comerciales y de buenos colegios de la zona. A. T: 150. 70 M2A. O: 285. 30 M2 Piso 1: Cochera, patio, 1 baño completo, 1 dormitorio amplio, 1 cocina. Aparte hay un mini departamento ( sala comedor amplio, 2 dormitorios, 1 baño completo, cocina y lavandería). Piso 2: 2 dormitorios amplios (uno con balcón y con baño completo dentro), 1 baño completo, cocina. Aparte hay un mini departamento ( sala comedor con balcón, 2 dormitorios, un baño completo, cocina y lavandería). Piso 3: Existe una construcción a medio construir en casco, solo para poder techar y poner los acabados. Documentos en regla, listo para vender.|https://urbania.pe/inmueble/clasificado/veclcain-venta-de-casa-en-carabayllo-lima-5-a-mas-dormitorios-146681874?n_src=Listado&n_pills=%C3%81rea+de+lavander%C3%ADa&n_pg=2&n_pos=19|2026-03-18
urbania|casas|venta|Lima Norte|Carabayllo|"Urb Villa Club Etapa 4, Mz. V Lt. 09, Carabayllo
Carabayllo, Lima"|S/ 200,235 · USD 57,210|200235|57210|||"120 m² tot.
5 dorm.
2 baños"|120|5|2||Casa de 120 m² con Dos Departamentos Independientes – Ideal para Vivir y Generar IngresosExcelente oportunidad de inversión. Propiedad de 120 m² de terreno actualmente dividida en dos departamentos independientes, ideal para familias que desean vivir y alquilar, o para inversionistas que buscan generar renta inmediata. La vivienda cuenta con tanque de agua instalado y solicitud de gas natural, brindando mayor comodidad y proyección de valorización. Departamento Lado Derecho (2 Niveles) Esta unidad cuenta con primer piso construido y acceso al segundo nivel. Primer Piso3 dormitorios1 dormitorio ideal para cama de plaza y media + velador2 dormitorios amplios para cama de 2 plazas con espacio para roperoSala y comedor integradosCocina ubicada en la parte posterior1 baño completoSegundo PisoÁrea de lavanderíaEspacio libre cercado con parapeto de aproximadamente 1 metro de altura, ideal como área de tendido o futura ampliación. Departamento Lado Izquierdo (1 Nivel) Departamento de un solo nivel con techo de ladrillo y cemento, listo para personalizar o terminar acabados. 2 dormitorios amplios1 baño completoSala, comedor y cocina tipo americano en el área frontal, creando un ambiente integrado y funcional. Características Destacadas2 departamentos independientes en una sola propiedadIdeal para vivir en uno y alquilar el otroTanque de agua instaladoSolicitud de gas naturalExcelente opción para familias o inversionistasUna propiedad con gran potencial para vivienda multifamiliar o generación de ingresos. T. C. 3. 50Tipo de cambio referencial, sujeto a variación diaria por fluctuación del mercado|https://urbania.pe/inmueble/clasificado/veclcain-venta-de-casa-en-carabayllo-lima-5-a-mas-dormitorios-149236663?n_src=Listado&n_pills=%C3%81rea+de+lavander%C3%ADa&n_pg=2&n_pos=20|2026-03-18
urbania|casas|venta|Lima Norte|Carabayllo|"Parque Perú Japon, Carabayllo 15319, Perú
Carabayllo, Lima"|S/ 156,600 · USD 45,000|156600|45000|||"120 m² tot.
2 dorm.
1 baño"|120|2|||¡Oportunidad única de inversión en Carabayllo! Terreno de 90m² a solo 3 casas de la avenida principal ¿Buscas invertir en una zona con alto crecimiento y excelente ubicación? ¡Este terreno es para ti! Ubicación privilegiada: A solo 3 casas de la avenida principal, continuación de Av. Túpac Amaru. Con fácil acceso a transporte público, comercios, colegios y todos los servicios que necesitas para vivir o emprender. Características del inmueble: Área de terreno: 90 m²Construcción actual: Casa de 1 piso (se vende como valor de terreno) Cuenta con agua, luz y gas naturalCon pistas y veredas ya habilitadas Documentación en regla: El terreno cuenta con partida registral y el título de propiedad está en trámite avanzado. ¡Una inversión segura y con respaldo legal! Ideal para construir la casa de tus sueños, un negocio o proyecto multifamiliar en una zona con gran proyección de desarrollo. Precio de oportunidad: $45, 000¡No dejes pasar esta increíble oferta! Contacta ahora y asegura tu terreno en una de las zonas con mayor crecimiento de Lima Norte. R. U. C Ver datos|https://urbania.pe/inmueble/clasificado/veclcain-venta-de-casa-en-carabayllo-lima-2-dormitorios-148064884?n_src=Listado&n_pg=2&n_pos=21|2026-03-18
urbania|casas|venta|Lima Norte|Carabayllo|"Los Girasoles, Carabayllo 15122, Perú
Carabayllo, Lima"|S/ 280,000 · USD 83,333|280000|83333|||"160 m² tot.
3 baños
1 estac."|160||3|1|Se vende casa de 2 pisos con finos acabados. urbanización la planicie 2da etapa- carabayllooprtunidad única para ser propietario, te presento esta hermosa casa de 2 pisosesta propiedad es ideal para quienes buscan crecer en un entorno ordenado{ seguro Y con areas verdes que realmente se disfrutandistribucion perfecta para tu familia.. nota: venta al contadoprimer Piso: Patio DelanteroPatio traseroamplia sala -Comedor1 cocina estilo Americano1 habitación1 Baño CompletoCochera1 Escalera de Madera con estructura de Metal. Segundo Piso: 1 Habitación principal Con Baño Grande2 habitaciones 1 con Walkin Closet grande1 habitación secundario1 Baño Completo GrandeArea de lavanderiaBalcónseguridad 24/7Condominio Amplio y Organizadojuegos para niñosparques Y jardines ampliosubicacion estrategica: Fácil acceso a avenidas principales y transporte públicoA 3 minutos de la dirincria 10 minutos de la avenida tupac amarua 15 minutos de la venida universitariaa 10 minutos de plaza vea de puente piedrasi buscas una propiedad lista para mudarte, dentro de un entorno residencial consolidado Y con todo A tu alcance esta es tu oportunidadr. U. C Ver datos|https://urbania.pe/inmueble/clasificado/veclcain-venta-de-casa-en-carabayllo-lima-149224775?n_src=Listado&n_pills=Seguridad&n_pg=2&n_pos=22|2026-03-18
urbania|casas|venta|Lima Norte|Carabayllo|"Santo Domingo
Carabayllo, Lima"|S/ 555,000 · USD 150,000|555000|150000|||"220 m² tot.
5 dorm.
3 baños
1 estac."|220|5|3|1|Esta casa esta lista para que te mudes con tu familiaVivir en una urbanización tranquila y segura es lo que las familias buscan. Esta ubicado en una zona urbanizada, donde cuenta con colegios, cadenas de boticas, bancos, restaurantes, parques. Área Terreno: 144, 00 m2Área Construida: 220, 00 m2Si deseas mas información, escríbeme a mi WhatsAppT. C. 3. 50Tipo de cambio referencial, sujeto a variación diaria por fluctuación del mercado|https://urbania.pe/inmueble/clasificado/veclcain-venta-de-casa-en-carabayllo-lima-5-a-mas-dormitorios-145081139?n_src=Listado&n_pg=2&n_pos=23|2026-03-18
urbania|casas|venta|Lima Norte|Carabayllo|"Villa Club Carabayllo 2
Santa Maria Villa Club Et.1, Carabayllo"|S/ 223,807 · USD 63,000|223807|63000||85|"100 m² tot.
3 dorm.
3 baños
1 estac."|100|3|3|1|Casa en venta de 2 pisos con terraza construidos con servicios básicos y documentos saneados. 200 m2 de Área de Terreno600 M2 de área ConstruidaZonificación: rdmparámetros para 2 pisos + TerrazaDescripción: 3 Habitaciones3 BañoPiso parquet, laminado, etc. 1 Estacionamiento9 años de AntigüedadPrimer piso: -Sala de entretenimiento-1 Baños de visita-Sala comedor-Cocina-Patio con jardínSegundo piso: -3 Habitaciones-2 BañosTercer piso: -terrazaUbicación: - En condominio Villa Club 1- A 5 min de la Plaza San Pedro- A 5 min de la Av. Santa María- A 15 min de la Panamericana Norte- A pocas cuadras de la Comisaria Santa MaríaPrecio: us$ 80, 000. (*) La propiedad se encuentra saneada, inscrita en Registros Públicos y con título de propiedad (si no tiene cargas y tiene número de partida electrónica en la sunarp) R. U. C Ver datos|https://urbania.pe/inmueble/clasificado/veclcain-venta-de-casa-en-santa-maria-villa-club-et1-carabayllo-3-dormitorios-66751960?n_src=Listado&n_pills=Jard%C3%ADn&n_pg=2&n_pos=24|2026-03-18
urbania|casas|venta|Lima Norte|Carabayllo|"Jirón Maria Parado de Bellido 100
Carabayllo, Lima"|S/ 270,400 · USD 80,000|270400|80000|||"210 m² tot.
8 dorm.
3 baños"|210|8|3||Ocasión venta de casa de 2 pisos en carabaylloprecio de la propiedad: Ver datos dólares ¡Oportunidad única! ? *Se vende casa de 2 pisos en el sector de Raúl Porras Barnechea, Carabayllo*. Características del terreno: - *Superficie*: 130. 34 m2Primer piso: 02 dormitorios: Sala, comedor Cocina: (cerrada) y área de lavandería 01 bañoSegundo piso: 2 departamentos con 3 habitaciones y un baño - *Servicios*: Cuenta con servicio de agua y luz*Ubicación estratégica*: - A solo 1 cuadra de la Avenida Tupac Amaru de Carabayllo. - Al frente del parque público del Club Metropolitano Manco Cápac Altura del Km. 18 de la Av. Túpac Amaru, perfectos para disfrutar de la naturaleza y el aire libre y cerca a la Municipalidad distrital de Carabayllo. - Cerca de bodegas y comercios de todo tipo, lo que facilita las compras diarias¡No pierdas esta oportunidad! Para más información, no dudes en contactarnos. cuenta con documentos inscritos en la sunarp R. U. C Ver datos|https://urbania.pe/inmueble/clasificado/veclcain-venta-de-casa-en-carabayllo-lima-5-a-mas-dormitorios-149218968?n_src=Listado&n_pills=Jard%C3%ADn&n_pg=2&n_pos=25|2026-03-18
urbania|casas|venta|Lima Norte|Carabayllo|"Urb.la Arboleda 2da Etapa Mz A-1 Lote 50 - Carabayllo
La Arboleda Et.1, Carabayllo"|S/ 330,000 · USD 90,000|330000|90000|||"126 m² tot.
6 dorm.
4 baños
1 estac."|126|6|4|1|Venta de Casa Dos Pisos Urb. La Arboleda ii etapa, frente A parque. Carabayllo¡Tu Nueva Casa frente A parque Te Espera en Carabayllo! Precio Insuperable - ¡No dejes pasar esta oportunidad! ¡vive en un piso Y el otro alquilalo Y ayudate con la cuotas del credito ¡Características destacadas: Tienes Una casa de dos Pisos con Dos Departamentos listos para habitar. Proyección para 5 pisos1er Piso un área de 102. 5m2 aprox. Escalera al 2do Piso, pasadizo, cochera. Sala AmpliaIdeal para tus reuniones y momentos de descanso. Cocina IndependientePerfecta para disfrutar de tus recetas favoritas. 3 Dormitorios Incluye Un (1) Dormitorio Principal con Baño Privado y patio. Espacios amplios y cómodos para toda la familia. 1 Baño Completo compartidoComodidad y privacidad para todos. LavanderíaEspacio funcional para tus tareas del hogar. Tiene Tanque de agua cisterna con bomba hidroneumáticaServicio de Electricidad2do Piso un área de 102. 5m2 aprox. Distribución idéntica al 1 er piso, sin ccochera. azotea con escalera que vien del 2do piso, pasadizo y terraza. acceso cons transporte publico por Nuevo puente San Martin. En 10 Minutos llega a la estacion del Chimpu Ocllo del Metropolitano y rutas aAlimentadoras, asi como al cruce de Universitaria con Av. Chimpu Ocllo donde encuentras movilidad a todo lima y Callao, A 20 minutos del Puerto Chancay 121% comprometidos en brindarte un servicio de excelencia.|https://urbania.pe/inmueble/clasificado/veclcain-venta-de-casa-en-la-arboleda-et1-carabayllo-5-a-mas-dormitorios-147536922?n_src=Listado&n_pills=%C3%81rea+de+lavander%C3%ADa&n_pg=2&n_pos=26|2026-03-18
urbania|casas|venta|Lima Norte|Carabayllo|"Av. U, Mz. E, Lt. 26, Carabayllo 15318, Perú
Carabayllo, Lima"|S/ 717,500 · USD 205,000|717500|205000|||"279 m² tot.
5 dorm.
4 baños
1 estac."|279|5|4|1|-Se vende casa comercial de 260 mt2. Aprox., en Carabayllo-Muy buena ubicación y frente a un colegió a 300 metros del paradero Bayóvar-Cuenta con 5 locales comerciales listas para su uso, mantiene una base para 5 pisossepare su citaT. C. 3. 50Tipo de cambio referencial, sujeto a variación diaria por fluctuación del mercado|https://urbania.pe/inmueble/clasificado/veclcain-venta-de-casa-en-carabayllo-lima-5-a-mas-dormitorios-147842487?n_src=Listado&n_pg=2&n_pos=27|2026-03-18
urbania|casas|venta|Lima Norte|Carabayllo|"Villa Club 2
Carabayllo, Lima"|S/ 317,050 · USD 85,000|317050|85000|||"150 m² tot.
3 dorm.
3 baños
1 estac."|150|3|3|1|Estas en busca de un hogar propio?, tenemos un linda casa de dos pisos mas azotea, ubicada al costado de un parque, cuenta con una cochera interna, con sus espacios bien distribuidosSalaComedorCocinaBaño de visita en primer pisoTres habitaciones en el segundo piso mas un bañoLa habitacion matrimonial cuenta con un baño incorporado mas un espacio para closetLa azotea esta construida con un diseño en madera caoba, con lavanderia y tendalAntiguedad de 5 añosEste condominio cuenta con vigilancia las 24 horas de dia, internamente cuenta espacios como cancha de deporte, piscina para niños, piscina para adultos, salon de recepciones, areas verdes, restaurates, bodegasa 5 minutos del Ovalo de Puente Piedra, Plava Vea, TottusConoce estos hermosos y seguros CondominiosAgenda y visita con tu famiiaR. U. C Ver datos|https://urbania.pe/inmueble/clasificado/veclcain-venta-de-casa-en-carabayllo-lima-3-dormitorios-147968827?n_src=Listado&n_pills=Piscina&n_pg=2&n_pos=28|2026-03-18
urbania|casas|venta|Lima Norte|Carabayllo|"Urb Torreblanca III Etapa
Carabayllo, Lima"|S/ 366,300 · USD 99,000|366300|99000|||"120 m² tot.
3 dorm.
5 baños
1 estac."|120|3|5|1|Ubicación: Km 24 Túpac Amaru, frente a parque y losa deportiva. Cerca de colegios (Newton, Sto. Domingo), Mercado Torre Blanca y el último paradero de los chinos de Torre Blanca. Características: 1er Piso: Sala comedor amplia con grandes ventanas que brindan excelente iluminación natural. Cocina espaciosa con reposteros altos y bajos. Estacionamiento propio. Local comercial ideal para negocio. 2do Piso: Sala comedor, habitación principal con baño, dos habitaciones (una con baño), un baño. 3er Piso: Construcción de una cocina con lavandería, una habitación, un baño, área libre. ¡Gran oportunidad de inversión! Casa con potencial para vivienda y negocio en una zona estratégica con alta demanda. Contáctanos para más información o agendar una visita! T. C. 3. 70Tipo de cambio referencial, sujeto a variación diaria por fluctuación del mercado|https://urbania.pe/inmueble/clasificado/veclcain-venta-de-casa-en-carabayllo-lima-3-dormitorios-146094151?n_src=Listado&n_pills=%C3%81rea+de+lavander%C3%ADa&n_pg=2&n_pos=29|2026-03-18
urbania|casas|venta|Lima Norte|Carabayllo|"LOS Ficus DE Carabayllo - LOS Portales
Los Ficus De Carabayllo, Carabayllo"|S/ 465,500 · USD 139,000|465500|139000|||"260 m² tot.
4 dorm.
2 baños
2 estac."|260|4|2|2|¡Gran oportunidad de inversión en Carabayllo Descubre esta propiedad con excelente proyección de valorización, ubicada a pocos metros de la Av. José Saco Rojas, y a solo 10 minutos del mercado Huamantanga, con fácil acceso por Universitaria y Panamericana Norte. - Ubicación estratégica + potencial constructivoTerreno total: 150 m²Área construida en casco: 318 m² (156 m² primer piso acabados y 162 m² segundo piso casco). - Detalles técnicos: Construcción reciente en casco estructural y con planos, lista para personalizar con tus acabados. Sin declaratoria de fábrica, por lo que el valor ha sido ajustado (ideal para inversionistas que buscan rentabilidad al regularizar). Propiedad totalmente saneada, libre de cargas e hipotecas. - Ventajas: -Precio competitivo frente al mercado actual. - Alta proyección de valorización por la ubicación. - Ideal para familias que desean construir su hogar o inversionistas que buscan ampliar su portafolio inmobiliario. - ¡Agenda tu visita hoy mismo y conoce esta excelente oportunidad!|https://urbania.pe/inmueble/clasificado/veclcain-venta-de-casa-en-los-ficus-de-carabayllo-carabayllo-4-dormitorios-149086008?n_src=Listado&n_pg=2&n_pos=30|2026-03-18
urbania|casas|venta|Lima Norte|Carabayllo|"Manzana U Lote 14 Lote 14
Carabayllo, Lima"|S/ 1,221,000 · USD 330,000|1221000|330000|||"320 m² tot.
7 dorm.
6 baños
1 estac."|320|7|6|1|Id: 3 6 8 8 3 Esta impresionante casa, ubicada entre la Av. Trapiche y la Av. Universitaria, te ofrece la combinación perfecta de comodidad, seguridad y accesibilidad. A solo tres cuadras de la nueva estación Chimpu Ocllo del Metropolitano, tendrás un transporte rápido y eficiente a tu disposición, mientras que la cercanía al reconocido Centro Comercial Qatuna y los mejores colegios de la zona la convierten en una opción ideal para familias. Características principales: - Área total: 120 m² (frente: 6 ml, fondo: 20 ml) - Área construida: 320. 20 m² - Zonificación: Residencial - Servicios básicos: Agua, luz, desagüe y gas natural al 100% - Título de propiedad: Completos y libres de gravamen, listos para la transferencia. Precio: us$360, 000 (negociable) Distribución de la casa: Primera planta: - Cochera techada para un vehículo, brindando mayor protección. - Amplia sala-comedor para disfrutar de momentos familiares. - Cocina tipo kitchenet, práctica y funcional. - 1 baño completo con ducha y terma. - Cuarto de estudio, ideal para trabajar o estudiar en casa. - Lavandería para mayor comodidad. - Beneficios adicionales: - Gas natural habilitado. - Escalera interna que conecta todos los pisos. - Escalera en espiral directo al tercer piso. - Intercomunicador con cámara para mayor seguridad. - Cámara de seguridad en la calle y cerco eléctrico. Segunda planta: - 1 habitación principal amplia con baño completo (ducha con terma) para mayor privacidad. - 3 habitaciones adicionales, cada una con baño completo incorporado (duchas con terma). - 1 compacta sala de estar, perfecta para relajarse. Tercera planta: - 2 cómodas habitaciones con baño compartido. - 1 lavandería adicional. - Amplia azotea multipropósito con parapeto, ideal para reuniones familiares o disfrutar de las vistas. Esta casa de 3 pisos y azotea te ofrece un espacio versátil y funcional, diseñado para satisfacer las necesidades de una familia moderna. Con una distribución inteligente y acabados de calidad, esta propiedad es una oportunidad única en una zona residencial privilegiada. 121% comprometidos en brindarte un servicio de excelencia.|https://urbania.pe/inmueble/clasificado/veclcain-venta-de-casa-en-carabayllo-lima-5-a-mas-dormitorios-147503683?n_src=Listado&n_pills=%C3%81rea+de+lavander%C3%ADa&n_pg=3&n_pos=1|2026-03-18
urbania|casas|venta|Lima Norte|Carabayllo|"Aahh Caller Hermosa Carabayllo
Carabayllo, Lima"|S/ 235,300 · USD 65,000|235300|65000|||"315 m² tot.
7 dorm.
5 baños"|315|7|5||Se vende casa de 3 pisos en carabayllowh 9. 2. 9. 0. 1. 1. 9. 0. 9ubicación CarabaylloA un paso del Óvalo ZapallalA 2 minutos del Valle HermosoA pocos minutos del mercado Santa Rosatu futura casacasa moderna y ampliaUbicada en esquina3 pisosÁrea de terreno: 105 m²Área construida: 305 m²distribución1er PisoSala comedorCocina con gas Cálidda3 habitaciones2 baños2do Piso (en casco para terminar) Sala comedorCocina con gas Cálidda4 habitaciones3 baños3er Piso (en casco para techar) inversiónus$ 65, 000Venta mediante contrato de posesión vía notarial¡Múdate a Carabayllo y disfruta de tu nuevo hogar! Número de contacto: Silvia Guevara 9. 2. 9. 0. 1. 1. 9. 0. 9. R. U. C Ver datos|https://urbania.pe/inmueble/clasificado/veclcain-venta-de-casa-en-carabayllo-lima-5-a-mas-dormitorios-146607901?n_src=Listado&n_pg=3&n_pos=2|2026-03-18
urbania|casas|venta|Lima Norte|Carabayllo|"Guillermo Billinghurst
Carabayllo, Lima"|S/ 550,800 · USD 162,000|550800|162000|||"398 m² tot.
10 dorm.
7 baños"|398|10|7||"Venta de casa de 4 pisos – carabayllo | ideal para vivienda Y negociose vende amplia casa de 4 pisos, con 11 años de antigüedad, ubicada en Carabayllo, a pocos metros de avenidas principales como Av. Universitaria, con excelente conectividad y alto potencial comercial y residencial. distribución: primero piso – Local comercial: Ideal para negocio propio o renta inmediataAmplio Local comercial independiente2 bañossegundo piso: Sala – comedor ampliaCocina americana4 dormitorios (Dormitorio principal con jacuzzi) 2 bañosZona de lavanderíaBalcóntercer piso: Sala – comedor ampliaCocina americana4 dormitorios2 baños completosZona de lavanderíacuarto piso: Sala – comedor ampliaCocina americana2 dormitorios1 baño completoZona de lavanderíacaracterísticas adicionales: Pisos superiores con conexión a gas naturalExcelente iluminación y distribuciónIdeal para familia numerosa, alquiler por pisos o proyecto multifamiliarZona con comercios, transporte y servicios cercanosUbicación estratégica en zona de alta demanda residencial y comercial. Contáctame para más información o para agendar una visita. Consultar con el Agente Inmobiliario encargado para mayor información Ver datos."|https://urbania.pe/inmueble/clasificado/veclcain-venta-de-casa-en-carabayllo-lima-5-a-mas-dormitorios-148556547?n_src=Listado&n_pills=%C3%81rea+de+lavander%C3%ADa&n_pg=3&n_pos=3|2026-03-18
urbania|casas|venta|Lima Norte|Carabayllo|"Urbanizacion Torre Blanca
Carabayllo, Lima"|S/ 444,000 · USD 120,000|444000|120000|||"120 m² tot.
4 dorm.
3 baños"|120|4|3||Tu Nuevo Hogar en Carabayllo – Casa de 2 Pisos en Torre Blanca, Lista para HabitarAmplia y funcional casa de dos pisos ubicada en la Urbanización Torre Blanca, una zona residencial tranquila y con excelente conectividad en Carabayllo. Perfecta para familias que buscan comodidad, buen espacio y una ubicación estratégica. Áreas: Área de terreno: 120 m²Área construida total: 224 m²? Primer piso: 110 m²? Segundo piso: 114 m²Distribución de ambos pisos: Cada piso cuenta con: Dormitorio principal con baño incorporado3 dormitorios adicionales2 baños completosSala comedor ampliaCocinaLavanderíaPatio para tender ropa (solo en el primer piso) Documentación y condiciones: Partida registral independienteDocumentos en reglaListo para habitarUbicación estratégica: Cerca de avenidas principales, colegios, mercados, transporte público y todo lo que tu familia necesita. Casa ideal para familias que desean vivir con tranquilidad y proyectarse a futuro en una propiedad sólida y bien ubicada. Agenda tu visita hoy mismo y conoce tu próxima casa! T. C. 3. 50Tipo de cambio referencial, sujeto a variación diaria por fluctuación del mercado|https://urbania.pe/inmueble/clasificado/veclcain-venta-de-casa-en-carabayllo-lima-4-dormitorios-146956472?n_src=Listado&n_pills=%C3%81rea+de+lavander%C3%ADa&n_pg=3&n_pos=4|2026-03-18
urbania|casas|venta|Lima Norte|Carabayllo|"- Urbanización El Doral Mz 36 Lt 2 - Torre Blanca - Carabayllo
El Dorado, Carabayllo"|S/ 368,500 · USD 110,000|368500|110000|||"160 m² tot.
4 dorm.
2 baños
1 estac."|160|4|2|1|Vendo casa de 90 M2 en torreblanca carabayllo. entorno. - Se encuentra cerca de Av. Tupac Amaru. - Se encuentra cerca de la Tienda Mayorista vega de abarrotes. - Se encuentra cerca a la carretera a Canta. - Se encuentra cerca del Colegio Villa Veritas School. caracteristicas. - Área Terreno 90 m2. - Área Construida 160 m2. - Ubicado cerca de un parque. - Cuenta con 3 pisos. Distribucion. - Amplia y acogedora sala-comedor. - Cocina amplia con muebles altos y bajos. - 4 dormitorios. - 2 Baños y 1 medio baño. - Lavandería. - Cuenta con un espacio como sala de descanso. - Casa bien iluminada. - Cochera amplia. - Jardín interno. - Aires techado, espacio extra para estar. Ubicación. - Urbanización El Doral Mz 36 Lt 2 - Torre Blanca - Carabayllo. referencia. - Altura del Grifo T - Dura. Documentacion en regla lista para comprar Y vivir. precio $ 110 mil dolares. contacto: mario liendo. cel: 9-4-9-3-0-1-9-1-5|https://urbania.pe/inmueble/clasificado/veclcain-venta-de-casa-en-el-dorado-carabayllo-4-dormitorios-147116545?n_src=Listado&n_pills=Jard%C3%ADn&n_pg=3&n_pos=5|2026-03-18
urbania|casas|venta|Lima Norte|Carabayllo|"villa club carabayllo
Carabayllo, Lima"|S/ 826,600 · USD 180,000|826600|180000|||"230 m² tot.
8 dorm.
6 baños
1 estac."|230|8|6|1|Descubre esta amplia y moderna casa de 3 pisos + azotea, ubicada en el exclusivo condominio cerrado Villa Club, una de las zonas residenciales de mayor crecimiento y valorización en Lima Norte. Características principales: ️ 8 habitaciones amplias y bien iluminadas. 6 baños completos + 2 medios baños. ️ Sala – comedor espaciosa. Cocina funcional con buena distribución. Azotea lista para parrilla, lavandería o área social. 1 cochera con acceso directo. Beneficios del condominio: ♂️ Seguridad 24/7 y acceso controlado. Áreas comunes y ambiente familiar. Servicios de luz y agua independientes. ️ Fácil acceso a Av. Universitaria, Panamericana Norte y centros comerciales️ Ideal para: Familias numerosas que buscan comodidad y seguridad. Inversionistas que deseen generar ingresos por alquiler (posibilidad de independizar pisos) ¡Vive con tranquilidad y plusvalía asegurada en Lima Norte! Observación: - Declarado en autovaluó y copia literal 48. 10 m de construcción, sin embargo, se encuentra en proceso de declaración de fabrica.|https://urbania.pe/inmueble/clasificado/veclcain-venta-de-casa-en-carabayllo-lima-5-a-mas-dormitorios-147677724?n_src=Listado&n_pills=Cerca+a+colegios&n_pg=3&n_pos=6|2026-03-18
urbania|casas|venta|Lima Norte|Carabayllo|"Calle las Frambuesas
Carabayllo, Lima"|S/ 800,650 · USD 239,000|800650|239000|||"300 m² tot.
9 dorm.
8 baños"|300|9|8||Casa con locales comerciales en avenida Y esquina – urb. Esmeralda, carabayllo. Excelente oportunidad de inversión inmobiliaria con ingresos mensuales asegurados, ubicada en avenida principal y esquina, en la Urbanización Esmeralda – Carabayllo. Primer piso – zona comercial. ️ 3 locales comerciales. 1 local principal en esquina (ideal para pollería, cuenta con horno ecológico casi nuevo) 2 locales adicionales, uno a cada lado de la calle. Cada local cuenta con medidor de luz independiente. Baño completo en cada local. Ingreso mensual por alquiler: S/ 2, 200. segundo piso – departamento de 100 m² Amplio y cómodo departamento que incluye: Sala comedor espaciosa ️️ Cocina semi abierta. 3 dormitorios ️ 2 baños completos + 1 medio baño. Lavandería independiente. Alquiler mensual: S/ 900. tercer piso – 2 departamentos. Cada departamento cuenta con: Sala comedor. Cocina abierta. 2 dormitorios. 1 baño completo. Ingreso total mensual: S/ 1, 000. Detalles adicionales: Gas cálidda independiente en los departamentos. ️ Puertas contraplacadas en todos los departamentos y en el ingreso independiente desde la calle. ️ Pozo a tierra. ️ Excelente distribución y accesos independientes. Ubicación estratégica: Se encuentra en la avenida 3. A media cuadra del colegio Argentina 2050 (primaria y secundaria) A 5 minutos de la comisaría. A pocos metros del Centro de Salud San Pedro. Cuenta con título de propiedad – lista para transferencia. inversión: $238, 000. No dejes pasar ésta oportunidad. Ideal para inversionistas que buscan alta rentabilidad y ubicación comercial privilegiada. ¡Agenda tu visita y no dejes pasar esta oportunidad!|https://urbania.pe/inmueble/clasificado/veclcain-venta-de-casa-en-carabayllo-lima-5-a-mas-dormitorios-148709638?n_src=Listado&n_pills=%C3%81rea+de+lavander%C3%ADa&n_pg=3&n_pos=7|2026-03-18
urbania|casas|venta|Lima Norte|Carabayllo|"Carabayllo
Raul Porras Barrenechea, Carabayllo"|S/ 1,287,566 · USD 385,000|1287566|385000|||"647 m² tot.
9 dorm.
6 baños"|647|9|6||Oportunidad única de inversión – activo comercial en funcionamientooasis de carabayllocentro Recreativo + Sauna y Sala de masajes + Hospedajetodo en actual funcionamientocarabayllo – Lima NorteSe ofrece en venta exclusivo activo comercial en pleno funcionamiento, con 20 años de posicionamiento en el mercado, ideal para inversionistas, operadores del rubro wellness, hotelero o recreativo que buscan flujo inmediato y alta rentabilidad. ubicacion: Raúl Porras Barrenechea, Carabayllo, zona con alta demanda y crecimiento sostenido. Doble ingreso a la propiedad, lo que incrementa su valor comercial y operatividad. descripción del inmueble: Área terreno: 371 m²Area Construida 647 m²Distribución: 3 pisos + azoteaUso actual: Centro recreativo, academia de natación, sauna &amp;amp; masajesy hospedaje amobladoinfraestructura especializada (difícil de replicar) 2 piscinas temperadas (adultos y niños) Academia de natación en funcionamiento3 cámaras de vapor2 cámaras secas (sauna) Cuarto de masajes2 áreas de lockers7 duchas6 baños + vestidoresÁrea de entretenimiento (mesa de billar y futbolín) Recepción y hall de esperaTerrazas en segundo y tercer piso con vista a la piscinaBarra de atención, bar y cocina equipadaZona de luces, música y sonidoCuarto de almacén4 tanques de aguahospedaje amoblado incluido9 habitaciones en total4 habitaciones con jacuzzi y sauna integrado5 habitaciones simplesArea de lavanderíanegocio en marcha – ingresos comprobadosingreso promedio mensual: S/ 20, 000Flujo inmediato desde el primer díaDiversificación de ingresos (piscina, spa, hospedaje) Clientela fidelizada y operación activaideal para: Inversionistas que buscan rentabilidad inmediataOperadores de spa, wellness o turismoCadenas recreativas o hotelerasCompra patrimonial con negocio incluidoventa como activo integralvalor ajustado $385, 000. 00precio oportunidadconsulta y agenda una visita hoy mismo! augusto carbajalasesor inmobiliario re/max power9*1*7*8*2*0*5*1*7|https://urbania.pe/inmueble/clasificado/veclcain-venta-de-casa-en-raul-porras-barrenechea-carabayllo-5-a-mas-dormitorios-148708159?n_src=Listado&n_pills=Piscina&n_pg=3&n_pos=8|2026-03-18
urbania|casas|venta|Lima Norte|Carabayllo|"Venta de Amplia Casa en Carabayllo
Carabayllo, Lima"|S/ 278,000 · USD 75,000|278000|75000|||"130 m² tot.
10 dorm.
8 baños
1 estac."|130|10|8|1|Se vende amplia casa en Carabayllo - Asociacion los Robles de Condevilla130 mts10 dormitorios8 bañoscocherasala - comedortiene instalacion de gas naturalcerca a colegios, mercados, hospitales etcPrecio: 75. 000$ dolaresExcelente oportunidad para invertir! Mayor informacion comunicarse al 9. 1. 7. 3. 6. 2. 1. 9. 8|https://urbania.pe/inmueble/clasificado/veclcain-venta-de-casa-en-carabayllo-lima-5-a-mas-dormitorios-147331746?n_src=Listado&n_pg=3&n_pos=9|2026-03-18
urbania|casas|venta|Lima Norte|Carabayllo|"Parque Roble Carabayllo
Carabayllo, Lima"|S/ 459,000 · USD 135,000|459000|135000|||"167 m² tot.
4 dorm.
3 baños
2 estac."|167|4|3|2|Venta 459, 000 soles / 120 m2 terreno / 167M2 construido documentos en regla luz anita contáctame: *9*9*8*6*1*9*1*2*4* Venta de Casa frente a parque al Parque Los Robles en Carabayllo de 2 pisos a 2 cdras de la Av. Universitaria. La propiedad es de 120 m2 de terreno con una construcción de 167 m2, de 2 pisos, con proyección a 4 pisos. Excelente ubicación frente a parque con juegos para los pequeños de la casa. Está hermosa casa está ubicada en una zona muy tranquilla, cerca de colegios, avenidas, restaurantes y comercios distintos. A 3 cdras del Cruce la Av. Universitaria con la Av. Camino Real. La casa tiene 2 pisos En el Primer Piso: 2 Estacionamientos Sala y Comedor muy iluminadas y espaciosas Cocina Cerrada Con muebles altos y bajos muy espaciosa Área de lavandería Baño de visita Patio para bbq En el Segundo Piso 1 Dormitorio muy amplio con vista a la calle y Baño Completo. 3 habitaciones muy amplias para cama de 2 plazas. 1 baño Completo Sala de entretenimiento En el Tercer Piso Lavandería datos generales. Área de Terreno 120 m2 Área Construida 167. 40 m2. Parámetros hasta 4 piso según los cimientos iniciales de la casa. Gas Calidda Instalado Pisos de Cerámicos en toda la propiedad Documentos en Regla, se puede vender con Crédito Hipotecario. Precio de venta S/ 459, 000 soles!|https://urbania.pe/inmueble/clasificado/veclcain-venta-de-casa-en-carabayllo-lima-4-dormitorios-149241174?n_src=Listado&n_pills=%C3%81rea+de+lavander%C3%ADa&n_pg=3&n_pos=10|2026-03-18
urbania|casas|venta|Lima Norte|Carabayllo|"4XM5+5XV Parque 2 Sol 2
Carabayllo, Lima"|S/ 418,750 · USD 125,000|418750|125000|||"120 m² tot.
1 dorm.
1 baño
1 estac."|120|1||1|Casa urbana en venta — Carabayllo (casi nueva) Datos clave: - Pisos: 2 - Área de terreno: 120. 65 m² - Área construida: 120. 00 m² - Habitaciones: 1 - Baños: 1 - Estacionamientos: 1 - Antigüedad: 1 año Descripción breve y atractiva: Espacio moderno y funcional, ideal para quienes buscan una vivienda casi nueva con excelente aprovechamiento de metros. Distribución en 2 pisos que permite privacidad y posibilidades de ampliación o adaptar ambientes según tus necesidades. Excelente iluminación natural y ventilación por su diseño, además de estacionamiento propio para mayor comodidad. Perfecta como primera vivienda para una pareja o como oportunidad de inversión en una zona en crecimiento de Carabayllo. ¿Quieres conocerla? Agenda una visita y descubre su potencial en persona.|https://urbania.pe/inmueble/clasificado/veclcain-venta-de-casa-en-carabayllo-lima-1-dormitorio-147999681?n_src=Listado&n_pills=Cerca+a+colegios&n_pg=3&n_pos=11|2026-03-18
urbania|casas|venta|Lima Norte|Carabayllo|"Lote 36 Mz. O4 Urb. San Antonio de Carabayllo
San Antonio, Carabayllo"|S/ 254,000|254000||||"137 m² tot.
1 baño"|137||||El entorno donde se ubica el predio, cuenta con obras completas de infraestructura urbana, tales como pistas de asfalto, veredas de concreto, redes de agua potable, redes de desagüe, redes electicas de alumbrado público con servicio domiciliario y redes de servicio telefónico. En la mejor zona residencial de Lima Norte, Urbanización, San Antonio de Carabayllo. Con Fácil y rápido acceso a Av. Principales como: Av. Tres, Av. San Juan de Dios, Av. Colectora, Av. Universitaria, Av. Túpac Amaru, Panamericana Norte, entre otras. En zona residencial, cerca de Colegios, Parques y Lozas deportivas, Supermercados, Bancos, Clínicas, restaurantes, bodegas, Minimarkets, panaderías y otros|https://urbania.pe/inmueble/clasificado/veclcain-venta-de-casa-en-san-antonio-carabayllo-61898121?n_src=Listado&n_pills=Cerca+a+colegios&n_pg=3&n_pos=12|2026-03-18
urbania|casas|venta|Lima Norte|Carabayllo|"Calle LAS Margaritas E-06 Asociacion LA Estancia DE SAN Lorenzo
La Estancia De Carabayllo, Carabayllo"|S/ 301,000 · USD 86,000|301000|86000|||"160 m² tot.
3 dorm.
2 baños"|160|3|2||¡Venta de Casa en Carabayllo! Ubicación: CarabaylloAmplia y cómoda casa de 2 pisos con excelentes acabados1er Piso: 2 habitaciones (1 con baño privado) 1 baño de visitaSala - Comedor espaciosoSauna a vapor2do Piso: 1 habitación con baño privado1 baño de visitaSala - ComedorPrecio negociable|https://urbania.pe/inmueble/clasificado/veclcain-venta-de-casa-en-la-estancia-de-carabayllo-carabayllo-3-dormitorios-149260366?n_src=Listado&n_pills=Cuartos+de+servicio&n_pg=3&n_pos=13|2026-03-18
urbania|casas|venta|Lima Norte|Carabayllo|"villa club
Carabayllo, Lima"|S/ 215,000 · USD 64,200|215000|64200|||"76 m² tot.
3 dorm.
2 baños"|76|3|2||Hermosa casa de dos pisos en el exclusivo sector de Villa Club 5 Consta de 66. 82 metros cuadrados de área construida, con parámetros para 3 pisos distribuidos en tres amplios dormitorios, cocina, sala, comedor, lavandería, 2 baños, jardín al interior y exterior, cochera. La propiedad cuenta con una excelente ubicación, cerca de centros comerciales, parques y colegios. Condominio cerrado, servicio de seguridad 24 horas, a 15 minutos de Supermercados Plaza Vea, Tottus y Mercado Huamantanga. Documentos en regla. Puede ser por crédito hipotecario o fondos propios. Características: - 3 dormitorios amplios. - 2 baños. - Área de 76. 25 mt2. - Área construída 66. 82 mt2. - 2 pisos. - Parametros para 3 pisos. - Ubicación privilegiada en Villa Club etapa 5. Precio: 240 mil Soles, Negociable. Si estás interesado en conocer más sobre esta propiedad, no dudes en contactarnos. Estamos aquí para ayudarte a encontrar tu hogar soñado. ¡No te pierdas esta oportunidad única de vivir en uno de los mejores sectores de Carabayllo.|https://urbania.pe/inmueble/clasificado/veclcain-venta-de-casa-en-carabayllo-lima-3-dormitorios-148754795?n_src=Listado&n_pills=Seguridad&n_pg=3&n_pos=14|2026-03-18
urbania|casas|venta|Lima Norte|Carabayllo|"San Lorenzo de Carabayllo
San Lorenzo, Carabayllo"|S/ 199,500 · USD 57,000|199500|57000|||"120 m² tot.
3 dorm.
1 baño"|120|3|||Vive tranquilo en una zona en pleno crecimientoSe vende amplia casa de 120 m² ubicada en la Urbanización San Lorenzo de Carabayllo, ideal para familias o inversionistas que buscan plusvalía a corto plazo. Características del inmueble: Área de terreno: 120 m²Medidas: Frente 6 ml Derecha 20 ml Izquierda 20 mlFondo 6 ml Servicios básicos completos (agua, luz y desagüe). Documentación en regla, lista para transferencia. Ubicación estratégica: Cerca de Av. Túpac Amaru, Av. Universitaria y Av. Chimpu Ocllo. A minutos del Parque Zonal Túpac Amaru y mercados principales. Zona tranquila con rápido acceso al Metropolitano. Precio de venta: $ 58. 000. 00Listo para habitar o construir a tu medida. ¡Agenda tu visita hoy mismo! T. C. 3. 50Tipo de cambio referencial, sujeto a variación diaria por fluctuación del mercado|https://urbania.pe/inmueble/clasificado/veclcain-venta-de-casa-en-san-lorenzo-carabayllo-3-dormitorios-147143791?n_src=Listado&n_pg=3&n_pos=15|2026-03-18
urbania|casas|venta|Lima Norte|Carabayllo|"Villa Club 2
Carabayllo, Lima"|S/ 165,000 · USD 49,107|165000|49107|||"94 m² tot.
2 dorm.
1 baño"|94|2|||Los Condominios de la Villa Club cuenta con amplias areas verdes de parques y jardines, piscinas para niños y adultos, lozas deportivas, negocios varios, vigilancia permanente, el condominio es muy acogedor con un clima ideal para vivir, adquierelo para tu hogar o como inversion, a unos minutos del Ovalo de Puente Piedra, Mercado Huamantanga, Plaza Vea y mucho masCuenta con una ubicacion preferencial dentro del condominioArea de 94 m2EstacionamientoSala comedorCocina2 habitacionesAmplio patio con lavadero y tendalBaño de visitasEscalera para subir a la azoteaParamertros para 3 pisosServicios de luz y agua independientePuede solicitar gas naturalAdquierelo encompra al contado O con credito hipotecariocuenta con tituloAgenda tu visita y se, su nuevo propietarioContactameR. U. C Ver datos|https://urbania.pe/inmueble/clasificado/veclcain-venta-de-casa-en-carabayllo-lima-2-dormitorios-149127359?n_src=Listado&n_pills=Piscina&n_pg=3&n_pos=16|2026-03-18
urbania|casas|venta|Lima Norte|Carabayllo|"Calle LAS Margaritas E-06 Asociacion LA Estancia DE SAN Lorenzo
La Estancia De Carabayllo, Carabayllo"|S/ 301,000 · USD 86,000|301000|86000|||"160 m² tot.
3 dorm.
2 baños"|160|3|2||¡Venta de Casa en Carabayllo! Ubicación: CarabaylloAmplia y cómoda casa de 2 pisos con excelentes acabados1er Piso: 2 habitaciones (1 con baño privado) 1 baño de visitaSala - Comedor espaciosoSauna a vapor2do Piso: 1 habitación con baño privado1 baño de visitaSala - ComedorPrecio negociable|https://urbania.pe/inmueble/clasificado/veclcain-venta-de-casa-en-la-estancia-de-carabayllo-carabayllo-3-dormitorios-149260369?n_src=Listado&n_pills=Cuartos+de+servicio&n_pg=3&n_pos=17|2026-03-18
urbania|casas|venta|Lima Norte|Carabayllo|"Urbanización santa maria 5° etapa
Carabayllo, Lima"|S/ 284,000|284000||||"107 m² tot.
2 dorm.
1 baño
2 estac."|107|2||2|Propiedad en excelente ubicación dentro de la Urbanización Santa María 5ta etapa. Ideal para quienes buscan una casa sólida, con buena distribución y con la posibilidad de personalizar acabados según su propio estilo. Zona residencial, tranquila y en crecimiento, con acceso a transporte público, colegios, parques y mercados. Ubicación estratégica. Cerca de avenidas principales como: -Av. Santa María. -Av. Isabel Chimpu Ocllo. -Av. Túpac Amaru. -Av. Alameda Central. La casa cuenta con 107. 40 m² de terreno y 81. 08 m² construidos en el primer nivel. Posee parámetros aprobados para construir hasta 4 pisos y una escalera independiente hacia el segundo nivel, lo cual permite ampliar o desarrollar futuros proyectos familiares o inmobiliarios. Distribución. • Sala comedor con buena iluminación. • Cocina cerrada con gas natural instalado. • Dos dormitorios amplios. • Dos baños completos. • Lavandería y patio. • Dos estacionamientos internos. • Escalera independiente hacia el segundo piso. segundo piso. Una habitación en gris. La propiedad se encuentra inscrita en Registros Públicos, libre de hipotecas, cargas y gravámenes. Documentación en regla y apta para comprar al contado o mediante crédito hipotecario. **Se agendan visitas con anticipación y presentando carta de aprobación de crédito hipotecario (vigente). Informes y visitas: Diana Felipe Maza. 980. 501. 671|https://urbania.pe/inmueble/clasificado/veclcain-venta-de-casa-en-carabayllo-lima-2-dormitorios-148420452?n_src=Listado&n_pills=%C3%81rea+de+lavander%C3%ADa&n_pg=3&n_pos=18|2026-03-18
urbania|casas|venta|Lima Norte|Carabayllo|"Miguel Iglesias 160
Carabayllo, Lima"|S/ 450,900 · USD 135,000|450900|135000|||"219 m² tot.
6 dorm.
3 baños"|219|6|3||¡Descubre tu nuevo hogar a media cuadra de la Av Tupac Amaru! Esta hermosa casa de 2 pisos de número de habitaciones y baños está ubicada en el distrito de Carabayllo. Con amplios espacios llenos de luz natural, una cocina y un patio, cuenta con un área de 10 x 25 m2, es el lugar ideal para crear recuerdos inolvidables. Además, su proximidad a escuelas, parques y tiendas la convierte en una opción inmejorable para quienes buscan comodidad y calidad de vida. Descripción: 6 Habitaciones 3 Baños 1 Sala 1 Cocina y Comedor 1 Patio No dejes pasar esta oportunidad única. Imagina despertar cada día en un lugar que combina confort y estilo. Ven a visitarla y enamórate de cada rincón. ¡Contáctame para más información o para agendar una visita! Tu nuevo hogar te está esperando|https://urbania.pe/inmueble/clasificado/veclcain-venta-de-casa-en-carabayllo-lima-5-a-mas-dormitorios-145920545?n_src=Listado&n_pills=Cerca+a+colegios&n_pg=3&n_pos=19|2026-03-18
urbania|casas|venta|Lima Norte|Carabayllo|"4X9W+654 Carabayllo
Carabayllo, Lima"|S/ 301,500 · USD 90,000|301500|90000|||"80 m² tot.
5 dorm.
6 baños"|80|5|6||*R. U. C: 2. 0. 6. 0. 0. 1. 6. 2. 9. 9. 4* Razón Social: Constructora e Inmobiliaria Casa 21 S. A. C. ¡Gran oportunidad en Carabayllo! Se vende amplia casa de 4 pisos con 80m² de terreno, ideal para familias que buscan espacio, comodidad y una ubicación estratégica para crecer. La propiedad cuenta con ambientes bien distribuidos en cada nivel, perfectos para disfrutar y aprovechar al máximo cada metro cuadrado, ofreciendo un hogar versátil y con gran potencial. Compra solo al contado, la venta es con acciones Y derechos, lo que convierte esta oferta en una excelente opción para quienes buscan invertir de manera segura y práctica en una de las zonas con mayor proyección de Lima Norte. No dejes pasar esta oportunidad única de adquirir una casa de 4 pisos en Carabayllo, agenda tu visita hoy mismo y comienza a proyectar tu futuro en este inmueble lleno de posibilidades. *Contáctate con Rosario Mendoza 9. 9. 1. 9. 1. 7. 7. 5. 8. * - Área de 80m2. 1er Piso. - Local amplio de techo alto para negocio. - 1/2 Baño. 2do Piso. - Sala comedor. - Cocina. - 02 Dormitorio. - 03 Baño. - 1/2 Baño. 3er Piso. - 2 Dormitorios. - 2 Baños. 4to Piso. - Lavandería. - 01 Dormitorio. - 1 Baño. - Azotea. - Terraza. - Lavandería. - Tendal. - Parrilla. - Techo corredizo. Precio: us$ 90, 000. 00. ¡Todo lo que necesitas para vivir de la mejor manera! No pierdas la oportunidad. Contáctanos ahora para más información y agendar una visita. *Contáctate con Rosario Mendoza 9. 9. 1. 9. 1. 7. 7. 5. 8. *|https://urbania.pe/inmueble/clasificado/veclcain-venta-de-casa-en-carabayllo-lima-5-a-mas-dormitorios-147747798?n_src=Listado&n_pills=%C3%81rea+de+lavander%C3%ADa&n_pg=3&n_pos=20|2026-03-18
urbania|casas|venta|Lima Norte|Carabayllo|"santa maria carabayllo lote 36
Santa Maria, Carabayllo"|S/ 703,500 · USD 210,000|703500|210000|||"369 m² tot.
4 dorm.
4 baños"|369|4|4||Agente: Roberto Ampuero 9 8 2 # 0 3 1 # 1 6 0. Descubre esta espectacular casa de 4 niveles, ubicada en el Lote 36, Manzana F11, dentro de la reconocida Urbanización Santa María en Carabayllo. Un lugar donde la seguridad, el confort y el estilo se combinan para ofrecerte el hogar que siempre soñaste. Con un terreno de 90 m² y una construcción sólida y renovada de 369 m², esta propiedad destaca por su amplitud y diseño funcional: Primer nivel: ideal para recibir visitas, con un ambiente tipo sala amplio y versátil. Segundo y tercer nivel: cómodas habitaciones diseñadas para brindar privacidad y descanso. Cuarto nivel: terraza cerrada con techo y ventanales de vidrio, perfecta para reuniones familiares, un estudio panorámico o tu zona de entretenimiento privada. Su ubicación dentro de una urbanización enrejada garantiza tranquilidad y seguridad para toda la familia. Además, la propiedad ha sido cuidadosamente renovada, asegurando que cada espacio esté listo para disfrutarse desde el primer día. Precio de venta: usd 250, 000. Una inversión que combina ubicación, metraje y calidad constructiva en una de las zonas con mayor proyección de Carabayllo. Ubicación privilegiada: Cerca de comercios, colegios y vías principales, con el valor añadido de la seguridad de una urbanización cerrada. Si buscas una casa amplia, moderna y segura en Carabayllo, esta es tu oportunidad. ¡No la dejes pasar! Agente: Roberto Ampuero 9 8 2 # 0 3 1 # 1 6 0. Contáctanos hoy mismo y agenda tu visita.|https://urbania.pe/inmueble/clasificado/veclcain-venta-de-casa-en-santa-maria-carabayllo-4-dormitorios-147442446?n_src=Listado&n_pg=3&n_pos=21|2026-03-18
urbania|casas|venta|Lima Norte|Carabayllo|"CArabayllo, Urbanizacion Santo Domingo
Santo Domingo, Carabayllo"|S/ 510,000 · USD 150,000|510000|150000|||"120 m² tot.
6 dorm.
3 baños
2 estac."|120|6|3|2|En venta casa de dos pisos( se pueden construir 2 pisos adicionales o mas) La distribucion de la casa es de 1 departemento por piso mas azotea. En primer Piso. Sala comedor amplios bien iluminados. Cocina independiemte con gas natural instalado. Patio interior, 3 dormitorios. 2 baños. Espacios para estacionamiento exterior. En Segundo Piso. Slaa comedor amplios bien iluminados. Cocina amplia con gas Natural instalado. 3 dormitorios, closet. Baño. Azotea. Zona muy segura, con vigilancia,|https://urbania.pe/inmueble/clasificado/veclcain-venta-de-casa-en-santo-domingo-carabayllo-5-a-mas-dormitorios-145850975?n_src=Listado&n_pills=%C3%81rea+de+lavander%C3%ADa&n_pg=3&n_pos=22|2026-03-18
urbania|casas|venta|Lima Norte|Carabayllo|"Urb. San Benito, Carabayllo
San Benito, Carabayllo"|S/ 176,657 · USD 50,000|176657|50000|||"90 m² tot.
2 baños
1 estac."|90||2|1|Venta de casa en estreno – urb. San benito, carabayllo Casa de estreno de un piso con bases y parámetros para 4 pisos. Haz realidad tu casa propia con esta acogedora vivienda de estreno, diseñada para construir cuatro pisos y crecer contigo y tu familia. contacto: abel javácelular: 952*364*432 id: 1 1 5 3 4 1 9ubicación estratégica: Ubicada en Urb. San Benito, Carabayllo. Entre Av. Lomas de Carabayllo y Av. Norte Sur. A pocos minutos de Tienda Mass, mercado Las Casuarinas, colegios y ferreterías. características: Sala – comedor iluminado Cocina abierta estilo americano 2 baños Jardín interior Escaleras internas y externas hacia el segundo nivelPosibilidad de habilitar 1 dormitorio adicional1 cochera (para habilitar rampa) Área de terreno: 90 m²Área construida: 80 m² Área disponible: 90 m²proyección de construcción: La casa es de un piso y está preparada con bases sólidas para levantar hasta 4 pisos. En el segundo nivel podrás construir 3 dormitorios (2 con baño incorporado). precio especial: $50, 000 Dólares NegociableIdeal para quienes buscan invertir en el futuro de su familia en una zona tranquila y en crecimiento. contacto: abel javácelular: 952*364*432|https://urbania.pe/inmueble/clasificado/veclcain-venta-de-casa-en-san-benito-carabayllo-147496453?n_src=Listado&n_pills=Jard%C3%ADn&n_pg=3&n_pos=23|2026-03-18
urbania|casas|venta|Lima Norte|Carabayllo|"mz 12 lote 84
El Dorado, Carabayllo"|S/ 152,000 · USD 45,000|152000|45000|||"90 m² tot.
2 dorm.
1 baño
2 estac."|90|2||2|¡oportunidad única en carabayllo! Venta de casa en torre blanca ii etapa el doral. Vista a paque. ¡Ideal para vivienda o inversión para negocio! Aprovecha esta increíble oportunidad de adquirir una casa en la Urbanización Torre Blanca, Carabayllo. Ubicación estratégica: A una cuadra de la Av. Túpac Amaru (km 23. 5) y cerca de la Av. Universitaria. Fácil acceso a líneas de buses como América y otras rutas hacia diferentes destinos. Características del Inmueble: Área total: 90 m² Área construida: 34 m² con proyección hasta 5 pisos. ¡Gran potencial para expandir! Servicios completos: Luz, agua y desgüe. Urbanización con pistas, veredas, alumbrado público, mercados, minimarkets, colegios (primaria, secundaria y nidos), y losas deportivas. Distribución del Primer Piso (45 m²): Sala comedor. Kitchenette. 2 Habitaciones. 1 Baño completo. Precio $45, 000. 2 estacionamientos. ¡Ubicada frente al Parque El Doral de Torre Blanca! Un entorno tranquilo y seguro, ideal para familias. Se puede modificar al gusto del propietario. ¡Personaliza tu nuevo hogar o inversión según tus necesidades! ¡Contáctanos ahora y agenda una visita! No dejes pasar esta oportunidad única en Carabayllo.|https://urbania.pe/inmueble/clasificado/veclcain-venta-de-casa-en-el-dorado-carabayllo-2-dormitorios-144479023?n_src=Listado&n_pg=3&n_pos=24|2026-03-18
urbania|casas|venta|Lima Norte|Carabayllo|"Jirón Azucenas
Santa Isabel, Carabayllo"|S/ 780,000 · USD 230,000|780000|230000|||"449 m² tot.
8 dorm.
7 baños
2 estac."|449|8|7|2|Vendo amplia casa multifamiliar relativamente nueva. de 4 pisos con 2 cocheras! En zona residencial, urb. santa isabel, distrito carabaylllo! Todo cerca, Lugar rodeado de parques. A 1 cuadra Parques, Colegios, iglesia, comisaría, estadio, posta, Hospital de La Solidaridad, Clínicas, centro médico, seguro, mercado a 4 cuadras, tiendas, panaderías, restaurants, Gym, poder judicial, Bancos, mercado, Makro, Metro y Plaza vea 5 minutos y. mall de Comas a 10 minutos y Megaplaza 30 minutos. Jr. Las Azucenas. y a tan solo 30 minutos de Mega Plaza. A 2 cuadras de la Avenida Universitaria y Chimpú Ocllo Nueva Estación Metropolitano. Distribucion: 1er piso: Amplia sala, comedor cocina con muebles altos y bajo, cocina y horno empotrados, tablero de elegante quarzo, pisos de cerámico, bar y comedor de diario, patio, hall, 2 cocheras (Tienda con baño y Lavandería) 2do piso: 3 amplios dormitorios con baño incorporado cada uno, uno de ellos con w. Closet, 1 estudio/ 1 Gym. 3er piso: (recién construida) amplia Salón, comedor, 2 dormitorios, 2 baños, cocina. Escalera hacia el 4to piso. 4to piso: Ambientes para patio, tendal y para habilitar un departamento de 3 habitaciones, 2 baños, cocina, sala comedor, con tendal y zona bbq (tiene los puntos de agua desagüe y luz para habilitar baños y cocina) Precio: $262, 000 (Dos cientos sesenta y 2 mil dólares americanos) El precio es negociable, se escuchan propuestas. Inscrito en sunarp. sr cesar. 9. 1. 6. 0. 2. 9. 4. 5. 0.|https://urbania.pe/inmueble/clasificado/veclcain-venta-de-casa-en-santa-isabel-carabayllo-5-a-mas-dormitorios-142063348?n_src=Listado&n_pills=%C3%81rea+de+lavander%C3%ADa&n_pg=3&n_pos=25|2026-03-18
urbania|casas|venta|Lima Norte|Carabayllo|"C. los Gladiolos carabayllo
Carabayllo, Lima"|S/ 438,850 · USD 131,000|438850|131000|||"213 m² tot.
5 dorm.
3 baños
2 estac."|213|5|3|2|¡Haz realidad el sueño de tener tu propia casa en una zona tranquila y bien ubicada! Ubicación: San Antonio de Carabayllo. Muy cerca de avenidas principales: Av. Casuarinas, Av. Las Palmeras y San Juan de Dios. Área del terreno: 120. 90 m² Área construida: 213. 12 m² 1er Nivel: Cochera para 2 autos con puertas levadizas y control remoto. Cerco eléctrico + sistema de alarmas. Sala y comedor con excelente iluminación y jardín interior. Espacio habilitado para un bar elegante. Cocina con vista a la cochera. Baño de visitas. Depósito con espacio para cisterna. 2do Nivel: Dormitorio principal con vista al parque y baño propio (instalación para jacuzzi) 2 dormitorios secundarios con baño completo compartido. Pequeño recibidor. 3er Nivel: 2 dormitorios adicionales. 1 baño completo. Lavandería. Terraza con linda vista al parque. Habilitada para personalizar acabados a tu gusto. ¡Ideal para familias que quieren vivir cómodamente en una casa amplia, segura y bien ubicada! Escríbeme para agendar una visita y no dejes pasar esta oportunidad.|https://urbania.pe/inmueble/clasificado/veclcain-venta-de-casa-en-carabayllo-lima-5-a-mas-dormitorios-148439424?n_src=Listado&n_pills=Seguridad&n_pg=3&n_pos=26|2026-03-18
urbania|casas|venta|Lima Norte|Carabayllo|"municipalidad de carabayllo
Lucyana, Carabayllo"|S/ 535,500 · USD 153,000|535500|153000|||"138 m² tot.
8 dorm.
7 baños
1 estac."|138|8|7|1|Venta de Espectacular Casa de 140 metros cuadrados de 4 Pisos con 8 Habitaciones, 1 Minidepartamento, Cochera y Gimnasio. ¡Tu oportunidad de vivir en una propiedad única y versátil! Esta imponente casa de cuatro pisos, ubicada en una zona estratégica, combina amplitud, modernidad y funcionalidad para adaptarse a todas tus necesidades. Con 8 habitaciones de generosos espacios, un minidepartamento independiente, cochera privada y un área para gimnasio o piscina, es el hogar perfecto para familias grandes, quienes buscan una propiedad multifuncional. ¡No dejes pasar esta increíble oportunidad de vivir en una casa que lo tiene todo! Contacta conmigo al teléfono Ver datos para más detalles o para agendar una visita. Te encantará lo que esta propiedad tiene para ofrecer. El valor de esta extraordinaria propiedad es de 153 mil dólares, negociables. Este precio es una excelente oportunidad para quienes buscan un hogar de alta gama, con amplios espacios y una infraestructura pensada para el confort y la funcionalidad. Ubicación estratégica: Situada a pasos de la Municipalidad de Carabayllo, con fácil acceso a principales avenidas, centros comerciales, colegios, parques y todos los servicios que necesitas para tu día a día. Características destacadas: 4 pisos amplios y bien distribuidos: Cada nivel de la casa ha sido diseñado para maximizar el espacio, con buenos acabados y una distribución que favorece la comodidad y la privacidad. El diseño arquitectónico permite una ventilación natural en todos los ambientes, creando espacios frescos y luminosos. 8 habitaciones amplias: Desde dormitorios hasta oficinas o salas de estudio, cada una de las habitaciones es ideal para adaptarse a tus necesidades. Ventanas grandes proporcionan abundante luz natural y una hermosa vista de la zona. Minidepartamento: Perfecto para recibir visitas o contar con un espacio privado adicional. Con cocina, sala y comedor, baño privado y 3 habitaciones, este minidepartamento ofrece total autonomía. Cochera privada y segura: Disfruta de la comodidad de un espacio cerrado con capacidad para camionetas grandes y fácil acceso a tu hogar. Área de gimnasio: Un espacio diseñado para quienes disfrutan de la actividad física, con suficiente espacio para instalar equipos de ejercicio. Ideal para mantenerte en forma sin tener que salir de casa. Terraza: lugar perfecto para relajarte o disfrutar de una reunión social. Además. Cocina moderna y funcional: Con muebles empotrados de alta calidad, espacio para comedor y área de lavandería, la cocina está pensada para facilitarte el día a día. Sistema de seguridad avanzado: La propiedad cuenta con cámaras de seguridad, cerco eléctrico y un sistema de alarma para garantizar la tranquilidad de toda la familia.|https://urbania.pe/inmueble/clasificado/veclcain-venta-de-casa-en-lucyana-carabayllo-5-a-mas-dormitorios-147627099?n_src=Listado&n_pills=%C3%81rea+de+lavander%C3%ADa&n_pg=3&n_pos=27|2026-03-18
urbania|casas|venta|Lima Norte|Carabayllo|"José Balta
Carabayllo, Lima"|S/ 479,505 · USD 139,000|479505|139000|||"236 m² tot.
10 dorm.
2 baños"|236|10|2||"¡Casa Esquinera con Potencial Comercial! 236 m² | 10 Ambientes | Cochera | Doble Ingreso – Ideal para Negocio Textil o Multifamiliar. Ubicada en esquina estratégica, en una zona rodeada de empresarios textiles. Esta propiedad ofrece amplitud, visibilidad y múltiples opciones de uso: ideal para negocio, taller, vivienda multifamiliar o inversión. Área total: 236 m² Primer nivel totalmente acabado. Segundo nivel en casco gris – ¡Personalízalo a tu medida! 10 ambientes en total. 2 baños. Cochera interna. Doble ingreso gracias a su ubicación esquinera. Excelente iluminación y ventilación natural. Perfecta para quienes desean vivir y trabajar en el mismo lugar, abrir un taller textil o invertir en una propiedad con alto potencial comercial. Agenda tu visita hoy mismo y asegura esta oportunidad antes que se la lleven."|https://urbania.pe/inmueble/clasificado/veclcain-venta-de-casa-en-carabayllo-lima-5-a-mas-dormitorios-149234149?n_src=Listado&n_pills=%C3%81rea+de+lavander%C3%ADa&n_pg=3&n_pos=28|2026-03-18
urbania|casas|venta|Lima Norte|Carabayllo|"Villa Club 2
Villa Club, Carabayllo"|S/ 187,040 · USD 57,000|187040|57000||90|"151 m² tot.
3 dorm.
2 baños
1 estac."|151|3|2|1|Contacto: Jorge Valdera 9*8*2*1*4*9*4*3*9Acogedora casa en venta en condominio Villa Club, 2da Etapa. La casa de 2 pisos, con opción a construir más pisos, cuenta la siguiente distribución: 1er Piso: SalaComedor1era habitación con vista externa2da habitación con vista interna y salida al jardín1 baño completoCocina cerrada amplia con muebles altos y bajos y salida a la lavandería - jardín. Area de lavandería - Jardín2do piso: Habitación principal amplia con espacio para closet y baño completo incluido. Cuenta con salida a su balcón a través de una mampara. Terraza amplia y tendal. La casa cuenta con un estacionamientoEl condominio cuenta con seguridad 24/7 en las puertas de ingreso. Areas comunes como: Parques con juegos para niñosPiscinaCancha deportivasalón de eventos. Mantenimiento S/. 90|https://urbania.pe/inmueble/clasificado/veclcain-venta-de-casa-en-villa-club-carabayllo-3-dormitorios-149029799?n_src=Listado&n_pills=Jard%C3%ADn&n_pg=3&n_pos=29|2026-03-18
urbania|casas|venta|Lima Norte|Carabayllo|"Urb. SAN Pedro – Quinta Etapa
San Pedro, Carabayllo"|S/ 255,000 · USD 75,000|255000|75000|||99 m² tot.|99||||? Increíble oportunidad de inversión en carabayllo? Precio de venta: $75, 000Casa ubicada en urb. San pedro – quinta etapa, zona con alta demanda de alquiler y crecimiento constante. Ideal para proyecto multifamiliar de hasta 5 pisos.? Características: • Área: 99. 52 m²• Frente/Fondo: 6 ml• Estructura ideal para ampliar• Incluye tienda comercial en el 1er piso? Distribución: Hall + estacionamientoSala – comedorCocinaLavandería2 dormitorios con clósetTienda + trastiendaAzotea con proyección de construcción? Los Molinos – Parque 3, Carabayllo? Documentación lista para compraventa? Información y visitas: Ver datos|https://urbania.pe/inmueble/clasificado/veclcain-venta-de-casa-en-san-pedro-carabayllo-149290871?n_src=Listado&n_pills=%C3%81rea+de+lavander%C3%ADa&n_pg=3&n_pos=30|2026-03-18
urbania|casas|venta|Lima Norte|Carabayllo|"Avenida Santa María
Carabayllo, Lima"|S/ 221,000 · USD 65,000|221000|65000|||"92 m² tot.
3 dorm.
3 baños"|92|3|3||Venta de casa en condominio villa club 1 – carabayllo. ¡Vive con seguridad, comodidad y amplias áreas recreativas para toda la familia! Te presento esta excelente oportunidad de adquirir una casa dentro del Condominio Villa Club 1, una de las urbanizaciones más completas y familiares de Lima Norte. Área de terreno: 92 m² Área construida: 140 m² Precio de venta: us$ 65, 000. Esta cómoda casa de 2 pisos con acceso a azotea cuenta con espacios amplios y una distribución ideal para la vida familiar. Primer piso: Jardín frontal. Estacionamiento para un vehículo. Amplia sala – comedor con buena iluminación natural. Cocina. Baño. Área de lavandería. Patio posterior, ideal para reuniones o zona de parrilla. Segundo piso: 3 dormitorios amplios. 2 baños completos. Escaleras con acceso a la azotea, con potencial para terraza o ampliación futura. Beneficios de vivir en el Condominio Villa Club. Vivir aquí significa disfrutar de un entorno seguro y con múltiples espacios de recreación para toda la familia: Seguridad y control de acceso las 24 horas. Amplias áreas verdes y parques. Piscinas para adultos y niños. Juegos infantiles. Canchchas deportivas y losas multiuso. Casa club y salón de eventos. Urbanización ordenada con pistas, veredas y alumbrado público. Ambiente familiar tranquilo y seguro. Además, el condominio cuenta con acceso a transporte público, colegios, mercados y comercios cercanos, lo que lo convierte en una excelente opción para vivir o invertir en una zona con crecimiento en Carabayllo. Una gran oportunidad para tener tu casa propia dentro de un condominio seguro y con todas las comodidades. Agenda tu visita y conoce tu próxima casa.|https://urbania.pe/inmueble/clasificado/veclcain-venta-de-casa-en-carabayllo-lima-3-dormitorios-149215778?n_src=Listado&n_pills=%C3%81rea+de+lavander%C3%ADa&n_pg=4&n_pos=1|2026-03-18
urbania|casas|venta|Lima Norte|Carabayllo|"Los Inocentes 244 Urbanización Santa Isabel Carabayllo
Santa Isabel, Carabayllo"|S/ 753,360 · USD 219,000|753360|219000|||"153 m² tot.
13 dorm.
9 baños
2 estac."|153|13|9|2|Contacto Ricardo Medina 977*197*491Convierte tus ahorros en una inversión que trabaje para ti. Este edificio con 4 departamentos amplios de 100m2 aproximadamente, cada uno con 3 habitaciones y cochera, ofrece el espacio y la comodidad que muchas familias buscan hoy. Ideal para quienes desean obtener ingresos por alquiler y asegurar su futuro financiero con una propiedad de alta demanda. Si tienes ahorros y estás buscando una inversión que realmente valga la pena, esta puede ser la oportunidad que estabas esperando. Imagina ser dueño de un edificio que no solo puede convertirse en tu hogar, sino también en una fuente constante de ingresos mes a mes. Esta propiedad cuenta con cuatro departamentos amplios, cada uno con tres dormitorios y dos cocheras, características muy valoradas por familias que buscan comodidad, espacio y seguridad. Gracias a su excelente distribución y al alto interés por este tipo de viviendas, es una opción ideal para quienes desean generar ingresos a través de alquileres y construir un patrimonio sólido en el tiempo. Propiedades como esta destacan por ofrecer exclusividad, tranquilidad y confort, factores que mantienen una demanda constante en el mercado. Si tu objetivo es hacer crecer tu dinero y vivir de tus rentas en el futuro, definitivamente deberías conocer más sobre este edificioVenta De Edificio Multifamiliar 5 pisos En Santa Isabel Carabayllo, LimaSon 4 Departamentos de 100m2 cada uno, la construcción es impecable muy solida y muy bien estructurada brindando un oasis de confort3 Habitaciones, sala comedor y dos baños c/uServicios de Agua y LuzCon 2 cocheras para el EdificioDepartamentos amplios y buena iluminaciónMuy cerca de la Av Tupac Amarú, Av Lima, Av Chimpuocllo, Av San Felipe ubicación idealCerca de Centro Médico, Essalud, Colegios, Restaurantes, Parques, Iglesias, Centros de Esparcimiento, Comisaria, Bomberos excelente ubicación|https://urbania.pe/inmueble/clasificado/veclcain-venta-de-casa-en-santa-isabel-carabayllo-5-a-mas-dormitorios-149273608?n_src=Listado&n_pg=4&n_pos=2|2026-03-18
urbania|casas|venta|Lima Norte|Carabayllo|"Avenida Santa María
Carabayllo, Lima"|S/ 205,020 · USD 61,200|205020|61200|||"90 m² tot.
1 dorm.
1 baño"|90|1|||¡oportunidad de inversion! Casa construida en casco 90m2(primer piso) Ubicado en Urb. Santa Maria Etapa 5. Carabayllo. (Ref Los alamos) Precio $61, 200. Descubre esta propiedad con excelente proyección de valorización. Ubicación estratégica + potencial constructivo. Ideal para familias que desean construir su hogar o inversionistas que buscan ampliar su portafolio inmobiliario. Precio competitivo. Terreno total: 90 m² Construcción reciente en casco estructural. ¡Personaliza tu nuevo hogar o inversión según tus necesidades! Propiedad totalmente saneada, libre de cargas.|https://urbania.pe/inmueble/clasificado/veclcain-venta-de-casa-en-carabayllo-lima-1-dormitorio-149192132?n_src=Listado&n_pg=4&n_pos=3|2026-03-18
urbania|casas|venta|Lima Norte|Carabayllo|"5Xh5+579, Carabayllo 15122, Perú
Carabayllo, Lima"|S/ 210,000 · USD 63,000|210000|63000|||"83 m² tot.
3 dorm.
1 baño"|83|3|||Hermosa casa de dos pisos en el exclusivo Villa Club 5. Te presento una excelente oportunidad de vivienda en una de las zonas más solicitadas de Carabayllo. La casa cuenta con 83. 17 m² de área construida y una distribución pensada para brindar comodidad y amplitud a tu familia. - Distribución y características. - 3 dormitorios amplios. - 2 baños completos. - Cocina. - Sala y comedor. - Lavandería. - Jardín interior y exterior. - Cochera. - Área total del terreno: 76. 25 m² - Área construida: 83. 17 m² - 2 pisos. - Ubicación privilegiada en Villa Club Etapa 5. Sobre la zona y el condominio. P. D. - La casa tiene un área de 80m2 extras adicionales en la parte de atrás para tus reuniones familiares y todo tipo de festividades. - Condominio cerrado con seguridad 24/7. - Piscina para toda la familia. Disfruten tardes increíbles en la piscina del condominio, ideal para adultos y niños. - Eventos en el Club House. El condominio organiza actividades y eventos para compartir con amigos y familiares. - Recojo de basura diario. El servicio de limpieza pasa todos los días directamente por la puerta de tu casa, súper práctico y seguro. - Mantenimiento de áreas verdes. Incluye servicio de corte de césped, manteniendo los jardines siempre impecables. - Ubicación estratégica. Cerca de centros comerciales, parques y colegios, ideal para vivir con comodidad y seguridad. A solo 15 minutos de Plaza Vea, Tottus y Mercado Huamantanga. - Documentación en regla. - Acepta crédito hipotecario o fondos propios. Si deseas más información o coordinar una visita, estaré encantado de ayudarte. ¡No dejes pasar esta oportunidad de vivir en uno de los mejores sectores de Carabayllo!|https://urbania.pe/inmueble/clasificado/veclcain-venta-de-casa-en-carabayllo-lima-3-dormitorios-148581300?n_src=Listado&n_pills=Piscina&n_pg=4&n_pos=4|2026-03-18
urbania|casas|venta|Lima Norte|Carabayllo|"Villa Club III
Villa Club, Carabayllo"|S/ 251,600 · USD 68,000|251600|68000|||"98 m² tot.
3 dorm.
3 baños
1 estac."|98|3|3|1|Hermosa Casa en Condominio en Carabayllo Ubicación: Urb Villa Club Etapa 3 - Carabayllo - Lima - Lima? Habitaciones: 3 Baños: 3 Estacionamientos: 1 Área Terreno: 97. 60 m2 Área Construida: 113. 36 m2 Antigüedad: 8 Años Primer Piso = Puerta de ingreso, sala comedor, con ventanas amplias vista externa, ventiladas grandes 1 baño de visita completo con ducha Cocina amplia con reposteros bajos encimera de granito 1 estudio o cuarto de televisión Lavandería con caño y conexión para lavadora 1 Estacionamiento. Segundo Piso = Dormitorio principal grande se puede colocar una cama King, vista externa, ventanas y balcón incluye 1 baño completo Los otros 2 dormitorios comparten 1 baño completo 2do dormitorio muy amplio, espacio para colocar 2 camas dobles 3er dormitorio para cama de 1 plaza Hall de distribución Tercer piso = Amplia terraza con mirador. Características? Aceptan Mascotas? Áreas Verdes? Juegos para Niños? Patio / Terraza? Piscina?? ? Vista a la Calle? Seguridad las 24 horas en la garita de ingreso? Áreas sociales, parrillas, canchas múltiples, piscina Precio: $75, 000 ¡No esperes más y asegura tu nuevo hogar en este hermoso condominio! Contáctame para más información y visitas. Precio negociable ¡|https://urbania.pe/inmueble/clasificado/veclcain-venta-de-casa-en-villa-club-carabayllo-3-dormitorios-147694150?n_src=Listado&n_pills=Parrilla&n_pg=4&n_pos=5|2026-03-18
urbania|casas|venta|Lima Norte|Comas|"URB Pascana
La Pascana, Comas"|S/ 402,000 · USD 120,000|402000|120000|||"160 m² tot.
3 dorm.
1 baño"|160|3|||Contacto: nico ciezzacel: 9*4*5*6*9*2*7*7*0¡ocasión! Casa como terreno en la pascana - comasprecio: $. 130 mil dólares. ¡negociable! A. terreno: (8x20) 160m2Se encuentra ubicado av. Túpac Amaru entre jr. Carlos Valderrama a media cuadra de av. Túpac paradero Chacra Cerro frente a Mercado Chacra cerro. Antes Plaza Vea La Pascana y pasando Paradero Belaúnde. Comas. primer nivel: 01 Cocina01 Sala y Comedor amplio01 Lavandería. 01 Habitación principal. 2 habitaciones secundarias01 Lavandería01 Bañosegundo nivel: En construcción con distribución de Sala, comedor, Sala Star, Balcón, 3 dormitorios, Cocina, Baño, y patio solo falta techo y acabados. documento: Copia Literal 2025hr-pu 2025Constancia de No Adeudoservicos basicos: Agua, Electricidad y Gas calidda. Si deseas obtener más información o agendar una visita, por favor no dudes en contactarme. Estaré encantado de ayudarte en todo lo que necesites. contacto: nico ciezzacel: 9*4*5*6*9*2*7*7*0id: 1*1*6*3*4*7*3|https://urbania.pe/inmueble/clasificado/veclcain-venta-de-casa-en-la-pascana-comas-3-dormitorios-148241415?n_src=Listado&n_pills=%C3%81rea+de+lavander%C3%ADa&n_pg=1&n_pos=1|2026-03-18
urbania|casas|venta|Lima Norte|Comas|"Av. Retablo – Urb. El Pinar, Comas
Comas, Lima"|Consultar precio|||||"343 m² tot.
12 dorm.
5 baños
2 estac."|343|12|5|2|Gran Oportunidad en Comas – Urb. El Pinar¿Buscas un inmueble amplio para tu familia, negocio o inversión? Este inmueble es ideal para familias numerosas, proyectos de alquiler o uso mixto (comercio + vivienda). Características principales: Área terreno 189. 6 Área total construida: 343. 70 m² Área libre: 60. 42 m² 12 habitaciones en total 5 baños 1 local comercial y 2 cocheras Lineales Ambientes amplios y versátilesPerfecto para: Familias grandes o multifamiliaresInversionistas que buscan alquilar por pisos o habitacionesNegocios que necesitan local + vivienda en una zona estratégicaUbicación: Urb. El Pinar, Comas – Frente a parque, zona residencial y con alto movimiento comercial. Tu próxima inversión está aquí. Contáctame ahora para más información o agendar una visita. R. U. C Ver datos|https://urbania.pe/inmueble/clasificado/veclcain-venta-de-casa-en-comas-lima-5-a-mas-dormitorios-147856194?n_src=Listado&n_pg=1&n_pos=2|2026-03-18
urbania|casas|venta|Lima Norte|Comas|"Jr. Chira 336 (Mz. E Lote 19) de la Urb. Santa Isolina Comas Lima
Santa Isolina, Comas"|S/ 737,000 · USD 220,000|737000|220000|||"138 m² tot.
10 dorm.
7 baños"|138|10|7||Se vende casa multifamiliar de gran metraje, ideal para inversionistas que buscan alto potencial de renta y revalorización. Terreno: 138. 78 m² Área construida: aprox. 440 m² 3 pisos + azotea con mini-departamento independiente. Más de 10 dormitorios / 7 baños. 2 cocheras con puerta elevadiza. La propiedad permite alquiler por pisos, habitaciones o unidades independientes, con posibilidad de generar ingresos mensuales constantes. Cuenta con patio, tragaluz, buena ventilación e iluminación natural, además de azotea funcional. ️ Requiere mantenimiento general, lo cual se refleja en el precio, ideal para compra estratégica, remodelación ligera y reventa o explotación inmediata. Alta demanda de alquiler en la zona. Excelente relación m² / precio. Zona residencial consolidada. Precio atractivo – negociable. Contactar para visita y proyección de rentabilidad. Milton Castillo. Ver datos. Century 21 Aura|https://urbania.pe/inmueble/clasificado/veclcain-venta-de-casa-en-santa-isolina-comas-5-a-mas-dormitorios-148837001?n_src=Listado&n_pills=Parrilla&n_pg=1&n_pos=3|2026-03-18
urbania|casas|venta|Lima Norte|Comas|"av lima 300
San Felipe, Comas"|S/ 938,000 · USD 280,000|938000|280000|||"150 m² tot.
9 dorm.
3 baños
2 estac."|150|9|3|2|Casa en venta frente A parque - zona residencial! Av. Lima - Residencial San Felipe. 3 inmuebles en un solo lugar. oportunidad de inversion o vivienda multifamiliar. buen precio $280, 000. Cada piso una vivienda independiente. 1er piso - casa 1 (area de terreno 150m2. Area contruida 78m2) Cochera interior. Amplia sala y comedor. Espaciosa Cocina buena iluminación natural. 2 Habitaciones espaciosas. 1 Baño compartido. Patio interior. 2do piso - departamento (80m2 aprox + aires) Amplia sala y comedor. Espaciosa Cocina buena iluminación natural. 2 Habitaciones espaciosas. 1 Baño compartido. Estacionamiento interno para moto/bicicleta. Acceso a los aires. 3er piso - departamento (80m2 aprox + aires) Amplia sala y comedor. Cocina buena iluminación natural. 3 Habitaciones espaciosas. Baño compartido. Estacionamiento interno para moto/bicicleta. Acceso a los aires. todo cerca! Parques, colegios, iglesias, panaderías, mercados, tiendas, restaurants, comisaría, estadio, posta, Hospital de La Solidaridad, Clínicas, centro médico, seguro, mercado, tiendas, panaderías, restaurants, poder judicial, Bancos, mercado, Centros comerciales Metro y Nuevo Mall de Comas.|https://urbania.pe/inmueble/clasificado/veclcain-venta-de-casa-en-san-felipe-comas-5-a-mas-dormitorios-148270260?n_src=Listado&n_pills=Frente+a+parque&n_pg=1&n_pos=4|2026-03-18
urbania|casas|venta|Lima Norte|Comas|"Calle Federico Villarreal 136
Comas, Lima"|S/ 536,000 · USD 160,000|536000|160000|||"180 m² tot.
4 dorm.
2 baños
1 estac."|180|4|2|1|¿Buscas una casa amplia para toda la familia y, además, una inversión con proyección a futuro? Esta propiedad de 120m² de terreno combina una distribución funcional, ambientes generosos y los parámetros urbanísticos que permiten hacer un proyecto de deparrtamentos independientes para negocio alquiler o venta1er nivel, (en casco para diseñar tus acabados) -Amplia sala–comedor, ideal para reuniones familiares-Cocina funcional y bien distribuida-2 dormitorios espaciosos, ideales para adultos mayores o visitas-Baño completo-Patio-Garaje y/o tienda negocio2do. Nivel-3 dormitorios-1 baños completos3er. Nivel– Azoteasin cargas, sin hipoteca, Y unicia propietariar. U. C Ver datos|https://urbania.pe/inmueble/clasificado/veclcain-venta-de-casa-en-comas-lima-4-dormitorios-149118546?n_src=Listado&n_pg=1&n_pos=5|2026-03-18
urbania|casas|venta|Lima Norte|Comas|"Calle Libertad, Comas
Santa Luzmila, Comas"|S/ 516,000 · USD 150,000|516000|150000|||"255 m² tot.
7 dorm.
3 baños
1 estac."|255|7|3|1|Gran Oportunidad: Casa en venta ideal como terreno para Nuevo Proyecto con gran potencial de desarrolloDirección: calle Libertad, Comas, LimaOportunidad única de inversión. Se vende propiedad con 255 m² de terreno, ideal para proyecto inmobiliario, construcción de vivienda nueva o desarrollo multifamiliar, negocio, etc. La construcción existente tiene más de 45 años, por lo que el principal valor de la propiedad está en el terreno y su excelente potencial de uso. El lote ofrece amplio espacio para diseñar y construir desde cero, permitiendo aprovechar al máximo el área para una casa moderna, edificio pequeño, o proyecto según normativa local. Ubicado en una zona urbana consolidada, con acceso a servicios básicos, comercios y transporte, lo que lo convierte en una excelente oportunidad tanto para inversores como para familias que desean construir a su gusto. Características destacadas: Área total: 255 m²Ideal para demolición y nueva construcciónGran potencial de revalorizaciónZona con servicios (electricidad, agua, desagüe y gas calidda) y accesibilidadPerfecto para quienes buscan invertir en terreno en una ubicación con potencial de crecimiento. Para más información o coordinar una visita, contáctanos. Si buscas una propiedad con gran potencial y espacio para crecer, esta casa que se vende como terreno es una oportunidad para nuevos proyectos. Agenda tu visita y comprueba personalmente sus posibilidades. Consultar con el Agente Inmobiliario encargado para mayor información Ver datos.|https://urbania.pe/inmueble/clasificado/veclcain-venta-de-casa-en-santa-luzmila-comas-5-a-mas-dormitorios-149273579?n_src=Listado&n_pg=1&n_pos=6|2026-03-18
urbania|casas|venta|Lima Norte|Comas|"Calle 1, Urb. Carabayllo, Comas
Carabayllo, Comas"|S/ 614,000 · USD 172,000|614000|172000|||"160 m² tot.
3 dorm.
2 baños
1 estac."|160|3|2|1|Se vende casa a valor terreno en Calle 1, Urbanización Carabayllo – Comas. Ideal para proyecto familiar o multifamiliar. área terreno: 160 m² área techada: 80 m² precio venta: us$172, 000 Contacto: mónica osorio Celular: 9. 9. 1. 3. 7. 4. 2. 9. 5 Oficina: 7. 5. 1. 7. 5. 3. 9 Ubicación estratégica: A pocas cuadras de la Avenida Metropolitana Muy cerca de la estación del Corredor Metropolitano (El Naranjal) y rutas de transporte público Acceso rápido a Av. Universitaria y Av. Túpac Amaru Zona residencial consolidada, tranquila y con buena proyección de valorización Se vende a valor de terreno, ideal para inversión o proyecto familiar Parámetros de Zonificación: Residencial de Densidad Media – rdm (*) La propiedad se encuentra saneada, inscrita en Registros Públicos y lista para venta inmediata. La urbanización cuenta con parques, colegios cercanos, mercados y comercios locales que hacen de esta una excelente alternativa para vivir o invertir. Contáctame para agendar tu visita! ¡Aprovecha esta oportunidad única en una zona en crecimiento!|https://urbania.pe/inmueble/clasificado/veclcain-venta-de-casa-en-carabayllo-comas-3-dormitorios-147788056?n_src=Listado&n_pg=1&n_pos=7|2026-03-18
urbania|casas|venta|Lima Norte|Comas|"Jose de la Mar 280 Santa Luzmila
Comas, Lima"|S/ 620,500 · USD 150,000|620500|150000|||160 m² tot.|160||||Oportunidad de vivir en casa de 03 dormitorios, sala comedor, 01 baño, cochera y patio posterior. Por si fuera poco la casa puede acceder también a una habitación adicional ideal para familias con miembros de la tercera edad o niños. Puedes además aprovechar en construir los aires para desarrollar el máximo potencial de la propiedad. Área de Terreno: 161 Mts, Inversión: us$ 150, 000 Contacto: Ver datos|https://urbania.pe/inmueble/clasificado/veclcain-venta-de-casa-en-comas-lima-147856815?n_src=Listado&n_pg=1&n_pos=8|2026-03-18
urbania|casas|venta|Lima Norte|Comas|"Prolongación Hipólito Unanue al 400
El Retablo, Comas"|S/ 387,500 · USD 115,000|387500|115000|||"150 m² tot.
5 dorm.
2 baños
1 estac."|150|5|2|1|Casa de 150 M2 en la urbanización el retablo de comas A precio de terreno, para remodelar Y seguir construiyenddo A su gusto. se encuentra ubicado cerca A la av universitaria, cerca A la estación belaunde del metropolitano, A tienda metro, A la universidad peruana del norte, al humtec, al hospital marino molina, al instituto educativo san vicente Y muchas instituciones educativas cerca, al mercado el retablo, el mercado santa luzmila Y unicachiconsta de una amplia sala comedor, cocina cerrada sin amoblar, un baño, 2 dormitorios en el segundo piso sin closets. Cochera cerrada. los documentos estan en regla, lista para vender. precio negociable Consultar con el Agente Inmobiliario encargado para mayor información Ver datos.|https://urbania.pe/inmueble/clasificado/veclcain-venta-de-casa-en-el-retablo-comas-5-a-mas-dormitorios-147521602?n_src=Listado&n_pg=1&n_pos=9|2026-03-18
urbania|casas|venta|Lima Norte|Comas|"Mariano Necochea 508
Comas, Lima"|S/ 510,000 · USD 149,500|510000|149500|||"152 m² tot.
6 dorm.
4 baños"|152|6|4||¿Buscas una casa amplia para toda la familia y, además, una inversión con proyección a futuro? Esta propiedad de 152 m² de terreno combina una distribución funcional, ambientes generosos y la ventaja de parámetros urbanísticos que permiten crecer en altura, algo cada vez más escaso en el mercado. Distribución de la propiedad. Primer nivel. Amplia sala–comedor, ideal para reuniones familiares. Cocina cerrada, funcional y bien distribuida. 2 dormitorios espaciosos, ideales para adultos mayores o visitas. Baño completo de visita. Segundo nivel. 4 dormitorios amplios: 1 dormitorio con balcón y vista a la calle. 1 dormitorio con vista a la calle. 2 dormitorios interiores, bien ventilados. Estudio / home office. 2 baños completos. Tercer nivel – Azotea. Área techada, lista para usarse como terraza o zona social. Parámetros para construir hasta dos niveles adicionales, maximizando el valor de la propiedad. Características adicionales. Cochera paralela sin techar para 2 vehículos. Ambientes amplios y bien distribuidos. Casa con una distribución que ya no se encuentra fácilmente en la zona. Ideal para. Familias numerosas. Vivienda multifamiliar. Inversionistas que buscan crecimiento vertical y valorización. Agenda tu visita y conoce el potencial de esta propiedad. Re Central Real Estate – Asesoría profesional para una compra segura.|https://urbania.pe/inmueble/clasificado/veclcain-venta-de-casa-en-comas-lima-5-a-mas-dormitorios-148872871?n_src=Listado&n_pg=1&n_pos=10|2026-03-18
urbania|casas|venta|Lima Norte|Comas|"Jiron Alvarado al 700
Comas, Comas"|S/ 315,000 · USD 90,000|315000|90000|||"130 m² tot.
6 dorm.
5 baños
1 estac."|130|6|5|1|Se vende casa en esclusiva zona de comas alvaradopara una gran inversión, esta casa cuenta con 2 plantas, cada piso cuenta con entrada independiente lo puedes modificar A tu estilo. caracteristicas piso 1primer piso cuenta con sala comedor, , 2 baños, lavanderia más patio. segundo piso, 3 habitaciones, 1 baño completo. un mini departamento de 3 pisos interioresta A media cuadra del mercado colegios, bancos Y supermercado, todo A la mano, contactáme para más detallesa en esclusiva zona de comas Consultar con el Agente Inmobiliario encargado para mayor información Ver datos.|https://urbania.pe/inmueble/clasificado/veclcain-venta-de-casa-en-comas-comas-5-a-mas-dormitorios-148804261?n_src=Listado&n_pills=%C3%81rea+de+lavander%C3%ADa&n_pg=1&n_pos=11|2026-03-18
urbania|casas|venta|Lima Norte|Comas|"Jr Pachacutec al 200
Collique, Comas"|S/ 300,820 · USD 89,000|300820|89000|||"513 m² tot.
10 dorm.
6 baños"|513|10|6||Contactar a nuestra asesora Mirtha Veliz 1. 1. 4. 9. 7. 1. 5 ¡Oportunidad de Venta! Amplia Casa de 5 Pisos en Comas – Ideal para Familias o Inversión ¿Buscas una casa grande en una excelente ubicación? ¡Esta es tu oportunidad! Ubicación privilegiada: A solo pasos del Paradero Jamaica del Metropolitano, muy cerca del Parque Zonal Sinchi Roca y de las principales avenidas como Universitaria. Zona totalmente urbanizada, tranquila y con fácil acceso a todo. Cerca de:? Colegios? Supermercados? Mercados? Transporte públicoCaracterísticas de la propiedad: Casa de 5 pisosEscalera independiente, ideal para alquilar por pisos o habitacionesPerfecta para familias numerosas o como inversión para generar ingresos por alquilerCuenta con el servicio de gas cálida. Papeles en regla Actualmente habitada por precariosEsta propiedad ofrece una excelente oportunidad para quienes desean invertir en una zona con alta demanda de alquiler o para familias que buscan un espacio amplio y cómodo. Consultar con el Agente Inmobiliario encargado para mayor información Ver datos.|https://urbania.pe/inmueble/clasificado/veclcain-venta-de-casa-en-collique-comas-5-a-mas-dormitorios-147182439?n_src=Listado&n_pills=Parrilla&n_pg=1&n_pos=12|2026-03-18
urbania|casas|venta|Lima Norte|Comas|"EL PINAR
El Pinar, Comas"|S/ 735,000 · USD 210,000|735000|210000|||"399 m² tot.
8 dorm.
4 baños"|399|8|4||¡Haz realidad tu sueño en Urb. El Pinar – Comas! Por solo $210, 000 Hermosa casa de tres pisos con cochera incluida y amplios espacios, ideal para disfrutar con tu familia y amigos Además, su tercer piso con acceso independiente es perfecto para alquilar y generar ingresos extras Ubicación estratégicaEn plena Av. Trapiche, a pasos de Tiendas Maestro y Makro. Conexión rápida a Av. Universitaria (Estación Metropolitano) y Av. Los Incas. A solo 5 minutos del Mall de Comas. ¡Todo lo que necesitas, a tu alcance! Distribución idealPrimer piso: Cochera, amplia sala-comedor iluminada con mampara y acceso a patio, 1 cuarto de estudio, baño completo, cocina cerrada con espacio para comedor de diario, lavandería y 1 habitación grande con baño incluido. Segundo piso: Sala de estar o estudio, 4 habitaciones y 1 baño completo. Tercer piso (ingreso independiente): Sala-comedor amplios e iluminados, cocina cerrada, 3 habitaciones y 2 baños completos. Cuarto piso – Terraza: Ideal para reuniones, baño con ducha, lavadero, zona de parrilla y espacio para eventos sociales. Área de terreno: 172 m² ¡Gran oportunidad para vivir e invertir en una misma propiedad! Contáctame y agenda tu visita hoy mismopb-02|https://urbania.pe/inmueble/clasificado/veclcain-venta-de-casa-en-el-pinar-comas-5-a-mas-dormitorios-147760604?n_src=Listado&n_pills=%C3%81rea+de+lavander%C3%ADa&n_pg=1&n_pos=13|2026-03-18
urbania|casas|venta|Lima Norte|Comas|"Jr. Huaraz al 500
Comas, Comas"|S/ 552,000 · USD 160,000|552000|160000|||"226 m² tot.
8 dorm.
4 baños"|226|8|4||Venta de casa como terreno – oportunidad única de inversión * Ubicación estratégica: A solo 2 cuadras del paradero Santa Rosa km 12, en Jr. Huaraz, muy cerca de la Av. Túpac Amaru, avenidas principales, calles comerciales y alto tránsito peatonal. Ideal para inversiónpropiedad con excelente potencial de alquiler, perfecta para generar ingresos mensuales inmediatos? *Características del inmueble: Casa de 2 pisos- Primer nivel 5 habitaciones 3 baños 1 mini departamento independiente (ideal para alquilar) - Segundo nivel – Departamento completo Sala – comedor Cocina amplia Patio pequeño 3 habitaciones 1 baño completo Ideal para: Vivienda + alquiler Renta por departamentos Familias numerosas Inversionistas que buscan retorno seguro Precio de venta: usd 160, 000 Documentos en regla – Compra segura Contáctame y agenda tu visita Una propiedad con ubicación + metraje + rentabilidad no aparece todos los días|https://urbania.pe/inmueble/clasificado/veclcain-venta-de-casa-en-comas-comas-5-a-mas-dormitorios-148716505?n_src=Listado&n_pills=%C3%81rea+de+lavander%C3%ADa&n_pg=1&n_pos=14|2026-03-18
urbania|casas|venta|Lima Norte|Comas|"enrique
Tungasuca Et.3, Comas"|S/ 332,150 · USD 110,000|332150|110000|||"282 m² tot.
8 dorm.
4 baños"|282|8|4||Se vende amplia casa de 112 m2 de area de terreno y 282. 49 m2 de area construida. Esta ubicado a 2 cuadras del paradero oficina en Comas en avnida Chillon trapice cerca a la Av. San Felipe. a la espalda del Completo Deportivo Recreacional Alfonso Ugarte Quipan. rodeado de comercio variado e instituciones educativas. El inmueble cuenta: 1er piso: 2 habitaciones. 1 cocina. 1 baño completo. 1 medio baño. amplio patio posterior. sala comedor. 2do piso: 2 habitaciones. 1 cocina. 1 baño completo. sala comedor. 3er piso. 2 habitaciones. 1 cocina. 1 baño completo. sala comedor. 4to piso. 2 habitaciones. 1 cocina. 1 baño completo. area de tendal. No pierdas la oportunindad de adquirir tu nuevo hogar contactame!|https://urbania.pe/inmueble/clasificado/veclcain-venta-de-casa-en-tungasuca-et3-comas-5-a-mas-dormitorios-147532255?n_src=Listado&n_pills=Cerca+a+colegios&n_pg=1&n_pos=15|2026-03-18
urbania|casas|venta|Lima Norte|Comas|"Jiron Federico Villarreal 192, Comas, Lima
Comas, Lima"|S/ 1,008,000 · USD 299,000|1008000|299000|||"165 m² tot.
16 dorm.
7 baños"|165|16|7||¡Oportunidad Única en Comas! Propiedad Esquinera de 4 Pisos + Azotea con Ingresos de Renta Activos. Ideal para Inversionistas o Familias Numerosas. Descripción: ¿Buscas una propiedad con alto potencial de rentabilidad y espacio para crecer? ¡Esta es tu oportunidad en el corazón de Comas! Se vende sólida casa multifamiliar de 4 pisos + azotea construida sobre un terreno de 165 m² con un impresionante área construida de 629. 89 m², ubicada en esquina estratégica cerca a las avenidas Micaela Bastidas y Túpac Amaru, en zona tranquila pero muy bien conectada. Distribución inteligente: Casa principal en primer y segundo piso con ambientes amplios, excelente iluminación natural y acceso independiente. Departamentos independientes en todos los pisos superiores, cada uno con sala-comedor, cocina, baño y múltiples dormitorios. Ingreso independiente para los departamentos desde la calle Mariátegui, ideal para alquiler sin afectar la privacidad del propietario. Azotea amplia con terraza, lavandería, depósito y baño. Ideal para: Inversionistas que buscan generar ingresos desde el primer día con alquileres activos. Familias numerosas que desean vivir juntas pero con independencia. Personas que buscan un inmueble con potencial de revalorización, dada su ubicación y distribución. ¡No dejes pasar esta oportunidad! Propiedades con este metraje, ubicación y versatilidad no salen al mercado con frecuencia. Agenda tu visita ahora y asegúrate una inversión sólida en una zona en constante crecimiento. Contáctanos hoy mismo para más información o para agendar una visita personalizada.|https://urbania.pe/inmueble/clasificado/veclcain-venta-de-casa-en-comas-lima-5-a-mas-dormitorios-147846572?n_src=Listado&n_pills=Cerca+a+colegios&n_pg=1&n_pos=16|2026-03-18
urbania|casas|venta|Lima Norte|Comas|"Nicolas DE Pierola 697
Comas, Lima"|S/ 317,900 · USD 92,000|317900|92000|||"247 m² tot.
3 dorm.
1 baño
1 estac."|247|3||1|Casa en venta - comasárea 246. 50m2Frente: 10ml / Fondo: 25mlSalaComedorCocinaAmplia área de jardín3 Habitaciones1 BañoCochera amplia entra 1 camionetaNo cuenta con gas calidda, pero la zona ya cuenta con este servicio, La propiedad tiene 2 entradas y el portón de la cocheraPrecio: 317, 900 mil soles|https://urbania.pe/inmueble/clasificado/veclcain-venta-de-casa-en-comas-lima-3-dormitorios-148861097?n_src=Listado&n_pills=Jard%C3%ADn&n_pg=1&n_pos=17|2026-03-18
urbania|casas|venta|Lima Norte|Comas|"Cajamarca 201, san felipe, Comas
San Felipe, Comas"|S/ 801,000 · USD 229,000|801000|229000|||"630 m² tot.
10 dorm.
6 baños
1 estac."|630|10|6|1|Atención familia / numerosa O empresas/ para centro medico guardería, oficinas, casa de reposo, instituto, academia! Vendo muy amplia casa de 4 pisos + azotea. en esquina Y A unos pasos del parque. urb residencial san felipe, distrito de comas! Ubicación. ●A 4 cuadras de la Av Universitaria. ●A 1 cuadras de Av San Felipe. ●A 6 cuadras de av Túpac Amaru. ●A 15 minutos de Universidades Humanidades, Privada del Norte, César Vallejo. ●A 30 Minutos de Plaza Norte, Megaplaza. ■areas. Area de terreno 196m2. Area construida 638m2. descripcion. *1er piso* 3 dormitorio, 2 baños sala, comedor, cocina, cochera, oficina con baño, cochera. *️2do Piso* 5 consultorios, 2 baños, 1 lavandería. *️3er Piso* 5 dormitorios, 2 baños completos, sala. ️ *4to Piso* Salón amplio, cocina, comedor, terraza. ️ *5to Piso* Azotea: Lavandería y tendal. ️️Todo a la mano: tiendas, colegios, iglesias, boticas, agentes de banco, mercado, panadería, bancos, Hospital, comisaría, Gym, ☆ Informes: D. R. A. . T. E. R. E. S. A. 9. 4. 7. 1. 3. 4. 8. 6. 9.|https://urbania.pe/inmueble/clasificado/veclcain-venta-de-casa-en-san-felipe-comas-5-a-mas-dormitorios-147153494?n_src=Listado&n_pills=Parrilla&n_pg=1&n_pos=18|2026-03-18
urbania|casas|venta|Lima Norte|Comas|"Amazonas 190
San Felipe, Comas"|S/ 423,600 · USD 120,000|423600|120000|||"150 m² tot.
4 dorm.
2 baños"|150|4|2||Excelente oportunidad para vivir o invertir, 290 m² de área construida. Potencial para construir más habitaciones o niveles, incluso colegios y otros negocios. Ubicada en zona tranquila y estratégica de la Urb. San Felipe, con fácil acceso a transporte público, parques y servicios. Primer piso (totalmente remodelado) * Patio exterior. . Sala–comedor amplia con excelente iluminación natural. * Cocina con muebles bajos. . Living amplio. * Área de lavandería, con acceso a cocina, sala comedor y dormitorio. * 2 habitaciones. * 1 baño completo. * Acceso independiente al segundo nivel. Segundo piso. * Terraza amplia ideal para reuniones. * Amplio family room que podría ser usado de diversas maneras. * 2 habitaciones adicionales. * 1 oficina (home office) * 1 baño completo. ️ Antigüedad: 28 años. Ubicación estratégica: Cerca de estación Chimpu Ocllo del Metropolitano, parques principales y centros de salud. Ideal para: Familias que buscan amplitud. Vivienda multifamiliar. Inversión (alquiler o ampliación).|https://urbania.pe/inmueble/clasificado/veclcain-venta-de-casa-en-san-felipe-comas-4-dormitorios-149276197?n_src=Listado&n_pills=%C3%81rea+de+lavander%C3%ADa&n_pg=1&n_pos=19|2026-03-18
urbania|casas|venta|Lima Norte|Comas|"Lavalle 111
Comas, Lima"|S/ 335,000 · USD 99,990|335000|99990|||"180 m² tot.
3 dorm.
2 baños"|180|3|2||Oportunidad única en una calletranquila de comas, por el parque sinchi roca, A pasos de la tupaca amaru. la casa cuenta con 180 M2 de terreno, cubiertos en el primer piso A excepción de dos patios, así mismo se ha sentado las bases para el segundo piso. la distribución es la siguiente: -pequeño patio/terraza/jardín en el retiro (ver foto) -cocina con mubles bajos Y altos. -1 dormitorio enorme. -3 dormitorios (ninguno con baño, pero los 3 de buen tamaño) -1 baño en pasillo. -estacionamiento techado. -adicional hay un baño A medio terminar. -lavandería patio. el precio de venta es de sólo $100.. 000|https://urbania.pe/inmueble/clasificado/veclcain-venta-de-casa-en-comas-lima-3-dormitorios-148940207?n_src=Listado&n_pills=%C3%81rea+de+lavander%C3%ADa&n_pg=1&n_pos=20|2026-03-18
urbania|casas|venta|Lima Norte|Comas|"ALFREDO MALDONADO CON VICENTE PANIZO
Comas, Lima"|S/ 400,000 · USD 120,000|400000|120000|||"200 m² tot.
4 dorm.
2 baños"|200|4|2||Oportunidad única en una calle cerrada de comas, A pasos de un parque Y la avenida túpac amaru altura km 13. 5 (plaza vea, metro de comas) la casa cuenta con 200 M2 de terreno, cubiertos en el primer piso A excepción de un patio Y 2 tragaluces, así mismo se ha sentado las bases para el segundo piso como puedes ver en fotos. La distribución es la siguiente: -pequeño jardín en el retiro (ver foto) -salacomedor amplia (5M X 8M) -cocina con mubles bajos Y altos. -1 dormitorio muyu grande (4M X 7M) con vista A calle Y baño A terminar. -3 dormitorios (los 3 de buen tamaño) -1 baño en pasillo. -parqueo fuera de casa. -lavandería patio. el precio de venta es de sólo $120.. 000|https://urbania.pe/inmueble/clasificado/veclcain-venta-de-casa-en-comas-lima-4-dormitorios-149195708?n_src=Listado&n_pills=%C3%81rea+de+lavander%C3%ADa&n_pg=1&n_pos=21|2026-03-18
urbania|casas|venta|Lima Norte|Comas|"Calle azafrán
Comas, Lima"|S/ 962,500 · USD 275,000|962500|275000|||"615 m² tot.
10 dorm.
7 baños
2 estac."|615|10|7|2|Bonita casa de 4 pisos. Cuenta con 1 dpto. En el 1er piso de 137 m2. También cuenta con 2 dptos. En el 2do piso (1 dpto. Tiene 2 habitaciones, cocina tipo kitchen, sala comedor y 1 baño. El otro dpto. Tiene 3 habitaciones, cocina independiente y 1 baño. En en el 3er piso cuenta con 2 dptos. (1 dpto. Tiene 2 habitaciones, cocina tipo kitchen, sala comedor y 1 baño. El otro dpto. Tiene 2 habitaciones, 1 zona de lavandería, cocina independiente y 1 baño. Todos los departamentos tienen pisos de mayólicas. Adicionalmente tiene 6 cuartos y 2 baños en el 4to piso. Y 1 azotea que podría condicionarse 1 dpto. Mas. Toda la casa cuenta con gas natural. La casa está sin deudas en la municipalidad.|https://urbania.pe/inmueble/clasificado/veclcain-venta-de-casa-en-comas-lima-5-a-mas-dormitorios-144924976?n_src=Listado&n_pills=Parrilla&n_pg=1&n_pos=22|2026-03-18
urbania|casas|venta|Lima Norte|Comas|"Urb. Bello Horizonte, Comas, Lima
Comas, Lima"|"S/ 411,420 · USD 120,000
9%"|411420|120000|9%||"160 m² tot.
2 dorm.
2 baños
2 estac."|160|2|2|2|A. T.: 160 M2 - Á. C.: 241 M2 - - Frente: 8 ml y Fondo: 20 ml. - Ubicado en calle a 4 cdras paralelas de la Av. Trapiche Chillón. Puede ser usada para casa, local, almacén. Cerca de la Av. San Carlos y Av. Chillón Trapiche. Es ideal para negocios que no requieran afluencia peatonal, negocios a puerta cerrada, o como vivienda. -Características: -Tiene dos puertas amplias de fierro: - 1 puerta con una altura de 2. 50 mts. Y ancho 3. 70 cm. - 1 puerta con una altura de 2, 50 mts. Y ancho 3. 30 cm. -2 pisos más azotea. Altura de 3 mts cada piso. Internamente tiene estacionamiento. - 1er piso: - 2 habitaciones con 2 baños completos. - 1 mesa de trabajo y lavadero. - 2do piso: - 3 baños y un lavadero y espacio libre techado. - 3er piso: azotea. -1 lavadero con mesa de trabajo, 1 baño y una parrilla. - Altura de 3 mts cada piso. - Zonificación residencial. - Tiene energía monofásica. - Tiene Gas calidda.|https://urbania.pe/inmueble/clasificado/veclcain-venta-de-casa-en-comas-lima-2-dormitorios-146971088?n_src=Listado&n_pills=Cerca+a+colegios&n_pg=1&n_pos=23|2026-03-18
urbania|casas|venta|Lima Norte|Comas|"mall comas
Comas, Lima"|S/ 812,600 · USD 239,000|812600|239000|||"162 m² tot.
8 dorm.
7 baños
1 estac."|162|8|7|1|"9️⃣5️⃣5️⃣2️⃣8️⃣4️⃣6️⃣4️⃣5️⃣ ¡Vive a un paso del Mall Plaza Comas, Mercado unicachi y Real Plaza Pro! Casa de 3 pisos y azotea + cochera, Comas. U$239, 000 | Negociables. Ubicación: Descubre esta espectacular propiedad ubicada a unas cuadras de la zona mas comercial y exclusivas de Comas, rodeado de lugares estrategicos, restaurantes, tiendas comerciales y a pocos minutos de la Panamericana Norte. Ideal para quienes buscan confort, amplitud y una ubicación privilegiada. Características Principales: - Area Total: 162. 42m² - Area Construida: 323. 00m² [] 1er piso. - Cochera techada amplia con portón metálico. - Patio delantero. - Habitación principal con Jacuzzi. - Walking Closet. - Baño de servicio con ducha. - Habitación secundaria. - Sala. - Comedor. - Patio trasero. - Cocina amoblada. - Lavandería. [] 2do piso: - Sala. - Comedor. - Cocina amoblada con barra americana. - 3 dormitorios. - 3 baños completos. [] 3er piso: - Sala. - Comedor. - Cocina amoblada con Barra americana. - 3 dormitorios. - 2 baños completos. [] 4to piso terraza o azotea. - Área social con: - Cocina. - Comedor techado. - Baño completo. - Área para parrilla. - Lavandería. Extras: - Gas Cálida en primer piso. - Cochera. - Jacuzzi. - Tanque de agua con bomba. ️Contáctanos hoy mismo para más información o agendar tu visita:"|https://urbania.pe/inmueble/clasificado/veclcain-venta-de-casa-en-comas-lima-5-a-mas-dormitorios-147839745?n_src=Listado&n_pills=Cerca+a+colegios&n_pg=1&n_pos=24|2026-03-18
urbania|casas|venta|Lima Norte|Comas|"calle 15
El Alamo, Comas"|S/ 888,000 · USD 240,000|888000|240000|||"168 m² tot.
4 baños
1 estac."|168||4|1|Amplia vivienda de 2 pisos mas azotea bien mantenida con buenos acabados, con un frente de 8mL x 21ml, distribuidos en 2 departamentos el primer departamento tiene 1 estacionamiento 2 puertas de ingreso, 1 para la cocina que las paredes están totalmente enchapadas en cerámico con muebles altos y bajos focos led en el interior y tablero de granito. El otro ingreso a la sala y comedor muy amplios, tiene 2 baños completos con therma, grifería Italgrif y enchapado en cerámico pasadizo de distribución a los 4 dormitorios amplios 3 con closets. Los dormitorios tienen pisos de parquet y en los demás ambientes pisos de cerámico, tiene 2 patios lo que permite el ingreso de luz natural y ventilación. El segundo departamento tiene una terraza con hermosa vista a parque mamparas de vidrio que conecta a una amplia sala comedor, cocina con muebles altos y bajos en melamine, 1 ½ baños, pasadizo de distribución a los 4 dormitorios, 3 con closets. Pisos laminados en todo el departamento y pisos de cerámico en baños. Tercer nivel: Área construida 32m2 son. 2 ambientes y 1 baño completamente equipado con Therma, ducha con puerta de vidrio templado, pisos tablones. Area libre 156m2 aprox. Cuenta con cisterna de 2x3 y 2 m de profundidad, bomba de agua, tanque elevado. Es una excelente oportunidad de inversión. Entorno: Muy buena ubicación A 1 cdra de Av Trapiche, acceso rápido a Av. Universitaria. Cerca a colegios, Univ Privada del Norte, cerca a todo tipo de negocios.|https://urbania.pe/inmueble/clasificado/veclcain-venta-de-casa-en-el-alamo-comas-143777501?n_src=Listado&n_pills=Parrilla&n_pg=1&n_pos=25|2026-03-18
urbania|casas|venta|Lima Norte|Comas|"Jiron
Comas, Lima"|S/ 666,650 · USD 199,000|666650|199000|||"190 m² tot.
8 dorm.
5 baños"|190|8|5||¡Oportunidad única en Comas! Te presentamos esta espaciosa casa urbana de 3 pisos, situada estratégicamente en Comas Ver datos, Perú. Un hogar ideal para familias grandes o para quien desee disfrutar de amplios espacios y la comodidad de vivir frente a un tranquilo parque. Área de Terreno: 190. 90 m2. Área Construida: 469. 12 m2. Características destacadas: Frente al Parque. Patio / Terraza perfectos para tus reuniones familiares o un momento de relax. Distribución: - Espacios bien aprovechados y amplios. Además: 26 Años de antigüedad, con una estructura sólida y bien mantenida. Esta casa es ideal para quienes buscan un espacio generoso para vivir, trabajar o iniciar una nueva inversión, gracias a su distribución y ubicación. ¡No esperes más, y da el siguiente paso para descubrir tu nuevo hogar en Comas!|https://urbania.pe/inmueble/clasificado/veclcain-venta-de-casa-en-comas-lima-5-a-mas-dormitorios-148882246?n_src=Listado&n_pg=1&n_pos=26|2026-03-18
urbania|casas|venta|Lima Norte|Comas|"Comas
Comas, Lima"|S/ 557,700 · USD 165,000|557700|165000|||"133 m² tot.
5 dorm.
3 baños"|133|5|3||Ocasión casa A 1 cdra. De av. Universitaria - urb. Santa isolina - comas. Se vende casa de 3 pisos con azotea, ideal para vivienda multifamiliar, casa comercial, o proyecto de renta. Cuenta con una ubicación inmejorable: a 1 cuadra de Estación Las Vegas del Metropolitano en Av. Universitaria, a 5 min. De Universidad Cesar Vallejo, upn, utp, muy cerca de comercios diversos y a pasos de Parque central, lo que la convierte en una oportunidad única dentro del distrito. Además de estar en la zona residencial y segura de Santa Isolina – Comas. _____________. Área de terreno: 133. 66 m² Área construida: 250. 49 m² _____________. distribución del inmueble. Primer piso. - 1 Cochera. - Sala – comedor. - Cocina. - 2 habitaciones. - 1 Baño independiente. - Tragaluz hasta el tercer piso. - Área libre para jardineria, patio o terraza. Segundo piso. - Sala - comedor. - 3 habitaciones (2 habitaciones con baño privado) - 1 Baño independiente. - Cocina cerrada con muebles empotrados. Tercer piso. - Proyección para 3 habitaciones. - Techo de estructura metálica. - Amplio espacio para continuar construcción. Precio de Oportunidad: $ 165, 000. Cuenta con gas natural instalado. Ideal para: Familias grandes. Empresarios. Alquiler por pisos o habitaciones. Vivienda + renta. Proyecto multifamiliar. _____________. La propiedad cuenta con 30 años aproximadamente de antiguedad, con bases sólidas para ampliar construcción hasta 4 pisos más azotea. Cuenta con planos, declaratoria de fábrica. Puede comprarlo con crédito hipotecario o fondos propios!. No dejes pasar esta increíble oportunidad y vive a 1 paso de Av. Universitaria en la zona más residencial y segura de Comas! Agenda una visita ahora mismo!|https://urbania.pe/inmueble/clasificado/veclcain-venta-de-casa-en-comas-lima-5-a-mas-dormitorios-149189874?n_src=Listado&n_pills=%C3%81rea+de+lavander%C3%ADa&n_pg=1&n_pos=27|2026-03-18
urbania|casas|venta|Lima Norte|Comas|"General Lara 200
Huaquillay Et.1, Comas"|S/ 966,000 · USD 280,000|966000|280000|||644 m² tot.|644||||Contacto: delia mendoza vilca celular: 9. 4. 4. 2. 7. 4. 1. 4. 7 oficina: 0. 1. 6. 9. 3. 7. 9. 7. 0 deliam @ remaxexpo. Com ¡Aprovecha esta oportunidad única de inversión en Comas! Te presentamos esta espaciosa casa de cuatro pisos en esquina que es la elección perfecta para aquellos que desean generar ingresos pasivos a través del alquiler de propiedades. Está propiedad se encuentra a 5 minutos del mall plaza de Comas, 10 minutos del parque zonal Sinchi Roca, cerca de la avenida principal Av. Belaunde, cerca de bancos, comercios, Posta y colegios. Distribución: El primer piso cuenta 5 tiendas de 25 m² aprox., cada tienda con baño propio, puertas enrollables. Dos de las tiendas cuenta con conexión a gas natural. Distribución 2do, 3er y 4to piso 1 departamento de 50 m² aprox, cuenta con 2 dormitorios, sala y cocina integrada, 1 baño 1 minidepartamento de 40 m²aprox, una pequeña sala y cocina integrada y baño 2 habitaciones de 15 m² aprox, con baño propio. Conexión a gas natural cuanta con: 1 er piso: 2 puntos de gas 2do piso: 2 puntos de gas 3er piso: 2 puntos de gas 4to piso: 1 punto de gas - área terreno de 169. 50 m² y área construida de 644 m² 4 pisos precio: $280, 000 Esta es una excelente oportunidad de inversión para aquellos que buscan generar ingresos pasivos a través del alquiler de la propiedad. No deje pasar esta oportunidad única en una de las zonas comerciales de Comas. ¡Contáctame ahora para mayor información y programar una visita! Contacto: delia mendoza vilca celular: 9. 4. 4. 2. 7. 4. 1. 4. 7 oficina: 0. 1. 6. 9. 3. 7. 9. 7. 0 deliam @ remaxexpo. Com|https://urbania.pe/inmueble/clasificado/veclcain-venta-de-casa-en-huaquillay-et1-comas-147788382?n_src=Listado&n_pg=1&n_pos=28|2026-03-18
urbania|casas|venta|Lima Norte|Comas|"Av. Metropolitana 1134
Comas, Lima"|S/ 698,000 · USD 200,000|698000|200000|||"336 m² tot.
15 dorm.
12 baños
1 estac."|336|15|12|1|Se vende csa de 3 piso como terreno en av metropolitana con av universitariazonificacion czatención inversionistas! La av metropolitana en coma se está remodelando atractiva para negocio! Te presentamos esta propiedad como terreno ubicada en la exclusiva Urb. Santa isolina, Comas, cerca de todas universidades, upn, utp, cesar vallejo, uap, Univ. San martin de porres, centros bancarios, colegios, clinicas hospitales mercado grandes Y chicos, supermercados centro comerciales, con rápido acceso por Av. Mexico, av. Universitaria. Av Panamericana Norte. Av Tupac Amaru. Av Trapiche. ¡Zona comercial y residencial de alta demanda! Ubicación estratégica + potencial de rentabilidad = inversión segura Área total de terreno: 138 m² ¡Ideal para oficinas, hotel, minimarke, gym. Clinica, consultorios, veterinaria etc y /o generando ingresos por alquiler. Distribución de la propiedad: pero se vende como terreno1er piso: cochera, 4habitaciones, 1 baño con ducha. 2do piso: , 6 habitaciones con baño3er. Piso: 1habitcion con baño con su entrada independiente, 4 habitaciones con baño4to. AzoteaLa propiedad tiene gran proyección comercial Inversión asegurada: genera ingresos por alquilerunico propietario, documentos en regla no dejes pasar esta oportunidad! precio: 200, 000$aceptamos propuesta! Agenda tu visita hoy y no dejes pasar esta oportunidad única de inversión en ComasR. U. C Ver datos|https://urbania.pe/inmueble/clasificado/veclcain-venta-de-casa-en-comas-lima-5-a-mas-dormitorios-147686288?n_src=Listado&n_pills=Gimnasio&n_pg=1&n_pos=29|2026-03-18
urbania|casas|venta|Lima Norte|Comas|"P.J Nueva Esperanza, Zona de Collique - Comas
Comas, Lima"|S/ 504,000 · USD 150,000|504000|150000|||"350 m² tot.
6 dorm.
7 baños
1 estac."|350|6|7|1|Se vende casa de 3 pisos con local comercial en avenida P. J Nueva Esperanza 3era zona de Collique - comasárea 160 mtsmedidas 8. 0 X 20 mtsel predio posee 2 frentes parte delantera Y trasera con ingreso para el segundo piso Primer Piso: Local Comercial1 Baño3 Habitaciones. Segundo Piso: 4 Habitaciones3 Baños Completos con mamparasÁrea de LavanderíaÁrea de Cocina con muebles altos y bajosÁrea de BarAmplia Sala - Comedor con Balcón y mamparas elegantes hermosa vistas al exterior Tercer Piso: Amplio Salón1 Baño Completo2 HabitacionesÁrea de LavanderíaÁrea de Cocina. Cuarto Piso: Zona de ParrillaÁrea de LavanderíaBaño CompletoColumnas Resistente para 6 PisoVen y agenda 1 visita yáR. U. C Ver datos|https://urbania.pe/inmueble/clasificado/veclcain-venta-de-casa-en-comas-lima-5-a-mas-dormitorios-146614859?n_src=Listado&n_pills=%C3%81rea+de+lavander%C3%ADa&n_pg=1&n_pos=30|2026-03-18
urbania|casas|venta|Lima Norte|Comas|"Calle Jesús Vera 928 urb San German, SMP
Comas, Lima"|S/ 674,145 · USD 189,900|674145|189900|||"120 m² tot.
5 dorm.
3 baños"|120|5|3||*R. U. C: 2. 0. 6. 0. 0. 1. 6. 2. 9. 9. 4* Razón Social: Constructora e Inmobiliaria Casa 21 S. A. C. Se vende casa de 2 niveles independientes con una amplia azotea y parámetros para construir hasta 4 pisos, ofreciéndote un gran potencial para ampliar la vivienda o generar ingresos adicionales. Ubicada a solo unos pasos de Av. Universitaria, Germán Aguirre y Tomás Valle, con fácil acceso a la Panamericana Norte y muy cerca de Plaza Norte y Megaplaza. Su excelente ubicación te permite estar cerca de colegios, mercados, parques, hospitales y transporte público, brindándote comodidad y facilidad en tu día a día. ¡No dejes pasar esta oportunidad! Contáctanos y agenda una visita hoy mismo. *Contáctate con Angelica Perez 9. 9. 3. 7. 5. 0. 4. 0. 7* - A. T. 120 m² - A. C. 211. 48 m² - 02 niveles independientes. - Azotea amplia. - Parámetros para 4 pisos. - Buena ubicación: Cerca de colegios, mercados, parques, hospitales y transporte público. 1er nivel: - Amplia y luminosa sala comedor. - Cocina cerrada. - Lavandería separada. - 01 Patio interno. - 03 Dormitorios. - 01 Baño completo. - 01 Cochera cerrada. - 47 años de antigüedad. 2do nivel: - Sala comedor y balcón con mampara. Perfecto para relajarse. - Cocina abierta. - Vista a la calle. - 02 Dormitorios amplios. - 02 Baños completos (01 sin acabados) Precio: us$189, 900. 00. ¡Todo lo que necesitas para vivir de la mejor manera! No pierdas la oportunidad. Contáctanos ahora para más información y agendar una visita. *Contáctate con Angelica Perez 9. 9. 3. 7. 5. 0. 4. 0. 7*|https://urbania.pe/inmueble/clasificado/veclcain-venta-de-casa-en-comas-lima-5-a-mas-dormitorios-145864000?n_src=Listado&n_pills=%C3%81rea+de+lavander%C3%ADa&n_pg=2&n_pos=1|2026-03-18
urbania|casas|venta|Lima Norte|Comas|"Antonio Razuri 17
Comas, Lima"|S/ 476,000 · USD 140,000|476000|140000|||"320 m² tot.
6 dorm.
4 baños
1 estac."|320|6|4|1|Vendo casa con cochera en comasa. T. 160 m2 A. C. 320- 3 salas comedor amplias y bien iluminadas- 3 Cocinas- 6 habitaciones- 4 baños- 1 Cochera- Área de lavado- Azotea- Conexión de gas CáliddaUbicación privilegiada: A solo 2 cuadras de la Av. Leon Pinelo, 3 cuadras de la Av. Túpac Amaru, cerca a parques, mercados, colegios, con fácil acceso a transporte público, a 5 minutos del Hipermercado Metro y muy cerca del Mall de Comas. Ideal para familias que buscan amplitud o para invertir, con excelente conectividad y todo a tu alcance. ¡Agenda tu visita hoy y haz de esta casa tu nuevo hogar! Documentacion saneadaprecio en dolaressujeto a tipo de cambio del dia según sbs R. U. C Ver datos|https://urbania.pe/inmueble/clasificado/veclcain-venta-de-casa-en-comas-lima-5-a-mas-dormitorios-148055546?n_src=Listado&n_pg=2&n_pos=2|2026-03-18
urbania|casas|venta|Lima Norte|Comas|"Jirón Emilio De Los Rios
Comas, Lima"|S/ 451,500 · USD 129,000|451500|129000|||"120 m² tot.
3 dorm.
1 baño"|120|3|||"Casa en Los Olivos, Lima — Oportunidad por espacio y ubicaciónTipo: Casa | Zona: Los Olivos, Lima-Área terreno: 120. 00 m2-Área construida: 120. 00 m2-Pisos: 1 (planta baja) -Habitaciones: 3-Baños: 1-Antigüedad: 30 años-Estacionamientos: No especificadoCaracterísticas destacadas: - Espacio compacto y bien distribuido: 120 m2 que aprovechan todo el terreno. - Ideal para familias o inversionistas: opción para remodelar y modernizar, generar mayor valorización o adaptar a uso comercial/residencial. - Ubicación práctica: fácil acceso a servicios, transporte y comercios típicos de Los Olivos — excelente para vida cotidiana y alquiler. ¿Por qué te conviene verla? - Propiedad de una planta, cómoda y funcional. - Potencial para actualizar cocina, baño y acabados; buena base estructural para redistribuir espacios. Si buscas una casa con ubicación estratégica y posibilidad de mejorar a tu gusto, esta propiedad es una excelente alternativa. Agenda tu visita y descubre su potencial en persona. T. C. 3. 50Tipo de cambio referencial, sujeto a variación diaria por fluctuación del mercado"|https://urbania.pe/inmueble/clasificado/veclcain-venta-de-casa-en-comas-lima-3-dormitorios-147708788?n_src=Listado&n_pg=2&n_pos=3|2026-03-18
urbania|casas|venta|Lima Norte|Comas|"Av. Alameda del Pinar al 200
Alameda Del Pinar, Comas"|S/ 465,650 · USD 139,000|465650|139000|||"120 m² tot.
5 dorm.
3 baños
1 estac."|120|5|3|1|Contacto: manases callupe: 9*2*2*9*1*5*9*3*4Gabriela Del Pilar: 9*8*6*4*3*5*7*6*3¡Más metros, mejor ubicación y alto potencial en Comas! Ubicación• Urb. Alameda del Pinar – Comas• Cerca a Av. Trapiche y Av. Universitaria• Rápido acceso a Panamericana Norte• A minutos de Makro, Mallplaza Comas, Metro y colegios• Zona residencial consolidada y de alta demandaCaracterísticas Generales: • Uso: Casa habitación• Antigüedad: 15 años• Área de terreno: 120 m²• Área construida total: 312. 6 m²Distribución: • 1er piso: 102 m²• 2do piso: 105. 6 m²• 3er piso: 105 m²Ambientes: • 5 habitaciones• 3 baños completos• 1 medio baño• Espacios amplios y funcionalesBeneficios: • Ideal para familia grande o renta por niveles• Excelente conectividad en Lima Norte• Entorno con comercio, servicios y equipamiento urbano• Cuenta con gas naturalAgenda tu visita hoy y asegura esta oportunidad en Alameda del Pinar. contacto: manases callupe: 9*2*2*9*1*5*9*3*4Gabriela Del Pilar: 9*8*6*4*3*5*7*6*3id: 1*1*7*3*6*5*5|https://urbania.pe/inmueble/clasificado/veclcain-venta-de-casa-en-alameda-del-pinar-comas-5-a-mas-dormitorios-149225181?n_src=Listado&n_pg=2&n_pos=4|2026-03-18
urbania|casas|venta|Lima Norte|Comas|"Urbanización Villa Santacruz
Villa Santa Cruz, Comas"|S/ 332,500 · USD 95,000|332500|95000|||"78 m² tot.
2 dorm.
3 baños"|78|2|3||Mz E, Lote 11 – Esquina con Calle Roberto Laynes Rosada y Pasaje San PabloÁrea de Terreno (at): 78 m²Área Construida (ac): 176 m²Parámetro: Hasta 5 pisosDescripción: Excelente oportunidad para inversionistas o familias que buscan construir su hogar en una zona estratégica. La propiedad está semi construida, con estructura sólida y servicios totalmente operativos. Distribución: 1er piso: Tarrajeo completo1 bañoEscalera interna de aluminioEscalera de concreto hacia el 2do pisoCocheraGas CáliddaCaja de agua con presión para hasta 6 pisoLuz independienteVentanas con lunas polarizadasDesagüe operativo2do piso: 1 ambiente amplio (tarrajeado, piso falso) 1 baño completo con ducha y thermaUbicación privilegiada: A solo 3 cuadras de Av. Universitaria (Paradero San Carlos o Acuario). Zona residencial con acceso aColegios (Saco Oliveros, New School) Mercados y tiendasCancha sintéticaA 20 min del Mall de Comas y Mercado UnicachiUna excelente opción para construir, vivir o rentabilizar tu inversión. Contáctame y agenda tu visita hoy mismo. ¡No dejes pasar esta oportunidad! T. C. 3. 50Tipo de cambio referencial, sujeto a variación diaria por fluctuación del mercado|https://urbania.pe/inmueble/clasificado/veclcain-venta-de-casa-en-villa-santa-cruz-comas-2-dormitorios-147979115?n_src=Listado&n_pg=2&n_pos=5|2026-03-18
urbania|casas|venta|Lima Norte|Comas|"Terrazas de Comas
Comas, Lima"|S/ 418,750 · USD 125,000|418750|125000|||"210 m² tot.
4 dorm.
4 baños"|210|4|4||Oportunidad en comas – casa con 4 minidepartamentos + azotea Características principales: 4 minidepartamentos independientes Área Terreno: 40. 11 m² Área total: 210. 11 m² Área construida: 182. 61 m² Área libre: 27. 50 m²Distribución por niveles: 1er piso – 40. 11 m²2do piso – 42. 50 m²01 sala01 cocina con lavaderoLavadero de lavandería01 baño completo01 dormitorio3er piso – 42. 50 m²01 sala01 cocina con lavaderoLavadero de lavandería01 baño completo01 dormitorio4to piso – 42. 50 m²01 sala01 cocina con lavaderoLavadero de lavandería01 baño completo01 dormitorio5to piso – 42. 50 m²Consta de 01 dormitorio y 01 baño completo (15. 00 m²) totalmente acabadoÁrea libre de 27. 50 m² con piso de mayólicaLavadero de lavandería enchapado en mayólica Documentación en regla: título de propiedad * Ubicación privilegiada: A solo 4 cuadras de la Av. Trapiche (paradero Alameda) A 5 minutos de Macro y Maestro A 10 minutos de la usmp A 10 minutos de la Av. Universitaria y Panamericana Norte A 15–20 minutos de las universidades utp, ucv, Privada del Norte y Científica Ideal para inversionistas: Zona con alta demanda de alquiler, excelente conectividad con vías principales, comercios y universidades. R. U. C Ver datos|https://urbania.pe/inmueble/clasificado/veclcain-venta-de-casa-en-comas-lima-4-dormitorios-148199792?n_src=Listado&n_pills=%C3%81rea+de+lavander%C3%ADa&n_pg=2&n_pos=6|2026-03-18
urbania|casas|venta|Lima Norte|Comas|"AV TUPAC AMARU 5490
Comas, Lima"|S/ 486,200 · USD 143,000|486200|143000|||"108 m² tot.
7 dorm.
6 baños"|108|7|6||*R. U. C: 2. 0. 6. 0. 0. 1. 6. 2. 9. 9. 4* Razón Social: Constructora e Inmobiliaria Casa 21 S. A. C. ¡Gran oportunidad de inversión en Comas! Se vende acogedora casa de 3 pisos con un área de terreno de 108 m², ubicada estratégicamente en plena Av. Túpac Amaru, a la altura del cruce con la Av. San Felipe, una zona de alto tránsito y excelente proyección comercial. Esta propiedad es ideal tanto para vivienda como para desarrollar un negocio o proyecto inmobiliario gracias a su ubicación privilegiada. La casa ofrece amplios espacios distribuidos en tres niveles, con gran potencial para remodelar, alquilar por pisos o implementar un local comercial en el primer nivel. ¡No dejes pasar esta oportunidad única de adquirir una propiedad con alto valor de revalorización en una de las avenidas más importantes de Comas! *Contáctate con Rosario Mendoza 9. 9. 1. 9. 1. 7. 7. 5. 8. * - Área de terreno: 108. 4m2. - Área total: 222m2. 1er piso: - 02 Tiendas comerciales con baño cada uno. - 02 Mini departamento. - 01 Baño. 2do piso: - 01 Departamento (sala comedor, cocina, lavandería, 2 dormitorios, 1 baño) 3er piso: - 01 Dormitorio. - 01 Baño. - Tendal. Precio: us$ 143, 000. 00. ¡Todo lo que necesitas para vivir de la mejor manera! No pierdas la oportunidad. Contáctanos ahora para más información y agendar una visita. *Contáctate con Rosario Mendoza 9. 9. 1. 9. 1. 7. 7. 5. 8. *|https://urbania.pe/inmueble/clasificado/veclcain-venta-de-casa-en-comas-lima-5-a-mas-dormitorios-147040439?n_src=Listado&n_pills=%C3%81rea+de+lavander%C3%ADa&n_pg=2&n_pos=7|2026-03-18
urbania|casas|venta|Lima Norte|Comas|"Independencia 283
Collique, Comas"|S/ 300,000 · USD 90,000|300000|90000|||"70 m² tot.
4 dorm.
2 baños"|70|4|2||Casa de 3 pisos en comas con proyecto listo para 4 niveles. solo efectivo. Área terreno 70 m2 (3. 5 m x 20 m) Área construida 150 m2 (piso 1 con 70 m2, piso 2 con 70 m2, piso 3 con 10 m2). Ubicada en el distrito de Comas, en una zona de gran desarrollo y conectividad, esta amplia vivienda de tres niveles ofrece una excelente oportunidad tanto para familias como para inversionistas. Su diseño funcional y su potencial de crecimiento la convierten en una propiedad altamente atractiva. Características de la propiedad: Primer piso: Espacioso estacionamiento con capacidad para un vehículo grande, sala-comedor de generosas dimensiones, cocina de concepto cerrado que brinda privacidad y orden, además de un baño completo. Segundo piso: Tres cómodas habitaciones bien iluminadas y un baño completo, garantizando confort para toda la familia. Tercer piso: Una habitación construida, con posibilidades de ampliación según el proyecto ya elaborado. Potencial de crecimiento: Esta propiedad cuenta con parámetros urbanísticos aprobados para la construcción de hasta cuatro niveles, y el proyecto arquitectónico está completamente diseñado y listo para ejecutar. Esto representa una gran ventaja para quienes buscan expandir su hogar o desarrollar una inversión inmobiliaria con alto retorno. Ubicada en un entorno dinámico, con acceso a importantes avenidas y a pocos minutos de centros comerciales, parques y zonas recreativas, esta casa representa una combinación ideal de comodidad, crecimiento y rentabilidad. ¡No dejes pasar esta oportunidad! Contáctanos para más información y agenda tu visita hoy mismo.|https://urbania.pe/inmueble/clasificado/veclcain-venta-de-casa-en-collique-comas-4-dormitorios-148724495?n_src=Listado&n_pills=Cerca+a+colegios&n_pg=2&n_pos=8|2026-03-18
urbania|casas|venta|Lima Norte|Comas|"Calle San Antonio 2 - Comas
Comas, Lima"|S/ 511,659 · USD 139,000|511659|139000|||"180 m² tot.
5 dorm.
2 baños
1 estac."|180|5|2|1|Oportunidad, venta de casa en comas! Casa de 2 pisos ubicada en el distrito de comas, cuenta un área de terreno de 119. 88 m² y una amplia área construida de 155. 00 m² contáctame para mayor información. Linderos: Área: 119. 88m2 Frente: 6. 85ml Lado Iazquierdo: 17. 65ml Lado derecho: 17. 65mlDescripción: Piso 1Sala comedorCocina cerrada2 habitaciones1 baño completoÁrea de lavanderíaEstacionamiento para un auto1 Pequeño depositoPiso 2Sala comedorCocina3 habitaciones1 baño completoÁrea de lavanderíaUbicación: Casa está ubicada en la calle San Antonio en Comas, cerca de la Av. Túpac Amaru, calles cercanas, Los Olivos, los nogales, los incas, Huaraz, San Isidro, Av. Universitaria. Instituciones cercanas: promae de comas, reniecmercados, bancos y otros negocios locales en el entorno, hospitalesColegios cercanos. Contáctanos para mayor información R. U. C Ver datos|https://urbania.pe/inmueble/clasificado/veclcain-venta-de-casa-en-comas-lima-5-a-mas-dormitorios-149245372?n_src=Listado&n_pills=%C3%81rea+de+lavander%C3%ADa&n_pg=2&n_pos=9|2026-03-18
urbania|casas|venta|Lima Norte|Comas|"Jirón San Gabriel 564, Comas 15313, Perú
Comas, Lima"|S/ 410,400 · USD 120,000|410400|120000|||"160 m² tot.
4 dorm.
4 baños"|160|4|4||Inversionistas. Casa de 160 m2 para vivienda familiar o para Negocio de alquileres de habiataciones y departamentos, con ubicacion a dos cuadras de la avenida Universitaria de la Estacion San Carlos del Metroplitano en Comas, accesible a todo destinoEn calle San Francisco urb San CarlosServico de luz, agua y gas naturalActualmente cuenta con inquilinos, quienes pueden retirarse a su compra o continuar alquilando con el nuevo propietarioVenta al cashPropiedad con títuloAgenda una visita y conoce esta casa como inversion. R. U. C Ver datos|https://urbania.pe/inmueble/clasificado/veclcain-venta-de-casa-en-comas-lima-4-dormitorios-147918105?n_src=Listado&n_pg=2&n_pos=10|2026-03-18
urbania|casas|venta|Lima Norte|Comas|"Comas
Comas, Lima"|S/ 662,400 · USD 180,000|662400|180000|||"161 m² tot.
3 dorm.
1 baño
1 estac."|161|3||1|Venta de Casa en Ubicación Estratégica - 161 m² de TerrenoExcelente oportunidad de adquirir una propiedad bien distribuida en 161 m² de terreno, con 145 m² de construcción techada. Esta casa es ideal para aquellos que buscan un hogar cómodo, funcional y bien ubicado, con espacios amplios que ofrecen una excelente calidad de vida. Características de la propiedad: 3 Habitaciones: Cada una con buena ventilación y luminosidad, proporcionando un ambiente relajante y acogedor. 1 Baño: Totalmente equipado, ofreciendo comodidad y privacidad para toda la familia. Sala: Espaciosa y perfecta para compartir momentos de relax o disfrutar de una agradable convivencia. Comedor: Ideal para recibir a tus seres queridos en celebraciones y comidas en familia. Cocina: Bien distribuida, con el espacio necesario para adaptarla a tus necesidades culinarias. Lavandería: Área independiente para el lavado y cuidado de la ropa, con suficiente espacio para almacenamiento. Cochera: Estacionamiento privado para un vehículo, brindando seguridad y comodidad. Patio: Un patio que ofrece espacio para actividades, jardín o incluso una pequeña área recreativa. Esta propiedad cuenta con una ubicación estratégica que permite fácil acceso a servicios, transporte y zonas comerciales. Si buscas un hogar funcional y en buen estado, ¡esta casa es ideal para ti! ¡No pierdas la oportunidad de hacerla tuya! Contacta para más información o para agendar una visita. R. U. C Ver datos|https://urbania.pe/inmueble/clasificado/veclcain-venta-de-casa-en-comas-lima-3-dormitorios-146276227?n_src=Listado&n_pills=Jard%C3%ADn&n_pg=2&n_pos=11|2026-03-18
urbania|casas|venta|Lima Norte|Comas|"Ubanizacion alameda
Alameda Del Pinar, Comas"|S/ 714,780 · USD 198,000|714780|198000|||"240 m² tot.
1 baño"|240||||Aproveche esta oportunidad inversionistas y vende propiedad comercial, paralela con la, dentro de la urbanización Almenada del pinar en comas, una zona estratégica, centrico en constante crecimiento. Este inmueble cuenta con edificación convirtiéndose en una excelente oportunidad para desarrollar diversos tipos de negocio. Edeal para empresas de diferentes rubros, talleres, almacenes. la ubicación es clave. _ at: 240M2. _ac: 160M2 (tres pisos mas azotea) _se vende 2 propiedades juntos. Construcción techos altos, sólido. _ 06 ambientes amplios. _01 baño completo con ducha. _02 medios baños. _ cochera o zonas de almacén cuenta con porton alto. _ ingreso independiente. _ servicios independientes. Edificio comercial. _ medidor trifasico. _ precio 198, 000. 00us$ no pierdes la oportunidad. Al 9*0*2*6*1*0*2*5*9|https://urbania.pe/inmueble/clasificado/veclcain-venta-de-casa-en-alameda-del-pinar-comas-146723359?n_src=Listado&n_pg=2&n_pos=12|2026-03-18
urbania|casas|venta|Lima Norte|Comas|"JR. PIMENTEL 156, COMAS
Comas, Lima"|S/ 333,700 · USD 94,000|333700|94000|||"120 m² tot.
6 dorm.
4 baños
1 estac."|120|6|4|1|*R. U. C: 2. 0. 6. 0. 0. 1. 6. 2. 9. 9. 4* Razón Social: Constructora e Inmobiliaria Casa 21 S. A. C. ¡Oportunidad única en Comas! Se vende casa como terreno de 120 m² en una zona estratégica y con alto potencial para construir la vivienda de tus sueños o iniciar un proyecto comercial. Ubicada a solo unos minutos del Hospital Sergio Bernales y muy cerca del cruce de las avenidas San Felipe con Túpac Amaru, esta propiedad se encuentra rodeada de todo lo que necesitas: colegios, mercados, y a tan solo unas cuadras de la Av. Universitaria y la Estación Chimpu Ocllo, lo que garantiza excelente conectividad. Además, la zona es tranquila, segura y perfecta para familias que buscan un entorno cómodo y apacible. Haz realidad tu proyecto en una ubicación que lo tiene todo. ¡No dejes pasar esta oportunidad! *Contáctate con Rosario Mendoza 9. 9. 1. 9. 1. 7. 7. 5. 8. * - Área de 120m2. - 06 Dormitorios. - 04 Baños. - Lavandería. - Vista exterior. - 01 Cochera. Precio: us$ 94, 000. 00. ¡Todo lo que necesitas para vivir de la mejor manera! No pierdas la oportunidad. Contáctanos ahora para más información y agendar una visita. *Contáctate con Rosario Mendoza 9. 9. 1. 9. 1. 7. 7. 5. 8. *|https://urbania.pe/inmueble/clasificado/veclcain-venta-de-casa-en-comas-lima-5-a-mas-dormitorios-146272996?n_src=Listado&n_pills=%C3%81rea+de+lavander%C3%ADa&n_pg=2&n_pos=13|2026-03-18
urbania|casas|venta|Lima Norte|Comas|"Aa.hh Proyecto 2 MIL Mz.c Lote 2
Comas, Lima"|S/ 173,950 · USD 49,000|173950|49000|||"223 m² tot.
3 dorm.
2 baños"|223|3|2||Gran OportunidadVenta de casa de 3 pisos de 223 mts terreno en El Carmen en ComasTotal construidos sin acabados 140 mtsCaracterísticas: 3 habitaciones2 bañosÁrea para cocinaÁrea para sala comedorPrecio: 49, 000 dólares, negociables- Terreno de 223 m²- Ubicación: A 3 cuadras de la I. E Emblemática Virgen del Carmen, parques, mercado, posta médica y bodegas y de Av. Virgen del Carmen con 27 de noviembre y a 5 minutos de la avenida Túpac Amaru- Descripción: Área: 223 m²Parámetros: 4 pisos + azoteaLinderos: 10 mts. De frente y fondo, 22. 3 mts. Aprox. - Servicios: Luz, agua y Gas Calidda disponibles en la zona. - Ubicación: A pasos del jirón Blasco Núñez de Vela cuadra 1080- Documentación: Propiedad saneada, inscrita en Registros Públicos y con título de propiedad. Precio increíble ¡No dejes pasar esta oportunidad! ¡Contáctanos para más información y agenda tu visita hoy mismo! R. U. C Ver datos|https://urbania.pe/inmueble/clasificado/veclcain-venta-de-casa-en-comas-lima-3-dormitorios-147072721?n_src=Listado&n_pills=%C3%81rea+de+lavander%C3%ADa&n_pg=2&n_pos=14|2026-03-18
urbania|casas|venta|Lima Norte|Comas|"urb el Alamo Lote 15-comas 1
Comas, Lima"|S/ 9,386,000 · USD 265,000|9386000|265000|||"380 m² tot.
6 dorm.
3 baños
1 estac."|380|6|3|1|Venta de hermosa Casa de 3 Pisos en Urb. El Alamo, Distrito de Comas. Ubicada en Cuadra 15 de la Cooperativa de Vivienda Policial Ltda Vipol Programa El Alamo, a tan solo una cuadra de la Av. Trapiche, altura del Grifo Primax, a 2 cuadras de la Av. Heroes del Cenepa, cerca de colegios, mercados, restaurantes. Casa dividida internamente en 3 departamentos. Se vende todo (1 sola partida electronica). En buen estado de conservación. Distribución: 1er piso: Departamento Independiente, con 2 baños completo, puerta a con cochera ampliaamplia Sala-Comedor, amplia Cocina, Lavandería, pasadizo, 1 patiosPuerta de ingreso 1er piso, baño de visitas. 03 Dormitorios con closet y vista patio interior, acceso a patio grande con lavadero. 2do con 3 dormitorios1 baño completo iluminado y -comedor. cocina totalmente moderna con instalación de gas cálida. 3er Piso: 2 departamentos con la misma insfractuctura del piso de acabados. Área de terreno: 164. 00 m2Área Construida: 380. 00 m2precio $ 265, 000R. U. C Ver datos|https://urbania.pe/inmueble/clasificado/veclcain-venta-de-casa-en-comas-lima-5-a-mas-dormitorios-149245360?n_src=Listado&n_pills=%C3%81rea+de+lavander%C3%ADa&n_pg=2&n_pos=15|2026-03-18
urbania|casas|venta|Lima Norte|Comas|"Pasaje Los Libertadores
Collique, Comas"|"S/ 262,000 · USD 78,000
12%"|262000|78000|12%||"261 m² tot.
13 dorm.
4 baños"|261|13|4||Contacto: Katia Delgado: 9. 3. 3. 1. 6. 3. 3. 3. 1Contacto: Katia Delgado: *933* *163* *331*¡¡Ideal vivienda o inversión!! Se vende casa como terreno ubicada en esquina en el A. H. Collique, distrito de Comas. Cuenta con un área de terreno aproximada de 90 m² y un área construida de 261 m² distribuidos en tres pisos. Distribución: Primer piso: Sala comedor, cocina, lavandería, una habitación, un baño y tanque de agua subterráneo. Segundo piso: Seis habitaciones, un baño completo y un medio baño. Tercer piso: Seis habitaciones y dos baños, además de azotea de libre disponibilidad. La propiedad cuenta con servicios de luz, agua y gas natural. Se encuentra en estado regular, con pisos pulidos y sin acabados. Es ideal tanto para quienes deseen diseñar su vivienda desde cero como para inversionistas que busquen desarrollar un proyecto de alquiler por habitaciones o vivienda multifamiliar. Ubicación estratégica, cercana a parques, colegios, mercados, supermercados y con acceso directo a la Av. Revolución, una de las principales vías del distrito. Para mayor información o coordinar una visita, contáctenos. Contacto: 9. 3. 3. 1. 6. 3. 3. 3. 1Contacto: *933* *163* *331*|https://urbania.pe/inmueble/clasificado/veclcain-venta-de-casa-en-collique-comas-5-a-mas-dormitorios-148944864?n_src=Listado&n_pills=%C3%81rea+de+lavander%C3%ADa&n_pg=2&n_pos=16|2026-03-18
urbania|casas|venta|Lima Norte|Comas|"Parque Antúnez De Mayolo, Comas
Comas, Lima"|S/ 647,150 · USD 184,900|647150|184900|||"196 m² tot.
6 dorm.
4 baños
1 estac."|196|6|4|1|Amplia casa muy confortable, bien distribuida en sus tres niveles, con buena cimentación para proyectar pisos superiores, agradable ubicación frente a parque, todos los acabados de buena calidad, tanto en sanitarios, grifería, puertas y ventanas; sus ambientes disfrutan de saludable ventilación y luz natural, doble acceso (escaleras) hacia el segundo piso; cuenta con sistema de gas instalado(Cálidda). Vigilancia permanente; interesante localización pues se encuentra a una cuadra de la Av. Universitaria y a media cuadra de la Av. San Felipe- cdra. 7, lo cual posibilita movilizarse con rapidez a diferentes lugares, por su cercanía a vías principales tiene rápida llegada a movilidad particular y pública (Estación Metropolitano) igualmente está próxima a diversidad de negocios: centros comerciales (Plaza Vea), centros de estudio, financieros, salud, recreo y religioso. Área construida 196m2Área terreno 153m2Distribución: 1er. piso. -Sala –Comedor Cocina amoblada: muebles altos y bajosEscalera posterior hacia segundo piso2 habitaciones con closet de piso a techo1 baño completo compartidoPatio posteriorLavandería con tendal más mueble-despensa1 baño completo1 cochera lineal abiertoEscalera frontal hacia segundo. -Sala para reuniones2 habitaciones con closet de piso a techo1 baño completo compartido1 habitación con closet de piso a techo más baño propio1 ambiente gimnasio o puede ser estudioEscalera hacia el tercer. -1 depósitoTerraza con vista panorámica hacia el parque T. C. 3. 50Tipo de cambio referencial, sujeto a variación diaria por fluctuación del mercado|https://urbania.pe/inmueble/clasificado/veclcain-venta-de-casa-en-comas-lima-5-a-mas-dormitorios-145819355?n_src=Listado&n_pills=%C3%81rea+de+lavander%C3%ADa&n_pg=2&n_pos=17|2026-03-18
urbania|casas|venta|Lima Norte|Comas|"Comas
Comas, Lima"|S/ 359,520 · USD 107,000|359520|107000|||"200 m² tot.
5 dorm.
4 baños"|200|5|4||"$107, 000 – venta de hermosa casa de 3 pisos frente A parque ideal para inversionistaurb. Retablo 1era Etapa – ComasTerreno: 49. 67 m² | Construido: 200 m² (Primer piso at: 49. 67m2, Piso 2 y 3 ao: 80m23 pisos – Ideal para vivir + rentar (rentabilidad estimada 7% anual, superior al mercado) primer piso: 40años, segundo piso: 15 años, tercer piso: 8 añosDistribución por pisos1er Piso – Minidepa (alquiler aprox. S/600) -Sala comedor • 1 habitación • Cocina • 1 baño2do Piso – Departamento 70 m² (alquiler aprox. S/700) - Sala comedor amplia • Cocina • Lavandería- 2 habitaciones • 1 baño3er Piso- Habitación 23 m² con baño y vista a la calle (S/400) - Minidepa 50 m² con cielo raso (S/400) Servicios- Agua • Luz • Gas natural Cálidda (1° y 2° piso) Cerca de todoFrente al Parque Santa Rosa • A 1 cuadra de Av. Universitaria • A 2 cuadras de Av. BelaundeCerca a Metro Retablo, Essalud Marino Molina, Pollería Señorial y Parque Sinchi Roca. Precio S 107, 000Agenda tu visita y descubre tu nuevo hogar y fuente de ingresosR. U. C Ver datos"|https://urbania.pe/inmueble/clasificado/veclcain-venta-de-casa-en-comas-lima-5-a-mas-dormitorios-149245311?n_src=Listado&n_pills=%C3%81rea+de+lavander%C3%ADa&n_pg=2&n_pos=18|2026-03-18
urbania|casas|venta|Lima Norte|Comas|"Comas
Comas, Lima"|S/ 672,000 · USD 200,000|672000|200000|||"300 m² tot.
4 dorm.
4 baños
1 estac."|300|4|4|1|¡Descubre la casa de tus sueños! Ubicada en una excelente zona de Comas, entre la Avenida Universitaria y Avenida Túpac Amaru, esta propiedad de 160 m² te ofrece todo lo que necesitas para vivir con comodidad y estilo. ¡Una oportunidad única! Características destacadas: 8 habitaciones amplias y luminosas, ideales para toda tu familia o para crear tu espacio de trabajo. 4 baños completos y 1 medio baño para mayor comodidad. Espacio para estacionamiento. Amplio patio para disfrutar de tu tiempo libre y actividades al aire libre. Excelente ubicación con acceso rápido a principales avenidas y centros comerciales. ¡Haz de esta casa tu nuevo hogar y empieza una nueva etapa llena de confort y bienestar! No dejes pasar esta oportunidad, ¡llámame para agendar tu visita! R. U. C Ver datos|https://urbania.pe/inmueble/clasificado/veclcain-venta-de-casa-en-comas-lima-4-dormitorios-148541495?n_src=Listado&n_pills=%C3%81rea+de+lavander%C3%ADa&n_pg=2&n_pos=19|2026-03-18
urbania|casas|venta|Lima Norte|Comas|"3XMR+MM8 Comas
Comas, Lima"|S/ 203,000 · USD 58,000|203000|58000|||"97 m² tot.
9 dorm.
3 baños"|97|9|3||*R. U. C: 2. 0. 6. 0. 0. 1. 6. 2. 9. 9. 4* Razón Social: Constructora e Inmobiliaria Casa 21 S. A. C. ¡Atención inversionistas y familias que buscan un nuevo hogar! Se vende acogedora casa de 3 pisos en la 5ta zona de Collique, Comas, una ubicación estratégica que combina comodidad y potencial de crecimiento. Con un área total de 97 m², esta propiedad es ideal tanto para vivir como para generar ingresos a través de alquileres u otros proyectos inmobiliarios. La zona está rodeada de todo lo que necesitas: colegios, losas deportivas, mercados y fácil acceso a transporte público, lo que garantiza una vida práctica y conectada. No dejes pasar esta excelente oportunidad de inversión y bienestar familiar en uno de los distritos con mayor desarrollo de Lima Norte. *Contáctate con Rosario Mendoza 9. 9. 1. 9. 1. 7. 7. 5. 8. * - Área de terreno: 97M2. - Área construido: 291M2. Características. 1er piso: - 02 Dormitorios. - 01 Baño. - Sala comedor. - Cocina. - Lavandería. 2do piso: - 07 Dormitorios. - 02 Baños. - Escalera independiente al 2do piso. 3er piso: - Azotea tendal. Precio: us$ 58, 000. 00. ¡Todo lo que necesitas para vivir de la mejor manera! No pierdas la oportunidad. Contáctanos ahora para más información y agendar una visita. *Contáctate con Rosario Mendoza 9. 9. 1. 9. 1. 7. 7. 5. 8. *|https://urbania.pe/inmueble/clasificado/veclcain-venta-de-casa-en-comas-lima-5-a-mas-dormitorios-146526009?n_src=Listado&n_pills=%C3%81rea+de+lavander%C3%ADa&n_pg=2&n_pos=20|2026-03-18
urbania|casas|venta|Lima Norte|Comas|"Calle Metropolitana al 2300
Comas, Lima"|S/ 1,484,000 · USD 400,000|1484000|400000|||"480 m² tot.
18 dorm.
12 baños"|480|18|12||Ocasion venta de casaubicado en zona comercial en plena avenida. Frente al mercado de gran afluencia, bien ubicado con las siguientes características: Área terreno 120 m2Área construida 480 m2Primer piso 2 Locales comerciales9 Departamentos independizados, cada uno de 2 habitaciones con sala, comedor, cocina, bañoExcelente oportunidad de negocio! R. U. C Ver datos|https://urbania.pe/inmueble/clasificado/veclcain-venta-de-casa-en-comas-lima-5-a-mas-dormitorios-149245406?n_src=Listado&n_pg=2&n_pos=21|2026-03-18
urbania|casas|venta|Lima Norte|Comas|"Espectacular Casa en Comas Cerca a la Estacion 22 de Agosto del Metropolitano
Comas, Lima"|S/ 803,000 · USD 220,000|803000|220000|||"160 m² tot.
8 dorm.
4 baños
1 estac."|160|8|4|1|¡Descubre la casa de tus sueños! Ubicada en una excelente zona de Comas, entre la Avenida Universitaria y Avenida Túpac a a unos minutos del Mall de Comas, Mercado Unicachi, Universidad Cesar Vallejo, estación 22 de Agosto (Metropolitano). Distribución perfecta para tu familia. Esta propiedad de 160 m² te ofrece todo lo que necesitas para vivir con comodidad y estilo. ¡Una oportunidad única! Zona rural y comercial!! Características destacadas: 8 habitaciones amplias y luminosas, ideales para toda tu familia o para crear tu espacio de trabajo. 4 baños completos y 1 medio baño para mayor comodidad. Espacio para estacionamiento. Amplio patio para disfrutar de tu tiempo libre y actividades al aire libre. Excelente ubicación con acceso rápido a principales avenidas y centros comerciales. Ventajas Y beneficios: ¿Qué hace a esta propiedad tan especial? Zona de expansion urbana Zona en Auge comercial Zona tranquila y segura Fácil acceso Versatilidad sin límites: ¡Personalízala a tu gusto! ¡Haz de esta casa tu nuevo hogar y empieza una nueva etapa llena de confort y bienestar! No dejes pasar esta oportunidad, ¡llámame para agendar tu visita! R. U. C Ver datos|https://urbania.pe/inmueble/clasificado/veclcain-venta-de-casa-en-comas-lima-5-a-mas-dormitorios-146263232?n_src=Listado&n_pills=%C3%81rea+de+lavander%C3%ADa&n_pg=2&n_pos=22|2026-03-18
urbania|casas|venta|Lima Norte|Comas|"Comas
Comas, Lima"|S/ 536,000 · USD 160,000|536000|160000|||"170 m² tot.
3 dorm.
2 baños"|170|3|2||Contactame zulema ricaldi 9. 9. 5. 9. 9. 0. 5. 3. 4oportunidad unica casa de 2 pisos en comasvive en una zona tranquila y residencial con fácil acceso a vías principales, comercios y servicios. Una excelente oportunidad para adquirir una casa con amplios ambientes y gran potencial de renovación. ubicaciónurb. Huaquillaydetalles de la propiedadcasa de 2 pisos3 habitaciones2 bañosSala comedor30 años de antigüedadinversion: us$ 160, 000foto referencialcontactame zulema ricaldi 9. 9. 5. 9. 9. 0. 5. 3. 4R. U. C Ver datos|https://urbania.pe/inmueble/clasificado/veclcain-venta-de-casa-en-comas-lima-3-dormitorios-148541410?n_src=Listado&n_pg=2&n_pos=23|2026-03-18
urbania|casas|venta|Lima Norte|Comas|"AA HH Collique V Sector
Comas, Lima"|S/ 139,840 · USD 38,000|139840|38000|||"245 m² tot.
5 dorm.
3 baños"|245|5|3||Gran oportunidad para hacer realidad el sueño de la casa propia! ¡hola! Soy tu asesor inmobiliario de confianza Y tengo el placer de presentarte una casita urbana exepcionalubicado en el corazon de la 4ta zona de collique- comas. esta joya inmobiliaria cuenta con los siguientes caracteristicas: 1er piso: 1 departaamento con 2 habitaciones, cocina, baño completo, sala -comedor2do piso: 2 habitaciones, cocina, baño completo, sala-comedor3er piso: 3 cuartos, 1 baño completo, amplia lavanderia Y tendedero de ropaubicación estrategica Y de fácil acceso A diferentes lineas de tránsporte como el metropolitano, uvita, 12 de junio, el mandarino que cubre la ruta canto grande etc, etc. area del terreno 80 mtsprecio: $45, 000 Dólaresuna inversión inteligente en una de las zonas con mayor ptencial de crecimiento en lima. area construida 245 mts. compra solo al contadono dejes pasar esta oportunidad de inversión O de tener el espacio que siempre haz soñado. Contáctame para más información Y para concertar una visita. ¡llama ahora Y comencemos A cnstruir tus planes A futuro! R. U. C Ver datos|https://urbania.pe/inmueble/clasificado/veclcain-venta-de-casa-en-comas-lima-5-a-mas-dormitorios-145783077?n_src=Listado&n_pills=%C3%81rea+de+lavander%C3%ADa&n_pg=2&n_pos=24|2026-03-18
urbania|casas|venta|Lima Norte|Comas|"Pasaje Jose Olaya Mz K Lt 12 A.H. Federico Villarreal Zonal 5 segm
Collique, Comas"|S/ 325,000 · USD 90,000|325000|90000|||"90 m² tot.
6 dorm.
4 baños
1 estac."|90|6|4|1|Casa de 2 pisos. 1er Piso(2 habitaciones, con baño interior y otro de visita) 1 cocina con bajos, comedor-sala. Traga luz. Lavanderia. Cochera. Con cerámicos. 2do Piso. ( 4 habitaciones, con un baño incluido en una habitacion) 1 habitacion grande. 1 baño de visitas. Lavanderia. Balcon. Tiempo de construcción 5 años aprox. Agua, Luz, Desagua, con acceso a Gas. Ubicado a 2 cuadras de la Av. Tupac Amaru, , frente a la entrada de la Urb. San Felipe Comas|https://urbania.pe/inmueble/clasificado/veclcain-venta-de-casa-en-collique-comas-5-a-mas-dormitorios-146699802?n_src=Listado&n_pills=%C3%81rea+de+lavander%C3%ADa&n_pg=2&n_pos=25|2026-03-18
urbania|casas|venta|Lima Norte|Comas|"AV.GUILLERMO DE LA FUENTE 1000
Los Viñedos, Comas"|S/ 578,000 · USD 170,000|578000|170000|||"171 m² tot.
4 dorm.
3 baños"|171|4|3||Vendo Casa de 171 m² en Comas – Zona Esquinera – Urb. Los Viñedos. Excelente oportunidad para inversores o familias que buscan construir su hogar ideal. Se trata de una casa de 171 metros cuadrados, ubicada en esquina estratégica sobre la Avenida Guillermo de la Fuente en la urbanización Los Viñedos, Comas. La propiedad cuenta con estructuras sólidas, ideal para remodelar y adaptar a tus necesidades. Su ubicación en esquina ofrece buena ventilación, iluminación natural y posibilidad de ampliación o diseño arquitectónico personalizado. Características principales: Superficie terreno: 171 m² Ubicación privilegiada: Frente a dos vías (esquinera) Estructura resistente, lista para remodelar. Zona residencial tranquila y consolidada. Cerca a servicios básicos, transporte público y principales vías de acceso. Perfecta para quienes desean diseñar su propia casa desde cero o realizar una renovación completa. ¡No pierdas esta oportunidad! Negociable. Acepta ofertas. Ideal para constructoras o proyectos familiares. Dirección: Urb. Los Viñedos, Comas (Av. Guillermo de la Fuente) Contacto: [Ver datos] [|https://urbania.pe/inmueble/clasificado/veclcain-venta-de-casa-en-los-vinedos-comas-4-dormitorios-146685375?n_src=Listado&n_pg=2&n_pos=26|2026-03-18
urbania|casas|venta|Lima Norte|Comas|"2WRV+6JX Comas
Comas, Lima"|S/ 439,400 · USD 130,000|439400|130000|||"165 m² tot.
6 dorm.
4 baños"|165|6|4||*R. U. C: 2. 0. 6. 0. 0. 1. 6. 2. 9. 9. 4* Razón Social: Constructora e Inmobiliaria Casa 21 S. A. C. Venta de amplia casa de 2 pisos más azotea en la Urb. Huaquillay – Comas. Ubicada en la cuadra 3 de la Av. República del Perú, esta propiedad representa una excelente oportunidad para quienes buscan una vivienda espaciosa con gran potencial de inversión. Se trata de una sólida construcción de tres niveles (dos pisos construidos más azotea habilitada), ideal para familias numerosas que deseen vivir con independencia por niveles o para quienes estén pensando en un proyecto multifamiliar o de alquiler. Cuenta con accesos independientes, buena distribución de ambientes, excelente iluminación natural y se encuentra en una zona estratégica de Comas, con cercanía a avenidas principales, colegios, mercados, bodegas y diversos servicios. Esta casa ofrece versatilidad y posibilidades de crecimiento, lo que la convierte en una inversión segura para el futuro. No dejes pasar esta oportunidad única de adquirir una propiedad con gran proyección y excelente ubicación. Contáctanos hoy mismo para más información o para agendar una visita. *Contáctate con Maria Espinoza 9. 4. 1. 3. 8. 0. 6. 8. 3* Detalles Técnicos del Inmueble: - Área total del terreno (matriz): 165. 90 m² - Área construida total: 314. 72 m² Distribución de la construcción: - Primer piso 140 m² - Segundo piso 130 m² - Tercer piso (azotea) 17. 74 m² Distribución por niveles: Primer piso: - 3 accesos desde el frontis (2 al primer piso, 1 al segundo piso) - Ambiente 1, depósito, baño 1, pasadizo, cocina. - Ambientes 2 al 5, lavandería, patio. - Ambiente debajo de escalera, baño 3. - Escalera clausurada y otra hacia el segundo piso. Segundo piso. - Sala comedor con balcón. - Escritorio, pasadizo, cocina. - 4 dormitorios, 1 baño. - Tendal y escalera a la azotea. Azotea (tercer piso): - Área libre. Ubicación Estratégica en Comas: - Cerca del Centro Comercial Mega 80. - A minutos del istp Carlos Cueto Fernandini. - A pocos metros del Colegio Politécnico Estados Unidos. - Fácil acceso a avenidas principales y transporte público. Características Adicionales: - Edificación formalmente declarada. - Documentación en regla. - Ideal para vivienda, alquiler o proyecto inmobiliario. Precio: us$ 150, 000. 00. ¡Todo lo que necesitas para vivir de la mejor manera! No pierdas la oportunidad. Contáctanos ahora para más información y agendar una visita. *Contáctate con Maria Espinoza 9. 4. 1. 3. 8. 0. 6. 8. 3*|https://urbania.pe/inmueble/clasificado/veclcain-venta-de-casa-en-comas-lima-5-a-mas-dormitorios-147055213?n_src=Listado&n_pills=%C3%81rea+de+lavander%C3%ADa&n_pg=2&n_pos=27|2026-03-18
urbania|casas|venta|Lima Norte|Comas|"Av. 24 de Enero al 300
Comas, Lima"|S/ 390,000 · USD 112,068|390000|112068|||"150 m² tot.
4 dorm.
2 baños"|150|4|2||Se vende casa de dos pisos en comas- 4 dormitorios. - 2 baños completos - Cerca a las Av. Principales- Cerca a colegios e instituciones medicas- Cerca a academias, colegios, bodegas. - Salida rápida a la panamericana norte. - Cerca al Hospital Sergio Bernales de ColliqueAprovecha la ocasión de tener tu propiedad a un precio económico en Comas. El precio económico es de ocasiónAgendar visita. Conoce la zona cerca a todo. disponible A partir de mayor. U. C Ver datos|https://urbania.pe/inmueble/clasificado/veclcain-venta-de-casa-en-comas-lima-4-dormitorios-147066189?n_src=Listado&n_pg=2&n_pos=28|2026-03-18
urbania|casas|venta|Lima Norte|Comas|"Av. Estado de Israel No 267 el Alamo Comas
Comas, Lima"|S/ 369,600 · USD 110,000|369600|110000|||"70 m² tot.
5 dorm.
4 baños"|70|5|4||Venta de Casa en Comas 70m2 ComasÁrea de Terreno 70m2Área Construida 140m24 pisos1er Piso1 Sala comedor1 cocina1 BañoLavanderia2do piso3 habitaciones2 Baño3er Piso1 habitacion grande1 habitacion pequeña1 cocina1 baño4to PisolavanderiaLuz, Agua y Gas caliddaIndependiente. Precio $ 110, 000Rodeado de Universidad, colegios, Malla Unicachi. Agenda Tú visita Ya! R. U. C Ver datos|https://urbania.pe/inmueble/clasificado/veclcain-venta-de-casa-en-comas-lima-5-a-mas-dormitorios-148318805?n_src=Listado&n_pills=%C3%81rea+de+lavander%C3%ADa&n_pg=2&n_pos=29|2026-03-18
urbania|casas|venta|Lima Norte|Comas|"Jiron Tarma
Comas, Lima"|S/ 958,300 · USD 259,000|958300|259000|||"250 m² tot.
10 dorm.
4 baños"|250|10|4||Casa en Venta en Jr. Tarma 588, Comas – Ideal para Inversión o Vivienda MultifamiliarUbicación: Jr. Tarma 588, ComasA solo una cuadra de la Municipalidad de Comas – Zona altamente comercial y residencialCasa de tres niveles sobre un terreno de 250 m², con excelente distribución y proyección. Ideal para familias numerosas, inversión inmobiliaria o renta independiente por departamentos. Las cinco unidades inmobiliarias están independizadas en Registros Públicos, ofreciendo seguridad legal y flexibilidad. Características GeneralesEstructura sólida y funcionalIngreso independiente por nivelGas natural Calidda disponibleExcelente iluminación y ventilaciónDocumentación en regla: inscrita en Registros Públicos, libre de cargas y gravámenesPrimer PisoÁrea techada: 80. 60 m² y 92. 41 m²Espacio libre para futura construcción: 50. 03 m²2 dormitorios2 baños completosSala estilo americanaCocina con gabinetes altos y bajos (departamento del frente) Ingreso independienteSegundo PisoÁrea techada: 86. 24 m² y 95. 72 m²3 dormitorios en cada departamentoSala estilo americana1 baño completoÁrea para lavandería en cada departamentoIngreso independienteTercer Piso / AzoteaÁrea habilitada con proyección La casa está compuesta por 5 unidades inmobiliarias independientes, ideal para generar ingresos mensuales o desarrollar un proyecto residencial/comercial. Zona con alto potencial de crecimiento y excelente conectividad. Contáctanos para más información o agendar una visita. T. C. 3. 70Tipo de cambio referencial, sujeto a variación diaria por fluctuación del mercado|https://urbania.pe/inmueble/clasificado/veclcain-venta-de-casa-en-comas-lima-5-a-mas-dormitorios-146396887?n_src=Listado&n_pills=%C3%81rea+de+lavander%C3%ADa&n_pg=2&n_pos=30|2026-03-18
urbania|casas|venta|Lima Norte|Comas|"Av. Chacra Cerro 15316
Comas, Lima"|S/ 603,000 · USD 180,000|603000|180000|||"252 m² tot.
1 dorm.
1 baño"|252|1|||¡Oportunidad para inversionistas y constructores! Se vende casa como terreno de 252 m² ubicada en Comas, ideal para desarrollo inmobiliario, comercial o familiar. La propiedad cuenta con una construcción antigua, pero ofrece un excelente terreno con gran proyección de valorización y espacio suficiente para nuevos proyectos. Distribución actual: • 1 habitación. • Amplio ambiente para sala y comedor. • 1 baño. • Ambiente adicional para oficina o depósito. • Jardín delantero. Ubicación estratégica: Frente a mercado organico de trapiche. A una cuadra de la avenida Trapiche y minutos de la Panamericana Norte. Frente al Colegio John Nash. Encontrarás el mercado Orgánico de Trapiche y otros comercios. Ideal para quienes buscan invertir o desarrollar un proyecto en una zona con alta demanda y crecimiento constante. Documentos en regla – Un solo propietario. Listo para la venta! ¡Contáctame para más información o coordinar una visita!|https://urbania.pe/inmueble/clasificado/veclcain-venta-de-casa-en-comas-lima-1-dormitorio-148339589?n_src=Listado&n_pills=Cerca+a+colegios&n_pg=3&n_pos=1|2026-03-18
urbania|casas|venta|Lima Norte|Comas|"Urbanización Santa Isolina
Santa Isolina, Comas"|S/ 840,000 · USD 250,000|840000|250000|||"380 m² tot.
9 dorm.
7 baños
1 estac."|380|9|7|1|Remato! Oportunidad! Para vivir Y como inversión! Casa súper amplia más 3 mini-departamentos. A continuación, cuenta con la siguiente distribución: 1er piso tiene 107 metros techados: 2 baños completos. 3 cuartos amplios, lavandería, cocina, cochera. 2do piso tiene 107 metros techados: 2 baños completos 3 cuartos grandes y un cuarto pequeño. Sala, comedor y cocina entrada independiente. 3er piso tiene 104 metros techados: 2 mini-departamentos (ideal inversión!), uno de ellos tiene 1 cuarto, 1 baño completo, cocina, sala-comedor. El otro mini-departamento tiene 1 cuarto, sala, comedor, cocina, 1 baño completo. Ambos entrada independiente. 4to piso tiene 45 metros techados más azotea: un mini-departamento (ideal inversión!), con 2 cuartos, 1 baño completo, un espacio grande se usa como sala, comedor 1 cocina pequeña. El resto del cuarto piso se usa como tendedero. Hay dos tanques grandes de agua. Todo el tiempo hay agua con buena presión. El medidor de luz es trifásico. Cada dpto tiene entrada independiente. Área Terreno: 130 m2. Área de construcción: 360 m2. Declaratoria de fábrica y todos los papeles en regla. Si desea más información o visitarla llámenos al Ver datos|https://urbania.pe/inmueble/clasificado/veclcain-venta-de-casa-en-santa-isolina-comas-5-a-mas-dormitorios-148101140?n_src=Listado&n_pills=Cuartos+de+servicio&n_pg=3&n_pos=2|2026-03-18
urbania|casas|venta|Lima Norte|Comas|"Urb San Agustin 2Da Etapa
San Agustin Ii Etapa, Comas"|S/ 604,800 · USD 180,000|604800|180000|||"120 m² tot.
11 dorm.
8 baños"|120|11|8||Bienvenido a esta excepcional residencia de tres pisos ubicada en la prestigiosa Urbanización San Agustín de Comas, a pocos metros de la Plaza Vea de la Av. Túpac Amaru. Esta propiedad no solo goza de una ubicación privilegiada, sino que también ofrece comodidad y conveniencia en una de las zonas más populares de la ciudad. Este hogar cuenta con una conexión de gas natural, garantizando una mayor eficiencia y comodidad para sus residentes. Estratégicamente situada a tan solo 2 cuadras del cruce de las Avenidas Micaela Bastidas y Túpac Amaru en Comas, proporciona un acceso rápido y sencillo a una variedad de servicios y al transporte público. Distribución del Inmueble: Primer Piso: - Mini departamento con habitación, cocina, sala y baño completo. - Espacio destinado para tienda con acceso directo a la calle (incluye baño). - Departamento con 2 habitaciones amplias, cocina independiente con muebles altos y bajos, sala comedor, patio lavandería y baño completo. Segundo Piso: - Departamento con 2 habitaciones (una con baño completo), amplia sala comedor con balcón y vista exterior, baño completo, cocina independiente. - 2 mini departamentos tipo dúplex y tríplex, cada uno con una habitación, sala comedor, cocina y baño completo. Tercer Piso: - Departamento con 3 habitaciones, sala comedor con balcón y vista exterior, baño completo. Azotea: - Espacio circulado para tendal. Con un área de terreno de 120 m², esta propiedad destaca por sus generosas dimensiones, con 8 metros lineales de frente y 15 metros lineales de lado. La construcción abarca un total de 310 m² distribuidos en sus 3 plantas, lo que garantiza amplios espacios para el disfrute de toda la familia. La casa cuenta con 11 habitaciones y 8 baños, proporcionando la privacidad y comodidad que usted y su familia merecen. Descubra el equilibrio perfecto entre elegancia, funcionalidad y ubicación ideal en esta impresionante residencia de tres pisos en San Agustín de Comas. Esta propiedad es perfecta para quienes buscan vivir cómodamente, pero también para quienes desean invertir y generar ingresos adicionales. Contáctame para más información. Llámame o escríbeme por WhatsApp. ¡Estoy para ayudarte a encontrar la mejor opción!|https://urbania.pe/inmueble/clasificado/veclcain-venta-de-casa-en-san-agustin-ii-etapa-comas-5-a-mas-dormitorios-147704289?n_src=Listado&n_pills=%C3%81rea+de+lavander%C3%ADa&n_pg=3&n_pos=3|2026-03-18
urbania|casas|venta|Lima Norte|Comas|"Casimiro Espejo 204, Comas
Santa Luzmila, Comas"|S/ 519,715 · USD 155,000|519715|155000|||"210 m² tot.
1 estac."|210|||1|Venta de casa como terreno frente al parque Virgen de Asunción, ubicada entre las Universitaria, Carabayllo y 22 de Agosto. Actualmente la casa presenta una construcción de tres pisos, sin acabados. El terreno tiene un área de 210. 80m2, con un frente de 10. 55mLa documentación del inmueble se encuentra debidamente saneada. ruc Ver datos|https://urbania.pe/inmueble/clasificado/veclcain-venta-de-casa-en-santa-luzmila-comas-149119303?n_src=Listado&n_pg=3&n_pos=4|2026-03-18
urbania|casas|venta|Lima Norte|Comas|"Avenida Santa Cruz
Comas, Lima"|"S/ 241,500 · USD 70,000
12%"|241500|70000|12%||"260 m² tot.
3 dorm.
3 baños"|260|3|3||Se trata de una casa de 03 pisos y azotea, la cual se estima tiene uso de vivienda. Ubicada en esquina, en una zona de vivienda. Construida de. material noble y su estado de conservación se estima regular. No se hizo la inspección ocular del inmueble, sin embargo, el perito asume la. siguiente distribución basándose en el registro fotográfico obtenido durante la visita realizada por el solicitante y de acuerdo al metraje. Distribución: Piso 1: Ingreso, sala - comedor - cocina, pasadizo, 02 dormitorios, 01 baño y escalera al piso 2. Piso 2: Llegada de escalera, sala - comedor - cocina, cuartos, baño y escalera al piso 3. Piso 3: Llegada de escalera, sala - comedor - cocina, cuartos, baño y escalera a la azotea. Contacto: Ver datos|https://urbania.pe/inmueble/clasificado/veclcain-venta-de-casa-en-comas-lima-3-dormitorios-149094846?n_src=Listado&n_pg=3&n_pos=5|2026-03-18
urbania|casas|venta|Lima Norte|Comas|"compañía de bomberos comas
Comas, Lima"|S/ 840,000 · USD 240,000|840000|240000|||"120 m² tot.
10 dorm.
5 baños
1 estac."|120|10|5|1|Casa de 4 pisos en Comas: 120 m² de terreno y 314 m² construidos. 4 niveles independientes, ideales para alquilar por separado o vivir y generar ingresos. Distribución: • 1er y 2do piso: 3 dormitorios, 2 baños, sala, comedor y cocina. • 3er y 4to piso: 4 dormitorios, 1 baño y amplia terraza para reuniones. Total: 10 dormitorios y 5 baños. 1 cochera techada. Ubicación estratégica: a 2 min del Hospital Sergio Bernales, cerca a colegios, mercados, clínicas, avenidas principales y Metropolitano|https://urbania.pe/inmueble/clasificado/veclcain-venta-de-casa-en-comas-lima-5-a-mas-dormitorios-147755450?n_src=Listado&n_pills=Parrilla&n_pg=3&n_pos=6|2026-03-18
urbania|casas|venta|Lima Norte|Comas|"Av. San Juan Bautista 272, Comas 15311, Perú
Comas, Lima"|S/ 449,800 · USD 130,000|449800|130000|||160 m² tot.|160||||Se vende casa como terreno con un área total de 160 m², ubicada en una zona estratégica del distrito de Comas, cerca del Hospital Nacional Sergio E. Bernales, lo que genera alto movimiento comercial y gran potencial de valorización. Área de terreno: 160 m² Linderos y medidas perimétricas:? Frente: 8 ml? Fondo: 8 ml? Lado izquierdo: 20 ml? Lado derecho: 20 mlLa propiedad cuenta con construcción en el primer piso con divisiones internas; sin embargo, el inmueble se comercializa principalmente como terreno, ideal para desarrollo de un nuevo proyecto inmobiliario. Servicios disponibles:? Agua? Luz? Gas natural instaladoIdeal para:? Proyecto de vivienda? Edificio multifamiliar? Consultorios médicos? Farmacia o negocio relacionado con el sector salud? Inversión inmobiliaria Ubicación estratégica: Cerca del hospitalZona con alto tránsito peatonal y vehicularAcceso a transporte público, comercios, farmacias, mercados y servicios Documentación en regla Gran oportunidad de inversión en una zona con alta demanda y crecimiento. Para mayor información o coordinar una visita. R. U. C Ver datos|https://urbania.pe/inmueble/clasificado/veclcain-venta-de-casa-en-comas-lima-149202352?n_src=Listado&n_pg=3&n_pos=7|2026-03-18
urbania|casas|venta|Lima Norte|Comas|"Av. Universitaria 7760
Comas, Lima"|S/ 2,150,000 · USD 625,000|2150000|625000|||"242 m² tot.
12 dorm.
5 baños"|242|12|5||Casa en venta — 4 pisos · Ideal para inversión o familia numerosa. Dirección: Av. Universitaria 7760, Comas Ver datos, Perú Características principales: - ️ Pisos: 4. - Área de terreno: 242. 95 m² - Área construida: 351. 00 m² - ️ Habitaciones: 12. - Baños: 5. Descripción breve: Espaciosa casa de 4 niveles con 351 m² de construcción sobre una parcela de 242. 95 m² en una ubicación estratégica sobre Av. Universitaria. Ambientes amplios y bien distribuidos que permiten múltiples usos: perfecta para vivienda familiar grande, proyecto de renta (departamentos u hostal), oficinas o emprendimiento comercial. Construcción relativamente moderna (8 años) con gran potencial de valorización. Ventajas destacadas: - Excelente ubicación sobre vía principal, con fácil acceso a transporte y servicios. - Distribución flexible: varios ambientes que se adaptan a reformas según necesidad. - Oportunidad de inversión por su tamaño y número de habitaciones. - Buena iluminación y circulación entre pisos. ¿Te interesa conocerla en detalle o programar una visita? Solicita más información y evalúa el potencial de esta propiedad en Comas.|https://urbania.pe/inmueble/clasificado/veclcain-venta-de-casa-en-comas-lima-5-a-mas-dormitorios-149282596?n_src=Listado&n_pg=3&n_pos=8|2026-03-18
urbania|casas|venta|Lima Norte|Comas|"Jr. Arnaldo Marquez 203
Comas, Lima"|S/ 502,500 · USD 150,000|502500|150000||1|"302 m² tot.
6 dorm.
5 baños"|302|6|5||Amplia casa bien ubicada con 302 m² construidos. ¡Tu nuevo hogar te espera! Esta espaciosa casa de 2 pisos con un área total de 160 m² y 302 m² construidos ofrece todo lo que necesitas para vivir cómodamente. Ubicada cerca de una zona estratégica con acceso a tiendas comerciales, colegios, restaurantes y bancos, es ideal para familias que buscan comodidad y conveniencia. Distribución: Primer piso: Sala y comedor amplios, perfectos para reuniones familiares. Cocina cerrada con excelente iluminación natural. 2 habitaciones espaciosas, ideales para dormitorios o estudio. Lavandería funcional. 1 baño completo. Cochera para un vehículo. Segundo piso: Sala y comedor de gran tamaño. 3 habitaciones confortables. 2 baños completos. Área de lavandería adicional. Tercer piso: Espacio listo para personalizar y terminar según tus necesidades. Características adicionales: La propiedad se encuentra en una ubicación privilegiada, con excelente acceso a servicios esenciales y transporte público. Ideal para familias numerosas o para quienes buscan un inmueble con potencial de personalización. Las instalaciones de agua y desagüe han sido recientemente cambiadas. ¡Contáctanos para más información o agendar una visita! Precio negociable|https://urbania.pe/inmueble/clasificado/veclcain-venta-de-casa-en-comas-lima-5-a-mas-dormitorios-148657569?n_src=Listado&n_pills=%C3%81rea+de+lavander%C3%ADa&n_pg=3&n_pos=9|2026-03-18
urbania|casas|venta|Lima Norte|Comas|"Calle 20
Comas, Lima"|S/ 435,500 · USD 130,000|435500|130000|||"20983 m² tot.
4 dorm.
3 baños"|20983|4|3||Casa urbana en Comas — 2 pisos, lista para vivir. Ubicación privilegiada dentro del distrito, cerca a principales vias de acceso y transporte salidas a la Av. Trapiche, Panamericana Norte, Universitaria, cerca a la estacion del Metropolitano. En la zona hay parques e importantes colegios como el john nash, henry la fontaine Y diversas Universidades. Características principales: - ️ Pisos: 2. - Área de terreno: 121. 00 m² - Área construida: 209. 83 m² - ️ Habitaciones: 4. - Baños: 3. - Antigüedad: 17 años. - 1 Estacionamiento. - Estudio. - Sala de estar. Descripción breve: Vivienda familiar de dos niveles con una construcción generosa que aprovecha muy bien el terreno. Ambientes cómodos y bien distribuidos, ideal para quienes buscan espacio y confort en una zona residencial consolidada de Comas. Perfecta como primera vivienda o para inversión por su buena conservación y distribución, ademas cuenta con Gas Calidda. Posibilidad de construir 3 pisos mas azotea. ¿Quieres verla en persona? Agenda una visita y descubre su potencial.|https://urbania.pe/inmueble/clasificado/veclcain-venta-de-casa-en-comas-lima-4-dormitorios-148875114?n_src=Listado&n_pg=3&n_pos=10|2026-03-18
urbania|casas|venta|Lima Norte|Comas|"Av. Túpac Amaru 3406, Comas 15327, Perú
Comas, Lima"|S/ 971,500 · USD 290,000|971500|290000|||"400 m² tot.
6 dorm.
3 baños"|400|6|3||"Casa en Av. Túpac Amaru 3412 – Comas3 pisos | 160 m² de terreno | 6 habitaciones | 3 bañosSe vende amplia propiedad ubicada en plena Av. Túpac Amaru 3412 – Comas, una de las avenidas más comerciales y transitadas de Lima Norte, ideal para vivienda, negocio o inversión con múltiples usos. Distribución por niveles: Primer Piso (uso comercial activo) En la parte izquierda funciona un local comercial, con excelente exposición hacia la avenida. En la parte derecha funciona actualmente una iglesia, generando flujo constante de personas. Perfecto para inversionistas que buscan ingresos inmediatos por alquiler o continuidad comercial. Segundo Piso (espacio libre) Actualmente se encuentra totalmente vacío, ideal para acondicionar como departamentos, oficinas, consultorios o ampliación del negocio. Gran potencial de adaptación según necesidad. Tercer Piso (uso recreativo) Acondicionado como sala de bailes, espacio amplio y ventilado. Ideal para eventos, talleres, academia de danza, reuniones o actividades recreativas. Características generales: 6 habitaciones3 bañosConstrucción de 3 niveles160 m² de terrenoUbicación estratégica con alto tránsito peatonal y vehicular Ubicación estratégicaUbicada en plena Av. Túpac Amaru, zona altamente comercial con presencia de: Bodegas y minimarketsFerreterías y tiendas comercialesBoticas y consultoriosRestaurantes y negocios de comidaTransporte público permanente Ideal para: Inversionistas que buscan propiedad con ingreso comercial activo Instituciones (academias, iglesias, oficinas administrativas) Negocio + vivienda Desarrollo de mini departamentos para alquilerR. U. C Ver datos"|https://urbania.pe/inmueble/clasificado/veclcain-venta-de-casa-en-comas-lima-5-a-mas-dormitorios-149148594?n_src=Listado&n_pg=3&n_pos=11|2026-03-18
urbania|casas|venta|Lima Norte|Comas|"C. 6 101
Comas, Lima"|S/ 569,500 · USD 170,000|569500|170000|||"193 m² tot.
4 dorm.
2 baños
2 estac."|193|4|2|2|Si esta oportunidad es de tu interés, comunicarte con Karen Acevedo al 9. 7. 2. 6. 8. 5. 3. 4. 4. Agente inmobiliaria asociada a re/max Gestión Inmobiliaria o visítanos en Calle Coronel Inclán 235 Oficina 402 en Miraflores, nuestra central telefónica es 7. 1. 5. 0. 9. 0. 6. Dirección: Calle 6 N°101, Urb. El Pinar, Comas. Excelente ubicación: A solo 1 cuadra de la Av. El Pinar y 2 cuadras de la Av. Trapiche, con fácil acceso a transporte público, comercios y servicios. Ubicada frente a un colegio, en una zona segura y residencial. - Área total del terreno: 193. 20 m² - Área construida: 139 m² - Distribución: - Primer piso (85 m²): Sala y comedor amplios, con buena iluminación natural y espacio para recibir a toda la familia. Cocina cerrada, ideal para quienes prefieren mantener este ambiente separado del área social. Cuarto de estudio o escritorio, perfecto para trabajar desde casa o como habitación adicional. 1 ½ baños, brindando comodidad para visitas y residentes. Patio interior, un espacio versátil para disfrutar al aire libre o incluso adaptar como zona de parrilla. Cochera para dos autos, con fácil acceso y espacio suficiente para vehículos grandes. - Segundo piso (54 m²): Dormitorio principal con closet, espacio para una cama grande y muebles adicionales. Dos dormitorios secundarios muy amplios, perfectos para familias con hijos o para usarlos como habitaciones multifuncionales. Baño completo, compartido para los dormitorios del segundo nivel. Antigüedad: 32 años, con una estructura sólida y buenos cimientos, lista para adaptarse a las necesidades de su próximo propietario.|https://urbania.pe/inmueble/clasificado/veclcain-venta-de-casa-en-comas-lima-4-dormitorios-148586571?n_src=Listado&n_pg=3&n_pos=12|2026-03-18
urbania|casas|venta|Lima Norte|Comas|"lote 46 manzana B 3 urbanizacion el pinar comas
El Pinar, Comas"|S/ 423,500 · USD 121,000|423500|121000|||"124 m² tot.
3 dorm.
2 baños
1 estac."|124|3|2|1|Se vende hermosa casa en urbanización tranquila, cerca a todo, ideal para familias con niños en edad escolar, cerca a parque, colegios, mercado, tiendas, bodegas, entre otros, con salida a avenidas principales como: Avenida Universitaria, Los Inkas, Retablo, Chillón Trapiche, Sangarará, Sinchi roca, etc. Caracteristicas: Area de terreno 120m2. 3 dormitorios amplios espacios. } 2 baños completos. 1 medio baño de visitas. Cocina cerrada recién remodelada, con muebles altos y bajos, moderna y funcional. Estacionamiento para un auto. 2 do piso área construida 24 m2, escalera independiente a la calle. Aprovecha la oportunidad de vivir en un lugar cómodo y bien ubicado. Para mayor información o para agendar una visita, contactanos 9. 9. 9. 2. 7. 0. 9. 1. 8|https://urbania.pe/inmueble/clasificado/veclcain-venta-de-casa-en-el-pinar-comas-3-dormitorios-144802701?n_src=Listado&n_pills=Cerca+a+colegios&n_pg=3&n_pos=13|2026-03-18
urbania|casas|venta|Lima Norte|Comas|"Calle 44
El Pinar, Comas"|S/ 542,190 · USD 159,000|542190|159000|||"127 m² tot.
4 dorm.
4 baños"|127|4|4||Casa de 2 pisos + aires Ideal para vivir o invertir. Esta propiedad ofrece una excelente distribución y múltiples opciones de uso. Con amplios espacios y un local comercial en el primer piso, es perfecta tanto para el hogar como para generar ingresos adicionales. Características principales: ️4 dormitorios amplios y luminosos. 4 baños, brindando comodidad y privacidad. Sala-comedor espaciosos, perfectos para compartir en familia. Cocina funcional, ideal para preparar tus mejores platillos. Lavandería independiente, para mayor comodidad. Primer piso: Local comercial con gran potencial, perfecto para emprendedores o como cochera. ¡No dejes pasar esta oportunidad de tener una propiedad que combina confort y rentabilidad|https://urbania.pe/inmueble/clasificado/veclcain-venta-de-casa-en-el-pinar-comas-4-dormitorios-148620791?n_src=Listado&n_pills=Cerca+a+colegios&n_pg=3&n_pos=14|2026-03-18
urbania|casas|venta|Lima Norte|Comas|"Av. Belaúnde Este N° 1883, Comas
Comas, Lima"|S/ 273,000 · USD 79,000|273000|79000|||"250 m² tot.
4 dorm.
4 baños"|250|4|4||¡oportunidad de inversión en comas! Casa en venta. contactame. Orlando. 9. 9. 2. 0. 5. 9. 9. 1. 1. Dirección: Jiron Pisco. Altura de Av. Belaúnde Este Cuadra 18 y Calle Cerro de Pasco, Comas. Urbanizacion El Carmen. Área de terreno: 86 m² Área construida total: 258 m² Distribución: 2 pisos + Aires. Lavandería y depósito en el tercer nivel. cocina tipo americana con reposteros altos y bajos. contactame. Orlando. 9. 9. 2. 0. 5. 9. 9. 1. 1. ¡Ubicada en una de las avenidas principales de Comas! Ideal para vivienda, negocio o proyecto inmobiliario. La propiedad cuenta con: Amplios ambientes bien distribuidos. Excelente iluminación natural. Potencial para seguir construyendo en los aires. Frente a zona de alto tránsito, perfecta para comercio. Servicios completos y documentación en regla. Precio a tratar. ¡Contáctanos hoy mismo para agendar una visita y no dejes pasar esta gran oportunidad!|https://urbania.pe/inmueble/clasificado/veclcain-venta-de-casa-en-comas-lima-4-dormitorios-146972871?n_src=Listado&n_pills=%C3%81rea+de+lavander%C3%ADa&n_pg=3&n_pos=15|2026-03-18
urbania|casas|venta|Lima Norte|Comas|"Jirón José A. Sucre 420
San Agustin, Comas"|S/ 901,000 · USD 260,000|901000|260000|||"122 m² tot.
3 dorm.
2 baños"|122|3|2||¡Vive en una de las zonas más tranquilas y solicitadas de Comas! Esta hermosa casa en la Urbanización San Agustín destaca por su excelente distribución y amplios espacios iluminados. Rodeado de Centro comerciales, comercio, farmacias Bancos colegios y a 1 cdra de la estación Belaunde del Metropolitano. Se vende casa at. 122. 50 A. C 325. 50m2, 7ml de frontis, 1er piso: Garaje, sala comedor, cocina abierta, 1 cuarto de servicio, lavanderia, patio lavandería, 3 baños. 2do piso: 3 minidepartamentos (sala, comedor, 1 baño y 2 habitaciones) 3er piso: 3 minidepartamentos (sala, comedor, 1 baño y 2 habitaciones)|https://urbania.pe/inmueble/clasificado/veclcain-venta-de-casa-en-san-agustin-comas-3-dormitorios-148606630?n_src=Listado&n_pills=%C3%81rea+de+lavander%C3%ADa&n_pg=3&n_pos=16|2026-03-18
urbania|casas|venta|Lima Norte|Comas|"Rubies
Comas, Lima"|S/ 699,999 · USD 199,999|699999|199999|||"168 m² tot.
8 dorm.
4 baños"|168|8|4||*Venta de amplia Casa en Comas! * Área de terreno 168m2, construido 126m2, en total 2 pisos más terraza. Ubicado en la urbanización San Eulogio, cerca del cruce entre las avenidas universitaria con metropolitana, con fácil acceso a todos lados, Consta de 8 habitaciones, 4 baños, amplia sala comedor, área de cocina privada, lavandería, terraza y cochera para 1 vehículo. Antigüedad 31 años muy bien conservados. Toda la documentación en regla. Solicita vídeo al interno. *Condiciones del pago: * -$210, 000 mil dólares a tratar. -Pago de servicios por consumo propio. -Contar con cash o inicial mínimo de 20% para calificar al crédito hipotecario. *bel group real estate* www. brokerenlinea. com|https://urbania.pe/inmueble/clasificado/veclcain-venta-de-casa-en-comas-lima-5-a-mas-dormitorios-149049947?n_src=Listado&n_pills=%C3%81rea+de+lavander%C3%ADa&n_pg=3&n_pos=17|2026-03-18
urbania|casas|venta|Lima Norte|Comas|"Av. Túpac Amaru
Tupac Amaru Ii, Comas"|S/ 680,200 · USD 190,000|680200|190000|||"209 m² tot.
3 dorm.
3 baños"|209|3|3||Venta de casa en comas. Ubicado entre la Av. Túpac Amaru, la Av. Universitaria y Av. Los Incas. Frente al parque. Precio: $190, 000. - Área total 209 m² - Área construida 189 m² - Frente 10 m. - Fondo 20 m. Consta de: - Sala comedor. - Cocina cerrada. - 3 habitaciones. - 3 baños completos. - Área de lavandería. - Cochera. Certificado de parámetros. Papeles en regla, listo para la entrega. Contáctame: WhatsApp Ver datos|https://urbania.pe/inmueble/clasificado/veclcain-venta-de-casa-en-tupac-amaru-ii-comas-3-dormitorios-148958163?n_src=Listado&n_pills=%C3%81rea+de+lavander%C3%ADa&n_pg=3&n_pos=18|2026-03-18
urbania|casas|venta|Lima Norte|Comas|"ZARUMILLA 180
Comas, Lima"|"S/ 431,250 · USD 125,000
5%"|431250|125000|5%||"239 m² tot.
3 dorm.
2 baños"|239|3|2||Ideal casa ubicada en zona centrica de comas, de 119M2 de terreno Y 238M2 en total. cuenta con 3 dormitorios Y 2 banos. Si tiene mayores consultas O desea coordinar una visita estaremos atentos. Contacto: Ver datos|https://urbania.pe/inmueble/clasificado/veclcain-venta-de-casa-en-comas-lima-3-dormitorios-148436690?n_src=Listado&n_pg=3&n_pos=19|2026-03-18
urbania|casas|venta|Lima Norte|Comas|"Avenida Libertad 353
Comas, Lima"|S/ 216,450 · USD 58,500|216450|58500|||"80 m² tot.
3 dorm.
1 baño"|80|3|||Ubicación: Av. Libertad 353, Comas. Precio: $58, 500. Características: 3 habitaciones (ppl con balcón) 1 baño completo y 1 medio baño. Sala - comedor. Área de lavandería. Ubicación privilegiada: Zona comercial y concurrida. Cerca a un gran mercado. Fácil acceso y conectividad. Oportunidad ideal para inversión o construcción. Contáctanos para más información.|https://urbania.pe/inmueble/clasificado/veclcain-venta-de-casa-en-comas-lima-3-dormitorios-145724886?n_src=Listado&n_pills=%C3%81rea+de+lavander%C3%ADa&n_pg=3&n_pos=20|2026-03-18
urbania|casas|venta|Lima Norte|Comas|"san felipe con ica comas
Santa Isabel, Comas"|S/ 540,600 · USD 159,000|540600|159000|||"150 m² tot.
4 dorm.
3 baños
1 estac."|150|4|3|1|"Amplia casa de tres niveles, ""frente A parque"". Comas. Referencia; A media cuadra del cruce de Av, Universitaria y cuadra 7 de la Av, San Felipe Comas. ¡No pierdas la oportunidad de vivir en la mejor zona Comas! Judy Trinidad. 9. 3. 4. 8. 0. 7. 3. 1. 7. descripcion: Área Total: 150m2. Área construida: 261. 1er Pisol: Patio externo( cochera) e interno ( uso de lavandería), sala y comedor amplía, un baño completo, escaleras externa e interna. 2do Piso: Sala amplía, 3 dormitorios, 1 baño completo, cuarto de plantado, balcón, escaleras externas e interna. 3er Piso: Patio amplia, 1 baño completo, 1dormitorio. Precio de Venta. us159, 000 (negociable) ¡No pierdas la oportunidad de vivir en la mejor zona Comas!"|https://urbania.pe/inmueble/clasificado/veclcain-venta-de-casa-en-santa-isabel-comas-4-dormitorios-145670145?n_src=Listado&n_pills=%C3%81rea+de+lavander%C3%ADa&n_pg=3&n_pos=21|2026-03-18
urbania|casas|venta|Lima Norte|Comas|"Av. Republica del Peru
Comas, Lima"|S/ 798,380 · USD 209,000|798380|209000||1|"424 m² tot.
12 dorm.
8 baños
1 estac."|424|12|8|1|? Venta casa 5 pisos misma av. Republica del peru 1385? En cada piso hay un departamento de 86 M2( del 2do al 5to piso) - 3 dorimtorios - 2 baños - ingreso independiente en el primer piso hay un local comercial de 86 M2. Ubicado en Av. Republica del Perú, Comas A 2 Cuadras de la Av. Tupac Amaru Frente al Mercado de Abastos apecolip? 12 Habitaciones 08 Baños Estacionamientos en el ingreso Área Terreno: 89. 00 m2 Área construida: 425. 00 m2 Antigüedad: 25 años Edificio de 5 Pisos + Azotea (1 mini departamento) ¡Precio de venta: $ 209, 000 Dolares Precio Negociable!! ¡Contáctanos ahora para programar una visita! Titulo Propiedad Independizado ¡No pierdas la oportunidad de invertir en una propiedad de alto potencial!!|https://urbania.pe/inmueble/clasificado/veclcain-venta-de-casa-en-comas-lima-5-a-mas-dormitorios-147694168?n_src=Listado&n_pills=Cerca+a+colegios&n_pg=3&n_pos=22|2026-03-18
urbania|casas|venta|Lima Norte|Comas|"urbanización el parral parque Bogotá Comas
Comas, Lima"|S/ 1,071,000 · USD 315,000|1071000|315000|||"510 m² tot.
8 dorm.
7 baños
1 estac."|510|8|7|1|Casa Multifamiliar en Comas – 215 m² / 554 m² construidos. Frente a parque – Vivienda + Negocio. Ubicación estratégica con vista abierta y excelente ventilación. Características: 215 m² de terreno. 554 m² construidos. Dividida en pisos multifamiliares. 8 cuartos / 6 habitaciones. Cochera. Frente a parque. Terraza con vista increíble. Acabados en madera. Distribución: 1° y 2° piso: Viviendas independientes. 3° piso: Área laboral / oficina. Azotea: Terraza amplia perfecta para reuniones. Ideal para: Rentar por pisos. Vivienda familiar + negocio. Oficina, taller, coworking|https://urbania.pe/inmueble/clasificado/veclcain-venta-de-casa-en-comas-lima-5-a-mas-dormitorios-148483506?n_src=Listado&n_pills=Frente+a+parque&n_pg=3&n_pos=23|2026-03-18
urbania|casas|venta|Lima Norte|Comas|"Lord Cochrane 1066, Comas 153
Comas, Lima"|S/ 219,050 · USD 65,000|219050|65000|||"200 m² tot.
8 dorm.
3 baños
1 estac."|200|8|3|1|Casa con gran potencial en Comas — ideal para familia o inversión. Características principales: - Pisos: 2. - Área de terreno: 200. 00 m² - Área construida: 70. 00 m² - Estacionamientos: 1. - Baños: 3. - Habitaciones: 8. - Antigüedad: 29 años. Por qué te conviene conocerla: - Amplio terreno respecto a la construcción: excelente oportunidad para ampliar la casa, construir un segundo proyecto independiente o generar área verde y patio amplio. - Ocho habitaciones distribuidas en dos niveles: posibilidad de adaptarlas como dormitorios grandes, habitaciones para alquiler, oficinas en casa o ambientes multifuncionales. - Tres baños y estacionamiento en propiedad: comodidad para una familia numerosa o para varios inquilinos. - Construcción sólida con antigüedad que permite modernizar acabados a gusto y sumar valor rápidamente. - Ubicación en Comas: sector con movimiento comercial y accesos a transporte (ideal para renta o para vivir con servicios cercanos). Ideal para: familias que buscan espacio, inversores que buscan rentabilizar con compartimentación, o compradores que deseen una propiedad para remodelar y aumentar su plusvalía. ¿Te interesa una visita o recibir más fotos? Estoy a disposición para coordinar sin compromiso.|https://urbania.pe/inmueble/clasificado/veclcain-venta-de-casa-en-comas-lima-5-a-mas-dormitorios-148094156?n_src=Listado&n_pg=3&n_pos=24|2026-03-18
urbania|casas|venta|Lima Norte|Comas|"san agustin
San Agustin, Comas"|S/ 468,000 · USD 139,000|468000|139000|||"136 m² tot.
3 dorm.
1 baño"|136|3|||¡vive Y emprende en el corazón de comas! ¿Buscas una casa amplia con ubicación estratégica? Esta propiedad en la Urb. San Agustín (I Etapa) es perfecta para ti. A solo metros de la Av. Micaela Bastidas, combina comodidad familiar con una excelente oportunidad de negocio. Características: Área: 136 $m^2$ bien distribuidos. Comercio: Cuenta con un Local Comercial independiente. Distribución: Sala-comedor iluminada, 3 habitaciones amplias, cocina, baño completo y patio/lavandería. Ubicación privilegiada: A 5 min de las mejores universidades (usp, upn). Cerca de Mall Plaza Comas, colegios, mercados y centros de salud. Conectividad total y zona altamente transitada. ¡Ideal para familias o inversionistas! Contáctame para agendar una visita: Ver datos|https://urbania.pe/inmueble/clasificado/veclcain-venta-de-casa-en-san-agustin-comas-3-dormitorios-149048578?n_src=Listado&n_pills=%C3%81rea+de+lavander%C3%ADa&n_pg=3&n_pos=25|2026-03-18
urbania|casas|venta|Lima Norte|Comas|"Urbanización San Agustín segunda etapa - Comas
San Agustin Ii Etapa, Comas"|S/ 560,640 · USD 160,000|560640|160000|||"135 m² tot.
5 dorm.
2 baños"|135|5|2||Excelente oportunidad de inversión en ubicación estratégica, a solo una cuadra del Parque Bazadre, con fácil acceso a las principales avenidas Micaela Bastidas, Universitaria y Túpac Amaru. La propiedad se encuentra en esquina y con doble ingreso, lo que le brinda mayor potencial para vivienda, negocio o desarrollo inmobiliario. Área de terreno: 135 m² Área construida: 150 m² Precio: $160, 000. Distribución. Primer piso. - Amplia sala comedor. - Cocina integrada. - 2 habitaciones amplias. - Baño completo. - Local comercial con baño (ideal para negocio o alquiler) Segundo piso. - 3 habitaciones. Potencial. La casa cuenta con cimientos preparados para construir hasta 4 pisos, ideal para proyecto multifamiliar o ampliación. Zona residencial cercana a parques, transporte y avenidas principales. Mayor información o visitas: Kenia Mendoza – Agente Inmobiliaria. Ver datos. pn-Ver datos-mvcs. #CasaEnVenta #Comas #OportunidadInmobiliaria #InmobiliariaPerú #CasaPropia|https://urbania.pe/inmueble/clasificado/veclcain-venta-de-casa-en-san-agustin-ii-etapa-comas-5-a-mas-dormitorios-149201074?n_src=Listado&n_pg=3&n_pos=26|2026-03-18
urbania|casas|venta|Lima Norte|Comas|"URB LOS VIÑEDOS MZ K
Los Viñedos, Comas"|S/ 1,049,650 · USD 299,900|1049650|299900|||"559 m² tot.
15 dorm.
9 baños
1 estac."|559|15|9|1|Venta de edificio en comas – urb los viñedos- A una cuadra de la av. Tupac amaru km 13 – Y A 5 minutos del mall comas/mercados locales/reniec/banco de la nación/clinicas/hospital mariano molina/colegios/ todo A la mano. ¡Viva y genere ingresos al mismo tiempo! ¡Oportunidad única! Edificio semi-estreno en la mejor zona de Comas, Urb. Los Viñedos. Ubicación estratégica a solo minutos de centros comerciales, mercados y universidades. Área total: 164 m² Área construida: 560 m² Distribución: 1er piso: Departamento amplio con 3 dormitorios, 3 baños, cocina cerrada, lavandería, cochera o tienda y patio. 2do, 3ro y 4to piso: 6 minidepartamentos (2 por piso), cada uno con 2 dormitorios, cocina-lavandería, 1 baño. 5to piso: Habitación con baño por habilitar, terraza, lavandería y cuarto de servicio. Beneficios: Ingreso independiente a los pisos superiores. Controles de luz independientes por minidepartamento. Acabados de primera, pozo a tierra, cisterna y tanque elevado. Ideal para que viva en el primer piso y alquile los demás, generando ingresos constantes. ¡Precio rebajado de $299, 900! Coordine su visita previa cita: 9*9*7*0*1*5*6*9*7* - Ada|https://urbania.pe/inmueble/clasificado/veclcain-venta-de-casa-en-los-vinedos-comas-5-a-mas-dormitorios-144012749?n_src=Listado&n_pills=Parrilla&n_pg=3&n_pos=27|2026-03-18
urbania|casas|venta|Lima Norte|Independencia|"las Avellanas Independencia
Independencia, Lima"|S/ 546,050 · USD 163,000|546050|163000|||"160 m² tot.
4 baños
1 estac."|160||4|1|Venta de terreno en zona estratégica – independencia Ubicación: Calle Las Avellanas – Independencia – Lima Norte Área: 160 m² Construcción de 3 pisos (se vende como terreno) Título de propiedad – Califica para crédito hipotecario Precio: us$ 160, 000 inversión segura en el corazón comercial de lima norteeste terreno se encuentra a solo 4 casas de la Av. Túpac Amaru, una de las avenidas más transitadas y comerciales de la zona, con alto flujo peatonal y vehicular todos los días. A minutos de los principales polos comerciales: Plaza Norte Megaplaza Mercado Fevacel Estación del Metropolitano Municipalidad de IndependenciaUna zona consolidada, rodeada de comercios, bancos, colegios, mercados, transporte público y constante crecimiento inmobiliario. Ideal para: Proyecto inmobiliario (edificio multifamiliar) Locales comerciales Oficinas o consultorios Almacén o negocio propio Inversión para desarrollo y reventa Contáctame hoy mismo: 9. 0. 1. 8. 7. 4. 5. 0. 6 cesar tejerinar. U. C Ver datos|https://urbania.pe/inmueble/clasificado/veclcain-venta-de-casa-en-independencia-lima-149119356?n_src=Listado&n_pg=1&n_pos=1|2026-03-18
urbania|casas|venta|Lima Norte|Independencia|"Huanacuare Independencia
Independencia, Lima"|S/ 338,000 · USD 99,999|338000|99999|||"200 m² tot.
3 dorm.
3 baños
1 estac."|200|3|3|1|Oportunidad de inversión en zona estratégica – independenciaubicación privilegiada: Situada en una zona tranquila y con gran proyección de crecimiento, cerca de colegios, comercios, transporte público y con acceso rápido a las principales avenidas de la zona. Referencia: Altura de Av. Ollantaytambo, cerca de Huanacuare – Independencia. propiedad versátil con dos unidades independientesideal para vivienda familiar, negocio propio o inversión en rentas. Se venden dos departamentos independientes, cada uno con características únicas que ofrecen múltiples posibilidades. unidad 1 – Sub Lote 11A (93. 09 m²) Departamento + Local Comercial en primer piso, con ingreso directo desde la calle. Perfecto para vivir y emprender desde casa o generar ingresos alquilando el local. unidad 2 – Sub Lote 11B (106. 91 m² + Aires) Departamento amplio con patio y jardín, ubicado en zona interna, con ambiente privado y tranquilo. Incluye aires ideal para ampliar o desarrollar una terraza. unidad 3 - casa de 200 M2 (total) Incluye las dos unidades ya explicadas Documentación en regla y lista para transferir. Área total: 200 m²potencial de uso Y valorizaciónideal para familias que buscan comodidad y espacio. Perfecta para inversionistas que desean diversificar ingresos alquilando las unidades por separado. Ubicación con gran proyección de valorización a corto y mediano plazo. Agenda tu visita hoy mismo y descubre todo el potencial que esta propiedad tiene para ti. ¡Invierte con visión y asegura tu futuro!|https://urbania.pe/inmueble/clasificado/veclcain-venta-de-casa-en-independencia-lima-3-dormitorios-148562912?n_src=Listado&n_pills=Jard%C3%ADn&n_pg=1&n_pos=2|2026-03-18
urbania|casas|venta|Lima Norte|Independencia|"Se Vende Casa en Independencia - Rio Sapi Cdra 01- Ic1211-1 / 01306
Independencia, Lima"|S/ 608,000|608000||||"446 m² tot.
10 dorm.
6 baños"|446|10|6||Gran oportunidad de inversión – independencia¿Buscas una propiedad con alto potencial de ingresos? Esta amplia casa de 446. 95 m² es perfecta para remodelar y generar Rentabilidad Inmediata - ideal para renta, Airbnb, inversion Ò proyecto inmobiliario03 pisos - Varios ambientes y 02 departamentos independientes - Ideal para alquiler por unidades - Excelente opción para inversionistas- Distribución: 1er Piso: Sala comedor amplia02 cocinas03 habitaciones01 dormitorio con dos ambientes y baño01 baño adicionalLavandería2do Piso: Departamento A: Sala comedorCocina02 dormitorios01 baño completoPatioDepartamento B: Sala comedorCocina02 dormitorios01 baño completo3er Piso: Azotea con divisiones, (todo en Casco) 01 dormitorio01 bañoAdemas tiene 01 departamento independiente con: Sala comedorCocinaPatio02 dormitorios01 baño completoIdeal para: Vivienda multifamiliarAlquiler de departamentosProyecto de remodelaciónInversionistasValor de Venta: S/ 608. 000Valor de Tasación vigente. Gran potencial de valorización - ¡No dejes pasar esta oportunidad de inversión! - Agenda tu visita hoy mismo. Somos Romero y Asociados Grupo Inmobiliario S. A. C, ruc Ver datos Acreditados por el Ministerio de Vivienda, Construcción y Saneamiento con Registro de Agente Inmobiliario pj No. 1196. Te asesoramos y te apoyamos gratuitamente en todas las gestiones y tramites comerciales con la entidad financiera hasta la entrega de las llaves de tu nuevo inmueblecódigo_referencia|https://urbania.pe/inmueble/clasificado/veclcain-venta-de-casa-en-independencia-lima-5-a-mas-dormitorios-149283603?n_src=Listado&n_pills=%C3%81rea+de+lavander%C3%ADa&n_pg=1&n_pos=3|2026-03-18
urbania|casas|venta|Lima Norte|Independencia|"Las Américas 801, Independencia 15332, Perú
Independencia, Lima"|S/ 266,250 · USD 75,000|266250|75000|||"80 m² tot.
8 dorm.
3 baños"|80|8|3||"¡Gran Oportunidad! Casa de 3 Pisos en Independencia – Cerca de Todo ¡Vive o invierte en una zona estratégica! Se vende casa de 3 pisos en el distrito de Independencia, a 1 minuto la av. Tupac Amaru y Panamericana Norte, cerca Centros Comerciales. Mega Plaza, Plaza Norte, Royal plaza, super Mercados Estación del Metropolitano Hospitales y clínicas reconocidas Universidades e institutos Mercados, colegios y todo lo que necesitas a tu alcance. 8 habitaciones 3 baños distribuidos estratégicamente Ideal para familia, negocio, o alquiler por pisos Cerca de centros comerciales, colegios, bancos, hospitales y transporte público Distribución por pisos: Primer Piso: 3 habitaciones Sala y comedor amplios Cocina Lavandería1 Baño Segundo Piso: 3 habitaciones Cocina Lavandería 1 baño completo Tercer Piso: 3 habitaciones Cocina Lavandería1 Baño En total: 8 habitaciones | 3 cocinas | 3 lavanderías | 3 baño Ideal para familias numerosas, alquiler por pisos, o como inversión rentable Buena iluminación, ventilación y distribución Zona segura y cerca de centros comerciales, colegios, mercados y transporte público¡No dejes pasar esta oportunidad de vivir donde todo está a tu alcance! Contáctanos hoy mismo Ver datos y agenda tu visita. R. U. C Ver datos"|https://urbania.pe/inmueble/clasificado/veclcain-venta-de-casa-en-independencia-lima-5-a-mas-dormitorios-147072370?n_src=Listado&n_pills=%C3%81rea+de+lavander%C3%ADa&n_pg=1&n_pos=4|2026-03-18
urbania|casas|venta|Lima Norte|Independencia|"Huarocondo Tahuantinsuyo
Independencia, Lima"|S/ 50,550 · USD 15,000|50550|15000|||"30 m² tot.
1 dorm.
1 baño"|30|1|||Venta de microvivienda y acojedora en TahuantinsuyoDescubre tu nuevo hogar en una zona tranquila y bien ubicada de Tahuantinsuyo. Estas pequeñas pero cómodas casas cuentan con: 1 dormitorio principal Baño completo Cocina-comedor funcionalUbicadas frente a transporte público para mayor comodidad y a solo 10 minutos de la Av. Túpac Amaru, lo que te conecta fácilmente con toda la ciudad. Perfectas para parejas, personas solteras o quienes buscan una vivienda práctica y accesible. R. U. C Ver datos|https://urbania.pe/inmueble/clasificado/veclcain-venta-de-casa-en-independencia-lima-1-dormitorio-148009093?n_src=Listado&n_pg=1&n_pos=5|2026-03-18
urbania|casas|venta|Lima Norte|Independencia|"CALLE VEGA 220 INDEPENDENCIA
Independencia, Lima"|S/ 585,750 · USD 165,000|585750|165000|||"435 m² tot.
9 dorm.
3 baños"|435|9|3||Contacto:. 9. 9. 4. 9. 7. 4. 0. 0. 6. Venta de Amplia Casa de 3 Pisos con Tienda en Funcionamiento – Independencia. Ubicación: Independencia, Lima. Área de terreno: 145 m² Área construida: 435 m² Documentación en regla. Descripción general: Gran oportunidad de inversión en el distrito de Independencia. Se vende espaciosa casa de 3 pisos, construida sobre un terreno de 145 m², con un área construida total de 435 m². Ideal para familias numerosas, alquiler por niveles o emprendimientos comerciales. Tienda en funcionamiento: En el primer piso se encuentra una tienda de abarrotes operativa, con entrada independiente, ideal para continuar con el negocio o adaptarla a otro tipo de comercio. Excelente visibilidad y flujo peatonal. Distribución de ambientes: 11 habitaciones amplias y ventiladas. 5 baños completos, distribuidos estratégicamente por piso. Sala-comedor y cocina en el primer nivel. Espacios comunes que pueden ser usados como sala de estar, oficina o depósitos. Accesos independientes por niveles (ideal para alquilar por pisos) Documentación: Papeles en regla. Inscrita en sunarp, lista para transferir. Fácil acceso al transporte ¡Una propiedad con gran potencial para vivir y generar ingresos al mismo tiempo. Contáctanos para agendar una visita y conocer esta excelente oportunidad de inversión. Contacto:. 9. 9. 4. 9. 7. 4. 0. 0. 6.|https://urbania.pe/inmueble/clasificado/veclcain-venta-de-casa-en-independencia-lima-5-a-mas-dormitorios-146507775?n_src=Listado&n_pg=1&n_pos=6|2026-03-18
urbania|casas|venta|Lima Norte|Los Olivos|"Urbanizacion Covida Segunda Etapa
Los Olivos, Lima"|S/ 1,290,000 · USD 379,900|1290000|379900|||"480 m² tot.
9 dorm.
5 baños
3 estac."|480|9|5|3|Oportunidad en los olivos: Ubicada en la urbanización covida segunda etapa, en una de las zonas mas residenciales y céntricas del distrito de Los Olivos. La casa cuenta con una excelente distribución y diseño único, de hecho, fue construida con planos y diseñada con arquitecto, cada metro cuadrado es eficiente y aprovechas todos los espacios. Es ideal para una familia numerosa. Área de terreno 160 m2Área ocupada 470 M2 aprox.. La distribución es la siguiente: - Sótano de 80 m2 aprox. Donde encuentras una sala de star, un espacio abierto que fue usado como jardín, dos habitaciones y un depósito. - Primer nivel: estacionamiento techado para 3 vehículos, deposito, medio baño para la visita, amplia sala y comedor, cocina cerrada con 3 ingresos y patio posterior donde se encuentra la pequeña piscina con cascada y una escalera de servicio. - Segundo nivel: Sala de star y 5 amplios dormitorios con closets, de los cuales 2 tienen baño incorporado y un tercer baño completo para los demás dormitorios. - Tercer nivel: Amplia terraza con zona de parrillas rodeado de jardineras y en la parte posterior, cuarto de huésped, zona de lavandería, tendal y cuarto de servicio. Actualmente esta ocupada; sin embargo, manejamos horarios flexibles paralas visitas. No dejes pasar esta oportunidad y agenda una visita, ¡Los propietarios escuchan propuestas! 121% comprometidos en brindarte un servicio de excelencia.|https://urbania.pe/inmueble/clasificado/veclcain-venta-de-casa-en-los-olivos-lima-5-a-mas-dormitorios-147759936?n_src=Listado&n_pills=Piscina&n_pg=1&n_pos=1|2026-03-18
urbania|casas|venta|Lima Norte|Los Olivos|"Casa Remodelada con Departamento Independiente Disponible en Jirón Las Dalias, Los Olivos.
Primavera, Los Olivos"|S/ 604,000 · USD 179,999|604000|179999|||"293 m² tot.
7 dorm.
3 baños"|293|7|3||¡venta de casa en los olivos A precio de terreno! Alt. De la cuadra 10 de Av. Tomas Valle, 3 parques a escasos metros de distancia y Colegios cerca. Ideal para familia, negocio o proyecto inmobiliario. ¡Atención inversionistas y familias visionarias! Tenemos en venta una excelente casa remodelada con departamento independiente y bodega comercial, ubicada en una zona estratégica de Los Olivos, cerca de colegios, parques, Plaza Norte, Mega Plaza, Plaza Center smp y a pocos minutos del Aeropuerto Jorge Chávez. Área de terreno: 163 m² Área construida: 293 m²Parámetros municipales: hasta 4 pisos + azotea Precio: Se vende como terreno. ¡Oportunidad única en la zona! Primer piso: Sala – comedor amplia y luminosa3 dormitoriosCocina – lavanderíaBodega independiente con baño, ideal para negocio o tienda segundo piso: Departamento totalmente independiente con acceso privadoSala – comedor con balcón4 dormitorios cómodosIdeal para: Proyecto inmobiliario multifamiliarFamilia grande o multigeneracionalGenerar ingresos con alquiler del 2do piso o local Invertir en zona con alta plusvalía y demanda constante ¡Una casa con excelente distribución, en zona residencial y comercial de alto crecimiento! ¡Aprovecha esta oportunidad antes de que alguien más lo haga! Contáctanos para más información o agendar una visita. También podemos ayudarte a vender o alquilar tu inmueble. “Honestidad, Transparencia y Servicios Creativos. Nuestros pilares para brindarles la mejor asesoría inmobiliaria. ”Si desea vender o alquilar su inmueble no dude en contactarse con nosotros.|https://urbania.pe/inmueble/clasificado/veclcain-venta-de-casa-en-primavera-los-olivos-5-a-mas-dormitorios-147380451?n_src=Listado&n_pills=Jard%C3%ADn&n_pg=1&n_pos=2|2026-03-18
urbania|casas|venta|Lima Norte|Los Olivos|"Avenida Naranjal
Naranjal, Los Olivos"|S/ 957,600 · USD 280,000|957600|280000|||"140 m² tot.
7 dorm.
5 baños"|140|7|5||Ubicada en el distrito de Los Olivos, la propiedad cuenta con 7 dormitorios y 5 baños, asegurando que cada rincón esté diseñado para la comodidad y privacidad de sus residentes. La orientación este permite disfrutar de luz natural durante todo el día, creando un ambiente cálido y acogedor. La casa está estratégicamente situada cerca de importantes avenidas como Carlos Izaguirre y Universitaria, facilitando el acceso a una. variedad de servicios y comodidades en la zona. Distribución: primer nivel: – Sala amplia con techo alto. – Segundo ambiente amplio con techo alto y ventanas de pared a pared. – Baño de visita completo. – Cocina estilo cerrado con muebles altos y bajos, pisos de porcelanato. – Medio baño de visita. – Lavadero para lavandería. – Amplio patio bien iluminado. – Motor y bomba de agua. – Techado: 81. 50 m2 – área ocupada: 132m. segundo nivel: – Hermosa escalera. – Hall amplio como sala de estar. – 5 dormitorios amplios e iluminados. – 1 dormitorio con baño para visitas. – 3 baño completo para las habitaciones. tercer nivel: – 3 ambientes amplios e iluminada baño completo. – Pasadizo amplio. visita previa cita.|https://urbania.pe/inmueble/clasificado/veclcain-venta-de-casa-en-naranjal-los-olivos-5-a-mas-dormitorios-149156496?n_src=Listado&n_pills=Cuartos+de+servicio&n_pg=1&n_pos=3|2026-03-18
urbania|casas|venta|Lima Norte|Los Olivos|"Pasaje Manuel Valega Sayan 152
Villa Los Angeles, Los Olivos"|S/ 660,000 · USD 195,000|660000|195000|||"185 m² tot.
7 dorm.
4 baños"|185|7|4||¡casa en venta en los olivos! ¡Oportunidad única! Casa de 2 pisos y azotea en zona residencial tranquila y segura de Los Olivos. Características: - Área de 160m²- 1er piso: sala comedor, cocina, lavandería, 3 dormitorios, 2 servicios higiénicos, patio, depósito y escalera interna- 2do piso: sala, comedor, cocina, lavandería, 2 dormitorios, servicio higiénico y estudio- Azotea (3er piso): área de tendal y área social *Cada piso puede funcionar de forma independiente o en conjunto*Ubicación: - Pasaje en zona residencial tranquila y segura- Cerca a: - Mega Plaza- Universidad Católica sede Sapientiae- Plaza Vea- Senati- Parques y zonas verdes- Avendas principales (a 10 minutos de Plaza Norte) - Mercados mayoristas**¡No te pierdas esta oportunidad! Agenda una visita y conoce esta increíble propiedad. Contáctame para más información y programar una visita. 121% comprometidos en brindarte un servicio de excelencia.|https://urbania.pe/inmueble/clasificado/veclcain-venta-de-casa-en-villa-los-angeles-los-olivos-5-a-mas-dormitorios-148362292?n_src=Listado&n_pills=%C3%81rea+de+lavander%C3%ADa&n_pg=1&n_pos=4|2026-03-18
urbania|casas|venta|Lima Norte|Los Olivos|"Panaderia Cafeteria JHOMAG
Los Olivos, Lima"|S/ 653,250 · USD 195,000|653250|195000|||"120 m² tot.
7 dorm.
5 baños"|120|7|5||¡Excelente oportunidad de inversión! Se vende casa multifuncional de 4 pisos en Avenida A, cerca de la Av. Canta Callao, en zona estratégica y de alto tránsito, ideal para vivienda y negocio. Distribución: Primer piso: Espacio comercial ideal para restaurante, almacén o cochera. 1 baño. Segundo piso: Sala. Comedor. Cocina. 1 baño de visita. 1 cuarto adicional. Tercer piso: 1 dormitorio grande con baño propio. 2 dormitorios pequeños. 1 dormitorio grande adicional. Cuarto piso: 1 dormitorio con baño. Amplia terraza ideal para reuniones o área social. Ideal para familias grandes, inversión o negocio propio. ¡Agenda tu visita y conoce esta gran oportunidad!|https://urbania.pe/inmueble/clasificado/veclcain-venta-de-casa-en-los-olivos-lima-5-a-mas-dormitorios-148541080?n_src=Listado&n_pg=1&n_pos=5|2026-03-18
urbania|casas|venta|Lima Norte|Los Olivos|"El Amargón 3851 Los Olivos
Los Olivos, Lima"|S/ 859,326 · USD 234,500|859326|234500|||"567 m² tot.
9 dorm.
9 baños
2 estac."|567|9|9|2|Vendo casa de 4 pisos. La distribución son un departamentos en cada piso. Solo el 4to. Piso tiene un departamento construido en material ligero y requiere remodelación total del techo. Ven y coordina tu visita. Lo excelente de esta propiedad es que obtendrás retorno de capital alquilando los departamentos. - Precio de venta: us$ 234, 500. - Ubicación: Calle El Amargón cuadra 3 851 - Los Olivos. - Referencia: A pasos de la Municipalidad de Los Olivos, altura de la cuadra 12 de la Av. Eizaguirre o cerca a la Municipalidad de Los Olivos. Área de terreno y de construcción. - Área de terreno total de la casa: 141. 32m2. - Área construida total de la casa: 567. 56m2. - 1er. Piso; tiene de área construida: 141. 32 m2. - 2do. Piso; tiene de área construida: 141. 32 m2. - 3er. Piso; tiene de área construida: 141. 32 m2. - 4to. Piso; tiene de área construida: 141. 32 m2. + área libre de 2. 28 m2. Distribución de la casa: - 1er. Piso: Las 2 cocheras (1 baños completos en la cochera independiente y 1 cochera en el tránsito común), luego, está el departamento dúplex que consta de: Sala y comedor bastante amplio e iluminado, cocina, lavandería, un baño completo, luego viene una escalera que lleva al segundo piso, tiene 2 habitaciones (Una habitación tiene un amplio balcón con su baño completo y la otra habitación es con vista interna, al tragaluz de la casa). - 2do. Piso: Desde la escalera común, se accede a un mini departamento (totalmente independiente), tiene: cocina, sala - comedor con vista interna, una habitación con closet y un baño completo. - 3er. Piso: Desde la escalera común, lleva a un departamento (totalmente independiente) que cuenta con amplia cocina, lavandería, 3 habitaciones, 2 baños completos, sala, comedor y balcón bastante amplio. - 4to. Piso: Desde la escalera común, tenemos un área de tendal, luego viene el ingreso a un departamento que se encuentra construido en material ligero. Se precisa que el techo de este departamento requiere remodelación. Antigüedad: 25 años. ** Disponible al 100% ** No tiene carga e hipoteca. Contacto: Lizbeth Marchand. C. *9*4*1*8*9*9*9*1*9 - *9*8*2*3*9*6*5*5*2. Correo: Ver datos|https://urbania.pe/inmueble/clasificado/veclcain-venta-de-casa-en-los-olivos-lima-5-a-mas-dormitorios-147169005?n_src=Listado&n_pills=%C3%81rea+de+lavander%C3%ADa&n_pg=1&n_pos=6|2026-03-18
urbania|casas|venta|Lima Norte|Los Olivos|"Jr. Las Malvas 4117
Los Olivos, Lima"|S/ 828,320 · USD 248,000|828320|248000|||"260 m² tot.
8 dorm.
2 baños"|260|8|2||Oportunidad de inversión – casa de 160 m² de terreno en los olivos. parámetros para 5 pisos. Casa de 2 pisos ubicada estratégicamente entre Calle Los Alisos y Av. Las Palmeras, cerca a comercios, transporte y zonas de alto crecimiento. Ideal para vivienda multifamiliar o proyecto de renta. Primer piso. • Sala – comedor. • Cocina. • 3 habitaciones. • 1 baño completo. • Patio interno. • Escalera de acceso al segundo piso. • Cochera (por remodelar) segundo piso. • Entrada independiente con balcón. • 2 mini departamentos de 1 habitación cada uno. • Baño y pequeña cocina compartida. • 3 cuartos independientes. ubicación privilegiada. • A media cuadra del corredor alimentador del Metropolitano (Los Alisos) • A 5 minutos de Panamericana Norte y Municipalidad de Los Olivos. • A 2 cuadras del mercado de Los Alisos. • Parque al lado con iluminación solar. parámetros. • Edificación permitida hasta 5 pisos|https://urbania.pe/inmueble/clasificado/veclcain-venta-de-casa-en-los-olivos-lima-5-a-mas-dormitorios-148196614?n_src=Listado&n_pg=1&n_pos=7|2026-03-18
urbania|casas|venta|Lima Norte|Los Olivos|"Av horacio Zevallos Mz L lote10
Los Olivos, Lima"|S/ 957,600 · USD 285,000|957600|285000|||"200 m² tot.
9 dorm.
4 baños"|200|9|4||Casa 3 pisos rentable cerca a Av. Universitaria. 200 m² con departamento independiente, a pasos de Av. Angélica Gamarra y Universitaria. Ideal para vivir e invertir. Invierte en una propiedad con ubicación estratégica en Los Olivos. A minutos de Av. Angélica Gamarra, Av. Universitaria y del Centro Comercial Mercado Conzac, esta casa de 3 pisos ofrece amplitud, independencia y alto potencial de rentabilidad. Perfecta para familias numerosas o inversionistas que buscan generar ingresos adicionales en una zona residencial y comercial de alta demanda. Ubicación estratégica cerca a Av. Angélica Gamarra y Av. Universitaria. A pocos minutos del Centro Comercial Mercado Conzac. 200 m² de área construida. Primer piso: sala comedor, cocina, amplia área libre y cochera grande. Segundo piso: sala de estar, 5 habitaciones y 3 baños. Tercer piso: departamento completo con sala comedor, 3 habitaciones, cocina amoblada, lavandería y terraza. Pozo de agua, bomba y tanque elevado de 2, 000 litros. Hashtags. #LosOlivos #InversionInmobiliaria #CasaEnVenta #UbicacionEstrategica #AgendaTuCita|https://urbania.pe/inmueble/clasificado/veclcain-venta-de-casa-en-los-olivos-lima-5-a-mas-dormitorios-149023391?n_src=Listado&n_pills=%C3%81rea+de+lavander%C3%ADa&n_pg=1&n_pos=8|2026-03-18
urbania|casas|venta|Lima Norte|Los Olivos|"Jirón Los Ceibos 3896
Las Palmeras, Los Olivos"|S/ 748,000 · USD 220,000|748000|220000|||"133 m² tot.
4 dorm.
2 baños"|133|4|2||Vendo casa en los olivos – urb. Las palmeras. disponibilidad inmediata. Dirección: Ubicado en la Calle Los Ceibos 3896, Urb. Las Palmeras, a 2 cuadras de la Av. Las Palmeras cuadra 38 y a 3 cuadras de la Av. Carlos Izaguirre, a una cuadra de un parque grande y bonito, la mejor zona de Los Olivos. La casa está en esquina con un pasaje, muy bien ubicada, en una de las partes más bonitas y residenciales de Los Olivos, cerca de la municipalidad de Los Olivos, cerca de zonas comerciales y avenidas principales, con transporte publico cercano. La casa queda a una cuadra de un parque muy bonito, queda a minutos del centro comercial Plaza Norte y del centro comercial Megaplaza. La casa está en buenas condiciones, se entrega pintada y operativa, tiene buena distribución interna, los acabados están para remodelar, todo funciona, pero son acabados antiguos. Características: Casa en esquina con un pasaje. Tiene 133 m2 área terreno, y 140m2 construidos entre los dos pisos. Los linderos son 7ml de frente y 19ml de fondo. Tiene doble ingreso desde la calle (puerta principal y puerta a la oficina) además del estacionamiento. Primer Piso: Tiene doble ingreso interior uno principal y otro de servicio. Sala Comedor. Oficina privada con ingreso directo desde la calle. Cocina tradicional con reposteros para remodelar, espacio para comedor de diario. Amplio jardín interior, con posibilidad de hacer una terraza o zona de parrilla. Baño de visita. Cochera amplia. Escalera interior de madera al segundo piso. Segundo Piso: Hall de distribución. Baño completo. 3 dormitorios con closet. Posibilidad de ampliar un piso mas con la estructura actual. Precio: Bajo de precio de us $230, 000 a $220, 000. Doscientos Veinte Mil y 00/100 dólares americanos. Todos los documentos en regla. Ideal para uso de vivienda o empresas puerta cerrada. Vende: caceres grupo inmobiliario. T. Ver datos|https://urbania.pe/inmueble/clasificado/veclcain-venta-de-casa-en-las-palmeras-los-olivos-4-dormitorios-149127782?n_src=Listado&n_pills=Jard%C3%ADn&n_pg=1&n_pos=9|2026-03-18
urbania|casas|venta|Lima Norte|Los Olivos|"Zafiro 4025
Angelica Gamarra Et.2, Los Olivos"|S/ 1,292,000 · USD 380,000|1292000|380000|||"120 m² tot.
7 dorm.
4 baños
1 estac."|120|7|4|1|¡Hola! Te comparto la oportunidad de adquirir Casa Zafiro en el centro de Los Olivos, una zona en pleno crecimiento y con excelente proyección en Lima Norte. *Ubicación privilegiada (Jr. Zafiro Mz B Lote 3, Urb. Angélica Gamarra, a la altura de cdra. 12 de Av. Carlos Izaguirre): *A pasos de avenidas principales (Carlos Izaguirre, Palmeras y Universitaria) *Excelente conectividad y acceso rápido a transporte público. *Cerca de centros comerciales, bancos, supermercados, colegios y servicios. *Distrito consolidado con alta demanda, plusvalía sostenida y buena infraestructura urbana. Casa de 6 pisos – moderna y muy bien terminada: 1. Cochera techada con portón eléctrico. 2. Cocina americana bosch + tablero de cuarzo. 3. 7 dormitorios (principales con A/A lennox y walking closet) 4. 4 baños completos + 2 baño de visita. 5. 2 terrazas panorámicas (una con zona de parrillas y barra) 6. Sala de estar posterior, lavandería, múltiples almacenes. 7. Acabados premium: porcelanato español, pisos de madera/parquet/laminado, iluminación led, techos sol y sombra. Es ideal para familia grande o inversión (posibilidad de generar renta). Adjunto pdf con fotos reales y todos los detalles. ¿Te interesa coordinar una visita? Estoy atento a tus consultas. Saludos, Carlos Mallea R.|https://urbania.pe/inmueble/clasificado/veclcapa-venta-de-casa-en-angelica-gamarra-et2-los-olivos-5-a-mas-dormitorios-149004778?n_src=Listado&n_pills=Parrilla&n_pg=1&n_pos=10|2026-03-18
urbania|casas|venta|Lima Norte|Los Olivos|"Atlas
Los Olivos De Pro, Los Olivos"|S/ 410,000 · USD 119,000|410000|119000|||"120 m² tot.
4 dorm.
2 baños
1 estac."|120|4|2|1|Vive en la mejor zona de los Olivos, a solo 4 cuadras del Tottus de la Av. Central. a pocas cuadras de un paradero del metropolitano alimentador. Y vías de fácil acceso. Área de 120m2. 4 habitaciones. 2 baños. lavandería. todo techado y 2do piso con divisiones hechas de concreto. Precio $129, 000 dolarés Negociable. Agenda tu visita Hoy Mismo. Unico contacto: Ver datos|https://urbania.pe/inmueble/clasificado/veclcain-venta-de-casa-en-los-olivos-de-pro-los-olivos-4-dormitorios-148565516?n_src=Listado&n_pills=%C3%81rea+de+lavander%C3%ADa&n_pg=1&n_pos=11|2026-03-18
urbania|casas|venta|Lima Norte|Los Olivos|"Geminis 952
Los Olivos, Lima"|S/ 940,800 · USD 280,000|940800|280000|||"281 m² tot.
7 dorm.
3 baños
1 estac."|281|7|3|1|Venta de amplia casa de tres pisos ubicada en la Urbanización Mercurio, una de las zonas más seguras y consolidadas de Los Olivos. Área de terreno: 160 m² Área construida: 281. 27 m² Distribución: Primer piso: Amplia cochera. Sala y comedor con excelente iluminación natural y salida al patio interno. Baño de visitas. Cocina espaciosa con muebles altos y bajos. Área de servicio con cuarto, baño y lavandería. Segundo piso: Tres dormitorios amplios con clóset. Un baño completo. Adicionalmente cuenta con un mini departamento independiente con ventana hacia la calle. Dispone de: 1 habitación. Pequeña salita acogedora. Baño completo. Cocina funcional. Tercer piso: Mini departamento independiente con tres dormitorios. Sala, comedor y cocina tipo americana. Un baño completo. Un pasillo con lavadero. Además, tiene una ventana con vista a la calle que brinda excelente iluminación natural. Ubicación privilegiada: A solo media cuadra de un gran parque ideal para disfrutar en familia o con tus mascotas, cerca de Av. Antúnez de Mayolo, Universitaria y Carlos Izaguirre. A pocos minutos de Plaza Bea, Mercado Covida, Megaplaza y Plaza Norte. Antigüedad: 50 años — bien conservada. No dejes pasar la oportunidad de conocer esta hermosa casa con excelente ubicación y gran potencial familiar o de inversión. Contáctame para más información o agendar una visita.|https://urbania.pe/inmueble/clasificado/veclcain-venta-de-casa-en-los-olivos-lima-5-a-mas-dormitorios-148024740?n_src=Listado&n_pills=%C3%81rea+de+lavander%C3%ADa&n_pg=1&n_pos=12|2026-03-18
urbania|casas|venta|Lima Norte|Los Olivos|"Calle las Palmas Reales
Los Olivos, Lima"|"S/ 684,560 · USD 199,000
9%"|684560|199000|9%||"233 m² tot.
4 dorm.
2 baños
2 estac."|233|4|2|2|¡Casa urbana en Los Olivos — Oportunidad única! Jr. Hualcan cdra. 14 Urb. Las Palmas Reales, Los Olivos. Si buscas espacio, buena ubicación y potencial de valorización, esta casa de una planta es ideal para ti. Características principales: 1 piso. Terreno: 140 m² Construcción: 233. 24 m² 2 estacionamientos. 4 habitaciones. 2 baños completos + 1 medio baño. Antigüedad: 50 años. Descripción: Amplia y funcional, perfecta para vivir en familia, implementar oficinas o remodelar y rentabilizar. Su distribución permite aprovechar al máximo cada ambiente y la gran área construida te da libertad para ampliaciones o rediseños. Ubicación estratégica: Zona tranquila de Los Olivos, cerca de servicios, colegios y avenidas principales. Un lugar ideal para quienes buscan comodidad y buena proyección de valor. ¿Te interesa conocerla? Agenda una visita y descubre todo lo que esta propiedad puede ofrecerte.|https://urbania.pe/inmueble/clasificado/veclcain-venta-de-casa-en-los-olivos-lima-4-dormitorios-148248910?n_src=Listado&n_pills=Cerca+a+colegios&n_pg=1&n_pos=13|2026-03-18
urbania|casas|venta|Lima Norte|Los Olivos|"CALLE VITALINO BECERRA MZ. ""Z"" Lote 32
Villa Sol, Los Olivos"|S/ 554,910 · USD 159,000|554910|159000|||"86 m² tot.
4 dorm.
2 baños"|86|4|2||Imagina despertar cada Día en una Zona Tranquila, Segura y Rodeada de Áreas Verdes, Cerca a Extraodinarios Parques donde tu Familia pueda Crecer con Total Tranquilidad. Vigilancia las 24 horas!! Tiene una Excelente Ubicacion, a solo 15 mintuos del Centro Comercial Megaplaza. Ésta acogedora casa de 2 pisos con azotea, de 86. 10 M2. Area del Terreno y muy bien distribuida, ubicada en una de las mejores zonas de Los Olivos – Villa Sol, está pensada para brindarte Comodidad, Bienestar y Calidad de Vida. Distribución Ideal para tu Familia: primer piso: Patio Delantero. Sala y comedor con excelente iluminación natural. Cocina funcional y lavandería. 2 dormitorios. 1 baño completo. segundo piso: 2 dormitorios amplios. 1 baño completo. Lavanderia. Seguridad y Tranquilidad que marcan la diferencia, la calle cuenta con rejas de seguridad, vigilancia permanente y control constante de serenazgo, permitiéndote vivir con la paz que tú y tu familia merecen. Ubicación estratégica. A sólo pasos de un Hermoso Parque y de la Reconocida Academia Saco Oliveros. Muy cerca de Colegios Particulares y Estatales, Supermercados, Mercados, Restaurantes, Tiendas, Spa, Boticas, Librerías, Licorerías y Más. Además, a solo 5 minutos de las universidades upn, César Vallejo y otras, con fácil acceso a las Principales Vías del Distrito. Esta no es sólo una casa, es el lugar donde comenzarás una nueva etapa llena de momentos inolvidables. Agenda tu visita hoy mismo y no dejes pasar ésta oportunidad!! Como Asesora Inmobiliaria de remax, estaré encantada de acompañarte en cada paso hacia tu nuevo hogar. 977*727*981|https://urbania.pe/inmueble/clasificado/veclcain-venta-de-casa-en-villa-sol-los-olivos-4-dormitorios-148617972?n_src=Listado&n_pills=Cerca+a+colegios&n_pg=1&n_pos=14|2026-03-18
urbania|casas|venta|Lima Norte|Los Olivos|"Villa SOL Etapa IV
Los Olivos, Lima"|S/ 731,000 · USD 215,000|731000|215000||10|"240 m² tot.
5 dorm.
4 baños
1 estac."|240|5|4|1|Verónica Troncoso Paredes 9 3 7 7 7 2 1 5 0 Vendo linda y amplia Casa de 2 Pisos Remodelada con Potencial de 5 Pisos y Rentas Se vende amplia casa de 2 pisos (240 m² + azotea) con parámetros para construir hasta 5 pisos, ideal para vivir, generar ingresos de alquiler o desarrollar un proyecto inmobiliario en una de las zonas mas residenciales con mayor crecimiento de Lima Norte. Documentación en regla, lista para la venta. Zona estratégica: cerca de avenidas principales, mercados, colegios como el Saco Oliveros, universidades como la Cesar Vallego, upn entre otras a cinco minutos de la Panamerica Norte, a espaladas de Esalud. Estructura preparada para construir un tercer piso de inmediato. Distribución: Primer piso: 3 dormitorios amplios 2 baños Sala y comedor espaciosos Cocina americana Patio interior y lavandería Cochera incluida Ingreso independiente Segundo piso 2 mini departamentos con accesos independientes desde la calle Cada uno con sala-comedor, cocina, dormitorio, bano y lavandería Ideales para renta inmediata (Airbnb o alquiler tradicional). Contáctanos y agenda una visita hoy mismo!|https://urbania.pe/inmueble/clasificado/veclcain-venta-de-casa-en-los-olivos-lima-5-a-mas-dormitorios-147857743?n_src=Listado&n_pills=%C3%81rea+de+lavander%C3%ADa&n_pg=1&n_pos=15|2026-03-18
urbania|casas|venta|Lima Norte|Los Olivos|"Vendo Casa Usos Multiples - LOS Olivos -urbanizacion SAN Diego
San Diego, Los Olivos"|S/ 769,600 · USD 208,000|769600|208000|||"370 m² tot.
3 dorm.
2 baños
2 estac."|370|3|2|2|Deseas invertir!! esta casa es para ti Y cuenta con departamentos para alquilar. Vendo Casa en Los Olivos - Usos Multiples - Param 5 Pisosocasion vendo casa en los olivos A dos cuadras del area comercial ideal para hostales, colegio, deposito tienda, alquiler de maquinarias, cochera muy cerca A petroperu de olivos con avenida san diego Y universitaria A un paso de mega plaza, centros comerciales cercanos, bancos, tiendas. casa ubicada al costado de parque parametros para 5 pisos mas azotea. se vende por viaje. documentos totalmente saneadoscitas facilescaracteristicasarea total 370 M2 de construidoarea de terreno 250 M22 minis departamentos8 dormitorios 2 con baño incorporadolos baños remodeladoslos dormitorios ampliosbuena distribucionestacionamiento de visita para 4 autosamplia cochera para 8 autos, ingresan camiones trailes, camiones. servicios completos, agua, luz, gas calida. precio A conversarcontactar ;Ver datos -Ver datos|https://urbania.pe/inmueble/clasificado/veclcain-venta-de-casa-en-san-diego-los-olivos-3-dormitorios-149251509?n_src=Listado&n_pills=Guardian%C3%ADa%2FSeguridad+privada&n_pg=1&n_pos=16|2026-03-18
urbania|casas|venta|Lima Norte|Los Olivos|"CERCA AV.CARLOS IZAGUIRRE CON AV.UNIVERSITARIA 160M2
Angelica Gamarra, Los Olivos"|S/ 768,000 · USD 215,000|768000|215000|||"160 m² tot.
8 dorm.
4 baños"|160|8|4||Se vende casa 2 plantas 8 habitaciones en excelente ubicacion rescidencial de 160M2 8X20 parametros 4 pisos esta ubicado A la espalda de la avenida carlos izaguirre zona segura con rejas Y personal de viguilancia, la casa consta de 8 dormitorios sala comedor 4 baños patio le falta mejoras cuenta con servicios de gas natural luz agua Y desague proximo tambien A la avenida universitaria, cuenta con documentos al dia no tiene cargas ni gravámenes, las visitas son los los domingos previa coordinacion un dia antes. _____- se vende casa 2 plantas 8 habitaciones en excelente ubicacion rescidencial de 160M2 8X20 parametros 4 pisos esta ubicado A la espalda de la avenida carlos izaguirre zona segura con rejas Y personal de viguilancia, la casa consta de 8 dormitorios sala comedor 4 baños patio le falta mejoras cuenta con servicios de gas natural luz agua Y desague proximo tambien A la avenida universitaria, cuenta con documentos al dia no tiene cargas ni gravámenes, las visitas son los los sabados O domingos previa coordinacion un dia antes. - se vende casa 2 plantas 8 habitaciones en excelente ubicacion rescidencial de 160M2 8X20 parametros 4 pisos esta ubicado A la espalda de la avenida carlos izaguirre zona segura con rejas Y personal de viguilancia, la casa consta de 8 dormitorios sala comedor 4 baños patio le falta mejoras cuenta con servicios de gas natural luz agua Y desague proximo tambien A la avenida universitaria, cuenta con documentos al dia no tiene cargas ni gravámenes, las visitas son los los sabados O domingos previa coordinacion un dia antes|https://urbania.pe/inmueble/clasificado/veclcain-venta-de-casa-en-angelica-gamarra-los-olivos-5-a-mas-dormitorios-146331452?n_src=Listado&n_pg=1&n_pos=17|2026-03-18
urbania|casas|venta|Lima Norte|Los Olivos|"Urb. Villa Universitaria MZ M Cruce Av Universitaria y Av Naranjal
Los Olivos, Lima"|S/ 758,250 · USD 225,000|758250|225000|||"324 m² tot.
6 dorm.
3 baños
1 estac."|324|6|3|1|Bajó de precio! Gran Oportunidad. Frente a parque! Vendo Casa en Los Olivos de 3 niveles + azotea 324m2, Urb. Villa Universitaria, cuenta con pistas y veredas en óptimo estado. Frente a parque Ubicada estratégicamente a la altura del cruce de Av. Universitaria y Av. Naranjal, muy cerca a las más importantes zonas comerciales, académicas y residenciales de Lima Norte. Características: Casa cimentada sobre un terreno rectangular de 120m2, 8ml de frente y 15 ml de fondo. La casa está subdividida en tres unidades inmobiliarias por niveles. 1er piso: Área Ocupada: 109. 16m2 / techada: 101. 51m2- Amplia sala comedor- Cocina con punto de gas natural- 1 dormitorio con baño incorporado. - 1/2 baño de visita. - Cochera techada con portero eléctrico a control remoto. 2do piso: Área ocupada: 97. 91 m2- 3 dormitorios amplios- 1 baño completo- Oficina / área de estudio- Depósito3er piso: Área ocupada: 93. 95 m2- Amplia sala comedor- Cocina con punto de gas natural- 2 dormitorios amplios- Baño completoAzotea: Área ocupada: 71. 45m2 / Techada 15. 75m2- Amplio espacio, terrajeado, piso de cemento ideal para acondicionar terraza. - Depósito de 15 m2Acceso independiente al 2do, 3er piso y azotea. ¿Qué esperas para verlo? Agenda tu visita ya!|https://urbania.pe/inmueble/clasificado/veclcain-venta-de-casa-en-los-olivos-lima-5-a-mas-dormitorios-148415751?n_src=Listado&n_pills=%C3%81rea+de+lavander%C3%ADa&n_pg=1&n_pos=18|2026-03-18
urbania|casas|venta|Lima Norte|Los Olivos|"Los Olivos Villa Sol IV Etapa
Villa Sol Etapa Iv, Los Olivos"|S/ 707,700 · USD 210,000|707700|210000|||"169 m² tot.
3 dorm.
3 baños
1 estac."|169|3|3|1|Vendo esta casa de 3 pisos ubicada en Los Olivos que cuenta con las siguientes caracteristicas: Se trata de una vivienda de 03 niveles con proximidad a centros comerciales, colegios, universidades, centros recreacionales, la zona cuenta con servicios de energía eléctrica, agua, desagüe, teléfono, pistas y veredas en buen estado de conservación. Primer nivel: Estacionamiento, jardín, sala, comedor, cocina, patio con bar, oficina, baño. de visita. Segundo nivel: 02 habitaciones, baño común, dormitorio principal con baño. Tercer nivel: Depósito, lavandería, tendal. Casa de muy buenos acabados ubicada en urbanizacion Villa Sol, muy tranquilo. / abstenerse corredores inmobiliarios / Para mas informacion por favor llamar al numero que se muestra en el perfil.|https://urbania.pe/inmueble/clasificado/veclcain-venta-de-casa-en-villa-sol-etapa-iv-los-olivos-3-dormitorios-143868637?n_src=Listado&n_pills=%C3%81rea+de+lavander%C3%ADa&n_pg=1&n_pos=19|2026-03-18
urbania|casas|venta|Lima Norte|Los Olivos|"Calle El Azafran 900
Los Olivos, Lima"|S/ 875,000 · USD 250,000|875000|250000|||"460 m² tot.
10 dorm.
8 baños
1 estac."|460|10|8|1|Excelente casa frente aparque el sol, ubicada en calle El Azafrán cerca a la Av. Palmeras y Av. Eizaguirre, frente al municipio de los Olivos, cerca de todo, bancos, restaurantes, colegios, iglesia, entre otros. Casa de 4 pisos + azotea. Área de terreno: 133m2. Área techada: 460m2. Frontis: 7ml x 19ml. Cuenta con un departamento tipo duplex de 3 dormitorios en primer piso y segundo piso, y 4 departamentos de 2 dorm cada uno. Una cochera amplia. Servicios de luz, agua y gas cálida. Documentos en regla. Sin cargas ni hipotecas. Actualmente genera rentas de alquileres. Visita previa cita.|https://urbania.pe/inmueble/clasificado/veclcain-venta-de-casa-en-los-olivos-lima-5-a-mas-dormitorios-147068577?n_src=Listado&n_pills=%C3%81rea+de+lavander%C3%ADa&n_pg=1&n_pos=20|2026-03-18
urbania|casas|venta|Lima Norte|Los Olivos|"Calle Vitalino Becerra 172
Villa Sol Etapa Iv, Los Olivos"|S/ 608,400 · USD 180,000|608400|180000|||"89 m² tot.
7 dorm.
3 baños
1 estac."|89|7|3|1|Ubicación Premium – Urbanización Villa Sol, Los Olivos. A pasos de Parques y la Reconocida Academia Saco Oliveros, Universidades upn y Cesar Vallejo y otras mas, Colegios Particulares y Estatales, Centro de Salud, Mercados, Restaurantes, Boticas, Tiendas, Librerias, Transporte y Comercios. Tambien a 15 minutos del Centro Comercial Mega Plaza. Una zona tranquila, segura y con excelente proyección de valorización. Esta Urbanizacion de Villa Sol además cuenta con Permanente Control de Zerenasgo, la Calle tiene Rejas de Seguridad y un Vigilante con Caseta. Casa multifamiliar de 3 pisos + azotea – lista para habitar O rentar. Terreno amplio y bien distribuido. Perfecta para 2 o 3 familias. Opciones para alquiler independiente por pisos. Potencial para negocio, oficinas o Airbnb. distribución: 1er Piso: Cochera. Sala. Comedor. Cocina. Lavandería. 1 Dormitorio. 1 Baño. Patio. 2do Piso: 4 Dormitorios. 1 Baño. 3er Piso: Sala – Comedor. 2 Dormitorios. 1 Baño. Azotea: 1 Dormitorio independiente. 1 Baño. Espacio para tendal o proyecto de terraza social. Beneficios adicionales: Zona en constante crecimiento. Ideal para inversión, vivienda o renta. Excelente iluminación natural. Documentos en regla. Agenda tu visita y enamórate de tu próxima inversión!! Precio: $185. 000 mil dólares.|https://urbania.pe/inmueble/clasificado/veclcain-venta-de-casa-en-villa-sol-etapa-iv-los-olivos-5-a-mas-dormitorios-148319715?n_src=Listado&n_pills=%C3%81rea+de+lavander%C3%ADa&n_pg=1&n_pos=21|2026-03-18
urbania|casas|venta|Lima Norte|Los Olivos|"C. 5 Mz.M - Lt.6
Los Olivos, Lima"|S/ 572,850 · USD 171,000|572850|171000|||"120 m² tot.
10 dorm.
5 baños"|120|10|5||Casa en venta ideal para inversión! A pasos de parques Y colegios en los olivos. ¡Gran oportunidad para generar ingresos desde el primer día! Propiedad de 120 m² de terreno y 324 m² de área construida, con excelente distribución para alquiler de cocheras y minidepartamentos. Distribución: Primer nivel: Cocheras amplias con capacidad para hasta 4 autos. Segundo nivel: 2 minidepartamentos independientes. Tercer nivel: 2 minidepartamentos adicionales. Cuarto nivel: Azotea ideal para tendal, terraza o futura ampliación. Ubicación estratégica y tranquila: Ubicada altura del paradero del Colegio Trilce de Pro, muy cerca del Parque El Bosque, a la espalda de la Av. Canta Callao y a pocos minutos del Colegio San Agustín de los Olivos. Rodeada de parques, farmacias, mercados y todos los servicios para vivir con comodidad. Zona residencial tranquila y con alta demanda de alquiler. Ideal para inversionistas que buscan rentas múltiples. Agenda tu visita hoy mismo y descubre el potencial de esta excelente propiedad. ¡Invierte seguro y con alta rentabilidad!|https://urbania.pe/inmueble/clasificado/veclcain-venta-de-casa-en-los-olivos-lima-5-a-mas-dormitorios-149118691?n_src=Listado&n_pg=1&n_pos=22|2026-03-18
urbania|casas|venta|Lima Norte|Los Olivos|"CALLE ASUNCION 111 LOS OLVOS
Los Olivos, Lima"|S/ 595,000 · USD 175,000|595000|175000|||"314 m² tot.
7 dorm.
5 baños"|314|7|5||9️⃣5️⃣5️⃣2️⃣8️⃣4️⃣6️⃣4️⃣5️⃣ ¡Gran Oportunidad de Inversión en Los Olivos! Se vende casa de 3 pisos estratégicamente ubicada en Calle Asunción 111 (calle 28), Urb. Pinares, Los Olivos, con parámetros para construir un 4to piso, ideal para quienes buscan maximizar la rentabilidad. Ubicación privilegiada. A pasos de las cuadras 13 y 14 de la Av. Antúnez de Mayolo, rodeada de centros financieros, farmacias, y zonas comerciales, perfecta tanto para uso familiar como para proyectos de alquiler o negocios. Área de terreno: 130 m² Área construida: 313. 86 m² Distribución Perfecta por Niveles. Primer Piso. • Jardín con patio. • Amplia sala-comedor. • 2 habitaciones. • 2 baños. • Cocina funcional. • Terraza. • 2 salas de estar. • Depósito. Segundo Piso. • 3 habitaciones con clóset. • Sala de estudio. • 2 baños. Tercer Piso. • Sala de juegos. • Área de lavandería. • 2 cuartos de servicio. • 1 baño. • Terraza. ¡Ideal para Vivienda o proyecto inmobiliario. Esta propiedad ofrece grandes posibilidades: • Amplía el proyecto con un 4to piso. Agenda una visita ahora!|https://urbania.pe/inmueble/clasificado/veclcain-venta-de-casa-en-los-olivos-lima-5-a-mas-dormitorios-148376943?n_src=Listado&n_pills=%C3%81rea+de+lavander%C3%ADa&n_pg=1&n_pos=23|2026-03-18
urbania|casas|venta|Lima Norte|Los Olivos|"Calle Italia Mz. L lote 7
San Elias, Los Olivos"|S/ 639,200 · USD 188,000|639200|188000|||"360 m² tot.
5 dorm.
3 baños
1 estac."|360|5|3|1|Descubre una casa que marca la diferencia en Los Olivos. Ubicada en la Urb. San Elías. Esta propiedad de 3 pisos combina amplitud, diseño y una excelente ubicación. A solo 2 cuadras de la Av. Santa Elvira, a 2 cuadras de un parque amplio y a una cuadra adicional de una avenida principal. Esta casa ofrece conectividad inmediata con comercios, transporte y servicios esenciales, sin sacrificar tranquilidad. La vivienda destaca por su fachada disruptiva y moderna, totalmente diferente al común denominador de la zona. En su interior encontrarás acabados de muy buen nivel y un estado de conservación impecable. Cuenta con: • 5 habitaciones amplias y bien distribuidas. • 3 baños completos. •. 1 medio baño. • Sala comedor espaciosa. • Cocina funcional. • Garaje con puerta levadiza. Cada ambiente ha sido pensado para brindar confort, iluminación y una sensación real de hogar. Precio de venta: us$ 1880, 000. Documentación 100% en regla. Lista para la venta inmediata|https://urbania.pe/inmueble/clasificado/veclcain-venta-de-casa-en-san-elias-los-olivos-5-a-mas-dormitorios-148480975?n_src=Listado&n_pills=Cerca+a+colegios&n_pg=1&n_pos=24|2026-03-18
urbania|casas|venta|Lima Norte|Los Olivos|"Jiron Miguel Ortiz Mz. I Lt. 9 - Urb. Villasol - Los Olivos
Los Olivos, Lima"|S/ 1,005,000 · USD 300,000|1005000|300000|||"269 m² tot.
6 dorm.
4 baños
1 estac."|269|6|4|1|Excelente Oportundad!! Se vende casa multifamiliar de 2 plantas ubicada en la Urb Villasol (iv etapa). La vivienda consta de 3 dptos amplios, modernos y con excelentes acabados. at. 150mt. Ac. 269mt.. Primer piso: - Amplia sala comedor. - 2 habitaciones con closets. - 2 baños completos. - Cocina cerrada con reposteros altos y bajos. - Patio interior grande y otro pequeño al ingreso. - Zona de lavandería. - 1 cochera o uso habitación. Antigüedad 34 años. Segundo piso: - 2 departamentos, cada uno con 2 habitaciones, sala comedor, cocina, 1baño completo y zona de lavandería. Pisos de porcelanato y buenos acabados. - Antigüedad 10 años. Ideal para obtener ingresos por rentas. Cada departamento cuenta con medidor de luz y gas natural, intercomunicador, escaleras descansadas y zona de tendal en la azotea. Cuenta con cisterna y tanque elevado. Por su ubicación estratégica la casa tiene buena iluminación y ventilación. Ubicación: Jr Miguel Ortiz cdra 4, espalda de la Av Universitaria paradero academia Pitágoras, frente al condominio de Dptos de la pnp, a pocas cuadras de la Avenidas Marañon y Las Palmeras. Precio: $ 300, 000. Contactanos para mayor información, fotos finales y video de la propiedad.|https://urbania.pe/inmueble/clasificado/veclcain-venta-de-casa-en-los-olivos-lima-5-a-mas-dormitorios-148636985?n_src=Listado&n_pills=%C3%81rea+de+lavander%C3%ADa&n_pg=1&n_pos=25|2026-03-18
urbania|casas|venta|Lima Norte|Los Olivos|"AV LA CORDIALIDAD
La Floresta De Pro, Los Olivos"|S/ 935,850 · USD 255,000|935850|255000|||"206 m² tot.
6 dorm.
6 baños
1 estac."|206|6|6|1|Venta de casa en urb la floresta -los olivos. area 206 M2. ubicacion: A unas cdras de av cordialidad. Se vende casa semi construido, falta acabados. zona de ingreso, se ha colocado la cimentacion, muros Y losa de entrepiso del 1er nivel. zona del cerro. - se ha ganado al cerro, edificando ambientes. Ubicación, se encuentra A 50 M de un parque, tiene calzada de pavimento asfaltico Y vereda de concreto, cuenta con ingreso independiente la urbanizacion. distribucion: 1er nivel. sala comedor, cocina, patio, lavanderia, 2 dormitorios, 2 baños, estacionamiento. Otro ambiente considerado un dpto interior, su distribucion: sala comedor, cocina 2 dormitorios patio lavanderia, 2 baños. 2do nivel. dpto en la ladera del cerro, distibucion: sala comedor, cocina 2 dormitorios, patio lavanderia Y 2 baños. tiene luz Y agua|https://urbania.pe/inmueble/clasificado/veclcain-venta-de-casa-en-la-floresta-de-pro-los-olivos-5-a-mas-dormitorios-147143816?n_src=Listado&n_pills=%C3%81rea+de+lavander%C3%ADa&n_pg=1&n_pos=26|2026-03-18
urbania|casas|venta|Lima Norte|Los Olivos|"SANTA ANA
Santa Ana, Los Olivos"|S/ 1,137,500 · USD 325,000|1137500|325000||1|"436 m² tot.
13 dorm.
7 baños"|436|13|7||Vendo casa – Santa Ana – Los Olivos. se venda casa amplia en zona comercial de santa ana, A 1 cdra de av 2 de octubre Y A 2 cdras de la av huandoy. area T. 113 mt. Area C. 436m2 en 4 niveles. primer piso. un local comercial de 24 M con baño Y ambiente adicional. departamento de 2 dormitorios amplios, sala, comedor, cocina equipada con reposteros, 1 baño. segundo piso. mini departamento con vista exterior, 1 dormitorio, kitchenette, comedor Y baño. departamento con vista interna, 2 dormitorios, 1 baño, sala comedor, cocina Y patio. tercer piso. tres mini dptos, uno de ellos con vista externa, cada mini tiene 1 dormitorio, kitchenette, comedor Y 1 baño. cuarto piso. 2 mini departamentos, cda uno cuenta con 2 dormitorios, un baño, sala comedor, kitchenette. adicionalmente en los aires se cuenta con un deposito, lavanderia Y tendal. documentacion en regla. muy bien ubicado calle altamente comercial con negocios como farmacias, peluqueria, mercado, bazar, restaurant, veterinarias, avicolas etc|https://urbania.pe/inmueble/clasificado/veclcain-venta-de-casa-en-santa-ana-los-olivos-5-a-mas-dormitorios-147763251?n_src=Listado&n_pills=Cerca+a+colegios&n_pg=1&n_pos=27|2026-03-18
urbania|casas|venta|Lima Norte|Los Olivos|"C. Alejandrita
Los Olivos, Lima"|S/ 765,252 · USD 219,900|765252|219900|||"366 m² tot.
14 dorm.
8 baños
1 estac."|366|14|8|1|Casa ideal para familias numerosas o inversionistas que buscan rentabilidad inmediata. ¿Buscas una propiedad que combine hogar y negocio? Esta amplia casa de 140 m² es perfecta para ti. Ubicada frente al parque en zona residencial y de alta demanda, cerca de las Av. Los Alisos, Av. Universitaria y Av. Carlos Izaguirre. Genera ingresos desde el primer día: La casa cuenta con varios departamentos independientes + local, ideal para alquilar por pisos o vivir en uno y alquilar el resto. Distribución por niveles: 1° Piso: Departamento con 2 dormitorios, sala comedor, cocina, 2 baños, patio y lavandería. Local con baño completo y lavadero. Cochera con puerta levadiza. 2° Piso: Departamento con 4 dormitorios, sala comedor, cocina, lavandería y dos baños completos. 3° Piso: Departamento con 3 dormitorios, sala comedor, cocina, lavandería y dos baños completos. 4° Piso: 3 habitaciones, 2 baños completos, depósito, lavandería y tendal. Precio: $219, 900 – negociable. Documentación en regla. Agenda tu visita hoy mismo y descubre cómo esta propiedad puede convertirse en tu mejor inversión inmobiliaria en Los Olivos.|https://urbania.pe/inmueble/clasificado/veclcain-venta-de-casa-en-los-olivos-lima-5-a-mas-dormitorios-146439183?n_src=Listado&n_pills=%C3%81rea+de+lavander%C3%ADa&n_pg=1&n_pos=28|2026-03-18
urbania|casas|venta|Lima Norte|Los Olivos|"Jirón Los Ceibos
Las Palmeras, Los Olivos"|S/ 703,150 · USD 205,000|703150|205000|||"133 m² tot.
5 dorm.
3 baños"|133|5|3||Vendo acogedora casa de 2 pisos + azotea Y cochera – urb. Las palmeras, los olivos. Si buscas espacio, comodidad y una excelente ubicación para tu familia, esta casa es lo que estabas esperando. Ubicada en una zona residencial de Los Olivos, rodeada de parques y con fácil acceso a centros comerciales y principales vías de acceso a la ciudad. - linderos: Área de Terreno: 133 m² Área construida: 180. 60 m² Antigüedad: 48 años. - distribución: 1er piso: Cochera. Sala. Comedor. Cocina. Sala de estudio. Baño de visita. Patio trasero. 2do piso: 5 habitaciones (3 con closet) 2 baños completos. Sala de estudio. 3er piso: Lavandería techada. Cocina. Amplio almacén. Terraza. - inversión: us$205, 000. - otras características: Sólida construcción y recientemente remodelada. Todos los servicios básicos (con gas natural) Inscrita en Registros Públicos. Compra al contado o con crédito hipotecario. Ubicación privilegiada en Urb. Las Palmeras – Los Olivos (a solo 6 cuadras de la Municipalidad). Si aún no tienes tu crédito hipotecario, te ayudamos a gestionarlo. Agenda tu visita hoy mismo. Rmk inmobiliaria. “La confianza no se negocia, simplemente se gana”|https://urbania.pe/inmueble/clasificado/veclcain-venta-de-casa-en-las-palmeras-los-olivos-5-a-mas-dormitorios-149190541?n_src=Listado&n_pills=Jard%C3%ADn&n_pg=1&n_pos=29|2026-03-18
urbania|casas|venta|Lima Norte|Los Olivos|"Calle Rubi
Los Olivos, Lima"|S/ 1,033,000 · USD 310,000|1033000|310000|||"160 m² tot.
7 dorm.
4 baños
3 estac."|160|7|4|3|Vendo casa de 7 dormitorios, 4 pisos y cochera para 3 autos en Calle Rubí - Los Olivos Urb. Covida 1era Etapa. La casa se encuentra muy bien mantenida. 1er piso: Ingreso, cochera para 3 autos en línea (uno detrás de otro), sala, 1/2 baño de visitas, muy amplio comedor y cocina cuadrada. 2do piso: 4 dormitorios, el principal con baño incorporado y vista a la calle, un segundo dormitorio con vista a la calle y dos dormitorios con vista interna, 1 baño completo. 3er piso: 1 dormitorio principal, 3 ambientes adicionales que se pueden utilizar como habitaciones. 4to piso: Terraza, dormitorio y baño de servicio|https://urbania.pe/inmueble/clasificado/veclcain-venta-de-casa-en-los-olivos-lima-5-a-mas-dormitorios-66107892?n_src=Listado&n_pills=Cuartos+de+servicio&n_pg=1&n_pos=30|2026-03-18
urbania|casas|venta|Lima Norte|Los Olivos|"pasaje 6
Los Olivos, Lima"|S/ 532,650 · USD 159,000|532650|159000|||"90 m² tot.
9 dorm.
7 baños
2 estac."|90|9|7|2|Venta inmueble los olivos cerca A parque. Con 4 pisos independientes. Ubicado sobre Pasaje 6. A una cdra. Del Parque Los Rosales de Pro. De fácil acceso a avenidas principales como Tomas Valle y Universitaria. Cerca de fabrica de Ropa de Algodón Sydney, Campo Deportivo Grass Barza de los Olivos y demás comercios. at 90m2 / ac 312. 25m2. Exterior. Material Predominante Concreto (Ladrillo) Buen estado de conservación. Desocupado. Distribución. En 1er Nivel ac 80. 86m2. Construcción en concreto, para colocar acabados. Acceso a través de puerta peatonal y adicional una puerta vehicular. Espacio para 2 vehículos. Un recibidor. 1Dormitorio. 1Baño. 1 área para cocina. 1 área para lavandería. Escaleras. En 2do Nivel ac 85. 06m2. Construcción terminada con acabados por arreglar. Sala Comedor. Cocina abierta. 3Dormitorios, 2 con baño incorporado. Lavandería. Estar. Escaleras. En 3er Nivel ac 85. 86m2. Construcción terminada con buenos acabados. Sala Comedor. Cocina abierta. 3Dormitorios, 1 con baño incorporado. Lavandería con Baño adicional. Estar. Escaleras. En 4to Nivel ac. 61. 27m2. Construcción en ladrillos, con techo aligerado, listo para tarrajeo y colocar acabados. Ambiente tipo terraza. Sala comedor. Cocina abierta. 2 ambientes como dormitorios. 2 baños. Precio $ 159, 000 dólares. Precio expresado en dólares, para la venta en soles se debe considerar el tc del día, no el de este portal. Mayor información al 9Ver datos|https://urbania.pe/inmueble/clasificado/veclcain-venta-de-casa-en-los-olivos-lima-5-a-mas-dormitorios-145721951?n_src=Listado&n_pills=%C3%81rea+de+lavander%C3%ADa&n_pg=2&n_pos=1|2026-03-18
urbania|casas|venta|Lima Norte|Los Olivos|"Yaracmarca
Los Olivos, Lima"|S/ 753,000 · USD 225,000|753000|225000|||"160 m² tot.
9 dorm.
6 baños"|160|9|6||Bonita casa en venta, propiedad de 3 pisos te ofrece todo lo que necesitas y más. Con 352 m² construidos en un terreno de 160m², de espacios amplios y bien distribuidos, ideal para familias grandes. Excelente ubicación!.. A pasos de avenidas principales como Huandoy y Naranjal y cerca de centros comerciales como: Plaza Norte, Mega plaza, Real plaza pro, Plaza Center smp cerca de las universidades (ucsur, utp, ucv, upn, uch, U Continental). Casa funcional dividida como departamentos en cada piso, Ideal para familias grandes, como oficinas muy cerca al cruce de Naranjal y Huandoy, zona altamente comercial. Distribución. - 1er Nivel: * Sala-comedor vista a la calle. * Jardín exterior. * 3 dormitorios el principal con baño. -Amplia cocina iluminada con muebles altos y bajos y salida a patio. * Cochera techada para 2 autos. * Patio para la lavandería con salida a un pasadizo de circulación interna. * Baño de visita. * Tragaluz que conecta tonos los niveles. - 2do Nivel: La entrada puede ser internamente o también por la escalera con salida a la entrada principal. * Sala comedor-amplia. * La cocina abierta americana. * 3 dormitorios el principal con baño y salida a un balcón con vistas a la calle. * 2 baños completos adicionales. - 3er Nivel. * 3 habitaciones una con baño puede ser usado como estudio/biblioteca) * Puede ser habilitada para terraza además de área de lavandería con tendedero. Precio: us 229, 900. negociable. Esta casa es especial por su ubicación, en zona residencial y segura, además de contar con una excelente distribución, cerca a todo tipo de comercio y con acceso rápido a la Panamericana Norte, Huandoy y el Naranjal, cerca a centros comerciales como Plaza Norte, Real Plaza, Mega Plaza y Plaza Center de smp, además de las diferentes universidades importantes como ucv, upn, uch, Universidad continental, y muy cerca al cruce de Naranjal y Huandoy que es una zona altamente comercial.|https://urbania.pe/inmueble/clasificado/veclcain-venta-de-casa-en-los-olivos-lima-5-a-mas-dormitorios-148810178?n_src=Listado&n_pills=%C3%81rea+de+lavander%C3%ADa&n_pg=2&n_pos=2|2026-03-18
urbania|casas|venta|Lima Norte|Los Olivos|"Calle Buin
Parque Del Naranjal Et.2, Los Olivos"|S/ 1,155,000 · USD 330,000|1155000|330000|||"160 m² tot.
7 dorm.
2 baños"|160|7|2||Venta de amplia casa de dos pisos ubicada en la Urbanización El Parque del Naranjal ii etapa. Una de las zonas más seguras y consolidadas de Los Olivos. Área de terreno: 160 m2. Área construida: 294. 98 m2. Antigüedad de la construcción: 38 años. Distribución: Primer piso: Salita de estar (al ingresar a la propiedad). Amplia cochera. Amplia sala - comedor con excelente iluminacion natural. Cocina espaciosa con muebles altos y bajos. Área de lavandería. Escalera que da acceso al segundo piso. Baño de visita completo. Habitación con ventana que da vista al patio exterior. Habitación con clóset empotrado a la pared y una ventana que da vista al patio exterior. Patio exterior. Segundo piso: Baño completo de visita. 3 amplias habitaciones, una de ellas con vista exterior. 1 habitación que actualmente es usada como sala - comedor. 1 habitación que actualmente es usada como área de cocina. Pasadizo con ventana vista a la calle. Pequeño ambiente que actualmente es usado como closet o depósito. Tercer piso: Baño completo en casco. 2 habitaciones en casco a medio construir. Amplia terraza con vista a la calle. Maneja tanque de agua elevado. La propiedad de encuentra cerca a parques, mercados, avenidas principales como Naranjal y Universitaria. No dejes pasar la oportunidad de conocer esta hermosa casa con excelente ubicación y gran potencial familiar o de inversión. Contáctame para más información o agendar una visita. Persona de contacto: Luis Rodríguez 9. 3. 4. 2. 6. 1. 5. 5. 7|https://urbania.pe/inmueble/clasificado/veclcain-venta-de-casa-en-parque-del-naranjal-et2-los-olivos-5-a-mas-dormitorios-149270841?n_src=Listado&n_pills=Cerca+a+colegios&n_pg=2&n_pos=3|2026-03-18
urbania|casas|venta|Lima Norte|Los Olivos|"los diamantes
Los Olivos, Lima"|S/ 537,600 · USD 160,000|537600|160000|||"130 m² tot.
2 dorm.
2 baños"|130|2|2||Te presento esta acogedora casa en una excelente zona en Los Olivos, la urbanización Lima cerca Av. Los Alisos y Av. Carlos Yzaguirre, a una cuadra de la Universitaria. Esta casa se ubica en una esquina calle con variedad de comercios como tiendas, librerías, boticas. área terreno: 90. 21 mt2. área construida: 130 mt2. antigÜedad: 21 años. Con mucho potencial para personalizar a tu gusto. En el primer piso tienes un local comercial que puede generar una renta ya que es una calle semicomercial. Segundo piso: 1 Minidepartamento. 1 Dormitorio. 1 Baño. Sala comedor. Cocina americana. Tercer piso una habitación y espacio para construir mas ambientes. Agenda tu visita y conoce el hogar de tus sueños|https://urbania.pe/inmueble/clasificado/veclcain-venta-de-casa-en-los-olivos-lima-2-dormitorios-148463665?n_src=Listado&n_pills=Cerca+a+colegios&n_pg=2&n_pos=4|2026-03-18
urbania|casas|venta|Lima Norte|Los Olivos|"AV Canta Callao Manzana Q5 LT 13 URB PRO Quinto Sector
Pro, Los Olivos"|S/ 1,017,000 · USD 300,000|1017000|300000|||"496 m² tot.
10 dorm.
6 baños"|496|10|6||Contáctame: maria calderon 9. 9. 7. 3. 3. 1. 1. 3. 7. Tú Oportunidad de comprar una hermosa Casa, amplia y rentable, estilo colonial distribuida en 3 niveles, más un Sótano antisísmico totalmente enmallado de acero para estacionamiento de carros y con un baño completo. 216. 91 m2 de Área de Terreno496. 15 M2 de área ConstruidaLinderos: 10 mt de Frente 22 mt a la Izquierda 9. 71mt Fondo 22 mt a la Derecha10 Habitaciones7 BañoPiso: parqué guayacán, porcelanato y cerámicos Los Muebles y Puertas de Madera de Caoba y Cedro. 3 Cocheras (techadas) 40 Años de Antigüedadsótano 2 habitaciones independientes con baño cada una Estacionamiento para 3 carroscon Baño Completo independiente y acceso al 1er piso parte posterior. 40 Años de AntigüedadPrimer PisoHallSala con Mampara ComedorCocina cerrada con Muebles Altos y Bajos Lavandería con doble poza1 habitación con Vista Exterior con baño completoEn la Parte posterior cuenta con una terraza con Pileta decorativa y una gruta y pasadizo al exterior de la casa. 25 Años de AntigüedadSegundo Piso2 Habitaciones con Vista Exterior cuentan con Closet y Baño Completo. 1 Departamento: con Sala Comedor2 habitaciones, baño completo Lavandería, cocina con muebles altos y Bajos. 20 Años de Antigüedad Tercer Piso1 Mini departamento con vista exterior1 habitación con baño completo cuenta con sala comedor, cocina1 Departamento con Sala Comedor, cocina2 habitaciones, con baño completo. Lavandería. Cuarto Piso: 1 Cuarto DepósitoTendales y Lavandería. Cuenta con 4 Cámaras de VigilanciaLa casa cuenta con todos los Servicios: Luz, Agua, Gas Caliddaubicación: Cerca a la Comisaria de Pro, Plaza principal Policlínico, Colegios, Mercados, Farmacias, y la Iglesia San ConradoA 15 minutos de las universidades (ucv, upn, uma) precio: $300, 000Sujeto a tipo de cambio sbs (si el precio está en dólares) (*) La propiedad se encuentra saneada, inscrita en Registros Públicos y con título de propiedad (si no tiene cargas y tiene número de partida electrónica en la sunarp) contáctame: maria calderon 9. 9. 7. 3. 3. 1. 1. 3. 7. R. U. C Ver datos|https://urbania.pe/inmueble/clasificado/veclcain-venta-de-casa-en-pro-los-olivos-5-a-mas-dormitorios-148575153?n_src=Listado&n_pills=Jard%C3%ADn&n_pg=2&n_pos=5|2026-03-18
urbania|casas|venta|Lima Norte|Los Olivos|"AV Maria DE LOS Angeles
Villa Los Angeles, Los Olivos"|S/ 194,880 · USD 58,000|194880|58000|||"150 m² tot.
2 dorm.
2 baños"|150|2|2||¡Oportunidad exclusiva en Los Olivos, Lima! ¿Buscas invertir en un espacio con potencial ilimitado? ¡Tenemos lo perfecto para ti! Presentamos un excepcional aires ubicado en? urb villa los angeles frente mega plaza de Los Olivos. Características Principales: - Área Total: 150 m2- Área Construida: 50. 00 m2- Baños 2Imagina las posibilidades que tienes con esta extensión de propiedad. Puedes diseñar y construir a tu gusto aprovechando la amplitud del área de terreno para una futura expansión, ya sea tu hogar soñado o un proyecto de inversión. Precio de oportunidad: 58, 000No dejes pasar esta ocasión de hacer una inversión segura en una de las zonas más prometedora no esperes mas agenda tu visita R. U. C Ver datos|https://urbania.pe/inmueble/clasificado/veclcain-venta-de-casa-en-villa-los-angeles-los-olivos-2-dormitorios-148172985?n_src=Listado&n_pills=%C3%81rea+de+lavander%C3%ADa&n_pg=2&n_pos=6|2026-03-18
urbania|casas|venta|Lima Norte|Los Olivos|"Pasaje L
Los Olivos, Lima"|S/ 527,000 · USD 155,000|527000|155000|||"90 m² tot.
9 dorm.
3 baños"|90|9|3||Casa de 3 niveles con ingresos independientes – Excelente oportunidad para vivienda multifamiliar o inversión. Se vende casa ubicada en el Conjunto Habitacional Carlos Cueto Fernandini, en el Pasaje L, en una zona residencial tranquila y con fácil acceso a vías principales, comercios y servicios. La propiedad cuenta con 90 m² de área de terreno y 257 m² de área construida, distribuidos en tres niveles más azotea, con ingreso independiente hacia el segundo y tercer piso, lo que la convierte en una excelente opción tanto para familias numerosas como para inversión y generación de renta. *Contáctate con Patricia Pevez 9. 2. 2. 9. 0. 1. 3. 7. 1 * *Contáctate con Ana Aguilar 9. 9. 1. 8. 6. 6. 6. 1. 4* Distribución del inmueble. Primer piso. - Sala – comedor. - Cocina. - 3 dormitorios. - 1 baño completo. - Área de estudio. - Área de lavandería. Segundo piso (ingreso independiente) - Sala – comedor con balcón. - Cocina. - 3 dormitorios con clóset. - 1 baño completo. - Área de lavandería. Tercer piso (ingreso independiente) - Sala – comedor. - Cocina. - 3 dormitorios. - Área de lavandería. - Azotea. - Área de depósito. ¡Todo lo que necesitas para vivir de la mejor manera! No pierdas la oportunidad. Contáctanos ahora para más información y agendar una visita. *Contáctate con Patricia Pevez 9. 2. 2. 9. 0. 1. 3. 7. 1 * *Contáctate con Ana Aguilar 9. 9. 1. 8. 6. 6. 6. 1. 4*|https://urbania.pe/inmueble/clasificado/veclcain-venta-de-casa-en-los-olivos-lima-5-a-mas-dormitorios-149119025?n_src=Listado&n_pills=Cerca+a+colegios&n_pg=2&n_pos=7|2026-03-18
urbania|casas|venta|Lima Norte|Los Olivos|"Los Olivos 15307
Los Olivos, Lima"|S/ 500,640 · USD 149,000|500640|149000|||"160 m² tot.
5 dorm.
4 baños"|160|5|4||*R. U. C: 2. 0. 6. 0. 0. 1. 6. 2. 9. 9. 4* Razón Social: Constructora e Inmobiliaria Casa 21 S. A. C. ¡Oportunidad única de inversión en Los Olivos! Se vende casa de 3 pisos a precio de terreno, con 160 m² de área de terreno y 320 m² construidos, ubicada en una zona estratégica del distrito, a pocos minutos de MegaPlaza y Plaza Norte, rodeada de parques, colegios de prestigio y con fácil acceso a principales vías. La propiedad cuenta con 5 amplios dormitorios, ambientes bien iluminados y una distribución ideal para proyectos inmobiliarios, vivienda multifamiliar o inversión a mediano plazo. Actualmente se encuentra con ocupante precario, motivo por el cual se ofrece a un precio significativamente por debajo del mercado, representando una excelente oportunidad para inversionistas que buscan alta proyección de rentabilidad en una de las zonas más demandadas de Lima Norte. *Contáctate con Carlos Christiansen 9. 4. 3. 5. 0. 3. 7. 3. 8* *Contáctate con Angela Dolorier 9. 3. 9. 1. 1. 9. 7. 2. 0* Caracteristicas: - Área de 160m2. - 3 Pisos. - 05 Habitaciones. - 04 Baños. - 1 ½ Baño. - Cuarto con baño de servicio. - Vista interior y exterior. - Cocina con muebles altos y bajos. - 01 Cochera. Precio: us$ 149, 000. 00. ¡Todo lo que necesitas para vivir de la mejor manera! No pierdas la oportunidad. Contáctanos ahora para más información y agendar una visita. *Contáctate con Carlos Christiansen 9. 4. 3. 5. 0. 3. 7. 3. 8* *Contáctate con Angela Dolorier 9. 3. 9. 1. 1. 9. 7. 2. 0*|https://urbania.pe/inmueble/clasificado/veclcain-venta-de-casa-en-los-olivos-lima-5-a-mas-dormitorios-148722782?n_src=Listado&n_pills=Jard%C3%ADn&n_pg=2&n_pos=8|2026-03-18
urbania|casas|venta|Lima Norte|Los Olivos|"Jirón Pomabamba XXX
Los Pinares, Los Olivos"|Consultar precio|||||"214 m² tot.
4 dorm.
4 baños
1 estac."|214|4|4|1|"Casa de 2 pisos amoblada o sin amoblar + azotea | frente a parque en Los Olivos Urb. Los Pinares | 214 m2 construidosVive frente a parque en una ubicación estratégica de Los Olivos: Jr. Pomabamba, a solo 1 cuadra del mercado de Covida y rodeado de todo lo que necesitas para tu familia. características principales- Área de terreno: 130 m²- Área construida: 214 m²- Área libre: 21 m²- Frente a parque distribución- Sala y comedor amplios- Estudio ideal para home office-Cocina funcional- Sala de estar y terraza- Patio y jardín- Dormitorios cómodos- Baños completos- Cuarto y baño de servicio- Azotea con potencial de ampliaciónplus: - La casa cuenta con gas Cálidda instalado. - Cisterna de 4, 000 litros, nunca falta el aguaubicación privilegiadaavenidas principales: Mayolo, Universitaria, Izaguirre y Palmeras A pasos de colegios, bancos, restaurantes y supermercados Cerca de instituciones del Estado, Municipalidad, clínicas, cines y centros comerciales Perfecta para quienes buscan comodidad, seguridad y fácil acceso a todo. contáctame para agendar una visita! R. U. C Ver datos"|https://urbania.pe/inmueble/clasificado/veclcain-venta-de-casa-en-los-pinares-los-olivos-4-dormitorios-147676294?n_src=Listado&n_pills=Cuartos+de+servicio&n_pg=2&n_pos=9|2026-03-18
urbania|casas|venta|Lima Norte|Los Olivos|"Urb. San Elías,- Cerca de las Universidades Ucv, Upn, Utp, UCH
Los Olivos, Lima"|S/ 888,000 · USD 249,900|888000|249900|||"311 m² tot.
8 dorm.
6 baños
2 estac."|311|8|6|2|Venta de casa amplia en Urbanización San Elías – Potencial de rentaAmplia y funcional casa de 3 pisos más azotea, ubicada en la Urbanización San Elías – Los Olivos, ideal para familias numerosas o inversión inmobiliaria con excelente retorno. Cada nivel cuenta con ingreso independiente, lo que permite rentar por pisos o vivir en uno y alquilar los demás. bajo de precio! De us$ 270, 000. 00 dólaresAhora us$ 249, 900. 00 dólaresÁrea de terreno: 166. 83 m²Área construida: 311. 86 m²Distribución destacada: -Primer piso: *Cochera*Sala – comedor amplios*Cocina equipada con reposteros altos y bajos*Baño completo + baño de visitas*2 dormitorios*Patio posterior-Segundo piso: *Sala – comedor*Cocina con comedor de diario*Dormitorio amplio*Baño completo*Mini departamento con 2 ambientes y baño privado-Tercer piso: *Sala, cocina con comedor amplio*Ambiente para 2 dormitorios*Baño completo*Acceso al cuarto piso -Cuarto piso (azotea): *Espacio amplio con baño completo*Ideal para terraza, área social o futura ampliación. Ventajas de la propiedad: *A unos pasos de un enorme parque*Diseño multifamiliar: independencia por piso*Ubicación estratégica: a pasos de la Av. Universitaria, Panamericana Norte y rodeado de universidades como César Vallejo, upn, utp, uch, Continental*Zona comercial cercana: Tottus, Sodimac, Dolarcity, colegios, movilidad constante*Construcción sólida: distribución funcional, ideal para maximizar rentabilidad. -Oportunidad ideal para vivir y generar ingresos al mismo tiempo. -Contáctame para más detalles o agendar una visita.|https://urbania.pe/inmueble/clasificado/veclcain-venta-de-casa-en-los-olivos-lima-5-a-mas-dormitorios-147154032?n_src=Listado&n_pg=2&n_pos=10|2026-03-18
urbania|casas|venta|Lima Norte|Los Olivos|"Avenida Holanda
San Elias, Los Olivos"|S/ 695,000 · USD 198,000|695000|198000|||"217 m² tot.
4 dorm.
3 baños
1 estac."|217|4|3|1|Contacto: dennie zapata 9. 9. 9. 2. 7. 4. 5. 0. 9. Moderna casa en venta, hermosa propiedad de 3 pisos te ofrece todo lo que necesitas y más. Con 217m² construidos en un terreno de 120m², disfrutarás de espacios amplios y bien distribuidos, ideales para tu familia. Distribución- 1er Nivel: • Cochera techada• Cisterna subterránea• Jardín en entrada principal• Baño de visita• Sala de estar• Amplia sala-comedor iluminada con mamparas y vista a hermoso jardín• Jardín posterior• Amplia cocina iluminada y con espacio para comedor de diario, • Tragaluz que conecta tonos los niveles. (ascensor/escalera caracol) - 2do Nivel: • Espacio para sala de estar• 1 amplio dormitorio principal con espacio para cama King y un estudio, incluye ropero empotrado y baño incorporado• 3 dormitorios secundarios• Baño completo para los dormitorios secundarios- 3er Nivel• Cuarto techado usado como estudio/biblioteca) • Cuarto de lavado con techo aligerado• Espacio para tendedero• Terraza. Características destacadas: Ubicación privilegiada: A pasos de avenidas principales como Huandoy y Santa Elvira. Ideal para estudiantes universitarios por cercanía a la sede norte de las siguientes universidades (ucsur, utp, ucv, upn, uch, U Continental) y cerca de centros comerciales como: Plaza Norte, Mega plaza, Real plaza pro, Plaza Center smp entre otros. Diseño moderno y funcional: Sala-comedor iluminada con mamparas y vista a hermoso jardín interior, amplia cocina iluminada y con espacio para comedor de diario, 4 dormitorios (principal con baño incorporado), 3 baños completos, sala de estar, terraza con bbq y cochera techada. Acabados de primera: Materiales de alta calidad y diseño contemporáneo. Ideal para familias, empresarios y estudiantes. ¡Agenda tu visita hoy mismo y enamórate de tu nuevo hogar!|https://urbania.pe/inmueble/clasificado/veclcain-venta-de-casa-en-san-elias-los-olivos-4-dormitorios-147980860?n_src=Listado&n_pills=Jard%C3%ADn&n_pg=2&n_pos=11|2026-03-18
urbania|casas|venta|Lima Norte|Los Olivos|"Cooperativa Virgen del Rosario, Los Olivos.
Los Olivos, Lima"|S/ 208,320 · USD 62,000|208320|62000|||"75 m² tot.
3 dorm.
2 baños"|75|3|2||Vendo departamento en piso 1 en urbanizacion covida en asociacion virgen del carmen, cerca al mercado de covidacuenta con: 03 dormitorios02 bañossala comedorcocina, patio75 M2accesible avenidas cercanas, centros comerciales, mercado de covida A unos minutos de plza vea, megaplaza, plaza norter. U. C Ver datos|https://urbania.pe/inmueble/clasificado/veclcain-venta-de-casa-en-los-olivos-lima-3-dormitorios-148474427?n_src=Listado&n_pg=2&n_pos=12|2026-03-18
urbania|casas|venta|Lima Norte|Los Olivos|"Municipalidad de Los Olivos
Los Olivos, Lima"|S/ 991,200 · USD 295,000|991200|295000|||"283 m² tot.
6 dorm.
3 baños"|283|6|3||Casa Exclusiva en Los Olivos Presentamos esta imponente propiedad de 283 m² construidos sobre un terreno de 133 m², ubicada en una de las zonas de alta demanda comercial y residencial en el corazón de Los Olivos. Un hogar diseñado para ofrecer comodidad, elegancia y funcionalidad en cada rincón. Ideal para familias que buscan amplitud, privacidad y una excelente ubicación. Características: Tres pisos más azotea: Espacios bien distribuidos que te permitirán disfrutar de la máxima comodidad en cada nivel. Amplia sala y comedor: Áreas luminosas y abiertas para que disfrutes de momentos familiares y de entretenimiento. Cocina espaciosa: Perfecta para preparar tus platillos favoritos, con suficiente espacio para almacenamiento y organización. Lavandería independiente: Con todas las facilidades para tu confort. Seis habitaciones: Dormitorios generosos y privados, ideales para tu familia o para convertir en oficinas o espacios personalizados. Tres baños completos: Equipados con acabados modernos y funcionales para mayor comodidad. Jardín interior: Para disfrutar de momentos de paz y tranquilidad. Documentación en regla: Todos los papeles listos para tu compra, garantizando una transacción segura. Ubicación estratégica: A tan solo unos pasos de la Municipalidad de Los Olivos, cerca de centros comerciales, colegios, parques y con excelente conectividad a las principales vías. ¡Haz realidad tu sueño de vivir en un hogar exclusivo! Esta es tu oportunidad de invertir en un espacio único, pensado para quienes valoran el confort, la elegancia y la practicidad. R. U. C Ver datos|https://urbania.pe/inmueble/clasificado/veclcain-venta-de-casa-en-los-olivos-lima-5-a-mas-dormitorios-147502732?n_src=Listado&n_pills=%C3%81rea+de+lavander%C3%ADa&n_pg=2&n_pos=13|2026-03-18
urbania|casas|venta|Lima Norte|Los Olivos|"Av Sta Elvira
Los Olivos, Lima"|S/ 1,001,650 · USD 299,000|1001650|299000||1|"150 m² tot.
4 dorm.
3 baños"|150|4|3||Vendo casa de 3 pisos con piscina en urb. Villa sol / los olivos $Ver datos. el inmueble cuenta con una edificacion de 3 pisos, en una avenida con ubicacion estrategica frente al ovalo con facil acceso A av. Universitaria, av. Las palmeras, av. Metropolitana. A pasos de universidades, centros comerciales con opcion de hacer minimarket en el primer piso O otro giro relacionado al comercio. Area de terreno: 150M2. area construida: 180M2. antiguedad: alrededor de 25 años. remodelada: hace 8 años. distribucion de espacios: primer piso: cochera para 3 carros, jardin interior, cocina, comedor amplio, sala comedor, baño de visita cuarto de estudio. Piso 2: 2 baños completos Y 3 domitorios amplios Y un cuarto de juegos. Piso 3: piscina con motor recirculante, terraza en madera caoba, cuarto de gimnasio, estructura de muebles bar. Precio: $Ver datos. contacto y visitas con alejandro lostaunau al Ver datos. se escuchan propuestas formales. No se pierda esta gran oportunidad|https://urbania.pe/inmueble/clasificado/veclcain-venta-de-casa-en-los-olivos-lima-4-dormitorios-148969392?n_src=Listado&n_pills=Piscina&n_pg=2&n_pos=14|2026-03-18
urbania|casas|venta|Lima Norte|Los Olivos|"3WGG+W7J Los Olivos
Los Olivos, Lima"|S/ 336,852 · USD 94,888|336852|94888|||"105 m² tot.
4 dorm.
2 baños
1 estac."|105|4|2|1|*R. U. C: 2. 0. 6. 0. 0. 1. 6. 2. 9. 9. 4* Razón Social: Constructora e Inmobiliaria Casa 21 S. A. C. Si estás buscando una propiedad con verdadero potencial, esta es la oportunidad que no puedes dejar pasar. Vendo casa de 105 m² en la zona de Chillón, en Los Olivos, una ubicación estratégica que combina comodidad, accesibilidad y proyección de crecimiento. Esta casa representa una inversión segura con rentabilidad inmediata, ideal tanto para inversionistas como para familias que desean generar ingresos desde el primer día. Está situada a solo pasos de avenidas principales como la Panamericana Norte y la Av. Trapiche, rodeada de todo lo que necesitas: Unicachi, Plaza Vea, Cineplanet, el centro financiero de Pro, colegios, mercados, negocios locales y centros comerciales que garantizan una alta demanda de alquiler o comercio. Ya sea que busques un lugar donde vivir o una propiedad que te genere ingresos constantes, esta casa reúne las condiciones ideales para hacerlo realidad. *Contáctate con Ana Aguilar 9. 9. 1. 8. 6. 6. 6. 1. 4* - Área de Terreno: 105m2, Con un frente de 7 m2 y de fondo 15 m2. - Área Construida: 220m2. Distribución: 1er piso. - Cochera. - Tienda. - Sala Comedor. - Cocina cerrada. - 01 Dormitorio. - Baño completo. - Lavandería. 2do piso. - Sala comedor. - Cocina. - 03 Dormitorios. - Baño completo. 3er piso. - Semi construido. Precio us$ 94, 888. 00. ¡Todo lo que necesitas para vivir de la mejor manera! No pierdas la oportunidad. Contáctanos ahora para más información y agendar una visita. *Contáctate con Ana Aguilar 9. 9. 1. 8. 6. 6. 6. 1. 4*|https://urbania.pe/inmueble/clasificado/veclcain-venta-de-casa-en-los-olivos-lima-4-dormitorios-146507156?n_src=Listado&n_pills=%C3%81rea+de+lavander%C3%ADa&n_pg=2&n_pos=15|2026-03-18
urbania|casas|venta|Lima Norte|Los Olivos|"Calle 17 Urbanización Prolima III Etapa
Los Olivos, Lima"|S/ 703,000 · USD 190,000|703000|190000|||"120 m² tot.
3 dorm.
4 baños
1 estac."|120|3|4|1|Venta de Casa de 4 Pisos en Los Olivos cerca de la Panamericana – Ideal para Inversión¿Estás buscando una propiedad versátil, con excelente distribución y potencial para inversión? Esta casa de 4 pisos ofrece espacios amplios que se adaptan a distintos usos: vivienda, negocio, taller o almacén. Características Principales- Área total del terreno: 120 m²Linderos: 6mL x20mL- Área construida: 388 m²- Año de construcción: 10 añosDistribución por Piso1er Piso: Amplia cochera para varios vehículos. Ideal también como taller, almacén u oficina, con baño incluido. 2do Piso: Departamento con 3 dormitorios, sala, comedor, cocina, lavandería y 1 baño. 3er y 4to Piso: Salones amplios de un solo ambiente, actualmente usados como talleres. Ideales para: Producción, Oficinas, Almacenamiento, Adaptaciones como departamentos. Ubicación Privilegiada: • A 2 cuadras de la Panamericana Norte y Av. Alfredo Mendiola• A pasos del Colegio Trilce Prolima y Puente Prolima• A solo 3 minutos de Real Plaza Pro, Mercado Unicachi y Mall Plaza Comas• Zona con alta conectividad y acceso a transporte públicoIdeal para: • Inversionistas que deseen generar varios ingresos por alquiler• Empresas o emprendedores que necesiten espacio para oficinas, producción o almacenamiento• Familias que buscan vivir y trabajar en el mismo lugarPrecio de venta $190, 000 con título de propiedad en registros públicosAgenda tu visita hoy mismo y no pierdas esta gran oportunidad de inversión! T. C. 3. 50Tipo de cambio referencial, sujeto a variación diaria por fluctuación del mercado|https://urbania.pe/inmueble/clasificado/veclcain-venta-de-casa-en-los-olivos-lima-3-dormitorios-147275398?n_src=Listado&n_pills=%C3%81rea+de+lavander%C3%ADa&n_pg=2&n_pos=16|2026-03-18
urbania|casas|venta|Lima Norte|Los Olivos|"Jirón Madrid Mz P4 Lote 29 Urb Puerta de Pro
Los Olivos, Lima"|S/ 680,000 · USD 200,000|680000|200000|||"300 m² tot.
7 dorm.
3 baños
1 estac."|300|7|3|1|Amplia casa frente a parque – Ideal para vivienda o inversión Se vende casa de 120 m² de área, con dos pisos declarados y tercer piso en grises, perfecta para familia grande o para generar ingresos por alquiler. - Primer piso:. Patio de ingreso. Amplia sala-comedor con excelente iluminación. Cochera. Cocina funcional. 3 habitaciones amplias. 1 baño completo- Segundo piso:. Sala-comedor. Cocina. 3 habitaciones amplias- 1 baño completo- Habitación adicional con baño privado- Escalera independiente- Tercer piso (en grises):. Ingreso independiente. Distribución similar a los pisos anteriores. Ideal para terminar y personalizar a tu gusto. En el cuarto nivel cuenta con azotea. Ubicada frente a parque, en zona tranquila y estratégica, muy cerca de la Universidad Científica del Sur, con fácil acceso a transporte, comercios y servicios. Excelente opción para vivienda multifamiliar o inversión con alta rentabilidad. 121% comprometidos en brindarte un servicio de excelencia.|https://urbania.pe/inmueble/clasificado/veclcain-venta-de-casa-en-los-olivos-lima-5-a-mas-dormitorios-148935282?n_src=Listado&n_pg=2&n_pos=17|2026-03-18
urbania|casas|venta|Lima Norte|Los Olivos|"calle santa maria reina los olivos
Los Olivos, Lima"|S/ 622,198 · USD 160,000|622198|160000|||"120 m² tot.
6 dorm.
3 baños
1 estac."|120|6|3|1|! Casa en la Urb. San diego en Los Olivos! Ubicado en una zona tranquila y residencial, frente al parque Lucas y con fácil acceso a las principales Avenidas Canta Callao y Avenida Cordialidad. A minutos de colegios, bodegas, restaurantes y al mercado Los Portales. El primer piso cuenta con cochera, habitación simple, baño completo, sala, comedor, hall, patio, cocina y escalera al segundo piso. En el segundo piso cuenta con una habitación principal con baño incluido, 4 habitaciones simples, 01 baño completo y escalera al tercer piso. En el tercer piso cuenta con terraza, lavandería, tendal y un minidepartamento incluido( sala, comedor, habitación simple y baño completo) Las edificaciones están diseñadas para poder construir 01 piso más. ! Conoce tu próximo hogar! Contáctanos y visita la propiedad.|https://urbania.pe/inmueble/clasificado/veclcain-venta-de-casa-en-los-olivos-lima-5-a-mas-dormitorios-145950809?n_src=Listado&n_pills=%C3%81rea+de+lavander%C3%ADa&n_pg=2&n_pos=18|2026-03-18
urbania|casas|venta|Lima Norte|Los Olivos|"Vendo Casa 200 m2 Terreno av. Pacasmayo smp
Los Olivos, Lima"|S/ 703,500 · USD 210,000|703500|210000||1|"307 m² tot.
7 dorm.
4 baños
2 estac."|307|7|4|2|Descripción de Casa de 200 m² de terreno, 307. 25 m² area construida en Lima Norte smp: Esta espaciosa casa de 200 metros cuadrados se encuentra ubicada en una zona segura de Lima Norte, ideal para familias que buscan comodidad, tranquilidad y accesibilidad. La propiedad cuenta con 7 habitaciones amplias, perfectas para adaptarse a diversas necesidades, como dormitorios, oficinas o salas de estudio. El diseño de la casa está pensado para ofrecer máxima funcionalidad y confort. Dispone de 2 cocheras, lo que garantiza amplio espacio para estacionar vehículos de manera segura y cómoda. Gas caliddaLa zona es tranquila y está rodeada de canchas deportivas, ofreciendo la oportunidad de practicar deportes al aire libre y disfrutar de un ambiente saludable y activo. La casa es ideal tanto para quienes buscan un hogar familiar como para aquellos que desean aprovechar la ubicación cercana a centros deportivos y áreas recreativas. ¡Una excelente opción para vivir en Lima Norte! T. C referencial$210, 000 dolares americanos|https://urbania.pe/inmueble/clasificado/veclcain-venta-de-casa-en-los-olivos-lima-5-a-mas-dormitorios-148453424?n_src=Listado&n_pills=%C3%81rea+de+lavander%C3%ADa&n_pg=2&n_pos=19|2026-03-18
urbania|casas|venta|Lima Norte|Los Olivos|"Ca. Hugo Espinoza 197, Lima 15304, Perú
Los Olivos, Lima"|"S/ 1,069,500 · USD 310,000
5%"|1069500|310000|5%||"120 m² tot.
13 dorm.
7 baños"|120|13|7||*R. U. C: 2. 0. 6. 0. 0. 1. 6. 2. 9. 9. 4* Razón Social: Constructora e Inmobiliaria Casa 21 S. A. C. ¡Descubre una oportunidad única en Los Olivos! Se vende Hermosa Casa de 5 pisos, con vista externa en toda una esquina, ubicada en una zona estratégica y de alto crecimiento. Con 120 m² de terreno, esta propiedad destaca no solo por su amplitud, sino por su distribución ideal para familias grandes, inversionistas o quienes buscan vivir y alquilar al mismo tiempo. Cada nivel ha sido diseñado para ofrecer comodidad, iluminación natural y privacidad, convirtiendo esta casa en una verdadera joya del distrito. Desde amplias salas y comedores, cocinas bien distribuidas, dormitorios con clósets, terrazas, áreas de lavandería y hasta una habitación privada con tina y Sky Room, esta casa te ofrece todo lo que necesitas para vivir con estilo o generar rentas mensuales. Las vistas externas en todos los pisos la convierten en un espacio único, ventilado y lleno de luz. Si buscas una propiedad que combine ubicación, espacio y potencial, esta es tu mejor opción. Escríbenos por WhatsApp y agenda tu visita hoy mismo—no dejes pasar esta oportunidad! *Contáctate con Magaly Gonzales 9. 9. 3. 0. 8. 6. 6. 9. 9* - Área de 120m2. - 1er Piso: Sala, comedor, cocina cerrada, patio, lavandería, baño, dos habitaciones con clóset y una cochera con puerta levadiza techada. Vista externa. - 2do Piso: Sala, comedor, cocina, baño y tres habitaciones. Vista externa. - 3er Piso: Sala comedor, cocina, baño y tres habitaciones. Vista externa. - 4to Piso: Terraza, cuatro dormitorios, baño y área de lavandería. Vista externa. - 5to Piso: Una habitación con baño completo con tina privada y Sky Room. Vista externa. Precio: us$ 310, 000. 00. ¡Todo lo que necesitas para vivir de la mejor manera! No pierdas la oportunidad. Contáctanos ahora para más información y agendar una visita. *Contáctate con Magaly Gonzales 9. 9. 3. 0. 8. 6. 6. 9. 9*|https://urbania.pe/inmueble/clasificado/veclcain-venta-de-casa-en-los-olivos-lima-5-a-mas-dormitorios-148337174?n_src=Listado&n_pills=%C3%81rea+de+lavander%C3%ADa&n_pg=2&n_pos=20|2026-03-18
urbania|casas|venta|Lima Norte|Los Olivos|"Francisco de Orellana al 600
Villa Los Angeles, Los Olivos"|S/ 1,258,170 · USD 370,000|1258170|370000|||"438 m² tot.
14 dorm.
2 estac."|438|14||2|"¡casa negocio en los olivos! Alta rentabilidad Ubicación: Urb. Panamericana Norte, Calle Francisco de Orellana cuadra 6 (A un paso de Mega Plaza y Plaza Norte).? Precio: us $370, 000 at: 162 m² | ac: 438 m²Antiguedad: 25 años? distribución estratégica: - 1er Piso: 2 Locales comerciales + 2 Cocheras, Sala-Comedor y Cocina. - 2do Piso: 6 Habitaciones (2 con baño privado). - 3er Piso: 8 Habitaciones con ingreso independiente (¡Ingresos fijos!). - 4to Piso: Aires libres para un gran departamento.? Zona residencial y 100% segura. ¡Recupera tu inversión rápido con los alquileres! he-56"|https://urbania.pe/inmueble/clasificado/veclcain-venta-de-casa-en-villa-los-angeles-los-olivos-5-a-mas-dormitorios-149001328?n_src=Listado&n_pg=2&n_pos=21|2026-03-18
urbania|casas|venta|Lima Norte|Los Olivos|"Jr.conococha 237
Los Olivos, Lima"|S/ 1,184,000 · USD 320,000|1184000|320000|||"408 m² tot.
12 dorm.
6 baños
1 estac."|408|12|6|1|Esta increíble propiedad de 3 pisos y azotea, con proyección a 4 pisos, es una verdadera joya en la Urbanización Mercurio. Ubicada a una cuadra de Av. Santiago Antúnez de Mayolo, cerca de Plaza Vea y Municipalidad de Los Olivos y con acceso rápido a líneas de bus, (Estación Carlos Eyzaguirre) te ofrece la comodidad que buscas. *Área Terreno: 158, 00 m2*Área Construida: 408, 00 m2Características que te encantarán: • Construcción sólida y antisísmica: 160 m2 de seguridad y resistencia. • Distribución inteligente: * Primer piso: Garaje, sala-comedor, cocina, 3 dormitorios, baño, lavandería, patio y depósito. * Segundo piso: Dos departamentos independientes de 70m2 y 65m2 cada uno, con sala comedor, cocina, 2 habitaciones y baño. * Tercer piso: Dos departamentos independientes de 68m2 y 65m2 cada uno, con sala comedor, cocina, 2 habitaciones y baño. ¡Ideal para alquilar o para vivir en familia! • Azotea: Amplio espacio para crear una terraza, área social o incluso ampliar tu vivienda. • Servicios completos: Luz, agua, pistas, veredas, alumbrado público, mercados, colegios, lozas deportivas, piscinas y más. • Título de propiedad: ¡Total seguridad y tranquilidad para tu inversión! ¿Te imaginas: • ¿Viviendo en un lugar tranquilo y familiar, con todas las comodidades a tu alcance? • ¿Generando ingresos adicionales con los departamentos? • ¿Creando tu espacio ideal en la amplia azotea? ¡Esta es tu oportunidad! Precio Negociable ¡Contáctanos para coordinar una visita y enamorarte de esta propiedad! T. C. 3. 70Tipo de cambio referencial, sujeto a variación diaria por fluctuación del mercado|https://urbania.pe/inmueble/clasificado/veclcain-venta-de-casa-en-los-olivos-lima-5-a-mas-dormitorios-145081426?n_src=Listado&n_pills=%C3%81rea+de+lavander%C3%ADa&n_pg=2&n_pos=22|2026-03-18
urbania|casas|venta|Lima Norte|Los Olivos|"Wiracocha
El Trébol, Los Olivos"|S/ 854,250 · USD 255,000|854250|255000|||"160 m² tot.
5 dorm.
2 baños
1 estac."|160|5|2|1|Casa ubicada en la Urbanización El Trébol una de las zonas más consolidadas de Los OlivosÁrea de terreno: 160 m²Área construida: 256. 36 m²Distribución: Primer piso: Amplia cocheraSala y comedor con excelente iluminación natural y salida al patio internoBaño de visitasCocina con muebles altos y bajosÁrea de servicio con cuarto, baño y lavanderíaCuarto secundario con closetAdicionalmente cuenta con un ambiente para uso de comedor diario y patio interno o terrazaSegundo piso: Cinco dormitorios amplios con clósetUn baño completoAzotea con lavandería y cuartos de servicios adicionalesUbicación privilegiada: Frente a un gran parque, ideal para disfrutar en familia o con tus mascotas., cerca de Av. Angelica Gamarra, Universitaria y panamericana norte. A pocos minutos de Plaza Norte. Bien conservada. No dejes pasar la oportunidad de conocer esta hermosa casa con excelente ubicación y gran potencial familiar o de inversión. Contáctame para más información o agendar una visitaprecio: $255, 000. 00Las imágenes y/o información de este inmueble son de carácter referencial. R. uc.: Razón social: Inversiones Delia S. A. C.|https://urbania.pe/inmueble/clasificado/veclcain-venta-de-casa-en-el-trebol-los-olivos-5-a-mas-dormitorios-149248703?n_src=Listado&n_pills=%C3%81rea+de+lavander%C3%ADa&n_pg=2&n_pos=23|2026-03-18
urbania|casas|venta|Lima Norte|Los Olivos|"Calle San Alberto, Los Olivos
Los Olivos, Lima"|S/ 817,530 · USD 229,000|817530|229000|||"367 m² tot.
7 dorm.
4 baños
1 estac."|367|7|4|1|Casa en venta en los olivos – 4 pisos A un paso de av. Tomás vallecontacto: 906*081*320¡Oportunidad única en Los Olivos! Se vende amplia casa de 4 pisos con excelente ubicación, a solo unos pasos de la Av. Tomás Valle, ideal para convertirla en tu hogar familiar o en una inversión con uso comercial gracias a su zonificación estratégica. En el autovalúo figura como casa habitación, pero según los planos de la Municipalidad la zonificación es Comercio Zonal (cz), lo que abre la posibilidad de destinarla también a negocios, oficinas, locales o proyectos mixtos. Ubicación estratégica: A pocos minutos de Plaza Norte y Plaza CenterA 1 cuadra de la Academia TrilceCerca al terminal de transporte MóvilbusA 2 casas del Parque Daniel Alcides CarriónRodeada de zonas comerciales y de alta afluenciaCaracterísticas generales: Área total construida: 367. 46 m²4 pisos construidos1 cochera propiaDistribución por pisos: Primer pisoCochera2 habitacionesSala comedorCocinaPatio + lavandería1 baño completoSegundo piso3 habitacionesSala comedorCocina1 baño completoTercer piso2 habitacionesSala comedorCocina amplia con comedor diario1 baño completoCuarto pisoAmplia terraza techadaLavandería con tendalCuarto de depósito (adaptable) 1 baño completoCaracterísticas adicionales: 7 habitaciones espaciosas4 baños completosAmplios espacios socialesPotencial para uso residencial, inversión o comercioPrecio de Oportunidad: $229, 000 dólaresNo dejes pasar esta gran oportunidad de vivir o invertir en una de las zonas con mayor crecimiento de Los Olivos, con acceso directo a Av. Tomás Valle y rodeada de comercios, servicios y transporte. Contáctanos ahora: 906*081*320|https://urbania.pe/inmueble/clasificado/veclcain-venta-de-casa-en-los-olivos-lima-5-a-mas-dormitorios-147633272?n_src=Listado&n_pills=%C3%81rea+de+lavander%C3%ADa&n_pg=2&n_pos=24|2026-03-18
urbania|casas|venta|Lima Norte|Los Olivos|"Av Zaragoza
Puerta De Pro, Los Olivos"|S/ 667,000 · USD 199,000|667000|199000|||"126 m² tot.
7 dorm.
3 baños"|126|7|3||Propiedad en plena Avenida Zaragoza Pro, consta de 2 departamentos completamente independientes. Ubicado a 1 cuadra de la Av. Proceres de Huandoy y 3 cuadras de la Panamericana Norte, cerca al Ovalo Infantas. Primera Planta (Dpto. 1): Cochera para 1 auto, medio baño, cocina cerrada, sala/comedor grande, baño completo, 3 dormitorios, patio trasero y lavandería. Segunda Planta (Dpto. 2): Cocina cerrada, sala/comedor grande, baño completo, 4 dormitorios y zona lavandería en el 3er piso. Zona comercial para una variedad de tipo de negocio, entregan licencia municipal. Área Terreno: 125. 64 m2. Área Construida: 170 m2. Todos los documentos en regla, sin cargas, sin gravamenes, todos los impuestos municipales pagados y al día, listo para ser transferido. Código mvcs empresa: Ver datos. Código mvcs agente: 13351. Contacto: Ver datos - José Aramayo. Nota. - La operación se hace en dólares americanos.|https://urbania.pe/inmueble/clasificado/veclcain-venta-de-casa-en-puerta-de-pro-los-olivos-5-a-mas-dormitorios-149020470?n_src=Listado&n_pills=%C3%81rea+de+lavander%C3%ADa&n_pg=2&n_pos=25|2026-03-18
urbania|casas|venta|Lima Norte|Los Olivos|"Calle Francisco Ayarza 381, Los Olivos 15301, Perú
Los Olivos, Lima"|S/ 868,400 · USD 260,000|868400|260000|||"161 m² tot.
4 dorm.
3 baños
2 estac."|161|4|3|2|- Ubicación privilegiada en el corazón de Los Olivos a unas cuadras de Megaplaza. - Casa amplia y luminosa con: - Habitaciones cómodas. - Baños modernos. - Tienda o cochera. - Cochera adicional. - Sala comedor. - Terraza interna amplia. - Cocina. - Acabados de calidad y detalles que la hacen especial. - Zona segura y tranquila, cerca de servicios y comercios, a unas cuadras de Megaplaza. - Precio atractivo para compradores interesados en tener una hermosa propiedad. ¡Contactanos para más información y agenda una visita!|https://urbania.pe/inmueble/clasificado/veclcain-venta-de-casa-en-los-olivos-lima-4-dormitorios-147713133?n_src=Listado&n_pills=%C3%81rea+de+lavander%C3%ADa&n_pg=2&n_pos=26|2026-03-18
urbania|casas|venta|Lima Norte|Los Olivos|"Jiron. Tomas Chocano CON JIRON ELEODORO ZEVALLOS. Urb. villasol 3ra etapa, los olivos.
Villa Sol Etapa Iii, Los Olivos"|S/ 603,000 · USD 180,000|603000|180000|||"120 m² tot.
10 dorm.
6 baños
2 estac."|120|10|6|2|¡Gran Oportunidad de Inversión en la Exclusiva Urbanización Villasol – Tercera Etapa! Se vende amplia y sólida casa de 4 pisos construida sobre un terreno de 120 m², con más de 300 m² de área construida, ubicada en una de las zonas residenciales más tranquilas y valoradas de Villasol – Tercera Etapa, a solo unos pasos de la Av. Universitaria y a una cuadra de la Panamericana Norte. Esta propiedad cuenta con: - 4 pisos de construcción en concreto armado, ideal para una familia numerosa o como inversión para alquilar por niveles. - Cochera amplia* con acceso independiente. - Ambientes amplios, ventilados y con excelente distribución. - Ubicación estratégica en zona *residencial exclusiva*, segura y con fácil acceso a transporte público, colegios, centros comerciales y todo tipo de servicios. - Precio de venta: $220, 000 dólares. - Documentación en regla, lista para transferencia. ¡No dejes pasar esta oportunidad de adquirir una propiedad de alta plusvalía en una zona privilegiada de Lima Norte! ** *|https://urbania.pe/inmueble/clasificado/veclcain-venta-de-casa-en-villa-sol-etapa-iii-los-olivos-5-a-mas-dormitorios-146912929?n_src=Listado&n_pills=Parrilla&n_pg=2&n_pos=27|2026-03-18
urbania|casas|venta|Lima Norte|Los Olivos|"C. 7 8027 Los Olivos 15307
Pro Etapa Ii, Los Olivos"|S/ 1,695,000 · USD 500,000|1695000|500000||1|"590 m² tot.
9 dorm.
9 baños"|590|9|9||Se vende amplia casa ubicada en Jirón La Dignidad, Lote Nº 23, Manzana K5, Urbanización Pro, Segunda Etapa, Distrito de Los Olivos, Lima, frente al Mercado de Pro. El área total del terreno es de 223. 25 m² y el área construida es de 590. 56 m², distribuidos en 4 pisos: - Primer piso: 179. 41 m², con 2 tiendas comerciales (cada una con baño) y 1 departamento de 1 dormitorio. - Segundo y tercer piso: 179. 41 m² cada uno, con 3 departamentos por piso, uno de 2 dormitorios y dos de 1 dormitorio. - Cuarto piso: 73. 01 m², construido paredes sin techo. La propiedad tiene 26 años de antigüedad, está en buen estado de conservación, y actualmente tiene uso mixto como vivienda y comercio, con zonificación cv (Comercio Vecinal). El entorno urbano está en crecimiento, con acceso a todos los servicios públicos (electricidad, agua, internet, cable), y cerca de centros comerciales, farmacias, colegios, y un centro de salud. La zona tiene excelente conectividad, con fácil acceso a las principales vías como la Avenida Cordialidad y la Avenida Los Próceres de Huandoy, además de estar a pocos pasos del Mercado de Pro.|https://urbania.pe/inmueble/clasificado/veclcain-venta-de-casa-en-pro-etapa-ii-los-olivos-5-a-mas-dormitorios-145243030?n_src=Listado&n_pills=Cerca+a+colegios&n_pg=2&n_pos=28|2026-03-18
urbania|casas|venta|Lima Norte|Los Olivos|"Jirón Manuel de Lara
Villa Sol Etapa Iii, Los Olivos"|S/ 575,000 · USD 165,000|575000|165000|||"120 m² tot.
6 dorm.
4 baños
1 estac."|120|6|4|1|"Ocasion!! Venta de casa de 120M2 - en la urb. Villasol iii Etapa. Los olivos. Contacto: . 9. 0. 7. 5. 0. 6. 0. 8. 7. . 9. 8. 6. 0. 1. 2. 3. 6. 6. ⁣⁣ * Excelente ubicación, esta hermosa casa está ubicado en el distrito de Los Olivos, en la zona residencial de Villasol, a 1 cuadra de la Av. Universitaria y la Av. Panamericana Norte, en la urb. “Villasol"", a unos pasos del parque Fermin Nacarino y cerca a las Universidades ucv, upn, utp, uch ; a 5 minutos del cc. Mega Plaza. ⁣ ⁣ -Precio: $170. 000. 00. ⁣ -Linderos y Medidas Perimétricas: ⁣ *Por el frente con 6. 05ml. *Por el fondo con 20. 00ml. *Area de Construcción: 290M2. ⁣ -Documentos en Regla: *Copia literal⁣ *hr y pu⁣ *Constancia de no adeudo⁣ ⁣⁣ adquiere tu propiedad con recursos ´propios O con crédito hipotecario⁣. ⁣ mas información: . 9. 0. 7. 5. 0. 6. 0. 8. 7. Agenda tu visita ya* ** *"|https://urbania.pe/inmueble/clasificado/veclcain-venta-de-casa-en-villa-sol-etapa-iii-los-olivos-5-a-mas-dormitorios-145850782?n_src=Listado&n_pills=%C3%81rea+de+lavander%C3%ADa&n_pg=2&n_pos=29|2026-03-18
urbania|casas|venta|Lima Norte|Los Olivos|"jiron ramon zavala urb. villasol ii etapa
Villa Sol Etapa Ii, Los Olivos"|S/ 750,000 · USD 220,000|750000|220000|||"183 m² tot.
8 dorm.
4 baños
1 estac."|183|8|4|1|Ocasión casa en venta - urb. Villa sol, los olivos (exclusivo para vivienda O inversión) Contacto: . 9. 0. 7. 5. 0. 6. 0. 8. 7. ¡Oportunidad única de inversión en una ubicación privilegiada! - Se vende hermosa casa en la urbanización Villa Sol 2da etapa - Los Olivos, en una zona estratégica, lo que le otorga una excelente ubicación, cerca de principales vías de acceso y servicios en una de las zonas más exclusivas del distrito. A tan solo unos pasos de la Panamericana Norte y de la Avenida Universitaria, en pleno trébol de conexión vial, esta propiedad cuenta con acceso inmediato a las principales vías de transporte que conectan con toda la ciudad. -La propiedad cuenta con un área de terreno de 183m2. -Precio: $210, 000 dólares. La casa se distribuye en tres niveles de la siguiente manera: - Primer nivel: Consta de tres habitaciones completas, sala y comedor ideales para familia o para uso de oficinas o espacios adicionales, dos baños completos, lavanderías y cocina completa. - Segundo nivel: Se encuentran *cuatro habitaciones completas*, brindando un amplio espacio para personalizar según las necesidades ( Ingreso Independiente). - Tercer nivel: Este nivel tiene *dos departamentos independientes*, perfectos para generar ingresos adicionales o para alojamiento independiente. El tercer piso aún tiene divisiones, lo que brinda la oportunidad de adaptarlo a otros usos según se desee. La casa se encuentra en una zona residencial tranquila, pero al mismo tiempo con cercanía a centros comerciales, colegios, las grandes Universidades de la zona norte, hospitales y transporte público como el Metropolitano. Ideal tanto para vivienda familiar como para proyectos comerciales o de inversión. Esta propiedad ofrece una gran oportunidad para aquellos que buscan una casa espaciosa y bien ubicada, con varias opciones de distribución y potencial de ingresos adicionales. ¡No dejes pasar la oportunidad de invertir en esta excelente propiedad! * **|https://urbania.pe/inmueble/clasificado/veclcain-venta-de-casa-en-villa-sol-etapa-ii-los-olivos-5-a-mas-dormitorios-146175033?n_src=Listado&n_pills=Cerca+a+colegios&n_pg=2&n_pos=30|2026-03-18
urbania|casas|venta|Lima Norte|Los Olivos|"C. 5 208
Los Olivos, Lima"|S/ 837,500 · USD 250,000|837500|250000||1|"120 m² tot.
3 dorm.
2 baños"|120|3|2||Casa en los olivos en venta, urb. Santa ana, los olivos. Urb. Sana Ana. calle santa Felicia /c. 5 mz S lot 24, los olivos a pocas cuadras de la universidad cesar vallejo, upn y demas colegios. ubicacion estrategica para vivir o como inversion a espalda de la av. Huandoy. 1 er piso. ingreso de cochera. 1/2 baño de visitas. Ambientes integrados: 1 cocina cerrada. 1 bar. 1 sala comedor. ademas cuenta en el patio una piscina con su baño vestidor ducha. 2do piso. 3 habitaciones (habitación principal con baño propio) la habitacion principal con vista al patio. 1 baño completo para las habitaciones secundarias. 2 habitaciones secundarias con espacio para closets. la propiedad esta pendiente de acabados y con proyeccion para construir mas pisos. cuenta con planos hechos por arquitecto. zona tranquila, segura con reja. no esperes mas y agenda tu cita, la casa de tus sueños puede estar espérantote en los Olivos|https://urbania.pe/inmueble/clasificado/veclcain-venta-de-casa-en-los-olivos-lima-3-dormitorios-148609474?n_src=Listado&n_pills=Seguridad&n_pg=3&n_pos=1|2026-03-18
urbania|casas|venta|Lima Norte|Los Olivos|"Jr. Aristides Sologuren 151
Villa Sol, Los Olivos"|S/ 1,058,500 · USD 290,000|1058500|290000|||"360 m² tot.
15 dorm.
14 baños
1 estac."|360|15|14|1|Contacto: . 9. 9. 4. 9. 7. 4. 0. 0. 6. Jisela Chavarria. Venta casa Los Olivos. Características destacadas: Superficie: 120 m² construidos. Estructura: 4 pisos independientes. Distribución: Cada piso cuenta con su propio departamento, ideal para familias grandes o inversión. Precio: usd 290, 000. Ubicación estratégica: Accesibilidad: A solo 5 cuadras de la Av. Las Palmeras y 3 cuadras de la Av. Universitaria. Conectividad: Cerca de universidades como ucv, upn y uma. Entorno: Zona tranquila, rodeada de parques y áreas residenciales. Adondevivir. ️ Ventajas adicionales: Documentación en regla: Propiedad saneada e inscrita en Registros Públicos. Versatilidad: Ideal para vivienda familiar o como inversión con renta mensual. Oportunidad: Precio competitivo en una zona de alta demanda. contacto: . 9. 9. 4. 9. 7. 4. 0. 0. 6. Jisela Chavarria|https://urbania.pe/inmueble/clasificado/veclcain-venta-de-casa-en-villa-sol-los-olivos-5-a-mas-dormitorios-146383860?n_src=Listado&n_pg=3&n_pos=2|2026-03-18
urbania|casas|venta|Lima Norte|Los Olivos|"Ca. Rio Chicama 5536
Los Olivos, Lima"|S/ 968,150 · USD 289,000|968150|289000|||"160 m² tot.
6 dorm.
3 baños
1 estac."|160|6|3|1|Si esta oportunidad es de tu interés, comunicarte con Karen Acevedo al 9. 7. 2. 6. 8. 5. 3. 4. 4. Agente inmobiliaria asociada a re/max Gestión Inmobiliaria o visítanos en Calle Coronel Inclán 235 Oficina 402 en Miraflores, nuestra central telefónica es 7. 1. 5. 0. 9. 0. 6. Ubicación estratégica y excelente distribución para familias grandes o inversión. Terreno: 160 m² Construcción: 338 m² Dirección: Río Chicama Urb. Villa del Norte, Los Olivos. - A pocas cuadras del Tottus. - A 5 min de MegaPlaza. - Cerca a universidades como upn y César Vallejo. - Rodeada de clínicas y hospitales. Distribución por niveles: Primer piso – acceso independiente: * 2 dormitorios. * Sala comedor. * Baño completo. * Cocina + lavandería. * Cochera techada. * Patio interior y exterior. Segundo piso – ingreso independiente: * 2 dormitorios. * 1 estudio. * Sala comedor. * Cocina. * Baño completo. Tercer piso: * dormitorios. * 1 baño. * Cocina. * Amplio patio con área de parrillas. Ideal para familias numerosas o quienes buscan vivir y alquilar otras áreas. ¡Gran potencial como inversión en una zona en constante crecimiento!|https://urbania.pe/inmueble/clasificado/veclcain-venta-de-casa-en-los-olivos-lima-5-a-mas-dormitorios-148583984?n_src=Listado&n_pills=%C3%81rea+de+lavander%C3%ADa&n_pg=3&n_pos=3|2026-03-18
urbania|casas|venta|Lima Norte|Los Olivos|"Jr. Patriotismo
Los Olivos, Lima"|S/ 965,260 · USD 289,000|965260|289000|||"170 m² tot.
4 dorm.
2 baños"|170|4|2||Casa en venta - pro los olivosa. T. 170 m2Ubicación: Altura del paradero 1era de Pro - Urb. Pro - Los olivos, rodeado de negocios, colegios, bancos, restaurantes, zona de fácil acceso. Dormitorios: 4Baños: 2Cocina cerrada cuenta con instalación de gas caliddaAntigüedad 25 añosSala comedor ampliaPapeles en regla inscrito en rr. pp|https://urbania.pe/inmueble/clasificado/veclcain-venta-de-casa-en-los-olivos-lima-4-dormitorios-148345405?n_src=Listado&n_pg=3&n_pos=4|2026-03-18
urbania|casas|venta|Lima Norte|Los Olivos|"Geminis 788
Mercurio, Los Olivos"|S/ 1,072,000 · USD 320,000|1072000|320000|||"160 m² tot.
8 dorm.
6 baños
1 estac."|160|8|6|1|*bajo de precio* Contacto: Mike Cadenas 974*624*682 Vendo linda y amplia Casa en la mejor zona y más segura de Los Olivos Urb. Mercurio (Zona Residencial) muy cerca a la Av Mayolo, Municipalidad de Los Olivos, Plaza Vea, parques, colegio, a 10 minutos de Megaplaza, Av Panamericana, rodeado de parques, campos deportivos y mucha seguridad. Area de terreno 160m2 area total 319m2 Descripción: (piso 1) - Sala Comedor muy amplia - Cocina muy amplia con muebles altos y bajos - Zona de Lavandería - 3 dormitorios muy amplios - 2 Baños - 1 Cochera (piso 2) - Sala Comedor con vista a la Calle - Cocina muy amplia todo en mayolica - Zona de Lavandería - 3 Dormitorios - 1 Dormitorio principal con Baño propio - 1 Baño compartido (piso 3) - Terraza o patio abierto - Zona de Lavandería - 1 Dormitorio con baño propio - 3 Dormitorios amplios - 1 Baño (Piso 4) - Azotea Beneficios: Construcción antisísmica Documentos en regla listo para la venta Instalación de Gas Natural Vivir en la zona más segura y pacifica de todo Los Olivos Contacto: Mike Cadenas 974*624*682|https://urbania.pe/inmueble/clasificado/veclcain-venta-de-casa-en-mercurio-los-olivos-5-a-mas-dormitorios-147406950?n_src=Listado&n_pills=%C3%81rea+de+lavander%C3%ADa&n_pg=3&n_pos=5|2026-03-18
urbania|casas|venta|Lima Norte|Los Olivos|"AVENIDA ALFREDO MENDIOLA MZ B LOTE
Villa Sol, Los Olivos"|S/ 943,000 · USD 279,000|943000|279000|||"143 m² tot.
5 dorm.
3 baños
2 estac."|143|5|3|2|¡Oportunidad única! Vive en una zona privilegiada de Los Olivos, en el cruce de Av. Alfredo Mendiola con Av. Universitaria, a espaldas de un parque, con acceso inmediato a centros comerciales, universidades, supermercados, bancos y colegios. Perfecta para familias que buscan comodidad, espacio y excelentes acabados. Características Principales. Área de terreno: 150 m² Área construida: 144 m² 3 pisos. Cochera para dos camionetas. Instalación de gas natural en cocina y baños. Instalación eléctrica segmentada. Dos tanques de agua. Distribución Moderna y Funcional. Primer Piso. Elegante sala-comedor con excelente iluminación natural. Oficina o dormitorio de visitas con baño completo. Terraza + zona de parrilla (ladrillo refractario y lajas de roca) Cocina amplia con muebles altos y bajos, tablero de granito, cocina encimera, horno y campana extractora. Parrilla integrada a la cocina. Cochera para 2 camionetas. Segundo Piso. Dormitorio principal amplio con walking-clóset. Baño con acabados en mármol y tina con hidromasajes. Dos dormitorios secundarios con roperos y ventanas antirruido. Baño completo compartido. Tercer Piso. Área de lavandería. 1 dormitorio adicional. Almacén. Área de juegos o multipropósito. **Precio: usd 280, 000. 00 negociable** **Contáctame al +Ver datos* ¡Agenda tu visita y conoce tu próximo hogar!|https://urbania.pe/inmueble/clasificado/veclcain-venta-de-casa-en-villa-sol-los-olivos-5-a-mas-dormitorios-148261713?n_src=Listado&n_pills=%C3%81rea+de+lavander%C3%ADa&n_pg=3&n_pos=6|2026-03-18
urbania|casas|venta|Lima Norte|Los Olivos|"La Veracidad
Pro, Los Olivos"|S/ 670,000 · USD 199,000|670000|199000|||"170 m² tot.
3 dorm.
1 baño
2 estac."|170|3||2|Entérate más: 9 9 8 1 1 9 2 4 9. Casa de 1 piso en Jr. La Veracidad, a pocas cuadras de la Plaza Cívica de Pro y comisaria, fácil acceso a la Panamericana Norte. At: 170. 04 m2, ac: 130 m2, frente de 8. 5ml y fondo de 20ml aprox. Distribución: Sala/comedor gigante, 3 dormitorios amplios, cocina, baño completo grande, patio con lavandería, estacionamiento para 1 auto (grande). Segundo piso semi construido (falta techar y acabados), tiene 4 ambientes, baño y balcón. Inscrita en Registros Públicos, sin cargas ni gravámenes, todos los impuestos pagados. Asesoría inmobiliaria y financiera sin costo. Somos especialista en Lima Norte. Código mvcs empresa: Ver datos. Código mvcs agente: 13351. Contacto: José Aramayo. WhatsApp: Ver datos. ¡¡Somos especialistas en Lima Norte!! *|https://urbania.pe/inmueble/clasificado/veclcain-venta-de-casa-en-pro-los-olivos-3-dormitorios-91323595?n_src=Listado&n_pills=Cerca+a+colegios&n_pg=3&n_pos=7|2026-03-18
urbania|casas|venta|Lima Norte|Los Olivos|"Pasaje Carlos Cueto Fernandini
Carlos Cueto Fernandini, Los Olivos"|S/ 668,840 · USD 199,000|668840|199000||1|"120 m² tot.
6 dorm.
6 baños"|120|6|6||Descripción. informes con: soledad torres / agente inmobiliario mvcs Ver datos. telefono: 9, 2, 6, 6, 3, 6, 1, 4, 7, Se vende casa de 3 pisos más aires, 303. 32 M2 de ac sobre 120 m2 de at, ubicado en el Conjunto Habitacional Carlos Cueto Fernandini Mz M1 Lote 2 Sector I, Los Olivos a escasos metros de la Av. Los Alisos Y Av. Las Palmeras, La zona se encuentra rodeado de comercio zonal como restaurantes, pastelerías, importaciones, farmacias, Centros Médicos, instituciones educativas, transporte publico fluido todo el día. Por sus características la propiedad es ideal para personas que desean rentabilizar su inversión con alquileres, se encuentra relativamente cerca a todas la universidades del cono norte. caracteristicas del inmueble. primer piso. Sala-comedor. * Cocina con muebles altos y tablero de mármol. * 1 baño completo. * 2 dormitorios (cuarto principal con closet) * 1 patio interno para lavandería y tendal. * 1 área ideal donde se puede habilitar cochera para vehículos pequeños opcional. segundo pido. * 2 departamentos de 1 y 2 habitaciones respectivamente. * 1 baño completo en cada uno. * 1 área de sala comedor y cocina en cada uno. tercer piso. * 3 minidepartamentos (2 de ellos con 1 dormitorio, cocina-comedor y baño completo y 1 uno con 2 dormitorios cocina comedor y baño completo) * Todos los departamentos cuentan con medidor de luz interna para controlar el consumo independizado. La propiedad cuenta con todos los documentos en regla, tiene declaratoria de fabrica inscrito en los Registros Públicos de Lima. no deje pasar esta gran oportunidad, comunicate ahora mismo Y agenda una cita con nosotras. precio de venta negociable!|https://urbania.pe/inmueble/clasificado/veclcain-venta-de-casa-en-carlos-cueto-fernandini-los-olivos-5-a-mas-dormitorios-149080397?n_src=Listado&n_pills=%C3%81rea+de+lavander%C3%ADa&n_pg=3&n_pos=8|2026-03-18
urbania|casas|venta|Lima Norte|Los Olivos|"Av. central
Villa Sol, Los Olivos"|S/ 960,000 · USD 285,000|960000|285000|||"285 m² tot.
6 dorm.
5 baños"|285|6|5||Casa 212 m² 3 Pisos 6 Dor 5 Baños Urb. El Trebol Los Olivos $285. 000. casa 212 m2 3 pisos 6 dor 5 baños urb. El trebol los olivos $ 285. 000. inmueble casa. distrito los olivos. urbanización villasol. area 212 m2. frente 10 ml. fondo 20. 21 ml. pisos 3. dormitorios 6. baños 5. cocina tradicional. suelos ceramico. estado conservado. documentos reg publicos. todo en regla. detalles: casa amplia de 3 pisos ubicado cerca A los universidades en buena zona tambien ideal para proyecto O vivienda urbanización tranquila Y centrica cerca avenidas principales documentos en regla precio incluye tramites legales Y crédito hipotecario negociable.|https://urbania.pe/inmueble/clasificado/veclcain-venta-de-casa-en-villa-sol-los-olivos-5-a-mas-dormitorios-148218326?n_src=Listado&n_pills=Cuartos+de+servicio&n_pg=3&n_pos=9|2026-03-18
urbania|casas|venta|Lima Norte|Los Olivos|"Los Amarantos
Los Olivos, Lima"|S/ 1,032,300 · USD 310,000|1032300|310000|||"1230 m² tot.
10 dorm.
7 baños"|1230|10|7||Casa en venta ubicada en Los Olivos, ideal para familias grandes o proyectos comerciales. Cuenta con 1230 m² de superficie total y construida. En su interior, dispone de 10 habitaciones, 7 baños y 1 baño de servicio, además de sala y comedor amplios. La propiedad también incluye cocina, área de lavandería y cuarto de servicio. En el exterior, se encuentra un patio y una terraza perfectos para el esparcimiento. Cuenta con 4 niveles construidos y 5 pisos construibles, ofreciendo potencial de expansión. Además, tiene 5 número de pisos y una cochera techada. La zona es de uso mixto, con servicios básicos disponibles como agua y luz, desagüe, escuelas cercanas y canchas deportivas. Ideal para quienes buscan comodidad y acceso a servicios en un entorno dinámico. También permite uso comercial. El dormitorio principal cuenta con baño propio. Precio $Ver datos. Citas Ver datos|https://urbania.pe/inmueble/clasificado/veclcain-venta-de-casa-en-los-olivos-lima-5-a-mas-dormitorios-148749429?n_src=Listado&n_pills=%C3%81rea+de+lavander%C3%ADa&n_pg=3&n_pos=10|2026-03-18
urbania|casas|venta|Lima Norte|Los Olivos|"Cipreses Los Olivos
Los Tulipanes, Los Olivos"|S/ 642,600 · USD 170,000|642600|170000|||"140 m² tot.
10 dorm.
3 baños
1 estac."|140|10|3|1|Venta de Casa en Calle Los Cipreses – Los Olivos - 140 m² venta de casa en los olivos asociacion los tulipanes – los olivos - 140m2 Se vende casa de 3 pisos, ubicada en el distrito de Los Olivos, a media cuadra de la Av. Marañón, Av. Universitaria y Parque Zonal Lloque Yupanqui cerca del Ovalo Naranjal. Cerca de Centros Comerciales, colegios, bancos y mercados, de fácil acceso. área de terreno: 140. 00m2 área construida: 380m2 aprox. Distribución interna: - primer piso: - Sala-comedor con patio interno. - Cuarto amplio que puede ser utilizado como minidepartamento independiente. - Cocina y Lavandería. - Habitación adicional para diversos usos (actualmente como estudio de trabajo) - Baño completo. - Estacionamiento. - Escaleras al segundo piso por la sala. -Escaleras caracol al segundo y tercer piso. - segundo piso: - 06 dormitorios. - Baño completo. - tercer piso: - Sala y Comedor -Baño Completo -03 Habitaciones adicional: - Gas Natural. - Propiedad con Hipoteca. - Se deben realizar refacciones. Contacto: Carlos Colfer // 962*288*729|https://urbania.pe/inmueble/clasificado/veclcain-venta-de-casa-en-los-tulipanes-los-olivos-5-a-mas-dormitorios-148517014?n_src=Listado&n_pills=%C3%81rea+de+lavander%C3%ADa&n_pg=3&n_pos=11|2026-03-18
urbania|casas|venta|Lima Norte|Los Olivos|"Sta Cruz de Pachacutec 381
Los Olivos, Lima"|S/ 1,204,000 · USD 350,000|1204000|350000|||"383 m² tot.
12 dorm.
6 baños"|383|12|6||Contacto: zoila infante - 9. 7. 6. 6. 5. 6. 7. 8. 7. Hermosa casa en los olivos para vivienda o negocio. primer piso. amplia sala comedor. cocina. zona de lavado. amplia cocina cerrada. cochera. salon. segundo piso. 5 Habitaciones. living. tercer piso. Amplia terraza con cocina zona de parrillas. 3 habitaciones. cuarto piso. Amplia lavanderia. 2 habiatciones. Contáctanos para agendar una visita y conocer una oportunidad imperdible|https://urbania.pe/inmueble/clasificado/veclcain-venta-de-casa-en-los-olivos-lima-5-a-mas-dormitorios-149274199?n_src=Listado&n_pills=Parrilla&n_pg=3&n_pos=12|2026-03-18
urbania|casas|venta|Lima Norte|Puente Piedra|"Sublote 1 Manzana A Lote 27 Calle 10 de Junio Asociacion de Propietarios y Comité de Obras Públicas de la Av. Tarapacá-los Gramadales
Los Gramadales, Puente Piedra"|S/ 3,518,600 · USD 964,000|3518600|964000|||"2838 m² tot.
3 dorm.
2 baños
10 estac."|2838|3|2|10|Linderos: Izq. 86. 87 mDer. 84. 32 mFte. 28. 61Fdo. 37. 12Terreno con dos bloques destinados al uso de vivienda, edificados sobre un terreno de forma regular y topografía plana, con vista a calle. La zonificación que presenta es rdm(residencial de densidad media). El entorno es de carácter residencial. Se encuentra cercana a avenidas principales (Av. Buenos Aires, Carretera Panamericana Norte), instituciones educativas (Technology School, I. E. 8180 Celso Lino Ricaldi), Mercado Tres Regiones, Hospital Carlos Lanfranco La Hoz, restaurantes, comercios, entre otros. La zona cuenta con los servicios de energía eléctrica, agua y desagüe, teléfono y veredas incompletas. El inmueble cuenta con la siguiente distribución: Bloque 1: 1er Nivel: Ingreso, cocina comedor, dormitorio 1, baño de uso común, depósito, patio interior, tendal. Bloque 2: 1er Nivel: Terraza, sala comedor, cocina, lavandería, 03 dormitorios, baño de uso común, escalera hacia 2do nivel. 2do Nivel: Llegada de escalera, depósito. El terreno cuenta con obras complementarias como cerco perimétrico parcial (frente y laterales), portón de ingreso|https://urbania.pe/inmueble/clasificado/veclcain-venta-de-casa-en-los-gramadales-puente-piedra-3-dormitorios-146131689?n_src=Listado&n_pills=Cuartos+de+servicio&n_pg=1&n_pos=1|2026-03-18
urbania|casas|venta|Lima Norte|Puente Piedra|"Urb Santa Paula Etapa 2
Puente Piedra, Lima"|S/ 317,300 · USD 95,000|317300|95000|||"180 m² tot.
4 dorm."|180|4|||Una Opcion de vivir en una bonia zona es Santa Paula, rodeada de parques, a 8 minutos del Ovalo de Puente Piedra, conoce esta acogedora propiedadCasa muy bien construidaArea 120 m2Primer pisoCochera con porton electricoLuces de emergenciaSala amplia con porcelanatoUn dormitorioBañoPatioAmbiente para lavanderiaEscalera externaEscalera InternaCocina con reposteria alta y bajaSegundo PisoConstruccion en casco semi construidocon infraestructura y conexiones para 3 habitaciones cada una con su baño incorporadoPasadizoEscalera hacia la azoteaContactame y visitaR. U. C Ver datos|https://urbania.pe/inmueble/clasificado/veclcain-venta-de-casa-en-puente-piedra-lima-4-dormitorios-147971776?n_src=Listado&n_pills=%C3%81rea+de+lavander%C3%ADa&n_pg=1&n_pos=2|2026-03-18
urbania|casas|venta|Lima Norte|Puente Piedra|"Parque Riviera del Norte
Riviera Del Norte, Puente Piedra"|S/ 298,000 · USD 85,000|298000|85000|||"120 m² tot.
5 dorm.
2 baños"|120|5|2||"Venta de casa en puente piedra – urb. Rivera del norte. Frente a parque | Ideal para 2 familias | Documentos en regla. ¿Buscas un hogar amplio y cómodo para tu familia o una excelente oportunidad de inversión? ¡Esta casa lo tiene todo! Características principales: Área de terreno: 120 m² Frente 6m. Lado 20m. Ubicada en la Urbanización Rivera del Norte, distrito de Puente Piedra. Frente a un parque – perfecto para disfrutar en familia. 5 habitaciones bien distribuidas (Dos en 1er piso y tres en 2do piso). 2 baños completos con acabados modernos. 2 ambientes de cocina independientes. Opción para que vivan 2 familias, cada una con su sala, cocina e ingresos separados. Gas natural y todos los servicios básicos (agua, luz, desagüe). Documentación en regla – lista para transferencia inmediata. Una excelente opción para vivir cómodamente o alquilar una parte y generar ingresos mensuales. Si desea podemos agendar una visita al 9. 8. 6. 8. 9. 7. 9. 9. 0"|https://urbania.pe/inmueble/clasificado/veclcain-venta-de-casa-en-riviera-del-norte-puente-piedra-5-a-mas-dormitorios-147779091?n_src=Listado&n_pills=Frente+a+parque&n_pg=1&n_pos=3|2026-03-18
urbania|casas|venta|Lima Norte|Puente Piedra|"Zapallal, Puente Piedra
Zapallal, Puente Piedra"|S/ 322,000 · USD 92,000|322000|92000|||"214 m² tot.
4 dorm.
2 baños"|214|4|2||Se vende bonita casa de 2 pisos a 2 cuadras de la Av. Buenos Aires y a 5 minutos del mercado 3 Regiones. Caracteristicas: 1er Piso- 2 dormitorios. - Sala comedor amplios. - 1 baño completo con tina. - Patio grande con jardín y zona de parrilla. - Área de lavandería. 2do Piso- 2 dormitorios. - Sala comedor. - Cocina con muebles altos y bajos. - 1 Baño completo. - Acceso independiente e interno. - Conexión a gas. - Therma. - Tanque de agua. Agenda tu visita y cooce tu próximo hogar! T. C. 3. 50Tipo de cambio referencial, sujeto a variación diaria por fluctuación del mercado|https://urbania.pe/inmueble/clasificado/veclcain-venta-de-casa-en-zapallal-puente-piedra-4-dormitorios-145716461?n_src=Listado&n_pills=Jard%C3%ADn&n_pg=1&n_pos=4|2026-03-18
urbania|casas|venta|Lima Norte|Puente Piedra|"Asoc. Viv. Zona Tacna Los Gramadales
Los Gramadales, Puente Piedra"|S/ 765,000 · USD 225,000|765000|225000|||"374 m² tot.
5 dorm.
4 baños
2 estac."|374|5|4|2|Inversión sólida y rentable en una zona de alta proyección – Puente PiedraSi estás buscando una propiedad que genere valor hoy y multiplique su rentabilidad mañana, esta casa es exactamente lo que un inversionista inteligente necesita. Ubicada estratégicamente en Puente Piedra, a pocos metros del Óvalo Puente Piedra, del Grifo Norteño y muy cerca del Colegio Particular Rosfran, esta propiedad se encuentra en una zona de alto tránsito, demanda constante y crecimiento urbano sostenido.? Datos que importan al invertir- Área de terreno: 215 m²- Área construida: 374 m²- Cimentación para 5 pisos, ideal para: - Desarrollo multifamiliar- Ampliación vertical- Alquiler por unidades- 5 dormitorios y 3 baños, distribución adaptable para renta. - 2 cocheras cerradas, un plus altamente valorado en alquiler o venta futura. - Instalación de gas natural, menor costo operativo.? Entorno comercial consolidado rodeado de: - Mercados y tiendas- Restaurantes y negocios locales- Hospital Carlos LanFranco La Hoz- Municipalidad de Puente Piedra- Farmacias- Bancos y servicios- Reniec - Sunat- Transporte público a pasos de las Avenidas Buenos Aires, Saenz Peña, Juan Lecaros, San Juan de Dios y Panamericana Norte. Alta demanda para vivienda y alquiler. La cercanía a colegios, comercios y vías principales garantiza ocupación rápida y valorización constante. Una propiedad con números, proyección y ubicación Ideal para desarrolladores, inversionistas o compradores que saben reconocer una oportunidad real antes que el mercado. Agenda una visita y analiza el potencial de esta propiedad!! 121% comprometidos en brindarte un servicio de excelencia.|https://urbania.pe/inmueble/clasificado/veclcain-venta-de-casa-en-los-gramadales-puente-piedra-5-a-mas-dormitorios-148756994?n_src=Listado&n_pills=%C3%81rea+de+lavander%C3%ADa&n_pg=1&n_pos=5|2026-03-18
urbania|casas|venta|Lima Norte|Puente Piedra|"Laderas de Chillón
Laderas 1 De Mayo, Puente Piedra"|S/ 231,840 · USD 69,000|231840|69000|||"88 m² tot.
5 dorm.
3 baños"|88|5|3||¡¡múdate A laderas city!! ¡Oportunidad única! Casa en venta ubicada en plena avenida. Lista para habitar, cuenta con 2 pisos bien distribuidos y una hermosa vista panorámica. Ideal para vivir cómodamente o establecer un negocio. ¡No dejes pasar esta oportunidad! Casa en venta. - Área de terreno 88m² - 5 Habitaciones a mas. - 3 Baños. - 2 espacios de cocina. - Lavandería. - Sala Comedor. - Terraza para parrilla o área social. - Tendal. - Gas Natural. - Casa $69, 000. - Documentos en regla.|https://urbania.pe/inmueble/clasificado/veclcain-venta-de-casa-en-laderas-1-de-mayo-puente-piedra-5-a-mas-dormitorios-146495082?n_src=Listado&n_pills=Parrilla&n_pg=1&n_pos=6|2026-03-18
urbania|casas|venta|Lima Norte|Puente Piedra|"Av. San Juan de Vilca 39
Puente Piedra, Lima"|S/ 297,500 · USD 85,000|297500|85000|||"139 m² tot.
6 dorm.
3 baños"|139|6|3||¡Oportunidad única para adquirir tu nuevo hogar o inversión en Puente Piedra, Lima! Presentamos esta acogedora y espaciosa casa urbana de 2 pisos ubicada en calle paralela a la Av. San Juan de Vilca 39, Puente Piedra. Con un área de terreno de 139. 00 m² y una construcción de 119. 00 m², este inmueble es la combinación perfecta de confort y espacio. Cuenta con 6 habitaciones, ideal para familias grandes o para quienes desean tener un espacio de trabajo en casa. Disfruta de la privacidad y comodidad que ofrece cada espacio. Sus 3 baños completos se distribuyen convenientemente entre los dos niveles, asegurando la funcionalidad y el confort para todos los miembros de la familia. Cuenta con estacionamiento propio, la zona ofrece alternativas de aparcamiento para mas vehiculos y una excelente conectividad con el resto de la ciudad. Con 23 años de antigüedad, esta casa tiene una sólida construcción y ha sido mantenida con cuidado, esperando ahora que le des tu toque personal. Esta propiedad representa una excelente inversión en una ubicación en crecimiento. ¡No dejes pasar la oportunidad de hacerla tuya! ¡Ven a verla y enamórate de tu futuro hogar! T. C. 3. 50Tipo de cambio referencial, sujeto a variación diaria por fluctuación del mercado|https://urbania.pe/inmueble/clasificado/veclcain-venta-de-casa-en-puente-piedra-lima-5-a-mas-dormitorios-147350017?n_src=Listado&n_pg=1&n_pos=7|2026-03-18
urbania|casas|venta|Lima Norte|Puente Piedra|"5V2X+8Hr
Puente Piedra, Lima"|S/ 653,250 · USD 195,000|653250|195000|||"523 m² tot.
8 dorm.
4 baños"|523|8|4||Oportunidad Unica - Puente Piedra. ¿Buscas una propiedad con gran potencial para inversión o para vivir en un espacio amplio y versátil? ¡Esta casa de 4 pisos es perfecta para ti! Ubicación privilegiada: Asociacion de Vivienda San Miguel, Jr. San Miguel Mz. B, Lote 11, a solo 6 cuadras de la Panamericana Norte, cerca del Paradero San Pedro y del Mercado Tres Regiones. Área de terreno: 141 m² Área construida: 524. 60 m² Precio: $/ 195, 000 dólares negociables. Distribución: Primer y Segundo Piso: Cada uno con 2 departamentos completos, sala/comedor, cocina, hall de distribución, 2 dormitorios, baño y medio, y espacio para lavadero. Tercer y Cuarto Piso: 2 departamentos en casco sin tarrajear, con potencial para ampliar o adaptar según tus necesidades. Azotea: Área libre, cisterna, tanque elevado y parapetos de ladrillo. ¿Por qué invertir en esta propiedad? Es una excelente oportunidad para inversionistas que desean generar ingresos con alquileres o para familias que buscan un espacio amplio y adaptable en una zona en crecimiento. ¡No pierdas esta oportunidad! Agenda una visita hoy mismo y descubre todo el potencial que esta casa tiene para ofrecerte. Medidas|https://urbania.pe/inmueble/clasificado/veclcain-venta-de-casa-en-puente-piedra-lima-5-a-mas-dormitorios-148249378?n_src=Listado&n_pills=Cerca+a+colegios&n_pg=1&n_pos=8|2026-03-18
urbania|casas|venta|Lima Norte|Puente Piedra|"CALLE LAS MAGNOLIAS LT. 6 MZ. B
Puente Piedra, Lima"|S/ 435,000 · USD 124,000|435000|124000|||"200 m² tot.
6 dorm.
4 baños
1 estac."|200|6|4|1|Linda casa muy cerca A la panamericana, paradero famesa, colegio miguel grau. De dos pisos, con buenos acabados, ideal para vivir cómodamente. Área de terreno: 120m2. Área construida: 200m2. En el primer piso un departamento con área comercial, tienda o bodega, en el segundo piso otro departamento con entrada independiente, tercer piso área de lavandería y tendal. Cerca a la panamericana norte km 28, paradero Famesa o Santa Rosa, cerca al Colegio Almirante Miguel Grau. Documentos en regla inscrito a registros públicos, puede financiarse con cualquier banco. Visita previa cita. Se escuchan ofertas|https://urbania.pe/inmueble/clasificado/veclcain-venta-de-casa-en-puente-piedra-lima-5-a-mas-dormitorios-144638224?n_src=Listado&n_pills=%C3%81rea+de+lavander%C3%ADa&n_pg=1&n_pos=9|2026-03-18
urbania|casas|venta|Lima Norte|Puente Piedra|"Av. San Juan con Av San José, Puente Piedra
Loma Linda, Puente Piedra"|S/ 553,500 · USD 150,000|553500|150000|||"250 m² tot.
5 dorm.
5 baños
1 estac."|250|5|5|1|Ubicación: A unas cuadras de la Panamericana Norte (altura del grifo Norteño). Características: Área de Terreno: 112. 69 m2. Área Construida: 250 m2. 02 Pisos construidos. distribución: 1er piso: - Amplia sala comedor. - Cocina cerrada. - Lavandería. -1 y 1/2 Baño. - Escalera interna al segundo piso. - 1 Local. - 1 Cochera amplia. 2do piso: - 3 Habitaciones con baño propio (una de ellas con balcón) - 1 habitación. - 1 sala de estudios. - 1 baño completo. - Escalera interna al tercer piso. otras características:  En 2do piso las puertas y ventanas modelo cajón en madera cedro.  Cuenta con cisterna de 6m3 con conexión para bomba.  1er y 2do piso conexión para terma eléctrica independiente. Inversión: us$ 150, 000. ¡no pierdas esta excelente oportunidad! Agenda tu visita.|https://urbania.pe/inmueble/clasificado/veclcain-venta-de-casa-en-loma-linda-puente-piedra-5-a-mas-dormitorios-146156418?n_src=Listado&n_pills=%C3%81rea+de+lavander%C3%ADa&n_pg=1&n_pos=10|2026-03-18
urbania|casas|venta|Lima Norte|Puente Piedra|"Asoc Primero de Mayo
Puente Piedra, Lima"|S/ 330,000 · USD 99,000|330000|99000|||"271 m² tot.
5 dorm.
3 baños
2 estac."|271|5|3|2|"¿Buscas vivir en una casa amplia y al mismo tiempo tener tu propio negocio en casa? ¡Esta propiedad lo tiene todo! Área de terreno: 170 m²Área construida: 274 m²Ideal para vivienda y negocio2 pisos + azotea | Construcción sólidadistribución1er piso: Cochera + jardínSala comedor amplios, cocina con barra1 habitación + lavandería + ½ bañoLocal comercial independiente2do piso (en gris): 4 habitaciones, sala comedor, cocina y 2 bañosAzotea lista para seguir construyendoA 5 min de Plaza Vea, Tottus, Mercado Huamantanga y Panamericana Norte¡precio: $99, 000Ideal para familias emprendedoras o inversión multifamiliar¡Agenda tu visita hoy mismo y no dejes pasar esta oportunidad! R. U. C Ver datos"|https://urbania.pe/inmueble/clasificado/veclcain-venta-de-casa-en-puente-piedra-lima-5-a-mas-dormitorios-147925161?n_src=Listado&n_pills=Jard%C3%ADn&n_pg=1&n_pos=11|2026-03-18
urbania|casas|venta|Lima Norte|Puente Piedra|"Av. Juan Lecaros N°527, Puente Piedra 15121, Perú
Puente Piedra, Lima"|S/ 1,172,500 · USD 350,000|1172500|350000|||"500 m² tot.
6 dorm.
4 baños
5 estac."|500|6|4|5|¡Casa de ensueño en venta! ¡Amplia, cómoda y lista para disfrutar en familia! Área de terreno: 500 m² Área construida: 420 m² 4 pisos de excelente distribución 6 amplias habitaciones 4 baños completos 5 cocheras privadas Piscina para relajarte y disfrutar con los tuyos Jardín con árboles frutales – naturaleza, sombra y tranquilidad en tu propio hogar Espacios ideales para reuniones, descanso o inversión Ubicación estratégica, ideal para vivienda familiar o proyecto de hospedaje / eventos ¡Gran oportunidad por metraje, distribución y comodidades! Agenda tu visita hoy mismo y ven a conocer tu próxima casa soñada R. U. C Ver datos|https://urbania.pe/inmueble/clasificado/veclcain-venta-de-casa-en-puente-piedra-lima-5-a-mas-dormitorios-148555844?n_src=Listado&n_pills=Jard%C3%ADn&n_pg=1&n_pos=12|2026-03-18
urbania|casas|venta|Lima Norte|Puente Piedra|"Puente Piedra - EL Haras DE Chillon
El Haras De Chillon, Puente Piedra"|"S/ 511,000 · USD 149,000
6%"|511000|149000|6%||"336 m² tot.
8 dorm.
7 baños
1 estac."|336|8|7|1|Remato Casa de tres pisos más AzoteaConcebida para un desarrollo residencial y comercial mixto. A 15 minutos del Mercado Unicachi en Pro, Av. Panamericana. Zonificación rdm120m2 at336. 96 m2 acprimer Piso;Consta de un amplio local multiusos, con dos baños discriminados para damas y caballeros, 1 cocina con muebles altos bajos, patio interior, escalera caracol alterna, estacionamiento, y escalera interior al segundo piso. Segundo Piso: Cuarto de estudio independienteDepartamento de dos habitaciones, 1 baño completo 1 baño de visita, sala comedor, cocina, patio de lavandería y balcón. Escalera al tercer piso. Tercer piso: 6 habitaciones cada una con baño completo, hall de acceso y baño de visita. Azotea. El precio en soles es referencial el precio de venta es en dólares.|https://urbania.pe/inmueble/clasificado/veclcain-venta-de-casa-en-el-haras-de-chillon-puente-piedra-5-a-mas-dormitorios-149086096?n_src=Listado&n_pills=%C3%81rea+de+lavander%C3%ADa&n_pg=1&n_pos=13|2026-03-18
urbania|casas|venta|Lima Norte|Puente Piedra|"Proyecto Integral Zapallal Alto
Puente Piedra, Lima"|S/ 230,750 · USD 65,000|230750|65000|||"180 m² tot.
5 dorm.
2 baños"|180|5|2||¡gran oportunidad! Se vende casa con un area de 120 m2centro poblado zapallal alto 3ra etapa puente piedra- limaideal para vivienda O para negocio. con servicios basicos completos luz. Agua, desagueubicado A pocas cuadras del mercado central lomas de zapallalprecio: $65, 000 dolares negociablearea construida 240 m2 Aprovecha al máximo cada metro para diseñar un espacio eficiente y modernono dejes pasar esta oportunidad de inversión o de construir el espacio que siempre haz soñado. Contáctame para más información y para concertar una visita i R. U. C Ver datos|https://urbania.pe/inmueble/clasificado/veclcain-venta-de-casa-en-puente-piedra-lima-5-a-mas-dormitorios-147072429?n_src=Listado&n_pg=1&n_pos=14|2026-03-18
urbania|casas|venta|Lima Norte|Puente Piedra|"Calle Marte 16
Puente Piedra, Lima"|S/ 234,600 · USD 68,000|234600|68000|||"120 m² tot.
2 dorm.
2 baños
1 estac."|120|2|2|1|Venta de casa como terreno en puente piedra frente A parque A 5 cuadras de la panamericana norte Y A 3 minutos del ovalo puente piedra- Ubicación estratégica a cuadras de la Panamericana Norte- Acceso rápido y fácil a Lima y otros destinos- Casa de 01 piso, 02 habitaciones, sala comedor, cocina abierta, 02 baño completos, lavandería con tendal y cochera para un auto. - Área de terreno: 120 m2- Área construida: 120 m2- Con servicio de agua, luz. Ideal para: - Familias que buscan un lugar tranquilo y seguro- Personas que trabajan en Lima y buscan una opción fuera de la ciudad- Inversores que buscan una oportunidad rentableNo pierdas la oportunidad de adquirir esta casa amplia en una zona en crecimiento. cuenta con titulo de propiedadcontacta con nosotros para más información y programación de visitas. R. U. C Ver datos|https://urbania.pe/inmueble/clasificado/veclcain-venta-de-casa-en-puente-piedra-lima-2-dormitorios-147883132?n_src=Listado&n_pills=%C3%81rea+de+lavander%C3%ADa&n_pg=1&n_pos=15|2026-03-18
urbania|casas|venta|Lima Norte|Puente Piedra|"Calle Los Lirios al 100
Puente Piedra, Lima"|S/ 355,000 · USD 100,000|355000|100000|||"300 m² tot.
6 dorm.
3 baños
1 estac."|300|6|3|1|Ocasion casa en venta! Estas es tu oportunidad! Se vende casa de 3 pisos a pocos minutos del Paradero Rosa Luz, distrito de Puente Piedra A pocas cuadras de la panamericana norte, cerca al super mercado Precio uno, de Clínicas, Bancos, Farmacias, mercados y bodegas. Área de terreno: 114. 27 m2, parámetros para la zona es 5 pisos – zona segura con tranqueras, campos de recreación, complejos deportivos. caracteristicas: primer piso: - Al ingresar te encuentras con un patio que puedes usar como jardín acondicionar para cochera, seguido ingresas a la sala - comedor amplio – entrando por un pasillo a la derecha esta la cocina, al fondo 2 dormitorios, a la izquierda se encuentra baño completo, lavandería y escalera que sube al segundo piso. Segundo piso – 3 habitaciones, 1 sala de star, baño completo, cocina, lavandería y tendal, tercer pisotechándolo se puede continuar con la construcción Cuentas: Con todos los documentos (titulo, pu, hr, Testimonio) Con todos los servicios: agua, desagüe, luz, y gas naturalR. U. C Ver datos|https://urbania.pe/inmueble/clasificado/veclcain-venta-de-casa-en-puente-piedra-lima-5-a-mas-dormitorios-147065100?n_src=Listado&n_pills=Jard%C3%ADn&n_pg=1&n_pos=16|2026-03-18
urbania|casas|venta|Lima Norte|Puente Piedra|"Puente Piedra
Puente Piedra, Lima"|S/ 626,400 · USD 180,000|626400|180000|||"450 m² tot.
7 baños"|450||7||? Ubicación Estratégica: A solo 5 minutos caminando de la Municipalidad y del Mercado Huamantanga, cerca de transporte público, colegios, mercados y más.? Características Generales:? Casa de 4 pisos, perfecta para vivienda y/o inversión.? Área total construida: Amplia y bien distribuida.? Documentación en regla: Con copia literal, lista para la venta.? Distribución por Niveles: 1er Piso: Sala y comedor amplios. Cocina funcional. 3 dormitorios cómodos. 2 baños completos. Estacionamiento para un auto. 2do Piso: Ingreso interno y puerta directa a calle. 4 habitaciones (todas alquiladas). 2 baños completos. 3er Piso: 4 habitaciones (todas alquiladas). 1 baño completo. 4to Piso: 2 habitaciones (alquiladas). 2 baños completos. 4 Lavaderos. Amplio tendal.? Puntos Destacados:? ¡Genera rentabilidad! Todas las habitaciones alquiladas actualmente.? Ubicación privilegiada en zona accesible y céntrica. ¡Aprovecha esta excelente oportunidad de inversión! ? Contáctame para más detalles o agendar una visita. R. U. C Ver datos|https://urbania.pe/inmueble/clasificado/veclcain-venta-de-casa-en-puente-piedra-lima-148055583?n_src=Listado&n_pg=1&n_pos=17|2026-03-18
urbania|casas|venta|Lima Norte|Puente Piedra|"Urb. La Ribera de Chillon
La Ribera De Chillon Pa.7, Puente Piedra"|S/ 440,000 · USD 130,952|440000|130952|||"105 m² tot.
3 dorm.
3 baños"|105|3|3||Exclusiva Casa de 105 m² en Puente Piedra – Elegancia, Confort y Estilo de Vida. Descubre esta impresionante residencia de 2 pisos, ubicada en la zona más exclusiva de Puente Piedra, diseñada para quienes valoran la amplitud y la privacidad. Esta propiedad combina modernidad, sofisticación y funcionalidad en un entorno único, ofreciendo ambientes luminosos y perfectamente distribuidos que se adaptan al estilo de vida más exigente. *Contáctate con Fernando Sullón 9. 4. 4. 2. 3. 7. 4. 1. 9* Características principales: - Área de Terreno: 105m² - Propiedad ubicada en un pasaje amplio con áreas verdes. Distribución: Primer piso. - Patio y jardín interno. - Sala. - Cocina con muebles altos y bajo. - Comedor. - Medio Baño. - Dormitorio principal con baño propio. - Lavandería. Segundo piso. - 02 Dormitorios con walking closet. - 01 Baño completo. - Área de lavandería y planchado. - Deposito. - Balcón. Precio: S/. 440, 000. 00. ¡Todo lo que necesitas para vivir de la mejor manera! No pierdas la oportunidad. Contáctanos ahora para más información y agendar una visita. *Contáctate con Fernando Sullón 9. 4. 4. 2. 3. 7. 4. 1. 9*|https://urbania.pe/inmueble/clasificado/veclcain-venta-de-casa-en-la-ribera-de-chillon-pa7-puente-piedra-3-dormitorios-148703654?n_src=Listado&n_pills=Jard%C3%ADn&n_pg=1&n_pos=18|2026-03-18
urbania|casas|venta|Lima Norte|Puente Piedra|"Asociación de Vivienda Chillon 3ra Etapa
Shangrilla, Puente Piedra"|S/ 720,250 · USD 215,000|720250|215000|||"300 m² tot.
6 dorm.
4 baños
1 estac."|300|6|4|1|Casa en venta — Puente Piedra (Asociación de Vivienda Villa Chillón) Dirección: Asociación de Vivienda Villa ChillónCaracterísticas principales: - Área del terreno: 160. 00 m²- Área construida: 300. 00 m²- Pisos: 2- Habitaciones: 6- Baños: 4- Estacionamientos: 1- Almacén- Frente al parque — excelente iluminación y vista despejada- Vista a la calleDescripción: Espaciosa casa de 2 pisos con una distribución amplia y versátil, ideal para familias numerosas o para quienes buscan combinar vivienda y negocio pequeño (cuenta con almacén). Su frente al parque brinda un entorno agradable y ventilado, mientras que la vista a la calle facilita el acceso y la visibilidad. Con 300 m² construidos sobre un terreno de 160 m² y 6 dormitorios, ofrece múltiples posibilidades de remodelación y optimización de espacios. Antigüedad: 20 años — gran potencial para actualizar y poner a tu medida. ¿Quieres conocerla Agenda tu visita y descubre todo lo que esta propiedad puede ofrecer? Consultar con el Agente Inmobiliario encargado para mayor información Ver datos.|https://urbania.pe/inmueble/clasificado/veclcain-venta-de-casa-en-shangrilla-puente-piedra-5-a-mas-dormitorios-149159884?n_src=Listado&n_pills=Jard%C3%ADn&n_pg=1&n_pos=19|2026-03-18
urbania|casas|venta|Lima Norte|Puente Piedra|"Asociacion DE Vivienda LAS Magnolias DE Copacabana Etapa II MZ D Lt22
Puente Piedra, Lima"|S/ 376,200 · USD 110,000|376200|110000|||"120 m² tot.
6 dorm.
4 baños
1 estac."|120|6|4|1|Linda casa joven de 02 pisos con 02 departamentos Y tienda comercialubicación en zona tranquila y de constante crecimientoA pocas cuadras de centros campestres y Av. Panamericana. Zona completamente consolidada: - Tottus de Puente Piedra- Mercado Huamantanga- Hospital LanFranco La Hoz- Reniec- Municipalidad de Puente Piedra. - Centros campestres la matarina, Villa 24, Campo y SolCaracterísticas de la casa: propiedad preparada para multiusos (vivienda familiar, alquileres de departamentos Y/O oficinas) Área del Terreno: 120. 00m²Area construida: 220m2Antigüedad: 17 años2 pisos construidos. Parámetro para 4 pisos. ** primer piso con cocina Y gas de calidda: 02 Amplias habitaciones01 Amplia habitacion con sshh completo01 sshh Completo para uso multiple01 Sala comedor amplia01 Cocina Abierta. Pasadizo externo. 01 Área de lavandería. * amplio ambiente comercial 1er piso con cocina Y gas de calidda: 01 Ambiente para uso comercial01 sshh. 01 Almacen01 Cocina amplia**segundo piso (02 departamentos): Pasadizo externo de libre transito para departamentos01 Balcon vista exterior*01 departamento con cocina Y gas de calidda: 01 Habitacion amplia01 sshh Completo01 Sala Comedor amplia01 Cocina Abierta* 01 departamento con cocina Y gas de calidda: 02 Habitaciones amplias01 sshh Completo01 Sala Comedor amplia01 Cocina Abierta**Beneficios de la PropiedadAcceso Independiente a toda la casa y departamentosMedidor de Agua compartidoMedidor de Luz compartidoSeguridad 24/7, zona con tranqueraGas Calidda con medidor independiente para todos los departamentos y casa0**Oportunidad de InversiónIdeal para vivienda familiar o inversión en alquiler temporal (02 Departamentos) Todos los ambientes cuentan con enchape en pisos y paredes según distribución. Acabados completos. Relación precio-valor excepcional para el mercado*Agenda tu visita hoyRelación precio-valor excepcional para el mercadoInversión inteligente en una de las zonas mas interesantes de Puente Piedra*tipo de venta*: Venta con minuta de traspaso, Acciones y derechos. Consultar con el Agente Inmobiliario encargado para mayor información Ver datos.|https://urbania.pe/inmueble/clasificado/veclcain-venta-de-casa-en-puente-piedra-lima-5-a-mas-dormitorios-149193169?n_src=Listado&n_pills=Seguridad&n_pg=1&n_pos=20|2026-03-18
urbania|casas|venta|Lima Norte|Puente Piedra|"Aahh Participación Puente Piedrina
Puente Piedra, Lima"|S/ 187,600 · USD 56,000|187600|56000|||"180 m² tot.
4 dorm.
2 baños"|180|4|2||¿Buscas una propiedad con potencial de inversión y lista para habitar? Esta casa en el Asentamiento Humano Participación Puente Piedrina– Puente Piedra, ¡es perfecta para ti! Ubicada en una zona en crecimiento, cuenta con un terreno de 98 m² y construcción sólida de 2 pisos, cada uno con entrada independiente. Distribución: Primer piso: Departamento de 2 habitaciones, sala comedor, cocina, baño y lavandería independiente. Segundo piso: Departamento similar, también con 2 habitaciones y ambientes bien distribuidosEntradas completamente independientes, ideal para vivir en uno y alquilar el otro o tener 2 familias cómodamenteÁrea de terreno: 98 m²Documentos en regla – listo para transferirPrecio: $56, 000Zona, con acceso a transporte, colegios y mercados¿Quieres conocerla? ¡Contáctame para agendar una visita! R. U. C Ver datos|https://urbania.pe/inmueble/clasificado/veclcain-venta-de-casa-en-puente-piedra-lima-4-dormitorios-146397809?n_src=Listado&n_pills=%C3%81rea+de+lavander%C3%ADa&n_pg=1&n_pos=21|2026-03-18
urbania|casas|venta|Lima Norte|Puente Piedra|"Avenida Malecón Chillón
Puente Piedra, Lima"|S/ 440,000 · USD 130,952|440000|130952|||"105 m² tot.
3 dorm.
3 baños"|105|3|3||Vendo Exclusiva Casa de Dos Pisos de 105 m² Exclusiva Casa de 105 m² en Puente Piedra – Elegancia, Confort y Estilo de Vida. Descubre esta impresionante residencia de 2 pisos, ubicada en la zona más exclusiva de Puente Piedra, diseñada para quienes valoran la amplitud y la privacidad. Esta propiedad combina modernidad, sofisticación y funcionalidad en un entorno único, ofreciendo ambientes luminosos y perfectamente distribuidos que se adaptan al estilo de vida más exigente. *Contáctate con Pilar Ponce de León Silva 9. 7. 1. 1. 0. 6. 6. 3. 9* Características principales: - Área de Terreno: 105m² - Propiedad ubicada en un pasaje amplio con áreas verdes. Distribución: Primer piso. - Patio y jardín interno. - Sala. - Cocina con muebles altos y bajo. - Comedor. - Medio Baño. - Dormitorio principal con baño propio. - Lavandería. Segundo piso. - 02 Dormitorios con walking closet. - 01 Baño completo. - Área de lavandería y planchado. - Deposito. - Balcón. Precio: S/. 440, 000. 00. ¡Todo lo que necesitas para vivir de la mejor manera! No pierdas la oportunidad. Contáctanos ahora para más información y agendar una visita. *Contáctate con Pilar Ponce de León Silva 9. 7. 1. 1. 0. 6. 6. 3. 9*|https://urbania.pe/inmueble/clasificado/veclcain-venta-de-casa-en-puente-piedra-lima-3-dormitorios-148984375?n_src=Listado&n_pills=%C3%81rea+de+lavander%C3%ADa&n_pg=1&n_pos=22|2026-03-18
urbania|casas|venta|Lima Norte|Puente Piedra|"Begonias del Norte MZ C Lote 6
Puente Piedra, Lima"|S/ 231,000 · USD 69,000|231000|69000|||105 m² tot.|105||||¡Casa de un piso en venta en Puente Piedra – Las Begonias del Norte! ¿Buscas una casa cómoda, bien ubicada y lista para vivir? ¡Esta es tu oportunidad! Ubicación: Las Begonias del Norte, Puente Piedra Área de terreno: 105 m²Distribución: 3 habitaciones 2 baños Sala - comedor amplia e iluminada Espacio ideal para cocina y patio Cerca de colegios, tiendas comerciales y mercados A solo minutos de la Av. Panamericana Norte Zona tranquila, residencial y con fácil accesoPrecio: $69, 000 (Negociables) ¡Contáctanos ahora para más información y agenda tu visita! Escríbenos por inbox o vía WhatsApp. ¡Haz realidad el sueño de la casa propia! #CasaEnVenta #PuentePiedra #LasBegoniasDelNorte #CasaPropia #InversionSegura #VentaDeCasa #InmobiliariaR. U. C Ver datos|https://urbania.pe/inmueble/clasificado/veclcain-venta-de-casa-en-puente-piedra-lima-147925165?n_src=Listado&n_pills=Jard%C3%ADn&n_pg=1&n_pos=23|2026-03-18
urbania|casas|venta|Lima Norte|Puente Piedra|"3WWM+FFM Puente Piedra
Puente Piedra, Lima"|S/ 262,800 · USD 72,000|262800|72000|||"115 m² tot.
2 dorm.
1 baño
1 estac."|115|2||1|*R. U. C: 2. 0. 6. 0. 0. 1. 6. 2. 9. 9. 4* Razón Social: Constructora e Inmobiliaria Casa 21 S. A. C. ¡Oportunidad única en Puente Piedra! En venta acogedora casa de 114. 70 m² ubicada en una estratégica esquina de Puente Piedra, perfecta para quienes buscan vivir cómodamente y, al mismo tiempo, tener la posibilidad de emprender un negocio propio. Esta propiedad cuenta con cochera y una ubicación privilegiada a tan solo dos cuadras de la Panamericana Norte, con fácil acceso a zonas comerciales y puntos clave del distrito. Se encuentra cerca del conocido paradero Tres Ruedas y del Andén, rodeada de colegios, parques y centros comerciales, lo que la convierte en una excelente opción tanto para vivir como para invertir. Aprovecha esta oportunidad única en una zona de constante crecimiento y alta conectividad. *Contáctate con Rosario Mendoza 9. 9. 1. 9. 1. 7. 7. 5. 8. * - Área de 114. 70m2. - 2 Pisos. - 01 Cochera. - 02 Dormitorios. - 01 Baño. - Sala comedor. - Cocina lavandería. - Conexión de gas natural. Precio: us$ 72, 000. 00. ¡Todo lo que necesitas para vivir de la mejor manera! No pierdas la oportunidad. Contáctanos ahora para más información y agendar una visita. *Contáctate con Rosario Mendoza 9. 9. 1. 9. 1. 7. 7. 5. 8. *|https://urbania.pe/inmueble/clasificado/veclcain-venta-de-casa-en-puente-piedra-lima-2-dormitorios-146880324?n_src=Listado&n_pills=%C3%81rea+de+lavander%C3%ADa&n_pg=1&n_pos=24|2026-03-18
urbania|casas|venta|Lima Norte|Puente Piedra|"4WWJ+C96 Puente Piedra
Puente Piedra, Lima"|S/ 497,000 · USD 140,000|497000|140000|||"355 m² tot.
15 dorm.
5 baños
1 estac."|355|15|5|1|*R. U. C: 2. 0. 6. 0. 0. 1. 6. 2. 9. 9. 4* Razón Social: Constructora e Inmobiliaria Casa 21 S. A. C. ¡Descubre la oportunidad de vivir en la comodidad y tranquilidad de una casa de tres pisos en el distrito de Puente Piedra! Esta espaciosa propiedad, ideal para familias numerosas o quienes buscan un hogar con múltiples ambientes, ofrece una excelente distribución en sus tres niveles más azotea, brindando todo el confort que mereces. Con ambientes iluminados, amplias habitaciones y espacio para desarrollar tu propio estilo de vida, esta casa es perfecta para quienes desean invertir en una zona en constante crecimiento. Ubicada en un entorno tranquilo y accesible, tendrás cerca mercados, colegios y transporte público. Además, la azotea es un plus ideal para futuras ampliaciones, zona de parrillas o un espacio de relajación con vista panorámica. ¡Haz de esta casa el lugar donde empiece tu nueva historia! *Contáctate con Fernando Sullón 9. 4. 4. 2. 3. 7. 4. 1. 9* Características de la Casa: - Área de terreno: 128. 84 m² - Área construida: 354. 88 m² Primer piso: - 01 Cochera. - 06 Dormitorios. - 02 Baños. - 01 Lavandería. Segundo piso: - Sala. - Comedor. - Cocina. - 03 Dormitorios. - 1 Baño. - 1/2 Baño. - 01 Lavandería. Tercer piso: - 06 Dormitorios. - 02 Baños completo. - 02 Lavanderías. Azotea: - 02 Dormitorios en casco. - 01 Baño completo en casco. - 01 Lavandería en casco. Referencias: - A 5 minutos de la Municipalidad de Puente Piedra. - A 3 minutos del Mercado Huamantanga. - Cerca al Colegio el Roble. - A 1 cuadras de un parque. - A 10 minutos de Tottus. Precio: us$ 140, 000. 00. ¡Todo lo que necesitas para vivir de la mejor manera! No pierdas la oportunidad. Contáctanos ahora para más información y agendar una visita. *Contáctate con Fernando Sullón 9. 4. 4. 2. 3. 7. 4. 1. 9*|https://urbania.pe/inmueble/clasificado/veclcain-venta-de-casa-en-puente-piedra-lima-5-a-mas-dormitorios-146910985?n_src=Listado&n_pills=%C3%81rea+de+lavander%C3%ADa&n_pg=1&n_pos=25|2026-03-18
urbania|casas|venta|Lima Norte|Puente Piedra|"urb Pancha Paula, Puente Piedra
Puente Piedra, Lima"|S/ 314,000 · USD 85,000|314000|85000|||"390 m² tot.
10 dorm.
4 baños
2 estac."|390|10|4|2|Casa en venta en el distrito de Puente Piedra!! Vendo casa de 3 pisos en Puente PiedraEn puente piedra, urb. Pancha paula. Ubicación: Colegios, el mercado huamantanga, plaza vea, bancos, promart, tottus, a 7 minutos de la plaza mayor de puente piedra. Usos: vivienda, tienda, colegio inicial o primaria. Características: Área terreno: 130m2Área construida: 260m2Área terraza: 130m2Distribución: 1er piso de 130m2: 1 cochera2 baños completos4 ambientes grandes1 hall de recepción 2do piso de 130m2: 2 baños5 ambientes3er piso de 130m2: Terraza y conexiones para baño. Antigüedad 12 añosPapeles en reglaUn solo dueño. hmc 29-11-24-5-6Proyectum|https://urbania.pe/inmueble/clasificado/veclcain-venta-de-casa-en-puente-piedra-lima-5-a-mas-dormitorios-149118726?n_src=Listado&n_pg=1&n_pos=26|2026-03-18
urbania|casas|venta|Lima Norte|Puente Piedra|"Av. San Juan de Vilca 39
Puente Piedra, Lima"|S/ 315,000 · USD 90,000|315000|90000|||"139 m² tot.
3 dorm.
2 baños"|139|3|2||Esta casa es ideal para quienes buscan amplitud, independencia y una ubicación estratégica. Con ambientes bien distribuidos y espacios adicionales que brindan comodidad y versatilidad, se encuentra frente a una loza deportiva y muy cerca de todo lo que necesitas en el día a día. Características: - Área total: 139. 60 m² (frente 6. 5 m, fondo 23 m) - Área construida: 152 m²- 3 dormitorios sin clóset, listos para ser adaptados a tu estilo- 2 baños completos (incluye baño de visita y baño en azotea) - Cocina integrada: kitchenette con muebles bajos- Sala-comedor: ambiente acogedor, perfecto para reuniones familiares- Vista externa: frente a una loza deportiva- Patio de 6 x 1. 50 m, ideal para plantas, descanso o mascotas- Incluye garaje con baño propio, perfecto para visitas o como área multiusoUbicación: A espaldas de la avenida principal, con fácil acceso desde Panamericana Norte, bajando por el paradero Rosa Luz. Ubicada cerca de mercados, tiendas Mass, colegios, restaurantes y zonas comerciales, en una de las zonas más prácticas de San Juan de Vilca. ¡Tu nuevo comienzo empieza aquí! Agenda tu cita hoy y descubre tu futuro hogar. T. C. 3. 50Tipo de cambio referencial, sujeto a variación diaria por fluctuación del mercado|https://urbania.pe/inmueble/clasificado/veclcain-venta-de-casa-en-puente-piedra-lima-3-dormitorios-148528208?n_src=Listado&n_pg=1&n_pos=27|2026-03-18
urbania|casas|venta|Lima Norte|Puente Piedra|"15121, Puente Piedra 15121, Perú
Puente Piedra, Lima"|S/ 167,500 · USD 50,000|167500|50000|||"185 m² tot.
4 dorm.
2 baños
1 estac."|185|4|2|1|Casa en venta de 2 pisos con local Y/O almacenprograma de vivienda residencial bellavista-puente piedraarea 118. 10 mtsmedidas 6, 50 X 18. 15mlel predio posee los siguientes ambientesprimer piso: amplio local Y/o almacensegundo piso: 4 habitaciones3 bañosamplia sala -comedorcocina estilo americanotodo en casco listo para tarrajear Y techar todo con estructura para 5 pisoa solo 2 cuadras de la avenida san juan cerca del restaurant campestre sonia morales de carabaylloa 4 minutos de plaza vea de puente piedradiversas lineas de transporte como combis, metropolitano, buses Y bajar en las casuarinasa 10 minutos de la avenida universitariaa 15 minutos del grifo chaperito de la avenida tupac amaruno pierdas esta oportunidad R. U. C Ver datos|https://urbania.pe/inmueble/clasificado/veclcain-venta-de-casa-en-puente-piedra-lima-4-dormitorios-146842083?n_src=Listado&n_pg=1&n_pos=28|2026-03-18
urbania|casas|venta|Lima Norte|Puente Piedra|"Psje Ñaupari Limaylla MZ A Lote 06
Puente Piedra, Lima"|S/ 487,200 · USD 145,000|487200|145000|||"304 m² tot.
10 dorm.
11 baños
6 estac."|304|10|11|6|"¿Buscas un edificio casi nuevo que te genere ingresos desde el primer día? Te presento este edificio de 3 pisos en puente piedra – puente aricaurb. Horacio Zeballos Gámez (a 2 paraderos del Grifo Norteños). - Antigüedad: 4 años- Terreno: 154 m² | Área construida 304 m²- 11 habitaciones con baño? Listas para alquiler- Cochera para 6 autosUna inversión segura, lista para generar rentas inmediatas. Llama hoy y asegura tu próxima propiedad. #EdificioEnVenta #InversionSegura #PuenteAricaR. U. C Ver datos"|https://urbania.pe/inmueble/clasificado/veclcain-venta-de-casa-en-puente-piedra-lima-5-a-mas-dormitorios-147856342?n_src=Listado&n_pg=1&n_pos=29|2026-03-18
urbania|casas|venta|Lima Norte|Puente Piedra|"Calle LAS Palmeras MZ M Lote 15
Puente Piedra, Lima"|S/ 236,000 · USD 68,000|236000|68000|||"90 m² tot.
3 dorm.
2 baños"|90|3|2||¿Buscas el lugar perfecto para tu familia? Esta casa en Puente Piedra puede ser justo lo que estás buscandoUbicada en la Asociación Los Gramadales, Mz. A – Lt. 3, altura del Paradero Hospital – Panamericana Norte, a solo 5 minutos del Mercado Huamantanga y cerca del I. E. P. Alfred Nobel. Características principales: Área: 131 m² (10 x 13. 1) 3 habitacionesLocal comercialServicios completosDocumentación inscrita en sunarpprecio de ocasión: $68, 000No pierdas tiempo buscando más. Contáctame y agenda una visita hoy mismo. Germain Peña– Ver datosR. U. C Ver datos|https://urbania.pe/inmueble/clasificado/veclcain-venta-de-casa-en-puente-piedra-lima-3-dormitorios-148343930?n_src=Listado&n_pg=1&n_pos=30|2026-03-18
urbania|casas|venta|Lima Norte|Puente Piedra|"Asociacion DE Vivienda LAS Magnolias DE Copacabana Etapa II MZ D Lt22
Puente Piedra, Lima"|S/ 376,200 · USD 110,000|376200|110000|||"120 m² tot.
6 dorm.
4 baños
1 estac."|120|6|4|1|Linda casa joven de 02 pisos con 02 departamentos Y tienda comercialubicación en zona tranquila y de constante crecimientoA pocas cuadras de centros campestres y Av. Panamericana. Zona completamente consolidada: - Tottus de Puente Piedra- Mercado Huamantanga- Hospital LanFranco La Hoz- Reniec- Municipalidad de Puente Piedra. - Centros campestres la matarina, Villa 24, Campo y SolCaracterísticas de la casa: propiedad preparada para multiusos (vivienda familiar, alquileres de departamentos Y/O oficinas) Área del Terreno: 120. 00m²Area construida: 220m2Antigüedad: 17 años2 pisos construidos. Parámetro para 4 pisos. ** primer piso con cocina Y gas de calidda: 02 Amplias habitaciones01 Amplia habitacion con sshh completo01 sshh Completo para uso multiple01 Sala comedor amplia01 Cocina Abierta. Pasadizo externo. 01 Área de lavandería. * amplio ambiente comercial 1er piso con cocina Y gas de calidda: 01 Ambiente para uso comercial01 sshh. 01 Almacen01 Cocina amplia**segundo piso (02 departamentos): Pasadizo externo de libre transito para departamentos01 Balcon vista exterior*01 departamento con cocina Y gas de calidda: 01 Habitacion amplia01 sshh Completo01 Sala Comedor amplia01 Cocina Abierta* 01 departamento con cocina Y gas de calidda: 02 Habitaciones amplias01 sshh Completo01 Sala Comedor amplia01 Cocina Abierta**Beneficios de la PropiedadAcceso Independiente a toda la casa y departamentosMedidor de Agua compartidoMedidor de Luz compartidoSeguridad 24/7, zona con tranqueraGas Calidda con medidor independiente para todos los departamentos y casa0**Oportunidad de InversiónIdeal para vivienda familiar o inversión en alquiler temporal (02 Departamentos) Todos los ambientes cuentan con enchape en pisos y paredes según distribución. Acabados completos. Relación precio-valor excepcional para el mercado*Agenda tu visita hoyRelación precio-valor excepcional para el mercadoInversión inteligente en una de las zonas mas interesantes de Puente Piedra*tipo de venta*: Venta con minuta de traspaso, Acciones y derechos. Consultar con el Agente Inmobiliario encargado para mayor información Ver datos.|https://urbania.pe/inmueble/clasificado/veclcain-venta-de-casa-en-puente-piedra-lima-5-a-mas-dormitorios-149193169?n_src=Listado&n_pills=Seguridad&n_pg=2&n_pos=1|2026-03-18
urbania|casas|venta|Lima Norte|Puente Piedra|"Asociación de Vivienda Chillon 3ra Etapa
Shangrilla, Puente Piedra"|S/ 720,250 · USD 215,000|720250|215000|||"300 m² tot.
6 dorm.
4 baños
1 estac."|300|6|4|1|Casa en venta — Puente Piedra (Asociación de Vivienda Villa Chillón) Dirección: Asociación de Vivienda Villa ChillónCaracterísticas principales: - Área del terreno: 160. 00 m²- Área construida: 300. 00 m²- Pisos: 2- Habitaciones: 6- Baños: 4- Estacionamientos: 1- Almacén- Frente al parque — excelente iluminación y vista despejada- Vista a la calleDescripción: Espaciosa casa de 2 pisos con una distribución amplia y versátil, ideal para familias numerosas o para quienes buscan combinar vivienda y negocio pequeño (cuenta con almacén). Su frente al parque brinda un entorno agradable y ventilado, mientras que la vista a la calle facilita el acceso y la visibilidad. Con 300 m² construidos sobre un terreno de 160 m² y 6 dormitorios, ofrece múltiples posibilidades de remodelación y optimización de espacios. Antigüedad: 20 años — gran potencial para actualizar y poner a tu medida. ¿Quieres conocerla Agenda tu visita y descubre todo lo que esta propiedad puede ofrecer? Consultar con el Agente Inmobiliario encargado para mayor información Ver datos.|https://urbania.pe/inmueble/clasificado/veclcain-venta-de-casa-en-shangrilla-puente-piedra-5-a-mas-dormitorios-149159884?n_src=Listado&n_pills=Jard%C3%ADn&n_pg=2&n_pos=2|2026-03-18
urbania|casas|venta|Lima Norte|Puente Piedra|"urb Pancha Paula, Puente Piedra
Puente Piedra, Lima"|S/ 314,000 · USD 85,000|314000|85000|||"390 m² tot.
10 dorm.
4 baños
2 estac."|390|10|4|2|Casa en venta en el distrito de Puente Piedra!! Vendo casa de 3 pisos en Puente PiedraEn puente piedra, urb. Pancha paula. Ubicación: Colegios, el mercado huamantanga, plaza vea, bancos, promart, tottus, a 7 minutos de la plaza mayor de puente piedra. Usos: vivienda, tienda, colegio inicial o primaria. Características: Área terreno: 130m2Área construida: 260m2Área terraza: 130m2Distribución: 1er piso de 130m2: 1 cochera2 baños completos4 ambientes grandes1 hall de recepción 2do piso de 130m2: 2 baños5 ambientes3er piso de 130m2: Terraza y conexiones para baño. Antigüedad 12 añosPapeles en reglaUn solo dueño. hmc 29-11-24-5-6Proyectum|https://urbania.pe/inmueble/clasificado/veclcain-venta-de-casa-en-puente-piedra-lima-5-a-mas-dormitorios-149118726?n_src=Listado&n_pg=2&n_pos=3|2026-03-18
urbania|casas|venta|Lima Norte|Puente Piedra|"15121, Puente Piedra 15121, Perú
Puente Piedra, Lima"|S/ 167,500 · USD 50,000|167500|50000|||"185 m² tot.
4 dorm.
2 baños
1 estac."|185|4|2|1|Casa en venta de 2 pisos con local Y/O almacenprograma de vivienda residencial bellavista-puente piedraarea 118. 10 mtsmedidas 6, 50 X 18. 15mlel predio posee los siguientes ambientesprimer piso: amplio local Y/o almacensegundo piso: 4 habitaciones3 bañosamplia sala -comedorcocina estilo americanotodo en casco listo para tarrajear Y techar todo con estructura para 5 pisoa solo 2 cuadras de la avenida san juan cerca del restaurant campestre sonia morales de carabaylloa 4 minutos de plaza vea de puente piedradiversas lineas de transporte como combis, metropolitano, buses Y bajar en las casuarinasa 10 minutos de la avenida universitariaa 15 minutos del grifo chaperito de la avenida tupac amaruno pierdas esta oportunidad R. U. C Ver datos|https://urbania.pe/inmueble/clasificado/veclcain-venta-de-casa-en-puente-piedra-lima-4-dormitorios-146842083?n_src=Listado&n_pg=2&n_pos=4|2026-03-18
urbania|casas|venta|Lima Norte|Puente Piedra|"Mariano Melgar
Puente Piedra, Lima"|S/ 300,000 · USD 89,552|300000|89552|||"210 m² tot.
6 dorm.
3 baños"|210|6|3||Casa en venta en Zapallal – Puente Piedra, Ubicado en Av. Mariano Melgar, a aproximadamente 5 cuadras de la Autopista Ventanilla, frente al Colegio Good People. Casa de 2 pisos amplia, ideal para familia grande o inversión. ️ 6 habitaciones espaciosas distribuidas entre primer y segundo piso. 3 baños completos bien distribuidos para comodidad familiar. ️ cuenta con cocina, comedor y sala. Terreno y construcción con espacios bien aprovechados para patio. Zona con acceso a transporte público y servicios básicos completos. Oportunidad de inversión en crecimiento urbano en Zapallal. Agenda tu visita, te esperamos!!|https://urbania.pe/inmueble/clasificado/veclcain-venta-de-casa-en-puente-piedra-lima-5-a-mas-dormitorios-148874887?n_src=Listado&n_pg=2&n_pos=5|2026-03-18
urbania|casas|venta|Lima Norte|Puente Piedra|"Av. Buenos Aires 2171
Puente Piedra, Lima"|S/ 940,800 · USD 280,000|940800|280000|||"250 m² tot.
4 dorm.
4 baños"|250|4|4||¡Qué interesante oportunidad de venta! La propiedad que se describe tiene un gran potencial, sobre todo por su versatilidad comercial y residencial. Aquí algunos puntos destacados de la casa que podrían atraer a posibles compradores: Distribución eficiente: Con dos pisos más azotea, la casa aprovecha al máximo el espacio disponible. Locales comerciales: Los dos locales con puerta a la calle son perfectos para generar ingresos adicionales o para emprender un negocio. Dúplex independiente: Ideal para una familia, ya que cuenta con sala, comedor, cocina, baño de visita y dos dormitorios en el segundo piso. Espacios adicionales: Tres habitaciones con baño y closet en el primer piso, junto a dos patios, uno de ellos con un cuarto prefabricado de madera. Segundo piso con flats: Dos flats con baño y excelente iluminación, perfectos para alquilar o uso personal. Ubicación estratégica: Cerca de la Panamericana Norte y el Óvalo de Zapallal, en Puente Piedra, un área con mucho tráfico y potencial comercial. Con un área total de 350 m², esta casa es una excelente inversión tanto para vivir como para negocio.|https://urbania.pe/inmueble/clasificado/veclcain-venta-de-casa-en-puente-piedra-lima-4-dormitorios-148474910?n_src=Listado&n_pg=2&n_pos=6|2026-03-18
urbania|casas|venta|Lima Norte|Puente Piedra|"4WJF+6PX
Puente Piedra, Lima"|S/ 285,600 · USD 85,000|285600|85000|||"108 m² tot.
2 dorm.
2 baños"|108|2|2||Venta de casa de 2 pisos en plena avenida – puente piedra. ¡Oportunidad única en el corazón de Puente Piedra, ideal para negocio. Características principales: ️ 2 pisos bien distribuidos. ️ ️ 2 dormitorios cómodos. ️ 2 baños. ️ ️ Sala y comedor amplios. ️ ️ Cocina lista para implementar. Cuenta con Gas Natural instalado. Ideal para negocio, comercio o vivienda con opción de emprendimiento. Contáctanos para más información y visitas.|https://urbania.pe/inmueble/clasificado/veclcain-venta-de-casa-en-puente-piedra-lima-2-dormitorios-148485471?n_src=Listado&n_pills=Cerca+a+colegios&n_pg=2&n_pos=7|2026-03-18
urbania|casas|venta|Lima Norte|Puente Piedra|"Calle Marte Mz B Lt 15, Asoc. de Vivienda Mercurio De Huancavelica, Puente Piedra
Mercurio De Huancavelica, Puente Piedra"|S/ 556,500 · USD 150,000|556500|150000|||"120 m² tot.
8 dorm.
7 baños
1 estac."|120|8|7|1|¡Oportunidad única en Puente Piedra! ¿Buscas una casa espaciosa para tu familia o una inversión segura? ¡Esta es tu gran chance! Presentamos una propiedad de 3 pisos con excelente distribución y un área de terreno de 120. 00 m². Ubicación: Calle Marte Mz B Lt 15, Asoc. De Vivienda Mercurio De Huancavelica, Puente Piedra, Lima. Características destacadas: - Área Construida: 324. 00 m². - Habitaciones: 8 (¡Perfectas para una familia grande o para alquilar!) - Baños: 7 (¡Nunca más esperar para usar el baño!) - Estacionamiento: 1 (¡No más problemas para aparcar tu vehículo!) - Antigüedad: 18 años (¡Con toda la experiencia de un hogar bien construido!) Las puertas son de cedro, con bellos acabados. 1er Piso: - Cuenta con una cochera o negocio, lo que mas te agrade. - Sala comedor amplia, para reuniones familiares - Cocina con reposteros altos y bajos - 1 baño para las visitas - 1 baño completo - 1 habitación con baño completo - 1 patio de lavandería y terma. 2do Piso: - 5 habitaciones, 2 de ellas con baño completo - 1 baño completo - hall para estudios 3er Piso: - 1 baño completo - 1 habitación con baño completo - Amplio espacio para reuniones familiares - balcón. 4to Piso: - 1 baño completo - 1 Lavandería - 1 Almacén - Espacio amplio diseñado para realizar deporte con los niños o familiares, para practicar vóley o futbol, con malla protectora. Precio: ¡Tan solo $150, 000 usd! Una inversión inteligente. No dejes pasar esta increíble oportunidad de adquirir la casa que siempre has querido. ¡Contáctanos ahora y comienza a vivir tu sueño!|https://urbania.pe/inmueble/clasificado/veclcain-venta-de-casa-en-mercurio-de-huancavelica-puente-piedra-5-a-mas-dormitorios-147694174?n_src=Listado&n_pills=%C3%81rea+de+lavander%C3%ADa&n_pg=2&n_pos=8|2026-03-18
urbania|casas|venta|Lima Norte|Puente Piedra|"URB LA Ribera DEL Chillon
Puente Piedra, Lima"|S/ 351,540 · USD 105,000|351540|105000|||"95 m² tot.
4 dorm.
3 baños"|95|4|3||Descubre esta encantadora casa de cuatro pisos ubicada en la tranquila y prometedora zona de Puente Piedra, en Lima. Perfecta para quienes buscan comodidad y versatilidad, esta propiedad ofrece un sinfín de posibilidades. Al ingresar, serás recibido por un primer piso lleno de luz natural, gracias a su ingenioso tragaluz. Este nivel cuenta con un espacio adaptable ideal para un negocio, un baño completo, una sala acogedora y bien iluminada, y una cocina que invita a los chef de la casa a dejar volar su creatividad. Subiendo al segundo piso, encontrarás un área espaciosa que se puede transformar en al menos dos habitaciones, o una suite matrimonial con un baño lleno de encanto e iluminado también por un tragaluz. Además, este nivel cuenta con un balcón amplio y encantador para disfrutar de las vistas. El tercer piso es el corazón funcional de la casa, ofreciendo tres amplios espacios para lavandería y una habitación iluminada por grandes ventanales, asegurando un ambiente siempre fresco y aireado. Finalmente, el cuarto piso te sorprenderá con una azotea amplia y hermosa, perfecta para reuniones con amigos o familiares. Aquí también se encuentra una habitación para el servicio con su propio baño, garantizando privacidad y comodidad. Esta casa de 15 años, con una superficie total de 41. 48 m², está ubicada en la Urb. La Ribera del Chillón 399, y ofrece servicios de agua corriente, desagüe y electricidad. Además, es apta para mascotas, brindando un hogar acogedor para todos los miembros de la familia. ¡No dejes pasar esta oportunidad única de vivir en un espacio lleno de luz y posibilidades!|https://urbania.pe/inmueble/clasificado/veclcain-venta-de-casa-en-puente-piedra-lima-4-dormitorios-149112409?n_src=Listado&n_pills=Seguridad&n_pg=2&n_pos=9|2026-03-18
urbania|casas|venta|Lima Norte|Puente Piedra|"Calle las Begonias
Puente Piedra, Lima"|S/ 408,000 · USD 120,000|408000|120000|||"154 m² tot.
6 dorm.
5 baños"|154|6|5||¡Gran Oportunidad de Inversión en Zapallal – Puente Piedra! *Contáctanos para más información o coordinar una visita personalizada con tu agente de confianza, Zhander cel. 9. 4. 3. 7. 4. 8. 3. 3. 1* Se vende amplia y estratégica propiedad ubicada en Zapallal, Puente Piedra, en la calle Las Begonias (Mz. 2, Lote 8), en una zona residencial de alto crecimiento y excelente conectividad. Ubicación privilegiada, entre las avenidas Loreto, Amazonas y a pocos metros de la Av. Vallehermoso, entre la Calle 1 y Calle 2. Fácil acceso a vías principales, transporte público, comercios y servicios. Características de la propiedad: Área de terreno: 154 m2. Casa de 2 pisos. Primer piso: construcción completa. Segundo piso: construido desde la mitad hacia la parte posterior. · 7 dormitorios. · 5 baños. · Sala amplia. · Comedor. · Cocina. · Área de lavandería. · Espacio independiente ideal para local comercial o negocio propio. Ideal para: Familias numerosas que buscan amplitud y comodidad. Inversionistas que deseen generar renta (habitaciones o mini departamentos) Desarrollo inmobiliario (potencial para construir departamentos) Negocio propio en zona residencial consolidada. La distribución y el metraje permiten múltiples posibilidades de ampliación y remodelación, convirtiéndola en una excelente oportunidad tanto para vivienda como para inversión. Invierte en una propiedad con gran proyección en una de las zonas con mayor crecimiento de Puente Piedra.|https://urbania.pe/inmueble/clasificado/veclcain-venta-de-casa-en-puente-piedra-lima-5-a-mas-dormitorios-149114096?n_src=Listado&n_pills=%C3%81rea+de+lavander%C3%ADa&n_pg=2&n_pos=10|2026-03-18
urbania|casas|venta|Lima Norte|Puente Piedra|"5VCR+6Q2, Av. Amazonas
Puente Piedra, Lima"|S/ 234,500 · USD 70,000|234500|70000|||"210 m² tot.
8 dorm.
2 baños"|210|8|2||Casa de 3 pisos en venta – Puente Piedra. Ubicada en Av. Amazonas, Zapallal. A 5 minutos de la Panamericana Norte. Distribución: Primer piso. Amplia sala-comedor. cocina cerrada. ambiente adicional que puede usarse como oficina, dormitorio, o local comercial. Patio o área de servicio para lavandería. Cochera independiente (o espacio para vehículo) con portón de acceso. Con jardín amplio en la parte posterior de la casa. Segundo piso. Hay 4 dormitorios y un baño. Tercer piso. También hay 4 dormitorios y un baño|https://urbania.pe/inmueble/clasificado/veclcain-venta-de-casa-en-puente-piedra-lima-5-a-mas-dormitorios-147927424?n_src=Listado&n_pills=Cerca+a+colegios&n_pg=2&n_pos=11|2026-03-18
urbania|casas|venta|Lima Norte|Puente Piedra|"Mz K Lt 1 Asoc. Zona Tacna Los Gramadales, Puente Piedra 15118, Perú
Puente Piedra, Lima"|S/ 257,250 · USD 73,500|257250|73500|||"280 m² tot.
2 dorm.
2 baños
1 estac."|280|2|2|1|¡Oportunidad Única de Inversión – Casa de 2 Pisos en Venta! Precio: usd 73, 500-Ubicada cerca al Mercado Humantanga, en una zona tranquila, segura y con excelente acceso, esta propiedad ofrece el equilibrio perfecto entre confort, rentabilidad y proyección inmobiliaria. Características destacadas: -Área total del terreno: 294 m²-Casa de 2 pisos con 204 m² construidos-Servicios completos: agua, luz y gas natural-Título de propiedad en regla, lista para transferirIdeal para inversionistas y familias visionarias: -Esta casa es perfecta para vivir cómodamente o alquilar y generar ingresos mensuales estables. -Una oportunidad excepcional para quienes buscan rentabilidad inmediata y plusvalía a futuro. Listo para escriturar y habitar. Contáctanos hoy mismo y asegura esta propiedad antes que otros inversionistas lo hagan. T. C. 3. 50Tipo de cambio referencial, sujeto a variación diaria por fluctuación del mercado|https://urbania.pe/inmueble/clasificado/veclcain-venta-de-casa-en-puente-piedra-lima-2-dormitorios-147894798?n_src=Listado&n_pg=2&n_pos=12|2026-03-18
urbania|casas|venta|Lima Norte|Puente Piedra|"Edificio de 5 Pisos + Azotea
Puente Piedra, Lima"|S/ 1,046,500 · USD 299,000|1046500|299000|||"120 m² tot.
14 dorm.
5 baños"|120|14|5||Venta de Edificio de 5 Pisos en Puente Piedra – 120 m²Se presenta una excelente oportunidad de inversión con esta amplia propiedad de 120 m² ubicada en el distrito de Puente Piedra, ideal tanto para uso residencial multifamiliar como para fines comerciales. El edificio cuenta con 5 pisos y una distribución versátil: Primer piso: Actualmente funciona como restaurante, con medidor de luz independiente. Del segundo al quinto piso: Disponen de un medidor de luz separado. El suministro de agua está garantizado en toda la propiedad. Distribución detallada por niveles: - Primer piso: Espacio amplio operando como restaurante. - Segundo piso: 3 habitaciones, 1 baño completo, cocina y sala de estar. - Tercer piso: Similar al segundo piso con 3 habitaciones, 1 baño completo, cocina y sala. - Cuarto piso: Compuesto por dos unidades; un monoambiente y un mini departamento con 3 habitaciones, cocina-sala y baño; una de las habitaciones incluye baño propio. - Quinto piso: 4 habitaciones, una con baño privado, las otras 3 comparten baño, y una habitación prefabricada. Adicionalmente, la propiedad ofrece una azotea espaciosa, perfecta para parrillas y reuniones, con una vista agradable. Construido entre 2013 y 2014, el terreno tiene aproximadamente 25 años de antigüedad. La propiedad posee un gran potencial para ser utilizada como vivienda, alquiler por pisos o desarrollo comercial. Servicios disponibles: desagüe y electricidad. Ubicada en una zona estratégica de Puente Piedra, esta propiedad es una inversión segura y con alto potencial de retorno.|https://urbania.pe/inmueble/clasificado/veclcain-venta-de-casa-en-puente-piedra-lima-5-a-mas-dormitorios-148934553?n_src=Listado&n_pills=%C3%81rea+de+lavander%C3%ADa&n_pg=2&n_pos=13|2026-03-18
urbania|casas|venta|Lima Norte|Puente Piedra|"Calle Jose Davila
Puente Piedra, Lima"|S/ 335,000 · USD 100,000|335000|100000|||"100 m² tot.
1 dorm.
1 baño"|100|1|||"Se vende casa en zapallal – av. Terraza | precio de ocasión. Excelente oportunidad de adquirir una casa totalmente acabada, con solo 4 años de construcción, ubicada en Avenida Terraza – Zapallal, en una zona estratégica y de fácil acceso. Área del terreno: 100 m² ️ Construcción: 2 pisos + azotea. Precio: usd 100, 000 (precio de ocasión) Distribución del inmueble: Primer piso: - Sala–comedor amplia y bien iluminada. - Cocina espaciosa. - 1 baño. - 2 dormitorios. - Depósito. - Departamento independiente, ideal para alquiler, totalmente acabado. Segundo piso: - 1 departamento. - 3 habitaciones. Azotea: - Área con potencial para ampliación o zona social. Información importante: - La venta es en acciones y derechos. - Pago únicamente al contado (cash) - No aplica financiamiento bancario. Ideal para vivienda y/o inversión, con posibilidad de generar ingresos por alquiler desde el primer día. Contáctame para mayor información y agenda tu visita. ¡Oportunidades así se venden rápido!"|https://urbania.pe/inmueble/clasificado/veclcain-venta-de-casa-en-puente-piedra-lima-1-dormitorio-148832471?n_src=Listado&n_pg=2&n_pos=14|2026-03-18
urbania|casas|venta|Lima Norte|Puente Piedra|"calle las encinas
Los Portales De Puente Piedra, Puente Piedra"|S/ 885,000 · USD 250,000|885000|250000|||"667 m² tot.
3 dorm.
2 baños
3 estac."|667|3|2|3|Gran oportunidad en Puente Piedra** **C. o. n. t. á. c. t. a. m. e: Orlando al cel. 9. 9. 2. 0. 5. 9. 9. 1. 1** Venta de terreno con casa, piscina y árboles frutales – Frente a parque. Ubicación privilegiada en Puente Piedra, urbanizacion Los Portales de Puente Piedra, frente a un parque, calle Las Encinas, con un colegio justo enfrente y a pocos pasos del mercado Tres Regiones. **Características del inmueble: ** • Área total del terreno: 666 m² (14 ml. Frente, 30 ml. Laterales y 30 ml. Fondo) • Casa construida: 100 m² en dos pisos. • Piscina privada, ideal para disfrutar en familia o como parte de un proyecto recreativo. • Terreno con árboles frutales variados y áreas verdes. • Frente amplio a parque, lo que brinda una excelente vista, ventilación e iluminación. • Entorno urbano mixto, ideal tanto para vivir como para desarrollar proyecto residencial, casa de campo urbana, centro recreativo o almacén. **Entorno y accesibilidad: ** • Frente a un parque y colegio, perfecto para familias con niños o instituciones educativas. • A pocos minutos del mercado zonal, ideal para el abastecimiento diario. • Buen acceso vehicular y peatonal, en zona tranquila y de crecimiento urbano constante. • Zona residencial consolidada con servicios básicos disponibles y documentación en regla. **Ideal para: ** • Casa familiar con amplio jardín y área de esparcimiento. • Proyecto inmobiliario (vivienda multifamiliar o condominios) • Centro recreativo, casa de reposo o local institucional. • Inversores que buscan amplios terrenos urbanos con potencial de valorización. Un terreno amplio, con casa y piscina, en una ubicación estratégica y con entorno privilegiado. **C. o. n. t. á. c. t. a. m. e: Orlando al cel. 9. 9. 2. 0. 5. 9. 9. 1. 1**|https://urbania.pe/inmueble/clasificado/veclcain-venta-de-casa-en-los-portales-de-puente-piedra-puente-piedra-3-dormitorios-147015719?n_src=Listado&n_pills=Piscina&n_pg=2&n_pos=15|2026-03-18
urbania|casas|venta|Lima Norte|Puente Piedra|"URB LA Ribera DEL Chillon
Puente Piedra, Lima"|S/ 351,540 · USD 105,000|351540|105000|||"95 m² tot.
4 dorm.
3 baños"|95|4|3||Descubre esta encantadora casa de cuatro pisos ubicada en la tranquila y prometedora zona de Puente Piedra, en Lima. Perfecta para quienes buscan comodidad y versatilidad, esta propiedad ofrece un sinfín de posibilidades. Al ingresar, serás recibido por un primer piso lleno de luz natural, gracias a su ingenioso tragaluz. Este nivel cuenta con un espacio adaptable ideal para un negocio, un baño completo, una sala acogedora y bien iluminada, y una cocina que invita a los chef de la casa a dejar volar su creatividad. Subiendo al segundo piso, encontrarás un área espaciosa que se puede transformar en al menos dos habitaciones, o una suite matrimonial con un baño lleno de encanto e iluminado también por un tragaluz. Además, este nivel cuenta con un balcón amplio y encantador para disfrutar de las vistas. El tercer piso es el corazón funcional de la casa, ofreciendo tres amplios espacios para lavandería y una habitación iluminada por grandes ventanales, asegurando un ambiente siempre fresco y aireado. Finalmente, el cuarto piso te sorprenderá con una azotea amplia y hermosa, perfecta para reuniones con amigos o familiares. Aquí también se encuentra una habitación para el servicio con su propio baño, garantizando privacidad y comodidad. Esta casa de 15 años, con una superficie total de 41. 48 m², está ubicada en la Urb. La Ribera del Chillón 399, y ofrece servicios de agua corriente, desagüe y electricidad. Además, es apta para mascotas, brindando un hogar acogedor para todos los miembros de la familia. ¡No dejes pasar esta oportunidad única de vivir en un espacio lleno de luz y posibilidades!|https://urbania.pe/inmueble/clasificado/veclcain-venta-de-casa-en-puente-piedra-lima-4-dormitorios-149112609?n_src=Listado&n_pills=%C3%81rea+de+lavander%C3%ADa&n_pg=2&n_pos=16|2026-03-18
urbania|casas|venta|Lima Norte|Puente Piedra|"Los sauces mz j lote 11
Puente Piedra, Lima"|S/ 705,600 · USD 210,000|705600|210000|||"300 m² tot.
6 dorm.
8 baños
3 estac."|300|6|8|3|Si te gusta vivir con tranquilidad, esta casa de tres pisos más azotea, cerca de parques y espacios deportivos es lo que estás buscando. Distribución Piso 1. • Sala y Comedor. • 3 habitaciones con baño completo. • 1 baño de visita. • Cocina por remodelar. Distribución Piso 2. • Segunda Sala y Comedor. • Espacio para cocina o lavandería. • 3 habitaciones, cada una con baño completo y un jacuzzi. Distribución Piso 3. • 2 ambientes amplios, cada uno con baño completo. Piso 4: Azotea con lavadero. Además, la casa tiene Gas Cálida, tanque de agua, puertas de madera en excelente estado (6 de caoba y 6 de cedro), escaleras internas (sin baranda) y externas. Estacionamiento para 3 autos en línea; con portón eléctrico y control remoto, para mayor comodidad y seguridad. Ubicación y alrededores: • Avenidas Principales cercanas: Panamericana Norte (altura Km 24), Los Pinos o Paucartambo, Malecón Chillón. Cerca del puente Chillón, antes del peaje de Puente Piedra. • Zonas de interés cercanas: Parques, lozas deportivas y canchón de Los Sauces, Mercado Acobamba, Mercado Modelo Chillón, Campo Fe. Cerca del Mall de Comas y a minutos del Real Plaza. • Paradero Shangrila del Metropolitano a 15 minutos a pie. Área Terreno 177. 50 m2. • 9 mts de frente. • 8 mts de fondo. • 20 mts de lado derecho e izquierdo. Área Construida: 300 m2|https://urbania.pe/inmueble/clasificado/veclcain-venta-de-casa-en-puente-piedra-lima-5-a-mas-dormitorios-147785718?n_src=Listado&n_pills=Cerca+a+colegios&n_pg=2&n_pos=17|2026-03-18
urbania|casas|venta|Lima Norte|Puente Piedra|"Laderas de Chillón
Puente Piedra, Lima"|S/ 273,000 · USD 78,000|273000|78000|||"108 m² tot.
3 dorm.
2 baños"|108|3|2||Área 108 mt2, antigüedad 19 años. Distribución: Sala Comedor, Local comercial, Cocina, Lavandería, 3 dormitorios, 2 baños. Cuenta con puerta a la calle delantera y posterior, con posibilidades de estacionamiento. Está inscrita en los rrpp, documentación en regla, cuenta con los servicios de agua y luz. Precio $78, 000 dólares negociable|https://urbania.pe/inmueble/clasificado/veclcain-venta-de-casa-en-puente-piedra-lima-3-dormitorios-147740343?n_src=Listado&n_pills=%C3%81rea+de+lavander%C3%ADa&n_pg=2&n_pos=18|2026-03-18
urbania|casas|venta|Lima Norte|Puente Piedra|"Puente Piedra 1511
Puente Piedra, Lima"|S/ 370,700 · USD 110,000|370700|110000|||"160 m² tot.
7 dorm.
4 baños"|160|7|4||Casa de 4 pisos en Puente Piedra — ¡espacio y oportunidad para alquiler de departamentos! Pisos: 4 + azotea Área terreno: 41. 48 m² Área construida: 160. 00 m² Habitaciones: 7 Baños: 4 Antigüedad: 16 añosDescripción breve: Espaciosa casa con múltiples niveles, perfecta para familia numerosa, para generar renta por pisos o adaptar a negocio/oficinas. Cuenta con 7 habitaciones y 4 baños distribuidos en 160 m² construidos, ofreciendo muchas posibilidades y optimización del espacio en un terreno de 41. 48 m². Por qué te puede interesar: - Excelente potencial de rentabilidad (alquiler por pisos o locales en planta baja). - Ideal para quienes buscan amplitud y flexibilidad en la distribución. - Ubicación identificable en Puente Piedra, a 8 min de pro. Contactme para programar una visita.|https://urbania.pe/inmueble/clasificado/veclcain-venta-de-casa-en-puente-piedra-lima-5-a-mas-dormitorios-148064991?n_src=Listado&n_pg=2&n_pos=19|2026-03-18
urbania|casas|venta|Lima Norte|Puente Piedra|"C. Los Copahiba
Puente Piedra, Lima"|S/ 837,500 · USD 250,000|837500|250000|||"402 m² tot.
6 dorm.
6 baños
1 estac."|402|6|6|1|¡Gran Oportunidad! Amplio Centro de Distribución con Taller industrial + Oficinas en Puente Piedra. ¿Buscas un espacio para tu empresa? Este inmueble de 402 m² es ideal para operar como: Centro de distribución. Taller industrial. Empresa de producción. Oficinas administrativas. E-commerce con almacén. Base operativa de transporte. Cuenta con: Patio. Varias áreas de trabajo. Zonas amplias. Ambientes versátiles. Perfecto para crecer y operar sin límites. Ubicado en zona estratégica de Puente Piedra. Contáctame para más información o agendar una visita.|https://urbania.pe/inmueble/clasificado/veclcain-venta-de-casa-en-puente-piedra-lima-5-a-mas-dormitorios-148339997?n_src=Listado&n_pills=Cerca+a+colegios&n_pg=2&n_pos=20|2026-03-18
urbania|casas|venta|Lima Norte|Puente Piedra|"Los Vendedores, Puente Piedra 15118
Puente Piedra, Lima"|S/ 286,240 · USD 85,000|286240|85000|||"145 m² tot.
3 dorm.
2 baños"|145|3|2||Casita de 2 pisos en puente piedra. de 145m2. **tu oportunidad de tener tu casa propia** comodidad Y amplio espacio para tu familia!! Caracteristicas: **1er piso**. - **sala amplia**. -**comedor ** ideal para la familia.. -**cocina indepediente** para mayor comodidad. *baño completo.. **2do piso** **dormitorio principal amplio Y comodo. ** **2 dormitorios secundarios** perfectos para niños O visitas. **zona de lavanderia con gran espacio E iluminada** para tu mayor comodidad. **patio amplio** para distribuir al aire O actividades familiares. **1 baño completo en el segundo nivel ** **con un agradable balcon** la propiedad esta ubicada en una zona comercial, con **parametros urbanisticos mayores A 3 pisos**, lo que te brinda una excelente oportunidad de inversion A largo plazo. **no dejes pasar esta oportunidad** --contactame para mas informacion-- --* aprovecha que bajamos precio* telf: 9. 6. 9. 7. 4. 3. 1. 2. 2. Silvana ramos / asesora inmobiliaria.|https://urbania.pe/inmueble/clasificado/veclcain-venta-de-casa-en-puente-piedra-lima-3-dormitorios-145416357?n_src=Listado&n_pills=%C3%81rea+de+lavander%C3%ADa&n_pg=2&n_pos=21|2026-03-18
urbania|casas|venta|Lima Norte|Puente Piedra|"3W99+J3Q, Puente Piedra
Puente Piedra, Lima"|S/ 301,165 · USD 89,900|301165|89900|||"93 m² tot.
6 dorm.
3 baños"|93|6|3||Casa en venta – casa en venta – con 3 departamentos – puente piedra (Límite con Los Olivos) S/. 301, 165. 00 - $ 89, 900. 00 Urbanización Ribera del Chillón – La Marina, distrito de Puente Piedra, límite directo con Urb. Pro – Los Olivos. Zona residencial segura, frente a gran parque de, con excelente conectividad: A solo: 4 min de Panamericana Norte (Mega mercado Unicachi) 3 min de Av. Canta Callao 8 min de Av. Universitaria 6 min del Real Plaza pro 6 min de universidades en Los Olivos 5 cuadras del paradero alimentador del Metropolitano 3 cuadras del mercado Los Portales Distribución del inmueble: Casa de 3 pisos, cada nivel habilitado como mini departamento independiente, ideal para familias grandes o renta mensual. Cada mini departamento incluye: Sala - Comedor 2 Dormitorios 1 Baño Cocina En la azotea: Zona de lavandería Tendedero Vista panorámica al parque Áreas y medidas: Área total: 41. 48 m² Área construida: 130 m² Frente: 5. 25 ml Fondo: 7. 90 ml Antigüedad: 6 años Agua disponible las 24 horas del día Título de propiedad inscrito y listo para la venta Agenda tu visita hoy mismo y descubre el potencial de esta propiedad. Ideal para vivienda multifamiliar o inversión en alquileres.|https://urbania.pe/inmueble/clasificado/veclcain-venta-de-casa-en-puente-piedra-lima-5-a-mas-dormitorios-147328688?n_src=Listado&n_pills=%C3%81rea+de+lavander%C3%ADa&n_pg=2&n_pos=22|2026-03-18
urbania|casas|venta|Lima Norte|Puente Piedra|"Puente Piedra
Gallinazo, Puente Piedra"|S/ 1,121,250 · USD 325,000|1121250|325000|||"1000 m² tot.
4 dorm.
2 baños"|1000|4|2||Se vende casa de campo cercado con todos los servicios - puente piedra. - inscrito en sunarp. - terreno plano. - luz trifasica. - cercado. - piscina. - parrilla. - arboles frutales, áreas verdes, jardines.|https://urbania.pe/inmueble/clasificado/veclcapa-venta-de-casa-en-gallinazo-puente-piedra-4-dormitorios-143974213?n_src=Listado&n_pills=Jard%C3%ADn&n_pg=2&n_pos=23|2026-03-18
urbania|casas|venta|Lima Norte|Puente Piedra|"por Mercado Huamantanga
Puente Piedra, Lima"|S/ 300,828 · USD 89,000|300828|89000|||120 m² tot.|120||||Casa de 1 piso con proyección a 5 niveles – ¡Gran oportunidad en Puente Piedra! ¡Atención familias e inversionistas! Se vende cómoda casa de 1 piso en zona residencial, con proyección para construir hasta 5 pisos, perfecta para ampliar, independizar departamentos o generar rentabilidad a futuro. Ubicación estratégica: A pocos minutos del Óvalo de Puente Piedra y el Mercado Huamantanga (el más grande del distrito). Cerca a Plaza Vea, Promart, Palacio de la Juventud y principales bancos. A solo 6 minutos de la Municipalidad y la comisaría. Con rápido acceso a transporte público y avenidas principales. Características destacadas: Área de terreno: 120 m²Construcción de 1 piso en buen estadoPotencial de edificación hasta 5 nivelesTodos los servicios básicos: agua, luz, desagüe y gas naturalPistas y veredas habilitadasDocumentación en regla, lista para transferirIdeal para vivienda familiar amplia o proyecto de inversión con departamentos. Zona en crecimiento, con alta demanda comercial y residencial. Contáctanos hoy mismo para coordinar una visita y asegurar esta oportunidad única en Puente Piedra.|https://urbania.pe/inmueble/clasificado/veclcain-venta-de-casa-en-puente-piedra-lima-148241827?n_src=Listado&n_pg=2&n_pos=24|2026-03-18
urbania|casas|venta|Lima Norte|Puente Piedra|"Tacna 410, Puente Piedra 15118, Perú
Puente Piedra, Lima"|S/ 420,000 · USD 125,000|420000|125000|||"400 m² tot.
11 dorm.
5 baños"|400|11|5||Venta de casa de 4 pisos – av. Tacna, puente piedra. Ubicación estratégica en avenida principal — ideal para negocio o inversión. Características principales: 4 pisos construidos. 4 departamentos independientes. Cada departamento con ambientes bien distribuidos. En Avenida Tacna, zona altamente comercial. Alta afluencia peatonal y vehicular. Perfecto para alquiler, comercio o vivienda familiar múltiple. Ideal para inversionistas o negocios que buscan excelente ubicación. Contáctanos para más información o visitas.|https://urbania.pe/inmueble/clasificado/veclcain-venta-de-casa-en-puente-piedra-lima-5-a-mas-dormitorios-148453919?n_src=Listado&n_pills=Cerca+a+colegios&n_pg=2&n_pos=25|2026-03-18
urbania|casas|venta|Lima Norte|Puente Piedra|"Copacabana
El Sol De Copacabana, Puente Piedra"|S/ 320,000 · USD 96,000|320000|96000|||"120 m² tot.
4 dorm.
2 baños"|120|4|2||Casa de 120 m2 A. T. Y 190m2 de A. C. En venta de 2 pisos con pequeña tienda y estacionamiento en urb. Copacabana en Puente Piedra 120m2 a 5 minutos del Mercado Huamantanga, ovalo Puente Piedra, altura av. Las Viñas y pasaje Las Casuarinas. Referencia Bajar Paradero Norteño. La casa esta dividida en 2 Departamentos 1 er piso y 2do piso. 1er piso: Estacionamiento Tienda Sala, comedor Cocina 2 Dormitorios Lavanderia 1 baño escalera independiente hacia 2do piso. 2do. Piso: Area de Tendal 1 Habitación Sala comedor Cocina con mesa de granito Balcon con vista a la calle. 2 cuartos (ambientes) precio negociable (solo para venta al contado) medidas. Área Terreno. 120. 00 m2. Área Construida. 190. 00 m²|https://urbania.pe/inmueble/clasificado/veclcain-venta-de-casa-en-el-sol-de-copacabana-puente-piedra-4-dormitorios-148854278?n_src=Listado&n_pills=Cerca+a+colegios&n_pg=2&n_pos=26|2026-03-18
urbania|casas|venta|Lima Norte|Puente Piedra|"Huancayo 160
Puente Piedra, Lima"|S/ 502,500 · USD 150,000|502500|150000|||"612 m² tot.
15 dorm.
14 baños"|612|15|14||¡se vende casa de 4 pisos – santa rosa, puente piedra! (a una cuadra del nuevo hospital de maternidad. Excelente ubicación, zona tranquila y de fácil acceso. Ideal para familia grande o inversionistas que buscan alta rentabilidad con minidepartamentos. 1er piso. * Sala comedor amplia. * Cocina independiente. * Cochera. * 3 habitaciones. * 4 baños. * Sala de estar. 2do piso. * 2 minidepartamentos. * 5 habitaciones **con baño propio** * Lavandería. 3er piso. * 2 minidepartamentos. * 2 cuartos con baño independiente. * Sala común. * Lavandería. 4to piso. * Terraza amplia. * Bar. * Cocina. * Baño|https://urbania.pe/inmueble/clasificado/veclcain-venta-de-casa-en-puente-piedra-lima-5-a-mas-dormitorios-148249076?n_src=Listado&n_pills=Cerca+a+colegios&n_pg=2&n_pos=27|2026-03-18
urbania|casas|venta|Lima Norte|Puente Piedra|"Las Palmeras de Copacabana
Puente Piedra, Lima"|S/ 327,360 · USD 88,000|327360|88000|||"180 m² tot.
4 dorm.
3 baños
1 estac."|180|4|3|1|Casa de 2 Pisos en Venta, Cerca Al Mercado Huamantanga. Los Palmos de Copacabana, Los Huertos De Copacabana, Puente Piedra. Precio: $ 88, 000. 00 negociable. •Área de Terreno: 120 m² •Área Construída: 180 m² • 2 Baños. • 1 Estacionamiento. • 4 Dormitorios. • A estrenar. Casa de 2 pisos con muy buena distribución, ubicado a 4 cuadras de la Panamericana Norte Km. 22-23 en la Asociación del Programa de Vivienda Las Palmeras de Copacabana de Puente Piedra (Ref. Paradero el Norteño), a pocas cuadras del Mercado principal Huamantanga. Zona tranquila, muy accesible y con bastante facilidad de transporte público. La casa tiene 2 niveles de construcción, con cimientos hasta 4 pisos que es la altura permitida en la zona, actualmente tiene solo las paredes tarrajeadas y está preparado para colocar acabados de acuerdo al gusto de quien lo compre. Tiene medidor de luz, caja de agua y desagüe. Excelente clima todo el año. Consta de sala-comedor, sala de estar, 1 baño, cocina, lavandería, patio posterior y 1 cochera cerrada en el primer piso. En segundo piso: Sala de estar, escritorio, 4 dormitorios amplios, el principal tiene vista exterior, baño privado y amplio espacio para closet, los otros tres dormitorios también tienen espacio para closet, uno de ellos tiene vista a calle y los otros dos tienen vista posterior; y 1 baño para compartir. - Inmueble registrado en la Municipalidad de Puente Piedra con pagos de Predial y Arbitrios al día. - Venta solo al contado. Contacto: María Lourdes Aranda: 9 4 1 4 7 6 2 0 4|https://urbania.pe/inmueble/clasificado/veclcain-venta-de-casa-en-puente-piedra-lima-4-dormitorios-66992672?n_src=Listado&n_pills=%C3%81rea+de+lavander%C3%ADa&n_pg=2&n_pos=28|2026-03-18
urbania|casas|venta|Lima Norte|San Martin de Porres|"Jr. Islay, San Martín de Porres
San Martín de Porres, Lima"|S/ 770,500 · USD 230,000|770500|230000|||"402 m² tot.
9 dorm.
7 baños
1 estac."|402|9|7|1|Contacto: isabel manrique - celular: *9**8**3**6**4**9**7**2**3* ¿Buscas una propiedad que genere múltiples ingresos o albergue a toda tu familia en espacios independientes? Esta casa multifamiliar es perfecta para ti. Con una estructura sólida de 3 pisos y múltiples unidades independientes, maximiza el uso del terreno de 140 m², ideal para quienes desean vivir y rentar a la vez o tener una propiedad para inversión inmediata. Características principales: • Área de terreno: 140 m² • Área construida: 402. 84 m² • Ubicación privilegiada: rodeada literalmente de 3 hermosos parques y de colegios públicos y privados. • Fácil acceso a transporte público para todo Lima. • A pocos minutos de MegaPlaza, Plaza Norte y el Aeropuerto. Distribución: • primer piso: Amplio departamento ideal para vivir cómodamente con tu familia, sentirás como si estuvieras en una casa. - Sala comedor con una ventana amplia. - Cocina estilo americano con todo lo necesario para preparar unas deliciosas comidas mientras compartes con la familia, con Gas Calidda. - Una cochera lista para colocarle el portón - Una terraza que brinda mayor iluminación y ventilación al área social - 3 habitaciones muy amplias, iluminadas y ventiladas. - 2 baños completos, uno puede ser usado por las visitas y el otro sólo para la familia. - Un patio al final donde se encuentra ubicada la lavandería. • segundo piso: Cuenta con un departamento y un minidepartamento, ambos de estreno, con gas de Calidda. - Departamento 1: sala comedor, cocina de concepto abierto, dos dormitorios y un baño. - Departamento 2: sala comedor, cocina de concepto abierto, un dormitorio y un baño. •tercer piso: Cuenta también con un departamento y un mini departamento, ambos de estreno, con gas de Calidda. - Departamento 1: sala comedor, cocina de concepto abierto, dos dormitorios y un baño. - Departamento 2: sala comedor, cocina de concepto abierto, un dormitorio y un baño. • cuarto piso: Se ubica la azotea con lavandería y un baño, en donde a futuro se puede construir un piso más. Cuatro bonitos departamentos independientes, listos para alquilar y generar una renta mensual segura. Precio de venta: us$ 230, 000El precio de venta es en dólares, el de soles es sólo referencial y podría estar desfasado por la variación del tipo de cambio. Perfecta combinación entre vivienda familiar y oportunidad de inversión que puede ayudarte a pagar tu hipoteca con los ingresos de alquiler, aún no cuentas con un crédito, pues te ayudamos a conseguir uno. Ubicación estratégica + seguridad + rentabilidad = ¡La mejor decisión para ti y tu familia! Cualquier duda y/o para programar una visita no dudes en llamar a tu Agente Inmobiliario de confianza al **983**649**723**.|https://urbania.pe/inmueble/clasificado/veclcain-venta-de-casa-en-san-martin-de-porres-lima-5-a-mas-dormitorios-148469575?n_src=Listado&n_pills=%C3%81rea+de+lavander%C3%ADa&n_pg=1&n_pos=1|2026-03-18
urbania|casas|venta|Lima Norte|San Martin de Porres|"Adan Mejia 253
Condevilla Señor, San Martín de Porres"|S/ 280,000 · USD 85,000|280000|85000|||"200 m² tot.
4 dorm.
2 baños"|200|4|2||Precio de ocasión por venta al contado. Casa de 200 m² construidos sobre 81. 20 m² de terreno (7 x 11. 6 m), pintada interna y externamente, lista para mudarse o ideal para inversión (vivienda multifamiliar o alquiler por niveles). Todos los papeles en regla Y actualizados. Antigüedad aprox. 30 años. Area de Terreno: 81. 20 m2. Distribución: - piso: retiro, sala, comedor, cocina, rmitorios, baño completo, depósito y escalera. - 2. do piso: sala, comedor, 2 dormitorios, baño completo y escalera a azotea. - Azotea: dormitorio, cocina, baño y amplia terraza. Ubicación estratégica, a metros de Av. José Granda y cerca de Av. Universitaria. A 15 min de Plaza Lima Norte y a 13 min del nuevo Aeropuerto Jorge Chávez. Documentos en regla, sin cargas ni gravámenes. Por precio, metraje y potencial, esta propiedad no dura. Agenda tu visita.|https://urbania.pe/inmueble/clasificado/veclcain-venta-de-casa-en-condevilla-senor-san-martin-de-porres-4-dormitorios-148649385?n_src=Listado&n_pills=%C3%81rea+de+lavander%C3%ADa&n_pg=1&n_pos=2|2026-03-18
urbania|casas|venta|Lima Norte|San Martin de Porres|"Calle Los Lirios Asociación Los Lirios
San Martín de Porres, Lima"|S/ 748,000 · USD 220,000|748000|220000|||"122 m² tot.
5 dorm.
4 baños"|122|5|4||A media cuadra de Av. Canta Callao – San Martín de Porres. Vive la experiencia de una casa pensada para disfrutar en familia y crear momentos inolvidables. Esta amplia casa de 3 pisos más azotea combina comodidad, diseño moderno y espacios ideales para compartir, ubicada en una zona tranquila y estratégicamente conectada. Cuenta con sala comedor amplia y bien iluminada, cocina cerrada, jardín y área libre que aportan contacto con la naturaleza. Su terraza privada con área de parrilla es perfecta para reuniones familiares y celebraciones especiales. Dispone de 5 dormitorios, biblioteca o estudio, sala de estar, 4 baños completos y 1 medio baño, 2 lavanderías, cochera y una azotea con gran potencial. Muy buenos acabados y estilo moderno, lista para mudarse. Excelente ubicación: a pasos de Av. Canta Callao, cerca al aeropuerto y al alimentador del Metropolitano.|https://urbania.pe/inmueble/clasificado/veclcain-venta-de-casa-en-san-martin-de-porres-lima-5-a-mas-dormitorios-149182087?n_src=Listado&n_pills=Jard%C3%ADn&n_pg=1&n_pos=3|2026-03-18
urbania|casas|venta|Lima Norte|San Martin de Porres|"Av. Zarumilla 673
San Martín de Porres, Lima"|"S/ 238,700 · USD 70,000
19%"|238700|70000|19%||"50 m² tot.
1 dorm.
1 baño"|50|1|||Oportunidad en San Martín de Porres — Casa en Av. ZarumillaResumenUbicación: Av. Zarumilla, San Martín de Porres (Lima) Pisos: 1Área terreno: 50. 00 m²Área construida: 50. 00 m²Habitaciones: 1Baños: 1Estacionamientos: 0Antigüedad: 50 años Por qué te interesa- Casa con excelente potencial para remodelar o invertir: ideal para modernizar y aumentar su valor. - Distribución funcional con 4 habitaciones que permite adaptarla a vivienda familiar o renta por habitaciones. - Ubicación práctica sobre Av. Zarumilla, zona con acceso a transporte y comercios, facilitando la vida diaria y la rentabilidad si decides alquilar. Posibilidades- Remodelación integral para crear espacios más modernos y eficientes. - Posible redistribución para generar sala-comedor abiertos, kitchenette o baño adicional (sujeto a permisos). - Ideal para inversionistas que buscan ingreso por alquiler o proyecto de renovación. NotaPropiedad de 1 piso y 50 años de antigüedad: trae carácter y requiere actualización. Perfecta para quien busca una inversión con pronta valorización. ¿Quieres agendar una visita o recibir más detalles? Estoy listo para coordinar la evaluación y mostrar el potencial de esta casa. R. U. C Ver datos|https://urbania.pe/inmueble/clasificado/veclcain-venta-de-casa-en-san-martin-de-porres-lima-1-dormitorio-149119349?n_src=Listado&n_pg=1&n_pos=4|2026-03-18
urbania|casas|venta|Lima Norte|San Martin de Porres|"San Diego
San Diego, San Martín de Porres"|S/ 525,000 · USD 150,000|525000|150000|||"120 m² tot.
4 dorm.
2 baños
2 estac."|120|4|2|2|Casa en venta — San Diego, San Martín de Porres (Lima) Ubicación: San Diego, San Martín de PorresÁrea de terreno: 120. 00 m²Área construida: 174. 00 m²Pisos: 2Habitaciones: 4Baños: 2 y 1/2. Amplia sala-comedor. Cocina moderna. Patio y lavandería. Sala de estarEstacionamientos: 2 Antigüedad: 8 añosDescripción: Espaciosa casa urbana de 2 pisos con excelente distribución, ideal para familia que busca confort y funcionalidad. Ambientes luminosos y bien aprovechados: varias habitaciones amplias, zonas sociales cómodas y posibilidad de adaptar espacios según tus necesidades (oficina, playroom o terraza). Cochera para 2 vehículos y diseño que facilita la ventilación e iluminación natural. Lo mejor: - Construcción sólida con sólo 8 años de antigüedad. - Gran área construida respecto al terreno: uso eficiente del espacio. - Perfecta para vivir o para proyecto de modernización y valorización. - Acabados de primera, manparas de aluminio serie europea, cocina amoblada. ¿Te interesa visitar la propiedad? Agenda tu visita y conoce todo su potencial. T. C. 3. 50Tipo de cambio referencial, sujeto a variación diaria por fluctuación del mercado|https://urbania.pe/inmueble/clasificado/veclcain-venta-de-casa-en-san-diego-san-martin-de-porres-4-dormitorios-148292150?n_src=Listado&n_pills=%C3%81rea+de+lavander%C3%ADa&n_pg=1&n_pos=5|2026-03-18
urbania|casas|venta|Lima Norte|San Martin de Porres|"Los cedros de naranjal MZ E LT.03
San Martín de Porres, Lima"|S/ 502,180 · USD 150,000|502180|150000|||"125 m² tot.
10 dorm.
4 baños
1 estac."|125|10|4|1|Vendo casa de 2 pisos, bien ubicada, cerca de avenidas como Av. Pacasmayo y Av. Los Alisos, cerca de parques, direccion: Los cedros de naranjal mz E lt. 03 -prog. Viv. Cedros de Naranjal Residencial. Características: casa cuenta con gas natural. Área de terreno: 125, 44. M² Área construida primer nivel: 107. 44 m² Area construida segundo nivel 109. 42m² Atiguedad 17 años. material noble (Ladrillo) Parametros 5 pisos. primer piso: Patio interior, 1 baño completo, 1medio baño, area de lavanderia, 6 dormitorios, 1 estacionamiento, tanque de agua. Segundo piso: departamento independiente, (sala comedor, cocina con reposteros altos y bajos 1 baño completo 4 dormitorios con closet, patio lavanderia) tercer nivel, azotea: lavadero, 1 mini departamento con 1 baño completo su sala comedor y cocina. Documentos en regla|https://urbania.pe/inmueble/clasificado/veclcain-venta-de-casa-en-san-martin-de-porres-lima-5-a-mas-dormitorios-148633869?n_src=Listado&n_pills=%C3%81rea+de+lavander%C3%ADa&n_pg=1&n_pos=6|2026-03-18
urbania|casas|venta|Lima Norte|San Martin de Porres|"Orquídeas Mz.e - Lt.3, San Martín de Porres 15112, Perú
San Martín de Porres, Lima"|S/ 569,500 · USD 170,000|569500|170000|||"160 m² tot.
3 dorm.
2 baños"|160|3|2||Distribución cómoda y funcional Casa de 1 piso – ideal para quienes buscan practicidad y seguridad3 dormitorios amplios con buena iluminación natural Sala – comedor espaciosa, perfecta para reuniones familiares 2 baños grandes completos 1 baño adicional de visita Área de lavandería independiente Gas natural instalado Medidor independiente de agua Medidor independiente de luzR. U. C Ver datos|https://urbania.pe/inmueble/clasificado/veclcain-venta-de-casa-en-san-martin-de-porres-lima-3-dormitorios-149107874?n_src=Listado&n_pills=%C3%81rea+de+lavander%C3%ADa&n_pg=1&n_pos=7|2026-03-18
urbania|casas|venta|Lima Norte|San Martin de Porres|"Pasaje LOS Helechos
San Martín de Porres, Lima"|S/ 450,000 · USD 120,000|450000|120000|||"120 m² tot.
3 dorm.
1 baño"|120|3|||"Venta de terreno en zona estratégica de san martín de porressan Martín de Porres | Urb. Santa Rosa de los OlivosInvierte en una de las zonas con mayor conectividad y crecimiento de Lima Norte. Este terreno es ideal para vivienda o proyecto familiar, ubicado en un entorno urbano consolidado y con todo al alcance. ubicación privilegiadaen Urb. Santa Rosa de los Olivos – San Martín de PorresRodeado de parques, colegios, restaurantes, bancos y grifosA minutos de: Tottus Canta CallaoTottus Av. Tomás ValleArauco Outlet FaucettPlaza Center San Martín de PorresPlaza NorteCerca de: Hospital ii Lima Norte Luis Negreiros VegaAeropuerto Internacional Jorge ChávezTerminal Plaza NorteRápido acceso a principales avenidas: Av. Fernando Wiesse, Av. Central, Av. Pachacútec y Av. Sinchi Rocacaracterísticas del terrenoárea total: 120 m²Frente: 6. 00 mlFondo: 6. 00 mlLados: 20. 00 mlCuenta con Gas CáliddaTerreno con excelente proporción y distribución ideal para construir la casa que siempre soñaste. precio Y condicionesinscrito en rrppdocumentación en reglaListo para transferirUbicación estratégica + Documentación saneada = Inversión segura¡No dejes pasar esta oportunidad! Agenda tu visita hoy y conoce tu futuro terreno. R. U. C Ver datos"|https://urbania.pe/inmueble/clasificado/veclcain-venta-de-casa-en-san-martin-de-porres-lima-3-dormitorios-145660553?n_src=Listado&n_pg=1&n_pos=8|2026-03-18
urbania|casas|venta|Lima Norte|San Martin de Porres|"Las Poncianas II Etapa al 0
San Martín de Porres, Lima"|Consultar precio|||||"220 m² tot.
4 dorm.
3 baños
1 estac."|220|4|3|1|Encantadora Casa de 2 pisos con potencial de crecimiento en zona estratégica. Esta casa de dos pisos, construida con material noble y con la posibilidad de expansión hasta cuatro pisos, se encuentra ubicada en una posición estratégica cerca de la Av. Canta Callao y la Av. Los Alisos. Esta ubicación ofrece acceso rápido a líneas de transporte público y conexión a av principales como av Universitaria, Panamericana Norte, Av Fauccet Callao. A 15 mn del Aeropuerto Internacional Jorge ChávezDocumentación en regla y único propietario, garantizando una transacción segura y sin contratiempos. Distribución funcional y cómoda: Primer Piso: Espaciosa zona para sala y comedor. Cocina cerrada, perfecta para los amantes de la cocina. Amplio patio con lavandería. Espacioso recibidor. Habitación principal. Patio del tragaluz con mampara, ideal para usos múltiples. Cochera tipo loft, adaptable según tus necesidades. Baño principal y escalera al segundo piso. Segundo Piso: Construido en casco gris, sin techar para personalizar a tu gusto. Habitación principal con baño. Tres habitaciones secundarias. Un baño compartido. Amplia sala de estar. En resumen, esta casa ofrece una combinación perfecta de ubicación, calidad de construcción, potencial de expansión y excelente valor de inversión. ¡No pierdas esta oportunidad única de adquirir tu hogar ideal! Contáctanos para más información R. U. C Ver datos|https://urbania.pe/inmueble/clasificado/veclcain-venta-de-casa-en-san-martin-de-porres-lima-4-dormitorios-147040901?n_src=Listado&n_pills=%C3%81rea+de+lavander%C3%ADa&n_pg=1&n_pos=9|2026-03-18
urbania|casas|venta|Lima Norte|San Martin de Porres|"Manuel Pineda 336
San Martín de Porres, Lima"|S/ 396,000 · USD 115,000|396000|115000|||"120 m² tot.
6 dorm.
3 baños"|120|6|3||Oportunidad de Inversión – Casa Como Terreno en Venta en San Martín de Porres. Se pone en venta una amplia casa ubicada en el distrito de San Martín de Porres, en una excelente zona cerca de la prestigiosa Universidad Nacional de Ingeniería. Una propiedad ideal tanto para vivienda familiar como para inversión, gracias a su estratégica ubicación y distribución. La casa cuenta con un área de terreno de 113 m² y una construcción de dos niveles más azotea, con gran potencial para ampliar o generar renta. Distribución de la propiedad: Primer Piso (107. 30 m²): Amplia sala – comedor con buena iluminación. Cocina independiente. 2 habitaciones. 1 baño completo. area de Lavandería y tendal. 2 ingresos independientes. Escaleras internas dobles, lo que facilita la independencia entre pisos. Segundo Piso (102. 14 m²): 4 habitaciones amplias. 2 baños completos. balcón. Espacios cómodos con excelente ventilación. Tercer Piso: Azotea / terraza, con gran potencial para construir un tercer nivel, área social o departamentos adicionales. Ubicación estratégica: Cerca de la estación del Metropolitano uni, cerca de universidades, avenidas principales, de fácil acceso al centro de lima, comercios y transporte público, lo que la convierte en una excelente oportunidad para alquiler a estudiantes o familias. Ideal para inversionistas o familias que buscan ampliar o generar ingresos con la propiedad.|https://urbania.pe/inmueble/clasificado/veclcain-venta-de-casa-en-san-martin-de-porres-lima-5-a-mas-dormitorios-149278471?n_src=Listado&n_pills=%C3%81rea+de+lavander%C3%ADa&n_pg=1&n_pos=10|2026-03-18
urbania|casas|venta|Lima Norte|San Martin de Porres|"Carlos Basadre
San Martín de Porres, Lima"|S/ 672,000 · USD 200,000|672000|200000|||"160 m² tot.
9 dorm.
4 baños"|160|9|4||Bien Ubicada en Urb. Ingeniería, distrito de San Martín de Porres, esta propiedad se encuentra en un entorno estratégico, a corta distancia de la Universidad Nacional de Ingeniería, a pocos minutos del Hospital Cayetano Heredia y con rápido acceso a importantes vías como la Av. Eduardo de Habich y Av. Túpac Amaru. La zona ofrece excelente conectividad gracias a la cercanía con la Estación uni del Metropolitano, facilitando el transporte público y privado. En su entorno inmediato se observa actividad comercial consolidada, con presencia de restaurantes, bodegas, talleres y diversos servicios. Además, se encuentra aproximadamente a 10 minutos del Plaza Lima Norte y con fácil acceso al Mega Plaza Independencia, dos de los principales centros comerciales del sector norte de Lima, que concentran supermercados, tiendas por departamento, bancos, patios de comida y entretenimiento. La propiedad corresponde a una casa de aproximadamente 50 años de antigüedad, construida sobre un área total de 160 m², distribuida en tres niveles más azotea. Cuenta con espacio de estacionamiento para un vehículo y un total de nueve habitaciones, lo que la convierte en una alternativa ideal tanto para vivienda multifamiliar como para uso comercial o inversión. En el primer nivel se aprecia una sala comedor-amplia e iluminada, baño completo y tres habitaciones. La cocina colinda con un patio posterior, brindando ventilación natural. Bajo la escalera se dispone de un baño adicional. El segundo nivel funciona como un departamento independiente, con ingreso propio hacia un pasadizo que conduce a la sala comedor. Dispone de cocina, tres habitaciones, un baño completo y balcón con vista externa, lo que aporta buena iluminación y ventilación. El tercer nivel cuenta con dos habitaciones adicionales y un patio amplio con vista exterior, ideal como área social, lavandería o futura ampliación. Se trata de una propiedad con terreno y construcción de buen metraje, ubicada en una zona comercialmente oportuna, cercana a servicios esenciales, centros educativos, transporte masivo y centros comerciales, lo que incrementa su potencial de valorización.|https://urbania.pe/inmueble/clasificado/veclcain-venta-de-casa-en-san-martin-de-porres-lima-5-a-mas-dormitorios-148970863?n_src=Listado&n_pills=Cerca+a+colegios&n_pg=1&n_pos=11|2026-03-18
urbania|casas|venta|Lima Norte|San Martin de Porres|"Mz T Lt 20 Urb. El Rosario Del Norte
El Rosario, San Martín de Porres"|"S/ 825,267 · USD 239,000
9%"|825267|239000|9%||"160 m² tot.
6 dorm.
5 baños
4 estac."|160|6|5|4|Se vende casa de dos pisos con gran proyección de inversión, ubicada en una zona residencial tranquila y segura, con rejas de ingreso y salida controladas. La propiedad se encuentra cerca de dos amplios parques, colegios privados y principales vías de acceso, ideal para vivir o invertir. Construida en 2016 y ampliada totalmente en 2025, combina amplitud, versatilidad y proyección de crecimiento, ofreciendo ambientes luminosos y funcionales. Distribución: Primer piso: • Construcción con techos altos. • 2 habitaciones (una con baño privado) • Baño de visitas. • Área de lavandería. • Espacio versátil que puede usarse como cochera, local comercial, almacén, taller, oficinas. Segundo piso (obra nueva 2025): • 4 habitaciones amplias. • Habitación principal con baño privado y vista a la calle. • Segunda habitación con baño propio. • 2 habitaciones secundarias que comparten baño. • Baño de visitas adicional. • Cocina, sala-comedor y área de lavandería. • Construcción en casco techado. Entorno y beneficios: • Urbanización cerrada con portón de acceso y salida. • Entorno familiar, seguro y de baja densidad. • A pasos de parques y colegios particulares. • Fácil acceso a Av. Universitaria, Av. Los Alisos y Av. Perú • Zona con alta proyección de valorización. Ideal para: • Familias que buscan una casa amplia, moderna y segura. • Inversionistas que deseen alquilar por niveles o desarrollar más pisos. ¡Contáctanos para agendar una visita y conocer tu próxima propiedad en San Martín de Porres! El valor publicado en soles es referencial|https://urbania.pe/inmueble/clasificado/veclcain-venta-de-casa-en-el-rosario-san-martin-de-porres-5-a-mas-dormitorios-147915867?n_src=Listado&n_pills=%C3%81rea+de+lavander%C3%ADa&n_pg=1&n_pos=12|2026-03-18
urbania|casas|venta|Lima Norte|San Martin de Porres|"Miguel Grau
San Martín de Porres, Lima"|S/ 1,088,510 · USD 322,000|1088510|322000|||"253 m² tot.
10 dorm.
7 baños"|253|10|7||Ocasión!! Casa comercial en venta conta de 2 Pisos en Avenida Miguel Grau, en San Martin de Porres. Área del terreno: 252. 70m2. Área Construida 374m2. A pocas cuadras de la Av. Caquetá, cerca a la zona comercial de alimentos, abarrotes, artículos para zapatería curtos y más. Pistas y veredas recientemente remodeladas. Razones por la que debes adquirir este inmueble: No solo adquieres la casa, también adquieres 2 locales comerciales y los aires donde podrás ampliar y construir hasta 5 pisos. En el primer piso cuenta con 2 locales comerciales con vista exterior el primero de 75m2 el cual esta físicamente dividido en consultorios médicos. Segundo local comercial de un solo ambiente cuenta con un área de 35 m2. primer piso interior cuenta con tres minidepartamentos independientes (Sala comedor, cocina abierta 1 baño y 1 dormitorio) de diferentes áreas cada uno. Escalera al segundo piso: donde encontraras 3 minidepartamentos Sala comedor, cocina abierta 1 baño y 1 dormitorio). Aires sobre los departamentos del primer piso donde podrás ampliar la edificación si así lo requiere. En total tienes 6 minidepartamentos como inversión inmediata. Más 2 locales comerciales, para usos diversos. Alto transito peatonal y vehicular. Usos puede ser para vivienda si tienes una familia numerosa y por estar en una avenida en remodelación miguel grau te servirá para diferentes usos Galería, o Centro dental, consultorios médicos, farmacias, academias, entre otros. Tiene una estratégica ubicación ya que se encuentra a unas cuadras de la avenida Caquetá, mercado pocitos, parque del trabajo, tienes cerca centros de educación como José Sabogal entre otros, centros de salud, supermercados en los alrededores, la rentabilidad está garantizada, ya que no solo se percibe ingresos por la renta de los departamentos, también se puede alquilar los locales que tiene en el primer nivel. Precio basado en una tasación acorde al mercado y todavía es negociable. No pierdas la oportunidad de adquirir este inmueble. - ambientes independientes: 8. - baños: 6. - ½ baños: 2. - areas de cocina: 6. - locales comerciales 2. visitas faciles con 48 horas de anticipacion. la mejor opcion en la zona A un super precio. Documentacion en regla. contactanos para brindarte informacion adicional|https://urbania.pe/inmueble/clasificado/veclcain-venta-de-casa-en-san-martin-de-porres-lima-5-a-mas-dormitorios-147915629?n_src=Listado&n_pg=1&n_pos=13|2026-03-18
urbania|casas|venta|Lima Norte|San Martin de Porres|"AV. ALCIDES VIGO
Coopip, San Martín de Porres"|S/ 684,000 · USD 180,000|684000|180000|||"320 m² tot.
4 dorm.
3 baños
4 estac."|320|4|3|4|Agente domus: Adrian 9. 6. 5. 3. 9. 3. 4. 4. 8. Se venden dos inmuebles contiguos, uno ubicado en plena avenida y el otro junto a este a 2 cuadras del parque Coopip, lo que ofrece una excelente oportunidad para uso residencial, comercial o de inversión, con alto tránsito. Documentación en regla, listo para transferencia inmediata. Amplia sala comedor. 4 dormitorios. Sala de estar. Cocina. 3 baños. Patio. Cochera. Precio: $420, 000 (dólares americanos)|https://urbania.pe/inmueble/clasificado/veclcain-venta-de-casa-en-coopip-san-martin-de-porres-4-dormitorios-147848670?n_src=Listado&n_pills=Parrilla&n_pg=1&n_pos=14|2026-03-18
urbania|casas|venta|Lima Norte|San Martin de Porres|"Jirón Ica
San Martín de Porres, Lima"|S/ 804,000 · USD 240,000|804000|240000|||"184 m² tot.
5 dorm.
3 baños"|184|5|3||Casa de dos pisos en venta en smp. Paralela a la av Perú Bajó de precio! 240 mil dólares. Si buscas invertir, es tu oportunidad! La casa es de 2 pisos, área de terreno 184 m2. área construida 232 m2. 1er piso. sala. comedor. cocina cerrada. 3 dormitorios. 1 baño completo. 1 baño de visita. lavandería. cochera cerrada. patio. 2do piso departamento con entrada independiente, de estreno. dos dormitorios. cocina cerrada. sala comedor. lavandería. baño completo. lavandería. Área posterior lista para terminar de construir y techas un segundo mini departamento. Documentación al día. No cargas. No hipotecas. Precio 240 mil dólares|https://urbania.pe/inmueble/clasificado/veclcain-venta-de-casa-en-san-martin-de-porres-lima-5-a-mas-dormitorios-148599950?n_src=Listado&n_pills=%C3%81rea+de+lavander%C3%ADa&n_pg=1&n_pos=15|2026-03-18
urbania|casas|venta|Lima Norte|San Martin de Porres|"Av. Caquetá 599, San Martín de Porres al 500
San Martín de Porres, Lima"|S/ 268,000 · USD 80,000|268000|80000|||"64 m² tot.
9 dorm."|64|9|||Contacto: Narcelis Yannive Matacelular: 9*1*7*1*9*9*6*2*9Hay propiedades bonitas… y hay propiedades que producen dinero real. Esta casa de 3 pisos no es una promesa: -Genera S/ 30, 000 anuales en renta comprobada. Cuenta con 9 dormitorios diseñados para alquiler, con alta demanda por su entorno comercial y de transporte. Ideal para parejas, estudiantes y trabajadores de la zona. -Ubicación que lo tiene todo: Frente a parqueEn esquinaAl lado del mercado de CaquetáFrente a los fabricantes de calzadoFrente al MetropolitanoAquí no se busca inquilinos… los inquilinos llegan solos. Es una propiedad pensada para quien quiere ingresos constantes, bajo riesgo y retorno inmediato. Precio negociableEscríbeme y conversemos. Esta oportunidad no aparece todos los días. contacto: Narcelis Yannive Matacelular: 9*1*7*1*9*9*6*2*9id: 1*1*6*9*4*0*6|https://urbania.pe/inmueble/clasificado/veclcain-venta-de-casa-en-san-martin-de-porres-lima-5-a-mas-dormitorios-148722903?n_src=Listado&n_pg=1&n_pos=16|2026-03-18
urbania|casas|venta|Lima Norte|San Martin de Porres|"Santa Terecita del Niño Jesus
San Diego, San Martín de Porres"|S/ 435,500 · USD 130,000|435500|130000|||"150 m² tot.
10 dorm.
4 baños
1 estac."|150|10|4|1|Casa de 3 pisos en venta – urb. San diego, san martín de porres¡Espacio, ubicación y gran potencial en una sola propiedad! Se vende casa de 3 pisos, ideal para familia numerosa, vivienda multifamiliar o inversión, ubicada en la urbanización San Diego – San Martín de Porres, frente a calle de tránsito constante, con excelente accesibilidad. * Características de la propiedad: 3 pisos10 habitaciones4 baños1 estacionamientoAmbientes amplios y bien distribuidosBuena iluminación y ventilación* Ubicación estratégica: Frente a vía con circulación de buses y fácil conexión a principales avenidas del distrito, rodeada de servicios y comercios. * Ideal para: Vivienda familiar ampliaCasa multifamiliarAlquiler por habitacionesProyecto de renta? Alta proyección de valorización y rentabilidad.? Una casa versátil que se adapta a tus planes de hoy y de mañana.? Agenda tu visita y conoce esta oportunidad con un asesor re/max. Consultar con el Agente Inmobiliario encargado para mayor información Ver datos.|https://urbania.pe/inmueble/clasificado/veclcain-venta-de-casa-en-san-diego-san-martin-de-porres-5-a-mas-dormitorios-148621976?n_src=Listado&n_pills=%C3%81rea+de+lavander%C3%ADa&n_pg=1&n_pos=17|2026-03-18
urbania|casas|venta|Lima Norte|San Martin de Porres|"Domingo Nieto
Condevilla Señor, San Martín de Porres"|S/ 507,000 · USD 150,000|507000|150000|||"289 m² tot.
8 dorm.
3 baños
1 estac."|289|8|3|1|¡Gran oportunidad en San Martín de Porres! Casa de 3 pisos con excelente ubicación y amplios espaciosDescubre esta amplia propiedad, ideal para familias grandes o para quienes buscan invertir en un inmueble con potencial de alquiler por pisos. Ubicada a media cuadra de la Av. Próceres y a pocas cuadras de Av. Tomás Valle, con acceso rápido a comercios, colegios, hospitales y a solo 20 minutos del Aeropuerto Jorge Chávez. Distribución de la casa (3 pisos): * Primer piso- Cochera- Sala y comedor principal- Cocina + comedor de diario- Patio, baño completo y lavandería- Almacén y 1 dormitorio* Segundo piso- 4 dormitorios- 1 baño completo- Sala – comedor* Tercer piso- 2 dormitorios- 1 baño completo- Terraza con gran potencial** Ubicación estratégica: A 5 min. Del Club Zonal Mayta CápacA 20 min. Del Aeropuerto Jorge ChávezCerca de hospitales, colegios y comercios* Ideal para familias numerosas o como inversión inmobiliaria con proyección de rentabilidad. ¡Contáctame ahora y agenda una visita! Consultar con el Agente Inmobiliario encargado para mayor información Ver datos.|https://urbania.pe/inmueble/clasificado/veclcain-venta-de-casa-en-condevilla-senor-san-martin-de-porres-5-a-mas-dormitorios-147554783?n_src=Listado&n_pills=%C3%81rea+de+lavander%C3%ADa&n_pg=1&n_pos=18|2026-03-18
urbania|casas|venta|Lima Norte|San Martin de Porres|"Veracruz al 700
San Martín de Porres, Lima"|S/ 375,200 · USD 112,000|375200|112000|||"185 m² tot.
2 baños"|185||2||Casa de 3 pisos en venta – excelente ubicaciónoportunidad ideal para vivienda familiar o inversión. Casa de tres pisos con buena distribución y gran potencial. Características: Amplia sala – comedorCocina cerrada4 dormitorios2 baños completosTercer piso con baño y dormitorio adicional por techar, espacio ideal para lavandería y terraza, con posibilidad de acondicionar zona social o área adicionalUbicación estratégica: Acceso rápido a Av. Nicolás Dueña y Av. PerúA pocos minutos del Aeropuerto Jorge ChávezZona con fácil conexión a transporte, comercios y serviciosCuenta con instalación de gas natural. Aprovecha esta oportunidad de adquirir una propiedad bien ubicada y con múltiples posibilidades de uso. Contáctame para más información o agendar una visita. Consultar con el Agente Inmobiliario encargado para mayor información Ver datos.|https://urbania.pe/inmueble/clasificado/veclcain-venta-de-casa-en-san-martin-de-porres-lima-148622358?n_src=Listado&n_pills=%C3%81rea+de+lavander%C3%ADa&n_pg=1&n_pos=19|2026-03-18
urbania|casas|venta|Lima Norte|San Martin de Porres|"Jr. Arequipa
San Martín de Porres, Lima"|S/ 236,175 · USD 70,500|236175|70500|||"107 m² tot.
3 dorm.
2 baños"|107|3|2||Agente: Carlos Alcántara 9*7*0*8*5*3*4*9*5Se vende casa ubicada al interior de una propiedad multifamiliar, ideal para familias de la zona o como primera vivienda. El inmueble cuenta con 60. 63 m² de área de terreno y 107 m² de área construida. Distribución: • Sala – comedor con buena ventilación• Cocina independiente con muebles bajos• 3 dormitorios• 2 baños completos• Patio interior con lavandería• Azotea con potencial de uso (tendido, depósito o futura ampliación) • Primer Piso: 56 m2 construidos• Segundo Piso: 51 m2 construidosUbicación y entorno: Ubicada en la Urbanización Perú – Zona 3, San Martín de Porres, con rápido acceso a Av. Perú, Av. Universitaria y Av. Alfredo Mendiola, lo que facilita la conexión hacia el Callao, Centro de Lima y Lima Norte. En el entorno inmediato encontrarás: • Colegios y nidos de la zona• Cercanía a universidades e institutos técnicos• Mercados, bodegas, restaurantes locales y servicios diarios• A pocos minutos de centros comerciales y supermercados• Acceso a transporte público y rutas principalesFortalezas: • Precio muy competitivo para el metraje total construido• Ideal para familia joven, pareja o inversión en renta• Zona consolidada y con alta demanda en Lima Norte• Impuestos prediales bajos y documentación en reglaUna propiedad bien ubicada y con excelente relación precio–valor dentro del mercado actual.|https://urbania.pe/inmueble/clasificado/veclcain-venta-de-casa-en-san-martin-de-porres-lima-3-dormitorios-148728080?n_src=Listado&n_pills=%C3%81rea+de+lavander%C3%ADa&n_pg=1&n_pos=20|2026-03-18
urbania|casas|venta|Lima Norte|San Martin de Porres|"Urb. Condevilla
Condevilla Señor, San Martín de Porres"|S/ 542,000 · USD 155,000|542000|155000|||"160 m² tot.
7 dorm.
2 baños"|160|7|2||Contactarse con ana maria verastegui Celular 9 5 6 5 0 2 2 4 3 Amplia casa, estado de conservación buena, iluminada, ubicada en la Urb. Condevilla del distrito San Martin, A media cuadra del mercado Condevilla, Cerca de la Av. Jose Granda, Av. Universitaria y Av. Tomas Valle a 10 minutos del Centro Comercial Plaza Norte, Megaplaza, Totus, Metro. La casa es de 2 pisos. Tiene 160 m2 de terreno. 1er. Piso, sala-Comedor, Cocina con comedor diario, lavandería, 3 dormitorios, amplio patio y un baño. 2do. Piso, sala comedor, cocina, lavandería y 4 dormitorios habitacione, de paredes de ladrillo y techo de eternit. Precio de Venta Valido en Dólares $ 165, 000 La propiedad no tiene cargas ni gravámenes La documentación totalmente en orden, sin hipotecas. Nota: El precio en soles es referencial y podría estar desactualizado por tipo de cambio|https://urbania.pe/inmueble/clasificado/veclcain-venta-de-casa-en-condevilla-senor-san-martin-de-porres-5-a-mas-dormitorios-147787462?n_src=Listado&n_pills=%C3%81rea+de+lavander%C3%ADa&n_pg=1&n_pos=21|2026-03-18
urbania|casas|venta|Lima Norte|San Martin de Porres|"Jirón Riobamba
San Martín de Porres, Lima"|S/ 405,000 · USD 120,000|405000|120000|||"180 m² tot.
6 dorm.
3 baños"|180|6|3||"Contacto: Alexandra Bueno / Celular: 9. 4. 4. 1. 7. 4. 8. 3. 4 / alexandrab@Casa de 3 pisos en venta – Ideal para familia numerosa | Jirón Riobamba, San Martín de Porres Precio: $120, 000 Área de terreno: 55 m² | Área construida: 180 m² 6 dormitorios | 3 baños | Sala - comedor | Cocina | Espacio de trabajoUbicación estratégica y entorno familiarUbicada en el corazón de San Martín de Porres, esta propiedad se encuentra en una zona residencial tranquila y segura, con fácil acceso a avenidas principales como Av. Perú, Av. Universitaria y Av. Tomás Valle. A solo minutos de centros educativos, mercados, bancos y servicios esenciales. Perfecta para familias que desean crecer en un ambiente accesible y bien conectado. Distribución funcional y ambientes versátilesCon tres pisos construidos y 180 m² de área edificada, esta casa ofrece el espacio ideal para una familia numerosa o incluso para quienes buscan tener un negocio desde casa. Cuenta con: 6 amplios dormitorios, bien iluminados3 baños distribuidos estratégicamenteSala comedor con excelente ventilaciónCocina funcionalEspacio independiente de trabajo o estudioAzotea con potencial para seguir construyendo o implementar zona socialIdeal para quienes buscan comodidad y crecimiento familiarEsta propiedad brinda la oportunidad perfecta de personalizar los espacios y seguir creciendo. Ya sea que estés buscando un nuevo hogar para tu familia o una inversión a futuro, esta casa tiene todo lo necesario para convertirse en tu lugar soñado. contacto: alexandra bueno lizarragacelular: 9Ver datoscorreo: Ver datos"|https://urbania.pe/inmueble/clasificado/veclcain-venta-de-casa-en-san-martin-de-porres-lima-5-a-mas-dormitorios-148314942?n_src=Listado&n_pg=1&n_pos=22|2026-03-18
urbania|casas|venta|Lima Norte|San Martin de Porres|"Vendo Casa 200 m2 Terreno av. Pacasmayo smp
Condevilla Señor, San Martín de Porres"|S/ 703,500 · USD 210,000|703500|210000||1|"307 m² tot.
7 dorm.
4 baños
2 estac."|307|7|4|2|Descripción de Casa de 200 m² de terreno, 307. 25 m² area construida en Lima Norte smp: Esta espaciosa casa de 200 metros cuadrados se encuentra ubicada en una zona segura de Lima Norte, ideal para familias que buscan comodidad, tranquilidad y accesibilidad. La propiedad cuenta con 7 habitaciones amplias, perfectas para adaptarse a diversas necesidades, como dormitorios, oficinas o salas de estudio. El diseño de la casa está pensado para ofrecer máxima funcionalidad y confort. Dispone de 2 cocheras, lo que garantiza amplio espacio para estacionar vehículos de manera segura y cómoda. Gas caliddaLa zona es tranquila y está rodeada de canchas deportivas, ofreciendo la oportunidad de practicar deportes al aire libre y disfrutar de un ambiente saludable y activo. La casa es ideal tanto para quienes buscan un hogar familiar como para aquellos que desean aprovechar la ubicación cercana a centros deportivos y áreas recreativas. ¡Una excelente opción para vivir en Lima Norte! T. C referencial$210, 000 dolares americanos|https://urbania.pe/inmueble/clasificado/veclcain-venta-de-casa-en-condevilla-senor-san-martin-de-porres-5-a-mas-dormitorios-148453417?n_src=Listado&n_pills=%C3%81rea+de+lavander%C3%ADa&n_pg=1&n_pos=23|2026-03-18
urbania|casas|venta|Lima Norte|San Martin de Porres|"Venta de Casa Amplia Para Vivienda o Proyecto Inmobiliario en Urb. Valdiviezo - SMP
Valdiviezo, San Martín de Porres"|S/ 477,120 · USD 142,000|477120|142000|||"345 m² tot.
6 dorm.
4 baños
1 estac."|345|6|4|1|¡oportunidad única en San Martín de Porres! Jr. José Gálvez 241, alt. Cdra. 19 Av. José GrandaDescubre la casa ideal para tu familia o tu próximo proyecto inmobiliario. Con una ubicación privilegiada y todas las comodidades que has estado buscando: Área de terreno: 200. 00 m²Área construida: 345. 00 m²Características: Ubicada en zona urbana, cerca de colegios, áreas deportivas, tiendas, etc. DescripcionLado A: 1 er piso:. 02 departamentos con sala comedor, 01 dormitorio + baño + cocina c/u2do piso 1 departamento con sala comedor, 01 cocina grande, 02 dormitorios y 01 baño. 3er piso 4 cuartos + salita y 01 baño compartidoLado B: 1er piso: 02 departamentos con sala comedor, 02 dormitorios, cocina y baño2do piso: 02 departamentos con sala comedor, 01 dormitorio, 1 cocina y 01 baño3er piso: 04 cuartos, 01 depósito y 01 baño compartidoLa casa se encuentra dividad en dos partes el Lado A es la parte de enfrente y el Lado B es la parte de atrasAntigüedad: 40 Años - Una construcción sólida con historia y potencial, tiene buenos cimientos. Esta casa es perfecta para quienes buscan espacio, comodidad o la oportunidad de invertir en un proyecto inmobiliario (parámetros hasta 4 pisos) si quieres terminar de construir o ampliar la casa o puedes alquilarla por departamentos y habitaciones y de esta manera empeza a rentabilizar desde el dia 1! ¡No esperes más y empieza a vivir tus sueños en esta propiedad! Documentos en regla, cuenta con titulo inscrito en Sunarp, agenda tu cita hoy mismo! Consultar con el Agente Inmobiliario encargado para mayor información Ver datos.|https://urbania.pe/inmueble/clasificado/veclcain-venta-de-casa-en-valdiviezo-san-martin-de-porres-5-a-mas-dormitorios-146359899?n_src=Listado&n_pills=%C3%81rea+de+lavander%C3%ADa&n_pg=1&n_pos=24|2026-03-18
urbania|casas|venta|Lima Norte|San Martin de Porres|"Mza B lote 01 coop. Vipol Naranjal
Vipol De Naranjal, San Martín de Porres"|S/ 497,000 · USD 140,000|497000|140000|||"158 m² tot.
4 dorm.
2 baños
1 estac."|158|4|2|1|Venta casa San Martin Porres, ubicado cerca a la Av. Canta Callao, Av. Tantamayo, Av. Naranjal, a unos minutos de la Panamericana Norte, cerca de Av. Los Alisos a solo 10 minutos del Aeropuerto Jorge Chávez. Está rodeado de locales comerciales una zona muy comercial ya que está cerca Mega plaza, Plaza Norte, es una zona muy segura ya que tiene una tranquera, y rejas para mayor protección de su familia. Distribución: - Sala Comedor piso cerámico. - Cocina concepto cerrado. - 4 habitaciones. - Baño principal con baño y closet empotrado. - 2 baños. - Lavandería con área de tendal. detalles adicionales: - A. T.: 158 m2. - Área Construida 250 m2. - Antigüedad, 21 años. visita previa cita|https://urbania.pe/inmueble/clasificado/veclcain-venta-de-casa-en-vipol-de-naranjal-san-martin-de-porres-4-dormitorios-147107071?n_src=Listado&n_pills=Cerca+a+colegios&n_pg=1&n_pos=25|2026-03-18
urbania|casas|venta|Lima Norte|San Martin de Porres|"Calle Jacobo Maxwell Nro. S/N Mz. P Lt. 31
El Pacifico Etapa Ii, San Martín de Porres"|S/ 567,840 · USD 169,000|567840|169000|||"120 m² tot.
5 dorm.
4 baños"|120|5|4||¡Tu nuevo hogar te está esperando! Imagina despertar cada día en una casa con espacios amplios, luz natural y el confort que mereces. Un lugar diseñado para ti y tu familia, donde cada rincón invita a disfrutar, crear recuerdos y vivir momentos únicos. ¡No dejes pasar la oportunidad de hacerlo tuyo! Características: - Área del terreno: 120m² - Dos pisos. - 5 Habitaciones. - 4 Baños. - Cocina. - Sala Comedor. - Lavandería. - Balcón. - Terraza. - Cochera. - Patio. - Precio: $169, 000. Contáctanos ahora mismo y agenda tu visita|https://urbania.pe/inmueble/clasificado/veclcain-venta-de-casa-en-el-pacifico-etapa-ii-san-martin-de-porres-5-a-mas-dormitorios-147823535?n_src=Listado&n_pills=Jard%C3%ADn&n_pg=1&n_pos=26|2026-03-18
urbania|casas|venta|Lima Norte|San Martin de Porres|"Urb. Rosario del Norte
Rosario Del Norte, San Martín de Porres"|S/ 400,000 · USD 119,000|400000|119000|||"108 m² tot.
3 dorm.
2 baños
1 estac."|108|3|2|1|En venta - linda casita remodelada de 2 pisos + azotea Urb. Rosario del Norte a una cuadra la. Av. Universitaria con La Av. Los Olivos (sta. Rosa) a 2 cuadras de la Av. Carlos Izaguirre en Smp con Los Olivos. -2 pisos más azotea- Primer piso/- Cochera- Amplia sala y comedor con un pequeño jardín- Cocina cerrada con buena ventilación- Un baño completo con ducha. Segundo piso: - 3 dormitorios- 1 baño completo con ducha- Amplia azotea para tendal, zona de parrillas, etc. Con lavadero. *at 80m2*ac 108. 9m2- Documentos en regla con declatoria de fábrica. -Precio de venta: $Ver datos dólares O S/Ver datos Soles|https://urbania.pe/inmueble/clasificado/veclcain-venta-de-casa-en-rosario-del-norte-san-martin-de-porres-3-dormitorios-149133834?n_src=Listado&n_pills=Jard%C3%ADn&n_pg=1&n_pos=27|2026-03-18
urbania|casas|venta|Lima Norte|San Martin de Porres|"bertello
San Martín de Porres, Lima"|S/ 480,000 · USD 140,000|480000|140000|||"140 m² tot.
2 dorm.
2 baños
1 estac."|140|2|2|1|Casa en venta ubicada en San Martín de Porres, ideal para familias. Cuenta con 140 m² de terreno y 117 m² de superficie construida. Dispone de 2 recámaras y 2 baños. La propiedad ofrece una distribución funcional con sala, comedor y cocina. Además, cuenta con área de lavandería y terraza. En el exterior, disfruta de un jardín y 1 estacionamiento. La zona se caracteriza por su cercanía a centros comerciales, escuelas y parques, ofreciendo un entorno familiar y con fácil acceso a servicios. Disfruta de la vista a la ciudad y áreas verdes cercanas. San Martín de Porres es una zona residencial con ambiente familiar, con acceso a transporte público. Encontrarás supermercados, farmacias y mercados locales. Además, la propiedad se encuentra cerca de centros de salud y ofrece un estilo de vida tranquilo.|https://urbania.pe/inmueble/clasificado/veclcain-venta-de-casa-en-san-martin-de-porres-lima-2-dormitorios-148039531?n_src=Listado&n_pills=Jard%C3%ADn&n_pg=1&n_pos=28|2026-03-18
urbania|casas|venta|Lima Norte|San Martin de Porres|"Av. Angélica Gamarra y Av. Universitaria San Martin de Porres
San Martín de Porres, Lima"|S/ 539,000 · USD 160,000|539000|160000|||"160 m² tot.
2 dorm.
2 baños"|160|2|2||Venta de casa en san martín de porres – cerca de todo, lista para vivir. Si estás buscando un lugar donde sentirte tranquilo, con buena ubicación y espacio para crecer con tu familia, esta casa es para ti. ◆Ubicada cerca de Av. Angélica Gamarra y Av. Universitaria. Zona segura, con parques, colegios y mercados a pocos minutos. ◆Características: Área aproximada: 160 m² (8 x 20) 1er piso + aires. Sala y comedor amplios. Cocina funcional. Lavandería. 2 dormitorios cómodos. 2 baños. Jardín delantero. ● Precio: us$ 160, 000. Para agendar visitas o mayor información comunícate con nosotros 9*8*6*5*2*0*6*2*9 - 9*9*2*1*4*1*0*5*8. Una casa donde podrás disfrutar de cada espacio, con la comodidad que tu familia merece y la posibilidad de seguir ampliando.|https://urbania.pe/inmueble/clasificado/veclcain-venta-de-casa-en-san-martin-de-porres-lima-2-dormitorios-148065023?n_src=Listado&n_pills=Cerca+a+colegios&n_pg=1&n_pos=29|2026-03-18
urbania|casas|venta|Lima Norte|San Martin de Porres|"URB FIORI SAN MARTIN DE PORRES
San Martín de Porres, Lima"|S/ 793,500 · USD 230,000|793500|230000|||"379 m² tot.
11 dorm.
4 baños
1 estac."|379|11|4|1|Venta de casa de 4 pisos más azotea en el distrito de san martin de porres, ubicada en la Urb. fiori I Etapa, a 3 cuadras de la Av. Tomás Valle, Plaza Norte y la Panamericana Norte. La propiedad cuenta con 4 departamentos, 1 departamento por piso totalmente independientes y 1 azotea con una habitación pequeña sin techar. La urbanización Fiori se encuentra en una zona residencial estratégica, rodeada de grandes centros comerciales, cines, instituciones educativas, mercados mayoristas, centros médicos, etc., características que la convierten en una zona del cono norte altamente rentable. Ideal para familia numerosa que deseen vivir cerca o inversionistas que deseen generar rentas. Area de Terreno: 123. 50 m2. Area Techada: 379. 25 m2. Precio: $230, 000 dólares negociables. Distribución: primer piso: - Sala comedor. - Cocina cerrada con reposteros altos y bajos. - 3 dormitorios. - 1 baño completo. - Lavandería en patio delantero. - Lavandería en patio posterior. - Cochera o local. segundo piso: - Sala comedor. - Cocina cerrada con reposteros altos y bajos. - 3 dormitorios. - 1 baño completo. tercer piso: - Sala comedor. - Cocina cerrada con reposteros altos y bajos. - 3 dormitorios. - 1 baño completo. cuarto piso: - Sala comedor. - Cocina cerrada. - 2 dormitorios. - 1 baño completa. - Azotea|https://urbania.pe/inmueble/clasificado/veclcain-venta-de-casa-en-san-martin-de-porres-lima-5-a-mas-dormitorios-147974990?n_src=Listado&n_pills=Frente+a+parque&n_pg=1&n_pos=30|2026-03-18
urbania|casas|venta|Lima Norte|San Martin de Porres|"Portales de Chavín 4ta Etapa Mz. E
San Martín de Porres, Lima"|S/ 487,200 · USD 145,000|487200|145000|||"123 m² tot.
5 dorm.
4 baños"|123|5|4||Se vende casa de 3 pisos, con dos modernos departamentos en el segundo piso, un local comercial en el primer piso, y con proyección hasta 5 pisos, a un precio de ocasión. Esta casa está ubicada en Los Portales de Chavin 4ta Etapa Mz E, San Martin de Porres. Muy cerca a la Avenida Sol de Naranjal, zona Comercial, y entre las Avenidas San José y Pacasmayo, con pistas nuevas, negocios, mercados, farmacias, transporte público, todo muy cerca para que puedas establecerte con tu familia y tu negocio. La casa tiene la siguiente distribución: * El Primer piso consta de un salón amplio o local comercial, un estudio u oficina, una habitación, área de lavandería, dos baños, patio interior. * El Segundo piso consta de dos departamentos, cada uno con sala comedor, cocina lavandería, 2 dormitorios, 1 baño. Un departatamento con vista interna y otro con vista externa. * El Tercer piso, con parapeto, cuenta con una habitación y 1 baño, el resto es área libre. Área del terreno: 123 m2. Área construida: 229 mt2. Antigüedad: 10 años. Documentos en Regla, inscrita en los registros públicos, pagos municipales al día. Se puede conectar al gas natural. El precio es negociable!! Solicítame el video, para una mejor apreciación, y si te animas concerta una visita. Has tu propuesta económica.|https://urbania.pe/inmueble/clasificado/veclcain-venta-de-casa-en-san-martin-de-porres-lima-5-a-mas-dormitorios-147165797?n_src=Listado&n_pills=Cerca+a+colegios&n_pg=2&n_pos=1|2026-03-18
urbania|casas|venta|Lima Norte|San Martin de Porres|"av peru
Peru, San Martín de Porres"|S/ 604,800 · USD 180,000|604800|180000|||"245 m² tot.
5 dorm.
3 baños"|245|5|3||Vendo amplia casa en San Martin de Porres, en plena avenida Perú, zona comercial, cuenta con dos pisos más azotea. En el primer piso tenemos dos puertas de ingreso, la sala comedor, cocina y pasadizo. En el segundo piso tenemos sala de estar, 3 habitaciones y un baño completo y dos balcones. En la azotea tenemos área de lavandería y una habitación. La casa se encuentra muy bien ubicada. Ideal para comercio y vivienda. No cuenta con cochera. Precio Negociable.|https://urbania.pe/inmueble/clasificado/veclcain-venta-de-casa-en-peru-san-martin-de-porres-5-a-mas-dormitorios-148062436?n_src=Listado&n_pills=%C3%81rea+de+lavander%C3%ADa&n_pg=2&n_pos=2|2026-03-18
urbania|casas|venta|Lima Norte|San Martin de Porres|"Cooperativa de Vivienda Monterrey LTDA mz E lote 16
San Martín de Porres, Lima"|S/ 739,900 · USD 210,000|739900|210000|||"162 m² tot.
19 dorm.
10 baños"|162|19|10||Edificio de 5 pisos en casco. Dos departamentos por pisos, cada departamento consta de 2 habitaciones, 2 baños, sala comedor, cocina, lavandería. Ubicado a espalda de Metro de Tomas Valle, a un paso del cruce de Tomas Valle con Angelica Gamarra, a 5 minutos del aeropuerto Jorge Chavez. At: 161. 60 m2. Edificio ideal para inversionistas. Edificio con una alta rentabilidad de retorno. Atención inversionistas. Edificio ideal para hotel, talleres, proyecto inmobiliario, oficinas, alquiler de departamentos, instituto, policlínico, etc. Documentos en regla. Precio de ocasión: $210, 000|https://urbania.pe/inmueble/clasificado/veclcain-venta-de-casa-en-san-martin-de-porres-lima-5-a-mas-dormitorios-91125327?n_src=Listado&n_pills=%C3%81rea+de+lavander%C3%ADa&n_pg=2&n_pos=3|2026-03-18
urbania|casas|venta|Lima Norte|San Martin de Porres|"Calle 2
San Martín de Porres, Lima"|S/ 859,050 · USD 249,000|859050|249000|||"160 m² tot.
16 dorm.
9 baños"|160|16|9||En San Martin de Porres, Av. Santa Rosa, cerca del mercado Puente Camote. Se vende casa de seis pisos al precio de 249, 000 Dolares. Ideal para inversión. - Área terreno 160m2. Área construida 713 m2. primer piso. Ambiente amplio ideal para local comercial. Sala Comedor. Cocina cerrada con reposteros altos y bajos. 03 Habitaciones. 02 Baños completos. Patio y lavandería. Segundo piso. 1 Departamento. - Sala Comedor. - Cocina Cerrada con reposteros altos y bajos. - 4 Habitaciones. - 02 Baños completos (01 con Jacuzzi) tercer piso. 2 Departamentos. Cada departamento distribuidos: - Sala Comedor. - Cocina Cerrada con reposteros altos y bajos. - 2 Habitaciones. - 01 Baño completo. cuarto piso. 2 Departamentos. Cada departamento distribuidos: - Sala Comedor. - Cocina Cerrada con reposteros altos y bajos. - 2 Habitaciones. - 01 Baño completo. Nota: 1 Departamento pendiente de acabados. quinto piso. Terraza. Lavandería - Tendal. 1 Baño completo. 1 Habitación. 1 Cocina. sexto piso. Area de parrilla. Linda casa con ambientes amplios, luminosos y excelente distribución. - Propietario Único. - Documentos en regla. Mas información Contáctanos. 9*5*6-5*3*5-9*5*0. gloria jauregui R. Agente Inmobiliario|https://urbania.pe/inmueble/clasificado/veclcain-venta-de-casa-en-san-martin-de-porres-lima-5-a-mas-dormitorios-149266207?n_src=Listado&n_pills=Cerca+a+colegios&n_pg=2&n_pos=4|2026-03-18
urbania|casas|venta|Lima Norte|San Martin de Porres|"Oscar Barrenechea 480
30 De Agosto, San Martín de Porres"|S/ 502,500 · USD 150,000|502500|150000|||"160 m² tot.
6 dorm.
3 baños"|160|6|3||At: 160M2. frente: 8M. fondo: 20. A 20 min del aeropuerto. patio interor. 2 pisos. accesos independientes. puertas con acabdos de cedro. A 5min de mercado. salidas A av procipales como la av jose granda|https://urbania.pe/inmueble/clasificado/veclcain-venta-de-casa-en-30-de-agosto-san-martin-de-porres-5-a-mas-dormitorios-148819619?n_src=Listado&n_pg=2&n_pos=5|2026-03-18
urbania|casas|venta|Lima Norte|San Martin de Porres|"Jr Elias Aguirre Coviti Smp.
Coviti, San Martín de Porres"|S/ 770,500 · USD 230,000|770500|230000||150|"140 m² tot.
4 dorm.
4 baños
1 estac."|140|4|4|1|Agente Domus: Wilson Mendoza P. 9. 9. 8. 9. 2. 9. 7. 1. 3. Casa en San Martín de Porres: Oportunidad de Inversión. ¡Excelente oportunidad para adquirir una casa en una de las zonas más comerciales de San Martín de Porres! Presentamos esta casa de dos pisos, con posibilidad de uso como casa-negocio, ubicada en la zona de Izaguirre. Características. - 140 metros cuadrados de terreno. - Casa de dos pisos, con posibilidad de ampliación. - Tercer piso en construcción, listo para terminar. - Cuarto piso con estructura lista para construir. - Casa bien hecha, con columnas fuertes y estructura sólida. - Ubicación en zona comercial de San Martín de Porres, ideal para casa-negocio. - Anteriormente funcionaba un rubro textil, con posibilidad de reapertura o cambio de giro. Ventajas. - Ubicación comercial y estratégica en San Martín de Porres. - Posibilidad de uso como casa-negocio o vivienda. - Estructura sólida y lista para ampliación. - Acceso a servicios y comercios cercanos. - Oportunidad de inversión y valorización. Precio y Condiciones. - Precio: $230, 000 dólares (a tratar) - Condiciones: Pago al contado o financiamiento con bancos. Para quién es ideal. - Empresarios que buscan un local comercial en zona estratégica. - Familias que buscan un hogar con posibilidad de negocio. - Inversores que buscan una oportunidad de valorización y rentabilidad. No pierda la oportunidad de adquirir esta casa en una de las zonas más comerciales de San Martín de Porres. Contáctenos para obtener más información y programar una visita.|https://urbania.pe/inmueble/clasificado/veclcain-venta-de-casa-en-coviti-san-martin-de-porres-4-dormitorios-147706475?n_src=Listado&n_pills=%C3%81rea+de+lavander%C3%ADa&n_pg=2&n_pos=6|2026-03-18
urbania|casas|venta|Lima Norte|San Martin de Porres|"Calle Francisco Malaspina Bryso San Martin de Porres
San Martín de Porres, Lima"|S/ 758,250 · USD 225,000|758250|225000|||"394 m² tot.
9 dorm.
6 baños
2 estac."|394|9|6|2|Venta de linda casa multifamiliar en san martin de porres, A una cuadra del parque fernando belaunde terry, A una cuadra de la comisaria conde villa. Cerca A colegio, mercado. Y cerca A plaza norte Y rex plaza. Casa de 3 pisos, 1 departamentos por piso + aires. el inmueble es nuevo, todo de estreno, con finos acabados. frontis 7M X 21 de fondo, total de area de terreno 147 M2. area construida 394 M2. descripcion: -primer piso: -sala comedor. -cocina. -3 habitaciones. -2 baños. -segundo piso: -sala comedor. -cocina. -3 habitaciones. -cuart0 de estudio. -2 baños. -lavanderia. -tercer piso: -sala comedor. -cocina. -3 habitaciones. -1 cuarto de estudio. -2 baños. -lavanderia. -la propiedad cuenta con escalera independiente. -2 cocheras. *no deje pasar la oportunidad de visitar esta magnifica propiedad. *papeles en regla. *intersados comunicarse al 9. 4. 6. 0. 8. 5. 5. 4. 3. *lula delgado|https://urbania.pe/inmueble/clasificado/veclcain-venta-de-casa-en-san-martin-de-porres-lima-5-a-mas-dormitorios-146878367?n_src=Listado&n_pills=%C3%81rea+de+lavander%C3%ADa&n_pg=2&n_pos=7|2026-03-18
urbania|casas|venta|Lima Norte|San Martin de Porres|"Cooperativa de Vivienda Virgen de Fátima
Virgen De Fatima, San Martín de Porres"|S/ 950,000 · USD 280,000|950000|280000|||"160 m² tot.
8 dorm.
5 baños"|160|8|5||Venta de edificio en Cooperativa Virgen de Fátima usmp, 160m2 área de terreno, bien ubicada en Esquina, distribuida: 1er piso zona para estacionamientos, deposito(trastienda), baño y tiendas, con techo alto. 2do. Piso conformada por dos departamentos de aprox. 60m2 (Dos dormitorios, sala-comedor, baño completo, cocina, lavandería). 3er. Piso conformada por dos departamentos de aprox. 55m2 (dos dormitorios, sala-comedor, baño completo, cocina y lavandería) Estructura sólida de la edificación, planos bien especificados, acabados en mayólica, fierro, vidrio. Bien distribuido y con buena iluminación, en esquina, a dos cuadras de la gran Av. Carlos Izaguirre y del parque Virgen de Fátima, Av. Universitaria. A pocos minutos de acceso al Aeropuerto, Ideal para inversión, para vivienda multifamiliar o Negocio. Visitas Previa Cita!!|https://urbania.pe/inmueble/clasificado/veclcain-venta-de-casa-en-virgen-de-fatima-san-martin-de-porres-5-a-mas-dormitorios-149266956?n_src=Listado&n_pills=Cerca+a+colegios&n_pg=2&n_pos=8|2026-03-18
urbania|casas|venta|Lima Norte|San Martin de Porres|"Jr. Los Algarrobos
Los Jardines, San Martín de Porres"|S/ 2,975,000 · USD 850,000|2975000|850000|||"511 m² tot.
12 dorm.
8 baños
3 estac."|511|12|8|3|Gran oportunidad en una de las zonas con mayor crecimiento de Lima Norte. Ideal para proyectos inmobiliarios, clínicas, hostales o residencias. Ubicación estratégica: con acceso directo a Av. Túpac Amaru, Av. Tomás Valle y Panamericana Norte. A minutos de Plaza Norte, Terminal Terrestre, Hospital Cayetano Heredia, la uni y más. Detalles del Inmueble: - Área de terreno: 511 m² (14 m de frente x 36. 5 m de fondo) - Área construida: 185 m² por nivel (4 pisos construidos) - Área libre: 333 m² (jardín + zona de estacionamiento) - Zonificación: rdm (Residencial de Densidad Media) Distribución por Piso (x4): - Sala – comedor. - 3 dormitorios. - 2 baños. - Cocina. - Lavandería. Ubicación Estratégica: - Cerca de Plaza Norte, Mercado Central, Hospital Cayetano, La uni. - Transporte público, bancos, comercios y servicios a pocas cuadras. - Zona en constante valorización inmobiliaria. Precio negociable. Se aceptan propuestas serias. ¡No dejes pasar esta oportunidad de inversión! Visitas previa coordinación al Ver datos - Ver datos|https://urbania.pe/inmueble/clasificado/veclcain-venta-de-casa-en-los-jardines-san-martin-de-porres-5-a-mas-dormitorios-147353571?n_src=Listado&n_pills=Jard%C3%ADn&n_pg=2&n_pos=9|2026-03-18
urbania|casas|venta|Lima Norte|San Martin de Porres|"Cooperativa de Vivienda Virgen de Fatima con Frente a la Avenida 1
San Martín de Porres, Lima"|S/ 828,000 · USD 240,000|828000|240000|||"279 m² tot.
3 dorm.
2 baños
1 estac."|279|3|2|1|Vendo Casa de 160m2 en San Martin de PorresCasa de 160m2 de área total, diseñada para brindar comodidad y funcionalidad. 1er piso: cuenta con una entrada independiente ideal para una, tienda o consultorio, Con baño completo. Lo que permite adaptarla fácilmente para uso comercial o profesional. Cuenta con cochera, en el área principal de 1er piso se encuentra una amplia sala-comedor, medio baño, una cocina equipada con gas natural, y terraza interna que brinda iluminaciónnatural y ventilación a los espacios2do Piso: cuenta con 3 habitaciones ventiladas e iluminadas, un baño completo y cuarto deestudio3er piso: el tercer nivel esta libre, tiene punto de conexión de gas natural, escaleraindependienteCuenta con dos tanques de agua, y cisternaUna propiedad con excelente distribución y gran potencial, perfecta para quienes buscancombinar vivienda y negocio en un mismo lugar|https://urbania.pe/inmueble/clasificado/veclcain-venta-de-casa-en-san-martin-de-porres-lima-3-dormitorios-149224495?n_src=Listado&n_pg=2&n_pos=10|2026-03-18
urbania|casas|venta|Lima Norte|San Martin de Porres|"Calle Felipe Cohayla No. 960
San Martín de Porres, Lima"|S/ 720,250 · USD 215,000|720250|215000|||"120 m² tot.
12 dorm.
9 baños
1 estac."|120|12|9|1|Datos generales. Casa 8 departamentos independiente y independizados en registros públicos. Cuenta con la siguiente características: Primer Piso: 1 Departamento. 1 tienda, 01 baño. 1 Departamento: sala comedora, 3 dormitorios, cocina con zona de lavandería, 1 baño, 1 cuarto de servicio o Depósito en el patio de fondo, jardín. 1 Cochera. Segundo Piso: 2 Departamentos. 1 Departamento, 01 dormitorio, sala comedor c/mini cocina, 01 baño. 1 Departamento, 02 dormitorios, sala comedora, cocina, 01 baño. Tercer Piso: 2 Departamentos. 1 departamento, 1 dormitorio, sala comedor c/mini cocina, 01 baño. 1 departamento, 02 dormitorios, sala comedora, cocina, 01 baño. Cuarto Piso: 4 Departamentos. 1 Departamento de 01 dormitorio, sala comedor c/mini cocina, 01 baño. 1 Departamento de 01 dormitorio, sala comedor c/mini cocina, 01 baño. 1 Departamento de 02 dormitorios, sala comedora c/mini cocina, 01 baño *quinto piso* Almacén 16 mt² (habitación), Tendal techado común, Lavandería común -Terraza 70mt² Esta cerca de las Av. Universitaria con la Av. Tomas Valle, en donde se puede encontrar Colegios, Supermercados, Centros comerciales, Clínicas, Hospitales, etc. Está ubicado a 10 minutos de Plaza Norte y del Aeropuerto Internacional Jorge Chávez Movilidad las 24 horas a todo Lima. Metropolitana a 1 1/2 cuadra de la Avenida Universitaria Alrededores del inmueble: - Centros Comerciales cercanos; Plaza Norte, Plaza Vea, Tottus, Sodimac, Mega Plaza, minka - Restaurantes; Chepita Royal, Norkis, - Servicios; Hospital Fiory, Hospital Negreiros - Escuelas; Colegio Trilce, Colegio Miguel Grau, Gran Unidad Escolar José Granda. Documentos en regla. Disponible|https://urbania.pe/inmueble/clasificado/veclcain-venta-de-casa-en-san-martin-de-porres-lima-5-a-mas-dormitorios-143278697?n_src=Listado&n_pills=Jard%C3%ADn&n_pg=2&n_pos=11|2026-03-18
urbania|casas|venta|Lima Norte|San Martin de Porres|"FILADELFIA 2882
San Martín de Porres, Lima"|S/ 893,000 · USD 265,000|893000|265000|||"253 m² tot.
20 dorm.
10 baños
1 estac."|253|20|10|1|Ideal para inversión – av. Perú con av. Universitaria. Se vende amplia propiedad multifamiliar ubicada estratégicamente en el cruce de la Av. Perú con Av. Universitaria, zona de alto tránsito, excelente conectividad y gran potencial comercial y residencial. La propiedad cuenta con accesos independientes por cada nivel, lo que permite un uso versátil tanto para vivienda familiar como para renta inmediata. Además cuenta con gas calidda. Distribución: Primer piso (departamento independiente): sala, comedor, cocina, baños, 1cochera, 03 dormitorios, patio y terraza. Segundo piso (departamento independiente): sala, comedor, cocina, dormitorios y baños. Tercer piso: 9 habitaciones, baños y cocinas y zona de lavandería (Ideal para alquiler por habitaciones) Cuarto piso: 8 habitaciones, cocinas, baños y zona de lavandería. Quinto piso: Azotea libre con potencial para construir un piso adicional. Características adicionales: Propiedad a 1cdra de intersección de 02 vias principales. Ubicación privilegiada, cerca de comercios, transporte público, universidades y servicios. Pisos en buen estado. Jardín con césped natural. Tanque elevado Rotoplast de 1, 100 litros. Cisterna ubicada en el jardín. Antigüedad aproximada: 48 años. Excelente potencial de remodelación y rentabilidad. Ideal para: Inversionistas. Familias que desean vivir y alquilar. Renta por habitaciones. Proyecto multifamiliar. Contáctame ya!!|https://urbania.pe/inmueble/clasificado/veclcain-venta-de-casa-en-san-martin-de-porres-lima-5-a-mas-dormitorios-148471477?n_src=Listado&n_pills=%C3%81rea+de+lavander%C3%ADa&n_pg=2&n_pos=12|2026-03-18
urbania|casas|venta|Lima Norte|San Martin de Porres|"Jr Lambayeque 4110
Peru, San Martín de Porres"|S/ 712,500 · USD 190,000|712500|190000|||"75 m² tot.
7 dorm.
3 baños"|75|7|3||Casa de 4 plantas, con buena ubicación rápido acceso a transporte público. Primer piso. - Sala-Comedor. - Cocina. - 3 Baños Completos. Segundo Piso. - 4 dormitorios. Tercer Piso. - 3 dormitorios uno de ellos bastante amplio. Cuarto piso. - Amplio salón para reuniones con instalaciones para Bar y Kitchenette. Quinto piso. - Amplia azotea|https://urbania.pe/inmueble/clasificado/veclcain-venta-de-casa-en-peru-san-martin-de-porres-5-a-mas-dormitorios-144169287?n_src=Listado&n_pg=2&n_pos=13|2026-03-18
urbania|casas|venta|Lima Norte|San Martin de Porres|"calle ayacucho
San Martín de Porres, Lima"|S/ 573,500 · USD 155,000|573500|155000|||"206 m² tot.
8 dorm.
2 baños"|206|8|2||¡Bienvenidos a su nuevo hogar en San Martín de Porres! Si busca una casa acogedora, con amplios espacios y excelente ubicación, esta es la oportunidad perfecta. Ubicada en el corazón de San Martín de Porres, esta hermosa propiedad cuenta con dos ingresos independientes, brindándole privacidad y comodidad. Primer Piso: Al ingresar, se encuentra con una amplia sala-comedor muy luminosa, ideal para compartir momentos en familia o con amigos. La cocina es espaciosa y funcional, perfecta para preparar deliciosas comidas. - 4 habitaciones con cómodos espacios para descansar. - 1 baño completo. - 1 medio baño. - Área de lavandería con un patio amplio, donde podrá disfrutar de un espacio abierto y fresco. Segundo Piso: Con acceso independiente, este nivel ofrece una **sala amplia y bien iluminada** que proporciona un ambiente cálido y relajante. También cuenta con un espacio ideal para amoblar una cocina, perfecta para quienes deseen independencia o tener una pequeña zona de cocina adicional. - 3 habitaciones cómodas y bien distribuidas. - 1 Baño completo para mayor comodidad. Tercer Piso: En el tercer nivel, encontrará - 1 habitación. - 1 depósito. Este espacio es perfecto para quienes desean seguir ampliando la propiedad, ya que hay posibilidad de continuar construyendo según sus necesidades. Ubicación inmejorable: La casa está perfectamente ubicada, cerca de avenidas principales como Av. Perú, Universitaria, Av. Lima, lo que le garantiza fácil acceso a transporte público y a diversos servicios. Además, está a pasos de farmacias, restaurantes, y canchas deportivas, lo que le ofrece una gran comodidad y calidad de vida. Documentos en regla. ¡Esta casa está lista para ser suya! Con todos los documentos en regla, solo necesita dar el siguiente paso para convertirla en su hogar. ¡No deje pasar esta oportunidad! Contácteme para más información y para programar una visita. ¡La casa de sus sueños le espera!|https://urbania.pe/inmueble/clasificado/veclcain-venta-de-casa-en-san-martin-de-porres-lima-5-a-mas-dormitorios-145369382?n_src=Listado&n_pills=%C3%81rea+de+lavander%C3%ADa&n_pg=2&n_pos=14|2026-03-18
urbania|casas|venta|Lima Norte|San Martin de Porres|"Jirón Jesús Vera Fernandez 928
San German, San Martín de Porres"|S/ 619,750 · USD 185,000|619750|185000|||"120 m² tot.
5 dorm.
2 baños"|120|5|2||Casa en venta ubicada en San German, ideal para familias. Cuenta con 211 m2 de superficie construida sobre un terreno de 120 m2. Dispone de 5 recámaras y 2 baños, perfecta para familias grandes o quienes necesiten espacio adicional. El segundo piso puede usarse como departamento independiente, cuenta con 2 dormitorios, vista exterior, balcon, sala comedor, y dos baños. La construcción es amplia y bastante moderna. La propiedad cuenta con área de lavandería y un patio, ideal para actividades al aire libre. Tiene un frente de 6 metros y un fondo de 20 metros. La casa tiene ingreso independiente para el primer piso y para el segundo piso y cuenta con 2 pisos; El 3er piso esta como azotea, perfecto para tendal. Además, tiene 4 pisos construibles. La cochera es de tipo lineal. Esta completamente remodelada en tuberías y sistema eléctrico. En la zona se encuentran escuelas cercanas, parques, restaurantes y markets. De facil acceso a Av. Universitaria y Tomas valle.|https://urbania.pe/inmueble/clasificado/veclcain-venta-de-casa-en-san-german-san-martin-de-porres-5-a-mas-dormitorios-148734672?n_src=Listado&n_pills=Cerca+a+colegios&n_pg=2&n_pos=15|2026-03-18
urbania|casas|venta|Lima Norte|San Martin de Porres|"Casa en Venta en Calle Transitada- A 3 Cuadras del Ovalo Huandoy!
San Martín de Porres, Lima"|S/ 714,000 · USD 210,000|714000|210000|||"411 m² tot.
9 dorm.
2 baños
1 estac."|411|9|2|1|Casa en Venta. A 3 cuadras del óvalo Huandoy! Smp límite con los Olivos. Ocasión - Venta de Casa - 03 NivelesUbicación estratégica cerca al Mercado Huandoy, Av Próceres de Huandoy, Av. Los Alisos, Av Universitaria, Av. Canta Callao. rodeado de parques, centros educativos, centros comerciales, restaurantes, centros recreacionales. A 15 minutos de la Estación Naranjal El MetropolitanoDescripción 1er piso: - Amplia Sala comedor, con piso porcelanato. - Amplia cocina, con conexión a gas Natural. - Baño completo espacioso. - 2 ambientes que pueden ser usados como oficina, estudio o dormitorios. - Patio con lavandería - Cochera techada para 1 vehículo grande (camioneta, combi) características del 2do piso: 7 Habitaciones, con entrada independiente. (Posibilidad de alquilar) Baño Completo (posibilidad de ampliar dos o 3 baños). Cocina - Comedor3er nivel está semi construido, no techado, sin habitar, mismas dimensiones que 2do piso- cuenta con todos los documentos en regla|https://urbania.pe/inmueble/clasificado/veclcain-venta-de-casa-en-san-martin-de-porres-lima-5-a-mas-dormitorios-149113094?n_src=Listado&n_pills=%C3%81rea+de+lavander%C3%ADa&n_pg=2&n_pos=16|2026-03-18
urbania|casas|venta|Lima Norte|San Martin de Porres|"Jirón Filadelfia Cuadra 2101
Filadelfia, San Martín de Porres"|S/ 871,500 · USD 249,000|871500|249000|||"350 m² tot.
6 dorm.
5 baños"|350|6|5||? Casa en Esquina + 2 Locales Independizados en San Martín de Porres – Excelente Inversión? Se ofrece en venta amplia propiedad en zona comercial, ubicada en el distrito de San Martín de Porres, en esquina y muy cerca de las avenidas principales, como la Av. Perú y Universitaria. Zona altamente accesible, a solo 15 minutos de centros comerciales como Plaza San Miguel, universidades y supermercados.? Características de la propiedad: Área construida: 350 m²Área de terreno: 95 m²Dormitorios: 6Baños: 7Locales comerciales: 2 (totalmente independizados) Documentación en regla y lista para transferencia? Precio de venta: usd 250, 000 – negociableIdeal para proyectos familiares, alquiler, negocio o inversión inmobiliaria gracias a sus locales independientes y estratégica ubicación.? Contáctanos para más detalles o agendar una visita. 121% comprometidos en brindarte un servicio de excelencia.|https://urbania.pe/inmueble/clasificado/veclcain-venta-de-casa-en-filadelfia-san-martin-de-porres-5-a-mas-dormitorios-148325800?n_src=Listado&n_pg=2&n_pos=17|2026-03-18
urbania|casas|venta|Lima Norte|San Martin de Porres|"ALFREDO MENDIOLA 4134 san martin de porres
San Martín de Porres, Lima"|S/ 1,344,000 · USD 400,000|1344000|400000|||585 m² tot.|585||||Excelente oportunidad de inversión. Edificio de 4 pisos, ubicado en esquina y sobre la Av. Alfredo Mendiola, a solo 2 cuadras de Metro, en una zona altamente comercial y de gran flujo. Propiedad versátil, visible y con alto potencial de rentabilidad en una de las avenidas más transitadas del sector. *Contáctate con Neyber Vargas 9. 8. 7. 6. 0. 1. 2. 4. 3* Ideal para: - institutos. - policlínicos. - oficinas administrativas. - talleres. - alquileres. - uso mixto. Precio: us$ 400, 000. ¡Todo lo que necesitas para tu negocio de la mejor manera! No pierdas la oportunidad. Contáctanos ahora para más información y agendar una visita. *Contáctate con Neyber Vargas 9. 8. 7. 6. 0. 1. 2. 4. 3*|https://urbania.pe/inmueble/clasificado/veclcain-venta-de-casa-en-san-martin-de-porres-lima-148440015?n_src=Listado&n_pills=%C3%81rea+de+lavander%C3%ADa&n_pg=2&n_pos=18|2026-03-18
urbania|casas|venta|Lima Norte|San Martin de Porres|"CERRO CANDELA
San Martín de Porres, Lima"|S/ 315,000 · USD 87,000|315000|87000|||"184 m² tot.
3 dorm.
2 baños
1 estac."|184|3|2|1|*R. U. C: 2. 0. 6. 0. 0. 1. 6. 2. 9. 9. 4* Razón Social: Constructora e Inmobiliaria Casa 21 S. A. C. ¡Gran Oportunidad en San Martín de Porres! Descubre esta espaciosa casa de 2 pisos más azotea con un área de 184 m², ideal para quienes buscan comodidad, inversión y una ubicación estratégica. Lo más atractivo: puedes vivir en ella y hacer que se pague sola con el alquiler del primer piso, generando ingresos adicionales sin esfuerzo. Esta propiedad combina amplitud, versatilidad y un excelente potencial de rentabilidad, perfecta tanto para familias que sueñan con su hogar propio como para inversionistas que buscan una oportunidad segura y rentable. No dejes pasar esta opción única en San Martín de Porres: una casa que no solo te ofrece espacio y bienestar, sino también la posibilidad de generar ingresos desde el primer día. *Contáctate con Fernando Sullón 9. 4. 4. 2. 3. 7. 4. 1. 9* Características principales: - Área de terreno: 184 m² - Área construida: 174. 34 m² Primer piso (ideal para alquilar): - 1 Local comercial. - 1 Baño completo. - 1 Cochera. Segundo piso (listo para habitar): - Sala. - Comedor. - Cocina. - 03 Dormitorios. - 01 Baño completo. Azotea (en casco): - 01 Dormitorio. - 02 Baños. - 01 Depósito. Puntos de referencia cercanos: - A 2 cuadras del colegio Peruano Británico (I. E. 2028) - A 6 cuadras de la Av. Pacasmayo. - A 12 cuadras de la Av. Los Alisos. - A 5 min de Av. Canta Callao y Av. Naranjal. - A 8 min de Av. Néstor Gambetta. Precio: us$ 90, 000. 00. pago solo al contado. ¡Todo lo que necesitas para vivir de la mejor manera! No pierdas la oportunidad. Contáctanos ahora para más información y agendar una visita. *Contáctate con Fernando Sullón 9. 4. 4. 2. 3. 7. 4. 1. 9*|https://urbania.pe/inmueble/clasificado/veclcain-venta-de-casa-en-san-martin-de-porres-lima-3-dormitorios-147709224?n_src=Listado&n_pg=2&n_pos=19|2026-03-18
urbania|casas|venta|Lima Norte|San Martin de Porres|"Av. José Granda
San Martín de Porres, Lima"|S/ 856,800 · USD 255,000|856800|255000|||"318 m² tot.
17 dorm.
5 baños"|318|17|5||¡oportunidad para inversionistas Y empresas! venta de casa local multifuncional – san martín de porresubicación estratégica: zona urbana de alto tránsito – San Martín de PorresPrecio de venta: us$ 255, 000 (¡negociable!) Características del inmueble: Área total: 203 m²15 habitaciones – perfectas para oficinas, almacenes o staff3 minidepartamentos independientes – renta inmediata5 bañosCochera privadaAzotea con potencial de construcción adicionalIdeal para: Empresas que necesitan un local operativoInversionistas que buscan alta rentabilidad por alquilerInstituciones, ongs, coworking, academias, entre otrosDocumentación en regla – lista para transferencia inmediataContáctanos y agenda tu visita hoy mismoR. U. C Ver datos|https://urbania.pe/inmueble/clasificado/veclcain-venta-de-casa-en-san-martin-de-porres-lima-5-a-mas-dormitorios-147442661?n_src=Listado&n_pg=2&n_pos=20|2026-03-18
urbania|casas|venta|Lima Norte|San Martin de Porres|"Asociacion Villarreal
San Juan Bautista, San Martín de Porres"|S/ 428,400 · USD 120,000|428400|120000|||"220 m² tot.
5 dorm.
5 baños
1 estac."|220|5|5|1|Excelente ubicación, a un paso de la avenida comercial Tantamayo, en el distrito de San Martin de Porres, dónde encontraras la comodidad y tranquilidad que necesita tu familia, porque tiene todos los servicios a tu alcance: farmacias, postas, hospitales, clinicas, colegios, librerías, parques, supermercados, pollerías, restaurantes, minimarket, mercados, etc. La avenida tantamayo se caracteriza por tener un sin número de comercio y sobre todo porque transitan muchas líneas de buses que te pueden movilizar a cualquier destino sin ningún problema, líneas que te llevan hasta Villa El Salvador, Huachipa, jirón de La Unión, centro de Lima, etc. Esta propiedad tiene dos niveles con una excelente base, lista para la compra inmediata. 120 m2 de ÁreaZonificación cz Parámetros para 5 pisos + azoteaLinderos6 mt de Frente6mt deFondo20mt a la Izquierda20 mt a la DerechaUbicación: mz T asociación Villarreal, San Martin de Porres (altura av. Tantamayo) Precio: us$120, 000Sujeto a tipo de cambio sbs compra solo al contado *La propiedad se encuentra inscrita en registros públicosR. U. C Ver datos|https://urbania.pe/inmueble/clasificado/veclcain-venta-de-casa-en-san-juan-bautista-san-martin-de-porres-5-a-mas-dormitorios-145089964?n_src=Listado&n_pills=%C3%81rea+de+lavander%C3%ADa&n_pg=2&n_pos=21|2026-03-18
urbania|casas|venta|Lima Norte|San Martin de Porres|"Urb. Los Robles de Santa Rosa S.m.p.
Los Robles De Santa Rosa, San Martín de Porres"|S/ 840,000 · USD 250,000|840000|250000|||"325 m² tot.
5 dorm.
5 baños
1 estac."|325|5|5|1|Venta de Casa en Excelente Ubicación – Frente a ParqueSe vende amplia y elegante casa de 140 m² de terreno y 325 m² de área construida, con espacios modernos y funcionales que brindan comodidad y calidad de vida. Características principales: 5 dormitorios bien iluminados5 baños en perfecto estadoSala y comedor amplios, ideales para reuniones familiaresCocina funcional con excelente distribuciónCochera y depósito para mayor comodidadSala de estar acogedoraTerraza amplia para parrillas y reuniones socialesBalcón con vista privilegiada frente al parqueJardín con acabados de primera Ubicación estratégica: A solo 3 cuadras del Open PlazaA 5 minutos del AeropuertoZona tranquila y segura, con acceso a todos los servicios básicos (agua, luz y desagüe). Precio: usd 250, 000 (sujeto a tipo de cambio sbs). Una propiedad en excelente estado de conservación, lista para habitar y disfrutar, perfecta para familias que buscan confort, amplitud y ubicación privilegiada. R. U. C Ver datos|https://urbania.pe/inmueble/clasificado/veclcain-venta-de-casa-en-los-robles-de-santa-rosa-san-martin-de-porres-5-a-mas-dormitorios-148764614?n_src=Listado&n_pills=Jard%C3%ADn&n_pg=2&n_pos=22|2026-03-18
urbania|casas|venta|Lima Norte|San Martin de Porres|"Felipe Cohaila 818
San Martín de Porres, Lima"|S/ 591,500 · USD 175,000|591500|175000|||"350 m² tot.
13 dorm.
9 baños"|350|13|9||Se vende casa en san martin de porresideal para negocios e inversionistas con retorno de S/ 3, 000 mensuales se vende casa de 4 pisos con azotea, se encuentra A solo 5 inutos de plaza norte, cerca A parques, colegios Y centros comercialesa solo 10 minutos del aeropuerto internacional jorge chavezcaracteristicas: 1er pisosala comedor, cocina, 2 baños, 3 dormitorios2do. piso6 habitaciones, 2 baños completos, Y un lavadero doble3er piso5 habitaciones, 3 baños completos, un lavadero doble4 pisodos minidepartamentos, cada uno con dos habitacioines, sala comedor, cada uno con su baño completo, Y lavadero doble5 pisouna azotea pequeña para hacer parrillasprecio negociable*R. U. C Ver datos|https://urbania.pe/inmueble/clasificado/veclcain-venta-de-casa-en-san-martin-de-porres-lima-5-a-mas-dormitorios-145897529?n_src=Listado&n_pills=%C3%81rea+de+lavander%C3%ADa&n_pg=2&n_pos=23|2026-03-18
urbania|casas|venta|Lima Norte|San Martin de Porres|"Mz:q Lote N°1-urb Coopip
San Martín de Porres, Lima"|S/ 693,000 · USD 198,000|693000|198000|||"224 m² tot.
5 dorm.
1 baño"|224|5|||Venta casa en san martin de porres-urb. Coopipventa de casa, cerca Av. Santa Rosa con Av. Dominicos mz Q Lt 1La casa consta de: at: 224. 0M2ac: 300. 0 m2Piso consta de la siguiente distribución: Primer piso. - Sala comedor amplia- Un baño completo- Un dormitorio amplio- Lavandería- Cocina- Cuatro dormitorios. Dos piso. Semi construido con divisiones. Una casa ideal para familia amplia ubicado en una zona de alto crecimiento muy cerca a principales centros comerciales121% comprometidos en brindarte un servicio de excelencia.|https://urbania.pe/inmueble/clasificado/veclcain-venta-de-casa-en-san-martin-de-porres-lima-5-a-mas-dormitorios-149153906?n_src=Listado&n_pills=%C3%81rea+de+lavander%C3%ADa&n_pg=2&n_pos=24|2026-03-18
urbania|casas|venta|Lima Norte|San Martin de Porres|"Asoc. Chicmabamba II Etapa 34
San Martín de Porres, Lima"|S/ 994,950 · USD 297,000|994950|297000|||404 m² tot.|404||||"Casa de 4 pisos en venta – Ideal para inversión | smp – Cerca a Av. DominicosExcelente oportunidad de inversión en San Martín de Porres, casa de 4 pisos con escalera externa, diseñada para generar ingresos independientes, ya que cada piso cuenta con servicios propios de agua y luz. Ubicación estratégica: smp, cerca a la Av. Dominicos, con fácil acceso a transporte, comercios y servicios. Características GeneralesÁrea de terreno: 160 m²Antigüedad: 14 años4 pisosEscalera externa (accesos independientes) 2 cocherasServicios de agua y luz independientes por pisoPrimer pisoMini departamento con: 1 dormitorioSala comedorCocina1 bañoLavanderíaÁrea adicional: 3 dormitorios2 baños completosIdeal para vivienda principal o alquiler mixto. *Segundo piso3 dormitorios1 baño completoAmplia sala comedorCocina independienteLavandería* Tercer piso2 mini departamentos independientes, cada uno con: 1 dormitorioSala comedorCocinaBaño*Cuarto piso1 dormitorio1 bañoLavandería Ideal para: Inversionistas que buscan renta mensual por pisos o unidadesFamilias grandes que desean vivir y alquilar al mismo tiempoProyectos de alquiler tradicional o temporalAlto potencial de rentabilidad gracias a la independencia de servicios y accesos. Consultar con el Agente Inmobiliario encargado para mayor información Ver datos."|https://urbania.pe/inmueble/clasificado/veclcain-venta-de-casa-en-san-martin-de-porres-lima-148634946?n_src=Listado&n_pills=Cuartos+de+servicio&n_pg=2&n_pos=25|2026-03-18
urbania|casas|venta|Lima Norte|San Martin de Porres|"Av. Zarumilla, al 400
San Martín de Porres, Lima"|S/ 1,152,600 · USD 339,000|1152600|339000|||"405 m² tot.
4 dorm.
2 baños"|405|4|2||Casa en venta en San Martín De Porres 405. 15 Área de Terreno221. 70 Área ConstruidaZonificación czparámetro para 7 pisos30 años de Antigüedad Descripción: Sala comedorcocina 4 habitaciones1 baño completo2 pisosPatio exterior uso estacionamiento Ubicación: - Cerca al Trebol y Mercado Caquetá- Fácil acceso de transporte- Estación Caquetá Metropolitano(*) Documentación en regla lista para la ventaR. U. C Ver datos|https://urbania.pe/inmueble/clasificado/veclcain-venta-de-casa-en-san-martin-de-porres-lima-4-dormitorios-144218449?n_src=Listado&n_pills=%C3%81rea+de+lavander%C3%ADa&n_pg=2&n_pos=26|2026-03-18
urbania|casas|venta|Lima Norte|San Martin de Porres|"G, 2wc3+92p, San Martín de Porres
San Martín de Porres, Lima"|S/ 536,500 · USD 145,000|536500|145000|||"120 m² tot.
4 dorm.
4 baños
1 estac."|120|4|4|1|¡Oportunidad en Lima Norte! Venta de Casa de 2 Pisos + Azotea en Venta – San Martín de Porres- Área Terreno: 120. 00 m2 (6. 00 m de frente por 20. 00 m de fondo). - Área Construida: 201m2. Descubre esta espaciosa y funcional casa de 2 pisos más azotea, ideal para familias grandes o para inversión. Distribución: -1er. Piso: Cochera, tienda, sala-comedor, lavandería, cocina, 1 dormitorio, patio y dos baños. -2do. Piso: (en casco), sala-comedor, cocina, lavandería, 3 dormitorios, 2 baños. -3er piso: con aires disponibles para futura ampliación. -Gas natural en la cocina del primer y segundo piso-Antigüedad: 9 añosUbicación: -Cerca del cruce de Avenida Canta Callo con Avenida Los Alisos-A media cuadra del parque Monte de los Olivos. -A 05 Minutos del Óvalo Naranajal y del mercado MerproLima, A 10 Minutos del Aeropuerto-Cerca del Tottus de Canta Callao, Megaplaza y Metro de Independencia-Cerca de Colegio Monitor, Praderas, Roma, Monserrat, Saco Oliveros. Precio de Venta $ 145, 000 mil dólares-Cuenta con Título de propiedad inscrito en registros públicos, no tiene cargas ni gravámenes. -Contáctame para agendar una visita y conocer esta excelente oportunidad de inversión o vivienda familiar. T. C. 3. 50Tipo de cambio referencial, sujeto a variación diaria por fluctuación del mercado|https://urbania.pe/inmueble/clasificado/veclcain-venta-de-casa-en-san-martin-de-porres-lima-4-dormitorios-148005592?n_src=Listado&n_pills=%C3%81rea+de+lavander%C3%ADa&n_pg=2&n_pos=27|2026-03-18
urbania|casas|venta|Lima Norte|San Martin de Porres|"Jr Huanuco 3263 San Martin de Porres
San Martín de Porres, Lima"|S/ 674,000 · USD 200,000|674000|200000|||"324 m² tot.
6 dorm.
2 baños
1 estac."|324|6|2|1|Tu familia merece más espacio, seguridad y tranquilidad. Amplia casa de 3 niveles ubicada en Jr Huanuco 3263, en urbanización cerrada, ideal para familias grandes o inversionistas. Cuenta con 149 m² de terreno y 324 m² construidos, ambientes cómodos y bien distribuidos, cuenta con amplio estacionamiento. Primer piso: sala comedor, cocina remodelada con reposteros altos y bajos, baño completo, dormitorio amplio, patio, jardín, lavadero y estacionamiento. Segundo piso: 4 dormitorios, baño completo remodelado y balcón. Tercer piso: 2 dormitorios, amplia terraza con tanque elevado y lavandería. Parcialmente remodelada, a 1 cuadra de parque, bancos y muy cerca de mercados. Vigilancia nocturna de 7 pm a 7 am. Agenda tu visita y descubre el espacio perfecto para vivir o invertir con visión de futuro.|https://urbania.pe/inmueble/clasificado/veclcain-venta-de-casa-en-san-martin-de-porres-lima-5-a-mas-dormitorios-148563677?n_src=Listado&n_pills=Seguridad&n_pg=2&n_pos=28|2026-03-18
urbania|casas|venta|Lima Norte|San Martin de Porres|"AV. Zarumilla al 500
San Martín de Porres, Lima"|S/ 988,250 · USD 295,000|988250|295000|||"281 m² tot.
24 dorm.
25 baños
10 estac."|281|24|25|10|Unica oportunidad de inversioncasa en venta, ubicado en la misma Av. Zarumilla con la panamericana norte san martin de porres ubicacion: A unos pasos de la panamericana norte A menos de cinco minutos de la plaza norte A unas cuadras de la Av. Caqueta distribucion: Primer nivel;cochera para dies autos 2 baños Segundo nivel;ara de resepcion 08 habitaciones con baño02 habitaciones con baño compartido labanderia Tercer nivel;13 habitaciones con baño 1 habitacion con baño compartido Cuarto nivel;azotea resumen: 24 habitaciones y 25 bañosLa recepcion y las habitaciones se ubican desde el segundo al tercer nivelLa propiedad esta completamenta independizado y en Registros publicosLo puedes adquirir con recursos propios y tambien con financiamiento hipotecarioExcelente oportunidad de inversion, no la dejes pasar, contactanos!! no esperes mas agenda tu visita. R. U. C Ver datos|https://urbania.pe/inmueble/clasificado/veclcain-venta-de-casa-en-san-martin-de-porres-lima-5-a-mas-dormitorios-148964832?n_src=Listado&n_pills=Cuartos+de+servicio&n_pg=2&n_pos=29|2026-03-18
urbania|casas|venta|Lima Norte|San Martin de Porres|"Dominicos , San Martin de Porres, Lima, Lima
San Martín de Porres, Lima"|S/ 1,632,000 · USD 480,000|1632000|480000|||160 m² tot.|160||||¡Excelente oportunidad de inversión y negocio en un inmueble multifamiliar! Venta de Casa de 4 Pisos con 8 Unidades Independientes. Ubicación exclusiva en la cdra. 27 de Av. Dominicos. ¿Buscas una inversión sólida con altos rendimientos? Esta propiedad es única por su diseño, distribución y potencial de ingresos. Características Principales: • Área de Terreno: 160 m² • Área Construida: 531 m² • Configuración de 4 niveles: o Primer Piso: 02 locales comerciales listos para negocio. Gran ventaja por la doble fachada. O Segundo Piso: 02 departamentos, cada uno con 2 dormitorios y 1 baño. O Tercer Piso: 02 departamentos, cada uno con 2 dormitorios y 1 baño. O Cuarto Piso: 02 departamentos (posibilidad de configurar según necesidad). Esta propiedad representa una excelente oportunidad para quienes buscan invertir en una zona con proyección, amplitud y rentabilidad.|https://urbania.pe/inmueble/clasificado/veclcain-venta-de-casa-en-san-martin-de-porres-lima-148787876?n_src=Listado&n_pg=2&n_pos=30|2026-03-18
urbania|casas|venta|Lima Norte|San Martin de Porres|"Fray Bartolome de las Casas al 300
San Martín de Porres, Lima"|S/ 1,172,500 · USD 335,000|1172500|335000|||250 m² tot.|250||||Contacto: delia mendoza vilcacelular: 9. 4. 4. 2. 7. 4. 1. 4. 7oficina: 0. 1. 7. 5. 1. 7. 5. 3. 9deliam @ remaxexpo. ComCasa en venta como terreno en avenida comercial en San Martín de PorresAv. Fray Bartolomé de las Casas – Avenida Comercial de alto tránsito - San Martín de PorresSe vende casa con excelente ubicación y alto potencial inmobiliario, ideal para proyecto multifamiliar o inversión. Área de terreno: 250 m² Ubicación: Av. Fray Bartolomé de las Casas, cuadra 3 – San Martín de PorresZonificación: Zona Urbana Residencial de Alta DensidadCaracterísticas destacadas: Ubicada en avenida principalZona urbana consolidadaAccesos rápidos a avenidas principales y transporte públicoCercano a comercios, colegios, mercados y serviciosIdeal para edificio multifamiliar, vivienda + comercio u otros proyectosVentajas clave: Alta densidad permitidaExcelente proyección de rentabilidadUbicación estratégica para desarrollo inmobiliario Precio: $335, 000 dólares americanoscontacto: delia mendoza vilcacelular: 9. 4. 4. 2. 7. 4. 1. 4. 7oficina: 0. 1. 7. 5. 1. 7. 5. 3. 9deliam @ remaxexpo. Com? Contáctanos para mayor información o coordinar una visita.|https://urbania.pe/inmueble/clasificado/veclcain-venta-de-casa-en-san-martin-de-porres-lima-148615393?n_src=Listado&n_pg=3&n_pos=1|2026-03-18
urbania|casas|venta|Lima Norte|San Martin de Porres|"Urbanización Vipol de Naranjal
Vipol De Naranjal, San Martín de Porres"|S/ 280,450,000 · USD 79,000|280450000|79000|||"80 m² tot.
2 dorm.
1 baño
1 estac."|80|2||1|Excelente ubicación, a un paso de la avenida comercial Tantamayo, en el distrito de San Martin de Porres, dónde encontraras la comodidad y tranquilidad que necesita tu familia, porque tiene todos los servicios a tu alcance: farmacias, postas, hospitales, clinicas, colegios, librerías, parques, supermercados, pollerías, restaurantes, minimarket, mercados, etc. La avenida tantamayo se caracteriza por tener un sin número de comercio y sobre todo porque transitan muchas líneas de buses que te pueden movilizar a cualquier destino sin ningún problema, líneas que te llevan hasta Villa El Salvador, Huachipa, jirón de La Unión, centro de Lima, etc. Esta propiedad tiene un nivel con una excelente base, lista para la compra inmediata. 80 m2 de ÁreaParámetros para 5 pisos + azoteaLinderos6 mt de Frente14 ml de profundidad Ubicación: Urbanización vipol de naranjal, cuenta con caseta de vigilancia las 24 horas del día. Precio: us$ 79, 000 negociables compra solo al contador. U. C Ver datos|https://urbania.pe/inmueble/clasificado/veclcain-venta-de-casa-en-vipol-de-naranjal-san-martin-de-porres-2-dormitorios-147170505?n_src=Listado&n_pills=Seguridad&n_pg=3&n_pos=2|2026-03-18
urbania|casas|venta|Lima Norte|San Martin de Porres|"Av. Gerardo Unger 1089 al 1000
San Martín de Porres, Lima"|S/ 1,142,440 · USD 338,000|1142440|338000|||"143 m² tot.
8 dorm.
5 baños"|143|8|5||Contacto: nathaly coscocel: 9*8*8*3*8*9*7*9*9oportunidad para inversionistas – San Martín de Porres6 departamentos + locales comerciales + amplias habitacionesSi buscas una propiedad lista para generar renta desde el primer día, esta es la oportunidad que estabas esperando. Ubicada estratégicamente en Av. Gerardo Unger, plena Av. Túpac Amaru, una zona de alto tránsito peatonal y comercial, ideal para negocios y alquiler permanente. ¿Qué ofrece esta propiedad? - Área de terreno: 143 m²- 4 pisos construidos + ambientes adicionales en el 5to y 6to piso- 2 Locales comerciales en el 1er piso- 6 departamentos totalmente independizados (2 por piso desde el 2do piso) - 8 habitaciones adicionales en 5to y 6to piso- Techo libre ideal para lavandería y tendal- Todos los espacios pueden alquilarse por separado para maximizar rentabilidadIdeal para: Inversionistas que buscan alta rentabilidad, propiedad multipropósito, y un activo ubicado en un punto estratégico rodeado de comercio, transporte público, mercados y universidades. Ubicación premium: Av. Gerardo Unger – Av. Túpac Amaru - Zona de movimiento constante y sólida demanda de alquiler. ¿Quieres conocer tus posibilidades de retorno? Escríbeme y te envío el análisis de rentabilidad y tour virtual. contacto: nathaly coscocel: 9*8*8*3*8*9*7*9*9id: 1*1*6*3*8*5*2|https://urbania.pe/inmueble/clasificado/veclcain-venta-de-casa-en-san-martin-de-porres-lima-5-a-mas-dormitorios-148270954?n_src=Listado&n_pills=%C3%81rea+de+lavander%C3%ADa&n_pg=3&n_pos=3|2026-03-18
urbania|casas|venta|Lima Norte|San Martin de Porres|"3W67+7RJ San Martín de Porres
San Martín de Porres, Lima"|S/ 418,502 · USD 117,888|418502|117888|||"120 m² tot.
4 dorm.
2 baños
1 estac."|120|4|2|1|*R. U. C: 2. 0. 6. 0. 0. 1. 6. 2. 9. 9. 4* Razón Social: Constructora e Inmobiliaria Casa 21 S. A. C. Se vende acogedora casa tipo chalet de dos pisos ubicada en San Martín de Porres, con un área de 120 m². Es una vivienda amplia, iluminada y con una excelente distribución, ideal para familias que buscan comodidad y funcionalidad en cada espacio. Su diseño tipo chalet le da un toque especial, combinando calidez y estilo en cada rincón. La propiedad cuenta con ambientes bien definidos que aprovechan al máximo la luz natural, generando una atmósfera acogedora y confortable. Se encuentra en una zona tranquila y accesible, cerca de avenidas principales, colegios, comercios y transporte público. Es una excelente oportunidad para quienes desean un hogar listo para vivir y con potencial para seguir creciendo. Para más información o agendar una visita, no dudes en contactarnos. *Contáctate con Ana Aguilar 9. 9. 1. 8. 6. 6. 6. 1. 4* - Área de 120m2. 1er Piso. - 01 Cochera. - Sala – comedor. - Cocina. - 01 Baño. - 01 Habitación. - Patio amplio. 2do Piso. - 01 Baño. - 03 Habitaciones. - Balcón. - Lavandería. Precio us$ 110, 000. 00. ¡Todo lo que necesitas para vivir de la mejor manera! No pierdas la oportunidad. Contáctanos ahora para más información y agendar una visita. *Contáctate con Ana Aguilar 9. 9. 1. 8. 6. 6. 6. 1. 4*|https://urbania.pe/inmueble/clasificado/veclcain-venta-de-casa-en-san-martin-de-porres-lima-4-dormitorios-146944290?n_src=Listado&n_pills=%C3%81rea+de+lavander%C3%ADa&n_pg=3&n_pos=4|2026-03-18
urbania|casas|venta|Lima Norte|San Martin de Porres|"Dario Valdizan 216- San Martin de Porres
Ingenieria, San Martín de Porres"|S/ 782,000 · USD 230,000|782000|230000|||"200 m² tot.
2 dorm.
1 baño"|200|2|||Se vende casa como terreno en calle dario valdizan_ san martin de porres. cerca colegios, universidad la uni, bancos, restaurantes, boticas, centro comercial mega plaza Y de las av. Principales tales como av. Habich, la panamericana Y A pocas cuadras del estación de metropolitana del paradero de la uni. at: 200M2frente: 10M2fondo: 20M2para más información comunicarse, 9. 0. 6. 9. 4. 1. 9. 5. 8gisela ruiz_________Jessica Tapia - Asociados: Tu socio inmobiliario en PerúTe ayudamos a vender, comprar o alquilar tu propiedad con un servicio personalizado y profesional. Encontramos el comprador, inquilino o inmueble perfecto para ti, asegurando que todo el proceso sea ágil y seguro. Visita nuestra web y haz realidad tus metas inmobiliarias|https://urbania.pe/inmueble/clasificado/veclcain-venta-de-casa-en-ingenieria-san-martin-de-porres-2-dormitorios-149198065?n_src=Listado&n_pg=3&n_pos=5|2026-03-18
urbania|casas|venta|Lima Norte|San Martin de Porres|"Av. Zarumilla 1013
San Martín de Porres, Lima"|S/ 490,000 · USD 140,000|490000|140000|||"350 m² tot.
6 dorm.
3 baños
1 estac."|350|6|3|1|Oportunidad de vivienda Y/O inversion negocios ¡Si eres un Inversionista esta casa es para ti, excelente ubicacion en Panamericana Norte prolongacion Zarumilla en Pedregal Alto San Martin de PorresDescripcionarea 160 m2Piso 1Sala ampliaComedorCocina con reposteria alta y bajaPatio con lavanderiaBañoEscaleraPiso 24 habitacionesBañoEscaleraPiso 32 habitacionesSala start con vista a la avenida Panamericana NorteBañoNota: La sala puede usarse como cocheraVenta con acciones y derechosAgenda tu visita¡R. U. C Ver datos|https://urbania.pe/inmueble/clasificado/veclcain-venta-de-casa-en-san-martin-de-porres-lima-5-a-mas-dormitorios-147574849?n_src=Listado&n_pills=%C3%81rea+de+lavander%C3%ADa&n_pg=3&n_pos=6|2026-03-18
urbania|casas|venta|Lima Norte|San Martin de Porres|"Urb Cabo Azul
San Martín de Porres, Lima"|S/ 618,750 · USD 165,000|618750|165000|||262 m² tot.|262||||Se Vende Casa Comercial de 160 m2 en smpesta propiedad semi construida el segundo piso, falta terminar de techar y acabadosEs una oportunidad para seguir construyendo para negociosIdeal para todo rubroCuenta con una buena ubicaciónSe encuentra entre las avenidas San Nicolás y Sol de Naranjalcon proyección a desarrollo de negocios y afinesA 5 minutos de la Avenida Naranjal, Canta Callao, A 5 minutos de La Avenida Gambeta CallaoVarias líneas para todo destinoHacia las avenidas Universitaria, Panamericana Norte y mucho más. El primer piso de 262 m2cuenta conLuz trifásica1 Baño1 CisternaEn el segundo piso está semi construidaCuenta1 tanque aéreoCuenta con planosIdeal para funcionamiento de empresas de producción y afinesAntigüedad 10 años165 mil dólaresPrecio negociablePara más información, contáctameR. U. C Ver datos|https://urbania.pe/inmueble/clasificado/veclcain-venta-de-casa-en-san-martin-de-porres-lima-147918431?n_src=Listado&n_pg=3&n_pos=7|2026-03-18
urbania|casas|venta|Lima Norte|San Martin de Porres|"Urb. LOS Robles DE Santa Rosa SAN Martin DE Porres
Los Robles De Santa Rosa, San Martín de Porres"|S/ 526,240 · USD 143,000|526240|143000|||"140 m² tot.
8 dorm.
4 baños
1 estac."|140|8|4|1|Vendo casa en los robles de santa rosa - san martin de porres excelente oportunidad de negocio para inversionistaslinderos Y medidas perimetricasfrente: 7. 00 mlderecha: 20. 60 mlizquierda: 20. 60 mlfondo: 7. 00 ml1er piso1 Departamento: 2 Habitaciones1 Baño1 Cocina1 Lavanderia1 Cochera1 Patio2do piso1 Departamento más un mini departamento más una habitación con baño3er piso3 Mini departamentos4to pisoduplexprecio: $143, 000. 00 id: 1. 0. 6. 0. 7. 4. 0R. U. C Ver datos|https://urbania.pe/inmueble/clasificado/veclcain-venta-de-casa-en-los-robles-de-santa-rosa-san-martin-de-porres-5-a-mas-dormitorios-91218566?n_src=Listado&n_pills=%C3%81rea+de+lavander%C3%ADa&n_pg=3&n_pos=8|2026-03-18
urbania|casas|venta|Lima Norte|San Martin de Porres|"Av Tomas Valle
San Martín de Porres, Lima"|S/ 748,200 · USD 215,000|748200|215000||1|"120 m² tot.
8 dorm.
6 baños
1 estac."|120|8|6|1|Casa en venta de 3 pisos construidos con servicios básicos, gas cálida y documentos saneados. 120 m2 de Área de Terreno253 M2 de área ConstruidaZonificación: rdmparámetros para 5 pisos + azoteaLinderos: 6 mt de Frente 6 mt Fondo 20mt a la Izquierda 20 mt a la Derecha8 Habitaciones6 BañoPiso parquet, laminado, etc. Cochera (techadas) 10 años de AntigüedadPrimer piso: 2 Habitaciones2 Baños uno de visitaSala comedorCocinaLavanderíaTerraza o patioSegundo piso: escalera independiente3 Habitaciones con closet2 BañosSala comedorCocinaLavanderíaTercer piso: escalera independiente3Habitaciones con techo2 BañosSala comedor sin techarCocina sin techarAzoteaÁrea de tendal o terrazaubicación: A una cuadra de Av. Tomas Valle y UniversitariaA pocas cuadras de colegios, mercado, posta, al costado de comisaria, cerca a instituto Idat y Tottus y Metro haciendaA 5 minutos de Plaza norteA 8 minutos de MegaplazaA 15 minutos de las universidades (ucv, upn, uma) Se encuentra en una zona tranquila totalmente urbana rodeada de parques, mercados, bodegas, panadería, restaurantes, farmacia e instituciones educativas. precio: $215, 000 dólaresSujeto a tipo de cambio sbsla propiedad se encuentra saneada, inscrita en Registros Públicos y con título de propiedad R. U. C Ver datos|https://urbania.pe/inmueble/clasificado/veclcain-venta-de-casa-en-san-martin-de-porres-lima-5-a-mas-dormitorios-144713485?n_src=Listado&n_pills=%C3%81rea+de+lavander%C3%ADa&n_pg=3&n_pos=9|2026-03-18
urbania|casas|venta|Lima Norte|San Martin de Porres|"Rincón de Gracia
San Martín de Porres, Lima"|S/ 522,350 · USD 155,000|522350|155000|||"225 m² tot.
4 dorm.
3 baños"|225|4|3||¡vendo amplia casa por ocasión en san martín de porres! Ubicación: Vipol de Naranjal Área total: 120 m² Precio: $155, 000 dólares 1er piso: Sala comedor Cocina concepto abierto Área para oficina o biblioteca 2 habitaciones amplias Patio con lavandería 2 baños 2do piso: 2 habitaciones Sala comedor Cocina Baño amplio Azotea Extras: Casa multifamiliar, con acceso independiente al segundo piso Incluye mini departamento adicional (ideal para alquiler o visitas) Cuenta con hipoteca con bcp ¡Gran oportunidad para vivir, invertir o generar ingresos! Contáctame para más información o agendar tu visita. R. U. C Ver datos|https://urbania.pe/inmueble/clasificado/veclcain-venta-de-casa-en-san-martin-de-porres-lima-4-dormitorios-148079768?n_src=Listado&n_pills=%C3%81rea+de+lavander%C3%ADa&n_pg=3&n_pos=10|2026-03-18
urbania|casas|venta|Lima Norte|San Martin de Porres|"Mercado de Ingeniería
San Martín de Porres, Lima"|S/ 390,000 · USD 116,417|390000|116417|||"50 m² tot.
8 dorm.
3 baños"|50|8|3||Venda casa de 4 pisos en san martinnde porras ocasion. ¡Oportunidad de Venta! Casa de 4 Pisos en excelente ubicación – San Martín de PorresComo agente inmobiliario profesional te presento esta amplia casa de 4 pisos, con una área de terreno de 50 m² y 200 m² construidos, ideal para familia numerosa o inversión. Características: 4 pisos construidos2 salas de estar tipo estudio3 baños completos + 1 medio bañoInstalación de gas natural CáliddaAmbientes bien distribuidos e iluminadosUbicación privilegiada: A solo 3 cuadras de la Av. Habich, cerca del Parque Franco Peruano, con fácil acceso a la Panamericana Norte, Av. Caquetá y Av. Túpac Amaru. Cercana a universidades de prestigio como Cayetano Heredia y la Universidad Nacional de Ingeniería (uni). Precio: S/390, 000 ¡Agenda tu visita hoy mismo! Estaré encantada de atenderte y brindarte todos los detalles. R. U. C Ver datos|https://urbania.pe/inmueble/clasificado/veclcain-venta-de-casa-en-san-martin-de-porres-lima-5-a-mas-dormitorios-148444598?n_src=Listado&n_pg=3&n_pos=11|2026-03-18
urbania|casas|venta|Lima Norte|San Martin de Porres|"Jr. Macará al 100-cerca al Mercado de Caquetá y con Fácil Acceso por la Vía Evitamiento
Zarumilla, San Martín de Porres"|S/ 523,600 · USD 154,000|523600|154000||200|"313 m² tot.
10 dorm.
3 baños"|313|10|3||¡Oportunidad Única en San Martín de Porres! – Casa con Potencial de Inversión ¡Ideal para familias numerosas o comerciantes visionarios! Ubicación Estratégica: Situada cerca del Mercado de Caquetá y con fácil acceso por la Vía Evitamiento, altura del paradero control, esta propiedad de 117 m² de terreno y 263 m² construidos ofrece variadas posibilidades. Potencial Inigualable: Parámetros para 5 pisos: Perfecta para proyectos familiares o comerciales. Independización de niveles: Cada piso puede funcionar de manera independiente, ideal para alquiler o comercio. Primer nivel adaptable como local comercial: Maximiza tus ingresos desde el primer día. Distribución Actual: Primer Nivel: Sala amplia, comedor y cocina cerrada. Lavandería, baño de visitas. Cuarto de servicio y un cuarto adicional con baño completo. Segundo Nivel: 2 dormitorios con baño privado (uno con balcón). 3 dormitorios adicionales y sala de estar. Tercer Nivel: En proceso de construcción, con 3 cuartos y lavandería. Ventajas Clave: Documentación en regla y libre de hipoteca. Listo para remodelar o habitar. Potencial para comercio o vivienda multifamiliar. Nuestra inmobiliaria te acompaña en cada paso. Aceptamos créditos hipotecarios, pagos en efectivo o combinados. Contáctanos hoy mismo y descubre todo el potencial de tu próximo hogar y/o inversión. *El precio del mantenimiento y el tipo de cambio son referenciales. *Las visitas se realizan previa cita|https://urbania.pe/inmueble/clasificado/veclcain-venta-de-casa-en-zarumilla-san-martin-de-porres-5-a-mas-dormitorios-147143884?n_src=Listado&n_pills=%C3%81rea+de+lavander%C3%ADa&n_pg=3&n_pos=12|2026-03-18
urbania|casas|venta|Lima Norte|San Martin de Porres|"Av. Canta Callao 165, San Martín de Porres 15113, Perú
San Martín de Porres, Lima"|S/ 443,750 · USD 125,000|443750|125000|||242 m² tot.|242||||¡Gran Oportunidad de Inversión! Casa en Venta de 242. 60 m2¿Buscas el espacio ideal para tu empresa, almacén o proyecto comercial? Este terreno con doble frente es perfecto para desarrollar tu visión de negocio. Ubicación estratégica: a pocos metros del Hospital de EsSalud de Canta Callao y la Hiperbodega Uno, en una zona de alto tránsito y gran demanda. Ideal para: Centros de distribuciónAlmacenesProyectos empresarialesNegocios de gran proyecciónNo dejes pasar esta oportunidad única para hacer crecer tu inversión. Contáctanos y agenda tu visita hoy mismo: R. U. C Ver datos|https://urbania.pe/inmueble/clasificado/veclcain-venta-de-casa-en-san-martin-de-porres-lima-147453076?n_src=Listado&n_pg=3&n_pos=13|2026-03-18
urbania|casas|venta|Lima Norte|San Martin de Porres|"Urb. Las Flores de Santa Rosa, San Martín de Porres
San Martín de Porres, Lima"|S/ 561,000 · USD 150,000|561000|150000|||"160 m² tot.
4 dorm.
2 baños
1 estac."|160|4|2|1|Contacto: isabel manrique - celular: 9**8**3**6**4**9**7**2**3 Tenemos en venta en zona tranquila, con acceso a avenidas donde circula transporte público para todo Lima. A pocas calles de la Av. Tomás Valle y Av. Próceres, con Súper mercados muy cerca, a 10’ del aeropuerto y de Plaza Norte. Descripción: La casa nos recibe con un patio y el estacionamiento, luego viene una sala muy amplia, pasamos a un comedor bien iluminado por una amplia terraza, la cocina que es cerrada y un baño, en el segundo nivel tenemos 4 habitaciones muy amplias y un segundo baño, se pueden construir hasta 4 pisos. Ubicación: Urb. Las Flores de Santa Rosa, San Martín de Porresárea: 120 M2 área construida: 180 M2 precio: us$ 150, 000 negociable En la actualidad, la propiedad se encuentra en proceso de independización, así que por el momento la compra sólo podría darse con recursos propios. El precio de venta es en dólares, el precio en soles es sólo referencial y puede estar desfasado por el tipo de cambio. Si tienes alguna duda o deseas programar una visita, no dudes en contactar a tu agente inmobiliario de confianza. Estamos a tu disposición para brindarte toda la información que necesites y ayudarte en todo lo que necesites para realizar una excelente inversión. ¡no dejes pasar esta oportunidad!|https://urbania.pe/inmueble/clasificado/veclcain-venta-de-casa-en-san-martin-de-porres-lima-4-dormitorios-147787690?n_src=Listado&n_pills=Jard%C3%ADn&n_pg=3&n_pos=14|2026-03-18
urbania|casas|venta|Lima Norte|San Martin de Porres|"Urb Los Jazmines De Naranjal
San Martín de Porres, Lima"|S/ 840,000 · USD 250,000|840000|250000|||"160 m² tot.
5 dorm.
4 baños"|160|5|4||Te gustaria una casa que pueda funcionar tambien como local comercialubicada en urbanizacion los Jazminez de Naranjal en smpcasa de un piso techada con azotea semi costruida con avance a segundo pisoArea de 160 m2Un piso mas azotea semi construida ubicada em Jazmines de Naranjal en el distrito de San Martin de PorresTe presentamos esta propiedadPrimer piso techado y segundo piso sin techarSala muy amplia para funcionar negocio, tiene un ambiente instalado para horno en su momento se construyo para funcionar una panaderiadescripcionsala con mayolicas super amplia con altura aproximada de 4mEspacio para horno artesanalMezzanine conEspacio para vestidor para personal con bañoLavaderoBaño completoPasadizoEscalera amplia sin acabados para subir a la azoteaUna habitacion y/o oficina en mezanineEn azoteaUn bañoHabtaiciones con construccion ligeraPatio amplioLavaderoLuz monofasicoAgua independienteCon tituloContactame para visitasR. U. C Ver datos|https://urbania.pe/inmueble/clasificado/veclcain-venta-de-casa-en-san-martin-de-porres-lima-5-a-mas-dormitorios-148507692?n_src=Listado&n_pg=3&n_pos=15|2026-03-18
urbania|casas|venta|Lima Norte|San Martin de Porres|"Urb Vipol de Naranjal
Vipol De Naranjal, San Martín de Porres"|S/ 432,150 · USD 129,000|432150|129000|||"120 m² tot.
5 dorm.
4 baños
1 estac."|120|5|4|1|Casa en San Martín de Porres — Urb. Vipol de NaranjalEl inmueble está ubicado en Jirón Constelación, Cerca de la Av. Tantamayo y diferentes negocios, esta zona es ideal para personas que quieran implementar un negocio en el primer nivel. Esta ubicación ofrece excelente conectividad con vías principales y servicios locales, ideal para combinar vivienda y actividad comercial de forma cómoda y rentable. Tipo: Casa urbana de 2 pisosDirección: Urb. Vipol de Naranjal, San Martín de Porres, LimaÁrea de terreno: 120. 60 m²Área construida: 173. 79 m²Pisos 2 + AzoteaLocal Comercial en 1er piso (ideal para generar ingresos o continuar como negocio) Habitaciones: 5Baños: 4Estacionamientos: 1Antigüedad: 19 añosDescripción: Espaciosa casa familiar de dos niveles + azotea con ambientes amplios y buena iluminación natural. Distribución versátil que permite adaptar y modernizar según tus necesidades: ideal para una familia numerosa o como inversión para renta/proyecto de remodelación. Ubicación en zona consolidada de San Martín de Porres, con acceso a comercios y transporte. Primer piso: -Sala - Comedor-Cocina-cochera-Cuarto-Baño de visita-Lavandería-Local comercialSegundo piso: - 2 dormitorios con baño incluido- Un dpto completo con sala, comedor, cocina, dos dormitorios, patio lavanderíaAzotea**Al estar en una zona comercial, se puede colocar un negocio en el primer nivel y usar los otros pisos como vivienda. Agenda tu visita y descubre el potencial de esta propiedad. (Sin datos de contacto en esta publicación.) Las imágenes y/o información de este inmueble son de carácter referencial. R. uc.: Razón social: Inversiones Delia S. A. C.|https://urbania.pe/inmueble/clasificado/veclcain-venta-de-casa-en-vipol-de-naranjal-san-martin-de-porres-5-a-mas-dormitorios-148666784?n_src=Listado&n_pills=%C3%81rea+de+lavander%C3%ADa&n_pg=3&n_pos=16|2026-03-18
urbania|casas|venta|Lima Norte|San Martin de Porres|"Mz. F Lt. 16, en Nazareth, en San Martín de Porres
Nazareth Et.1, San Martín de Porres"|S/ 420,000|420000||||"280 m² tot.
11 dorm.
3 baños
2 estac."|280|11|3|2|Contacto: isabel manrique - celular: 9**8**3**6**4**9**7**2**3Tenemos en venta una propiedad la que se puede usar como vivienda o puede adaptarse para instalar algún tipo de negocio. Cuenta con acceso a la Av. Canta Callao y a la recientemente pavimentada Av. Naranjal-descripción: La propiedad cuenta con un área de 120 m2 y un área construida de casi 280 m2 distribuidos en 3 pisos, construidos en material noble, faltan algunos acabados quien lo compré lo hará a su gusto, con opción de construir por lo menos un piso más, siendo muy atractivo para inversionistas. La zona cuenta con servicios básicos, pistas y veredas. -ubicación: San Martín de Porres, a un paso de la recientemente asfaltada prolongación Av. Naranjal, muy cerca de la Av. El Sol de Naranjal. -precio: S/. 420, 000 Un precio inmejorable, aún así es negociable. Estamos a tu disposición para brindarte toda la información que necesites y ayudarte en todo para realizar una excelente inversión. ¿Necesitas un préstamo hipotecario? En remax expo podemos contactarte con personal de las principales entidadesLas visitas son previa cita, cualquier duda adicional no dejes de contactar a tu agente inmobiliario de confianza. Si tienes alguna duda o deseas programar una visita, no dudes en contactar a tu agente inmobiliario de confianza. ¡no pierdas esta oportunidad!|https://urbania.pe/inmueble/clasificado/veclcain-venta-de-casa-en-nazareth-et1-san-martin-de-porres-5-a-mas-dormitorios-148206029?n_src=Listado&n_pg=3&n_pos=17|2026-03-18
urbania|casas|venta|Lima Norte|San Martin de Porres|"Arco Iris
San Martín de Porres, Lima"|S/ 753,750 · USD 225,000|753750|225000|||"120 m² tot.
7 dorm.
7 baños"|120|7|7||Se vende amplia casa de 3 pisos de 120 m2, esta propiedad representa la oportunidad para familia numerosa o inversionistas. Está ubicado en una de las urbanizaciones más seguras y tranquilas que buscan comodidad cerca de las avenidas principales del distrito, cerca de colegios, a unos minutos de Plaza Norte. La propiedad cuenta con 3 departamentos. Primer nivel: (1 departamento) - 2 dormitorios. - 2 baños. - cocina con muebles altos y bajos. - sala comedor. - lavandería. - cochera. - gas cálidda. segundo nivel: (1 departamento) - 2 dormitorios. - 2 baños. - cocina muebles bajo. - lavandería. - sala comedor. - 1 salón amplio con baño. tercer nivel: (1 departamento) - 3 dormitorios. - 3 baños. - cocina. - lavandería. precio: us$ 225, 000. 00. ¡Todo lo que necesitas para vivir de la mejor manera! No pierdas la oportunidad. Contáctanos ahora para más información y agendar una visita|https://urbania.pe/inmueble/clasificado/veclcain-venta-de-casa-en-san-martin-de-porres-lima-5-a-mas-dormitorios-148915093?n_src=Listado&n_pills=%C3%81rea+de+lavander%C3%ADa&n_pg=3&n_pos=18|2026-03-18
urbania|casas|venta|Lima Norte|San Martin de Porres|"Unidad Inmobiliaria N° 01
San Martín de Porres, Lima"|S/ 341,100|341100||||"156 m² tot.
4 dorm.
4 baños
1 estac."|156|4|4|1|Valor comercial: S/456, 000 (precio negociable) en oferta (25% de descuento): s/341, 100. características. -Área Construida: 132. 03 m2. -Área ocupada: 156. 03 m2. - Zonificación: rdm. -Cerca al Parque Los Astronautas, Mega Muebles, centros de salud y la Av. Francisco Bolognesi. Agenda una visita Y negocia el precio. Somos Grupo Ordesa, el asesor experto en inmuebles adjudicados de los principales bancos del país. Contamos con una extensa cartera de inmuebles por todo el Perú, al mejor precio. Tenemos el inmueble que necesitas. Solicita nuestros catálogos gratis. *Tipo de cambio referencial de 3. 4. Sujeto a variación diaria por fluctuación del mercado. No te olvides de seguirnos en nuestras redes sociales: ig: @grupo. ordesa. fb: Grupo Ordesa. sadorsa sac - ruc Ver datos. sadorsa bank - ruc Ver datos|https://urbania.pe/inmueble/clasificado/veclcain-venta-de-casa-en-san-martin-de-porres-lima-4-dormitorios-144477022?n_src=Listado&n_pg=3&n_pos=19|2026-03-18
urbania|casas|venta|Lima Norte|San Martin de Porres|"jr heroes de la libertad 330
Los Libertadores, San Martín de Porres"|S/ 638,400 · USD 190,000|638400|190000|||"200 m² tot.
9 dorm.
4 baños
2 estac."|200|9|4|2|Casa en San Martin de Porres de 2 pisos cerca a avenidas principales. El inmueble cuenta con la siguiente distribución: 1er piso: 4 habitaciones. 1 sala comedor. 2 baños. 2 cocheras. lavandería. tragaluz. cocina. 2do piso: 5 habitaciones. 1 sala comedor. lavandería. 2 baños. cocina. patio. 3er piso: azotea. para familia numerosa o para invertir. ¿te imaginas viviendo o invirtiendo aquí? Escríbeme para coordinar tu visita y conocerla a detalle, yo encantado estaré para atenderte!!|https://urbania.pe/inmueble/clasificado/veclcain-venta-de-casa-en-los-libertadores-san-martin-de-porres-5-a-mas-dormitorios-148271388?n_src=Listado&n_pills=Cerca+a+colegios&n_pg=3&n_pos=20|2026-03-18
urbania|casas|venta|Lima Norte|San Martin de Porres|"Av. Zarumilla 569, Lima 15101, Perú
San Martín de Porres, Lima"|S/ 504,000 · USD 150,000|504000|150000|||"280 m² tot.
5 dorm.
2 baños"|280|5|2||¡Oportunidad Única de Inversión en Zona Súper Comercial! Precio: $150, 000 Negociable¡No dejes pasar esta increíble oportunidad de adquirir una propiedad de dos pisos ubicada en una de las zonas más comerciales y transitadas de la ciudad! A tan solo metros de Caquetá, en plena esquina estratégica con doble frente, este inmueble es ideal para emprendedores, inversionistas o familias que buscan un espacio amplio y con gran potencial de rentabilidad. Características Principales: 5 habitaciones amplias, perfectas para vivir cómodamente o rentar por separado. Local comercial en el primer piso, ideal para cualquier tipo de negocio. Almacén adicional que brinda mayor versatilidad y espacio de almacenamiento. Ubicación inmejorable: esquina altamente visible, con constante flujo peatonal y vehicular. Zona de alto movimiento comercial, perfecta para tiendas, farmacias, minimarkets, oficinas, entre otros. Construcción sólida y lista para usar. Esta propiedad no solo es una casa, es una fuente de ingresos potencial que te permitirá vivir y trabajar en el mismo lugar o generar rentas desde el primer día. Ubicación privilegiada + doble frente = exposición máxima para tu negocio. R. U. C Ver datos|https://urbania.pe/inmueble/clasificado/veclcain-venta-de-casa-en-san-martin-de-porres-lima-5-a-mas-dormitorios-148480933?n_src=Listado&n_pg=3&n_pos=21|2026-03-18
urbania|casas|venta|Lima Norte|San Martin de Porres|"av jose granda
Jose Carlos Mariategui, San Martín de Porres"|S/ 714,000 · USD 210,000|714000|210000|||"160 m² tot.
4 dorm.
3 baños
1 estac."|160|4|3|1|Casa en venta - 160m2, 4 dorm, 4 baños Av. Jose Granda, san martin, us$ 210. 000. 1er. Piso: piso de porcelanato. - sala comedor amplia con mampara al patio. - cocina grande. - baño de visita. - cuarto y baño grande. Completo. - lavanderia. - patio interior. 2do. Piso: piso de cemento. - 3 cuartos el principal con baño. - 2 baños amplios. - sala de T. - escaleral A la azotea. 3Eer. Piso: piso de cemento. - Baño completo. - Bien ubicado en plena avenida.. Contacto: Leslie Fajardo Ver datos.. . . #inmuebles #inmobiliaria #peruinmuebles #inversiones #perurealestate #realestateperu #departamentos #agenteinmobiliario #vivienda #casa #propiedades #ventadepartamento #bienesraices #oferta #sanmartindeporres|https://urbania.pe/inmueble/clasificado/veclcain-venta-de-casa-en-jose-carlos-mariategui-san-martin-de-porres-4-dormitorios-148271348?n_src=Listado&n_pills=Guardian%C3%ADa%2FSeguridad+privada&n_pg=3&n_pos=22|2026-03-18
urbania|casas|venta|Lima Norte|San Martin de Porres|"Cooperativa Coviti
San Martín de Porres, Lima"|S/ 748,000 · USD 220,000|748000|220000|||"140 m² tot.
6 dorm.
3 baños
2 estac."|140|6|3|2|Casa de 2 pisos + azotea en zona segura Y céntrica de san martin de porres¡Oportunidad única! Se vende amplia casa de 2 pisos más azotea, ideal para familia numerosa o para inversión. Ubicada en una zona residencial cerrada y segura, a solo 4 cuadras de la Av. Antúnez de Mayolo, cerca de Covida, Mega Plaza, Royal Plaza, con fácil acceso a transporte público, colegios, parques y de terreno: 140m2area construida: 160m2 Distribución: Primer Piso: 1 cocheraTienda (ideal para negocio propio) Sala y comedor ampliosCocina funcionalLavandería1 habitaciónSegundo Piso: 1 dormitorio principal con baño completo2 dormitorios secundarios amplios1 baño compartidoHall de distribuciónTercer Piso (Azotea): 2 dormitorios adicionalesÁrea de tendalLavanderíaTecho sol y sombra Características adicionales: 24 años de antigüedad, en buen estado de conservaciónInstalación de gas natural (Cálidda) Calle cerrada con rejas y vigilancia permanenteZona tranquila y con excelente conectividad¡Perfecta para vivir cómodamente o para generar ingresos alquilando pisos o habitaciones!|https://urbania.pe/inmueble/clasificado/veclcain-venta-de-casa-en-san-martin-de-porres-lima-5-a-mas-dormitorios-148333941?n_src=Listado&n_pills=%C3%81rea+de+lavander%C3%ADa&n_pg=3&n_pos=23|2026-03-18
urbania|casas|venta|Lima Norte|San Martin de Porres|"Jr. Filadelfia 2389, San Martin de Porres
San Martín de Porres, Lima"|S/ 980,000 · USD 280,000|980000|280000|||"252 m² tot.
4 dorm.
2 baños"|252|4|2||T. C. 3. 50Tipo de cambio referencial, sujeto a variación diaria por fluctuación del mercado|https://urbania.pe/inmueble/clasificado/veclcain-venta-de-casa-en-san-martin-de-porres-lima-4-dormitorios-148034937?n_src=Listado&n_pg=3&n_pos=24|2026-03-18
urbania|casas|venta|Lima Norte|San Martin de Porres|"Avenida Ricardo León Velarde
Los Libertadores, San Martín de Porres"|S/ 578,000 · USD 172,000|578000|172000|||"160 m² tot.
5 dorm.
3 baños"|160|5|3||Casa 160m2 2 pisos 5 dor 3 baños urb. Aso. Pro. Los libertadores smp $ 172. 000. inmueble casa. distrito smp. urbanización asoc. Pro. Los libertadores. area 160m2. frente 8 ml. fondo 20 ml. pisos 2. dormitorios 5. baños 3. cocina tradicional. suelos ceramica. estado conservada. documentos reg publicos. todo en regla. detalles: casa de 2 pisos cerca A parques en smp zona comercial urbanización tranquila Y centrica cerca avenidas principales Y colegios documentos en regla precio incluye tramites legales Y crédito hipotecario negociable. Www. atikoinmobiliaria. com|https://urbania.pe/inmueble/clasificado/veclcain-venta-de-casa-en-los-libertadores-san-martin-de-porres-5-a-mas-dormitorios-148638714?n_src=Listado&n_pills=%C3%81rea+de+lavander%C3%ADa&n_pg=3&n_pos=25|2026-03-18
urbania|casas|venta|Lima Norte|San Martin de Porres|"Av Sta Rosa Mz.H - Lt.52
San Martín de Porres, Lima"|S/ 932,400 · USD 260,000|932400|260000|||"120 m² tot.
6 dorm.
5 baños"|120|6|5||Excelente oportunidad para inversionistas que buscan ingresos mensuales estables y una propiedad que genere renta desde el primer día. Área de terreno: 120 m² Área construida: 300m² casa de 3 pisos mas azotea. Distribución funcional y rentable. Primer piso (zona comercial): 1 locales comerciales con excelente exposición 1 cochera 1 baño sala comedor cocina. segundo piso. 1 departamento cuenta con: 1dormitorios. Sala – comedor. Cocina. Baño completo Lavandería. Podemos encontrar otro ambiente con: Dos dormitórios. 1baño completo. tercer piso 1 Departamento Sala comedor Cocina 1 baño completo 1dormitorio principal con baño 2 dormitórios secundários. 4to piso acceso azotea. Ideal para inversionistas. Potencial de ingresos mensuales por alquiler de locales y departamentos. Alta demanda de alquiler en la zona. Propiedad multifamiliar y comercial (diversificación de ingresos) Zona urbana consolidada y de fácil alquiler. Ubicación: Cerca del cruce de Avenida Canta Callo con Avenida Los Alisos. A media cuadra del parque Monte de los Olivos. A 05 Minutos del Óvalo Naranajal y del mercado MerproLima, A 10 Minutos del Aeropuerto. Cerca del Tottus de Canta Callao, Megaplaza y Metro de Independencia. Cerca de Colegio Monitor, Praderas, Roma, Monserrat, Saco Oliveros. A metros de Av. Izaguirre. Cerca de parques, colegios y principales vías. Precio de venta: $ 280, 000 negociable. Visitas previa cita: ** comunicate al 9*9*9*0*7*3*6*1*5|https://urbania.pe/inmueble/clasificado/veclcain-venta-de-casa-en-san-martin-de-porres-lima-5-a-mas-dormitorios-148836639?n_src=Listado&n_pills=%C3%81rea+de+lavander%C3%ADa&n_pg=3&n_pos=26|2026-03-18
urbania|casas|venta|Lima Norte|San Martin de Porres|"Jirón Thomas Cochrane 3651
San Martín de Porres, Lima"|S/ 997,600 · USD 290,000|997600|290000|||"160 m² tot.
10 dorm.
6 baños"|160|10|6||Casa de tres pisos construidos con proyección para cinco, ideal para inversionistas que buscan generar ingresos mensuales por alquiler de habitaciones. La propiedad cuenta con más de 12 habitaciones y más de 6 baños, distribuidos de la siguiente manera: Primer nivel: sala, comedor, cocina y algunas habitaciones destinadas para alquiler. Desde el segundo nivel cuenta con ingreso independiente, lo que permite manejar de forma separada las áreas destinadas a renta. Segundo nivel: área enfocada en alquiler de habitaciones, con cuartos con baño y sin baño. Tercer nivel: habitaciones adicionales también con baño y sin baño, destinadas para renta. Cuarto nivel: construcción sin terminar, con potencial para desarrollar hasta 5 pisos. Las habitaciones se alquilan aproximadamente en: - S/500 mensuales (habitaciones sin baño) - S/700 mensuales (habitaciones con baño) Una propiedad ideal para quien busca vivir de rentas y además seguir ampliando el potencial de ingresos con más construcción.|https://urbania.pe/inmueble/clasificado/veclcain-venta-de-casa-en-san-martin-de-porres-lima-5-a-mas-dormitorios-149276508?n_src=Listado&n_pg=3&n_pos=27|2026-03-18
urbania|casas|venta|Lima Norte|San Martin de Porres|"Calle Progreso
San Martín de Porres, Lima"|S/ 676,000 · USD 199,000|676000|199000|||"480 m² tot.
10 dorm.
4 baños
1 estac."|480|10|4|1|¡oportunidad, se vende casa al costa de plaza norte!! A media cuadra de la av. Tupac amaru. área de terreno 160 m² ideal para alquilar O remodelar para venta de departamentos. ubicada en urb. Mesa redonda - S. M. P. A tres cuadras de plaza norte Y cinco de mega plaza Y A una cuadra de la av. Túpac amaru. Primer piso: - sala - comedor. - amplia cocina. - 03 dormitorios. - 02 baños completos. - lavandería. - patio. - espacio para cochera. segundo piso: - 03 dormitorios con baño compartido. - 02 dormitorios con baño incorporado. - área de cocina. tercer piso: material metálico Y concreto. - 04 dormitorios con baño compartido. - 02 dormitorios con baño incorporado. - lavandería - tendedero. precio: $ 220, 000- se aceptan propuestas. ¡agende su visita ahora!|https://urbania.pe/inmueble/clasificado/veclcain-venta-de-casa-en-san-martin-de-porres-lima-5-a-mas-dormitorios-148263434?n_src=Listado&n_pills=%C3%81rea+de+lavander%C3%ADa&n_pg=3&n_pos=28|2026-03-18
urbania|casas|venta|Lima Norte|San Martin de Porres|"Avenida Santa Rosa 401 Urbanizacion Miguel Grau SAN Martin DE Porres
Santa Rosa, San Martín de Porres"|S/ 873,600 · USD 260,000|873600|260000|||"242 m² tot.
4 dorm.
4 baños
6 estac."|242|4|4|6|¡oportunidad única de inversión en san martín de porres – precio ajustado! - Ubicación estratégica: Frente a la uni, a pasos de Av. Túpac y del Metropolitano _ Precio de ocasión: $278, 000 ¿Buscas una propiedad con gran potencial de rentabilidad? ¡Esta es la oportunidad que estabas esperando! - Se vende amplia casa de 3 pisos y medio en esquina, ideal para: * Academias preuniversitarias * Residencias para estudiantes de provincia * Departamentos para alquiler * Negocio familiar o proyecto multifamiliar - Área total: 242 m² - Área construida: 759 m² - 2 accesos independientes - 6 habitaciones / 5 baños - Cochera para hasta 6 autos - Excelente iluminación natural y terraza con vista - Distribución lista para adecuar y generar ingresos desde el primer día * Con una ubicación privilegiada frente a la Universidad de Ingeniería (uni), esta propiedad ofrece una demanda constante de alquileres, servicios y negocios. Todo a tu alcance: transporte público, colegios, centros comerciales y más. * ¡No dejes pasar esta verdadera oportunidad inmobiliaria en Lima Norte! Contáctame hoy y agenda tu visita. * Evelin Olortegui Vera – Asesora Inmobiliaria remax power expo * WhatsApp: Ver datos|https://urbania.pe/inmueble/clasificado/veclcain-venta-de-casa-en-santa-rosa-san-martin-de-porres-4-dormitorios-148589007?n_src=Listado&n_pg=3&n_pos=29|2026-03-18
urbania|casas|venta|Lima Norte|San Martin de Porres|"Jirón José María Córdova 3683
San Martín de Porres, Lima"|S/ 707,700 · USD 210,000|707700|210000|||"160 m² tot.
15 dorm.
8 baños"|160|15|8||Se vende espaciosa propiedad con 160 m2 de área de terreno y 466 m2 de área construida, distribuida en tres pisos más azotea, perfecta para familias numerosas, negocio de hospedaje, oficinas, policlínico o colegio o proyecto de renta. Distribución. - 15 dormitorios. 8 baños. 2 salas. 2 salones de uso multiple. Cocina independiente. Patio. Depósito. Áreas complementarias: - Lavandería. Azotea. 2 tanques de agua. Precio de venta: us$ Ver datos. Propiedad con gtran potencial de rentabilidad por su amplitud y distribución funcional. Contacto: orlando nuñez. del: Ver datos. remax united|https://urbania.pe/inmueble/clasificado/veclcain-venta-de-casa-en-san-martin-de-porres-lima-5-a-mas-dormitorios-149125198?n_src=Listado&n_pills=Cerca+a+colegios&n_pg=3&n_pos=30|2026-03-18
urbania|casas|venta|Lima Norte|San Martin de Porres|"LAS ESMERALDAS
San Martín de Porres, Lima"|S/ 840,000 · USD 160,000|840000|160000|||"160 m² tot.
5 dorm.
4 baños
1 estac."|160|5|4|1|Casa de 160M2 de terreno muy cerca A la av. Los alisos Y la universitaria, tres pisos construidos, 5 baños, 6 dormitorios Y un dpto independiente, la casa esta frente A parque Y estacionamiento… no compres dpto, compra casa con suelo Y piso que aumentara tu inversion cuando gane porky la presidencia en el 2026.|https://urbania.pe/inmueble/clasificado/veclcain-venta-de-casa-en-san-martin-de-porres-lima-5-a-mas-dormitorios-147252877?n_src=Listado&n_pills=Seguridad&n_pg=4&n_pos=1|2026-03-18
urbania|casas|venta|Lima Norte|San Martin de Porres|"Mz. C lote 23 Asociacion Villa el Amauta
Villa El Amauta, San Martín de Porres"|S/ 608,400 · USD 180,000|608400|180000|||"116 m² tot.
9 dorm.
6 baños"|116|9|6||Casa en venta ubicada en Villa El Amauta, ideal para familias grandes. Dispone de 9 recámaras y 6 baños, perfecta para alojar a todos cómodamente. La propiedad cuenta con una superficie construida de 304 m² distribuidos en 4 niveles, sobre un terreno de 116 m². Incluye sala de estar y comedor diario, además de un dormitorio principal con baño propio. En el exterior, la casa ofrece patio y terraza, ideales para el esparcimiento. También cuenta con área de lavandería e ingreso independiente. Dispone de 4 pisos y cochera tipo lineales. La zona es de carácter residencial, con fácil acceso a servicios básicos como agua y luz. En sus alrededores, se encuentran escuelas cercanas, facilitando la vida familiar. Villa El Amauta ofrece un entorno tranquilo y seguro para vivir.|https://urbania.pe/inmueble/clasificado/veclcain-venta-de-casa-en-villa-el-amauta-san-martin-de-porres-5-a-mas-dormitorios-148934244?n_src=Listado&n_pills=Cerca+a+colegios&n_pg=4&n_pos=2|2026-03-18
urbania|casas|venta|Lima Norte|San Martin de Porres|"Jiron Tacna 3378
San Martín de Porres, Lima"|S/ 706,850 · USD 211,000|706850|211000|||"298 m² tot.
6 dorm.
4 baños"|298|6|4||Casa en Venta de 2 Pisos + Azotea en S. M. P. Con Espacios Amplios Para Vivir en FamiliaGran Oportunidad: Casa En Venta De 2 Pisos + Azotea En S. M. P. Casa en Venta en Urb. Perù – Hermosa y amplia y con Gran Potencial de Inversión Ubicación estratégica: A 5 cdras de la Av. Perù, A 5 cdras de la Av. Universitaria, a 10 minutos del Aeropuerto – Conectividad inmejorable. Rodeada de parques, colegios reconocidos, mercados, supermercados y todo lo necesario para tu comodidad. A 3 cdras de la Plaza de armas de San Martin de PorresCaracterísticas Generales: Área de terreno: 185. 13 m²Área construida: 298 m²Niveles: 2 pisos + azoteaPerfecta para vivienda familiar grande o inversión con opción de departamentos independientesR. U. C Ver datos|https://urbania.pe/inmueble/clasificado/veclcain-venta-de-casa-en-san-martin-de-porres-lima-5-a-mas-dormitorios-148343531?n_src=Listado&n_pg=4&n_pos=3|2026-03-18
urbania|casas|venta|Lima Norte|San Martin de Porres|"Calle Mariano Varela
Ama Quella, San Martín de Porres"|S/ 561,000 · USD 165,000|561000|165000|||"88 m² tot.
17 dorm.
5 baños"|88|17|5||Descripción. Área de terreno: 88m2. Área construida: 360m2. Cada departamento tiene entrada independiente. Primer piso: 4 habitaciones. Sala comedor- Kitchenet. 1 baño. Lavandería y tendal. Piso enchapado con mayólica. Segundo piso: 3 habitaciones. 1 cocina. 1 sala -comedor. 1 baño. Piso enchapado con porcelanato. Tercer piso: 4 habitaciones. Sala- comedor y Kitchenet. 1 baño. Lavandería. Piso enchapado con cerámica. Cuarto piso: 4 habitaciones. Sala- comedor y Kitchenet. 1 baño. Lavandería. Piso enchapado con cerámica. Terraza 5 piso: 3 habitaciones. 1 baño. Lavandería. Área de parrilla. Piso enchapado con cerámica. 6to Piso: tendal y depósito. Todas las cocinas tienen muebles altos y bajos. Cerca al aeropuerto, Plaza Norte, Megaplaza y al futuro Metropolitano. Fácil acceso a medio de transporte, cruce Av San German con Av Universitaria y Av Tomas Valle. Documentos en regla.|https://urbania.pe/inmueble/clasificado/veclcain-venta-de-casa-en-ama-quella-san-martin-de-porres-5-a-mas-dormitorios-149096913?n_src=Listado&n_pills=%C3%81rea+de+lavander%C3%ADa&n_pg=4&n_pos=4|2026-03-18
urbania|casas|venta|Lima Norte|San Martin de Porres|"c. choquehuanca 161
San Martín de Porres, Lima"|S/ 606,350 · USD 181,000|606350|181000|||"199 m² tot.
8 dorm.
4 baños
1 estac."|199|8|4|1|Si esta oportunidad es de tu interés, comunicarte con Ana Ayala al 9. 8. 7. 2. 8. 7. 5. 8. 0. Agente inmobiliaria asociada a re/max Gestión Inmobiliaria o visítanos en Calle Coronel Inclán 235 Oficina 402 en Miraflores, nuestra central telefónica es 7. 1. 5. 0. 9. 0. 6. Ubicada en Calle Choquehuanca de Urb. Valdivieso, altura del Colegio Fe y Alegria que esta sobre la Av. Lima que conecta la Av. Universitaria y la Panamericana Norte. Esta casa tiene un terreno de 200 m2 con un frente de 00 m, tiene 300 m2 de área construida en 3 pisos entre ellos independientes, el último de ellos aún pendiente de techar con material noble. La zona es una segura y ofrece el perfecto equilibrio entre tranquilidad, seguridad y acceso a todos los servicios. La casa cuenta con 10 habitaciones, una cochera techada, 3 cocinas para mayor independencia entre los pisos, 4 baños completos, distribuidos en los diferentes niveles. Amplias salas y comedores ideales para reuniones o actividades familiares. Patio trasero con espacio para actividades al aire libre.|https://urbania.pe/inmueble/clasificado/veclcain-venta-de-casa-en-san-martin-de-porres-lima-5-a-mas-dormitorios-148528540?n_src=Listado&n_pg=4&n_pos=5|2026-03-18
urbania|casas|venta|Lima Norte|San Martin de Porres|"Choquehuanca al 100
San Martín de Porres, Lima"|S/ 257,000 · USD 77,000|257000|77000|||"120 m² tot.
2 dorm.
2 baños"|120|2|2||Lelis gongora 9+8+4+9+7+8+2+9+7id Ver datosVenta de Casa de 4 Pisos en San Martín de Porres – Ubicación Estratégica y Gran PotencialOportunidad única de adquirir una casa de 4 pisos ubicada a pocos metros del Colegio Alegría, en la zona de Valdivieso – San Martín de Porres, una ubicación altamente demandada por su acceso rápido, seguridad y flujo constante de servicios. Características del Inmueble Área total: 40 m² 4 pisos construidos Primer piso: Un ambiente amplio ideal para sala-comedor o negocio + zona de cocina. Segundo piso: Ambiente adicional + baño completo + espacio para una cocina abierta. Tercer piso: Distribución similar al segundo piso (ambiente + baño + espacio para cocina abierta). Cuarto piso: Espacio amplio sin techar, ideal para construcción futura, terraza, mini departamento o depósito. Un solo propietario (documentos en regla). Se vende con aires Tiene faltantes de acabados, lo que permite personalizar al gusto del comprador y aumentar el valor de la propiedad rápidamente. Beneficios y Ventajas Ubicación estratégica: al costado del Colegio Alegría, ideal para familias, estudiantes o proyectos de alquiler. Excelente opción para inversión: cada piso puede convertirse en un mini departamento independiente, generando ingresos mensuales. Zona con comercios, mercados, parques, movilidad y colegios a solo pasos. Calle tranquila y de fácil acceso. Inversión perfecta para quien busca ampliar, remodelar o construir a su gusto. Ideal para: Familias que desean vivir y alquilar otros pisos. Inversionistas que buscan renta mensual con mini departamentos. Personas que quieren una propiedad bien ubicada a un precio accesible y con gran potencial de crecimiento.|https://urbania.pe/inmueble/clasificado/veclcain-venta-de-casa-en-san-martin-de-porres-lima-2-dormitorios-148929134?n_src=Listado&n_pg=4&n_pos=6|2026-03-18
urbania|casas|venta|Lima Norte|San Martin de Porres|"Jirón Ayacucho
San Martín de Porres, Lima"|S/ 725,000 · USD 213,000|725000|213000|||"193 m² tot.
10 dorm."|193|10|||"Venta de amplia casa con 10 dormitorios en San Martín de Porres perfecta para familias grandes o como inversión, cerca del Aeropuerto Jorge Chávez. Terreno: 193. 2 m² | Construcción: 310m2 aproximadamente. 2 pisos + azotea. Remodelada hace 6 años. Cuenta con 4 departamentos independientes, y medidores de luz interno. * Especial como vivienda para familia grande (con mucho espacio y privacidad entre niveles). * O cómo inversión (genera mínimo S/4, 600. 00 soles mensuales en renta) alquilando los 4 departamentos, con proyección a nuevas ampliaciones en la azotea. Primer piso. * Departamento de 3 dormitorios amplios y luminosos, 2 baños completos, sala-comedor espaciosa con porcelanato, cocina con buenos acabados y conexión a gas natural. * Departamento de 2 dormitorios, 1 baño, cocina grande y zona de lavado independiente. Segundo piso. * Departamento con vista a la calle: 3 dormitorios, 1 baño, sala-comedor y cocina bien distribuidos y amplios. * Departamento vista interior: 2 dormitorios, baño completo, sala-comedor amplia y cocina funcional. Azotea: Perimetrada con muros y columnas, actualmente con un almacén de drywall. Gran potencial para construir más pisos. Ubicación práctica: A pocos minutos del aeropuerto, cerca de avenida Perú, centro comercial Tottus, mercados, parques, colegios e iglesias. Precio: us$ 213, 000. 00 usd (negociable) Trato directo. Abierto a propuestas serias. Si requieren más fotos y/o coordinar una visita, contáctame."|https://urbania.pe/inmueble/clasificado/veclcapa-venta-de-casa-en-san-martin-de-porres-lima-5-a-mas-dormitorios-148784559?n_src=Listado&n_pills=Cerca+a+colegios&n_pg=4&n_pos=7|2026-03-18
urbania|casas|venta|Lima Norte|San Martin de Porres|"Nicanor Garcia Y Trelles al 300
Ingenieria, San Martín de Porres"|S/ 1,000,000 · USD 340,000|1000000|340000|||"385 m² tot.
7 dorm.
4 baños
1 estac."|385|7|4|1|Casa habitación de tres pisos ubicado en Jiron Nicanor Garcia y Lastres, Cdra 3 lel inmueble cuenta con la siguiente distribución: 1º Piso: Garaje, Sala, comedor, 1/2 baño, cocina, baño completo, patio, lavanderia, 2 habitaciones. 2º Piso: Sala, comedor, cocina, baño, 4 habitaciones. 3º Piso: Tendal, lavandería, habitación, baño, tres depósitos.|https://urbania.pe/inmueble/clasificado/veclcain-venta-de-casa-en-ingenieria-san-martin-de-porres-5-a-mas-dormitorios-146797106?n_src=Listado&n_pills=%C3%81rea+de+lavander%C3%ADa&n_pg=4&n_pos=8|2026-03-18
urbania|casas|venta|Lima Norte|San Martin de Porres|"Jr. Pinar del Rio 2573
San Martín de Porres, Lima"|S/ 292,000 · USD 84,000|292000|84000|||"135 m² tot.
1 baño"|135||||Jogesantamaria%remaxpowerexpo/com C O N T 9-2-3-5-9-6-6-2-3 jorgeshVer datos venta de primer piso independizado de casa en san martin de porres Esta casa de 135m² en el primer piso, situada a la altura de la Cdra. 25 de la Av. Perú en San Martín de Porres, representa mucho más que una simple vivienda; ofrece un centro de estilo de vida estratégico para una familia activa y productiva. Caracteristicas especiales: Con un acceso inigualable al nuevo aeropuerto internacional, un vibrante panorama comercial, instituciones educativas de primer nivel y una red vial bien conectada, esta propiedad promete conveniencia, crecimiento y una alta calidad de vida. Constituye una oportunidad excepcional para quienes buscan un entorno de vida dinámico y con un sólido soporte en Lima. Distribucion: Amplia sala comedor, Dos habitaciones Cocina Baño y pasillo precio: $84, 000 dolares negociable|https://urbania.pe/inmueble/clasificado/veclcain-venta-de-casa-en-san-martin-de-porres-lima-147406559?n_src=Listado&n_pg=4&n_pos=9|2026-03-18
urbania|casas|venta|Lima Norte|San Martin de Porres|"urbanizacion virgen de fatima
San Martín de Porres, Lima"|S/ 1,120,000 · USD 320,000|1120000|320000|||"180 m² tot.
20 dorm.
11 baños"|180|20|11||Excelente oportunidad de inversión! Venta de casa de 4 pisos en esquina en San Martin de Porres. Ubicación: Frente al colegio Virgen de Fátima en la Calle 4, Urbanización Cooperativa Virgen de Fátima. Excelente conectividad y zona con gran potencial. Ideal para familia numerosa, negocio de alquiler de habitaciones o negocio inmobiliario. Características: - Área total: 180 m² - Casa de 4 pisos en esquina. distribución: Primer piso: - Hall de ingreso y pasadizo. - Depósito. - Sala – comedor. - Cocina. - 2 dormitorios. - 2 baños. Segundo piso: - 5 dormitorios. - 3 baños. Tercer piso: - 6 dormitorios. - 2 baños. Cuarto piso: - 3 minidepartamentos. Azotea con patio, tendal y área de parrilla. - Lavandería. - 1 baño adicional. - 1Habitación. Precio de venta: us$ 320, 000. Propiedad amplia, de gran proyección para inversión (alquiler por habitaciones, minidepartamentos o familia grande). ¡No dejes pasar esta oportunidad! Contáctanos ahora y agenda una visita para conocer tu futura inversión en San Martín de Porres.|https://urbania.pe/inmueble/clasificado/veclcain-venta-de-casa-en-san-martin-de-porres-lima-5-a-mas-dormitorios-147785097?n_src=Listado&n_pills=Cuartos+de+servicio&n_pg=4&n_pos=10|2026-03-18
urbania|casas|venta|Lima Norte|San Martin de Porres|"Jr Sao Paulo al 1440
Av.peru, San Martín de Porres"|S/ 612,000 · USD 180,000|612000|180000|||196 m² tot.|196||||Casa en ventade 4 pisos en San Martín de Porres – Jr. São Paulousd 180, 000 (negociable) Se vende amplia casa unifamiliar de 4 pisos en la cuadra 14 del Jr. São Paulo, * cerca a Av. Perú, José Granda y Universitaria. * Los 3 primeros pisos con acabados, 4to piso en casco. * Excelente distribución, todos los servicios, zona de fácil acceso. Av. José Granda, Av. Perú, Av. Universitaria, Panamericana Norte, Vía Expresa Línea AmarillaLa casa cuenta con la siguiente distribución: * Primer nivel: Sala-comedor, comedor de diario, cocina, patio de servicio, pasadizo, escalera hacia el segundo nivel. * Segundo nivel: Hall de ingreso, 3/4 baño, ducto, cuatro dormitorios, escalera hacia el tercer nivel. * Tercer nivel: Hall de distribución, baño completo, cuatro dormitorios, escalera hacia el cuarto nivel. * Cuarto nivel: Sala-comedor, pasadizo de distribución, lavadero, baño, tres dormitorios. Ideal para vivienda familiar o inversión. Escríbeme para más información o visita. 9*5*8*0*2*4*8*9*2|https://urbania.pe/inmueble/clasificado/veclcain-venta-de-casa-en-avperu-san-martin-de-porres-148828799?n_src=Listado&n_pills=%C3%81rea+de+lavander%C3%ADa&n_pg=4&n_pos=11|2026-03-18
urbania|casas|venta|Lima Norte|San Martin de Porres|"Calle 28 de Julio y Calle Los Jasminez
San Martín de Porres, Lima"|S/ 610,000 · USD 185,000|610000|185000|||"110 m² tot.
9 dorm.
6 baños"|110|9|6||Casa en venta ubicada en San Martín de Porres, ideal para familias grandes o inversionistas. Cuenta con 9 habitaciones y una superficie total de 110 m², con 260 m² construidos distribuidos en 3 niveles. En su interior, encontrará sala y comedor, cocina, comedor diario y 6 baños. El dormitorio principal cuenta con baño propio. Además, posee sala de estar, clósets y cuarto de servicio. En el exterior, la propiedad ofrece jardín, patio, terraza y parrilla, perfectos para el esparcimiento. Dispone de área de lavandería e ingreso independiente. Cuenta con servicios básicos (agua/luz), desagüe y acceso asfaltado. Además, posee luminarias e internet/wifi y televisión por cable. Se admiten mascotas. La zona es de carácter residencial, con centros comerciales y escuelas cercanas.|https://urbania.pe/inmueble/clasificado/veclcain-venta-de-casa-en-san-martin-de-porres-lima-5-a-mas-dormitorios-148636430?n_src=Listado&n_pills=Cuartos+de+servicio&n_pg=4&n_pos=12|2026-03-18
urbania|casas|venta|Lima Norte|San Martin de Porres|"Urb. Las Brisas de Naranjal
San Martín de Porres, Lima"|S/ 279,200 · USD 80,000|279200|80000|||"120 m² tot.
2 dorm.
2 baños"|120|2|2||Gran oportunidad. - Tenemos en venta una propiedad que fue construida para 5 pisos, que bien puede adaptarse para algún otro tipo de negocio. Cuenta con acceso a la Av. Canta Callao, Av. Naranjal con una proyección de la avenida que se amplía hasta la Av. Néstor Gambeta en Ventanilla, lo cual le da un valor agregado, con transporte público para todo Lima. ¡Excelente Casa de 1 Piso en Venta en San Martín de Porres sólo con 5 años de antigüedad y frente a un parque! Ubicación: Urb. Las Brisas del Naranjal Calle 8 etapa 1, San Martín de Porres, a 1 cdra. De la av. Naranjal, y Av. Paramonga, cerca de la Av. Tantamayo, a 5 mnts del Óvalo Canta Callao, cerca de colegios, tiendas, mercado Chuquitanta y centros comerciales.? Terreno: 120 m²? Área Construida: 80 m²Cuenta con 1 escalera para acceso al techocaracterísticas del 1er piso: -sala comedor, amplia para recibir a tus invitados. -baño de visita muy espacioso-patio interior para poder usarlo como pequeño jardín o mini sala. -dormitorio con baño completo privado, ideal para huéspedes o familiares. -cocina cerrada-cuarto de lavandería funcional- construidos con material noble, faltan acabados- cuenta con gas natural- cuenta con todos los documentos en regla- parámetros para 5 pisos¡No pierdas la oportunidad de hacer de esta propiedad tu nuevo hogar! Precio de Venta: $ 80, 000propiedad con acciones Y derechos en registros públicosdisponible ahora!!|https://urbania.pe/inmueble/clasificado/veclcain-venta-de-casa-en-san-martin-de-porres-lima-2-dormitorios-148265853?n_src=Listado&n_pills=%C3%81rea+de+lavander%C3%ADa&n_pg=4&n_pos=13|2026-03-18
urbania|casas|venta|Lima Norte|San Martin de Porres|"URB. CHICMABAMBA
Chicmabamba Et.1, San Martín de Porres"|S/ 569,000 · USD 169,000|569000|169000|||"140 m² tot.
7 dorm.
4 baños
1 estac."|140|7|4|1|Casa de 2 pisos en la zona de Chicmabamba, San Martín de Porres. Área de terreno: 140 m2 (7mx 20m) 7 amplios dormitorios, 3 cómodas cocinas, 4 baños, 3 áreas de lavanderías. Estacionamiento. Dentro de la casa hay 2 Minidepartamentos por ello la cantidad de cocina y lavanderías adicionales. Antigüedad 26 años. Precio de 169 mil dólares. La casa está a pocos metros de las avenidas Pacasmayo, Dominicos, Canta Callao, cerca del Aeropuerto y la av. Tomás Valle.|https://urbania.pe/inmueble/clasificado/veclcain-venta-de-casa-en-chicmabamba-et1-san-martin-de-porres-5-a-mas-dormitorios-147291606?n_src=Listado&n_pills=Cerca+a+colegios&n_pg=4&n_pos=14|2026-03-18
urbania|casas|venta|Lima Norte|San Martin de Porres|"Jose Santos Chocano 494
San Martín de Porres, Lima"|S/ 1,100,800 · USD 320,000|1100800|320000|||760 m² tot.|760||||Casa en venta — San Martín de Porres (Lima) Dirección: José Santos Chocano, Lima. Área de terreno: 183. 00 m² Área construida: 760. 00 m² ️ Antigüedad: 30 años. Descripción: - Propiedad con gran área construida sobre un terreno compacto, ideal para proyectos de reconversión o continuidad de uso comercial/empresarial. - Distribución interior con flexibilidad para adaptar espacios: oficinas, centros educativos, clínicas, hospedaje tipo hostal, almacén o desarrollo de unidades independientes para renta. - Estructura con 30 años de uso que ofrece una base sólida para modernización y mejora de instalaciones — buena oportunidad para valorizar mediante remodelación. - Ubicación estratégica en San Martín de Porres, con acceso a servicios y redes de transporte que facilitan el movimiento de personal y clientes. 13 departamentos: Distribuidos de la siguiente manera: 5 Monoambientes (perfectos para solteros o estudiantes). 7 Departamentos (con opciones de 1, 2 y 3 dormitorios). -1 Dúplex (ideal para alquiler de alto valor). Ventajas para inversionistas: - Potencial de rentabilidad por subdivisión o cambio de uso. - Ideal para empresas que buscan presencia en una zona con demanda de espacios comerciales y de servicios. - Espacio amplio que permite proyectos a medida según necesidad de negocio. Precio de Venta: $/320, 000. 000 dólares. Negociable. ¿Quieres ver el potencial real del inmueble? Agenda una visita y evalúa las posibilidades de inversión y remodelación.|https://urbania.pe/inmueble/clasificado/veclcain-venta-de-casa-en-san-martin-de-porres-lima-147719934?n_src=Listado&n_pills=Cerca+a+colegios&n_pg=4&n_pos=15|2026-03-18
urbania|casas|venta|Lima Norte|San Martin de Porres|"Xwx4+v6f
San Martín de Porres, Lima"|S/ 980,000 · USD 280,000|980000|280000|||"145 m² tot.
8 dorm.
4 baños
1 estac."|145|8|4|1|? ? ? ? ? +? ? ? ? ? ? Te presento esta magnífica casa? De tres niveles más azotea, ubicada estratégicamente en Los Nísperos, una de las urbanizaciones más tranquilas y seguras de San Martín de Porres. Con 140 m² de área construida, esta propiedad representa la oportunidad perfecta para familias que buscan espacio, comodidad y una ubicación privilegiada cerca de las principales avenidas del distrito.? ? ?: Amplia sala-comedor con iluminación naturalBaño completo de visitaHabitación versátil (ideal para oficina, bodega o depósito) cuenta con garaje con portón enrrollable a la calleCocina integral con reposteros altos y bajosPatio con área de lavanderíaCochera techada? ?: Suite principal con baño privado completo3 habitaciones secundarias con closets empotradosBaño compartido completoHall o sala familiar? ?: Cocina equipada con reposteros altos y bajos + cocina empotradaAmplia sala-comedor con doble acceso2 habitaciones adicionales con closets empotradosBaño compartidoÁrea de lavandería? ? (?): Terraza con múltiples posibilidades de usoLavanderíaAlmacénT. C. 3. 50Tipo de cambio referencial, sujeto a variación diaria por fluctuación del mercado|https://urbania.pe/inmueble/clasificado/veclcain-venta-de-casa-en-san-martin-de-porres-lima-5-a-mas-dormitorios-149236400?n_src=Listado&n_pills=%C3%81rea+de+lavander%C3%ADa&n_pg=4&n_pos=16|2026-03-18
urbania|casas|venta|Lima Norte|San Martin de Porres|"Av. José Granda 2288
San Martín de Porres, Lima"|S/ 385,250 · USD 115,000|385250|115000|||"99 m² tot.
8 dorm.
3 baños"|99|8|3||Si esta oportunidad es de tu interés, comunicarte con Raul Fuentes al 9. 7. 7. 3. 6. 2. 0. 1. 1. Agente inmobiliaria asociada a re/max Gestión Inmobiliaria o visítanos en Calle Coronel Inclán 235 Oficina 402 en Miraflores, nuestra central telefónica es 7. 1. 5. 0. 9. 0. 6. Esta casa viene con bonus! Aprovecha. Casa ubicada en San Martín De Porres, sobre la avenida José Granda. A minutos de la Av. Universitaria con líneas de transporte en la puerta. 99m2 de terreno. 280 m2 techados. Está casa puede ser vivienda de una extensa familia y mascotas, así como funcionar como comercio u oficinas. El segundo y tercer nivel puede utilizarse independientemente del primero debido a su distribución y doble ingreso. Posee 8 habitaciones, 3 baños completos y un medio baño incorporado. Además de ello dos cocinas, una en el primer piso y otra en el tercer piso. El bonus es un área trasera a la cual se accede desde el tercer piso, área que puede ser utilizada como jardín. Esta área es un plus a los 99 m2 de terreno y es de uso exclusivo. Ven y visita tu próximo hogar o tu hogar negocio. Visitas fines de semana.|https://urbania.pe/inmueble/clasificado/veclcain-venta-de-casa-en-san-martin-de-porres-lima-5-a-mas-dormitorios-148711473?n_src=Listado&n_pills=Jard%C3%ADn&n_pg=4&n_pos=17|2026-03-18
urbania|casas|venta|Lima Norte|San Martin de Porres|"Avenida Santos Chocano
San Martín de Porres, Lima"|S/ 803,000 · USD 220,000|803000|220000|||"160 m² tot.
5 dorm.
3 baños
1 estac."|160|5|3|1|Vendo hermosa casa (para remodelar) en avenida Santos Chocano en San Martín de Porres área de terreno 120 m2, dos pisos, que se distribuyen de la siguiente manera: 1er piso: ingreso principal, 1 cochera, habitación multiusos, cuarto de estudios, baño completo, patio pasadizo, sala, comedor, baño de visitas, cocina, terraza con parrilla empotrada y jardinera. 2do piso: sala de estar (hall de distribución), Dormitorio Principal con vista a la calle y techo de 2 aguas, baño incorporado, segundo espacio tipo Walking closet con closet empotrado, dormitorio 2 con espacio para closet empotrado y vista interior, dormitorio 3 con espacio para closet empotrado y vista interior, baño compartido, cuarta habitación multiusos (cuarto de estudio) 3er piso azotea|https://urbania.pe/inmueble/clasificado/veclcain-venta-de-casa-en-san-martin-de-porres-lima-5-a-mas-dormitorios-146383079?n_src=Listado&n_pills=Cerca+a+colegios&n_pg=4&n_pos=18|2026-03-18
urbania|casas|venta|Lima Norte|San Martin de Porres|"parque el encanto san martin de porres
San Martín de Porres, Lima"|S/ 737,000 · USD 220,000|737000|220000|||"120 m² tot.
13 dorm.
7 baños"|120|13|7||- Cada rincón de esta propiedad ha sido cuidadosamente diseñado con un objetivo claro: ¡¡asegurar el retorno de tu inversión!! - Cuenta con ingresos totalmente independientes por piso, lo que la convierte en una excelente oportunidad para alquiler o vivienda multifamiliar. - Cada nivel dispone de medidores independientes de luz y gas cálida, además de un contómetro de agua, lo que permite un control preciso del consumo por unidad. - El segundo y tercer piso tienen acceso directo a la azotea, donde encontrarás un área de lavandería y tendal, ofreciendo funcionalidad y comodidad para todos los residentes. - Este inmueble tiene 2 tragaluces con medidas reglamentarias que aporta excelente ventilación e iluminación a cada piso. Aquí una descripción. Primer Nivel – Funcionalidad y Comodidad. Amplia sala-comedor con excelente iluminación natural. Tres habitaciones grandes y bien ventiladas. Dos baños completos. Cocina cerrada equipada con muebles altos y bajos. Patio interior, lavandería con cisterna y cochera propia. Segundo y Tercer Nivel – Espacios Independientes y Bien Distribuidos. Cada uno de estos pisos cuenta con: Cómoda sala-comedor. Una habitación principal con baño incorporado. Tres habitaciones adicionales. Baño completo compartido. Cocina abierta y amplia, con muebles altos y bajos. Ambos niveles tienen acceso exclusivo al mezzanine ubicado en la azotea, que funciona como su propia área de lavandería y tendal. Cuarto Nivel – Mini-departamento y área común de servicio. Mini-departamento independiente con dos habitaciones, sala-comedor con cocina integrada, un baño completo y área de lavandería exclusiva. Zona de mezzanine/lavandería exclusiva para el segundo y tercer nivel. Espacios organizados y pensados para el confort de todos los residentes. Ubicado frente al parque el encanto, a una cuadra de la Av. Bocanegra Distrito de San Martin de Porres. no pierdas esta oportunidad para invertir ¡Y pon a trabajar tu dinero!|https://urbania.pe/inmueble/clasificado/veclcain-venta-de-casa-en-san-martin-de-porres-lima-5-a-mas-dormitorios-148627655?n_src=Listado&n_pills=Cerca+a+colegios&n_pg=4&n_pos=19|2026-03-18
urbania|casas|venta|Lima Norte|San Martin de Porres|"Calle Libertad al 300
Vista Alegre Et.1, San Martín de Porres"|S/ 356,250 · USD 95,000|356250|95000|||"118 m² tot.
5 dorm.
3 baños
1 estac."|118|5|3|1|¡Oportunidad de inversión! Casa en venta ubicada en el limite de San Martín de Porres y Callao, a la altura de Av. Canta callao con Av. Carlos Izaguirre, cerca a colegio Saco Oliveros, parque Las Gardenias de Oquendo y parque El olivar de Oquendo. Casa de 2 pisos de 120m2, tiene la siguiente distribución: Área de Terreno (at) --&amp;gt; 120m2Área Construida (ac) --&amp;gt; 118m2* Primera Planta- 1 Habitación- Amplia Sala Comedor- Cocina cerrada- Baño completo* Segunda Planta- 3 Dormitorios- Baño completo**valor casa: $95, 000. 00 dólares americanos**aprovecha esta excelente oportunidad Y contactame al 9. 1. 7. 0. 4. 2. 0. 2. 7 Y agendar una visita: Limer Rojas - Asesor Inmobiliario - Inmobiliaria Lima Prime|https://urbania.pe/inmueble/clasificado/veclcain-venta-de-casa-en-vista-alegre-et1-san-martin-de-porres-5-a-mas-dormitorios-146644055?n_src=Listado&n_pills=Cuartos+de+servicio&n_pg=4&n_pos=20|2026-03-18
urbania|casas|venta|Lima Norte|San Martin de Porres|"Jiron San Amadeo
San Amadeo De Garagay, San Martín de Porres"|S/ 514,000 · USD 153,000|514000|153000|||"160 m² tot.
13 dorm.
15 baños"|160|13|15||Casa 120m2 5 pisos 13 dor 15 baños urb. San amadeo smp $ 153. 000. inmueble casa. distrito smp. urbanización san amadeo. area 120m2. frente 60 ml. fondo 20 ml. pisos 5. dormitorios 13. baños 15. cocina tradicional. suelos ceramica. estado conservada. documentos reg publicos. todo en regla. detalles: casa de 5 pisos cerca A parques en smp Y buena zona tambien ideal para proyecto O vivienda urbanización tranquila Y centrica cerca avenidas principales Y colegios documentos en regla precio incluye tramites legales Y crédito hipotecario negociable. Www. atikoinmobiliaria. com|https://urbania.pe/inmueble/clasificado/veclcain-venta-de-casa-en-san-amadeo-de-garagay-san-martin-de-porres-5-a-mas-dormitorios-148638136?n_src=Listado&n_pills=Cerca+a+colegios&n_pg=4&n_pos=21|2026-03-18
urbania|casas|venta|Lima Norte|San Martin de Porres|"Jr. Neptuno, Jenny Matencio 932257327
Vipol De Naranjal, San Martín de Porres"|S/ 653,474 · USD 179,999|653474|179999|||"239 m² tot.
5 dorm.
3 baños
2 estac."|239|5|3|2|"Contacto: jenny matencio/ cel: 9*3*2*2*5*7*3*2*7área total: 240 m² | terreno: 120 m² | construida: 197. 25 m² | 4 dormitorios | 4 baños | 2 cocheras | sala de estar | estudio | terraza | 2 escaleras (interna Y externa) Ubicación estratégica: Jr. Neptuno, a solo 2 cuadras de la Av. Tantamayo, en zona altamente comercial, con fácil acceso a transporte, colegios, mercados y comercios. Oportunidad única de inversión¿Cansado de pagar alquiler? Esta es tu oportunidad de adquirir una casa lista para vivir, alquilar o seguir construyendo. -Estructura sólida con planos y excelente base comprobada. -Parámetros para 4 niveles, ideal para seguir ampliando. -Documentación en regla, apta para compra con crédito hipotecario. -100% inversión segura y rentable. *Distribución de la Propiedadprimer piso-2 cocheras-Sala – Comedor iluminada-Sala de estar-Baño de visita-Dormitorio con baño privado-Cocina cerrada-Patio interior con fuente-Cuarto de lavandería + patio adicionalsegundo piso-Sala adicional-Amplio estudio-2 dormitorios secundarios con clóset-Baño completo compartido-Dormitorio principal con balcón y baño privado (ducha + tina) tercer piso-Terraza con vistas panorámicas-Aires libres listos para construir un 4to nivelBeneficios adicionales: -Zona en constante crecimiento comercial. -Ideal para familias grandes o proyectos de renta (departamentos independientes). -Construcción con materiales de primera calidad."|https://urbania.pe/inmueble/clasificado/veclcain-venta-de-casa-en-vipol-de-naranjal-san-martin-de-porres-5-a-mas-dormitorios-147407088?n_src=Listado&n_pills=%C3%81rea+de+lavander%C3%ADa&n_pg=4&n_pos=22|2026-03-18
urbania|casas|venta|Lima Norte|San Martin de Porres|"Calle los Girasoles
San Martín de Porres, Lima"|S/ 362,529 · USD 107,000|362529|107000|||"120 m² tot.
4 dorm.
2 baños
1 estac."|120|4|2|1|¡gran oportunidad! Casa de 2 pisos en venta – san martín de porres con almacense vende casa de 2 pisos ubicada en una de las zonas más seguras de San Martín de Porres, reconocida por ser la ex Cooperativa de Vivienda de la pnp. Ubicada muy cerca al límite con Los Olivos, en una zona tranquila, ordenada y con excelente proyección de valorización. A 8 min de la universidad cientifica del sur campus los olivos A 11 minutos de la ucv A 15 min del real plaza propropiedad recién remodelada, lista para habitar. Se puede comprar con recursos propios o crédito hipotecario. Características del inmueble: Área de terreno: 120 m²2 pisos construidosInstalación de agua y luzDocumentación en reglaDistribución: Primer piso: Estacionamiento internoIntercomunicador2 baños completosSala – comedor ampliaCocina amoblada (muebles altos y bajos) 3 ingresos directos a la calleJardín exteriorLocal comercial independiente (ideal para ingresos extra) 3 habitacionesPatioLavanderíaSegundo piso: 1 habitación con vista a la calle1 almacénPatioEsta propiedad es ideal para familias, inversionistas o quienes buscan vivir en una zona ordenada, segura y con cercanía a comercios, avenidas principales y Lima Norte. ¡No encontrarás una casa con más ventajas al mejor precio en la zona!|https://urbania.pe/inmueble/clasificado/veclcain-venta-de-casa-en-san-martin-de-porres-lima-4-dormitorios-148263524?n_src=Listado&n_pills=%C3%81rea+de+lavander%C3%ADa&n_pg=4&n_pos=23|2026-03-18
urbania|casas|venta|Lima Norte|San Martin de Porres|"Jiron Almte. Lord Cochrane 3218
San Martín de Porres, Lima"|S/ 1,008,000 · USD 300,000|1008000|300000|||"120 m² tot.
11 dorm.
6 baños
2 estac."|120|11|6|2|Casa en Venta en Urb. El Establo – Frente a Parque, Amplia y con Gran Potencial de Inversión. *Ubicación estratégica: - Jr. Thomas Cochrane, Urb. El Establo – San Martin de Porres. - Conectividad inmejorable: a un paso de Av. Universitaria, Av. José Granda, Av. Germán Aguirre y Av. Los Próceres. - Rodeada de extensos parques, colegios reconocidos como Fe y Alegría y José Granda, mercados, supermercados y todo lo necesario para tu comodidad. *Características Generales: - Área de terreno: 120. 25 m² - Área construida: 492. 50 m² - Niveles: 4 pisos + azotea. - Frente a parque amplio, ideal para disfrutar en familia. - Perfecta para vivienda familiar grande o inversión con opción de departamentos independientes. *Distribución Detallada. *Primer Piso. - Amplia sala – comedor con excelente iluminación. - Cocina cerrada independiente. - 01 baño completo. - Pequeño patio interior. - 01 dormitorio. - Área de lavandería. - Cochera para 2 vehículos. *Segundo Piso. - Hall de ingreso. - 04 dormitorios amplios y ventilados. - 01 baño completo. - Balcón con vista al parque. *Tercer Piso (Listo para personalizar) - Gran oportunidad para acondicionar un departamento independiente con la siguiente proyección: - Sala – comedor. - Cocina abierta. - 03 dormitorios. - 01 baño completo. *Cuarto Piso (Departamento independiente totalmente acondicionado) - Sala – comedor amplia. - Cocina abierta a la sala. - 01 dormitorio principal con baño incluido. - 02 dormitorios secundarios. - 01 baño completo adicional. - Terraza amplia con balcón y vista externa. *Azotea. - Terraza amplia. - Área de lavandería. - 01 baño completo. - Cuarto de servicio o depósito. *Beneficios Clave. - Ubicación privilegiada frente a parque. - Conectividad con principales avenidas y transporte. - Cerca a colegios, supermercados y servicios. - Posibilidad de independizar hasta 3 departamentos. - Ideal para familias grandes o inversión rentable. ¡Coordina tu visita hoy mismo! ¡No dejes pasar esta oportunidad única! Contáctame y agenda tu visita. Esta casa lo tiene todo: ubicación, amplitud y potencial de inversión.|https://urbania.pe/inmueble/clasificado/veclcain-venta-de-casa-en-san-martin-de-porres-lima-5-a-mas-dormitorios-147398851?n_src=Listado&n_pills=Cuartos+de+servicio&n_pg=4&n_pos=24|2026-03-18
urbania|casas|venta|Lima Norte|San Martin de Porres|"AV Zarumilla al 600
San Martín de Porres, Lima"|S/ 291,450 · USD 87,000|291450|87000|||"50 m² tot.
1 baño"|50||||R. U. C Ver datos|https://urbania.pe/inmueble/clasificado/veclcain-venta-de-casa-en-san-martin-de-porres-lima-148995179?n_src=Listado&n_pg=4&n_pos=25|2026-03-18
urbania|casas|venta|Lima Norte|Ancon|"URBANIZACION POPULAR COOVITIOMAR - Santa Rosa - Ancón
Ancón, Lima"|S/ 198,000 · USD 58,000|198000|58000|||"120 m² tot.
3 dorm.
3 baños
1 estac."|120|3|3|1|Vendo casa en 1er piso en urbanizacion popular coovitiomar - Santa Rosa - Ancón a 40min de chancay como ya sabes está lo del mega puerto. - 5 años de antigüedad. - Área 120 mtrs. - Habitaciones 3 habitaciones y 3 baños. - Cocina. - Sala comedor. - Cochera. - Lavanderia. *Parámetros para 5 pisos. Precio: $58, 000 dólares. tc. Referencial. top house peru inmobiliaria|https://urbania.pe/inmueble/clasificado/veclcain-venta-de-casa-en-ancon-lima-3-dormitorios-147296056?n_src=Listado&n_pills=%C3%81rea+de+lavander%C3%ADa&n_pg=1&n_pos=1|2026-03-18
urbania|casas|venta|Lima Norte|Ancon|"Nardos, Ancón
Ancón, Lima"|S/ 700,000 · USD 200,000|700000|200000|||"161 m² tot.
10 dorm.
7 baños
1 estac."|161|10|7|1|Cuenta con 3 pisos de un area de terreno de 161 mt2-1er pisoArea de tienda comercial con sala comedor, baño y area de cochera o tienda comercial-2do pisocuenta con 2 departamentos de 2 y 3 habitaciones, ambos con sala comedor, baño, cocina y lavanderia-3er pisocuenta con 2 departamentos de 2 y 3 habitaciones, ambos con salacomedor, cocina, baño y lavanderia-4to pisoAzotea con 3 depositos de agua que abastecen a toda la casa. T. C. 3. 50Tipo de cambio referencial, sujeto a variación diaria por fluctuación del mercado|https://urbania.pe/inmueble/clasificado/veclcain-venta-de-casa-en-ancon-lima-5-a-mas-dormitorios-147628954?n_src=Listado&n_pills=%C3%81rea+de+lavander%C3%ADa&n_pg=1&n_pos=2|2026-03-18
urbania|casas|venta|Lima Norte|Ancon|"Las Terrazas
Ancón, Lima"|S/ 198,000 · USD 59,000|198000|59000|||"135 m² tot.
2 dorm.
1 baño
1 estac."|135|2||1|Se vende hermosa casa de 2 pisos con piscina y con vista al mar, ubicada en distrito de Santa Rosa - Ancon, en urbanización cerrada, con pórtico de ingreso, seguridad, parques, cancha de grass sintético, pistas y veredas. Con todos los servicios básicos, luz, agua y desagüe. Área terreno: 98 m2. Área construida: 140 m2. Vive en una hermosa casa con vista al mar, sala, comedor, cocina, baño, 2 habitaciones chicas, piscina, terraza y cochera.|https://urbania.pe/inmueble/clasificado/veclcain-venta-de-casa-en-ancon-lima-2-dormitorios-149184424?n_src=Listado&n_pills=Piscina&n_pg=1&n_pos=3|2026-03-18
urbania|casas|venta|Lima Norte|Ancon|"Calle Las Camelias, Urb. Miramar
Miramar 1, Ancón"|S/ 645,000 · USD 189,000|645000|189000|||"350 m² tot.
8 dorm.
5 baños
2 estac."|350|8|5|2|¡ocasión única en ancon! 2 Casas Juntas en Primera Fila Frente al Mar – Urbanización MiramarVive o invierte frente al mar en una de las zonas más exclusivas de Ancón. Propiedad en esquina, con vista panorámica al océano y a solo unos pasos de la playa. Ideal para familias grandes, proyecto Airbnb, hostal boutique o casa de verano de alto nivel. características principales• Ubicación: Calle Las Camelias, Urb. Miramar – Ancón• Primera fila frente al mar• 2 casas juntas – 2 pisos cada una• 8 dormitorios en total• 5 baños• Área total: 350 m²• Linderos: • Frente: 21. 90 ml• Fondo: 21. 90 ml• Derecha: 16 ml• Izquierda: 16 ml• Documentos en regla – lista para transferir ideal para: • Proyecto turístico / Airbnb• Casa de playa familiar• Desarrollo inmobiliario frente al mar• Alquiler por temporadaPrecio: usd 189, 000¡Una oportunidad irrepetible en una de las mejores ubicaciones de Ancón!|https://urbania.pe/inmueble/clasificado/veclcain-venta-de-casa-en-miramar-1-ancon-5-a-mas-dormitorios-148466415?n_src=Listado&n_pills=%C3%81rea+de+lavander%C3%ADa&n_pg=1&n_pos=4|2026-03-18
urbania|casas|venta|Lima Norte|Ancon|"Ancón 15123, Perú
Ancón, Lima"|S/ 279,000 · USD 83,035|279000|83035|||308 m² tot.|308||||"Venta de almacén en ancón cerca A la panamericana norteancón | Ubicación Céntrica* ubicación: - Ancón | Urb. Popular El Señor de los Milagros Mz. F- A 5 min. Del Óvalo de Ancón | A 9 min. Del Parque industrial Ancón - Cerca a bancos, restaurantes, agencias bancarias, grifos- Cerca a Comisaria Ancón | Juzgado de Paz Urbano de Ancón | Compañía de Bomberos Ancón 163 - Cerca a Estadio José Balta | Club Zonal Santa Rosa | Complejo deportivo San Pedro | Parque Ciudad Pyme | Plaza Central de Ancón - Centro Comercial más cercano: Plaza Central de Ancón | Centro Comercial Pyme - Accesible a principales vías: A pocos pasos de la Panamericana Norte | Av. Julio C. Tello * descripción: - Propiedad en esquina - Área: 308. 59 m2- Linderos: - Frente: 9. 35 ml - Derecha: 18. 80 ml y 4. 00 ml - Izquierda: 18. 80 ml - Fondo: 21. 00 ml* precio Y condiciones: - Inscrito en rrpp- Documentos en regla. ¡no dejes de pasar esta oportunidad! Tu próximo gran paso en el mundo empresarial te espera. R. U. C Ver datos"|https://urbania.pe/inmueble/clasificado/veclcain-venta-de-casa-en-ancon-lima-148703392?n_src=Listado&n_pg=1&n_pos=5|2026-03-18
urbania|casas|venta|Lima Norte|Ancon|"Pasaje 2 De Mayo, Ancón
Balneario De Ancon, Ancón"|S/ 721,500 · USD 195,000|721500|195000||1|"200 m² tot.
6 dorm.
6 baños"|200|6|6||Vendo Casa en Ancón, Pasaje 2 De Mayo. (Ref: paralela al Malecon del Balneario de Ancón). Venta: us$ 195, 000 dolares. Area Terreno: 200 m2, Area Construida: 186 m2. 1 piso. Una planta, 10 años de antigüedad, vista a jardínes, remodelada. Amoblado y equipado, 1 sala, comedor, comedor de diario, cocina cerrada, lavandería, 6 dormitorios, walk-in closet, 6. 5 baños, 6 baños incorporados, 1 cuarto de servicio, 1 baño de servicio, terraza de 1. 00 m2, patio, parrilla. Preciosa casa restaurada en su totalidad en 2019, viene toda amoblada y equipada con cosas lindas, esta super bien ubicada. Pp|https://urbania.pe/inmueble/clasificado/veclcain-venta-de-casa-en-balneario-de-ancon-ancon-5-a-mas-dormitorios-146768866?n_src=Listado&n_pills=Jard%C3%ADn&n_pg=1&n_pos=6|2026-03-18
urbania|casas|venta|Lima Norte|Ancon|"Calle Jose Balta
Ancón, Lima"|S/ 737,000 · USD 220,000|737000|220000|||"85 m² tot.
6 dorm.
2 baños"|85|6|2||Vive cerca del mar y disfruta del encanto del histórico balneario de Ancón, en una excelente ubicación a solo unos pasos del malecón Ferreiros y de la plaza central. Esta casa de tres pisos se encuentra en esquina, lo que le da una excelente iluminación y ventilación natural. Ideal como vivienda de playa, casa familiar o para proyecto de hospedaje. Características: Área de terreno: 85. 10 m²Área construida: 202 m²3 pisos construidos6 habitaciones amplias2 baños completosCocinaExcelente ubicación, muy cerca de la plaza principal, restaurantes, tiendas y a pocos metros del malecón FerreirosUbicación privilegiada: En el corazón del balneario de Ancón, una zona tradicional, tranquila y muy visitada por familias y veraneantes. Las imágenes y/o información de este inmueble son de carácter referencial. R. uc.: Razón social: Inversiones Delia S. A. C.|https://urbania.pe/inmueble/clasificado/veclcain-venta-de-casa-en-ancon-lima-5-a-mas-dormitorios-148188250?n_src=Listado&n_pills=%C3%81rea+de+lavander%C3%ADa&n_pg=1&n_pos=7|2026-03-18
urbania|casas|venta|Lima Norte|Ancon|"Cuadra Atras Del Mar, Playa Casino Nautico, Ancon
Balneario De Ancon, Ancón"|S/ 721,500 · USD 195,000|721500|195000||1|"250 m² tot.
6 dorm.
6 baños"|250|6|6||Vendo Casa de Playa en Ancon, Cuadra Atras Del Mar, Playa Casino Nautico km 45. (Ref: a la espalda de la primera cuadra del mar, cerca al casino nautico de Ancon). Venta: us$ 195, 000 dolares. Area Terreno: 200 m2, Area Construida: 250 m2. 2 pisos. Se permiten mascotas, ancon, fila n°2, una planta, 103 años de antigüedad, vista a jardínes, remodelada. Con o sin muebles, hall, 1 sala, comedor, comedor de diario, cocina cerrada, lavandería, 6 dormitorios, 6. 0 baños, 6 baños incorporados, 3 cuartos de servicio, 1 baño de servicio, pisos de madera en área privada, pisos de madera en área social, 12 camas, terraza de 1. 00 m2, patio, casa completamente remodelada todo nuevo area social linda toda amoblada con mucho gusto se pueden alquilar estacionamientos muy cerca techadoses realmente preciosavale la pena y el precio es negociablees de revistapp|https://urbania.pe/inmueble/clasificado/veclcain-venta-de-casa-en-balneario-de-ancon-ancon-5-a-mas-dormitorios-146768990?n_src=Listado&n_pills=%C3%81rea+de+lavander%C3%ADa&n_pg=1&n_pos=8|2026-03-18
urbania|casas|venta|Lima Norte|Ancon|"URBANIZACIÓN POPULAR COOVITIOMAR
Ancón, Lima"|S/ 518,000 · USD 140,000|518000|140000||10|"120 m² tot.
10 dorm.
6 baños
1 estac."|120|10|6|1|*R. U. C: 2. 0. 6. 0. 0. 1. 6. 2. 9. 9. 4* Razón Social: Constructora e Inmobiliaria Casa 21 S. A. C. Se vende casa multifamiliar de 4 pisos ubicado a 3 cuadras de la Panamericana Norte – Ancón (Urb. Coovitiomar). El inmueble es perfecto para inversión, está distribuido en 5 departamentos, parámetros para 5 pisos. * Contáctate con Angélica Perez 9. 9. 3. 7. 5. 0. 4. 0. 7* -120 m² área de terreno. -420 m² construido. -Parámetros para 5 pisos. 1er piso: - Cochera. Cocina. Sala/ comedor. 2 Dormitorios. 1 lavandería. 1 patio interno. 1 baño. 2do piso: - 3 Dormitorios 1 con baño. 1 sala. 1 cocina. 1 lavandería. 1 baño visitas. 3er piso (hay 2 departamentos) 3A: - 1 habitación. 1 baño. 1 sala. 1 cocina. - 3B. - 2 habitaciones. 1 sala. 1 cocina. 1 baño. 4to piso: - 2 habitaciones. 1 baño. Lo demás en patio. *Todas las puertas son de Madera cedro y pisos de porcelanato barandas de acero inoxidable. *Zona segura y tranquila a 3 cuadras de la panamericana norte cerca a comisaría mercados parques colegios y playas. Precio us$140, 000. 00. * Contáctate con Angélica Perez 9. 9. 3. 7. 5. 0. 4. 0. 7*|https://urbania.pe/inmueble/clasificado/veclcain-venta-de-casa-en-ancon-lima-5-a-mas-dormitorios-145040213?n_src=Listado&n_pills=%C3%81rea+de+lavander%C3%ADa&n_pg=1&n_pos=9|2026-03-18
urbania|casas|venta|Lima Norte|Ancon|"Urb Playa Hermosa
Ancón, Lima"|S/ 619,700 · USD 175,000|619700|175000||500|"186 m² tot.
3 dorm.
3 baños
2 estac."|186|3|3|2|¡Vive frente al mar en Ancón! Tu casa de playa soñada te espera. Disfruta de una espectacular vista panorámica a la bahía de Ancón desde esta hermosa casa de playa, ideal para disfrutar todo el año o como segunda residencia. A solo pasos del exclusivo Balneario de la Marina, esta propiedad combina comodidad, ubicación y estilo de vida costero. Características principales: 3 dormitorios (principal con baño incorporado) 2 baños completos adicionales. Área de servicio completa: cuarto, baño y lavandería. Piscina/jacuzzi privada para disfrutar en familia. Amplio jardín con zona de parrilla. 2 estacionamientos. Una oportunidad única para vivir frente al mar con todas las comodidades y rodeado de tranquilidad. Perfecta para tus escapadas de verano o fines de semana inolvidables. Ubicación privilegiada, cerca del muelle, restaurantes, clubes náuticos y todos los atractivos de Ancón. #CasaDePlaya #Ancón #VistaAlMar #OcasiónInmobiliaria #BalnearioDeLaMarina #VeranoTodoElAño #CasaConPiscina #Jardínyparrilla #VidaFrenteAlMar #InversiónInmobiliaria #AncónExclusivo #PlayaPerú|https://urbania.pe/inmueble/clasificado/veclcain-venta-de-casa-en-ancon-lima-3-dormitorios-146801669?n_src=Listado&n_pills=Cuartos+de+servicio&n_pg=1&n_pos=10|2026-03-18
urbania|casas|venta|Lima Norte|Ancon|"MZ J7 Lote 18 Sector II Grupo J Pueblo Joven 1ra Etapa Ancon
Ancón, Lima"|S/ 222,000 · USD 60,000|222000|60000|||"72 m² tot.
2 dorm.
1 baño"|72|2|||Ubicación estratégica: Urb. Pueblo Joven – Panamericana Norte, 1ra etapa. Área Terreno: 160 m²Área Construida: 72 m²Distribución: 2 habitaciones, 1 baño, sala, comedor y cocina. Espacio amplio con potencial para ampliaciones. Ubicada en una zona en crecimiento, ideal para vivienda o inversión. Documentación en regla – Compra segura y sin complicaciones. precio imperdible – ¡No dejes pasar esta oportunidad! Contáctanos ahora y agenda tu visita. #CasaEnVenta #Ancón #InversiónSegura #OportunidadÚnicaT. C. 3. 50Tipo de cambio referencial, sujeto a variación diaria por fluctuación del mercado|https://urbania.pe/inmueble/clasificado/veclcain-venta-de-casa-en-ancon-lima-2-dormitorios-145760389?n_src=Listado&n_pg=1&n_pos=11|2026-03-18
urbania|casas|venta|Lima Norte|Ancon|"Ancon - Miramar - MZ 17
Miramar 1, Ancón"|S/ 672,000 · USD 200,000|672000|200000|||"296 m² tot.
8 dorm.
4 baños
3 estac."|296|8|4|3|Tu Refugio Exclusivo en Ancón: Lujo, Brisa y Relax¡Vive la exclusividad en el balneario más tradicional y elegante! Contacta. 9. 9. 8. 9. 9. 7. 1. 8. 0. Diane Torres. Disfruta de la tranquilidad y la tradición en esta exclusiva propiedad ubicada a pocos pasos del emblemático Malecón Ferreyros, ideal para disfrutar de inigualables atardeceres frente al mar. Ubicada estratégicamente cerca del Yacht Club, esta casa ofrece el equilibrio perfecto entre la vida náutica, el relax de playas mansas como Playa Hermosa, y la riqueza cultural del Museo de SitioYa sea para veranear o vivir todo el año, estarás rodeado de historia y naturaleza, con fácil acceso a paseos en el Muelle de Ancón y a minutos de la aventura en las Lomas de Ancón. Una oportunidad única de inversión en el balneario más tradicional de Lima. Esta espectacular casa de dos pisos combina excelente diseño de ambientes amplios con el confort que buscas para tus días de desconexión. primer nivel: Espacios amplios y luminosos, diseñados para integrar la comodidad con la frescura de la brisa marina. 04 habitaciones más 01 de servicio, hab. Principal con baño incorporado. segundo nivel: 03 habitaciones con acabados de primera y la privacidad que tu familia merece. 04 baños. El Corazón de la Casa: Una terraza de ensueño diseñada para el entretenimiento. Sumérgete en tu piscina privada con sistema de hidromasajes, el lugar perfecto para relajarte bajo el sol o disfrutar de noches inolvidables frente a la brisa marina. Con ubicación privilegiada, seguridad y confort en un solo lugar. No es solo una casa, es el escenario de tus mejores recuerdos. Cerca de lugares conocidos: - El Malecón Ferreyros. - Yacht Club de Ancón. - Muelle de Ancón. - Las Playas (Playa Hermosa, Playa Las Conchitas, etc.). - Museo de Sitio de Ancón. - Zona Reservada Lomas de Ancón¿Listo para mudarte al paraíso cerca a lima? Contáctanos: 9. 9. 8. 9. 9. 7. 1. 8. 0. Hoy para una visita privada.|https://urbania.pe/inmueble/clasificado/veclcain-venta-de-casa-en-miramar-1-ancon-5-a-mas-dormitorios-148917576?n_src=Listado&n_pills=Piscina&n_pg=1&n_pos=12|2026-03-18
urbania|casas|venta|Lima Norte|Ancon|"Calle 5 Manzana d Lote 28 Urbanizacion los Educadores Santa Rosa
Ancón, Lima"|S/ 502,500 · USD 150,000|502500|150000||100|"180 m² tot.
9 dorm.
5 baños
1 estac."|180|9|5|1|Casa privada de 200 m2 en el balneario de Santa Rosa. Relájate en nuestra piscina temperada única en la zona. Disfruta de un cumpleaños o almuerzo familiar diferente en nuestra terraza con vista al jardín o trabaja vía home office en un ambiente relajado y con conexión wifi. Contamos con un hermoso jardin, noche de fogatas, zona de juegos, barra de bebidas, parrilla, cochera y smart tv. Amoblada, menaje y cómoda cocina. Disfruta de un desayuno al aire libre en nuestra terraza con techo sol y sombra y con vista a la piscina y el jardín. Una piscina de 5x4 metros y profundidad de 1. 2 hasta 1. 6 metros, el agua de la piscina se puede temperar y mantenerse temperada por 3 horas diarias, además de contar con una zona de orilla con dos tumbonas para descansar y tomar el sol. En el segundo piso encontraras 3 habitaciones (5camarotes y una cama de 2 plazas). Tenemos un baño completo en cada piso y medio baño en el primer piso. En el primer piso, una amplia sala amoblada, Smart Tv, congeladora y barra de bebidas. En las noches arma una cálida fogata junto a los que mas quieres o disfruta una noche de películas. Además una cocina de estreno. Precio de venta: $150, 000Tipo de cambio referencialvisitas programadas|https://urbania.pe/inmueble/clasificado/veclcain-venta-de-casa-en-ancon-lima-5-a-mas-dormitorios-148607043?n_src=Listado&n_pills=%C3%81rea+de+lavander%C3%ADa&n_pg=1&n_pos=13|2026-03-18
urbania|casas|venta|Lima Norte|Ancon|"Curdel 610
Ancón, Lima"|S/ 435,500 · USD 130,000|435500|130000|||"122 m² tot.
4 dorm.
3 baños"|122|4|3||¡Excelente Oportunidad de Inversión en Ancón! A pocos metros de la Plaza de Ancón y a solo unas cuadras del balneario, en una zona estratégica rodeada de negocios y comercio, perfecta para quienes buscan invertir. Estratégicamente ubicado entre el Megapuerto de Chancay y el Puerto del Callao, Ancón se prepara para un crecimiento acelerado. Con el futuro Parque Industrial, aumentará la demanda de servicios para nuevos residentes y visitantes, impulsando su desarrollo económico. Ubicación Estratégica: • Acceso inmediato a la Carretera Panamericana Norte y al Serpentín de Pasamayo. • Conexión directa a la ciudad de Chancay y a los principales distritos del cono norte de Lima. Características del Inmueble: Primer Piso: • Sala y comedor amplios. • Cocina funcional. • Un baño completo con ducha. • Dos dormitorios. • Patio delantero y patio trasero. Segundo Piso: • Balcón con vista exterior. • Sala-comedor bien iluminada. • Cocina con tragaluz interno (conecta con el patio del primer piso). • Un baño completo con ducha. • Dos dormitorios. Tercer Piso: • Terraza techada en madera, ideal para reuniones. • Dos habitaciones adicionales. • Un baño completo con ducha. • Lavadero. • Área abierta sin techar, perfecta para tendal o futura ampliación. ¿Por qué invertir aquí? • Ubicación Comercial: Zona rodeada de negocios y comercio, perfecta para desarrollo comercial o residencial. • Accesibilidad Garantizada: Fácil acceso a vías principales que conectan con Chancay y el cono norte de Lima. • Potencial de Expansión: La distribución actual permite adaptarse a distintos proyectos inmobiliarios. Contáctanos para más información y agenda tu visita. ¡No dejes pasar esta oportunidad de inversión! María Lourdess Aranda: 9 4 1 4 7 6 2 0 4|https://urbania.pe/inmueble/clasificado/veclcain-venta-de-casa-en-ancon-lima-4-dormitorios-146432379?n_src=Listado&n_pills=%C3%81rea+de+lavander%C3%ADa&n_pg=1&n_pos=14|2026-03-18
urbania|casas|venta|Lima Norte|Ancon|"I entrada de Oasis
Oasis, Ancón"|S/ 370,600 · USD 109,000|370600|109000|||"279 m² tot.
8 dorm.
5 baños
2 estac."|279|8|5|2|Vive o invierte en una casa de 3 pisos con vista al mar, a pasos de la comisaría y avenidas principales! Ideal para vivienda multifamiliar o negocio de alquiler por pisos. Área de terreno: 120 m² Área construida: 280 m² Distribución por niveles: *Primer piso: Cochera para 2 autos. Sala-comedor. Cocina americana. 3 dormitorios. 2 baños. Lavandería. *Segundo piso (departamento independiente): 3 dormitorios. 2 baños. Cocina americana. Amplia sala-comedor con mamparas. Balcón con vista panorámica. *Tercer piso (departamento con terraza): 2 dormitorios. 1 baño. Sala-comedor. Cocina americana. Terraza con hermosa vista. Lavandería y tendal. *Plus adicionales: Intercomunicador independiente en cada piso. Gas natural. Sistema de seguridad con 8 cámaras inteligentes. Título de propiedad inscrito en Registros Públicos. Gran oportunidad con alto potencial de valorización gracias al crecimiento del Megapuerto de Chancay. ¡No dejes pasar esta oportunidad frente al mar!|https://urbania.pe/inmueble/clasificado/veclcain-venta-de-casa-en-oasis-ancon-5-a-mas-dormitorios-144624674?n_src=Listado&n_pills=Cerca+a+colegios&n_pg=1&n_pos=15|2026-03-18
urbania|casas|venta|Lima Norte|Ancon|"Marina Lancheros Sector 4 Lote 1
Ancón, Lima"|S/ 1,637,000 · USD 490,000|1637000|490000||1,100|"1571 m² tot.
4 dorm.
4 baños
4 estac."|1571|4|4|4|Espectacular casa de playa en casco con vista A la bahia de ancon. Excelente ubicación al interior de la Ascociación Naútica Marina Lancheros. Obra del renombrado arquitecto Richard Malachowsky. Vistas panorámicas espectaculares desde toda la casa, techos altos, tres niveles, piscina, terraza con bar y parrilla sala de juegos. La casa tiene 571. 48 m2 construidos sobre un terreno de 591. 38 m2. Club House con muelle, deck con zona de recreo, bar / cocina, piscina sin fin, trampolín, salas con mesa de ping pong y fulbito de mano, baños, pluma para subir zodiacs o lanchas chicas. A la casa le falta la carpintería, acabados de los baños y cocinas y vidrios. La venden así para que cada uno la termine a su gusto. Se muestran imagenes virtuales de como se vería la casa terminada y también fotos de como esta la casa actualmente. los propietarios en este momento son socios automáticamente del club sin pagar cuota de ingreso. Nota: precio válido es el dólares, precio en soles es solo referencial.|https://urbania.pe/inmueble/clasificado/veclcain-venta-de-casa-en-ancon-lima-4-dormitorios-147872049?n_src=Listado&n_pills=Parrilla&n_pg=1&n_pos=16|2026-03-18
urbania|casas|venta|Lima Norte|Ancon|"Malecón Pardo
Ancón, Lima"|S/ 708,750 · USD 198,000|708750|198000|||"310 m² tot.
6 dorm.
4 baños
1 estac."|310|6|4|1|Se vende hermosa y moderna casa de playa con espectacular vista a Playa Hermosa, Ancón cuenta con un área de terreno de 210 m2 con frente de 10m. Y área construida de 310 m2, con las siguientes características: primer nivel: • Estacionamiento • 2 dormitorios y baño de servicio • Acceso principal con decoración marina • Acceso de servicio segundo nivel: • Terraza amplia con vista panorámica al mar • Sala comedor amplios con luz indirecta y ambientación marina • Medio baño de visita • Cocina • Lavandería • Patio y acceso al tercer nivel tercer nivel: • Segunda terraza amplia con vista panorámica al mar • Hall de distribución • Dormitorio principal con closet, baño completo incorporado y vista al mar • 3 dormitorios todos con closet y vista al mar • Baño completo para los 3 dormitorios La casa esta decorada con ambiente marino y en perfecto estado, tiene vista al mar desde las ventanas de los cuatro dormitorios, zona exclusiva de Ancón. Todos los documentos en regla Entrega inmediata|https://urbania.pe/inmueble/clasificado/veclcain-venta-de-casa-en-ancon-lima-5-a-mas-dormitorios-145229537?n_src=Listado&n_pills=Parrilla&n_pg=1&n_pos=17|2026-03-18
urbania|casas|venta|Lima Norte|Ancon|"6RQM+H5J, Ancón 15123, Perú
Ancón, Lima"|S/ 159,330 · USD 47,000|159330|47000|||"117 m² tot.
2 dorm.
1 baño"|117|2|||Propiedad de 117 m2, a 5 minutos del litoral y a 8 minutos del muelle de Ancón. área construida de 50 m2 con espacio para guardar vehículo. cuenta con 2 habitaciones. 1 baño, espacio de sala. cuenta con agua, luz y servicio de gas natural, no cuenta con desagüe. frente a parque|https://urbania.pe/inmueble/clasificado/veclcain-venta-de-casa-en-ancon-lima-2-dormitorios-147994875?n_src=Listado&n_pg=1&n_pos=18|2026-03-18
urbania|casas|venta|Lima Norte|Ancon|"Playa Hermosa
Ancón, Lima"|S/ 1,100,000 · USD 310,000|1100000|310000|||"246 m² tot.
4 dorm.
3 baños"|246|4|3||Hermosa casa de playa con vista al mar en playa hermosa cerca al yacht club de ancon. Área de Terreno: 246m2 Área Construida: 239m2 (se terminó de construir en 1961 y seha renovado y cambiado las instalaciones en noviembre de 2017). Tiene: sótano: con un depósito y dos duchas. Primer piso: sala-comedor, cocina, medio baño, cuarto y baño de servicio y un depósito. Segundo piso: 4 dormitorios, 3 baños, salita de estar, cuarto de servicio tendal. Como estacionamiento se usan los que se encuentran en la bajada del Yatch Club que se alquilan a la municipalidad. La casa se alquila por us$ 15, 000. 00 por la temporada completa (del 21 de Dic al 21 de Abril) si es contrato anual el precio es us $2, 000. 00 mensuales. precios en soles son referenciales|https://urbania.pe/inmueble/clasificado/veclcain-venta-de-casa-en-ancon-lima-4-dormitorios-145205320?n_src=Listado&n_pills=Cuartos+de+servicio&n_pg=1&n_pos=19|2026-03-18
urbania|casas|venta|Lima Norte|Santa Rosa|"Calle 5 Manzana d Lote 28 Urbanizacion los Educadores Santa Rosa
Santa Rosa, Lima"|S/ 502,500 · USD 150,000|502500|150000||100|"180 m² tot.
9 dorm.
5 baños
1 estac."|180|9|5|1|Casa privada de 200 m2 en el balneario de Santa Rosa. Relájate en nuestra piscina temperada única en la zona. Disfruta de un cumpleaños o almuerzo familiar diferente en nuestra terraza con vista al jardín o trabaja vía home office en un ambiente relajado y con conexión wifi. Contamos con un hermoso jardin, noche de fogatas, zona de juegos, barra de bebidas, parrilla, cochera y smart tv. Amoblada, menaje y cómoda cocina. Disfruta de un desayuno al aire libre en nuestra terraza con techo sol y sombra y con vista a la piscina y el jardín. Una piscina de 5x4 metros y profundidad de 1. 2 hasta 1. 6 metros, el agua de la piscina se puede temperar y mantenerse temperada por 3 horas diarias, además de contar con una zona de orilla con dos tumbonas para descansar y tomar el sol. En el segundo piso encontraras 3 habitaciones (5camarotes y una cama de 2 plazas). Tenemos un baño completo en cada piso y medio baño en el primer piso. En el primer piso, una amplia sala amoblada, Smart Tv, congeladora y barra de bebidas. En las noches arma una cálida fogata junto a los que mas quieres o disfruta una noche de películas. Además una cocina de estreno. Precio de venta: $150, 000Tipo de cambio referencialvisitas programadas|https://urbania.pe/inmueble/clasificado/veclcain-venta-de-casa-en-santa-rosa-lima-5-a-mas-dormitorios-148607050?n_src=Listado&n_pills=%C3%81rea+de+lavander%C3%ADa&n_pg=1&n_pos=1|2026-03-18
urbania|casas|venta|Lima Norte|Santa Rosa|"AVENIDA ALEJANDRO BERTELLO 579
Santa Rosa, Lima"|S/ 554,400 · USD 165,000|554400|165000|||"120 m² tot.
6 dorm.
5 baños
1 estac."|120|6|5|1|Vendo Hermosa Casa de 3 pisos ubicado en Av. Alejandro Bertello 579 – Urb. Coovitiomar, Santa Rosa, Lima. ¡Gran oportunidad de inversión y vivienda! Ideal para familia numerosa, negocio, alquiler o proyecto multifamiliar. Destaca por su excelente distribución, finos acabados y amplios ambientes. Distribución del inmueble. Primer piso: -Amplia Sala. -Comedor. -Terraza. -Cocina cerrada con muebles altos y bajos. - Un dormitorio de visita. - un baño completo. - Estudio u oficina con medio baño. -Cochera. Segundo piso: -Habitación principal con balcón y baño completo con jacuzzi. -Una habitación secundaria con baño completo. - Dos dormitorios secundarios. -Baño completo. -Sala de estar o tv. Tercer piso: -Habitación de servicio. -Lavandería con baño completo. -Tanque de agua. -Terraza amplia. Precio: usd 165, 000 negociable. Agenda tu visita las propiedades así no duran mucho en el mercado|https://urbania.pe/inmueble/clasificado/veclcain-venta-de-casa-en-santa-rosa-lima-5-a-mas-dormitorios-148573809?n_src=Listado&n_pills=Cuartos+de+servicio&n_pg=1&n_pos=2|2026-03-18
urbania|casas|venta|Lima Norte|Santa Rosa|"Urbanizacion Country Club Balneario Santa Rosa
Santa Rosa, Lima"|S/ 792,000 · USD 220,000|792000|220000|||"215 m² tot.
6 dorm.
5 baños
1 estac."|215|6|5|1|Country Club Balneario Santa Rosa, casa de dos pisos mas azotea en dos módulos separados por un jardín central (proyectado si se quiere para piscina familiar). - primer modulo: cuenta con una sala comedor y medio baño para visitas, segundo piso: tres dormitorios con baño común completo, dos dormitorios espaciosos cada uno con baño completo, una azotea. - segundo modulo: una cochera, un baño completo, segundo piso un dormitorio con baño completo mas bañera, con azotea. El inmueble presenta una entra principal a la sala comedor, una entrada posterior que colinda con la calle y que funciona como cochera y una entrada peatonal lado izquierda que colinda con la vereda. (parametros para tres pisos mas azotea)|https://urbania.pe/inmueble/clasificado/veclcain-venta-de-casa-en-santa-rosa-lima-5-a-mas-dormitorios-147424901?n_src=Listado&n_pills=Piscina&n_pg=1&n_pos=3|2026-03-18
urbania|casas|venta|Lima Norte|Santa Rosa|"URBANIZACION CONTRY CLUB MZ. 24 LT 12 A
Santa Rosa, Lima"|S/ 506,485 · USD 145,000|506485|145000|||"246 m² tot.
5 dorm.
3 baños"|246|5|3||¡Vive el verano todo el año con vista al mar! Te presentamos una hermosa casa de playa en venta en el Balneario de Santa Rosa, ideal para disfrutar en familia o como inversión para alquiler vacacional. Características del inmueble. Área de terreno: 246 m² Vista privilegiada al mar. Precio: us$ 145, 000. Distribución. Dormitorio principal con clóset y baño completo. Dormitorio secundario con baño completo. Dormitorio adicional que puede funcionar como estudio. Otro dormitorio secundario con baño completo. Cocina cerrada con resposteros altos y bajos. Lavandería. Cuarto y baño de servicio. Áreas y comodidades. Piscina privada. Jardín. Patio amplio. Cámaras de seguridad. Tanque de agua elevado. Perfecta para disfrutar de la tranquilidad del mar, el sol y momentos inolvidables con familia y amigos. Agenda tu visita hoy mismo. El valor publicado en soles es referencial|https://urbania.pe/inmueble/clasificado/veclcain-venta-de-casa-en-santa-rosa-lima-5-a-mas-dormitorios-149212587?n_src=Listado&n_pills=%C3%81rea+de+lavander%C3%ADa&n_pg=1&n_pos=4|2026-03-18
urbania|casas|venta|Lima Norte|Santa Rosa|"Urb Country Club Balneario Santa Rosa
Santa Rosa, Lima"|S/ 1,892,000 · USD 550,000|1892000|550000|||"386 m² tot.
8 dorm.
8 baños
3 estac."|386|8|8|3|Hermosa, lujosa Y elegante casa en venta frente al mar en esquina con camaras de seguridadurbanización country club balneario de santa rosaa 8 minutos de la panamericana norte O el arco de santa rosa. oportunidad premium Y alta plusvalia. caracteristicas. area.: 386. 75 mtsprecio: $1, ooo por mt2precio de tasación: $601. 572 dolarestitulo de propiedad luz, agua Y desagueel predio cuenta con una cisterna de agua y motor con 1 tanque elevadoideal para: proyecto inmobiliario, alquileres via airbnb, etcuna oportunidad solida para desarrolladores E inversionistas que buscan escala, ubicacon Y rentabilidadcaractiristicas: sotano: - 2. Dormitorios- 1 baño completo-1 sala-bar- juegos de billar Y de mesaprimer piso: - amplia cocina con isla amoblada con artefactos empotrados. - sala comedor- 1 baño completo- 1 piscina de 60 mts con luces sicodelicas Y 3 niveles de profundidad con 5 años de antigueda- amplia terraza. - cuarto de servicio. Con baño completo. segundo piso: -1 dormitorio principal con walkin closets, baño completo Y amplia terraza- 4 dormitorios- 3 bañosalquileres temporales viernes, sabado Y domingo $3, 000 soles X 3 diasx 4 dias $ 7, 000 solesnavidad X 4 dias $ 5, 000 SolesDias normales L-J $2, 000Semana completa $6, 000 Solesprecio negociableagenda tu visita yar. U. C Ver datos|https://urbania.pe/inmueble/clasificado/veclcain-venta-de-casa-en-santa-rosa-lima-5-a-mas-dormitorios-149264584?n_src=Listado&n_pills=Piscina&n_pg=1&n_pos=5|2026-03-18
urbania|casas|venta|Lima Norte|Santa Rosa|"Country Club Balneario Santa Rosa 8
Santa Rosa, Lima"|S/ 1,001,650 · USD 299,000|1001650|299000|||"750 m² tot.
7 dorm.
5 baños
7 estac."|750|7|5|7|Consulta con nuestra asesora Mirtha Veliz 1. 1. 7. 1. 1. 5. 6 Vive el privilegio de despertar cada día con una vista al mar de ensueño, en una amplia y elegante casa de playa ubicada estrategicamente dentro del exclusivo Country Club Balneario de Santa Rosa, sinónimo de seguridad, tranquilidad y alta valorización. Esta propiedad ha sido diseñada para disfrutar al máximo cada espacio: - - Amplios salones con excelente iluminación natural- Cocina de concepto abierto, moderna y funcional- Gran comedor ideal para reuniones familiares y sociales- 4 cómodos dormitorios, adicionalmente 3 bungalows independientes que brindan privacidad y confort- Hermosa piscina rodeada de una moderna terraza- Zona de bbq totalmente equipada, perfecta para disfrutar todo el año-Cuenta con una moderna barra de bar para disfrutar entre amigos-Hermosos y amplios jardines-7 cocheras para tus invitados -En el segundo nivel cuenta con una amplia terraza con una vista panorámica hacia el mar -Cuenta con tres terrazas -Una casa pensada para vivirla y disfrutarla: - Ambientes amplios, ventilados y conectados con la naturaleza-Ideal para descanso, reuniones y momentos inolvidables en familia-Clima perfecto y entorno exclusivo frente al mar- Una inversión inteligente y rentable: - Alta demanda de alquiler vacacional y corporativo- Excelente potencial de valorización- Ubicación privilegiada dentro de un country club consolidado-Ideal como segunda vivienda o inversión patrimonialAquí no solo compras una casa, inviertes en calidad de vida, exclusividad y bienestar. Un refugio frente al mar donde cada detalle invita a relajarte, disfrutar y soñar. Country Club Balneario de Santa Rosa Agenda tu visita y descubre tu próxima inversión o tu nuevo hogar frente al mar. Consultar con el Agente Inmobiliario encargado para mayor información Ver datos.|https://urbania.pe/inmueble/clasificado/veclcain-venta-de-casa-en-santa-rosa-lima-5-a-mas-dormitorios-148882438?n_src=Listado&n_pills=Parrilla&n_pg=1&n_pos=6|2026-03-18
urbania|casas|venta|Lima Norte|Santa Rosa|"Urb. Coovitiomar Santa Rosa
Santa Rosa, Lima"|S/ 178,080 · USD 53,000|178080|53000|||"120 m² tot.
3 dorm.
3 baños
1 estac."|120|3|3|1|Se vende casa en santa rosa casa de un piso construidoparametros 4 pisossala – comedor ampliosdos cuartos amplios con baños completosun cuarto amplioun baño completoarea de lavanderiauna cocheracuenta inscrito en sunarpcuenta con los servicios basicos – con el servicio de gas caliddala casa cuenta con planos para la construccion de 4 pisosdireccion: urbanizacion coovitimar – distrito de santa rosaa unas cuadras de la municipalidad – A unas cuadras de la panamerica nortearea de terreno: 120M2linderos: frente Y fondo: 6mlderecha E izquierda: 20mlarea construida aproximada: 80M2precio: us$53, 000. 00 contacto: 9. 9. 4. 1. 8. 4. 2. 9. 8miguel iberico _________Jessica Tapia - Asociados: Tu socio inmobiliario en PerúTe ayudamos a vender, comprar o alquilar tu propiedad con un servicio personalizado y profesional. Encontramos el comprador, inquilino o inmueble perfecto para ti, asegurando que todo el proceso sea ágil y seguro. Visita nuestra web y haz realidad tus metas inmobiliarias|https://urbania.pe/inmueble/clasificado/veclcain-venta-de-casa-en-santa-rosa-lima-3-dormitorios-148788054?n_src=Listado&n_pills=Seguridad&n_pg=1&n_pos=7|2026-03-18
urbania|casas|venta|Lima Norte|Santa Rosa|"Country Club Balneario - Santa Rosa
Santa Rosa, Lima"|S/ 490,000 · USD 140,000|490000|140000|||"375 m² tot.
6 dorm.
3 baños"|375|6|3||Casa de Playa en Country Club Balneario - Santa RosaUbicación: Country Club Balneario - Santa RosaTerreno: 375. 00 m²Área construida: 326. 78 m²Pisos: 2Primer Piso: funciona actualmente un Hospedaje - airbnbsegundo Piso: funciona la casaHabitaciones: 6Baños: 3Antigüedad: 28 añosEstacionamientos: incluidoDescripción breve y atractiva: Disfruta de un amplio refugio costero con gran potencial: casa de un piso y 326. 78 m² construidos sobre un terreno de 375 m² en el exclusivo Country Club Balneario de Santa Rosa. Con 6 habitaciones y 3 baños, es ideal para familias numerosas, reuniones con amigos o como proyecto de inversión. Aspectos destacados: - Espacios amplios y distribuidos en un solo nivel para máxima comodidad- Jardín y áreas exteriores con posibilidad de ampliar terrazas o piscina. - Estructura clásica con oportunidades de modernización según tu estilo. - Excelente para quienes buscan tranquilidad cerca del mar y del ambiente de club. Ideal para: - Familia que busca casa de veraneo lista para personalizar. - Inversionistas interesados en alquileres vacacionales. - Quienes desean un proyecto de remodelación con mucho potencial. ¿Quieres verla? Agenda una visita y descubre el potencial real de esta propiedad en Santa Rosa. T. C. 3. 50Tipo de cambio referencial, sujeto a variación diaria por fluctuación del mercado|https://urbania.pe/inmueble/clasificado/veclcain-venta-de-casa-en-santa-rosa-lima-5-a-mas-dormitorios-148623870?n_src=Listado&n_pills=Piscina&n_pg=1&n_pos=8|2026-03-18
urbania|casas|venta|Lima Norte|Santa Rosa|"LOS Codornices
Santa Rosa, Lima"|S/ 201,600 · USD 60,000|201600|60000|||"240 m² tot.
5 dorm.
2 baños"|240|5|2||¡tu hogar ideal te espera en santa rosa! ¡Vive cerca del mar y rodeado de todo lo que necesitas! Se vende amplia y sólida casa de dos pisos en el distrito de Santa Rosa, con un generoso terreno de 122. 50 m² y una construcción de 240 m², perfectamente distribuida y lista para ser habitada. Distribución: Primer piso: Sala comedor espaciosa2 cómodos dormitorios1 baño completoLavanderíaPatio interiorEscalera interna hacia el segundo nivelSegundo piso: 3 dormitorios bien iluminados1 baño completoCocina ampliaSala comedor adicionalTodos los ambientes están tarrajeados, listos para pintar y personalizar a tu gusto. En la parte exterior cuenta con espacio para cochera y un área ideal para jardín o terraza.? Ubicación Estratégica: A solo 3 cuadras de la Av. Panamericana NorteCerca al Control de Ancón, Piscina Vill Club Santa Rosa, y a 5 minutos de la playaRodeado de colegios, tiendas, ferreterías, mercado y másImportante: Faltan instalar los servicios de agua y luz (factibilidad disponible) No cuenta con gas natural¡No dejes pasar esta oportunidad única de tener tu casa propia a un precio inmejorable en una zona con alto potencial de crecimiento! Contáctanos ya y agenda tu visita. ¡Tu nuevo comienzo empieza aquí! R. U. C Ver datos|https://urbania.pe/inmueble/clasificado/veclcain-venta-de-casa-en-santa-rosa-lima-5-a-mas-dormitorios-146490378?n_src=Listado&n_pills=Jard%C3%ADn&n_pg=1&n_pos=9|2026-03-18
urbania|casas|venta|Lima Norte|Santa Rosa|"Urbanización Coovitiomar Distrito Santa Rosa
Santa Rosa, Lima"|S/ 185,350 · USD 55,000|185350|55000|||"120 m² tot.
3 dorm.
2 baños
1 estac."|120|3|2|1|Se vende casa en el distrito de Santa RosaEstás buscando vivir cerca del mar! La casa se encuentra ubicada a 3 cuadras de la Municipalidad Santa Rosa. Frente al Parque Metropolitano Santa Rosa. A unos minutos de la Carretera Panamericana Norte. A unos minutos de la playa Ancón. Cerca a colegios, farmacias, parques, mercados. La casa es de un pisoÁrea de terreno 120 m²Cuenta con: 3 habitaciones Sala ComedorCocina2 bañosLavandería PatioAzoteaCuenta con cocheraagenda tu visita ya! contáctameconsultar con el Agente Inmobiliario encargado para mayor información Ver datos.|https://urbania.pe/inmueble/clasificado/veclcain-venta-de-casa-en-santa-rosa-lima-3-dormitorios-147356414?n_src=Listado&n_pills=%C3%81rea+de+lavander%C3%ADa&n_pg=1&n_pos=10|2026-03-18
urbania|casas|venta|Lima Norte|Santa Rosa|"Urb. Country Club, Santa Rosa
Santa Rosa, Lima"|S/ 598,000 · USD 170,000|598000|170000|||"330 m² tot.
9 dorm.
5 baños
2 estac."|330|9|5|2|Una oportunidad única en Santa Rosa. Esta casa de playa no está dentro de un condominio, lo que te brinda absoluta libertad de uso: sin reglas, sin cuotas, sin restricciones y con la comodidad de manejar tus espacios a tu ritmo. Una propiedad amplia, funcional y con un diseño que permite disfrutar y generar ingresos, gracias a sus tres unidades independientes y áreas sociales destacadas, antes alquiladas exitosamente por Airbnb. Ubicada en la urbanización Country Club – Santa Rosa, una zona residencial consolidada y tranquila, con acceso directo a la Panamericana Norte. Cerca de restaurantes, minimarkets, bodegas, áreas recreativas y a pocos minutos caminando de la playa. Un entorno ideal para familias, temporadas de verano y proyectos de alquiler turístico. Caracteristicas. • Área de terreno: 200 m² • Área construida total: 230. 08 m² • Primer piso (23 años): – Departamento completo. – Piscina amplia ideal para reuniones y descanso. – Cambiadores. • Segundo piso (13 años): – Dos minidepartamentos independientes. – Cada uno con cocina, sala-comedor, dormitorios y lavandería. – Acceso directo a la zona de piscina. • Azotea: – Terraza con vista al mar. – Parrilla amplia perfecta para eventos y reuniones. – Cocina. – Baño completo. – 1 habitación adicional. Una casa que destaca por su libertad de uso, su diseño multifamiliar y su excelente proyección para alquiler temporal. Ideal para quienes buscan comodidad, disfrute y rentabilidad en una misma propiedad. La propiedad se encuentra inscrita en Registros Públicos, asegurando una compra venta segura, transparente y con todo el respaldo legal. Precio de venta en dólares referencial. (consultar por interno si la compra sería en dólares) Informes y visitas: Diana Felipe Maza. 980. 501. 671|https://urbania.pe/inmueble/clasificado/veclcain-venta-de-casa-en-santa-rosa-lima-5-a-mas-dormitorios-148420813?n_src=Listado&n_pills=Piscina&n_pg=1&n_pos=11|2026-03-18
