fuente|inmueble|operacion|zona|distrito|direccion|precio|soles|dolares|variacion|mantenimiento|caracteristica|area|dormitorio|baños|estacionamientos|detalle|enlace|fecha
urbania|departamentos|alquiler|Lima Centro|Lima Cercado|"Republica de Venezuela al 2500
Lima Cercado, Lima"|S/ 2,300|2300||||"73 m² tot.
3 dorm.
2 baños
1 estac."|73|3|2|1|Alquiler de moderno departamento en el corazón de Cercado de Lima, ubicado en Republica de Venezuela 2575, Piso 10, Con 73 m² de superficie techada, esta propiedad ofrece 3 dormitorios, 1 dormitorio de servicio y 2 1/2 baños, ideal para su comodidad y estilo de vida. La disposición al frente garantiza luminosidad y vistas despejadas. El edificio cuenta con 2 ascensores, facilitando el acceso. Disfrute de servicios completos como agua corriente, electricidad, Internet y cable. Entre las comodidades adicionales se incluyen gimnasio, parrilla, sala de juegos, lavandería, club house, zonas verdes y una recepción 24 horas. El departamento es apto para mascotas y dispone de armarios empotrados. La cercanía a servicios públicos y la disponibilidad de un estacionamiento cubierto hacen de este departamento una opción atractiva para quienes buscan comodidad en una ubicación céntrica.|https://urbania.pe/inmueble/clasificado/alclapin-alquiler-de-departamento-en-lima-cercado-lima-3-dormitorios-148924030?n_src=Listado&n_pills=%C3%81rea+de+lavander%C3%ADa&n_pg=1&n_pos=1|2026-03-18
urbania|departamentos|alquiler|Lima Centro|Lima Cercado|"Jirón Enrrique Barrón Santa Beatriz Cercado de Lima
Santa Beatriz, Lima Cercado"|S/ 2,500 · USD 676|2500|676||340|"95 m² tot.
3 dorm.
2 baños"|95|3|2||Piso 10 con ascensor Dúplex, en Santa Beatriz, Jirón Enrrique Barrón cuadra 11, a una cuadra de av. Petit Thouars cuadra 11, Cercado de Lima, edificio multi Familiar Moderno Smart, con Vigilancia 24/7. Área 95 metros total, área construida 80 metros, terraza 15 metros Piso N°10, 3 dormitorios, dos con closet, 2 Baños, sala al Estilo americano con muebles altos y bajos, cocina empotrada y campana extractora, hall, Terraza libre. No hay estacionamiento. Proyectum|https://urbania.pe/inmueble/clasificado/alclapin-alquiler-de-departamento-en-santa-beatriz-lima-cercado-3-dormitorios-149272874?n_src=Listado&n_pills=Ascensor&n_pg=1&n_pos=2|2026-03-18
urbania|departamentos|alquiler|Lima Centro|Lima Cercado|"Av. Alejandro Bertello
Lima Cercado, Lima"|S/ 2,200|2200||||"70 m² tot.
3 dorm.
2 baños
1 estac."|70|3|2|1|"Departamento acogedor y bien distribuido, edificio pequeño de 3 pisos seguro y tranquilo, ideal para quienes buscan un piso bajo con buena distribución y excelente precio en el Cercado de Lima. ** ubicacion: Av. Bertello 765 - Piso 3 Cercado de Lima. ** precio de alquiler: S/2, 200 (Incluye Cochera) Edificio de 3 pisos | 1 departamento por piso. Departamento ubicado en piso 03 con escaleras. descripcion: - Área: 70 m² ️- Sala / comedor. Un centro de entretenimiento y tv. Sofá tipo L. Una mesa de vidrio y cuatro sillas. - Cocina equipada separada de la sala con muebles altos y bajos. Refrigerador. Microondas. Cocina 4 hornillas con horno a gas. - 02 baños completos con ducha. ️- 03 Dormitorios. *Dormitorio 01: 1 cama individual y ropero incluido. 1 escritorio. Se entrega con cortinas. *Dormitorio 02: 1 cama individual y ropero incluido. 1 escritorio. Se entrega con cortinas. *Dormitorio 03: 1 cama individual y ropero incluido. 1 escritorio. Se entrega con cortinas. servicios: - La renta incluye: - Luz | Agua | Internet | Cable | Cochera. - Se permite 1 mascota (Únicamente Gato) - 2 meses de garantía y 1 mes de adelanto. requisitos: - Sustentar ingresos (boletas, recibos por honorarios o pdt) - No estar mal reportado en Infocorp. - Contrato mínimo de 1 año. ** Solicita mayor información al + Ver datos – Ver datos **"|https://urbania.pe/inmueble/clasificado/alclapin-alquiler-de-departamento-en-lima-cercado-lima-3-dormitorios-148980135?n_src=Listado&n_pills=Amoblado&n_pg=1&n_pos=3|2026-03-18
urbania|departamentos|alquiler|Lima Centro|Lima Cercado|"Pje.2
Lima Cercado, Lima"|S/ 1,500 · USD 441|1500|441||100|"60 m² tot.
2 dorm.
2 baños"|60|2|2||"A media cuadra de la av Dueñas y Jirón Pimentel - 4 departamentos disponibles (Piso 1, 2, 3, 4) 60 m2 | 2 hab. | 2 baños | cocina cerrada | 1er pisoSe aceptan mascotas Distribución- 2 habitaciones (2 plazas) - Cocina cerrada- Lavandería- 2 baños completosCaracterísticas- 1 er piso- Pisos de mayolica- therma electrica- sistema de automatización y control inteligente de vivienda (luces) - Camaras de vigilancia- Pet friendly- Estacionamiento para bicimotoCondiciones- 2 x1 - Mantenimiento s/100 soles"|https://urbania.pe/inmueble/clasificado/alclapin-alquiler-de-departamento-en-lima-cercado-lima-2-dormitorios-149296880?n_src=Listado&n_pills=Guardian%C3%ADa%2FSeguridad+privada&n_pg=1&n_pos=4|2026-03-18
urbania|departamentos|alquiler|Lima Centro|Lima Cercado|"Jr. José Gálvez 1264
Santa Beatriz, Lima Cercado"|S/ 2,200|2200|||250|"60 m² tot.
2 dorm.
2 baños"|60|2|2||Departamento en alquiler en Santa Beatriz, ideal para quienes buscan comodidad y accesibilidad. Este inmueble de 60 m² ofrece 2 recámaras, perfecto para familias pequeñas o parejas. Cuenta con 2 baños, área de lavandería y un balcón para disfrutar del aire libre. Ubicado en el piso 4 de un edificio de 20 pisos con 2 ascensores, este departamento proporciona fácil acceso y movilidad. El edificio ofrece amenidades como gimnasio, piscina, salón de juegos infantiles y sala de entretenimiento, además de un parque interno para el disfrute de los residentes. La seguridad está garantizada con guardianía y control de accesos. El área de bbq y la parrilla son perfectas para reuniones sociales. Santa Beatriz es una zona céntrica y bien comunicada, con fácil acceso a servicios básicos como agua y luz. El entorno ofrece cercanía a diversos comercios, restaurantes y centros de entretenimiento, facilitando el día a día de sus habitantes. Además, la zona cuenta con servicios de salud y seguridad privada, brindando tranquilidad a sus residentes.|https://urbania.pe/inmueble/clasificado/alclapin-alquiler-de-departamento-en-santa-beatriz-lima-cercado-2-dormitorios-149226121?n_src=Listado&n_pills=Piscina&n_pg=1&n_pos=5|2026-03-18
urbania|departamentos|alquiler|Lima Centro|Lima Cercado|"Ca. Sosa Pelaes 1578
Los Jardines De Tingo Maria, Lima Cercado"|S/ 1,300|1300||||"70 m² tot.
2 dorm.
1 baño"|70|2|||¡Alquila el departamento de tus sueños en el cercado de Lima! Este espectacular apartamento de 70 metros cuadrados ofrece el espacio perfecto para ti y tu familia. Con dos acogedoras habitaciones, una amplia sala de estar, un comedor para compartir momentos memorables, una cocina funcional, una zona de lavandería conveniente y un baño completo, este lugar lo tiene todo. Ubicado estratégicamente en el primer piso, este departamento brinda comodidad y accesibilidad. Su proximidad a parques te invita a disfrutar del aire fresco y la naturaleza, mientras que su cercanía a centros comerciales te ofrece la conveniencia de tener todo lo que necesitas a tu alcance. No dejes pasar esta oportunidad de vivir en un lugar que se adapta a tu estilo de vida. ¡Contáctanos ahora para reservar tu visita y descubrir cómo este departamento puede convertirse en tu nuevo hogar en el vibrante cercado de Lima!|https://urbania.pe/inmueble/clasificado/alclapin-alquiler-de-departamento-en-los-jardines-de-tingo-maria-lima-cercado-2-dormitorios-145565508?n_src=Listado&n_pills=%C3%81rea+de+lavander%C3%ADa&n_pg=1&n_pos=6|2026-03-18
urbania|departamentos|alquiler|Lima Centro|Lima Cercado|"Condominio Alameda Central
Lima Cercado, Lima"|S/ 1,900 · USD 558|1900|558||120|"65 m² tot.
3 dorm.
2 baños
1 estac."|65|3|2|1|Hermoso departamento en el nuevo condominio alameda central. excelente ubicación: Ubicado en el Nuevo Condominio Ecoamigable Alameda Central. Av. Oscar R. Benavides 1194 Lima (Ex Av. Colonial) A 1 cuadra del Ministerio de Transportes y Comunicaciones y el ino (Instituto Nacional de Oftalmología) A 1 cuadra de Supermercado Tottus. A 3 cuadras de Maestro Home Center de Naciones Unidas. A 8 cuadras de Plaza Dos de Mayo. Cerca a: Colegios, Universidad Privada del Norte, Makro, Metro, Tottus Parques, Metro, Bancos, Clínicas, restaurantes, peluquerías, bodegas, minimarkets, panaderías, entre otros. A 5 minutos del Centro Histórico de Lima. A 5 minutos del Hospital Loyza y Hospital San Bartolomé. A 5 min de Plaza de la Bandera. A 5 minutos del Real Plaza centro cívico. A 8 minutos del Mall Plaza Bellavista. Descripcion. Área 65 m2, amplio departamento con excelente iluminación natural en todos los ambientes. Piso 1. El Departamento cuenta con sistema de ventanas termo acústicas de vidrio templado. Hermosa Sala – Comedor. La Cocina con conexión a gas natural, con muebles altos y bajos en melamine, tablero de cuarzo, cocina tipo encimera y campana con lavaplatos de acero inoxidable. Área de lavandería cuenta con secadora a gas. 1 Dormitorio Principal cuenta baño completo. 2 Dormitorios secundarios. 1 Baño completo secundario. Terma a gas natural. Griferías de agua fría y caliente. Intercomunicador. Areas comunes: El condominio cuenta con: Seguridad 24/7. Parque privado. Área de parrillas. Salón de Recepción para eventos. Loza deportiva. servicios: Luz, Agua y Gas según consumo con medidores independientes. Mantenimiento S/. 120 soles. Arbitrios. precio alquiler: S/. 1, 900 soles. (1 mes de adelanto y 2 de garantía). Contrato mínimo de 1 año. Requistos: * No encontrarse en centrales de riesgo. * Sustento de ingresos personales o familiares superiores a S/. 5, 000 soles. * no mascotas. * no mascotas. contacto: cristhian roncal. celular: 981*293*854|https://urbania.pe/inmueble/clasificado/alclapin-alquiler-de-departamento-en-lima-cercado-lima-3-dormitorios-149160276?n_src=Listado&n_pills=Guardian%C3%ADa%2FSeguridad+privada&n_pg=1&n_pos=7|2026-03-18
urbania|departamentos|alquiler|Lima Centro|Lima Cercado|"Manuel Castañeda 237
Santa Beatriz, Lima Cercado"|S/ 2,000|2000|||250|"81 m² tot.
2 dorm.
2 baños
1 estac."|81|2|2|1|Ubicado cerca a la Av Prolongación Iquitos, Juan Pardo de Zela, Arequipa, etc. el flat tiene 2 habitaciones + estudio + 2 baños + una cochera. Ubicado en Piso 4, con vista interior y un Área Total de 81mt2, distribuidos de la siguiente manera: distribución. • Sala Comedor amplia bien iluminada. • 1 habitaciones: - principal: Amplia con clóset e ingresa cama Queen. - 1 secundarias: Amplias e ingresan camas de 1 ½ y clóset incorporado. 1 Cuarto de estudio. • 2 baños completos: - El de la habitación principal y en el pasadizo con. acabados modernos. • Cocina estilo Americana moderna con muebles bajos. • Área de lavado. se acepta una mascota pequeña. 1de garantia Y 1 de adelanto. El flat cuenta además con: • Ascensor • Seguridad 24/7 • Area de Recepcion• Area de Reuniones. cochera 200 adicional. Mantenimiento: 250 soles. **|https://urbania.pe/inmueble/clasificado/alclapin-alquiler-de-departamento-en-santa-beatriz-lima-cercado-2-dormitorios-143505678?n_src=Listado&n_pills=Seguridad&n_pg=1&n_pos=8|2026-03-18
urbania|departamentos|alquiler|Lima Centro|Lima Cercado|"Crepusculo
Asincoop, Lima Cercado"|S/ 2,300|2300|||180|"86 m² tot.
3 dorm.
2 baños"|86|3|2||Hermoso Departamento de 86 m2, Alt. De la 16 de Mariano Cornejo cruce con Av. Alborada. *disponible A partir del 5 de abril* * Excelente zona, muy tránquila y residencial, cerca de colegios, universidades (como San Marcos, Pontificia Universidad Católica del Perú), hospitales (Santa Rosa), clínicas (Stella Maris, Peruano Japonés), restaurantes, mercados, supermercados, centro comercial (Plaza San Miguel). * Edificio de 5 pisos, el depa se ubica en el 2do piso con Ascensor, vista exterior verde (parque). El depa tiene 8 años de antigüedad. No cuenta con cochera, pero en el retiro exterior del edificio se puede estacionar, por lo que el tema de aparcar el vehículo quedaría resuelto. * Acogedor y amplio departamento en inpecables condiciones con techos altos y pisos de porcelanato, cuenta con dos balcones, el balcón principal con vista al parque y mamparas de vidrio templado, *Distribución: 86 m2. - Espaciosa sala y comedor con balcón vista a la calle, con baño de visita, techos altos y piso de porcelanato. - Cocina con muebles altos y bajos casi nuevos. Tablero de granito, cuenta con instalación de gas natural, área de lavandería con balcón con vista al interior, terma eléctrica. - Cuenta con 3 habitaciones amplias todas con closet y cajonería. El dormitorio principal cuenta con baño conmpleto, incorporado y vista a calle. Las otras 2 habitaciones comparten 1 baño completo. Hay un 3er baño de visita al costado de la sala comedor. Video del Departamento: *https: //www. youtube. com/shorts/2uqhaioYlMs? feature=share* *disponibilidad inmediata* Condiciones 2 x 1. Presentar sustentos de ingresos y personales. Contacto Telefono o Whatsapp: Maria Rosa *0991*552*623* + Evelyn: *0930*680*309* *limitarse corredores* *trato directo con propietaria*|https://urbania.pe/inmueble/clasificado/alclappa-alquiler-de-departamento-en-asincoop-lima-cercado-3-dormitorios-145417908?n_src=Listado&n_pills=Cerca+a+colegios&n_pg=1&n_pos=9|2026-03-18
urbania|departamentos|alquiler|Lima Centro|Lima Cercado|"Calle Casapalca 1674 – Condominio Amauta
Lima Cercado, Lima"|S/ 1,550|1550|||160|"73 m² tot.
2 dorm.
2 baños"|73|2|2||Vive en un condominio seguro y completo, en una ubicación estratégica a un paso de Breña y Pueblo Libre, con acceso rápido a avenidas principales, mercados, bodegas y todo lo que necesitas para tu día a día. Ubicación: Calle Casapalca 1674 – Condominio Amauta. Referencia: Cdra. 22 de Prolongación Arica, altura fábrica Azaleia. precio de alquiler: S/ 1, 550. - Edificio de 20 pisos 16 dptos. Por piso. - Departamento disponible ubicado en el Tercer piso. - Cuatro ascensores. - Áreas comunes ideales para la familia: Parque interno, juego para niños, salón de eventos, zona de parrilla y piscina. - 73M2. - Sala Comedor con balcón. - Vista al parque del condominio. - kitchenette con muebles altos y bajos, horno y campana empotrada. - Lavandería. 02 Dormitorios. - Principal con baño propio, clóset espacio para cama Queen o de 2 plazas. - Dormitorio Secundario espacio para cama de 1½ o 2 plazas. - 2 baños en toda la propiedad, baño en el cuarto principal y un baño para compartir también con ducha. - Se acepta 01 mascota de raza pequeña. **El departamento se entrega sin amoblar** servicios. - Luz independiente. - Gas independiente. - Mantenimiento mensual: S/ 160 Aprox. - Arbitrios mensuales S/ 25 soles. - 1 mes de garantía y 1 mes de adelanto. requisitos. - Sustentar ingresos (boletas, recibos por honorarios o pdt) - No estar mal reportado en Infocorp. - Contrato mínimo de 1 año|https://urbania.pe/inmueble/clasificado/alclapin-alquiler-de-departamento-en-lima-cercado-lima-2-dormitorios-148799372?n_src=Listado&n_pills=Ascensor&n_pg=1&n_pos=10|2026-03-18
urbania|departamentos|alquiler|Lima Centro|Lima Cercado|"Calle Manuel del Pino al 800 Santa Beatriz
Santa Beatriz, Lima Cercado"|S/ 2,200 · USD 650|2200|650|||"99 m² tot.
2 dorm.
1 baño"|99|2|||Alquiler de departamento en santa beatrizubicado en la Calle Manuel del pino, frente a parque, a 1 cuadra de la estación México del Metropolitano. Detalle: Área: 99 m2Ubicado en 2do piso. Sala comedor amplios y vista calle. Cocina cerrada con muebles altos y bajos. Patio con lavandería y baño. 02 Dormitorios amplios con clósets01 baño completoMantenimiento 100 soles aprox incl agua. Alquiler mensual: 2, 200 soles (2x1) informes Y visitas Ver datos marina|https://urbania.pe/inmueble/clasificado/alclapin-alquiler-de-departamento-en-santa-beatriz-lima-cercado-2-dormitorios-149040972?n_src=Listado&n_pills=%C3%81rea+de+lavander%C3%ADa&n_pg=1&n_pos=11|2026-03-18
urbania|departamentos|alquiler|Lima Centro|Lima Cercado|"Mariano Carranza al 600
Santa Beatriz, Lima Cercado"|S/ 2,500 · USD 750|2500|750|||"77 m² tot.
2 dorm.
2 baños
1 estac."|77|2|2|1|Alquilo acogedor departamento con balcón ubicado en Mariano Carranza, cerca de la estación Metropoliano, Cerca del Circuito Mágico de las aguas, a pocas cuadras de la Av. PetitThouars y de la Av. Arequipa. Detalle: Área: 77m2 Ubicado en segundo piso con ascensor. Sala comedor con balcón y vista a calle. Cocina cerrada con muebles altos y bajos. Lavandería con lavadero y terma. 02 Dormitorios en total con clóset incorporado (01 principal con baño privado). 01 habitación adicional como para cuarto de estudio o de bebé. 01 baño principal compartido. Pasadizo con clóset para guardar ropa blanca. Incluye cochera. Vigilancia. Mantenimiento 170 aprox incl agua. Alquiler mensual: 2, 500 soles (2x1) informes Y contacto: marina Ver datos|https://urbania.pe/inmueble/clasificado/alclapin-alquiler-de-departamento-en-santa-beatriz-lima-cercado-2-dormitorios-148837573?n_src=Listado&n_pills=Seguridad&n_pg=1&n_pos=12|2026-03-18
urbania|departamentos|alquiler|Lima Centro|Lima Cercado|"Jr. Jose Galvez al 1200. Lima
Lima Cercado, Lima"|S/ 2,200|2200||||"83 m² tot.
2 dorm.
2 baños"|83|2|2||¡oportunidad única en cercado de lima! Departamento en Alquiler amplio; luminoso y buena ubicación. ¡Vive la experiencia de alta calidad en el corazón de Lima! Presentamos este espectacular departamento de 7 ambientes, ubicado en un edificio con áreas comunes de primer nivel. Características del Departamento: - 2 dormitorios amplios con closet o armarios empotrados- 1 escritorio (o dormitorio pequeño adicional) - 2 baños completos- Cocina con puerta. - Sala-comedor luminosa y ventilada- Lavandería- Portería en edificio para mayor seguridadÁreas Comunes: - Zona de reuniones o eventos. - Zona de parrillas para disfrutar al aire libre. - Piscina pequeña para relajarte. - Ascensor para fácil acceso. Ubicación Privilegiada: - Ubicado en el piso 11 con vistas impresionantes- Cercano a servicios y comercios. No te pierdas esta oportunidad! Contáctanos para obtener más información y programar una visita.|https://urbania.pe/inmueble/clasificado/alclapin-alquiler-de-departamento-en-lima-cercado-lima-2-dormitorios-149085993?n_src=Listado&n_pills=%C3%81rea+de+lavander%C3%ADa&n_pg=1&n_pos=13|2026-03-18
urbania|departamentos|alquiler|Lima Centro|Lima Cercado|"Jirón Zorritos 1134
Lima Cercado, Lima"|S/ 1,400|1400|||130|"59 m² tot.
3 dorm.
2 baños"|59|3|2||"Departamento acogedor y bien distribuido, ubicado en condominio seguro y tranquilo, ideal para quienes buscan un piso bajo con buena distribución y excelente precio en el Cercado de Lima. ** ubicacion: Jr. Zorritos 1134, 2do piso con escaleras, Cercado de Lima. Referencias frente al ministerio de transporte. ** precio de alquiler: S/1, 400. -Edificio de 5 pisos | 4 departamentos por piso. -Departamento disponible en piso 02 con escaleras. -Edificio cuenta con áreas verdes, seguridad permanente y limpieza constante. descripcion: - Área: 59. 39 m² ️ - Sala comedor con buena iluminación natural, vista exterior. - Cocina separada de la sala con muebles altos y bajos. - Lavandería ventilada al lado de la cocina. - 2 baños completos. -️ 3 dormitorios, 2 de las habitaciones con closet. servicios: - Luz independiente. - Gas independiente en cocina. - Se permite 1 mascota pequeña. - Mantenimiento aprox. S/ 130 varia según consumo de agua. - Arbitrios mensuales S/23. 00. - 1 mes de garantía y 1 mes de adelanto. requisitos: - Sustentar ingresos (boletas, recibos por honorarios o pdt) - No estar mal reportado en Infocorp. - Contrato mínimo de 1 año. ** Solicita mayor información al +Ver datos – Ver datos **"|https://urbania.pe/inmueble/clasificado/alclapin-alquiler-de-departamento-en-lima-cercado-lima-3-dormitorios-148923712?n_src=Listado&n_pills=%C3%81rea+de+lavander%C3%ADa&n_pg=1&n_pos=14|2026-03-18
urbania|departamentos|alquiler|Lima Centro|Lima Cercado|"Calle José Carlos Mariátegui
Lima Cercado, Lima"|S/ 2,100|2100|||150|"60 m² tot.
2 dorm.
1 baño"|60|2|||Dpto. en edificio de pocos departamentos, el acceso al dpto es plano no subes ninguna escalera, el dpto tiene sala comedor amplia, cocina con tablero de granito, si es que desean se puede quedar la refrigeradora sino la podemos retirar y tiene area de lavanderia, 2 dormitorios con roperos, 1 baño con ducha. No hay cochera pero alrededor alquilan cocheras. Se permite mascotas:) hay centrica altura cdra 10 av arenales. El dpto esta listo para hacer visitas. Condiciones: el alquiler es por el tiempo minimo de 12 meses. Debe estar okey en Sentinel o Infocorp y contar con boletas de trabajo. Amanda 9 4 5 9 2 0 7 8 0|https://urbania.pe/inmueble/clasificado/alclapin-alquiler-de-departamento-en-lima-cercado-lima-2-dormitorios-149275520?n_src=Listado&n_pills=%C3%81rea+de+lavander%C3%ADa&n_pg=1&n_pos=15|2026-03-18
urbania|departamentos|alquiler|Lima Centro|Lima Cercado|"Av. Óscar R. Benavides 1106
Lima Cercado, Lima"|S/ 2,300|2300|||200|"65 m² tot.
3 dorm.
2 baños
1 estac."|65|3|2|1|Alquilo departamento en Alto Lima Park Proyecto Cercado con áreas comunes, se encuentra estratégicamente ubicado, a solo minutos de la estación central del Metropolitano y del Centro Comercial Real Plaza. Esto significa que tendrás acceso rápido a transporte público, a lugares de compras y entretenimiento. ¿Quieres pasar una noche divertida con amigos? Aquí, cuentas con una sala de adultos equipada con un elegante bar y una mesa de billar para pasar noches llenas de risas y juegos, adicional cuenta con áreas de parrillas, gimnasio, área de cine privado para 15 personas super amplio + cancha de fulbito + cancha de voley y cancha de basquet. Distribución: Piso laminado en todo el departamento + gas calidda en todo el departmento (cocina + terma) Ubicado en piso 3 cuenta con ascensor. - Sala comedor con salida al balcón. - cocina con muebles altos y bajos. - lavanderia con lavadero y terma. - Habitación principal con su baño completo. - Segundo con closet y tercera habitación sin closet. - Segundo baño completo. Incluye un estacionamiento techado. Cuenta con porteria 24/7 - mantenimiento 200 soles incluido agua. Condiciones de renta 1 año de contrato con 2 garantías + 1 mes de renta adelantada. Requisitos: contar con sus boletas de pago + reporte de infocorp verde + certificado único laboral|https://urbania.pe/inmueble/clasificado/alclapin-alquiler-de-departamento-en-lima-cercado-lima-3-dormitorios-146177374?n_src=Listado&n_pills=Gimnasio&n_pg=1&n_pos=16|2026-03-18
urbania|departamentos|alquiler|Lima Centro|Lima Cercado|"Calle Enrique Villar 192
Santa Beatriz, Lima Cercado"|S/ 2,600 · USD 730|2600|730||350|"70 m² tot.
3 dorm.
2 baños
1 estac."|70|3|2|1|Vive en este iluminado departamento totalmente amoblado. Está ubicado en la Calle Enrique Villar esquina con la Av. Arequipa (cuadra 12) en la urb. Santa Beatriz, a un paso de todo lo que necesitas. Para más información, contáctese con Vanessa Segura al Ver datos. Características: Área total: 70 m2. Dormitorios: 3 (en la habitación principal y en una secundaria, cuenta con cama de 02 plazas. En la 3era habitación, que es más pequeña, puede entrar una cama de plaza y media o lo pueden usar de oficina) Baños: 2. Cocina con reposteros altos y bajos. Piso: 12 (con vista externa a la calle Enrique Villar) Antigüedad: 02 años. Cochera: 01 (ubicado en el 5to sótano) Mantenimiento: 350 soles (incluye el agua) El inquilino se encargará de pagar los servicios como luz, gas, arbitrios. Condiciones: un año mínimo de alquiler y se pide 1 mes de adelanto y 2 meses de garantía. Disponibilidad inmediata. zona: Este iluminado departamento está estratégicamente ubicado en la Calle Enrique Villar esquina con la Av. Arequipa (cuadra 12), además se encuentra muy cerca de vías principales como la Av. Petit Thouars, vía expresa, con accesos rápido a las zonas norte, centro y sur de Lima. Por lo tanto, si vives en este distrito, tendrás fácil acceso a centros de trabajo, centros educativos, hospitales, comercio y a solo cinco minutos del Parque Mágico de las Aguas donde podrás pasear y relajarte. Edificio: El edificio tiene 02 años de antigüedad, tiene 20 pisos mas azotea. 73 departamentos en total. Cuenta con servicio de portería 24/7, cámaras de seguridad. El edificio cuenta con zonas comunes como áreas de terrazas, área de parrillas, coworking, sala de juegos para niños, estacionamiento de bicicletas, red de gas, estacionamiento de visitas. Departamento: El departamento está ubicado en el piso 12 con una linda vista externa. Esta totalmente amoblado, con sala, un comedor de 06 sillas. Cuenta con pisos de porcelanato en todo el depa. Cuenta con 03 dormitorios, 02 de ellos con camas de 02 plazas y la tercera habitación podría entrar una cama de plaza y media pegada a la pared o lo pueden usar de oficina. Tiene 02 baños completos con ducha y uno de ellos está integrado al dormitorio principal. El área de lavandería viene con una lavadora. Cocina: La cocina es abierta tipo americana y da hacia el comedor y la sala. Cuenta con reposteros altos y bajo en melamina, tablero de granito, cuenta con encimera, horno y campana y está totalmente equipada con todo lo que necesitas. Cochera: Esta ubicado en el 5to sótano y el acceso es directo por la Calle Enrique Villar. Este departamento es ideal por: Estar ubicado estratégicamente dentro de la ciudad. Limita con Lince y Jesús María. Podrás ir caminando al Parque Mágico de las Aguas y estar a unos minutos de todo lo que necesites como bancos, bodegas, supermercados, restaurantes, hospitales, entre otros. La verdad es que nos gustaría que conozcas tu nuevo Hogar y seas parte de comenzar una nueva etapa en tu vida. Estamos seguros que después de verlo pensarás seriamente en adquirirlo. Comunícate conmigo, Vanessa Segura al Ver datos o, si lo prefiere, envíe un correo electrónico a Ver datos.|https://urbania.pe/inmueble/clasificado/alclapin-alquiler-de-departamento-en-santa-beatriz-lima-cercado-3-dormitorios-143442590?n_src=Listado&n_pills=Cerca+a+colegios&n_pg=1&n_pos=17|2026-03-18
urbania|departamentos|alquiler|Lima Centro|Lima Cercado|"AV. Oscar Benavides
Lima Cercado, Lima"|S/ 1,900|1900|||180|"71 m² tot.
3 dorm.
2 baños
1 estac."|71|3|2|1|Departamento en alquiler en Lima Cercado, ideal para familias. Cuenta con 3 dormitorios, 2 baños y una superficie construida de 71 m². Disfruta de un balcón con vista a la ciudad y la comodidad de un ascensor. El departamento se encuentra en el piso 12 de un edificio de 22 pisos con 176 departamentos, ofreciendo seguridad con caseta de guardia y video vigilancia. Además, cuenta con áreas comunes como salón de juegos infantiles y canchas deportivas. Incluye 1 estacionamiento de tipo lineal y acceso a cocheras por rampa. La cocina está equipada y cuenta con línea blanca. El área de lavandería facilita las tareas del hogar. Ubicado en una zona con acceso asfaltado, cerca de centros comerciales y escuelas, con servicios básicos disponibles. El condominio ofrece guardianía/seguridad privada e intercomunicador para mayor tranquilidad.|https://urbania.pe/inmueble/clasificado/alclapin-alquiler-de-departamento-en-lima-cercado-lima-3-dormitorios-144889793?n_src=Listado&n_pills=%C3%81rea+de+lavander%C3%ADa&n_pg=1&n_pos=18|2026-03-18
urbania|departamentos|alquiler|Lima Centro|Lima Cercado|"Av. Arenales 931
Lima Cercado, Lima"|S/ 2,500|2500|||200|"82 m² tot.
3 dorm.
2 baños
1 estac."|82|3|2|1|Vive en una de las zonas más céntricas de Lima, con excelente conectividad y rodeado de comercios, instituciones y servicios. Ubicación: Av. Arenales – Cdra. 9, Santa Beatriz / Cercado de Lima. Características del departamento. Área: 82 m² Piso 18 con hermosa vista panorámica a la ciudad. ️ Sala – comedor amplia. ️ Cocina cerrada. ️ 3 habitaciones, la principal con closet y baño, las demás con closet. Balcón. Cuarto y baño de servicio. Cochera adicional s/200. 00 Soles más. Áreas comunes del edificio. Piscina. Zona de parrillas. Gimnasio. Área de coworking. Sala o área para eventos y fiestas. Contrato por 1 año. 2 meses de garantía y 1 mes de adelanto s/2500. 00 Soles. Ubicación estratégica – cerca de: Hospital Edgardo Rebagliati. ️ Contraloría General de la República. Colegio de Psicólogos del Perú ️ Restaurantes y cafeterías de Av. Arenales y Av. Arequipa. Minimarkets, farmacias y bancos. Acceso rápido a transporte público y principales avenidas como Arequipa, Salaverry y Cuba. Ideal para quienes buscan vivir cerca del centro financiero, hospitales, instituciones y universidades, con fácil acceso a diferentes distritos de Lima. Contáctame para más información o agendar una visita.|https://urbania.pe/inmueble/clasificado/alclapin-alquiler-de-departamento-en-lima-cercado-lima-3-dormitorios-149250721?n_src=Listado&n_pills=Cerca+a+colegios&n_pg=1&n_pos=19|2026-03-18
urbania|departamentos|alquiler|Lima Centro|Lima Cercado|"Jr. José Gálvez al 1200
Santa Beatriz, Lima Cercado"|S/ 2,000 · USD 588|2000|588||170|"42 m² tot.
1 dorm.
1 baño"|42|1|||Alquiler de hermoso minidepa en Santa Beatriz limite con Lince! estrenocaracterísticas generales: Precio total: 2000 soles condición 2x1 Dormitorio: 01Área total: 42 m2N° de Piso: 3N° Baños: 1 BañoAscensor = 02 No mascotas Minidepa bien distribuido con espacio para un estudio aparte y tiene un pequeño balcón Vista externa, con buena ventilación y buena iluminaciónmant: 170 solescondiciones: tener sustentos de pagos, ingresos demostrados, contrato mínimo un año. en la zona A unas cuadras de avenidas principales (Av Prolongación Iquitos, Av Paseo de la Republica y Javier Prado). Cerca al centros comercial Risso, cerca al parque de las aguas y al Hospital Rebagliati restaurantes como siete sopas de la av. Arequipa. Para ti que buscas una zona centrica, tendrás salidas rapidas como para la via expresa. el edificio Sorprendente y deseable en un lugar único por su ubicación, tranquilidad y seguridad con una calidad de construcción excelente y con vista interna. El edificio cuenta con ascensor, además tiene áreas comunes muy agradables, como gimnasio, area de parrillas, y un coworking totalmente nuevas. (estreno) características internas del departamentoel mini departamento cuenta con 3 ambientes bien distribuidos, tiene separaciones con ambientes comodos, tiene la cocina y horno empotrado totalmente nuevo como para lo estrenes, la sala/comedor a un lado en un ambiente comodo, y un espacio para estudio aparte de tu propia habitación amplia (entra cama queen). Adicionalmente tiene un closet de piso a techo y de pared a pared. No puedes perderte esta oportunidad! ¡Esto es lo que estabas buscando! Vive con la comodidad y tranquilidad que mereces, en una zona y departamento exclusivo. Llámame para concertar una visita a tu futuro hogar!|https://urbania.pe/inmueble/clasificado/alclapin-alquiler-de-departamento-en-santa-beatriz-lima-cercado-1-dormitorio-149246186?n_src=Listado&n_pills=Ascensor&n_pg=1&n_pos=20|2026-03-18
urbania|departamentos|alquiler|Lima Centro|Lima Cercado|"Av. Prol. Arica 2272
Lima Cercado, Lima"|S/ 1,500|1500|||200|"68 m² tot.
2 dorm.
2 baños"|68|2|2||Múdate a un condominio ubicado a un paso de todo ubicado en Prolongacion Arica - Condominio Amauta. Piso 18. 70m2 aprox. ️1 Habitación principal c/closet y baño privado. ️1 habitación secundaria c/closet. ️ 1 Habitación secundaria s/ clóset s/puerta por eso puede ser usado como oficina o cuarto de juegos. ️ 1 baño de visita. ️Sala comedor con balcón vista panoramica a la ciudad. ️Kitchenette con barra americana, muebles altos, bajos, campana, encimera con 4 hornillas y horno c/gas Calidda. ️Zona lavandería (Incluye terma gas Calidda) A 5 minutos de Centros Comerciales. Edificio tiene áreas comunes como piscina, zona de niños, zona con fultbitos de mano y más. S/. 250. 00 un estacionamiento semi techado. Condiciones: 2 meses de garantía + 1 mes de adelanto. Contrato mínimo 1 año. Se verificara con dni - y sustento de ingresos. Disponibilidad: Inmediata|https://urbania.pe/inmueble/clasificado/alclapin-alquiler-de-departamento-en-lima-cercado-lima-2-dormitorios-149272134?n_src=Listado&n_pills=Guardian%C3%ADa%2FSeguridad+privada&n_pg=1&n_pos=21|2026-03-18
urbania|departamentos|alquiler|Lima Centro|Lima Cercado|"José Antonio Roca 150
Lima Cercado, Lima"|S/ 2,350|2350||||"65 m² tot.
2 dorm.
2 baños
1 estac."|65|2|2|1|Vista panoramica, con buena iluminacion bien distribuido. sala comedor. cocina abierta. 2 dormitorios. 2 baños completos. lavanderia. 1 estacionamiento. frente a hermoso parque. ubicación privilegiada|https://urbania.pe/inmueble/clasificado/alclapin-alquiler-de-departamento-en-lima-cercado-lima-2-dormitorios-149083009?n_src=Listado&n_pills=%C3%81rea+de+lavander%C3%ADa&n_pg=1&n_pos=22|2026-03-18
urbania|departamentos|alquiler|Lima Centro|Lima Cercado|"Jirón Camaná 666
Centro De Lima, Lima Cercado"|"S/ 3,500
12%"|3500||12%|250|"200 m² tot.
7 dorm.
2 baños"|200|7|2||Alquilo oficina / departamento 200 m2 en jiron camana - centro lima. Se trata de 02 Oficinas cada una de 100 m2 que se comunican por dentro y tienen entrada independiente si se desea privacidad para cada una. Ubicadas en pleno Corazon del Centro de Lima, en la cdra 6 de Jiron Camana, frente al Ministerio de la Mujer y Estacion Jiron de la Union de Metropolitano. - 200 m2. - renta: S/. 3, 500 soles. - Modalidad Pago: 2x1. - Mantenimiento: S/. 250 soles (incluye agua, luz Y arbitrios) - Piso 3 con escaleras / no ascensor. - vista A calle. - 02 baños completos. - 07 ambientes. - Uno de los ambientes puede adaptarse para hacer un kitchennet. ¿Te gustaría visitarlo? Contáctame al 9. 3. 2. 4. 8. 2. 9. 1. 7|https://urbania.pe/inmueble/clasificado/alclapin-alquiler-de-departamento-en-centro-de-lima-lima-cercado-5-a-mas-dormitorios-149077230?n_src=Listado&n_pg=1&n_pos=23|2026-03-18
urbania|departamentos|alquiler|Lima Centro|Lima Cercado|"Jirón Enrique Barrón 1224
Lima Cercado, Lima"|S/ 2,000|2000||||"53 m² tot.
2 dorm.
2 baños"|53|2|2||Departamento Flat en alquiler — Jirón Enrique Barrón 1224, Lima, Lima. Edificio: 6 pisos. Área construida: 53 m² ️ Habitaciones: 2. Baños: 2. con Estacionamiento: 2200 soles. Antigüedad: 8 años. Descripción: Flat bien distribuido y con buena iluminación natural. Sala-comedor funcional, cocina práctica y dos dormitorios cómodos — ideal para pareja o familia pequeña. Acabados modernos acorde a su antigüedad, mantenimiento en buen estado. Ubicación: Zona con acceso a transporte y servicios cercanos (comercios, mercados y colegios), fácil conectividad dentro de Lima. Interesados pueden solicitar visita para conocer el departamento.|https://urbania.pe/inmueble/clasificado/alclapin-alquiler-de-departamento-en-lima-cercado-lima-2-dormitorios-148993738?n_src=Listado&n_pg=1&n_pos=24|2026-03-18
urbania|departamentos|alquiler|Lima Centro|Lima Cercado|"Jirón Santa Honorata
Pando Et.3, Lima Cercado"|S/ 2,650|2650||||"140 m² tot.
4 dorm.
2 baños"|140|4|2||Alquilo amplio departamento en el primer piso (140 m2 aprox.) con 4 habitaciones (puede usarse todos para dormitorios o alguna para sala de estudio), 2 baños, 1 sala, 1 comedor grande, 1 cocina, 1 tragaluz multiuso y 1 patio trasero como lavandería/tendedero. El departamento se encuentra en el primer piso de una casa de dos pisos y en una zona tranquila del cercado de Lima (limite con San Miguel y Pueblo libre; no es centro de Lima), muy cerca de la Universidad Católica y a parques residenciales, a solo 5 minutos de Plaza San Miguel. No se paga mantenimiento y no tiene cochera. Se permite un máximo de 6 personas y una mascota pequeña. Se solicitarán documentos para comprobar solvencia económica y antecedentes policiales. El pago de luz y agua es por parte del inquilino. Favor solo personas de buenas conductas y de nacionalidad peruana. Disponible a partir de Marzo|https://urbania.pe/inmueble/clasificado/alclapin-alquiler-de-departamento-en-pando-et3-lima-cercado-4-dormitorios-148964340?n_src=Listado&n_pills=%C3%81rea+de+lavander%C3%ADa&n_pg=1&n_pos=25|2026-03-18
urbania|departamentos|alquiler|Lima Centro|Lima Cercado|"CONDOMINIO ALAMEDA CENTRAL
Lima Cercado, Lima"|S/ 1,700 · USD 485|1700|485||120|"80 m² tot.
3 dorm.
2 baños"|80|3|2||Hermoso departamento en el nuevo condominio alameda central. excelente ubicación: Ubicado en el Nuevo Condominio Ecoamigable Alameda Central. Av. Oscar R. Benavides 1194 Lima (Ex Av. Colonial) A 1 cuadra del Ministerio de Transportes y Comunicaciones y el ino (Instituto Nacional de Oftalmología) A 1 cuadra de Supermercado Tottus. A 3 cuadras de Maestro Home Center de Naciones Unidas. A 8 cuadras de Plaza Dos de Mayo. Cerca a: Colegios, Universidad Privada del Norte, Makro, Metro, Tottus Parques, Metro, Bancos, Clínicas, restaurantes, peluquerías, bodegas, minimarkets, panaderías, entre otros. A 5 minutos del Centro Histórico de Lima. A 5 minutos del Hospital Loyza y Hospital San Bartolomé. A 5 min de Plaza de la Bandera. A 5 minutos del Real Plaza centro cívico. A 8 minutos del Mall Plaza Bellavista. Descripcion. Área 80 m2, amplio departamento con excelente iluminación natural en todos los ambientes. Piso 2. El Departamento cuenta con sistema de ventanas termo acústicas de vidrio templado. Hermosa Sala – Comedor. La Cocina con conexión a gas natural, con muebles altos y bajos en melamine, tablero de cuarzo, cocina tipo encimera y campana con lavaplatos de acero inoxidable. Área de lavandería cuenta con secadora a gas. 1 Dormitorio Principal cuenta baño completo. 2 Dormitorios secundarios. 1 Baño completo secundario. Terma a gas natural. Griferías de agua fría y caliente. Intercomunicador. Areas comunes: El condominio cuenta con: Seguridad 24/7. Parque privado. Área de parrillas. Salón de Recepción para eventos. Loza deportiva. servicios: Luz, Agua y Gas según consumo con medidores independientes. Mantenimiento S/. 120 soles. Arbitrios. precio alquiler: S/. 1, 700 soles. (1 mes de adelanto y 2 de garantía). Contrato mínimo de 1 año. Requistos: * No encontrarse en centrales de riesgo. * Sustento de ingresos personales o familiares superiores a S/. 5, 000 soles. * no mascotas. * no mascotas|https://urbania.pe/inmueble/clasificado/alclapin-alquiler-de-departamento-en-lima-cercado-lima-3-dormitorios-149195107?n_src=Listado&n_pills=Parrilla&n_pg=1&n_pos=26|2026-03-18
urbania|departamentos|alquiler|Lima Centro|Lima Cercado|"Avenida Arequipa 1492
Santa Beatriz, Lima Cercado"|S/ 2,300|2300|||200|"58 m² tot.
2 dorm.
2 baños"|58|2|2||Hermoso departamento de 58. 45m² ubicado en el piso 8 de un edificio de 20 pisos. Características: - 2 dormitorios (cada uno con cama: 2 plazas y plaza y media) - 2 baños completos. - 58. 45m2. - piso 8. - vista a la calle (Av. Arequipa) - balcón en sala y dormitorio. - sala comedor con vista a calle (con mueble sofá, mueble tv y tv Smart) - cocina americana equipado con refrigerador, cocina, horno y campana. Muebles altos y bajos. - zona de lavadora. - cuenta con terma eléctrica operativa. Cuenta con zonas comunes: Gimnasio, piscina, zonas de parrillas, coworking, zona de lavandería, sala sum, sala de niños, lobby recepción con seguridad 24/7. no cuenta con gas calidda. Alquiler: S/. 2, 300. 00. condiciones: 2 meses de garantía y 1 mes adelantado. contrato mínimo de 1 año. Mantenimiento: S/. 200 aproximado (incluye consumo de agua del departamento) ideal persona sola, parejas, 2 roommates. no mascotas. personas con solvencia económica comprobada, buen record en centrales de riesgo. ¡Todo lo que necesitas para vivir de la mejor manera! No pierdas la oportunidad. Contáctanos ahora para más información y agendar una visita!|https://urbania.pe/inmueble/clasificado/alclapin-alquiler-de-departamento-en-santa-beatriz-lima-cercado-2-dormitorios-149198295?n_src=Listado&n_pills=Parrilla&n_pg=1&n_pos=27|2026-03-18
urbania|departamentos|alquiler|Lima Centro|Lima Cercado|"Abelardo Gamarra al 1500
Lima Cercado, Lima"|S/ 980 · USD 293|980|293|||"28 m² tot.
1 dorm.
1 baño"|28|1|||Contacto: Angela Gutierrez 9. 9. 9. 9. 1. 9. 0. 0. 3Si buscas un lugar tranquilo, seguro y con un ambiente familiar este minidepartamento es para ti. Ubicado en el segundo piso de una linda casa, con ingreso totalmente independiente, en una zona residencial muy segura y rodeada de grandes parques, ideal para caminar, hacer ejercicio o simplemente relajarte. Su ubicación es inmejorable: cerca de importantes avenidas como Av. Venezuela, Av. Universitaria, Av. Colonial y a pocos minutos de Av. La Marina, lo que facilita el acceso a cualquier punto de la ciudad. Además, tendrás todo a tu alcance: Gran mercado de abastos muy bien surtidoPeluquerías, veterinarias, iglesias y centros médicos. A pocos metros de universidades como San Marcos y la pucp. A minutos de Plaza San Miguel y supermercados como Metro, Tottus y WongDistribución del minidepartamento: Al ingresar encontrarás un espacio para comedor con área destinada para una cocinita y un baño completo. Una linda escalera de madera conduce al segundo nivel, donde se ubica la habitación, además de un espacio independiente para lavandería y tendal, brindando mayor comodidad y orden. Un espacio pensado para quien valora la independencia, la tranquilidad y un entorno familiar y seguro.? Ideal para estudiantes, personas solas o parejas que busquen comodidad en una excelente zona|https://urbania.pe/inmueble/clasificado/alclapin-alquiler-de-departamento-en-lima-cercado-lima-1-dormitorio-148989404?n_src=Listado&n_pills=%C3%81rea+de+lavander%C3%ADa&n_pg=1&n_pos=28|2026-03-18
urbania|departamentos|alquiler|Lima Centro|Lima Cercado|"Av. Arequipa
Santa Beatriz, Lima Cercado"|S/ 2,100 · USD 625|2100|625||130|"38 m² tot.
1 dorm.
1 baño"|38|1|||Este inmueble se encuentra en una ubicación privilegiada, cerca del Hospital Rebagliati, Sunarp, Metro, Circuito mágico de agua, Centros comerciales, Universidades, Institutos, Colegio, fácil acceso a Av. Petit Thouars, Av. Arequipa, Av. Arenales, Av. Salaverry. Ideal para profesionales, parejas o familias que buscan un lugar cómodo, funcional y transporte público parar todo Lima. Este acogedor y moderno departamento de 38m², ubicado en el piso 12 cuenta con 1 habitación con walking closet y 1 baño completo, cocina, sala de estar con balcón que conecta con la habitación. Está ubicado en Av. Arequipa 1492. Es perfecto para quienes buscan comodidad y conveniencia en un espacio totalmente amoblado y listo para habitar. Mantenimiento: S/. 130 aprox (Incluye consumo de agua) Arbitrios: S/. 60 aproxIncluye: * Lavadora* Terma* Refrigeradora* Cocina 2 hornillas* Horno empotrado* Microondas* Campana* Sillas altas* Reposteros altos y bajos* Sofá cama* Escritorio con sillaÁreas comunes: * Lavandería* Sala de reuniones* Área de juegos para niños* Gym* Sala de estudios* Piscina* Áreas de parrilla* Áreas verdesCondiciones de pago: * No estar reportado en las centrales de riesgo* Sustentar ingresos* No mascotas* 2X1 (2 meses de garantía y 1 de adelanto) contactame Y agendamos visitalas imágenes y/o información de este inmueble son de carácter referencial. R. uc.: Ver datos Razón social: Inversiones Delia S. A. C.|https://urbania.pe/inmueble/clasificado/alclapin-alquiler-de-departamento-en-santa-beatriz-lima-cercado-1-dormitorio-149066022?n_src=Listado&n_pills=Parrilla&n_pg=1&n_pos=29|2026-03-18
urbania|departamentos|alquiler|Lima Centro|Lima Cercado|"Av. Óscar R. Benavides 495
Lima Cercado, Lima"|S/ 2,200|2200|||173|"58 m² tot.
2 dorm.
2 baños"|58|2|2||Vive en las alturas y disfruta de una vista espectacular desde el piso 17. Este lindo departamento en estreno, moderno y totalmente amoblado, está listo para que te mudes hoy mismo. *Contáctate con Zara Palomino 9. 1. 8. 3. 2. 4. 3. 1. 9* Área: 58. 11 m² Características: - 2 habitaciones. - 2 baños completos. - Cocina totalmente equipada. - cocina. - refrigeradora. - microondas. Lavandería equipada con lavadora. Amoblado con excelente gusto, funcional y acogedor. Ubicación céntrica y estratégica. Cerca a centros comerciales, servicios y principales vías de acceso. Ideal para desplazarte con facilidad a cualquier punto de la ciudad. Edificio hannan. Perfecto para quienes buscan comodidad, estilo y ubicación en un solo lugar. Precio alquiler: S/. 2, 200. 00. mantenimiento: S/. 173. 00. condición: 1 Mes de adelanto - 2 meses de garantía. ¡Todo lo que necesitas para vivir de la mejor manera! No pierdas la oportunidad. Contáctanos ahora para más información y agendar una visita. *Contáctate con Zara Palomino 9. 1. 8. 3. 2. 4. 3. 1. 9*|https://urbania.pe/inmueble/clasificado/alclapin-alquiler-de-departamento-en-lima-cercado-lima-2-dormitorios-148896300?n_src=Listado&n_pills=Ascensor&n_pg=1&n_pos=30|2026-03-18
urbania|departamentos|alquiler|Lima Centro|Lima Cercado|"Leonardo Arrieta
Elio, Lima Cercado"|S/ 1,000|1000||||"40 m² tot.
1 dorm.
1 baño"|40|1|||"Para una persona o máximo 2 personas. **ubicación: Leonardo Arrieta Urbanización elio, Cercado. Referencia a la espalda de la fábrica Molitalia, cuadra 25 de la Av. Venezuela. **precio: S/1000. 00 (incluye servicios de luz agua y arbitrios) - Edificio de 4 pisos, - Piso disponible 4to piso vista exterior con escalera sin ascensor. descripción: - Área: 40 m² ️ - Ambiente para que a condiciones un sofá un comedor. - 1 Dormitorio. - 1 baño completo. - Área de Lavandería y Cocina. -️ Tendal común. servicios: - La renta incluye: Luz | Agua. Arbitrios mensuales incluidos en la renta. - 1 mes de garantía y 1 mes de adelanto. *No se aceptan mascotas* requisitos: - Sustentar ingresos (boletas, recibos por honorarios o pdt) - No estar mal reportado en Infocorp. - Contrato mínimo de 1 año"|https://urbania.pe/inmueble/clasificado/alclapin-alquiler-de-departamento-en-elio-lima-cercado-1-dormitorio-149039815?n_src=Listado&n_pills=%C3%81rea+de+lavander%C3%ADa&n_pg=2&n_pos=1|2026-03-18
urbania|departamentos|alquiler|Lima Centro|Lima Cercado|"Urbanización Cipreses al 1400
Lima Cercado, Lima"|S/ 2,900|2900||||"130 m² tot.
2 dorm.
2 baños
1 estac."|130|2|2|1|Alquiler de departamento en el cercado de limacon muy buena ubicación urbanización Cipreses, frente a parque y cerca de universidades San Marcos, Católica, avenidas como Colonial y VenezuelaCaracterísticas: La propiedad cuenta con una distribución perfecta en dos niveles (Dúplex), permitiendo separar la zona social y de trabajo de la zona de descanso. primer piso - Uso Mixto (Ideal para negocio): · Cochera privada. · Local Comercial / Sala-Comedor Amplio: El frontis del primer piso puede ser habilitado perfectamente como local comercial, tienda, consultorio o salón de belleza, independiente de la zona familiar. El ambiente es muy amplio y versátil. · Baño completo· Cocina cerrada y amoblada: Con reposteros altos y bajos. Cuenta con conexión para Gas Natural (gnv) en la cocina. · Comedor de diario dentro de la cocina. · Patio terraza y zona de lavandería con tendedero. Segundo piso: Dormitorio máster con closets, baño completo y espacio para acondicionar un walk in closet extra. 2do dormitorio con balcón20 años de antigüedad pero en muy buen estado de conservaciónPrecio: S/2900Modalidad 2 x 1Condiciones: •Infocorp en verde•Sustento económico (Boletas o reporte tributario) •Certiadulto|https://urbania.pe/inmueble/clasificado/alclapin-alquiler-de-departamento-en-lima-cercado-lima-2-dormitorios-149273310?n_src=Listado&n_pills=%C3%81rea+de+lavander%C3%ADa&n_pg=2&n_pos=2|2026-03-18
urbania|departamentos|alquiler|Lima Centro|Lima Cercado|"Av. Óscar R. Benavides 1147
Lima Cercado, Lima"|S/ 1,700 · USD 459|1700|459|||"71 m² tot.
3 dorm.
2 baños"|71|3|2||Alquiler de departamento de 3 habitaciones en el Centro de Lima! Amplio departamento de 71 m², ubicado en el segundo piso, ideal para quienes buscan comodidad y excelente ubicación. A solo unos pasos de la Plaza Dos de Mayo, con salida rápida al Aeropuerto Jorge Chávez y fácil acceso a transporte público, comercios y servicios esenciales. - 3 Habitaciones- 2 baños- Sala comedor con vista externa- Cocina con muebles altos y Bajos- Zona de Lavandería Cerrada- Áreas comunes: Juegos para niños, zona de parrilla, parques internos, salon de niños, sala de reuniones- Vigilancia 24/7Si se aceptan mascotasMantenimiento S/100 soles aproximadamentePrecio del Alquiler sin Cochera S/1, 700 solesPrecio del Alquiler con Cochera S/2, 000 solesRequisitos para el alquiler- Sustento de ingresos- sbscontactame para agendar una visita! T. C. 3. 70Tipo de cambio referencial, sujeto a variación diaria por fluctuación del mercado|https://urbania.pe/inmueble/clasificado/alclapin-alquiler-de-departamento-en-lima-cercado-lima-3-dormitorios-147303639?n_src=Listado&n_pills=Seguridad&n_pg=2&n_pos=3|2026-03-18
urbania|departamentos|alquiler|Lima Centro|Lima Cercado|"Av. Aurelio García y García 941
Lima Cercado, Lima"|S/ 1,600 · USD 480|1600|480|||"67 m² tot.
2 dorm.
1 baño"|67|2|||Se alquila acogedor departamento de 67 m2, ubicado en el tercer piso de una casa, en la tranquila y bien ubicada urbanización Los Pinos - Cercado de Lima. Distribución: - Sala. Comedor con buena iluminación natural. - Cocina cerrada. - Dos dormitorios. - Un baño comp´leto. - Pequeño ambiente adicional para tendido de ropa. En zona residencial con fácil acceso a avenidas principales como La Colonial, Argentina, Universitaria etc. - Ideal para pareja o familia pequeña. Contacto: orlando nuñez. cel: Ver datos|https://urbania.pe/inmueble/clasificado/alclapin-alquiler-de-departamento-en-lima-cercado-lima-2-dormitorios-148905765?n_src=Listado&n_pills=Cerca+a+colegios&n_pg=2&n_pos=4|2026-03-18
urbania|departamentos|alquiler|Lima Centro|Lima Cercado|"Calle Santa Mariana Paredes 590
Pando, Lima Cercado"|"S/ 2,500 · USD 745
17%"|2500|745|17%|50|"90 m² tot.
3 dorm.
1 baño"|90|3|||Alquiler de Departamento con 3 Dorm., Sin Cochera. Se alquila departamento renovado con acabados modernos y céntrico, ubicado en el piso 5, en Av. Universitaria, a una cuadra de la universidad católica pucp, a dos cuadras de la unmsm, cerca a centros de idiomas (icpna, Británico, Centro de Idiomas de la Católica, Instituto Zegel ipae). Cerca a Parque Carlos Lisson, cerca a puestos de serenazgo de municipalidad de Lima y de San Miguel. A pocos minutos de centros comerciales como Plaza San Miguel y supermercados (Tottus, Metro, Wong, Plaza Vea), además de bancos, restaurantes, cines, gimnasios y diversos servicios. Fácil acceso a principales vías: Av. Universitaria, Av. La Marina, Av. Venezuela Av. Faucett y Av. Colonial. Distribución del departamento: - 03 dormitorios con clóset y todos poseen vista externa. - 01 baño completos con tina. - Amplia e iluminada sala-comedor con vista externa incluye videowall. - Cocina cerrada con muebles altos y bajos modernos, encimera de porcelanato. Incluye campana extractora decorativa. - Todos los empotrados se quedan durante el alquiler. - Lavandería. - Terma eléctrica. Áreas y servicios comunes: - Parques internos. - Videovigilancia. Condiciones de alquiler: - Alquiler mensual: S/ 3, 000. - Mantenimiento: S/ 50. - 01 meses de garantía y 01 mes de adelanto. - Sustento de ingresos comprobable. 9*2*2*9*6*2*1*9*8|https://urbania.pe/inmueble/clasificado/alclappa-alquiler-de-departamento-en-pando-lima-cercado-3-dormitorios-148528149?n_src=Listado&n_pills=%C3%81rea+de+lavander%C3%ADa&n_pg=2&n_pos=5|2026-03-18
urbania|departamentos|alquiler|Lima Centro|Lima Cercado|"Av. Óscar R. Benavides 1191
Lima Cercado, Lima"|S/ 1,800 · USD 538|1800|538||200|"65 m² tot.
3 dorm.
2 baños"|65|3|2||Alquilo departamento de estreno 3 habitaciones cercado de lima. 65 m². Distribución. Sala, Comedor. 3 Dormitorios. Cocina abierta. 2 Baños completos. Balcón, con vista fuera. Descubre este acogedor y bien distribuido departamento ubicado en una de las zonas más convenientes en Lima, Cercado. Ideal para quienes buscan comodidad, seguridad y excelente conectividad. Ubicación estratégica. Situado a la altura de cuadra 11 de la Av. Oscar Benavides. (ex Colonial). Accesible a las Avenidas Argentina y Universitaria. Rodeado de: * Centros comerciales. * Clínicas y centros médicos. * Colegios, Universidad San Marcos. * Restaurantes y cafés. * Bancos y farmacias. * Parques y áreas verdes. Una zona que ofrece calidad de vida, tranquilidad y cercanía a todo. Detalles del inmueble. * Área total: 65 m² * Piso: 11, con Ascensor. Mantenimiento 200 soles. * Estreno Departamento. * Seguridad: Guardianía 24/7. Distribución funcional y cómoda: * Áreas comunes. Área de Parrillas. . Área de reuniones. Canchita de futboll. Área de juegos para niños. Biohuerto. Condiciones: 2 meses de garantía + 1 mes adelantado. (2x1). Infocorp verde. Demostrar sustento económico.|https://urbania.pe/inmueble/clasificado/alclapin-alquiler-de-departamento-en-lima-cercado-lima-3-dormitorios-148817826?n_src=Listado&n_pills=Seguridad&n_pg=2&n_pos=6|2026-03-18
urbania|departamentos|alquiler|Lima Centro|Lima Cercado|"Teodoro Cárdenas 323, Lima
Lima Cercado, Lima"|S/ 2,000|2000|||250|"48 m² tot.
1 dorm.
1 baño
1 estac."|48|1||1|Lindo y acogedor Mini Dúplex, ubicado en el piso 17 con una vista extraordinaria con hermosos atardeceres. ideal para personas solas O parejas El edificio cuenta con ascensor, áreas comunes como lobby, piscina, gimnasio y una pequeña sala de eventos. Se encuentra ubicado estratégicamente entre las Avenidas Arequipa (a una cuadra), Petit Thouars, Alejandro Tirado, Canevaro; a pocos minutos del Circuito Mágico de las Aguas, del Hospital Rebagliatti, Museo de Historia Nacional unmsm, centros comerciales, restaurantes, bancos y negocios de diferentes rubros. Presenta la siguiente distribución: - primer nivel: Cocina empotrada con extractor muebles altos y bajos, incluye un equipo de filtración de agua, refrigerador, sofá cama en la sala y una pequeña mesa de comedor, baño de visitas, escaleras hacia el siguiente nivel. - segundo nivel: llegada de escaleras, 1 amplia habitación con clóset, cortinas blancas, baño y terma. Además de un espacio para lavadora. 1 Estacionamiento en Sótano Mantenimiento S/250 opcional estacionamiento S/250 *Condiciones: * - 2 meses de Garantía, 1 mes de adelanto - Contrato Mínimo de un año-Pago mensual de arbitrios. Requisitos: - Boletas de pagos, Recibos por honorarios, pdts y reportes tributarios correspondientes. - No registrar deudas vencidas en Centrales de Riesgo (infocorp, sentinel, Otros) No te pierdas esta excelente oportunidad! Citas Ver datos / Ver datos ruc Ver datos|https://urbania.pe/inmueble/clasificado/alclapin-alquiler-de-departamento-en-lima-cercado-lima-1-dormitorio-149277307?n_src=Listado&n_pills=Ascensor&n_pg=2&n_pos=7|2026-03-18
urbania|departamentos|alquiler|Lima Centro|Lima Cercado|"Jr. García Villón 570
Lima Cercado, Lima"|S/ 1,000 · USD 300|1000|300|||"35 m² tot.
1 dorm.
1 baño"|35|1|||Alquilo mindepartamento en piso 2 de 35 M2. con buena ubicacion cerca de avenidas principales. av. Argentina, av. Excolonial, av, guillermo dansey, av. Carcamo. C. C. Las malvinas, C. C. Udampe, etc. cuenta con: un dormitorio. un baño completo. una cocina. un sala comedor. contar con sustento de ingreso. condiciones 1garantia 1 adelanto|https://urbania.pe/inmueble/clasificado/alclapin-alquiler-de-departamento-en-lima-cercado-lima-1-dormitorio-149141363?n_src=Listado&n_pg=2&n_pos=8|2026-03-18
urbania|departamentos|alquiler|Lima Centro|Lima Cercado|"oscar benavides 1184
Lima Cercado, Lima"|S/ 2,000 · USD 596|2000|596||120|"65 m² tot.
3 dorm.
2 baños
1 estac."|65|3|2|1|"Departamento en alquiler en Cercado de Lima. Av. Óscar R. Benavides 1194 (Ex Colonial), Cercado de Lima – Piso 16. 3 dormitorios | 2 baños | Cochera | 65. 50 m² ¡Vive en un departamento moderno, bien distribuido y con excelente ubicación! Ubicado en la Av. Óscar R. Benavides, a un paso del mtc, este departamento de estreno en el piso 16 te ofrece una vista panorámica, luz natural y todo lo que necesitas para disfrutar tu nuevo hogar. Características principales: -Amplia sala comedor, perfecta para disfrutar con familia o amigos. -Cocina abierta con excelente funcionalidad. -Lavandería independiente, cómoda y práctica. -Dormitorio principal con baño privado. -Dos dormitorios secundarios con baño compartido. -Sistema de terma a gas e intercomunicador. -Gas natural, medidor de luz independiente y agua con cortómetro, para controlar tus consumos. Áreas comunes: Zona pet friendly | Zona de parrilla | Cancha deportiva | sum | Juegos para niños. Precio de alquiler departamento + cochera: S/ 2, 000. Condiciones: 1 mes de adelanto + 1 mes de garantía (1x1) Contrato por 1 año. ¡No pierdas esta oportunidad! Vive en una zona céntrica, segura y con todo al alcance: supermercados, universidades, bancos y principales avenidas. Contáctame y agenda tu visita."|https://urbania.pe/inmueble/clasificado/alclapin-alquiler-de-departamento-en-lima-cercado-lima-3-dormitorios-147803324?n_src=Listado&n_pills=Guardian%C3%ADa%2FSeguridad+privada&n_pg=2&n_pos=9|2026-03-18
urbania|departamentos|alquiler|Lima Centro|Lima Cercado|"Av. Bertello al 854
Lima Cercado, Lima"|S/ 2,300|2300||||"86 m² tot.
3 dorm.
2 baños
1 estac."|86|3|2|1|Departamento en Alquiler en Primer piso, de estreno, de 03 dormitorios y 02 baños, cocina abierta y sala con patio con salida a parque. Cuenta con Lavandería, Su área es de 86 Mts, El departamento también cuenta con Cochera, Inversión: S/ 2, 700|https://urbania.pe/inmueble/clasificado/alclapin-alquiler-de-departamento-en-lima-cercado-lima-3-dormitorios-149298713?n_src=Listado&n_pills=Ascensor&n_pg=2&n_pos=10|2026-03-18
urbania|departamentos|alquiler|Lima Centro|Lima Cercado|"C. San Francisco de Asis 267
Lima Cercado, Lima"|S/ 1,750 · USD 513|1750|513||68|"90 m² tot.
3 dorm.
1 baño"|90|3|||Contacto: renato aviles - 9. 2. 2. 4. 5. 2. 0. 8. 3. Urbanización Palomino – Cercado de Lima. Si estás buscando comodidad, ubicación estratégica y un espacio amplio para tu familia… ¡este departamento es para ti! Detalles del Departamento. Área: 90 m² ️ 3 habitaciones amplias con clósets. 1 baño completo. ️ 1 sala de estar / estudio. Piso 3. Precio: S/ 1, 750. ️ Información Adicional. Mantenimiento: S/ 68. Requisitos: ️ Buena calificación en Infocorp. ️ Sustento de ingresos. ️ Condiciones 2x1. ️ Contrato mínimo 1 año. ¿Por qué elegir este departamento? Exclusividad y tranquilidad. Ubicado dentro de una casa con solo 3 unidades independientes. Solo tres familias podrán disfrutar de este espacio privilegiado. ️ Excelente distribución. Amplia sala-comedor, cocina con muebles altos y bajos, lavandería independiente y sala de estar ideal para home office. ️ Iluminación y ventilación natural. Ambientes frescos y bien iluminados que brindan confort y bienestar. Totalmente remodelado. Acabados modernos y de primera calidad que crean un ambiente acogedor y elegante. Ubicación Estratégica. Fácil acceso a Av. Venezuela, La Alborada y Alejandro Bertello. A pocos minutos de la Pontificia Universidad Católica del Perú y la Universidad Nacional Mayor de San Marcos. Cerca de parques, colegios, restaurantes y centros comerciales. Todo lo que necesitas, a solo minutos de tu hogar. Agenda tu visita hoy mismo y descubre por qué este departamento puede ser tu próximo hogar. ¡No dejes pasar esta oportunidad!|https://urbania.pe/inmueble/clasificado/alclapin-alquiler-de-departamento-en-lima-cercado-lima-3-dormitorios-149154129?n_src=Listado&n_pills=Cerca+a+colegios&n_pg=2&n_pos=11|2026-03-18
urbania|departamentos|alquiler|Lima Centro|Lima Cercado|"AV COLONIAL 1194
San Rafael, Lima Cercado"|S/ 1,850|1850|||150|"74 m² tot.
3 dorm.
1 baño
1 estac."|74|3||1|Alquilo lindo dpto. De estreno ubicado en av. Colonial cuadra 11, cercado de lima, cerca A la av. Naciones unidas jr. Zorritos Y av. Tingo maria A una cuadra de tottus. Cuenta con 3 dormitorios, 2 baños amplia sala comedor, cocina con muebles altos Y bajos, lavanderia, balcon, gas calida Y hermosas areas sociales para compartir lindos momentos en famialia Y amistades. Se aceptan mascotas|https://urbania.pe/inmueble/clasificado/alclapin-alquiler-de-departamento-en-san-rafael-lima-cercado-3-dormitorios-148483678?n_src=Listado&n_pills=Gimnasio&n_pg=2&n_pos=12|2026-03-18
urbania|departamentos|alquiler|Lima Centro|Lima Cercado|"Jr. Alférez Mariano Carranza (Mz 10 A Lote 10) con Av. Arenales 1085 – 1093
Santa Beatriz, Lima Cercado"|S/ 2,250 · USD 662|2250|662|||"55 m² tot.
2 dorm.
2 baños"|55|2|2||Moderno departamento de 55 m², ubicado en el piso 10 de un edificio en esquina, lo que garantiza excelente vista, iluminación natural y ventilación. Se sitúa en Jr. Alférez Mariano Carranza con Av. Arenales 1085–1093, dentro de la reconocida Urbanización Fundo Santa Beatriz, en el distrito del Cercado de Lima. Características del departamento. 2 habitaciones bien distribuidas, con buena ventilación. 2 baños completos, ideales para mayor comodidad. Sala–comedor amplia y luminosa gracias a su ubicación en esquina. Cocina funcional con espacio para almacenamiento. Área total: 55 m². Áreas sociales del edificio. El edificio ofrece un conjunto de comodidades ideales para una vida moderna y práctica: Lavandería equipada. Gimnasio. Sala de juegos para niños. Terraza con zona de parrilla. Salón bar. Estacionamiento para bicicletas. Recepción amplia y segura. Ubicación privilegiada. Zona céntrica, segura y de fácil acceso. Cercano a avenidas principales, centros comerciales, bancos, parques y servicios. Excelente conectividad hacia diferentes distritos de Lima. Este departamento es una excelente opción para quienes buscan vivir en una zona estratégica o desean invertir en una propiedad de alta demanda. Si desea más información, contacte a la Asesora Inmobiliaria María Elena: 9. 5. 5. 3. 0. 4. 4. 5. 2.|https://urbania.pe/inmueble/clasificado/alclapin-alquiler-de-departamento-en-santa-beatriz-lima-cercado-2-dormitorios-148213931?n_src=Listado&n_pills=Ascensor&n_pg=2&n_pos=13|2026-03-18
urbania|departamentos|alquiler|Lima Centro|Lima Cercado|"CONDOMINIO PARQUE CENTRAL, LIMA
Lima Cercado, Lima"|S/ 1,800 · USD 487|1800|487||150|"56 m² tot.
3 dorm.
1 baño"|56|3|||Dpto en alquiler - condominio parque central - segundo piso!! ___________________________. A un paso de la av. La colonial - jiron zorritos Y av. Argentina! El depa está ubicado en segundo piso Y cuenta con: - dormitorio principal con baño completo. - dos dormitorios secundarios. - baño completo que comparten los dormitorios secundarios. - sala comedor amplia. - cocina con muebles bajos. renta: S/ 1800. 00. condiciones: 2 meses de garantia Y 1 mes de adelanto. agenda tu visita|https://urbania.pe/inmueble/clasificado/alclapin-alquiler-de-departamento-en-lima-cercado-lima-3-dormitorios-146330735?n_src=Listado&n_pills=Seguridad&n_pg=2&n_pos=14|2026-03-18
urbania|departamentos|alquiler|Lima Centro|Lima Cercado|"Av. Petit Thouars 1460
Santa Beatriz, Lima Cercado"|S/ 2,500 · USD 730|2500|730||250|"59 m² tot.
3 dorm.
2 baños
1 estac."|59|3|2|1|Alquiler de departamento de estreno con 3 dormitorios. Viva en un hermoso departamento de estreno en la mejor zona de Santa Beatriz en el Cercado de Lima. Súper bien ubicado cerca a principales avenidas Arequipa, Arenales, cerca al Hospital Rebagliati y al Castillo Rospigliosi. Area de 58. 56m2 en piso 16 con vista exterior y dos ascensores. Consta de sala comedor con vista a Av Petit Thouars. Cocina americana equipada con encimera a gas, horno empotrado y campana extractora. Cuenta además con refrigeradora y lavadora. 3 dormitorios con closets y vista a Av Petit Thouars. Dormitorio principal con doble closet, baño completo y balconcito. Baño secundario completo. Cuenta con gas Cálidda. La zona de lavandería separada con puertas. Cuenta con terma a gas. Areas comunes: - Sala de coworking en el piso 1. - Sala de reuniones, zona de parrillas con kitchenette, y gym en el piso 18. Instalación de gas Cálidda en cocina, baños y lavandería. Cochera exterior en piso 1 de 12. 50m2 (entra camioneta grande) Portería 24 x 7. Mantenimiento S/250. 00 + agua. Contrato mínimo a un año, condición 2 x 1|https://urbania.pe/inmueble/clasificado/alclapin-alquiler-de-departamento-en-santa-beatriz-lima-cercado-3-dormitorios-148613256?n_src=Listado&n_pills=Gimnasio&n_pg=2&n_pos=15|2026-03-18
urbania|departamentos|alquiler|Lima Centro|Lima Cercado|"Jr. Austria 1248 Lima
Lima Cercado, Lima"|S/ 1,200 · USD 343|1200|343||136|"40 m² tot.
1 dorm.
1 baño"|40|1|||Alquilo mini departamento funcional, ubicado en Cercado de Lima, límite con Breña, a tan solo 2 cuadras la Av. Colonial, Av. Naciones Unidas y Jr. Zorritos, donde encontrarás variedad de restaurantes, supermercados (Tottus), bancos (bcp y bbva), tiendas y grifos, así como transporte público y privado. El departamento se encuentra en el 5to piso sin ascensor, en un edificio seguro y exclusivo, solo hay 1 departamento por piso además de ello cuenta con cámaras de seguridad y servicio Verisure. Departamento. El departamento cuenta con las siguientes prestaciones: - Área total: 40m2, se encuentra en el piso 5, sin ascensor. - Habitación super amplia con closet, cuenta con luminarias y baño completo privado. - Mini Sala / comedor con iluminación natural. - Cocina cerrada con muebles altos y bajos de melamina, campana extractora, cocina a gas empotrada. - Lavandería y mueble de melamina para almacenamiento. - Intercomunicador, caja fuerte y sistema de seguridad Verisure. Edificio: - 5 pisos de altura, 7 departamentos en total. - No cuenta con ascensor, cuenta con escaleras descansadas. - Servicio de seguridad 24 horas del día con cámaras de seguridad. - No se permiten mascotas. Cochera: - No cuenta con estacionamiento, pero hay posibilidad de alquilar en los alrededores del edificio. Condiciones de alquiler: - Costo: S/. 1, 200 mensuales. - Garantía: 2 mes. - Adelanto: 1 mes. - Mantenimiento: S/. 136 mensuales. - Tiempo mínimo de contrato: 12 meses. *Se solicitarán sustentos de ingreso en caso de firmar contrato. **Se revisará historial crediticio en central de riesgos. *Para visitar el departamento se tendrá que agendar. Reserva tu visita al 9*3*4*8*5*0*0*5*3|https://urbania.pe/inmueble/clasificado/alclapin-alquiler-de-departamento-en-lima-cercado-lima-1-dormitorio-147667459?n_src=Listado&n_pills=%C3%81rea+de+lavander%C3%ADa&n_pg=2&n_pos=16|2026-03-18
urbania|departamentos|alquiler|Lima Centro|Lima Cercado|"Calle Emilio Fernández
Santa Beatriz, Lima Cercado"|S/ 2,100 · USD 609|2100|609||305|"79 m² tot.
3 dorm.
2 baños"|79|3|2||Se alquila, departamento ubicado en Santa Beatriz, con 79 m² de superficie construida. Cuenta con 3 recámaras y 2 baños, ideal para familias o personas que buscan comodidad y funcionalidad. El inmueble posee un balcón, perfecto para disfrutar de la vista a la ciudad. Además, el departamento cuenta con Sala-comedor, cocina americana y área de lavandería. El edificio ofrece 2 ascensores con capacidad para 5 personas cada uno, recepción, sala comunal y sala de entretenimiento. Para mayor seguridad, dispone de guardianía/seguridad privada y video vigilancia. Adicionalmente, cuenta con intercomunicador y hall de ingreso. La propiedad se encuentra en el piso 7 de un edificio de 20 pisos. La zona de Santa Beatriz ofrece fácil acceso a diversas avenidas principales, transporte público, supermercados, farmacias y centros de salud. Una mascota pequeña. areas comunes. juegos infantiles. zona de parrillas. sala de usos multiples. terraza lounge. sala de juegos|https://urbania.pe/inmueble/clasificado/alclapin-alquiler-de-departamento-en-santa-beatriz-lima-cercado-3-dormitorios-149192336?n_src=Listado&n_pills=Seguridad&n_pg=2&n_pos=17|2026-03-18
urbania|departamentos|alquiler|Lima Centro|Lima Cercado|"Avenida Arequipa
Santa Beatriz, Lima Cercado"|S/ 2,000|2000|||180|"60 m² tot.
2 dorm.
2 baños"|60|2|2||Departamento amoblado de 60m2 en el piso 13, de 2 dormitorios y 2 baños completos. Habitación principal con cama, veladores y televisor, con tocador y baño en su interior. Habitación secundaria con closet. Cocina abierta equipada, cuenta con refrigeradora, cocina con horno y campana extractora. Sala con sillón y televisor. Edificio de 3 años de antigüedad, con 3 ascensores y zonas comunes: gimnasio, coworking, zona de parrillas y cine. Recepción 24 horas. Contrato mínimo: 1 año. Interesados comunicarse al número Ver datos para coordinar una visita.|https://urbania.pe/inmueble/clasificado/alclappa-alquiler-de-departamento-en-santa-beatriz-lima-cercado-2-dormitorios-149270837?n_src=Listado&n_pills=Gimnasio&n_pg=2&n_pos=18|2026-03-18
urbania|departamentos|alquiler|Lima Centro|Lima Cercado|"Av. Venezuela 2505
Lima Cercado, Lima"|S/ 1,800 · USD 537|1800|537||200|"65 m² tot.
3 dorm.
2 baños"|65|3|2||"Condominio Centriqo Club Besco – Av. Venezuela, Cercado de Lima. Límite con Pueblo Libre | A pocas cuadras de Calle Alborada. Características del departamento: ️ 3 dormitorios. Dormitorio principal con baño incorporado. Segundo baño completo (visitas) Cocina abierta estilo americano. Lavandería integrada. Punto de gas para cocina y agua caliente. Balcón con vista interna. Departamento en estreno. 2 ascensores. ️ Piso 11. Excelente ubicación y accesos: ️ Av. Venezuela, Tingo María, Mariano Cornejo y Av. Alborada. Cerca de universidades: San Marcos, Católica, utp. Nidos y colegios cercanos. Zona segura con bodegas y comercios próximos. Condominio ecoamigable. No se permiten mascotas. Alquiler: S/ 1, 800. Condición: 2x1 (garantía + adelanto) Sustento de ingresos con últimas 3 boletas de pago. No estar reportado en infocorp. Ideal para familias o estudiantes que buscan comodidad, ubicación y seguridad."|https://urbania.pe/inmueble/clasificado/alclapin-alquiler-de-departamento-en-lima-cercado-lima-3-dormitorios-148848055?n_src=Listado&n_pills=%C3%81rea+de+lavander%C3%ADa&n_pg=2&n_pos=19|2026-03-18
urbania|departamentos|alquiler|Lima Centro|Brena|"Av. Venezuela 1839
Breña, Lima"|S/ 1,800|1800|||210|"69 m² tot.
3 dorm.
2 baños"|69|3|2||Vive en una ubicación estratégica, en Av. Venezuela cruce con Av. Tingo María, en el Cercado de Lima, límite con Breña. Zona céntrica y altamente conectada, a pocos minutos de Plaza Bolognesi, Plaza de la Bandera, el Centro de Lima y a pasos de la Universidad Privada del Norte, ideal para familias, profesionales y estudiantes. Características del departamento: Área: 69 m² Piso 4 con ascensor de última generación. Sala – comedor con vista externa y excelente iluminación natural. Cocina cerrada con reposteros bajos. 3 dormitorios. Dormitorio principal con baño incorporado. 1 baño completo adicional para habitaciones secundarias. Área de lavandería independiente. Ubicado dentro de edificio tipo condominio. Condiciones de alquiler: Precio: S/ 1, 800 mensuales. Mantenimiento: S/ 210 (incluye consumo de agua) Modalidad: 2 meses de garantía y 1 mes de adelanto. Sustento de ingresos indispensable (boletas de pago o pdt – sunat) Excelente opción para quienes buscan comodidad, buena distribución y fácil acceso a transporte, comercios y servicios en una de las zonas más prácticas de Lima. Agenda tu visita y conoce tu próximo hogar.|https://urbania.pe/inmueble/clasificado/alclapin-alquiler-de-departamento-en-brena-lima-3-dormitorios-149122205?n_src=Listado&n_pills=Ascensor&n_pg=1&n_pos=1|2026-03-18
urbania|departamentos|alquiler|Lima Centro|Brena|"Jirón Loreto 1784
Breña, Lima"|S/ 2,300 · USD 688|2300|688|||"60 m² tot.
3 dorm.
2 baños"|60|3|2||"Departamento de Estreno en Alquiler – Breña | 60 m²Vive la experiencia de estrenar tu nuevo hogar en una de las zonas con mayor crecimiento de Breña. Moderno, funcional y con excelentes áreas comunes diseñadas para tu comodidad y estilo de vida. Características del Departamento – Piso 7 (Dpto. 702) - 60 m² bien distribuidos- 3 ambientes cómodos- 2 dormitorios secundarios con clósets- 1 baño completo compartido- Dormitorio principal con baño privado- Cocina funcional- Área de lavanderíaUbicado en el último piso, con excelente iluminación y privacidad. Áreas Comunes ExclusivasPiscina con duchas3 ambientes amplios para reuniones familiaresSala para niños (1er piso) Sala de entretenimiento con 3 televisores y PlayStation2 ambientes para reuniones de trabajo4 salas para clases personalizadas o trabajo individualEstacionamiento en sótano 1 (autos y bicicletas) Área especial para baño de mascotasUbicación EstratégicaUbicado en el distrito de Breña, con acceso rápido a avenidas principales, centros comerciales, colegios y transporte público. Ideal para familias jóvenes, profesionales que trabajan desde casa o quienes buscan comodidad y espacios modernos en un solo lugar. Agenda tu visita hoy mismo y estrena el departamento que estabas buscando. R. U. C Ver datos"|https://urbania.pe/inmueble/clasificado/alclapin-alquiler-de-departamento-en-brena-lima-3-dormitorios-149119281?n_src=Listado&n_pills=%C3%81rea+de+lavander%C3%ADa&n_pg=1&n_pos=2|2026-03-18
urbania|departamentos|alquiler|Lima Centro|Brena|"ALT CDRA 4 DE AV BRASIL
Breña, Lima"|S/ 1,750|1750||||"72 m² tot.
2 dorm.
1 baño"|72|2|||Departamento familiar 1, 750 soles. Alquilo departamento alt cdra 4 de av brasil, cerca a parques, ubicado en zona céntrica y segura. Se muestra de lunes a domingos previa cita. Cuenta con 2 dormitorios, 1 baño sala, comedor, cocina, reposteros, closet, lavandería. Garantía 1x1. Informes al whatsapp 9, 0, 2, 4, 0, 9, 4, 2, 3 Alejandra Ching. El servicio de corretaje tiene un costo. Separa tu cita hoy mismo|https://urbania.pe/inmueble/clasificado/alclapin-alquiler-de-departamento-en-brena-lima-2-dormitorios-149280036?n_src=Listado&n_pills=%C3%81rea+de+lavander%C3%ADa&n_pg=1&n_pos=3|2026-03-18
urbania|departamentos|alquiler|Lima Centro|Brena|"Jirón General Varela 1956
Breña, Lima"|S/ 2,200|2200|||190|"74 m² tot.
3 dorm.
2 baños"|74|3|2||Se alquila amplio y acogedor departamento de 3 habitaciones ubicado en Jr. General Varela 1956, distrito de Breña, con excelente conectividad y acceso a las principales avenidas de Lima. El departamento cuenta con: 3 dormitorios espaciosos. 2 baños completos. Cocina tipo americana (abierta) con muebles altos y bajos. Sala comedor amplia y luminosa. Área de lavandería independiente. Precio de alquiler: S/ 2, 200 mensuales. Contrato mínimo: 1 año. Condiciones: 2x1. Ubicación estratégica con acceso rápido a la Avenida Arica, Avenida Venezuela y Avenida Brasil, facilitando la conexión hacia distintos puntos de la ciudad. En los alrededores se encuentra el centro comercial La Rambla Brasil, además de supermercados, farmacias, bancos y diversos comercios. Ideal para quienes buscan comodidad, buena distribución y una ubicación céntrica en Breña, contáctame para agendar tu visita|https://urbania.pe/inmueble/clasificado/alclapin-alquiler-de-departamento-en-brena-lima-3-dormitorios-148961462?n_src=Listado&n_pills=Piscina&n_pg=1&n_pos=4|2026-03-18
urbania|departamentos|alquiler|Lima Centro|Brena|"Pucallpa
Breña, Lima"|S/ 2,200|2200|||260|"78 m² tot.
3 dorm.
2 baños"|78|3|2||Departamento en alquiler con balcón y vista panorámica – 3 dormitorios – Piso 13 – Breña limite con Pueblo LibreAmplio y bien distribuido departamento ubicado en piso 13 con excelente iluminación natural y vista abierta de la ciudad, dentro de condominio seguro en Breña. El departamento cuenta con ambientes cómodos y buena ventilación, ideal para familia pequeña o profesionales que busquen tranquilidad y accesibilidad. Características: • Área aproximada: 78 mt2• Sala comedor-amplia con balcón• 3 dormitorios con clóset• Dormitorio principal con baño incorporado• 2 baños completos• Cocina cerrada con reposteros altos y bajos• Lavandería independiente• Conexión a gas natural (instalación disponible) • Pisos de parquet con mantenimiento reciente• Departamento bien iluminado y ventilado#Ubicado en Jr. Pucallpa, en Breña límite con Pueblo Libre, con salidas principales a la Av. Mariano Cornejo, Av. Del Rio, a 5 cuadras de la Av. Brasil rodeado de hermosos parques, cerca de colegios, universidades, centros comerciales, supermercados, clínicas, restaurantes, etc. Condiciones: • Alquiler: S/ 2, 200• Mantenimiento S/260 aprox. • 2 meses de garantía + 1 mes adelantado• Contrato mínimo 1 año• Acepta mascota pequeñaEvaluación en central de riesgoSustento de Ingresos Boletas de Pago ó Declaración mensual a SunatAgenda tu visita. #Informes: Brenda Zavala: *9*2*0*1*8*6*5*7*9*Angie Wong: *9*5*6*2*9*2*7*4*4*Si quieres conocer otras propiedades en Lima, comprar o vender, ponte en contacto con nosotros.|https://urbania.pe/inmueble/clasificado/alclapin-alquiler-de-departamento-en-brena-lima-3-dormitorios-149259636?n_src=Listado&n_pills=%C3%81rea+de+lavander%C3%ADa&n_pg=1&n_pos=5|2026-03-18
urbania|departamentos|alquiler|Lima Centro|Brena|"Jr. Napo
Breña, Lima"|S/ 1,600|1600|||50|"90 m² tot.
3 dorm.
1 baño"|90|3|||Se alquila amplio departamento de 90 m² ubicado en 2° piso, en Jr. Napo cuadra 16, en zona tranquila y de fácil acceso. **No Aceptan Mascotas** El departamento cuenta con: 3 dormitorios. Sala – comedor amplia. Cocina. Lavandería. 01 Baño. Buena iluminación y ventilación natural. Ideal para familia que busque comodidad y buena ubicación.|https://urbania.pe/inmueble/clasificado/alclapin-alquiler-de-departamento-en-brena-lima-3-dormitorios-149190351?n_src=Listado&n_pills=Cerca+a+colegios&n_pg=1&n_pos=6|2026-03-18
urbania|departamentos|alquiler|Lima Centro|Brena|"Av. Brasil 7
Breña, Lima"|S/ 1,300|1300||||"40 m² tot.
1 dorm.
1 baño"|40|1|||+servicios adicionales/ mini indep con vista calle, consta de una sala-kitchentt, con repost ayb, 1 dormitorio con closett, con conexión para lavadora, agua caliente, baño completo. whassap Anali Barrantes: 9. 4. 7 9. 0. 3 5. 3. 3 / ikasa corretaje tiene costo|https://urbania.pe/inmueble/clasificado/alclapin-alquiler-de-departamento-en-brena-lima-1-dormitorio-149011324?n_src=Listado&n_pg=1&n_pos=7|2026-03-18
urbania|departamentos|alquiler|Lima Centro|Brena|"Jr Pomabamba 589
Breña, Lima"|S/ 2,000 · USD 600|2000|600||400|"65 m² tot.
3 dorm.
2 baños
1 estac."|65|3|2|1|Moderno Departamento Amoblado en Alquiler – Breña Disfruta de 65 m² de comodidad en este departamento listo para mudarte, ubicado en el 8° piso con ascensor. Lo que ofrece: 3 dormitorios con closets de melamina y pisos laminados 2 baños completos Sala y comedor amplios y luminosos Cocina moderna con reposteros altos y bajos de melamina, cocina empotrada a gas natural, campana extractora, terma a gas y mesón con acabados de pimienta sal y granito Balcón con excelente iluminación natural Lavadora incluida Estacionamiento N°48todos los servicios incluidos: Mantenimiento, agua, luz e internet S/400 adicionales Áreas comunes: Piscina, gimnasio, sauna, sala de cine, área de juegos para niños, cancha de fulbito y sala de eventos. Ubicación estratégica: Jirón Pomabamba 850, referencia Av. Zorritos, con fácil acceso a Av. Brasil, Av. Universitaria y Av. Sucre, Breña. Cerca de transporte, comercios y todos los servicios. Ideal para quienes buscan comodidad, seguridad y diversión sin salir de casa.|https://urbania.pe/inmueble/clasificado/alclapin-alquiler-de-departamento-en-brena-lima-3-dormitorios-148871883?n_src=Listado&n_pills=Gimnasio&n_pg=1&n_pos=8|2026-03-18
urbania|departamentos|alquiler|Lima Centro|Brena|"Avenida Bolivia , Breña
Breña, Lima"|S/ 1,600 · USD 474|1600|474||90|"40 m² tot.
1 dorm.
1 baño"|40|1|||Sala amoblada. Ventanas con rollers screen. Kitchenette amoblada. Muebles de Melamina altos y bajos. Mesada de Granito. Campaña extractora. Refrigerador. Cocina. Terma. 1 Baño completo. 1 Dormitorio, una cama de dos plazas y dos veladores, con sus lamparas de mesa. 1 closet amplio con cajonera. 1 Terraza. Cuenta con elevador para discapacitados. Ascensores 2. Areas Sociales. Piscina. Gimnasio. Area de Parrillas. Area de recreo para niños. Salón de Eventos para adultos. 2 Baños para invitados más uno para discapacitados en las areas sociales. Condición 2 x 1. Contar con sustento de ingresos y no estar reportados en la central de riesgos. La cuota de mantenimiento es variable según consumo. Agende su Visita ya!|https://urbania.pe/inmueble/clasificado/alclapin-alquiler-de-departamento-en-brena-lima-1-dormitorio-148391745?n_src=Listado&n_pills=Ascensor&n_pg=1&n_pos=9|2026-03-18
urbania|departamentos|alquiler|Lima Centro|Brena|"Jr. Jorge Chávez cdra 7
Garden City, Breña"|S/ 1,050|1050||||"50 m² tot.
1 dorm.
1 baño"|50|1|||- Un (1) dormitorio, Sala-Comedor, Cocina y Baño. - Excelente ubicación: Cdra. 7 del Jr. Jorge Chávez 1er Piso. - Alquiler: S/. 1, 050 (incluye impuesto sunat), - Modalidad es 2x1 (dos meses de garantía y uno de adelanto) - informes: WhatsApp 9, 5, 0, 5, 5, 0, 2, 7, 4|https://urbania.pe/inmueble/clasificado/alclappa-alquiler-de-departamento-en-garden-city-brena-1-dormitorio-149167363?n_src=Listado&n_pills=Cerca+a+colegios&n_pg=1&n_pos=10|2026-03-18
urbania|departamentos|alquiler|Lima Centro|Brena|"Jr. Pastaza 610
Breña, Lima"|S/ 1,700|1700|||150|"70 m² tot.
3 dorm.
1 baño"|70|3|||Se alquila acogedor departamento ubicado en el corazón de Breña, en la cuadra 6 del Jirón Pastaza, a 1 cuadra de la Av. Arica y a 3 cuadras de la Av. Venezuela, cerca de colegios, mercados y a toda variedad de negocios. Cuenta con 3 habitaciones (2 de ellas con closet), 1 baño, cocina, sala/comedor y zona de lavandería. Cuenta con tendedero en la azotea. El departamento cuenta con el sistema de gas natural con 2 puntos de conexión ya que próximamente el edificio contará con dicho servicio. No pierda la oportunidad de vivir en Breña, un lugar que está cerca de todo. Precio de alquiler: S/ 1, 700 (negociable) Modalidad: 2x1 (2 meses de garantía y 1 mes de adelanto) Mantenimiento: S/ 110 (incluye agua) Mascotas: no. disponible A partir del sábado 1 de marzo|https://urbania.pe/inmueble/clasificado/alclapin-alquiler-de-departamento-en-brena-lima-3-dormitorios-64422085?n_src=Listado&n_pills=%C3%81rea+de+lavander%C3%ADa&n_pg=1&n_pos=11|2026-03-18
urbania|departamentos|alquiler|Lima Centro|Brena|"Av. Brasil 840
Breña, Lima"|S/ 1,600 · USD 478|1600|478||150|"40 m² tot.
1 dorm.
1 baño"|40|1|||Vive en una de las zonas más céntricas de la ciudad, a media cuadra de La Rambla de Av. Brasil, con acceso inmediato a supermercados, bancos, farmacias, restaurantes y transporte público. El departamento se encuentra en el piso 10, dentro de un edificio moderno de 28 pisos con solo 6 años de antigüedad, ofreciendo comodidad, seguridad y excelentes áreas comunes. Características del departamento: - 1 dormitorio cómodo e iluminado. - Balcón con vista lateral a Av. Brasil. - Sala – comedor funcional. - Cocina integrada con gas natural Calidda. - Lavandería dentro del departamento. Áreas comunes del edificio: - Lobby de recepción. - Sala de coworking. - Zona de parrillas. - Juegos infantiles. - Piscina panorámica. - Gimnasio al aire libre. - Patio interno con césped sintético. - Área de juegos de mesa. - Sala de reuniones. Precio de alquiler: S/ 1, 600. Mantenimiento: S/ 150 aprox. Condiciones: - 2 meses de garantía + 1 mes de adelanto. - Sustento de ingresos. - Buen historial en Infocorp. - No aceptan mascotas. Ideal para personas solas o parejas que buscan comodidad, seguridad y una ubicación estratégica. Agenda tu visita hoy mismo: Patricia Chuquin. 9. 9. 3 9. 4. 9 4. 3. 1|https://urbania.pe/inmueble/clasificado/alclapin-alquiler-de-departamento-en-brena-lima-1-dormitorio-145851842?n_src=Listado&n_pills=%C3%81rea+de+lavander%C3%ADa&n_pg=1&n_pos=12|2026-03-18
urbania|departamentos|alquiler|Lima Centro|Brena|"Jr. General Felipe Varela 1956
Breña, Lima"|S/ 3,300|3300|||380|"100 m² tot.
4 dorm.
3 baños
1 estac."|100|4|3|1|Vive en un dúplex moderno, funcional y con excelente iluminación natural, ubicado en el exclusivo Edificio Club House Varela Living. Un hogar ideal para quienes buscan amplitud, privacidad y comodidad, con áreas comunes completas (sin amoblar) distribución: nivel 1: - Sala – comedor, con excelente iluminación y un balcón con vista panorámica. - Cocina cerrada con ventilación y espacio para comedor de diario. - Dormitorio principal con clóset y baño privado. - Dos dormitorios secundarios. - Baño secundario, ideal también para visitas. nivel 2: - Un estudio que puede ser usado como un cuarto dormitorio con baño completo. - Lavandería amplia e independiente con tendales. - Therma eléctrica con WiFi, que permite control remoto de encendido. características adicionales. - 1 cochera paralela en primer sótano. - 2 ascensores marca Schindler. - Seguridad 24/7. áreas comunes. 2 piscinas (adultos y niños), Gimnasio, Sala sum, Sala de juegos, Zona de parrilla y Juegos para niños. Condiciones. Renta: S/ 3, 300. 00. Mantenimiento: S/ 380. 00 aprox. (no incluye agua) Condición: 2x1. Contrato mínimo: 1 año. Buen récord en Infocorp. Ingresos sustentables y demostrables. Contáctame para mayor información.|https://urbania.pe/inmueble/clasificado/alclapin-alquiler-de-departamento-en-brena-lima-4-dormitorios-149009433?n_src=Listado&n_pills=Parrilla&n_pg=1&n_pos=13|2026-03-18
urbania|departamentos|alquiler|Lima Centro|Brena|"HUANCABAMBA 1033
Azcona, Breña"|S/ 1,100 · USD 300|1100|300|||"60 m² tot.
1 dorm.
1 baño"|60|1|||Lindo departamento excelente ubicación calle huancabamba cuadra 10 en breña segundo piso amplia sala comedor luz natural ventanal cocina con reposteros bajos Y lavandería, un baño completo Y un dormitorio muy grande precio de ocasión 1100 soles 2 garantía 1 de adelanto citas inmediatas Ver datos miluzka martínez|https://urbania.pe/inmueble/clasificado/alclapin-alquiler-de-departamento-en-azcona-brena-1-dormitorio-149167053?n_src=Listado&n_pills=Cerca+a+colegios&n_pg=1&n_pos=14|2026-03-18
urbania|departamentos|alquiler|Lima Centro|Brena|"Pucallpa 247, Breña 15083, Perú
Breña, Lima"|S/ 3,000 · USD 887|3000|887|||"108 m² tot.
3 dorm.
2 baños
1 estac."|108|3|2|1|¡alquila el hogar de tus sueños en breña! ¿Buscas comodidad, ubicación y seguridad en un solo lugar? Este hermoso departamento amoblado lo tiene todo. Ubicado en una zona estratégica y residencial, a tan solo dos cuadras de Plaza La Bandera, en un primer piso dentro de un condominio moderno, tranquilo y seguro. Características principales: 3 amplias habitaciones con clóset empotrado (la principal con baño incluido y excelente iluminación natural). Sala – comedor espaciosa y elegante, ideal para disfrutar momentos en familia o recibir visitas. Cocina totalmente equipada, con reposteros altos y bajos, lista para que prepares tus mejores recetas. Área de lavandería independiente y patio trasero, perfecto para mayor comodidad y ventilación. 02 baños completos con acabados modernos. Cochera privada dentro del condominio. Vigilancia y seguridad las 24 horas con control de ingreso. Ubicación privilegiada: Situado en una de las zonas más accesibles y buscadas de Breña, rodeado de todo lo que necesitas para vivir con confort: A minutos de hospitales y clínicas reconocidas. Cercano a universidades e institutos. Próximo a parques y áreas verdes para disfrutar de la tranquilidad. Fácil acceso a centros comerciales, mercados y avenidas principales. Este departamento ofrece un ambiente apacible, moderno y acogedor, ideal para quienes buscan vivir con estilo, seguridad y una excelente ubicación. ¡No dejes pasar esta oportunidad! Agenda tu visita hoy mismo y descubre por qué este puede ser tu nuevo hogar en Breña. R. U. C Ver datos|https://urbania.pe/inmueble/clasificado/alclapin-alquiler-de-departamento-en-brena-lima-3-dormitorios-147956846?n_src=Listado&n_pills=Seguridad&n_pg=1&n_pos=15|2026-03-18
urbania|departamentos|alquiler|Lima Centro|Brena|"Orbegoso 607
Breña, Lima"|S/ 1,400|1400|||40|"70 m² tot.
2 dorm.
1 baño"|70|2|||Contáctate con Ana Huanacune - 9*4*1*4*8*3*2*8*4*Se alquila departamento de 70m2 en Orbegoso cdra. 6 - Breña. Departamento ubicado en un primer piso alto (tiene escaleras), esta totalmente remodelado y cuenta con ambientes muy independientes e iluminados. - Primer piso- 2 Dormitorios- Sala comedor- Cocina cerrada con muebles altos y bajos- 1 Baño completo- Patio Lavandería- Mantenimiento aprox. 40importante* Luz y agua independiente* no se aceptan mascotas*modalidad 2 x 1precio de alquiler: S/ 1, 400Buen historial en Infocorpsustentar sus ingresos|https://urbania.pe/inmueble/clasificado/alclapin-alquiler-de-departamento-en-brena-lima-2-dormitorios-149098225?n_src=Listado&n_pills=%C3%81rea+de+lavander%C3%ADa&n_pg=1&n_pos=16|2026-03-18
urbania|departamentos|alquiler|Lima Centro|Brena|"Jr. Jorge Chávez 1549
Azcona, Breña"|S/ 1,450|1450|||120|"75 m² tot.
2 dorm.
1 baño"|75|2|||Departamento en 5to piso, 2 departamentos por piso muy iluminado, con 2 habitaciones, 1 sala de estar que puede adaptarse como un tercer dormitorio, 1 baño, 1 sala, 1 comedor principal, 1 cocina con comedor para cocina y tiene acceso a azotea con tendal. Cerca a Centro Comercial la Rambla Brasil, Plaza Vea y Promart|https://urbania.pe/inmueble/clasificado/alclappa-alquiler-de-departamento-en-azcona-brena-2-dormitorios-148967992?n_src=Listado&n_pills=Cerca+a+colegios&n_pg=1&n_pos=17|2026-03-18
urbania|departamentos|alquiler|Lima Centro|Brena|"Jr. Breña 228 - Breña
Breña, Lima"|S/ 1,650|1650||||"40 m² tot.
1 dorm.
1 baño"|40|1|||Se alquila mini departamento de 1 dormitorio + estudio, ubicado en Jr. Breña, cdra 2, queda al costado de la Choza Náutica, cerca de hospitales como clínica Internacional, Loayza, Bartolomé Hospital del Niño, Av. Principales, como Av. Wilson, Alfonzo Ugarte, Av. Brasil, bancos, institutos, cc. Como La Rambla, Plaza Vea, mercados, entre otros. El dpto. Se encuentra totalmente amoblado* Sala comedor* Cocina equipada* Dormitorio amplio* Estudio* Baño completo* Lavandería+ Condiciones: * Máximo 2 personas mayores* Ideal para estudiantes o personas que trabajen cerca. * No mascotas* Alquiler S/1, 750* 2 de garantía* 1 de adelanto* Estar bien reportado en el sistema financieroAgenda tu visita de L-D previa cita|https://urbania.pe/inmueble/clasificado/alclapin-alquiler-de-departamento-en-brena-lima-1-dormitorio-148827540?n_src=Listado&n_pills=%C3%81rea+de+lavander%C3%ADa&n_pg=1&n_pos=18|2026-03-18
urbania|departamentos|alquiler|Lima Centro|Brena|"ALT CDRA 14 DE AV ARICA
Breña, Lima"|S/ 1,000|1000||||"60 m² tot.
1 dorm.
2 baños"|60|1|2||Departamento de ocasión 1, 000 soles. Alquilo departamento alt cdra 14 de av arica, cerca a parque, ubicado en zona céntrica y segura. Se muestra de lunes a domingos previa cita. Cuenta con 1 dormitorio, 2 baños, sala, comedor, cocina, lavandería. Informes al WhatsApp 9, 0, 2, 4, 0, 9, 4, 2, 3 Alejandra Ching. El servicio de corretaje tiene un costo. Separa tu cita hoy mismo|https://urbania.pe/inmueble/clasificado/alclapin-alquiler-de-departamento-en-brena-lima-1-dormitorio-149137578?n_src=Listado&n_pills=%C3%81rea+de+lavander%C3%ADa&n_pg=1&n_pos=19|2026-03-18
urbania|departamentos|alquiler|Lima Centro|Brena|"jr Orbegoso al 800
Breña, Lima"|S/ 2,000|2000||||"120 m² tot.
2 dorm.
2 baños"|120|2|2||"Solicitar visita: 9. 3. 6. 8. 6. 3. 2. 2. 0 / Gaby Pinedo/ id Ver datosalquiler en Breña – Ideal para Vivienda u Oficina Jr. Orbegozo cdra. 8 – Excelente ubicación, zona estratégica y de fácil acceso, cerca de: • Universidad Privada del Norte (upn) , Avenida Tingo María (Alt. Cdra. 13) • Avenida Venezuela, Colegio Mariano Melgar, Avenida Aguarico** Precio: S/. 2, 000 mensuales** Área: 120 m² | 3er piso (con escalera) * Distribución Amplia y Funcional* Sala comedor amplia con balcón y vista a la calle* Sala de estar o estudio (ideal para oficina privada) * 2 dormitorios amplios (uno con closet) * Cocina espaciosa con muebles altos y bajos* 2 baños completos* Gas natural* Tendal* No cuenta con cochera Ideal para: • Familia que busque espacios amplios y cómodos• Oficina administrativa• Estudio profesional(Modalidad oficina a puerta cerrada) Condiciones• 2 meses de garantía y 1 mes de adelanto Requisitos• Sustento de ingresos (3) últimas boletas de pago• Buen historial crediticio (Infocorp)"|https://urbania.pe/inmueble/clasificado/alclapin-alquiler-de-departamento-en-brena-lima-2-dormitorios-148980634?n_src=Listado&n_pg=1&n_pos=20|2026-03-18
urbania|departamentos|alquiler|Lima Centro|Brena|"Oxapampa
Breña, Lima"|S/ 1,250|1250|||75|"40 m² tot.
1 dorm.
1 baño"|40|1|||*Alquiler de departamento en Breña! * 40M2, Segundo piso. Ubicado en Jr. Oxapampa cruce con la Av. Tingo María. Consta de 1 dormitorio, 1 baño, sala comedor, cocina con reposteros y espacio para lavadora. Mascota chica permitida. Cochera no disponible. Solicita vídeo al interno. *Condición del trato: * -S/1, 300 (1x1) y S(/1, 200 (2x1) -Mantenimiento S/70 aprox y otros servicios por consumo propio. -Contar con ingresos sustentados con boleta o reporte tributario. -No registrar deudas vencidas al menos el titular que firma. *bel group real estate* www. brokerenlinea. com|https://urbania.pe/inmueble/clasificado/alclapin-alquiler-de-departamento-en-brena-lima-1-dormitorio-149264667?n_src=Listado&n_pg=1&n_pos=21|2026-03-18
urbania|departamentos|alquiler|Lima Centro|Brena|"AV TINGO MARIA BREÑA
Breña, Lima"|S/ 900|900||||"18 m² tot.
1 dorm.
1 baño"|18|1|||Se alquila dormitorio ampliode dos ambientes – breña. Av. Tingo María 1579 – Breña. Altura de la Av. Bertello, Cerca a Plaza de la Bandera, Mercado Millenium, upn y principales avenidas. Excelente oportunidad para vivir o trabajar en una zona estratégica y de alto tránsito. Ideal para vivienda, para persona sola o pareja, con excelente ubicación y precio accesible en Breña. Caracteristicas: - Área: 18 m² - 2 ambientes bien distribuidos. - 1 baño completo. - Piso 3. - Vista a la calle. - Edificio tranquilo y de fácil acceso. - Precio de alquiler: S/ 900 soles ( incluye servicios de luz y agua) condiciones: - 1 mes de adelanto + 1 mes de garantía. - Contrato mínimo de 1 año. - Sustentar ingresos (Boletas de pago – capacidad de pago) - Buen historial crediticio (Infocorp) ¡Agenda tu visita y asegura tu espacio hoy mismo!|https://urbania.pe/inmueble/clasificado/alclapin-alquiler-de-departamento-en-brena-lima-1-dormitorio-148571715?n_src=Listado&n_pills=%C3%81rea+de+lavander%C3%ADa&n_pg=1&n_pos=22|2026-03-18
urbania|departamentos|alquiler|Lima Centro|Brena|"Huancabamba al 1200
Breña, Lima"|S/ 2,150 · USD 640|2150|640||270|"75 m² tot.
3 dorm.
2 baños
1 estac."|75|3|2|1|¡Bienvenido a tu nuevo hogar en Breña! Este atractivo departamento en alquiler es perfecto para quienes buscan comodidad y estilo en el corazón de la ciudad. Con una superficie de 75 m2, este espacio moderno cuenta con 3 dormitorios y 2 baños, ideal para una vida familiar o compartir con amigos. Ubicado en Huancabamba 1236, Piso 3, el edificio ofrece 2 ascensores para tu conveniencia. Además, disfruta de la tranquilidad de tener un estacionamiento lineal privado incluido. S/150 AdicionalCon tan solo 5 años, este departamento destaca por su frescura y diseño contemporáneo. La cocina es espaciosa y funcional, perfecta para tus aventuras culinarias. Breña te ofrece una ubicación estratégica, cerca de centros comerciales, restaurantes y todo lo que necesitas para una vida dinámica y llena de energía. No pierdas la oportunidad de vivir en este vibrante barrio limeñoPet frendly. ¡Contáctanos para más detalles y agenda una visita hoy mismo!|https://urbania.pe/inmueble/clasificado/alclapin-alquiler-de-departamento-en-brena-lima-3-dormitorios-149080998?n_src=Listado&n_pills=Ascensor&n_pg=1&n_pos=23|2026-03-18
urbania|departamentos|alquiler|Lima Centro|Brena|"Jr. Aguaytía 185
Breña, Lima"|S/ 2,700|2700||||"100 m² tot.
4 dorm.
4 baños"|100|4|4||Oportunidad de alquiler, amplio departamento para tu comodidad. 100mt2 vista externa. el dpto esta ubicado en el 1er piso. ️sala comerdor amplia, bien iluninada. 4 dormitorios. 4 baño. linda cocina con muebles altos Y bajos cocina cerrada. zona de lavanderia. *todos los servicios son independientes no incluye en el pago mensual. *cuenta con gas calida. *camara de seguridad. *contrato un año minimo. modalida de pago 1×1. un mes de adelanto 1 garantia. no mascotas. Tl para citas. 9*9*9*0*7*3*6*1*5 susana rivera|https://urbania.pe/inmueble/clasificado/alclapin-alquiler-de-departamento-en-brena-lima-4-dormitorios-148837204?n_src=Listado&n_pills=%C3%81rea+de+lavander%C3%ADa&n_pg=1&n_pos=24|2026-03-18
urbania|departamentos|alquiler|Lima Centro|La Victoria|"Jorge Salazar Araoz 171
La Victoria, Lima"|Consultar precio||||280|"273 un.
1 a 2 dorm.
40 a 69 m² tot."|40 a 69|1 a 2|||Ubicado en el corazón de Santa Catalina, este proyecto te ofrece el equilibrio perfecto entre comodidad y conexión. Además, su estratégica ubicación te permite estar cerca de todo lo que necesitas, con fácil acceso a los principales puntos de la ciudad para optimizar tu tiempo y tu estilo de vida.|https://urbania.pe/inmueble/proyecto/ememefin-proyecto-catalina-park-lima-la-victoria-v-v-grupo-inmobiliario-148218236?n_src=Listado&n_pg=1&n_pos=1|2026-03-18
urbania|departamentos|alquiler|Lima Centro|La Victoria|"Av Javier Prado Este 1093
Santa Catalina, La Victoria"|S/ 2,800|2800|||280|"62 m² tot.
2 dorm.
2 baños
1 estac."|62|2|2|1|Alquiler Departamento en Santa Catalina S/ 2, 800. Se Alquila hermoso departamento de estreno en Av. Javier Prado 1079 Urb. Santa Catalina limite con San Borja y San Isidro. Edificio los sauces torre B totalmente moderno y bien ubicado en Av. Javier Prado frente al Colegio San Agustín. Te presento este hermoso departamento en la mejor zona de La Victoria en la Residencial Urbanización Santa Catalina a unos pasos de los límites de San Isidro y San Borja, este hermoso departamento de estreno se encuentra ubicado en décimo quinto piso este moderno edificio de 33 pisos y 6 niveles de estacionamientos, cuenta con 5 ascensores sumamente modernos para la total tranquilidad y desplazamiento de sus residentes inmenso hall de recepción con monitoreo de múltiples cámaras de vigilancia 24/7 y seguridad constante. El predio cuenta con una elegante puerta en madera, al ingresar nos encontramos un hermosa cocina americana con muebles altos y bajos con barra en granito pulido muy elegante, presenta horno empotrado, encimera de cuatro hornillas y campana extractora hacia su izquierda nos encontramos con área de lavandería amplia para lava seca si se desea, avanzando esta amplia comedor, sala amplia y con ventanales sumamente altos que van de piso a techo desde su balcón con excelente vista externa proporcionando luz natural a todos los ambientes hacía, hacia la izquierda presenta primer dormitorio con vista externa y baño incorporado,, avanzando encontramos baño de visita completo y culminando esta bella distribución segundo dormitorio sumamente amplio con impresionantes vista externa. Se cuenta con gas calidda con agua fría y caliente en toda la griferia. Excelente ubicación entre dos parques, cerca al Pentagonito, rodeado de Centros comerciales y bancarios como El Jockey, C C Chacarilla, Real Plaza Primavera Open Plaza Angamos, al lado del Centro Comercial Santa Catalina entre otros, con variados negocios para que degusten de una vasta gastronomía con platos de todo el mundo, sin dejar de menciona las múltiples vías de acceso y transporte que te conectan en minutos hacía el destino que desees. Área Ocupada: 62. 08 m2. Área Techada: 62. 08 m2. 1 Estacionamiento amplio de 16. 58 m2 ubicado en el nivel 4° Si desea sin este estacionamiento el precio es de S/. 2, 600 el mes del alquiler. Amplia cochera tiene capacidad para cualquiera tipo de camioneta, espacios sumamente amplios para maniobras sin pendientes pronunciadas y todos los espacios bastante iluminados. areas comunes para el deleite tuyo Y el de toda tu familia. Piscina panorámica para disfrutar en todo momento con área de vestidores y baños con duchas tanto para hombres y mujeres. Es de uso libre. 10 Terrazas con zona de parrillas la cual se puede solicitar para aquellos eventos que desees y disfrutar con toda la familia Se utiliza mediante reserva. Dos ambientes de Coworking para más de 70 personas. Es de uso libre. Dos amplia sala de reuniones. Se utiliza mediante reserva. Un área de zoom, para aquellos eventos corporativos o de negocios que desees. Se utiliza mediante reserva. Estacionamiento de bicicletas te pueden asignar una o varias según tus necesidades. Area de juegos equipada con mesa múltiple de fulbito de mano, billar y ping pong con muebles internos los cuales los puedes solicitar para el uso de tus eventos familiares o reuniones. Se utiliza mediante reserva. Area de gimnasio totalmente equipada con elípticas, caminadoras, maquinas múltiples con cables, mancuernas, pesas, accesorios para pilates entre otros ambientadas con amplios espejos y hermosa vista a áreas verdes. Es de uso libre. A pasos del Mall de Santa Catalina, avenidas principales, comercios, colegios y transporte. ¡Todo lo que necesitas al alcance de tu mano! Condiciones: 2x1 (Dos meses de garantía x 1 mes de adelanto) Precio conversable, se escuchan todas las propuestas serias. Deseas que te ayudemos con alguna otra propiedad ya sea: compra. venta. alquiler. Entonces no dudes en contactarnos.! Dale a tu familia ese lugar que siempre soñaste! Insuperable oportunidad de vivir con toda tu familia como siempre lo deseaste rodeado de la naturaleza con finísimos y acogedores ambientes. aprovecgha esta oportunidad inmejorable, llamanos al 9*9*1*0*6*4*8*7*3, el equipo de richard obando esta listo para guiarte. Queremos acompañarte en cada paso de tu nuevo hogar|https://urbania.pe/inmueble/clasificado/alclapin-alquiler-de-departamento-en-santa-catalina-la-victoria-2-dormitorios-149103551?n_src=Listado&n_pills=Guardian%C3%ADa%2FSeguridad+privada&n_pg=1&n_pos=2|2026-03-18
urbania|departamentos|alquiler|Lima Centro|La Victoria|"Av Javier Prado Este 1091
Santa Catalina, La Victoria"|S/ 3,200 · USD 950|3200|950||400|"73 m² tot.
3 dorm.
2 baños
1 estac."|73|3|2|1|Se Alquila hermoso departamento de estreno en Av. Javier Prado 1079 Urb. Santa Catalina límite con San Borja y San Isidro. Edificio los sauces torre A totalmente moderno y bien ubicado en Av. Javier Prado frente al Colegio San Agustín. Te presento este hermoso departamento en la mejor zona de La Victoria en la Residencial y tradicional Urbanización Santa Catalina a unos pasos de los límites de San Isidro y San Borja, este impecable departamento de total estreno se encuentra ubicado en duodécimo sexto piso, este moderno edificio de 33 pisos y 7 niveles de estacionamientos, cuenta con 5 ascensores sumamente modernos todos equipados con una cámara incorporada 360° en sus techos para una total seguridad y tranquilidad para el desplazamiento de sus residentes. Adicional a ello, presenta inmenso hall de doble altura para área de recepción con zona de monitoreo múltiple para asegurar una vigilancia 24/7 manteniendo así una seguridad constante en todo el edificio. El predio cuenta con una elegante puerta en madera, al ingresar nos encontramos un hermosa cocina americana con muebles altos y bajos con barra en granito pulido muy elegante, presenta horno empotrado, encimera de cuatro hornillas y campana extractora hacia su derecha nos encontramos con área de lavandería amplia para lava seca si se desea, avanzando esta amplia comedor, sala amplia y con ventanales sumamente altos que van de piso a techo desde su balcón con excelente vista externa proporcionando luz natural a todos los ambientes, hacia la derecha presenta primer dormitorio con vista externa y baño al lado segundo dormitorio de buen tamaño ambos con closet empotrados los cuales comparten baño completo que se encuentra en frente a ellos y culminando esta bella distribución nos encontramos con el tercer dormitorio el cual presenta baño completo incorporado, closet empotrados sumamente amplio con impresionante balcón de seis metros cuadrados y mampara privada que conforma una elegante terraza con espectacular vista externa. Se cuenta con gas calidda con agua fría y caliente en toda la griferia. Excelente ubicación entre dos parques, rodeado de Centros comerciales y bancarios como El Jockey, C C Chacarilla, Real Plaza Primavera Open Plaza Angamos, al lado del Centro Comercial Santa Catalina entre otros, con variados negocios para que degusten de una vasta gastronomía con platos de todo el mundo, sin dejar de menciona las múltiples vías de acceso y transporte que te conectan en minutos hacía el destino que desees. Área Ocupada: 73. 00 m2. Área Techada: 73. 00 m2. 1 Estacionamiento amplio de 16. 58 m2. 1 Deposito al lado del estacionamiento. Amplia cochera tiene capacidad para cualquiera tipo de camioneta, espacios sumamente amplios para maniobras sin pendientes pronunciadas y todos los espacios bastante iluminados y amplio deposito multi usos sumamente útil. areas comunes para el deleite tuyo Y el de toda tu familia. Piscina panorámica para disfrutar en todo momento con área de vestidores y baños con duchas tanto para hombres y mujeres. Es de uso libre. 10 Terrazas con zona de parrillas la cual se puede solicitar para aquellos eventos que desees y disfrutar con toda la familia Se utiliza mediante reserva. Dos ambientes de Coworking para más de 70 personas. Es de uso libre. Dos amplia sala de reuniones. Se utiliza mediante reserva. Un área de zoom, para aquellos eventos corporativos o de negocios que desees. Se utiliza mediante reserva. Estacionamiento de bicicletas te pueden asignar una o varias según tus necesidades. Area de juegos equipada con mesa múltiple de fulbito de mano, billar y ping pong con muebles internos los cuales los puedes solicitar para el uso de tus eventos familiares o reuniones. Se utiliza mediante reserva. Area de gimnasio totalmente equipada con elípticas, caminadoras, maquinas múltiples con cables, mancuernas, pesas, accesorios para pilates entre otros ambientadas con amplios espejos y hermosa vista a áreas verdes. Es de uso libre. A pasos del Mall de Santa Catalina, avenidas principales, comercios, colegios y transporte. ¡Todo lo que necesitas al alcance de tu mano! Condiciones: 2x1 (Dos meses de garantía x 1 mes de adelanto) Precio conversable, se escuchan todas las propuestas serias. Deseas que te ayudemos con alguna otra propiedad ya sea: compra. venta. alquiler. Entonces no dudes en contactarnos.! Dale a tu familia ese lugar que siempre soñaste! Insuperable oportunidad de vivir con toda tu familia como siempre lo deseaste rodeado de la naturaleza con finísimos y acogedores ambientes. aprovecgha esta oportunidad inmejorable, llamanos al 9*9*1*0*6*4*8*7*3, el equipo de richard obando esta listo para guiarte. Queremos acompañarte en cada paso de tu nuevo hogar|https://urbania.pe/inmueble/clasificado/alclapin-alquiler-de-departamento-en-santa-catalina-la-victoria-3-dormitorios-149271367?n_src=Listado&n_pills=Piscina&n_pg=1&n_pos=3|2026-03-18
urbania|departamentos|alquiler|Lima Centro|La Victoria|"Avenida Nicolás Arriola 107
La Victoria, Lima"|S/ 2,700 · USD 780|2700|780||290|"70 m² tot.
2 dorm.
2 baños"|70|2|2||Departamento que combina estilo, comodidad y una ubicación privilegiada en plena avenida principal, frente a la Clínica Ricardo Palma y al límite con centro empresarial con San Isidro. Situado en el piso 13, te ofrece una vista panorámica espectacular y acceso inmediato a todo lo que necesitas para vivir con calidad. Se encuentra en el corazón de la ciudad, con acceso fácil a servicios, comercios, centros médicos y vías principales. Características del departamento: - Sala-comedor con mamparas y rollers modelo Duo cebra: Disfruta de una vista inigualable de la ciudad desde la comodidad de tu hogar. - Dormitorio principal: Amplio, con balcón privado closet altos, baño incorporado con ducha puerta corredizo arenado euro con toallero. - Dormitorio secundario 1 con vistas panorámicas, baño completo con ducha puerta corredizo arenado euro con toallero. - Cocina a has natural: Funcional y bien equipada. - Área de lavandería con puertas corredizas de vidrio templado arenado de 8mm con terma a gas natural. Áreas comunes: - Piscina para relajarte y disfrutar. - Terraza y zona de parrilla para reuniones sociales. - Gimnasio completamente equipado. - Área social y juegos para niños. - Salones para usos múltiples, ideales para eventos o actividades. * El precio del inmueble en soles es referencial, de acuerdo al tipo de cambio de la sbs.|https://urbania.pe/inmueble/clasificado/alclapin-alquiler-de-departamento-en-la-victoria-lima-2-dormitorios-145338823?n_src=Listado&n_pills=Gimnasio&n_pg=1&n_pos=4|2026-03-18
urbania|departamentos|alquiler|Lima Centro|La Victoria|"AV. CANADA 1075 - LA VICTORIA
Santa Catalina, La Victoria"|S/ 2,104|2104|||250|"59 m² tot.
2 dorm.
2 baños"|59|2|2||"Contamos con esplendido departamento en edificio residencial hope - la victoria. * Cuenta con un área de: 58. 50 M2 | Precio de renta: S/. 2, 100. 00. sala comedor / 02 dormitorios / 01 estudio / reposteros altos Y bajos en cocina / vista exterior / amplias ventanas / lavanderia. edificio cuenta con areas comunes: recepcion / patio interior / sala de reuniones / salon de eventos / sala de parrillas / gym / lavanderia / area de niños / 02 ascensores modernos. * disponiblidad inmediata. *Teléfonos de contacto: Ver datos movistar / Ver datos entel. correos: Ver datos /@gmail. com"|https://urbania.pe/inmueble/clasificado/alclapin-alquiler-de-departamento-en-santa-catalina-la-victoria-2-dormitorios-145911154?n_src=Listado&n_pills=Amoblado&n_pg=1&n_pos=5|2026-03-18
urbania|departamentos|alquiler|Lima Centro|La Victoria|"Dirección no informada
La Victoria, Lima"|S/ 2,500 · USD 735|2500|735||100|"79 m² tot.
2 dorm.
2 baños"|79|2|2||Lindo dpto en alquiler con hermoza vista a la ciudad. Departamento consta de sala - comedor co balcon, cocina con reposteros altos y bajos tipo kichenet, lavanderia con terma a gas, oficina con escritorio y estantes, 2 dormitorios, principal con baño incorporado, balcon y 2 closet, 80 m2. Gas Calidda. El edificio cuenta con lindas areas comunes: piscina, sala de reuniones, co- working, areas verdes en la zotea, parque verde en el primer piso, sala de juegos para niños, area de lavanderia, area de parrilla, etc. El dpto no cuenta con el estacionamiento, pero hay cocheras en alquiler y tambien cocheras en la calle. Queda a pocos metros del Puente Quiñones frente a san Isidro. Citas: Sofia 9#6#6#0#3#1#2#2#1|https://urbania.pe/inmueble/clasificado/alclapin-alquiler-de-departamento-en-la-victoria-lima-2-dormitorios-148113665?n_src=Listado&n_pills=Parrilla&n_pg=1&n_pos=6|2026-03-18
urbania|departamentos|alquiler|Lima Centro|La Victoria|"Saco Oliveros 909
Santa Catalina, La Victoria"|S/ 1,800|1800|||285|"62 m² tot.
2 dorm.
1 baño"|62|2|||Departamento en excelente ubicación, frente a parque, a dos cuadras de Javier Prado y Canadá, se encuentra en el tercer piso, sin ascensor, escaleras descansadas, vista interna, puerta principal y falsa, sala comedor amplia con pisos de parquet (todo el departamento cuenta con parquet), cocina con muebles altos y bajos, cocina encimera empotrada de cuatro hornillas, campana, área de lavandería con lavadero, área para lavadora, colgador empotrado, closet y terma, dos dormitorios amplios con closet o cajonería, baño completo con ducha, mueble alto con dos puertas, repisas y espejo. Área para tender la ropa en la azotea. El edificio se encuentra cerca a Supermercados, Centros Comerciales, Clínicas, Bancos, Colegios, Restaurantes, etc. Mantenimiento 100 soles aproximadamente. Contrato por un año, se pide dos meses de garantía y uno de adelanto. Informes Flor Cárdenas Ver datos|https://urbania.pe/inmueble/clasificado/alclapin-alquiler-de-departamento-en-santa-catalina-la-victoria-2-dormitorios-66815142?n_src=Listado&n_pills=Frente+a+parque&n_pg=1&n_pos=7|2026-03-18
urbania|departamentos|alquiler|Lima Centro|La Victoria|"AV. CANADA 1075 - LA VICTORIA
Santa Catalina, La Victoria"|S/ 2,105|2105|||300|"60 m² tot.
2 dorm.
2 baños"|60|2|2||"Contamos con esplendido departamento en edificio residencial hope - la victoria. * Cuenta con un área de: 60. 00 M2 | Precio de renta: S/. 2, 100. 00. sala comedor / 02 dormitorios / estudio / reposteros altos Y bajos en cocina / vista exterior / amplias ventanas. edificio cuenta con areas comunes: recepcion / patio interior / sala de reuniones / salon de eventos / sala de parrillas / gym / lavanderia / area de niños / 02 ascensores modernos. * disponiblidad inmediata. *Teléfonos de contacto: Ver datos movistar / Ver datos entel. correos: Ver datos /@gmail. com"|https://urbania.pe/inmueble/clasificado/alclapin-alquiler-de-departamento-en-santa-catalina-la-victoria-2-dormitorios-145910826?n_src=Listado&n_pills=%C3%81rea+de+lavander%C3%ADa&n_pg=1&n_pos=8|2026-03-18
urbania|departamentos|alquiler|Lima Centro|La Victoria|"AV. CANADA 1075
Santa Catalina, La Victoria"|S/ 2,000|2000|||170|"60 m² tot.
3 dorm.
2 baños"|60|3|2||{[hop804]} Av. Canadá, 1075, La Victoria. ¡Vive con estilo, comodidad y en una ubicación privilegiada! Este moderno departamento te ofrece todo lo que necesitas para disfrutar de una excelente calidad de vida, en un edificio con áreas comunes exclusivas y seguridad las 24 horas. ⸻ ️ Características del Departamento: - 3 habitaciones con excelente iluminación natural. - 2 baños completos. - Sala-comedor acogedora y bien iluminada. - Cocina moderna con gas natural, equipada con: - Encimera. - Campana extractora. - Terma a gas. - Área de lavandería integrada. - Espacios de almacenamiento bien distribuidos. - Incluye luminarias instaladas y rollers en todas las ventanas. ⸻ Áreas Comunes del Edificio: Área Infantil. Coworking. Lavanderia. Sala de fitness. Parrilla. Sala sum (eventos) Patio. Lobby elegante con vigilancia 24/7. ⸻ Ubicación Estratégica: Ubicado en Av. Canadá, 1075, La Victoria. Rodeado de todo lo que necesitas: ️ Centros comerciales. Clínicas y hospitales. Universidades. Restaurantes y cafés. Supermercados. Fácil acceso a vías principales. ⸻ Condiciones del Alquiler: - 2 meses de garantía + 1 mes de adelanto. - Contrato mínimo de 1 año. No dejes pasar esta oportunidad de vivir con estilo, en un espacio moderno y con excelente ubicación. ¡Contáctanos para agendar tu visita! Av. Canadá, 1075, La Victoria. Metraje: 60 m² Precio: S/. 2000. Mantenimiento: S/. 300. ¿Acepta mascotas?: no. Piso del departamento: 8. Total de pisos del edificio: 19. Áreas comunes: Sala de reuniones, Parrilla, Coworking, Lobby, Gimnasio. Cochera: No. Cocheras para visitas: No. Estado: No amoblado. Condiciones: 2 meses de garantía, 01 de adelanto a contrato mínimo de 1 año. Disponibilidad: Inmediata|https://urbania.pe/inmueble/clasificado/alclapin-alquiler-de-departamento-en-santa-catalina-la-victoria-3-dormitorios-144396800?n_src=Listado&n_pills=Ascensor&n_pg=1&n_pos=9|2026-03-18
urbania|departamentos|alquiler|Lima Centro|La Victoria|"Avenida Canada 185, La Victoria
La Victoria, Lima"|S/ 1,650|1650||||"36 m² tot.
1 dorm.
1 baño"|36|1|||{[ela1401]} Av. Canada 185, La Victoria. ¡Vive con estilo, comodidad y en una ubicación privilegiada! Este moderno departamento te ofrece todo lo que necesitas para disfrutar de una excelente calidad de vida, en un edificio con áreas comunes exclusivas y seguridad las 24 horas. ⸻ ️ Características del Departamento: - 1 amplia habitación con excelente iluminación natural. - 1 baño completo. - Sala-comedor acogedora y bien iluminada. - Cocina moderna con gas natural, equipada con: - Cocina y horno. - Campana extractora. - Terma a gas. - Área de lavandería integrada. - Espacios de almacenamiento bien distribuidos. - Incluye luminarias instaladas y rollers en todas las ventanas. no mascotas. ⸻ Áreas Comunes del Edificio: Piscina. Gimnasio. Parrilla. Sala sum (eventos) Salón pet Shower. Patio. Lobby elegante con vigilancia 24/7. ⸻ Ubicación Estratégica: Ubicado en la Av. Canada 185, La Victoria. Rodeado de todo lo que necesitas: ️Centros comerciales. Clínicas y hospitales. Universidades. Restaurantes y cafés. Supermercados. Fácil acceso a vías principales. ⸻ Condiciones del Alquiler: - 2 meses de garantía + 1 mes de adelanto. - Contrato mínimo de 1 año. No dejes pasar esta oportunidad de vivir con estilo, en un espacio moderno y con excelente ubicación. ¡Contáctanos para agendar tu visita! 14|https://urbania.pe/inmueble/clasificado/alclapin-alquiler-de-departamento-en-la-victoria-lima-1-dormitorio-147300189?n_src=Listado&n_pills=Ascensor&n_pg=1&n_pos=10|2026-03-18
urbania|departamentos|alquiler|Lima Centro|La Victoria|"AV, Paseo DE LA Republica , LA Victoria
La Victoria, Lima"|S/ 2,300|2300|||190|"100 m² tot.
2 dorm.
2 baños"|100|2|2||Excelente departamento moderno con 2 dormitorios, ubicado en 3er piso. Cuenta con una excelente distribución e iluminación natural. La amplia sala comedor se integra a un balcón con vista panorámica urbana, ideal para disfrutar de un ambiente ventilado y acogedor. Cocina estilo isla equipada con cocina, horno, campana extractora y conexión a gas natural, integrada al área social para mayor funcionalidad y comodidad. Dispone de 2 dormitorios cómodos, ambos con baño completo incorporado; el dormitorio principal destaca por su jacuzzi privado. Además, cuenta con baño de visita. Mantenimiento incluido en el precio de alquiler. Se aceptan mascotas. No cuenta con cochera. Ubicado en Av. Paseo de la República, en el distrito de La Victoria, con fácil acceso a principales vías y rápida conexión hacia distritos céntricos y empresariales. Zona con comercio cercano y excelente conectividad. Condiciones: 2x1 (2 meses de garantía y 1 mes de adelanto). Contrato mínimo 1 año.|https://urbania.pe/inmueble/clasificado/alclapin-alquiler-de-departamento-en-la-victoria-lima-2-dormitorios-149196657?n_src=Listado&n_pills=Ascensor&n_pg=1&n_pos=11|2026-03-18
urbania|departamentos|alquiler|Lima Centro|La Victoria|"av Paseo de la Republica al 2100
Santa Catalina, La Victoria"|S/ 2,200 · USD 647|2200|647||280|"45 m² tot.
1 dorm.
1 baño"|45|1|||Ruc 2 0 6 1 0 5 1 8 9 8 3 legado inmobiliario sacedificio: &quot;Mett&quot;alquiler departamento totalmente amobladocaracterísticas Generales Precio: S/2, 200 SolesÁrea Total: 45 m²N° de Piso: 36 con ascensorN° Dormitorios: 1 N° Baños: 1Estacionamiento: 0Antigüedad: 2en la zonase encuentra frente a a la via expresa, a unas cuatro cuadras de la av javier prado, tambien se encuentra a la espalda de un parque grande, cerca de centros comerciales y a unos metros de San Isidro. Para ti que buscas tener todo a la mano estamos cerca a plaza santa catalina y al centro comercial Palermo. el edificiosorprendente y deseable en un lugar único por su ubicación, tranquilidad y seguridad con una calidad de construcción excelente y con excelente vista interna y vista a parque de la calle interior. características internas del departamentosala-comedor: caracterizado por ser iluminado, además está al lado de la cocina abierta y su lavandería al lado con terma eléctrica y cocina eléctrica. cocina: con muebles altos y bajos y muy buena iluminación&amp;gt; Área de lavandería al lado de la cocinadormitorio: una habitacion amplia con su closet incorporado, totalmente amoblado y su baño propio. baño: dentro de la habitación, solo hay un baño en el departamento. ¡Esto es lo que estabas buscando y a un precio inmejorable! Vive con la comodidad y tranquilidad que mereces, en una zona y departamento exclusivo. Llámame para concertar una visita a tu futuro hogar!|https://urbania.pe/inmueble/clasificado/alclapin-alquiler-de-departamento-en-santa-catalina-la-victoria-1-dormitorio-149235045?n_src=Listado&n_pills=Gimnasio&n_pg=1&n_pos=12|2026-03-18
urbania|departamentos|alquiler|Lima Centro|La Victoria|"AV. CANADA 1075 - LA VICTORIA
Santa Catalina, La Victoria"|S/ 2,103|2103||||"57 m² tot.
2 dorm.
2 baños"|57|2|2||"Contamos con esplendido departamento en edificio residencial hope - la victoria. * Cuenta con un área de: 58. 00 M2 | Precio de renta: S/. 2, 103. 00. sala comedor / 02 dormitorios / estudio / reposteros altos Y bajos en cocina / lavanderia / vista exterior / amplias ventanas. edificio cuenta con areas comunes: recepcion / patio interior / sala de reuniones / salon de eventos / sala de parrillas / gym / lavanderia / area de niños / 02 ascensores modernos. * disponiblidad inmediata. *Teléfonos de contacto: Ver datos movistar / Ver datos entel. correos: Ver datos /@gmail. com"|https://urbania.pe/inmueble/clasificado/alclapin-alquiler-de-departamento-en-santa-catalina-la-victoria-2-dormitorios-145911140?n_src=Listado&n_pills=Ascensor&n_pg=1&n_pos=13|2026-03-18
urbania|departamentos|alquiler|Lima Centro|La Victoria|"Av. Paseo de la República al 2000
La Victoria, Lima"|S/ 2,200 · USD 656|2200|656|||"41 m² tot.
1 dorm.
1 baño
1 estac."|41|1||1|"¡alquiler Depa moderno + cochera! ¡Listo para vivir! ¿Buscas un lugar funcional y con excelente conectividad? ¡Lo encontraste! Av. Paseo de la República Cdra. 20, a una cuadra de la Av. Canada, a minutos del centro financiero de San Isidro. Edificio moderno, límite con San Isidro y Lince Área: 41. 10 m2 - Piso 37 / Vista espectacular de la ciudad. Sala-comedor con salida a balcón. Cocina americana con diseño funcional, equipada con encimera, campana y refrigeradora. 1 dormitorio c/closet y salida a balcón. 1 baño completo con mueble organizador. Área de lavandería con lavaseca y terma a gas. Gas natural (Cálidda). Incluye 1 cochera techada. Mantenimiento: S/ 250 aprox / Arbitrios: S/ 25. Se aceptan mascotas pequeñas. Áreas Comunes: Recepción 24/7|Zona de Parrillas | Gym | Coworking | Parking Bicicletas | sum y Zona de Juegos | Sala Kids | Lobby elegante Todo lo que necesitas para vivir cómodo, conectado y seguro. ¡No dejes pasar esta oportunidad y agenda tu visita hoy!"|https://urbania.pe/inmueble/clasificado/alclapin-alquiler-de-departamento-en-la-victoria-lima-1-dormitorio-148928057?n_src=Listado&n_pills=%C3%81rea+de+lavander%C3%ADa&n_pg=1&n_pos=14|2026-03-18
urbania|departamentos|alquiler|Lima Centro|La Victoria|"ALBERTO BARTON 2xx
La Victoria, Lima"|S/ 2,200 · USD 660|2200|660||300|"46 m² tot.
1 dorm.
1 baño"|46|1|||Alquilo lindo flat para estrenar, dpto. 307 (piso) 46. 28 mt. 2 dormitorios, 2 baños,. Cocina abierta. No tiene cochera. Mantenimiento S/. 190 incluye el agua. Areas de entretenimiento. Aqui vas a tener 14 areas comunes para disfrutar con amigos y familiares. Pago por seguridad y limpieza economico. sotano. 1 - Estacionamiento para bicicletas. 1er piso. 2 - Lobby de doble altura. 3 - Salon de juegos para niños. 4 - Playground con juego para niños. 5 - Gymnasio Equipado con 6 maquinas. 7- Salon para trabajar con Wifi Coworking. 8 - Lavanderia estilo Americano, funciona con monedas. 9 - Salon de Cinema y Karaoke. 10 - Salon de Reuniones y cumpleaños y usos multiples con Bar y mesa de Billar. azotea piso 23. 11 - Sala Juvenil, tv, jugar Play ️ y mesa de fulbito de mano. 12 - tres Areas para hacer Parrillas. 13 - Piscina️ 14 - Terraza con fogata y techo sol y sombra|https://urbania.pe/inmueble/clasificado/alclapin-alquiler-de-departamento-en-la-victoria-lima-1-dormitorio-148915744?n_src=Listado&n_pills=Gimnasio&n_pg=1&n_pos=15|2026-03-18
urbania|departamentos|alquiler|Lima Centro|La Victoria|"Avenida Paseo de la República
La Victoria, Lima"|S/ 3,000|3000|||300|"78 m² tot.
3 dorm.
2 baños"|78|3|2||Se alquila moderno departamento en edificio met, 03dorm, con acabados de primera en Av. Paseo de la República cuadra 19 - santa catalina. zona estrategica frente A lince Y san isidro, Entre las principales avenidas, Av. Canadá y Av. Javier Prado. Características: - Área: 78m2. - Piso alto con ascensor. - Sala comedor, con balcón vista panorámica. - Kitchenette, con muebles altos y bajos, y cocina eléctrica. - 03 dormitorios, con closets empotrado, (dormitorio principal c/ baño). - Lavandería a la cocina. - 02 baños completos. - no mascotas. - No estacionamiento. Áreas comunes: - Gym. - Coworking. - Sala zoom. - Terraza vista panorámica. - Bar. - Entre otros. Precio mensual: S/. 3000. Modalidad: 2x1. Mantenimiento: S/. 300 aprox. ¡Agenda tu visita ahora al Ver datos|https://urbania.pe/inmueble/clasificado/alclapin-alquiler-de-departamento-en-la-victoria-lima-3-dormitorios-149183657?n_src=Listado&n_pills=Ascensor&n_pg=1&n_pos=16|2026-03-18
urbania|departamentos|alquiler|Lima Centro|La Victoria|"Av. Javier Prado Este 1091
Santa Catalina, La Victoria"|S/ 3,200|3200|||280|"76 m² tot.
3 dorm.
2 baños
1 estac."|76|3|2|1|Ubicación: Av. Javier Prado Este 1091, La Victoria Ver datos. Descripción: Te ofrecemos un lindo Departamento de estreno que consta de: 3 dormitorios, Sala Comedor, 2 baños (uno integrado al dormitorio principal) Cocina abierta (tipo americana), Lavandería. Tanto la Sala - Comedor como los dormitorios tienen balcón y vista externa, con una excelente ventilación e iluminación natural. - Sala-comedor con balcón y mampara con roller y/cortinas instaladas. - 3 dormitorios con clóset, cajonería y maletera en melamine de 18mm. Cuentan con balcón; las mámparas vienen con roller instalado. - Cocina viene equipada con encimera y horno a gas natural, además cuenta con una campana extractora retractil en acero inoxidable. Asimismo, el departamento está equipado con terma a gas natural, lo que representa un gran ahorro en el consumo de energía. - Lavandería, con lavadero de losa en color blanco y espacio para una lavaseca. - Baños con mesa de granito y lavadero incorporado en losa, inodoros de carga rápida y bajo consumo de agua, puertas de ducha en cristal templado y acero inoxidable. Condiciones del alquiler: - Precio aproximado del mantenimiento S/ 300. 00. - Condición de alquiler 2x1. - Incluye estacionamiento. Visitas previa coordinación.|https://urbania.pe/inmueble/clasificado/alclapin-alquiler-de-departamento-en-santa-catalina-la-victoria-3-dormitorios-148783790?n_src=Listado&n_pills=Gimnasio&n_pg=1&n_pos=17|2026-03-18
urbania|departamentos|alquiler|Lima Centro|La Victoria|"Av, Javier Prado al 1000
La Victoria, Lima"|S/ 2,300 · USD 680|2300|680||250|"61 m² tot.
1 dorm.
1 baño
1 estac."|61|1||1|"Departamento en Alquiler en Santa Catalina 1 Dormitorio con Terraza – Cerca a San Isidro | Av. Javier PradoDepartamento en alquiler en Santa Catalina, ubicado en Av. Javier Prado 1095, La Victoria, a pocos minutos del Centro Financiero de San Isidro. Ideal para quienes buscan departamento cerca a San Isidro con excelente conectividad y modernas áreas comunes. Este departamento de estreno cuenta con 61 m² más 18 m² de terraza privada, ofreciendo un espacio cómodo, funcional y con excelente iluminación natural. Distribución: 1 dormitorio amplio con closet y salida directa a la terraza1 baño completoSala comedor amplia integrada a la terrazaKitchenette equipada con cocina empotrada, horno y campana extractoraLavandería independienteGas natural CaliddaLa terraza privada de 18 m² es uno de los principales atributos del inmueble, ideal para trabajar desde casa, recibir visitas o disfrutar de un espacio al aire libre. Áreas comunes del edificio: PiscinaGimnasio equipadoZona de parrillasSala sum modernaCoworking amplio con cabina privadaSala de reunionesSala de juegosParque interno con áreas de descanso y techo sol y sombraUbicación estratégica en Santa Catalina, con rápido acceso a San Isidro, Vía Expresa, Av. Canadá y principales centros empresariales. Si estás buscando departamento en alquiler en Santa Catalina cerca a San Isidro, moderno, con terraza y excelentes áreas comunes, esta es una excelente opción. Agenda tu visita."|https://urbania.pe/inmueble/clasificado/alclapin-alquiler-de-departamento-en-la-victoria-lima-1-dormitorio-149273271?n_src=Listado&n_pills=Piscina&n_pg=1&n_pos=18|2026-03-18
urbania|departamentos|alquiler|Lima Centro|La Victoria|"Jose de Rivadeneyra 1010
La Victoria, Lima"|"S/ 2,800 · USD 850
14%"|2800|850|14%||"66 m² tot.
3 dorm.
2 baños
1 estac."|66|3|2|1|Se alquila moderno departamento en Santa Catalina – La VictoriaUbicado en José de Rivadeneyra 1093 – Piso 8, Dpto. 805, este cómodo departamento ofrece 66 m² bien distribuidos, ideal para quienes buscan vivir en una zona céntrica y estratégica de Lima, con fácil acceso a avenidas principales, transporte, comercios y restaurantes. Características del departamento: Área total: 66 m²3 dormitorios2 baños completosSala y comedor con buena iluminaciónCocina funcional1 estacionamiento incluidoDepartamento ubicado en piso 8Edificio moderno con 2 ascensoresAntigüedad: 1 añoÁreas comunes del edificio diseñadas para el disfrute y la convivencia de los residentes. Mantenimiento: S/ 250 mensuales. Ubicado en el sector de Santa Catalina, una zona con excelente conectividad hacia distritos como San Isidro, Lince y San Borja. Agenda tu visita y conoce este departamento ideal para vivir con comodidad en una ubicación estratégica.|https://urbania.pe/inmueble/clasificado/alclapin-alquiler-de-departamento-en-la-victoria-lima-3-dormitorios-149126598?n_src=Listado&n_pills=Ascensor&n_pg=1&n_pos=19|2026-03-18
urbania|departamentos|alquiler|Lima Centro|La Victoria|"Jr los topacios 142, La victoria
La Victoria, Lima"|S/ 2,500|2500|||220|"68 m² tot.
2 dorm.
2 baños"|68|2|2||*R. U. C: 2. 0. 6. 0. 0. 1. 6. 2. 9. 9. 4* Razón Social: Constructora e Inmobiliaria Casa 21 S. A. C. ¡Vive en el corazón de la ciudad con comodidad y excelente ubicación! Se alquila moderno departamento en el exclusivo Edificio one, ubicado en la Urbanización Balconcillo – La Victoria, a solo pasos de las avenidas México, Canadá y de la Vía Expresa, lo que te brinda una conectividad inmejorable hacia cualquier punto de Lima. Este departamento se encuentra en una zona segura y tranquila, ideal para quienes buscan practicidad sin renunciar al confort. No pierdas la oportunidad de vivir en un espacio pensado para ti, con todo lo que necesitas a tu alcance. ¡Contáctanos y agenda tu visita hoy mismo! *Contáctate con Maria Espinoza 9. 4. 1. 3. 8. 0. 6. 8. 3* - Área: 68 m² - Piso 3. - Dormitorios: 2. - Baños: 2. Cuenta con áreas comunes. - Área de parrilla. - Área de coworking. - Piscina. - Gym. - Juegos niños. Características: - Amoblado, Listo poara mudarte! - Sala ; Sofa. - Comedor ; Juego de comedor. - Cocina Totalmente Equipada. - Lavandería, Lavadora. - No se acepta mascotas. Precio: S/ 2, 500. 00. Condiciones: 2 meses de garantía + 1 mes de adelanto. ¡Todo lo que necesitas para vivir de la mejor manera! No pierdas la oportunidad. Contáctanos ahora para más información y agendar una visita. *Contáctate con Maria Espinoza 9. 4. 1. 3. 8. 0. 6. 8. 3*|https://urbania.pe/inmueble/clasificado/alclapin-alquiler-de-departamento-en-la-victoria-lima-2-dormitorios-147099283?n_src=Listado&n_pills=%C3%81rea+de+lavander%C3%ADa&n_pg=1&n_pos=20|2026-03-18
urbania|departamentos|alquiler|Lima Centro|La Victoria|"Av. Javier Prado Este
La Victoria, Lima"|S/ 3,300 · USD 900|3300|900|||"80 m² tot.
3 dorm.
2 baños
1 estac."|80|3|2|1|(Cod. Ds-lraq9504) Ubicado en Av. Javier Prado Este, La Victoria, cerca a vías principales, supermercados, centros de salud, de estudio, restaurantes, parques y más. Departamento en el piso 30 con 80. 00m², cuenta con sala comedor (incluye pequeño balcón con vista a la ciudad) conectada a kitchenette, baño completo, 3 dormitorios con closet (principal con walking closet, balcón, baño incorporado) y área de lavandería. Distribución funcional y ambientes iluminados. Precio de estacionamiento S/. 150. Precio de mantenimiento S/. 220 aprox. El edificio se entregó el 9 de Noviembre del 2024, se encuentra en excelentes condiciones, cuenta con lindas áreas comunes: Lobby, sala de juegos, sala de adultos, Coworking, petwash, parrilla y piscina. Para mayor información comunicarse al 9 6 0 2 2 4 1 2 8|https://urbania.pe/inmueble/clasificado/alclapin-alquiler-de-departamento-en-la-victoria-lima-3-dormitorios-145143479?n_src=Listado&n_pills=Ascensor&n_pg=1&n_pos=21|2026-03-18
urbania|departamentos|alquiler|Lima Centro|La Victoria|"Transporte E Inversiones Espinoza S.a.c
La Victoria, Lima"|S/ 1,600|1600|||250|"70 m² tot.
2 dorm.
1 baño"|70|2|||Contacto: doris guevaracel: 9*6*6*6*5*6*5*9*9Se alquila departamento en 4to piso, en edificio de 6 pisos, con escaleras, un departamento por cada piso. Ideal para quienes trabajan en el Emporio de Gamarra, Hospital Guillermo Almenara, Centros comerciales de la Av. Grau. Distribución: -Sala -comedor, Cocina. -2 cuartos amplios. -Área de lavandería y tendal con tragaluz. -Baño con therma para agua caliente. Excelente ubicación y distribución, con salidas muy rápidas a 28 de Julio, Av. Grau, Abancay4to piso (sin ascensor) -Un departamento por piso. -Ideal para pareja, familia pequeña o profesionales. Área Total: 70 m2-Contrato mínimo por un año, renovables. -Modalidad de pago: 1 de adelanto y 2 de garantía. -Pago de servicios de acuerdo al consumo, cuenta con medidor de luz. Pd. Visitas solo domingos de 8: 00 am a 10: 00 amFecha de entrega: 30 de enero 2026¡No dejes pasar esta oportunidad! Contáctame ahora y agenda tu visitacontacto: doris guevaracel: 9*6*6*6*5*6*5*9*9id: 1*1*6*8*8*7*4|https://urbania.pe/inmueble/clasificado/alclapin-alquiler-de-departamento-en-la-victoria-lima-2-dormitorios-148703232?n_src=Listado&n_pills=%C3%81rea+de+lavander%C3%ADa&n_pg=1&n_pos=22|2026-03-18
urbania|departamentos|alquiler|Lima Centro|La Victoria|"Javier Prado Este al 1000
Santa Catalina, La Victoria"|S/ 3,000|3000|||300|"79 m² tot.
2 dorm.
2 baños
1 estac."|79|2|2|1|¡alquiler de departamento de Estreno en Santa Catalina! Ubicado en Javier prado, a un paso de San isidro zona financiera, la zona más céntrica de lima- at 79. 93- 2 dormitorios- Dormitorio principal con closet y baño propio. - 2 baños completos totales- Cocina abierta Equipada- Vista mixta- Estreno- 33 pisos en total- Piso 26- Ascensor- Cochera- Cuenta con gas natural- No mascotas- areas comunes (piscina, terraza, parrilla, coworking, jardines, etc) - Mantenimiento S/. 250 soles- Precio S/. 3000 solesig-42|https://urbania.pe/inmueble/clasificado/alclapin-alquiler-de-departamento-en-santa-catalina-la-victoria-2-dormitorios-148521732?n_src=Listado&n_pills=Parrilla&n_pg=1&n_pos=23|2026-03-18
urbania|departamentos|alquiler|Lima Centro|La Victoria|"Av. Javier Prado 1095
Santa Catalina, La Victoria"|S/ 1,900 · USD 545|1900|545||300|"52 m² tot.
1 dorm.
1 baño"|52|1|||"Alquiler de departamento de estreno con balcón en javier prado | frente A san isidro. Ubicación privilegiada en Santa Catalina, justo sobre Av. Javier Prado y frente a San Isidro, una de las zonas más estratégicas de Lima. A solo unos pasos de la Clínica Ricardo Palma, con conexión inmediata a avenidas principales como Javier Prado, Paseo de la República y Canadá. Zona rodeada de restaurantes, supermercados, bancos, centros empresariales y todo lo necesario para una vida cómoda y práctica. Ideal para quienes trabajan en San Isidro, San Borja, Lince o La Victoria y buscan vivir cerca de todo. Departamento de estreno – piso 24 | 52 M² (incluye balcón) Sala – comedor con excelente iluminación natural. Balcón con vista hacia Av. Javier Prado. Cocina estilo americana equipada con reposteros altos y bajos, cocina, horno y campana. 1 dormitorio con clóset. 1 baño completo. Área de lavandería. Gas natural instalado. Incluye rollers y terma. edificio completamente nuevo con excelentes áreas comunes: Piscina panorámica (piso 35) Gimnasio. Coworking. Zona de parrillas. Bar y sala de juegos. Pet Wash. Estacionamiento de bicicletas. Seguridad y vigilancia 24/7. precio de alquiler: S/ 1, 900 mensuales (sin cochera) S/ 2, 300 mensuales (con cochera) Disponible a partir del 01 de abril. Departamento y edificio completamente de estreno – todo nuevo. ¡Agenda tu visita y conoce tu próximo hogar! Contáctanos para más información o para coordinar una visita."|https://urbania.pe/inmueble/clasificado/alclapin-alquiler-de-departamento-en-santa-catalina-la-victoria-1-dormitorio-149203150?n_src=Listado&n_pills=Cerca+a+colegios&n_pg=1&n_pos=24|2026-03-18
urbania|departamentos|alquiler|Lima Centro|La Victoria|"Calle los Topacios
La Victoria, Lima"|S/ 3,200 · USD 946|3200|946||300|"65 m² tot.
3 dorm.
2 baños
1 estac."|65|3|2|1|Ubicación: Calle los Topacios, La Victoria (A pasos de la estación México Metropolitano) Departamento totalmente amoblado en S/3, 200. Descubre el estilo de vida perfecto en este exclusivo departamento, diseñado para brindarte el máximo confort y diversión. Relájate en la piscina, organiza reuniones en la zona de parrillas o disfruta del dancing room. El área de coworking es perfecta para trabajar, y el gimnasio para mantener tu rutina. Diviértete en la sala de billar, área de videojuegos o zona infantil. - 3 habitaciones. - 2 baños completos. - Sala / Comedor. - Cocina equipada. - Área de lavandería. Servicios: - Seguridad 24/7. - Mantenimiento (S/300) - Acceso a áreas comunes (gimnasio, zona de parrillas, piscina, salón de usos múltiples) -cochera disponible|https://urbania.pe/inmueble/clasificado/alclapin-alquiler-de-departamento-en-la-victoria-lima-3-dormitorios-149133373?n_src=Listado&n_pills=Piscina&n_pg=1&n_pos=25|2026-03-18
urbania|departamentos|alquiler|Lima Centro|La Victoria|"Av. P.º de la República 2199
Santa Catalina, La Victoria"|S/ 3,000 · USD 857|3000|857||100|"80 m² tot.
3 dorm.
2 baños"|80|3|2||"Departamento en Alquiler – Edificio Met | Urb. Santa Catalina | S/ 3, 000. Vive en las alturas con una espectacular vista desde el piso 23 del moderno Edificio met Santa Catalina, ubicado en la exclusiva Urb. Santa Catalina, en La Victoria, una zona residencial con excelente conectividad y servicios. Características del departamento: Piso 23. 3 dormitorios. Sala – comedor. Cocina. 2 baños. Área de lavandería. Condiciones: Precio: S/ 3, 000 mensuales. Modalidad: 2 x 1. No se aceptan mascotas. Áreas comunes del edificio: Gimnasio. Piscina. Bar. Spa. Sala de reuniones. Juegos para niños. Y más espacios diseñados para disfrutar en familia"|https://urbania.pe/inmueble/clasificado/alclapin-alquiler-de-departamento-en-santa-catalina-la-victoria-3-dormitorios-149287585?n_src=Listado&n_pills=Piscina&n_pg=1&n_pos=26|2026-03-18
urbania|departamentos|alquiler|Lima Centro|La Victoria|"Cruz DEL SUR
Santa Catalina, La Victoria"|S/ 2,500 · USD 720|2500|720|||"67 m² tot.
2 dorm.
1 baño"|67|2|||Departamento / Oficina en excelente ubicación – 67 m² Entre La Victoria y San Isidro, a 1 cuadra de Av. Javier Prado y a espaldas del Óvalo Quiñones. Características: 67 m² 3 ambientes amplios 1 baño completo 3er piso Remodelado Precio de venta: usd 119, 000 Alquiler: S/ 2, 500 Por su ubicación estratégica, es ideal tanto para uso comercial como vivienda. Una inversión segura en el límite con San Isidro. Contáctame: Ver datos|https://urbania.pe/inmueble/clasificado/alclapin-alquiler-de-departamento-en-santa-catalina-la-victoria-2-dormitorios-149290933?n_src=Listado&n_pills=Ascensor&n_pg=1&n_pos=27|2026-03-18
urbania|departamentos|alquiler|Lima Centro|La Victoria|"Av. Javier Prado Este al 1000
La Victoria, Lima"|S/ 3,000 · USD 895|3000|895||120|"72 m² tot.
3 dorm.
2 baños
1 estac."|72|3|2|1|"Contacto: Ana Maria Santosteléfono: 9*7*0*1*0*0*6*8*1¡alquiler departamento en estreno + cochera privada! ¡vive en las alturas Y con vista A todo san isidro Y mucho más! ¿Te imaginas despertar cada día con una vista panorámica al Centro Empresarial de San Isidro? Un depa en estreno, en edificio premium, diseñado para elevar tu estilo de vida. • san isidro – límite con la victoria• S/. 3, 000 | disponibilidad inmediataedificio premium sauco• 72 m² (el de mayor área del edificio) • piso 33 – Av. Javier Prado Este 1091• Vista directa a Javier Prado y todo San Isidrotu nuevo depa incluye• 3 dormitorios cómodos• 2 baños completos (uno en dormitorio principal) • Sala – comedor amplia y luminosa• Balcón en sala y dormitorios• Cocina abierta full equipada (reposteros, cocina, horno y campana moderna) • Lavandería independiente + therma a gas• Gas natural Cálidda• Cochera privada incluida • Luz y gas independientes• Mantenimiento aprox. S/. 250 – 300 (agua, limpieza, ascensores y vigilancia 24/7) amenidades tipo hotel 5• Piscina con vista panorámica• Gimnasio equipado• Coworking (4 zonas) • Terraza + 5 zonas bbq• Karaoke &amp;amp; Bar• Sala de juegos• sum• Pet Laundry• Parque interno• Zona para bicicletas• 5 estacionamientos de visita• 5 ascensoresubicación estratégica – todo cerca• Centro Financiero de San Isidro• Vía Expresa (Metropolitano) • Av. Canadá, Aviación, Arequipa, Arriola• C. C. La Rambla &amp;amp; Plaza Santa Catalina• Clínicas, bancos, supermercados, colegios y restaurantesrequisitos• 1 mes de adelanto + 2 de garantía• dni vigente• Sustento de ingresos• No reportado en centrales de riesgo• No mascotasagenda tu visita ahora mismocontacto: Ana Maria Santosteléfono: 9*7*0*1*0*0*6*8*1id: 1*1*7*0*6*6*2"|https://urbania.pe/inmueble/clasificado/alclapin-alquiler-de-departamento-en-la-victoria-lima-3-dormitorios-148833940?n_src=Listado&n_pills=%C3%81rea+de+lavander%C3%ADa&n_pg=1&n_pos=28|2026-03-18
urbania|departamentos|alquiler|Lima Centro|La Victoria|"Av. Javier Prado al 1500 | 1 Dorm - Límite con San Isidro y San Borja
Santa Catalina, La Victoria"|S/ 2,000|2000||||"46 m² tot.
1 dorm.
1 baño"|46|1|||¡Práctico loft de estreno en ubicación estratégica, límite con San Isidro y San Borja! ¿Deseas vivir más cerca de tu trabajo? Este departamento tiene lo que buscas. Un espacio acogedor con todas las comodidades que necesitas dentro del edificio. Monoambiente de 46m2, ubicado en piso 13 con esplendida vista a la ciudad desde su terraza. Amplio espacio para un dormitorio con cama Queen o King, que se debe integrar armoniosamente con la sala, comedor o estudio. Cocina concepto abierto con finos acabados, equipada con encimera, horno empotrado, campana y refrigeradora. Baño completo y clóset. Y además, diversidad de zonas comunes: Lobby con personal 24/7, Zona de coworking, Moderna lavandería, Patio interior, Mirador, Gimnasio, Sky Bar 37 para realizar tus eventos, 2 Salas de usos Múltiples con zona de parrilla. A solo 3 cuadras de La Rambla San Borja, muy cerca del centro financiero, vía Expresa y otras avenidas principales. ¿Qué esperas para venir a conocer tu nuevo hogar? * Visitas desde fin de marzo.|https://urbania.pe/inmueble/clasificado/alclapin-alquiler-de-departamento-en-santa-catalina-la-victoria-1-dormitorio-149199985?n_src=Listado&n_pills=Parrilla&n_pg=1&n_pos=29|2026-03-18
urbania|departamentos|alquiler|Lima Centro|La Victoria|"Av. Javier Prado al 1500 | 1 Dorm - Límite con San Isidro y San Borja
Santa Catalina, La Victoria"|S/ 2,000|2000|||120|"46 m² tot.
1 dorm.
1 baño"|46|1|||¡Práctico loft de estreno en ubicación estratégica, límite con San Isidro y San Borja! ¿Deseas vivir más cerca de tu trabajo? Este departamento tiene lo que buscas. Un espacio acogedor con todas las comodidades que necesitas dentro del edificio. Monoambiente de 46m2, ubicado en piso 13 con esplendida vista a la ciudad desde su terraza. Amplio espacio para un dormitorio con cama Queen o King, que se debe integrar armoniosamente con la sala, comedor o estudio. Cocina concepto abierto con finos acabados, equipada con encimera, horno empotrado, campana y refrigeradora. Baño completo y clóset. Y además, diversidad de zonas comunes: Lobby con personal 24/7, Zona de coworking, Moderna lavandería, Patio interior, Mirador, Gimnasio, Sky Bar 37 para realizar tus eventos, 2 Salas de usos Múltiples con zona de parrilla. A solo 3 cuadras de La Rambla San Borja, muy cerca del centro financiero, vía Expresa y otras avenidas principales. ¿Qué esperas para venir a conocer tu nuevo hogar? * Visitas desde fin de marzo.|https://urbania.pe/inmueble/clasificado/alclapin-alquiler-de-departamento-en-santa-catalina-la-victoria-1-dormitorio-149199985?n_src=Listado&n_pills=Seguridad&n_pg=2&n_pos=1|2026-03-18
urbania|departamentos|alquiler|Lima Centro|La Victoria|"Javier Prado Este al 1000
Santa Catalina, La Victoria"|S/ 3,000|3000|||250|"79 m² tot.
2 dorm.
2 baños
1 estac."|79|2|2|1|¡alquiler de departamento de Estreno en Santa Catalina! Ubicado en Javier prado, a un paso de San isidro zona financiera, la zona más céntrica de lima- at 79. 93- 2 dormitorios- Dormitorio principal con closet y baño propio. - 2 baños completos totales- Cocina abierta Equipada- Vista mixta- Estreno- 33 pisos en total- Piso 26- Ascensor- Cochera- Cuenta con gas natural- No mascotas- areas comunes (piscina, terraza, parrilla, coworking, jardines, etc) - Mantenimiento S/. 250 soles- Precio S/. 3000 solesig-42|https://urbania.pe/inmueble/clasificado/alclapin-alquiler-de-departamento-en-santa-catalina-la-victoria-2-dormitorios-148521732?n_src=Listado&n_pills=Parrilla&n_pg=2&n_pos=2|2026-03-18
urbania|departamentos|alquiler|Lima Centro|La Victoria|"Av. Canadá al 100
La Victoria, Lima"|S/ 2,400 · USD 695|2400|695|||"69 m² tot.
3 dorm.
2 baños"|69|3|2||Contacto: jose perezteléfono: 9*0*7*5*1*9*8*8*8Se alquila moderno departamento de 68. 85 m² ubicado en la Urb. Balconcillo, en un edificio residencial de solo 1 año de antigüedad, situado en la cuadra 1 de la Av. Canadá, frente a Toyota, con excelente conectividad hacia San Isidro, Lince, San Borja y el Cercado de Lima. El departamento se encuentra en piso alto con vista exterior, lo que brinda buena iluminación natural durante el día. Además, cuenta con sala comedor con pequeño balcón, ideal para disfrutar de un espacio adicional de ventilación y luz. La cocina es de estilo americana, equipada con muebles altos y bajos, tableros de granito, encimera y horno a gas natural, además de terma a gas natural y zona de lavandería, brindando comodidad y eficiencia para el día a día. Distribución: • Sala comedora con balcón• Cocina americana con tablero de granito• Zona de lavandería• Dormitorio principal con clóset incorporado y baño completo• Dos dormitorios secundarios con clósets incorporados• Un baño completo adicional que también funciona como baño de visitaLa distribución permite que uno de los dormitorios pueda utilizarse como home office o estudio, ideal para profesionales que trabajan desde casa. Áreas comunes del edificio• El edificio ofrece espacios pensados para el entretenimiento y la vida social: • Salón social tipo bar con barra• Sala de juegos para adultos• 4 zonas de parrilla en la azotea• Área de lavandería en el sótanoUbicación estratégicaUbicado en Balconcillo, una zona residencial con acceso directo a importantes vías de la ciudad, permitiendo desplazarse rápidamente hacia San Isidro, Lince, San Borja y el centro de Lima. A pocos minutos de supermercados, restaurantes, comercios y transporte público. Ideal para: • Parejas jóvenes• Profesionales que trabajan en distritos cercanos• Personas que necesiten un dormitorio adicional como oficina• Familias pequeñas que buscan un departamento moderno en zona céntricaCondiciones de alquiler: • 2 meses de garantía y 1 mes de adelanto• Buen historial crediticio (Infocorp) • dni vigente• Certificado único laboral (cul) • No se permiten mascotasUn departamento moderno, bien distribuido y ubicado en una zona estratégica de Lima, ideal para quienes valoran comodidad, conectividad y un edificio con excelentes áreas comunes. Contáctame para recibir más información o coordinar una visita. contacto: jose perezteléfono: 9*0*7*5*1*9*8*8*8id: 1*1*7*5*3*8*8|https://urbania.pe/inmueble/clasificado/alclapin-alquiler-de-departamento-en-la-victoria-lima-3-dormitorios-149273076?n_src=Listado&n_pills=%C3%81rea+de+lavander%C3%ADa&n_pg=2&n_pos=3|2026-03-18
urbania|departamentos|alquiler|Lima Centro|La Victoria|"Av. P.º de la República 2199
La Victoria, Lima"|S/ 1,600|1600|||220|"40 m² tot.
1 dorm.
1 baño"|40|1|||"Alquiler de Departamento – Av. Paseo de la República, Cdra. 21. Si buscas un depa práctico, bien ubicado y en un edificio moderno, esta puede ser una excelente opción. Ubicado en la cuadra 21 de Av. Paseo de la República, con acceso rápido a la Vía Expresa, Av. Javier Prado, San Isidro y Miraflores. 40 m² | Piso 9. Distribución del departamento: ️ 1 dormitorio cómodo. 1 baño completo. ️ Sala – comedor bien iluminada. Cocina abierta con cocina eléctrica. Espacio funcional y fácil de mantener. Se acepta mascota pequeña. Áreas comunes del edificio: Piscina. ️ Gimnasio. Coworking. Terrazas con parrillas. Salón de usos múltiples. Juegos para niños. Ubicación estratégica, a pocos minutos del centro financiero de San Isidro y cerca de supermercados, transporte y comercios. Contáctanos para más información o para agendar una visita. CasaRocca – Tu próximo hogar te espera."|https://urbania.pe/inmueble/clasificado/alclapin-alquiler-de-departamento-en-la-victoria-lima-1-dormitorio-149291625?n_src=Listado&n_pills=Gimnasio&n_pg=2&n_pos=4|2026-03-18
urbania|departamentos|alquiler|Lima Centro|La Victoria|"AV. CANADA 1075 - LA VICTORIA
Santa Catalina, La Victoria"|S/ 2,100|2100|||283|"60 m² tot.
2 dorm.
2 baños"|60|2|2||"Contamos con esplendido departamento en edificio residencial hope - la victoria. * Cuenta con un área de: 58. 50 M2 | Precio de renta: S/. 2, 100. 00. sala comedor / 02 dormitorios / estudio / reposteros altos Y bajos en cocina / vista exterior / amplias ventanas / estudio / lavanderia. edificio cuenta con areas comunes: recepcion / patio interior / sala de reuniones / salon de eventos / sala de parrillas / gym / lavanderia / area de niños / 02 ascensores modernos. * disponiblidad inmediata. *Teléfonos de contacto: Ver datos movistar / Ver datos entel. correos: Ver datos /@gmail. com"|https://urbania.pe/inmueble/clasificado/alclapin-alquiler-de-departamento-en-santa-catalina-la-victoria-2-dormitorios-145910825?n_src=Listado&n_pills=Parrilla&n_pg=2&n_pos=5|2026-03-18
urbania|departamentos|alquiler|Lima Centro|La Victoria|"Jirón Francisco Graña 153
La Victoria, Lima"|S/ 2,300|2300||||"65 m² tot.
3 dorm.
2 baños
1 estac."|65|3|2|1|Departamento de estreno con 3 dormitorios, ubicado en el piso 25 en Condominio Zendai, dirección en Jirón Francisco Graña 153, La Victoria (Santa Catalina). El departamento cuenta 3 dormitorios, principal con baño y dos secundarios, Cocina, Lavandería, Sala, Comedor, closet, Baño de visitas, sala de juegos, sala para niños, coworking, Gimnasio y sala de parrillas. Cuenta con instalación de gas (Calidda), terma, detector de humo, vigilancia las 24 horas, 03 ascensores, portero electrónico, universidades y centros comerciales cercanos. Contrato de alquiler 1x1 Mensualidad 2300 soles Estacionamiento + cochera es 300 soles adicionales, la Luz y gas son aparte. Trato directo con propietario|https://urbania.pe/inmueble/clasificado/alclappa-alquiler-de-departamento-en-la-victoria-lima-3-dormitorios-149260985?n_src=Listado&n_pills=Gimnasio&n_pg=2&n_pos=6|2026-03-18
urbania|departamentos|alquiler|Lima Centro|La Victoria|"Jr. Alberto Barton
La Victoria, Lima"|S/ 2,500 · USD 760|2500|760||220|"52 m² tot.
2 dorm.
2 baños
1 estac."|52|2|2|1|Ubicación privilegiada. Moderno departamento de estreno, ubicado cerca de Av. Paseo de la República, Av. Canadá, Av. Prolongación Iquitos y Av. Arequipa. A pocos pasos de parques, cafés, restaurantes, bancos y farmacias. Distribución: – 2 habitaciones. – 2 baños completos. – Cocina americana. – Linda sala, comedor, con salida a Balcón que ofrece vista panorámica a la ciudad. 1 Estacionamiento. Departamento muy iluminado y funcional. Renta mensual: S/ 2, 500. Mantenimiento: S/ 220. Áreas comunes: – Zona de juegos para niños. – Sala de cine. – Sala de juegos. – Zona de parrilla. – Piscina. – Área de lavandería. – Gas Cálidda instalado. Ideal para quienes buscan confort, modernidad y una excelente ubicación. Contáctanos para más información o agendar una visita.|https://urbania.pe/inmueble/clasificado/alclapin-alquiler-de-departamento-en-la-victoria-lima-2-dormitorios-147844605?n_src=Listado&n_pills=Parrilla&n_pg=2&n_pos=7|2026-03-18
urbania|departamentos|alquiler|Lima Centro|La Victoria|"Av. Javier Prado Este 1501
La Victoria, Lima"|S/ 1,850|1850|||170|"47 m² tot.
1 dorm.
1 baño"|47|1|||¡Vive el confort y estilo que mereces! Loft Moderno de Estreno - ¡Tu nuevo hogar te espera! Este moderno mini loft de 47 m² está diseñado para ofrecerte todo lo que necesitas en un solo lugar. Con una distribución inteligente y acabados de lujo, es el espacio perfecto para quienes buscan comodidad, practicidad y estilo. ¡Totalmente equipado y listo para mudarse! Lo que encontrarás en tu nuevo hogar: * Loft con amplio closet, mini terraza privada y vista externa, ideal para disfrutar de la tranquilidad de la ciudad. * Cocina americana moderna con mesa, cocina empotrada con horno, campana extractora y mini refrigerador, todo listo para tus momentos culinarios. * El edificio cuenta con sistema de agua caliente incluido. * Baño completo con acabados de primera calidad. * Intercomunicador para tu comodidad y seguridad. Áreas comunes de primer nivel: * Zona de Parrilla. * Lavandería. * Coworking. Perfecto para personas solas o parejas que buscan un espacio único y funcional. Precio de alquiler: S/. 1, 850. Condiciones: * 2 x 1: Dos meses de garantía y un mes de adelanto. * El inquilino cubre los servicios y mantenimiento. * Impuesto y arbitrios incluidos. * Incluye: Cocina, horno, campana extractora, refrigerador, rollers y mampara de ducha. Costo de mantenimiento mensual: S/. 170 aprox. Ubicación: Av. Javier Prado Este 1501 – Excelente conectividad con principales avenidas. ¡No dejes pasar esta oportunidad única de vivir en un espacio moderno y cómodo! Contáctanos por WhatsApp al Ver datos y agenda tu cita hoy mismo. ¡Te esperamos!|https://urbania.pe/inmueble/clasificado/alclapin-alquiler-de-departamento-en-la-victoria-lima-1-dormitorio-149205303?n_src=Listado&n_pills=%C3%81rea+de+lavander%C3%ADa&n_pg=2&n_pos=8|2026-03-18
urbania|departamentos|alquiler|Lima Centro|La Victoria|"Juan José Mostajo 269
La Victoria, Lima"|S/ 1,700|1700|||30|"70 m² tot.
2 dorm.
1 baño"|70|2|||Departamento en alquiler en La Victoria, ideal para quienes buscan comodidad y cercanía a todo. Este inmueble de 70 m² ofrece un espacio funcional y bien distribuido. Cuenta con 4 ambientes, perfecto para familias pequeñas o parejas. La cocina integral facilita la preparación de alimentos, y el área de lavandería añade practicidad al día a día. El departamento también dispone de un baño completo, además, cuenta con servicios básicos como agua y luz, asegurando el confort necesario. Ubicado estratégicamente en La Victoria, este departamento se encuentra cerca de centros comerciales, escuelas y parques, facilitando el acceso a diversos servicios y opciones de recreación. La zona cuenta con desagüe y áreas verdes, ofreciendo un entorno agradable. El departamento se encuentra en segundo piso con vista interna. Estamos ubicados entre la av. Arriola, av canada y av Aviacion, muy cerca a la estacion Arriola y La Cultura. Gran oportunidad de vivir cerca a todo, Contáctanos hoy mismo para recibir más información o agendar una visita.|https://urbania.pe/inmueble/clasificado/alclapin-alquiler-de-departamento-en-la-victoria-lima-2-dormitorios-149198220?n_src=Listado&n_pills=%C3%81rea+de+lavander%C3%ADa&n_pg=2&n_pos=9|2026-03-18
urbania|departamentos|alquiler|Lima Centro|La Victoria|"PASEO DE LA REPUBLICA 2199 LA VICTORIA
La Victoria, Lima"|S/ 2,800|2800|||250|"61 m² tot.
2 dorm.
2 baños"|61|2|2||Ubicación privilegiada en santa catalina – conectividad Y comodidad. este edificio está ubicado frente al colegio melitón carbajal Y A solo dos cuadras del edificio interbank (san isidro), en plena av. Paseo de la república. Su ubicación estratégica te conecta rápidamente con avenidas principales como javier prado Y canadá, facilitando el acceso A diferentes distritos Y zonas comerciales de lima. Ideal para quienes buscan vivir cerca de todo: centros financieros, supermercados, ciclovías, gimnasios, restaurantes Y vías de transporte rápido. Este moderno departamento de 61 m², ubicado en el exclusivo edificio met, se alquila semi amoblado y ofrece una espectacular vista directa al parque Carbajal. Cuenta con una Sala equipada con centro de entretenimiento empotrado, perfecta para compartir y disfrutar del hogar. Kitchenette semi amoblada, funcional y moderna, equipada con encimera, horno nuevo, campana extractora, y muebles altos y bajos. Zona de lavandería con muebles altos instalados para mayor organización y almacenamiento. El Dormitorio principal es amplio, con espacio para cama queen, clóset empotrado, baño privado, rack para la tv y grandes ventanas que permiten el ingreso de abundante luz natural. Dormitorio secundario con espacio para cama queen, clóset empotrado y excelente iluminación natural. Dos baños completos, ambos con espejo incluidos y acabados modernos. El edificio cuenta con 5 ascensores, servicio de vigilancia 24/7, mantenimiento y limpieza permanente, brindando seguridad y confort a todos sus residentes. Las áreas comunes exclusivas con más de 1, 500 m², de fácil acceso y con una de las mejores vistas panorámicas de Lima: Piscina. Gimnasio. View Spa. Master Lounge. Bar 37. 5 zonas de parrilla (bbq Boxes) Sala de coworking. Salón de eventos (Party Room) Sala de juegos para niños. Condiciones de alquiler: 2 meses de garantía + 1 mes de adelanto. Documentación en regla|https://urbania.pe/inmueble/clasificado/alclapin-alquiler-de-departamento-en-la-victoria-lima-2-dormitorios-148083988?n_src=Listado&n_pills=Parrilla&n_pg=2&n_pos=10|2026-03-18
urbania|departamentos|alquiler|Lima Centro|La Victoria|"Javier Prado Este 1091
Santa Catalina, La Victoria"|S/ 3,600 · USD 1,016|3600|1016|||"76 m² tot.
3 dorm.
2 baños
1 estac."|76|3|2|1|Se alquila lindo departamento en estreno! Ubicación en la esquina. Cuenta con dos vistas hacia la Av. Javier Prado y a la Av. Solidaridad. El edificio se ubica cerca al puente peatonal que cruza la Av. Javier Prado, Clínicas (Ricardo Palma y otras), instituciones educativas (San Agustín), Centro Comercial (Santa Catalina), centros laborales (Instituciones públicas o privadas), límite con San Isidro. Se distribuye de la siguiente manera: - Sala comedor, bien iluminada. - tres Habitaciones, con closet empotrado. - Dos baños completos (uno en la habitación principal y las otras dos comparten el baño y la ducha). - Área de lavandería. - Kitchenette con cocina empotrada y campana extractora. - Cuenta con gas cálidda. - Tiene conexión para instalación de terma. - Balcón en la sala y en cada habitación. - En el alquiler se incluye un estacionamiento. - incluye también un depósito. Es un edificio petfriendly, así que tus bebés de 4 patitas, son más que bienvenidos. áreas comunes: - Piscina - Zonas de parrillas (5). - Co-Working - Gimnasio. - Sala sum. - Pet Wash. - Jardín interno. - Sala de Juegos. **máximo 4 habitantes** se puede alquilar también para uso de oficinas (A puerta cerrada).|https://urbania.pe/inmueble/clasificado/alclapin-alquiler-de-departamento-en-santa-catalina-la-victoria-3-dormitorios-147694462?n_src=Listado&n_pills=Piscina&n_pg=2&n_pos=11|2026-03-18
urbania|departamentos|alquiler|Lima Centro|La Victoria|"paseo de la republica 2199
Santa Catalina, La Victoria"|S/ 1,750 · USD 520|1750|520||150|"45 m² tot.
1 dorm.
1 baño"|45|1|||Gran oportunidad, se Alquila, dpto. De 1 dorm. Solo 4 años de antiguedad, viene incluido cocina Y campana extractora, se encuentra en Paseo de La Republica, en Santa Catalina, a una cuadra de Lince y 4 cuadras de San Isidro, el edificio cuenta con excelentes areas comunes, citas con anticipacion llamando al telf. Ver datos - Ver datos. Disponible el 15 de febrero|https://urbania.pe/inmueble/clasificado/alclapin-alquiler-de-departamento-en-santa-catalina-la-victoria-1-dormitorio-63968987?n_src=Listado&n_pills=Parrilla&n_pg=2&n_pos=12|2026-03-18
urbania|departamentos|alquiler|Lima Centro|La Victoria|"Jirón Francia 130
La Victoria, Lima"|S/ 1,850|1850||||"70 m² tot.
2 dorm.
2 baños"|70|2|2||Estreno depatamento. - 2 habitaciones. - 1 sala de estudio (puede convertirse en 3er dormitorio) - Sala, comedor y cocina. -Piso 13. Áreas comunes: - Piscina. -Zona parrilla. -Zona co-working. -Zona de juego para niños. -Gym. -Sala Bar. llamar O whatsapp al numero. 9. 9. 9. 7. 0. 0. 0. 3. 4. Trato directo- abstenerse agentes inmobiliarios. No incluye mantenimiento (220 aproximado) No incluye cochera. Condiciones: 2x1 (2 meses de garantía y 1 mes de adelanto). Negociable. Contrato mínimo 1 año.|https://urbania.pe/inmueble/clasificado/alclappa-alquiler-de-departamento-en-la-victoria-lima-2-dormitorios-149218281?n_src=Listado&n_pills=Piscina&n_pg=2&n_pos=13|2026-03-18
urbania|departamentos|alquiler|Lima Centro|La Victoria|"Santa Catalina
Santa Catalina, La Victoria"|S/ 2,500|2500||||"56 m² tot.
2 dorm.
2 baños"|56|2|2||Departamento ubicado en el piso 22 en la zona de Santa Catalina, a un paso de la estación Javier Prado y muy cerca del centro financiero. Rodeado de parques, tiendas, restaurantes y con fácil acceso a las principales avenidas de la ciudad. Precio: S/ 2, 500Condición: 2 x 1 (2 meses de garantía y 1 mes adelantado) Características del departamento: 2 habitaciones2 baños completos con mamparas de ducha, espejos y muebles bajo lavaderoHabitación principal con capacidad para cama king, vista a Javier Prado, closet y baño completo privadoHabitación secundaria con vista a la calle, closet empotrado y baño completo externoSala comedor con amplio balcón y vista a Javier Prado1 balcón ubicado en la salaCocina americana con finos acabados, reposteros altos, bajos y alacenaZona de lavandería con therma a gasConexiones de gas para cocina y thermaDetector de humoAlarma contra incendiosDepartamento con excelente distribución, vista externa y muy buena iluminación naturalÁreas comunes del edificio: 4 ascensoresÁrea social con billar, tv y espacios de reuniónPiscina con vista panorámica3 zonas de parrilla2 áreas de coworking y sala de reunionesZona de juegos para niñosJardín para niñosGimnasioRecepción y video vigilancia las 24 horasZona de estacionamiento para bicicletas y scootersÁrea de lavandería|https://urbania.pe/inmueble/clasificado/alclapin-alquiler-de-departamento-en-santa-catalina-la-victoria-2-dormitorios-149224906?n_src=Listado&n_pills=Gimnasio&n_pg=2&n_pos=14|2026-03-18
urbania|departamentos|alquiler|Lima Centro|La Victoria|"Av.Javier Prado Este
Santa Catalina, La Victoria"|S/ 2,350|2350|||150|"42 m² tot.
1 dorm.
1 baño"|42|1|||Acogedor departamento con una espectacular vista a la ciudad, muy bien ubicado ; a pasos del centro financiero de San isidro, frente a la Clínica Ricardo Palma; totalmente amoblado. Consta de una sala comedor con balcón, cocina Americana, con muebles altos y bajos; Línea blanca, enseres: lavandería con therma, lavadero; y lava seca. Cuenta con gas cálida instalado en cocina, horno y therma; lo que le permite ahorrar en el pago de luz. Hermoso dormitorio con balcón y baño incorporado, amplio closet. El Edificio cuenta con áreas comunes, tales como recepción; gimnasio, piscina, sala coworking, bar. Condiciones: 2x1; mínimo 1 año.|https://urbania.pe/inmueble/clasificado/alclapin-alquiler-de-departamento-en-santa-catalina-la-victoria-1-dormitorio-12817246?n_src=Listado&n_pills=Gimnasio&n_pg=2&n_pos=15|2026-03-18
urbania|departamentos|alquiler|Lima Centro|La Victoria|"Jr. Horacio Cachay Díaz 125, La Victo
La Victoria, Lima"|S/ 3,000 · USD 890|3000|890|||"75 m² tot.
3 dorm.
3 baños
1 estac."|75|3|3|1|Vive en una ubicación privilegiada, en el límite con San Isidro y San Borja. A pasos del Centro Financiero, el Colegio San Agustín, la Av. Javier Prado y muy cerca de La Rambla, estaciones del Metro, el Banco de la Nación, el Gran Teatro Nacional, restaurantes y más. Todo lo que necesitas, al alcance de tu día a día. Tu nuevo espacio. Departamento de estreno de 75. 45 m², moderno y funcional: 3 dormitorios. 3 baños completos. Sala / comedor iluminada. Cocina moderna. Lavandería independiente. Incluye estacionamiento. Depósito incluido. Edificio voce: proyecto moderno, con excelente diseño y áreas comunes pensadas para tu comodidad. Condiciones: Mes de adelanto. Mes de garantía. Servicios y mantenimiento por cuenta del inquilino.|https://urbania.pe/inmueble/clasificado/alclapin-alquiler-de-departamento-en-la-victoria-lima-3-dormitorios-148430631?n_src=Listado&n_pills=%C3%81rea+de+lavander%C3%ADa&n_pg=2&n_pos=16|2026-03-18
urbania|departamentos|alquiler|Lima Centro|Rimac|"Av. A 230 En Los Altos del Rímac
Rímac, Lima"|S/ 1,000|1000|||140|"59 m² tot.
2 dorm.
1 baño"|59|2|||Ubicado en zona céntrica de fácil acceso pasando cuartel Fuerte Hoyos zona moderna y segura. ** ubicación: Av. A 230 En Los Altos del Rímac. ** precio de alquiler: S/1, 000. 00 soles. -Edificio de 18 pisos, con 08 departamentos por piso. -Departamento disponible en piso 18. - 2 ascensores. distribución: -Área: 59m2. -Piso 18 vista exterior. -Sala comedor con buena iluminación. ️-Espacio para un área de estudio o sala de estar. -Un Baño completo. -2 Habitaciones sin closet. -Cocina abierta con barra de granito integrada a la sala. -Lavandería ventilada. **Áreas comunes: cancha deportiva, zona de parrillas, juegos para niños, salón de eventos, entre otras. Servicios: -Luz independiente. -Gas natural independiente. -Mantenimiento S/140. 00 aprox. De acuerdo al consumo de agua. -Se permite una sola mascota pequeña. -1 mes de garantía y 1 mes de adelantado. requisitos: - Sustentar ingresos con boletas de pago, recibos por honorarios o pdt. - No estar mal reportado en Infocorp. - Contrato mínimo de 1 año. ** soliicta mayor informacion al –|https://urbania.pe/inmueble/clasificado/alclapin-alquiler-de-departamento-en-rimac-lima-2-dormitorios-149240785?n_src=Listado&n_pills=Parrilla&n_pg=1&n_pos=1|2026-03-18
urbania|departamentos|alquiler|Lima Centro|Rimac|"Avenida A 220
Rímac, Lima"|S/ 1,400 · USD 417|1400|417||120|"51 m² tot.
2 dorm.
1 baño
1 estac."|51|2||1|"Alquiler de departamento con estacionamiento en rimac altos 220. contacto: cristhian roncal. *981*293*854* ubicación. Condominio Altos del Rímac 220. Prolongación de la Av. Alcázar (Ex-Polígono de Tiro) Fácil y rápido acceso a las Avenidas: Alcázar, Morro de Arica y Túpac Amaru. A 2 min de Supermercados, Bancos, Clínicas, restaurantes, bodegas, minimarkets, panaderías y otros. La ruta 305 del corredor azul (Lomas del Rímac a Miraflores) ya está circulando en los condominios y cuenta con su propio paradero. Actualmente se esta construyendo en primer Strip Center del Rímac ""Lomas Plaza"", que contara con 2 tiendas anclas confirmadas (Supermercados Metro y Smart Fit, entre otras) a inicios de Enero de 2026. La urbanización cuenta con Ciclovías. Descripcion. - Área 51 m2, bonito Departamento de estreno, con excelente iluminación natural en todos los ambientes. - Piso 6. - Acceso con 2 ascensores modernos y escalera de emergencia. - Amplia Sala – Comedor. - Amplia Cocina equipada con cocina, campana y con muebles altos y bajos con lavaplatos de acero inoxidable. 2 dormitorios Y 1 baño. - 1 Dormitorio principal con Closet. - 1 Dormitorio secundario. - 1 baño completo de uso amoblado. - La lavandería cuenta con lavadero de fibra de vidrio y conexión para lavadora, puede adaptarse. - Intercomunicador. - El departamento cuenta con un sistema de ventanas de protección acústica, optimo aislamiento térmico y excelente protección de la humedad, frío y polvo, y se entrega con luminarias y terma. - 1 cochera. seguridad. El Condominio cuenta con una excelente seguridad privada 24x7. Además de zona de parrillas, local para reuniones, parqueaderos de bicicletas, ciclovía dentro del condominio. Servicios: - Luz, y gas natural según consumo. - Mantenimiento S/. 110 soles aprox. - Arbitrios. precio alquiler incluye cochera: S/ 1, 400 soles. (1 mes de adelanto y 1 de garantía). Contrato mínimo de 1 año. Requisitos: - sustento de ingresos demostrables. - no estar mal reportado en las centrales de riesgo. - no contar con antecedentes. restricciones: no mascotas. no mascotas. no mascotas. contacto: cristhian roncal. *981*293*854*"|https://urbania.pe/inmueble/clasificado/alclapin-alquiler-de-departamento-en-rimac-lima-2-dormitorios-148941958?n_src=Listado&n_pills=Cerca+a+colegios&n_pg=1&n_pos=2|2026-03-18
urbania|departamentos|alquiler|Lima Centro|Rimac|"Avenida A 220
Rímac, Lima"|S/ 1,200 · USD 358|1200|358||110|"51 m² tot.
2 dorm.
1 baño"|51|2|||"Alquiler de departamento en el rimac. Contacto: cristhian roncal. *981*293*854* ubicación. Nuevo Condominio Altos del Rímac. Prolongación de la Av. Alcázar (Ex-Polígono de Tiro) Fácil y rápido acceso a las Avenidas: Alcázar, Morro de Arica y Túpac Amaru. A 2 min de Supermercados, Bancos, Clínicas, restaurantes, bodegas, minimarkets, panaderías y otros. La ruta 305 del corredor azul (Lomas del Rímac a Miraflores) ya está circulando en los condominios y cuenta con su propio paradero. Actualmente se esta construyendo en primer Strip Center del Rímac ""Lomas Plaza"", que contara con 2 tiendas anclas confirmadas (Supermercados Metro y Smart Fit, entre otras) a inicios de Enero de 2026. La urbanización cuenta con Ciclovías. Descripcion. - Área 51 m2, bonito Departamento de estreno, con excelente iluminación natural en todos los ambientes. - Piso 14. - Acceso con 2 ascensores modernos y escalera de emergencia. - Amplia Sala – Comedor. - Amplia Cocina con muebles altos y bajos con lavaplatos de acero inoxidable. 2 dormitorios Y 1 baño. - 1 Dormitorio principal. - 1 Dormitorio secundario. - 1 baño completo de uso amoblado. - La lavandería cuenta con lavadero de fibra de vidrio y conexión para lavadora, puede adaptarse. - Intercomunicador. - El departamento cuenta con un sistema de ventanas de protección acústica, optimo aislamiento térmico y excelente protección de la humedad, frío y polvo, y se entrega con luminarias y terma. Seguridad. El Condominio cuenta con una excelente seguridad privada 24x7. Además de zona de parrillas, local para reuniones, parqueaderos de bicicletas, ciclovía dentro del condominio. Servicios: - Luz, y gas natural según consumo. - Mantenimiento S/. 110 soles aprox. - Arbitrios. precio alquiler: S/ 1, 200 soles. (1 mes de adelanto y 1 de garantía). Contrato mínimo de 1 año. Requisitos: - sustento de ingresos. - no estar mal reportado en las centrales de riesgo. - no contar con antecedentes. restricciones: no mascotas. no mascotas. contacto: cristhian roncal. *981*293*854*"|https://urbania.pe/inmueble/clasificado/alclapin-alquiler-de-departamento-en-rimac-lima-2-dormitorios-148882327?n_src=Listado&n_pills=Seguridad&n_pg=1&n_pos=3|2026-03-18
urbania|departamentos|alquiler|Lima Centro|Rimac|"Av. A 240 Rimac
Rímac, Lima"|S/ 1,000 · USD 300|1000|300||100|"52 m² tot.
2 dorm.
1 baño"|52|2|||Alquilo departamento en los altos del rimac 240, Cuenta con 2 dormitorios, 1 baño, sala comedor, cocina y lavandería. Tiene gas natural en cocina y en therma. 52m², Piso 3, vista exterior (a hermosas áreas verdes) y 2 ascensores. Características del Departamento: -Sala comedor amplia y vista exterior. -Cocina abierta, con conexión de gas natural. -️ 2 dormitorios (no tienen closets) -1 Baño compartido. -Gas natural en cocina y lavandería. -Área de lavandería con therma a gas. - Intercomunicador. Características de la Zona: Condominio Los Altos del Rimac 240, en Prolongación de la Av. Alcázar. Rápido y fácil acceso a Av. Alcázar, Av. Morro de Arica, Túpac Amaru y otras. La ruta 305 del corredor o colectivos te dejan en la puerta del condominio. Condiciones: Precio: 1000 soles (no negociables) 1 año de alquiler (renovable) 1 mes de garantía y 1 mes de adelanto. Se verificará sustento de ingresos, historial crediticio y antecedentes. Consultas y visitas al 9. 8. 6. 8. 9. 7. 9. 9. 0|https://urbania.pe/inmueble/clasificado/alclapin-alquiler-de-departamento-en-rimac-lima-2-dormitorios-149167368?n_src=Listado&n_pills=Ascensor&n_pg=1&n_pos=4|2026-03-18
urbania|departamentos|alquiler|Lima Centro|Rimac|"AVENIDA A 240
Rímac, Lima"|S/ 1,100 · USD 314|1100|314||110|"51 m² tot.
2 dorm.
1 baño
1 estac."|51|2||1|"Alquiler de departamento con cochera en el rimac. contacto: cristhian roncal. *981*293*854* ubicación. Nuevo Condominio Altos del Rímac. Prolongación de la Av. Alcázar (Ex-Polígono de Tiro) Fácil y rápido acceso a las Avenidas: Alcázar, Morro de Arica y Túpac Amaru. A 2 min de Supermercados, Bancos, Clínicas, restaurantes, bodegas, minimarkets, panaderías y otros. La ruta 305 del corredor azul (Lomas del Rímac a Miraflores) ya está circulando en los condominios y cuenta con su propio paradero. Actualmente se esta construyendo en primer Strip Center del Rímac ""Lomas Plaza"", que contara con 2 tiendas anclas confirmadas (Supermercados Metro y Smart Fit, entre otras) a inicios de Enero de 2026. La urbanización cuenta con Ciclovías. Descripcion. - Área 51 m2, bonito Departamento de estreno, con excelente iluminación natural en todos los ambientes. - Piso 12. - Acceso con 2 ascensores modernos y escalera de emergencia. - Amplia Sala – Comedor. - Amplia Cocina con muebles altos y bajos con lavaplatos de acero inoxidable. 2 dormitorios Y 1 baño. - 1 Dormitorio principal. - 1 Dormitorio secundario. - 1 baño completo de uso amoblado. - La lavandería cuenta con lavadero de fibra de vidrio y conexión para lavadora, puede adaptarse. - Intercomunicador. - El departamento cuenta con un sistema de ventanas de protección acústica, optimo aislamiento térmico y excelente protección de la humedad, frío y polvo, y se entrega con luminarias y terma. Seguridad. El Condominio cuenta con una excelente seguridad privada 24x7. Además de zona de parrillas, local para reuniones, parqueaderos de bicicletas, ciclovía dentro del condominio. Servicios: - Luz, y gas natural según consumo. - Mantenimiento S/. 110 soles aprox. - Arbitrios. precio alquiler incluye estacionamiento: S/ 1, 400 soles. (1 mes de adelanto y 1 de garantía). Contrato mínimo de 1 año. Requisitos: - sustento de ingresos. - no estar mal reportado en las centrales de riesgo. - no contar con antecedentes. restricciones: no mascotas. no mascotas. contacto: cristhian roncal. *981*293*854*"|https://urbania.pe/inmueble/clasificado/alclapin-alquiler-de-departamento-en-rimac-lima-2-dormitorios-148575072?n_src=Listado&n_pills=Parrilla&n_pg=1&n_pos=5|2026-03-18
urbania|departamentos|alquiler|Lima Centro|Rimac|"AVENIDA A - PRADERAS DEL RIMAC 225
Rímac, Lima"|S/ 1,600|1600|||140|"8183 m² tot.
3 dorm.
2 baños"|8183|3|2||Se alquila moderno departamento en primer piso ubicado en el Condominio Ecológico Praderas del Rímac, en Prolongación Av. Alcázar (Ex Polígono de Tiro), con fácil acceso a las avenidas Alcázar, Morro de Arica y Túpac Amaru. La zona cuenta con excelente conectividad, con paradero de la ruta 305 del Corredor Azul (Lomas del Rímac – Miraflores) y cercanía a supermercados, bancos, clínicas y diversos comercios. Próximamente se inaugurará el Strip Center “Lomas Plaza”, lo que incrementa la comodidad y valorización del entorno. El departamento cuenta con 65. 26 m² de área construida, 81. 83 m² de área ocupada y 16. 57 m² de jardín libre, ideal para disfrutar de un espacio exterior privado. Destaca por su excelente iluminación natural y distribución funcional. Dispone de sala-comedor con acceso al jardín, cocina equipada con muebles altos y bajos, campana extractora, gas natural y lavaplatos de acero inoxidable. Tiene 3 dormitorios y 2 baños completos con terma instalada. La zona de lavandería cuenta con lavadero y conexión para lavadora. Se entrega con luminarias instaladas y cuenta con intercomunicador conectado a la puerta principal y a la garita de seguridad. El condominio brinda áreas comunes como cancha deportiva, zona de juegos infantiles, zona de parrillas, salón para reuniones y parqueadero de bicicletas, además de seguridad privada 24/7 y control de acceso permanente. Servicios de luz, agua y gas natural según consumo. Mantenimiento aproximado: S/ 140.|https://urbania.pe/inmueble/clasificado/alclapin-alquiler-de-departamento-en-rimac-lima-3-dormitorios-149260750?n_src=Listado&n_pills=Guardian%C3%ADa%2FSeguridad+privada&n_pg=1&n_pos=6|2026-03-18
urbania|departamentos|alquiler|Lima Centro|Rimac|"Av. Felipe Arancibia
Rímac, Lima"|S/ 5,000 · USD 1,488|5000|1488|||"130 m² tot.
9 dorm.
6 baños"|130|9|6||Área de Terreno 130 m2 y Área construida 219. 35, 2 do piso: Sala comedor cocina independiente 3 habitaciones 2 Baños, escalera al tercer nivel3 er piso: sala de estar 3 habitaciones, 2 baños, lavandería, acceso al cuarto nivel, 4 to piso: 1 departamento con sala comedor y cocina abierta, 2 habitaciones amplias 1 baño completo y 1 mini departamento 1 dormitorio amplio cocina, 1 bañoCuenta con instalación cálidda. Cuenta con luz y agua independienteMuy bien ubicado en plena Av. Felipe Arancibia 285 (Ex Av. Tarapacá) con fácil acceso a las avenidas principales 3 minutos de plaza vea de alcázar, a una cuadra del banco bcp, con facilidad de acceso a las principales avenidas como la Av. Alcázar, Av. Prolongación Tacna y Av. Francisco PizarroIdeal para diferentes negocios (Cafeterias, restaurantes, oficinas) Alquiler mensual: S/ 5, 000. 00Condiciones: Contrato por 1 año1 mes de adelanto + 2 meses de garantíaEstar bien reportado en Infocorp (centrales de riesgo) Sustentos de ingreso por boletas de pago (dependientes) o declaración jurada de ingresos (independientes) *Contáctame para más informaciónToda la documentación en reglaAgenda tú visita yar. U. C Ver datos|https://urbania.pe/inmueble/clasificado/alclapin-alquiler-de-departamento-en-rimac-lima-5-a-mas-dormitorios-148711400?n_src=Listado&n_pills=%C3%81rea+de+lavander%C3%ADa&n_pg=1&n_pos=7|2026-03-18
urbania|departamentos|alquiler|Lima Centro|Rimac|"Calle 5
El Manzano, Rímac"|S/ 1,350 · USD 386|1350|386|||"62 m² tot.
2 dorm.
1 baño"|62|2|||Departamento Flat en Rímac, Lima — 56 m²C. 5 526Características principales: - Dirección: Calle. 5 numero 526, Urb. El manzano, Rímac, Lima- Piso: 1 (flat) - Área construida: 56. 00 m²- Habitaciones: 2- Baños: 1- Estacionamiento: No disponible- Característica: Aceptan mascotas- Antigüedad: 35 añosDescripción breve: Espacio acogedor y bien distribuido de 56 m², ideal para pareja, pequeña familia o profesionales que buscan funcionalidad y comodidad. Departamento pet-friendly, práctico para quienes desean vivir cerca del centro del Rímac con acceso a servicios y transporte. ¿Por qué te conviene? - Distribución eficiente: ambientes fáciles de adaptar a tus necesidades. - Aceptan mascotas: vive con tu compañero sin complicaciones. - Ubicación céntrica en Rímac, con comercio y vías de acceso cercanas. ¿Interesado? Agenda una visita para conocerlo y comprobar personalmente su potencial. T. C. 3. 50Tipo de cambio referencial, sujeto a variación diaria por fluctuación del mercado|https://urbania.pe/inmueble/clasificado/alclapin-alquiler-de-departamento-en-el-manzano-rimac-2-dormitorios-146945062?n_src=Listado&n_pills=%C3%81rea+de+lavander%C3%ADa&n_pg=1&n_pos=8|2026-03-18
urbania|departamentos|alquiler|Lima Centro|Rimac|"AV Samuel Alcazar al 800
Rímac, Lima"|S/ 3,400 · USD 1,000|3400|1000|||"110 m² tot.
3 dorm.
2 baños"|110|3|2||Alquila un departamento en la mejor zona comercial del Rímac. Son 110 m2 muy bien distribuídos, que te ofrecen un excelente confort y tranquilidad. Características principales: Sala-comedor. Cocina abierta. Tres amplias habitaciones. Dos baños completos. Muy buena iluminación natural y ventilación. Servicios y valor agregado: Cisterna de agua de 6 m³ y tanque elevado. Red de agua potable y sistema eléctrico totalmente renovados. Pisos, muros, ventanas y puertas nuevos: ¡todo a estrenar! ¡No pierdas la oportunidad de estar en la mejor zona comercial del Rímac!|https://urbania.pe/inmueble/clasificado/alclapin-alquiler-de-departamento-en-rimac-lima-3-dormitorios-148831628?n_src=Listado&n_pg=1&n_pos=9|2026-03-18
urbania|departamentos|alquiler|Lima Centro|Rimac|"Avenida A 300
Rímac, Lima"|S/ 1,300 · USD 371|1300|371||110|"60 m² tot.
2 dorm.
1 baño"|60|2|||"Hermoso departamento equipado de 60M2 en condominio altos del rimac 300. contacto: cristhian roncal. *981*293*854* ubicación. Nuevo Condominio Altos del Rímac 300. Prolongación de la Av. Alcázar (Ex-Polígono de Tiro) Fácil y rápido acceso a las Avenidas: Alcázar, Morro de Arica y Túpac Amaru. A 2 min de Supermercados, Bancos, Clínicas, restaurantes, bodegas, minimarkets, panaderías y otros. La ruta 305 del corredor azul (Lomas del Rímac a Miraflores) ya está circulando en los condominios y cuenta con su propio paradero. Actualmente se esta construyendo en primer Strip Center del Rímac ""Lomas Plaza"", que contara con 2 tiendas anclas confirmadas (Supermercados Metro y Smart Fit, entre otras) a inicios de Enero de 2026. La urbanización cuenta con Ciclovías. Descripcion. - Área 60m2, agradable Departamento equipado, con excelente iluminación natural en todos los ambientes. - Piso 4. - Acceso con 2 ascensores modernos y escalera de emergencia. - Amplia Sala – Comedor. - Amplia Cocina equipada con cocina, campana y con muebles altos y bajos con lavaplatos de acero inoxidable. 2 dormitorios Y 1 baño. - 1 Dormitorio principal con Closet. - 1 Dormitorio secundario con Closet. - 1 baño completo de uso amoblado. - La lavandería cuenta con lavadero de fibra de vidrio y conexión para lavadora, puede adaptarse. - Intercomunicador. - El departamento cuenta con un sistema de ventanas de protección acústica, optimo aislamiento térmico y excelente protección de la humedad, frío y polvo, y se entrega con luminarias y terma. Seguridad. El Condominio cuenta con una excelente seguridad privada 24x7. Además de zona de parrillas, local para reuniones, parqueaderos de bicicletas, ciclovía dentro del condominio. Servicios: - Luz, y gas natural según consumo. - Mantenimiento S/. 110 soles aprox. - Arbitrios. precio alquiler: S/ 1, 300 soles. (1 mes de adelanto y 2 de garantía). Contrato mínimo de 1 año. Requisitos: - sustento de ingresos. - no estar mal reportado en las centrales de riesgo. - no contar con antecedentes. restricciones: no mascotas. no mascotas. contacto: cristhian roncal. *981*293*854*"|https://urbania.pe/inmueble/clasificado/alclapin-alquiler-de-departamento-en-rimac-lima-2-dormitorios-149251892?n_src=Listado&n_pills=Guardian%C3%ADa%2FSeguridad+privada&n_pg=1&n_pos=10|2026-03-18
urbania|departamentos|alquiler|Lima Centro|Rimac|"Calle Monitor Huascar 595
Ventura Rossi, Rímac"|S/ 1,550|1550||||"60 m² tot.
2 dorm.
1 baño"|60|2|||Alquilo departamento en tercer piso en urb. Ventura rossi A pocos metros de la av. Monitor huascar Y A 2 cuadras de la av. Alcazar, A pocos metos del colegio bonifaz, Y A 5 minutos de la universidad nacional de ingenieria, cerca A supermercados, tiendas Y de facil acceso al transporte publico Y al centro de lima. Con amplia sala comedor con pisos de porcelanato, con dos dormitorios, el principal con walking closet Y el segundo dormitorio con closet. La cocina esta equipada con muebles altos Y bajos de melamina con mesa de formica color gris. Cuenta con un baño completo con pisos Y paredes recubiertas en ceramica. Cuenta con una azotea ideal para ser usado como zona de parrilla, alli tambien es el area de tendal, tiene un ambiente acondicionado para la lavadora. Tambien cuenta con una poza con caño. Se requiere sustentos suficientes Y sustentables ademas de estar en verde en infocorp. Condiciones: dos meses de adelanto por un mes de garantia|https://urbania.pe/inmueble/clasificado/alclapin-alquiler-de-departamento-en-ventura-rossi-rimac-2-dormitorios-149282687?n_src=Listado&n_pills=Seguridad&n_pg=1&n_pos=11|2026-03-18
urbania|departamentos|alquiler|Lima Centro|Rimac|"Calle Monitor Huascar 593
Ventura Rossi, Rímac"|S/ 2,400|2400||||"123 m² tot.
3 dorm.
2 baños"|123|3|2||Alquilo departamento duplex totalmente remodelado en la urbanizacion ventura rossi, A unos metros de la av. Morro de arica A 2 cuadras de la av. Alcazar, cerca A colegios, A pocos metros del colegio bonifaz Y A pocos minutos de la universidad nacional de ingenieria (uni), cerca A supermercados, restaurantes, de facil acceso al transporte publico. Distribución: primer piso: sala de buen tamaño, comedor, medio baño de visita, cocina equipada con mesa de granito color negro, muebles altos Y bajos de melamina color blanco, piso de porcelanato color gris, patio de lavanderia para tendal, con poza enchapado en ceramica color blanco Y baño de servicio con ducha. Segundo piso: tres dormitorios amplios con closet, el dormitorio principal es muy amplio Y consta de 2 closets empotrados ademas de un mueble empotrado para ropa de cama. Los tres dormitorios comparten un baño equipado con inodoro, lavabo con muebles bajos de melamina, terma, la ducha cuenta con vidrios templados. Se requiere: sustentos de ingresos suficientes Y sustentables. Estar en verde en infocorp. Condiciones 2 meses de garantia por 1 mes de adelanto.|https://urbania.pe/inmueble/clasificado/alclapin-alquiler-de-departamento-en-ventura-rossi-rimac-3-dormitorios-149281022?n_src=Listado&n_pills=Seguridad&n_pg=1&n_pos=12|2026-03-18
urbania|departamentos|alquiler|Lima Centro|Rimac|"Avenida A 240
Rímac, Lima"|S/ 1,300|1300||||"51 m² tot.
2 dorm.
1 baño"|51|2|||Se alquila Departamento en Piso 01 – Condominio Altos del Rímac 240. Área: 60 m² ️ 1 Dormitorio Principal con walk-in closet con muebles. ️ 1 Dormitorio Secundario Amplio. 1 baño completo. ️ 1 Sala-Comedor Amplia. 1 Cocina equipada con muebles altos y bajos. Cuenta con Gas Cálidda para cocina y baño. 1 Área de lavandería. Edificio con 2 ascensores. Áreas comunes del condominio: Sala de Usos Múltiples (sum). Zona de juegos para niños. Losas deportivas. Tienda dentro del condominio. ️ Próximamente: construcción del primer mall del Rímac (Lomas Plaza) en la zona. Precio de alquiler: S/ 1, 300 mensual. Condiciones: 1 mes de garantía + 1 mes de adelanto. Servicios y mantenimiento se pagan por separado. El departamento se entrega pintado. Requisitos: Sustentar ingresos. No tener reportes negativos en Infocorp. No se aceptan mascotas. Ubicación: Condominio Altos del Rímac #240, a aproximadamente 8 cuadras del cruce de Av. Alcázar con Morro de Arica. Próximamente el primer mall del Rímac en la zona. Consultas o agendar visita: 987//764//3608.|https://urbania.pe/inmueble/clasificado/alclapin-alquiler-de-departamento-en-rimac-lima-2-dormitorios-149276066?n_src=Listado&n_pills=Guardian%C3%ADa%2FSeguridad+privada&n_pg=1&n_pos=13|2026-03-18
urbania|departamentos|alquiler|Lima Centro|Rimac|"Condominio Alameda del Rímac
Rímac, Lima"|S/ 1,499 · USD 446|1499|446|||"86 m² tot.
3 dorm.
2 baños"|86|3|2||Urbanización Alameda del RímacVive en una zona residencial consolidada, tranquila y con fácil acceso a principales vías, en un departamento que destaca por su excelente relación entre espacio, comodidad y valor. Ubicado en piso 11, este hermoso departamento ofrece amplitud, iluminación natural y vista despejada, ideal para familias, parejas o quienes trabajan desde casa. Lo más destacado: Área: 86. 6 m² 3 dormitorios con clósets empotrados 2 baños completos Sala – comedor amplia y bien iluminada Home office, ideal para trabajo remoto Cocina funcional con muebles bajos + lavandería Pisos laminados en áreas sociales y dormitorios Edificio con ascensor Cochera incluida Precio de alquiler: S/ 1, 499 Incluye cocheraUna opción amplia, funcional y bien ubicada, con un valor muy competitivo dentro del mercado actual. Agenda tu visita y conoce esta excelente alternativa residencial. Mantenimiento: S/. 130|https://urbania.pe/inmueble/clasificado/alclapin-alquiler-de-departamento-en-rimac-lima-3-dormitorios-148537975?n_src=Listado&n_pills=%C3%81rea+de+lavander%C3%ADa&n_pg=1&n_pos=14|2026-03-18
urbania|departamentos|alquiler|Lima Centro|Rimac|"Avenida A 300
Rímac, Lima"|S/ 1,200|1200|||130|"60 m² tot.
3 dorm.
2 baños"|60|3|2||Se alquila departamento en Condominio Altos del Rímac 300. Acogedor departamento de 60 m² ubicado en el piso 10, dentro de un condominio seguro y organizado en el Rímac. Área total: 60 m² ️ 1 Dormitorio principal con baño privado. ️ 1 Dormitorio secundario. ️ 1 Sala de estar (puede adaptarse. como tercer dormitorio o estudio) 1 Baño de visitas. ️ 1 Sala y comedor con buena iluminación natural. Cocina con muebles altos y bajos. (la foto de la cocina es referencial ya que recién se han instalado los muebles. de cocina). Gas Cálidda para cocina y terma. Área de lavandería. Edificio con 2 ascensores. Áreas comunes del condominio: Sala de Usos Múltiples (sum) Juegos para niños. Losa deportiva. Tienda dentro del condominio. ️ Próximamente: desarrollo del Mall Lomas Plaza, el primer centro comercial de la zona. Alquiler mensual: S/ 1, 200. Condiciones: 1 mes de garantía + 1 mes de adelanto. Servicios y mantenimiento se pagan aparte. Requisitos para alquilar: Sustentar ingresos. No registrar reportes negativos en Infocorp. No se aceptan mascotas. Ubicación: Condominio Altos del Rímac 300, aproximadamente a 8 cuadras del cruce de Av. Alcázar con Morro de Arica. Agenda tu visita o pide más información: 987 // 764 // 3608. También puedes escribir por inbox|https://urbania.pe/inmueble/clasificado/alclapin-alquiler-de-departamento-en-rimac-lima-3-dormitorios-149276130?n_src=Listado&n_pills=%C3%81rea+de+lavander%C3%ADa&n_pg=1&n_pos=15|2026-03-18
urbania|departamentos|alquiler|Lima Centro|Rimac|"Avenida A 220
Rímac, Lima"|S/ 1,200 · USD 358|1200|358||110|"51 m² tot.
2 dorm.
1 baño"|51|2|||"Alquiler de departamento en el rimac. contacto: cristhian roncal. *981*293*854* ubicación. Nuevo Condominio Altos del Rímac. Prolongación de la Av. Alcázar (Ex-Polígono de Tiro) Fácil y rápido acceso a las Avenidas: Alcázar, Morro de Arica y Túpac Amaru. A 2 min de Supermercados, Bancos, Clínicas, restaurantes, bodegas, minimarkets, panaderías y otros. La ruta 305 del corredor azul (Lomas del Rímac a Miraflores) ya está circulando en los condominios y cuenta con su propio paradero. Actualmente se esta construyendo en primer Strip Center del Rímac ""Lomas Plaza"", que contara con 2 tiendas anclas confirmadas (Supermercados Metro y Smart Fit, entre otras) a inicios de Enero de 2026. La urbanización cuenta con Ciclovías. Descripcion. - Área 51 m2, bonito Departamento de estreno, con excelente iluminación natural en todos los ambientes. - Piso 7. - Acceso con 2 ascensores modernos y escalera de emergencia. - Amplia Sala – Comedor. - Amplia Cocina con muebles altos y bajos con lavaplatos de acero inoxidable. 2 dormitorios Y 1 baño. - 1 Dormitorio principal. - 1 Dormitorio secundario. - 1 baño completo de uso amoblado. - La lavandería cuenta con lavadero de fibra de vidrio y conexión para lavadora, puede adaptarse. - Intercomunicador. - El departamento cuenta con un sistema de ventanas de protección acústica, optimo aislamiento térmico y excelente protección de la humedad, frío y polvo, y se entrega con luminarias y terma. Seguridad. El Condominio cuenta con una excelente seguridad privada 24x7. Además de zona de parrillas, local para reuniones, parqueaderos de bicicletas, ciclovía dentro del condominio. Servicios: - Luz, y gas natural según consumo. - Mantenimiento S/. 110 soles aprox. - Arbitrios. precio alquiler: S/ 1, 200 soles. (1 mes de adelanto y 1 de garantía). Contrato mínimo de 1 año. Requisitos: - sustento de ingresos. - no estar mal reportado en las centrales de riesgo. - no contar con antecedentes. restricciones: no mascotas. no mascotas. no mascotas. contacto: cristhian roncal. *981*293*854*"|https://urbania.pe/inmueble/clasificado/alclapin-alquiler-de-departamento-en-rimac-lima-2-dormitorios-148903725?n_src=Listado&n_pills=Parrilla&n_pg=1&n_pos=16|2026-03-18
urbania|departamentos|alquiler|Lima Centro|Rimac|"Condominio Alameda del Rímac - Etapa 4 Mz. B Lote N.1 Torre B4 Dpto. 901 rimac
Del Rimac, Rímac"|S/ 1,499 · USD 424|1499|424||127|"87 m² tot.
3 dorm.
2 baños
1 estac."|87|3|2|1|Se alquila moderno departamento flat de 86. 6 m², ubicado en el piso 9 de un edificio residencial con ascensor en una zona tranquila y bien conectada del distrito del Rímac. Distribución y características: 3 dormitorios, incluyendo dormitorio principal con walk-in closet y baño privado 2 baños completos Cocina funcional con reposteros altos y bajos Sala comedor con buena iluminación natural Vista interior silenciosa 1 cochera paralela techada Áreas comunes y servicios: Ascensor Áreas verdes y jardín Sala de reuniones con internet Sala de usos múltiples Pet friendly (se aceptan mascotas) Datos adicionales: Área construida: 86. 6 m² Área libre: 0 m² Antigüedad: 0 años (departamento de estreno) Mantenimiento mensual: S/ 127 Servicios: agua y desagüe municipal, energía de empresa privada, gas natural (Cálidda) Zonificación: rdm – Residencial de densidad media Ubicación: En una zona de fácil acceso, cerca de colegios, comercios, avenidas principales y transporte público. Disponibilidad: Disponible para entrega inmediata. Ideal para familias o profesionales que buscan calidad de vida y buena ubicación.|https://urbania.pe/inmueble/clasificado/alclapin-alquiler-de-departamento-en-del-rimac-rimac-3-dormitorios-147694746?n_src=Listado&n_pills=%C3%81rea+de+lavander%C3%ADa&n_pg=1&n_pos=17|2026-03-18
urbania|departamentos|alquiler|Lima Centro|Rimac|"Avenida A 240
Rímac, Lima"|S/ 1,200 · USD 360|1200|360||110|"51 m² tot.
2 dorm.
2 baños"|51|2|2||"Alquiler de departamento en rimac altos 240. contacto: cristhian roncal. *981*293*854* ubicación. Nuevo Condominio Altos del Rímac. Prolongación de la Av. Alcázar (Ex-Polígono de Tiro) Fácil y rápido acceso a las Avenidas: Alcázar, Morro de Arica y Túpac Amaru. A 2 min de Supermercados, Bancos, Clínicas, restaurantes, bodegas, minimarkets, panaderías y otros. La ruta 305 del corredor azul (Lomas del Rímac a Miraflores) ya está circulando en los condominios y cuenta con su propio paradero. Actualmente se esta construyendo en primer Strip Center del Rímac ""Lomas Plaza"", que contara con 2 tiendas anclas confirmadas (Supermercados Metro y Smart Fit, entre otras) a inicios de Enero de 2026. La urbanización cuenta con Ciclovías. Descripcion. - Área 51 m2, bonito Departamento de estreno, con excelente iluminación natural en todos los ambientes. - Piso 3. - Acceso con 2 ascensores modernos y escalera de emergencia. - Amplia Sala – Comedor. - Amplia Cocina equipada con cocina, campana y con muebles altos y bajos con lavaplatos de acero inoxidable. 2 dormitorios Y 1 baño. - 1 Dormitorio principal con Closet. - 1 Dormitorio secundario. - 1 baño completo de uso amoblado. - La lavandería cuenta con lavadero de fibra de vidrio y conexión para lavadora, puede adaptarse. - Intercomunicador. - El departamento cuenta con un sistema de ventanas de protección acústica, optimo aislamiento térmico y excelente protección de la humedad, frío y polvo, y se entrega con luminarias y terma. Seguridad. El Condominio cuenta con una excelente seguridad privada 24x7. Además de zona de parrillas, local para reuniones, parqueaderos de bicicletas, ciclovía dentro del condominio. Servicios: - Luz, y gas natural según consumo. - Mantenimiento S/. 110 soles aprox. - Arbitrios. precio alquiler: S/ 1, 200 soles. (1 mes de adelanto y 1 de garantía). Contrato mínimo de 1 año. Requisitos: - sustento de ingresos. - no estar mal reportado en las centrales de riesgo. - no contar con antecedentes. restricciones: no mascotas. no mascotas. contacto: cristhian roncal. *981*293*854*"|https://urbania.pe/inmueble/clasificado/alclapin-alquiler-de-departamento-en-rimac-lima-2-dormitorios-148615228?n_src=Listado&n_pills=Ascensor&n_pg=1&n_pos=18|2026-03-18
urbania|departamentos|alquiler|Lima Centro|Rimac|"Condominio Alameda Alcazar S1
Rímac, Lima"|S/ 1,550 · USD 461|1550|461||150|"72 m² tot.
4 dorm.
2 baños"|72|4|2||Contacto: Sheila Herbozo - 9. 6. 0. 7. 4. 0. 3. 0. 0. Se alquila lindo y funcional departamento de 71. 63 m², ubicado en primer piso, dentro del consolidado condominio Alameda Alcázar, un espacio pensado para disfrutar la vida en familia, con seguridad, comodidad y todo lo que necesitas a tu alcance. Este departamento ofrece una agradable vista interna, perfecta para quienes valoran la paz y la privacidad, lejos del ruido de la ciudad, pero con excelente conectividad gracias a sus 3 accesos por avenida principal y calles alternas, ubicado estratégicamente entre las avenidas Prolongación Tacna y Alcázar, en el corazón del Rímac Cerca de tiendas, supermercados, boticas y céntrico a diferentes distritos de la ciudad. Distribución ideal para tu comodidad: 3 dormitorios. Cuarto de estudio, ideal para home office o zona de lectura. 2 baños completos (1 en el dormitorio principal) Cocina cerrada con reposteros altos y bajos, funcional y bien iluminada. Área de lavandería, incluye 1 therma. Vive en un condominio que lo tiene todo: Seguridad 24/7, para tu tranquilidad y la de tu familia. Juegos para niños, Cancha de futbol, diversión segura al aire libre. Área de parrillas, perfecta para reuniones. Sala de eventos, celebra momentos especiales y mucho mas! Además dentro del condominio encontraras un market práctico y a solo pasos de casa. Este departamento es ideal para quienes buscan un hogar acogedor, en un entorno familiar, seguro y organizado, donde cada espacio está pensado para disfrutar y vivir mejor. Infocorp verde y buen score. Sustento de ingresos. Certiadulto. Modalidad 2x1 / Alquiler 1, 600 Soles. Mantenimiento incl agua 150 Soles aprox. ¡Agenda tu visita y enamórate de tu próximo hogar!|https://urbania.pe/inmueble/clasificado/alclapin-alquiler-de-departamento-en-rimac-lima-4-dormitorios-148464587?n_src=Listado&n_pills=Guardian%C3%ADa%2FSeguridad+privada&n_pg=1&n_pos=19|2026-03-18
urbania|departamentos|alquiler|Lima Centro|Rimac|"Avenida A 225
Rímac, Lima"|S/ 1,400|1400|||150|"65 m² tot.
2 dorm.
2 baños"|65|2|2||Alquiler de departamento en el Rímac en el Condominio Pradera del Rímac. *Se alquila sin amoblar* Características del departamento:: Metraje: 65m2. Piso 19. 2 dormitorios. 2 baños completos con extractor. 2 Ascensores. ️ 1 Sala Comedor Grande c/ Balcón. Gas cálidda instalado para cocina y ducha. Cocina con muebles altos y bajos. Area de Lavandería. El Departamento se alquila sin amoblar, solo con los muebles que estan empotrados. Precio: Alquiler S/1400. Mantenimiento y Servicios Aparte. Condiciones 2x1. Áreas comunes del condominio: Áreas de parrilla. Tiendas dentro del condominio: Área de usos múltiples. Seguridad 24/7. ️️ 2 ascensores. 2 Losas deportivas. Ciclovía interna, estacionamiento para bicicletas. ️Área de ejercicios y más. Condiciones de alquiler: - Modalidad 2x1 (2 meses de garantía + 1 mes de adelanto) - No estar reportado(a) en Infocorp. - Sustentar ingresos. Inf. Al 9//8//7//6//4/3//6/0//8 o 9//8/0//0//2//5/0//7/6. Ubicación: Avenida A 225. Condominio Pradera del Rímac|https://urbania.pe/inmueble/clasificado/alclapin-alquiler-de-departamento-en-rimac-lima-2-dormitorios-149276038?n_src=Listado&n_pills=Guardian%C3%ADa%2FSeguridad+privada&n_pg=1&n_pos=20|2026-03-18
urbania|departamentos|alquiler|Lima Centro|Rimac|"Avenida A
Rímac, Lima"|S/ 1,200|1200|||110|"51 m² tot.
2 dorm.
1 baño"|51|2|||"Alquiler de Departamento en Rímac – Altos del Rímac. Nuevo Condominio Altos del Rímac – Prol. Av. Alcázar (Ex Polígono de Tiro) - Av. A 220 - Rímac. Contacto: Cristhian Roncal – 981*293*854. Ubicación Estratégica. - Acceso rápido a Av. Alcázar, Morro de Arica y Túpac Amaru. - A 2 minutos de supermercados, bancos, clínicas, restaurantes, panaderías y minimarkets. - La ruta 305 del corredor azul ya circula dentro del condominio y cuenta con paradero propio. - Próxima inauguración del primer Strip Center del Rímac: “Lomas Plaza” (enero 2026) con Metro y Smart Fit confirmados. - Urbanización con ciclovías. Descripción del Departamento. - Área: 51 m² | Departamento de estreno con excelente iluminación natural. - Piso 3. - Acceso con 2 ascensores modernos y escalera de emergencia. - Sala – Comedor amplia. - Cocina amplia con muebles altos y bajos, lavaplatos de acero inoxidable. - Cocina equipada: horno empotrado, encimera y campana extractora. - Lavandería con lavadero de fibra de vidrio y conexión para lavadora. - Intercomunicador. - Ventanas con protección acústica, óptimo aislamiento térmico y excelente protección contra humedad, frío y polvo. - Se entrega con luminarias y terma. ️ Distribución. - 1 dormitorio principal. - 1 dormitorio secundario. - 1 baño completo amoblado. Seguridad y Áreas Comunes. - Seguridad privada 24/7. - Zona de parrillas. - Local para reuniones. - Parqueo de bicicletas. - Ciclovías internas. Servicios y costos. - Luz y gas natural según consumo. - Mantenimiento: S/ 110 aprox. - Arbitrios según municipalidad. Precio del Alquiler. - S/ 1, 200 mensuales. - Modalidad: 1 mes de adelanto + 1 de garantía. - Contrato mínimo: 1 año. Requisitos. - Sustento de ingresos. - No estar mal reportado en centrales de riesgo. - No contar con antecedentes. Restricciones. - No mascotas. - Máximo 4 personas. Contacto directo: Cristhian Roncal – 981*293*854"|https://urbania.pe/inmueble/clasificado/alclapin-alquiler-de-departamento-en-rimac-lima-2-dormitorios-148379728?n_src=Listado&n_pills=%C3%81rea+de+lavander%C3%ADa&n_pg=1&n_pos=21|2026-03-18
urbania|departamentos|alquiler|Lima Centro|San Luis|"Av. Canadá 3800
San Luis, Lima"|S/ 1,200|1200||||"40 m² tot.
1 dorm.
1 baño"|40|1|||Cuenta con 1 dormitorio, star, cocina con reposteros, baño completo. Piso 3 citaswhassap Anali Barrantes: 9. 4. 7. 9. 0. 3. 5. 3. 3/ ikasa corretaje tiene costo|https://urbania.pe/inmueble/clasificado/alclapin-alquiler-de-departamento-en-san-luis-lima-1-dormitorio-148949741?n_src=Listado&n_pg=1&n_pos=1|2026-03-18
urbania|departamentos|alquiler|Lima Centro|San Luis|"Pasaje Algeciras 248
Javier Prado Et.4, San Luis"|S/ 1,800|1800|||200|"75 m² tot.
3 dorm.
2 baños"|75|3|2||Departamento con vista exterior al parque, cuenta con 3 dormitorios, dos baños completos, sala comedor, cocina independiente, balcon con vista al parque y muebles de melanina en las habitaciones y cocina. Ubicación centrica cerca a centros comerciales y universidades, en San Luis limite con San Borja|https://urbania.pe/inmueble/clasificado/alclappa-alquiler-de-departamento-en-javier-prado-et4-san-luis-3-dormitorios-148980134?n_src=Listado&n_pills=Cerca+a+colegios&n_pg=1&n_pos=2|2026-03-18
urbania|departamentos|alquiler|Lima Centro|San Luis|"Logroño & Jirón Gerona
San Luis, Lima"|S/ 4,200 · USD 1,200|4200|1200|||"200 m² tot.
4 dorm.
4 baños"|200|4|4||Departamento en alquiler — San Luis, Lima- Ubicación: Logroño &amp;amp; Jirón Gerona, San Luis- Edificio: 8 pisos · Antigüedad: 3 años- Área construida: 166. 00 m²- Área del terreno: No disponible- Habitaciones: 4- Baños: 4- Estacionamientos: No disponiblE- areas comunes para parrillas Y reuniones-area de gimnasio- mantenimiento 500 solesDescripción: Espacioso departamento de 166 m² con distribución práctica y confort para familia o profesionales. Cuenta con cuatro dormitorios y cuatro baños, lo que garantiza privacidad y comodidad. El edificio, con apenas 3 años, ofrece un ambiente moderno y bien conservado. Puntos fuertes: - Ambientes amplios y bien distribuidos- Ideal para quienes necesitan varios dormitorios y baños (familias, oficinas en casa) - Ubicación accesible en San Luis, cerca de servicios y vías principalesCondiciones: - Sin estacionamiento incluido- Disponible para visitas programadasInteresados: solicitar visita o más información a través del canal correspondiente. T. C. 3. 50Tipo de cambio referencial, sujeto a variación diaria por fluctuación del mercado|https://urbania.pe/inmueble/clasificado/alclapin-alquiler-de-departamento-en-san-luis-lima-4-dormitorios-149223590?n_src=Listado&n_pills=Parrilla&n_pg=1&n_pos=3|2026-03-18
urbania|departamentos|alquiler|Lima Centro|San Luis|"Diego Cristobal
San Luis, Lima"|S/ 800 · USD 238|800|238|||"20 m² tot.
1 dorm.
1 baño"|20|1|||¡Descubre tu nuevo hogar en San Luis, Lima! Te presentamos este encantador loft en segundo piso. Con un área construida de 20 m², esta habitación maximiza cada rincón. Ubicación: Vive en una zona tranquila y de fácil acceso a servicios y entretenimiento. Características: - 1 acogedora habitación en el segundo nivel, ideal para tu descanso- 1 baño completoEstacionamientos: No te preocupes por el parqueo, la zona ofrece opciones cercanas. Antigüedad: 20 Años – Un espacio con carácter y listo para empezar un nuevo capítulo contigo. Este loft es ideal para jóvenes estudiantes, profesionales o personas solas en general. No dejes pasar la oportunidad de vivir en una zona estratégica de San Luis, con acceso a comercios, parques y transporte público. ¡Te esperamos! Consultar con el Agente Inmobiliario encargado para mayor información Ver datos.|https://urbania.pe/inmueble/clasificado/alclapin-alquiler-de-departamento-en-san-luis-lima-1-dormitorio-148646947?n_src=Listado&n_pg=1&n_pos=4|2026-03-18
urbania|departamentos|alquiler|Lima Centro|San Luis|"Logroño & Jirón Gerona
San Luis, Lima"|S/ 2,800 · USD 800|2800|800|||"126 m² tot.
2 dorm.
2 baños"|126|2|2||Departamento en alquiler — San Luis (Logroño &amp;amp; Jirón Gerona) - Ubicación: Logroño &amp;amp; Jirón Gerona, San Luis, Lima- Area total de 126m2 Área construida: 82 m² 126- Piso: 1 (departamento de un solo nivel) - Habitaciones: 2- Baños: 2- Estacionamiento: No disponible- Antigüedad: 3 añosDescripción: Ambiente moderno y bien conservado, ideal para pareja o familia pequeña. Espacios bien distribuidos que ofrecen comodidad y funcionalidad: sala-comedor con buena iluminación natural y dos dormitorios con espacio suficiente. Acabados recientes gracias a su corta antigüedad (3 años). Por qué te interesa: - Área cómoda (82 m²) que permite una vida práctica y ordenada- Ubicación estratégica en San Luis, con fácil acceso a transporte y servicios cercanos- Listo para habitar, en buen estado de mantenimientoCondiciones: - Requisitos y condiciones a coordinar según políticas del propietario. - Se coordina visita previa evaluación. Si te interesa, agenda una visita y conoce el departamento en persona. T. C. 3. 50Tipo de cambio referencial, sujeto a variación diaria por fluctuación del mercado|https://urbania.pe/inmueble/clasificado/alclapin-alquiler-de-departamento-en-san-luis-lima-2-dormitorios-149223772?n_src=Listado&n_pg=1&n_pos=5|2026-03-18
urbania|departamentos|alquiler|Lima Centro|San Luis|"JR.CABO SOTO MARTINEZ 154 URB.LAS VIÑAS
La Viña, San Luis"|S/ 1,600|1600|||40|"70 m² tot.
2 dorm.
1 baño"|70|2|||Se alquila lindo Y acogedor dpto sin amoblar, de 70m2, con vista interna, 1 piso, 2 habitaciones amplia, piso laminado en dormitorios, sala comedor cocina, baño con ducha eléctrica, piso enchapado en sala - comedor - cocina. Perfecto para pareja o familia pequeña. Condiciones: 1 mes de adelanto y 2 meses de garantía, con Contrato de 1 año renovable. Direccion: Jr. Cabo Soto Martínez 154 Urb. Las Viñas, San Luis. Referencia a espalda del Parque Patiño. A 2 cuad. De la Avenida Circunvalación y 3 cuad. De la Avenida Canadá, a 1 cuad. De la Municipalidad, con acceso a la Avenida Javier Prado y la Vía de Evitamiento. Alrededores se ubican parque, colegios, iglesia, mercado y centro comerciales. Ingreso independiente. Servicio de Luz y agua con medidor independiente. Mantenimiento: 40. 00 soles por mes. Precio negociable. Contacto Srta Dona: Ver datos|https://urbania.pe/inmueble/clasificado/alclapin-alquiler-de-departamento-en-la-vina-san-luis-2-dormitorios-64137597?n_src=Listado&n_pills=Cerca+a+colegios&n_pg=1&n_pos=6|2026-03-18
urbania|departamentos|alquiler|Lima Centro|San Luis|"Av Marisal Nieto 104
San Luis, Lima"|S/ 1,650 · USD 491|1650|491|||"70 m² tot.
2 dorm.
1 baño
1 estac."|70|2||1|¡alquiler de departamento en segundo piso en San Luis! Cerca a avenidas principales y centros laborales como san Borja, santa Anita, Ate, etc. Además de contar con un parqueo disponible. Ubicación: Av. Mariscal Nieto 104, Urb. El Pino, San Luis. (Esquina con Av Circunvalación). Frente al banco bbva. Área Ocupada: 70m2 Aprox. Mensualidad: 1, 650 soles. Cochera: 100 soles (opcional) Trato: 2 meses de garantía x 1 mes de adelanto. Servicios a parte según consumo (medidor interno de luz y agua compartida) Requisitos: Tener trabajo estable y no estar en Infocorp. Contrato mínimo por un año (Renovable) Distribución: Sala Comedor. Cocina abierta con muebles altos y bajos. 2 dormitorios, uno de ellos con ropero de madera. 1 baño completo con Terma. Tendal compartido en azotea. Se permite solo una mascota pequeña. ️Todas la ventanas son anti ruido. Mayor información comunicarse al Ver datos|https://urbania.pe/inmueble/clasificado/alclapin-alquiler-de-departamento-en-san-luis-lima-2-dormitorios-145555612?n_src=Listado&n_pills=%C3%81rea+de+lavander%C3%ADa&n_pg=1&n_pos=7|2026-03-18
urbania|departamentos|alquiler|Lima Centro|San Luis|"AV SAN LUIS
San Luis, Lima"|S/ 4,392 · USD 1,200|4392|1200||800|"103 m² tot.
1 baño
1 estac."|103|||1|Linda oficina con vista a la Videna, amplios ambientes, directorio, 2 ambientes cerrados para oficinas, baño y recepción, implementado con aire centralizado, luminarias, mamparas de techo a piso para mayor iluminación natural y rollers automáticos, ubicación perfecta en San Luis, límite con San Borja frente a la Videna, cerca de avenidas principales de alto transito. Área de archivador. *Precio incluye cocheras. Vale la pena visitar. Tenemos recorrido virtual|https://urbania.pe/inmueble/clasificado/alclapin-alquiler-de-departamento-en-san-luis-lima-91154178?n_src=Listado&n_pg=1&n_pos=8|2026-03-18
