fuente|inmueble|operacion|zona|distrito|direccion|precio|soles|dolares|variacion|mantenimiento|caracteristica|area|dormitorio|baños|estacionamientos|detalle|enlace|fecha
urbania|departamentos|alquiler|Lima Sur|Chorrillos|"DARIO TORRES
Costa Sur, Chorrillos"|S/ 1,800 · USD 550|1800|550||350|"40 m² tot.
1 dorm.
1 baño
1 estac."|40|1||1|Depa smart en Alquiler en zona exclusiva. (malecon de chorrillos) Ubicación Privilegiada. descripción: Departamento de estreno smart en una de las zonas más privilegiadas de la ciudad, malecon de chorrillos. características generales: Área Total: 40 m² N° de Piso: 5. N° Habitaciones: 1 habitaciones. N° Baños: 1 baños completo. Renta Mensual: S/. 1800. 00. Estacionamiento: S/. 200. 00. en la zona: inmejorable ubicacion en el malecon!! Zona privilegiada con controles de acceso y avenidas principales como Av. Pedro de Osma, Circuito de Playas y Av. Grau. Rodeado de cafés, restaurantes, parques, supermercados y la Plaza de Barranco. Zona segura, tranquila y super residencial. extras: - Seguridad 24/7. - Area de Parrilla. - Gimnasio. - Zoom. - Edificio seguro y de pocos vecinos. excelente oportunidad!! Depa nuevo de estreno!|https://urbania.pe/inmueble/clasificado/alclapin-alquiler-de-departamento-en-costa-sur-chorrillos-1-dormitorio-148399032?n_src=Listado&n_pills=Seguridad&n_pg=1&n_pos=1|2026-02-01
urbania|departamentos|alquiler|Lima Sur|Chorrillos|"Avenida Los Faisanes 212
La Campiña, Chorrillos"|S/ 1,700 · USD 510|1700|510|||"55 m² tot.
2 dorm.
2 baños
1 estac."|55|2|2|1|"Flat de estreno | Vista externa con balcón | Gas natural Cálidda | Rooftop con zona de parrilla. Vive a pasos de Universidad Privada del Norte, cc Real Plaza y colegio Innova Schools, con salida rápida a Panamericana Sur. Departamento de estreno, con estacionamiento y depósito, con vista externa a Avenida Guardia Peruana y excelente luz natural. Edificio moderno con buenos acabados, seguridad 24/7 y rooftop con áreas comunes. 55 m² | 2 dormitorios | 2 baños | 1 estacionamiento | 1 depósito | Mantenimiento aprox. S/ 200. Distribución del inmueble: - Sala comedor bien iluminada, con balcón con vista externa a Avenida Guardia Peruana. - Cocina americana con barra de granito y muebles bajos. - Gas natural Cálidda. - Lavandería integrada, con terma y espacio para lavaseca (Cálidda). - Espacio para escritorio. - Dormitorio principal (2 plazas), closet empotrado y baño completo. - Baño de visita completo con buenos acabados, comparte la habitación secundaria. - Dormitorio secundario (1. 5 plazas) con closet empotrado. - Incluye rollers en el dormitorio principal y en la sala comedor. - Buena iluminación y ventilación natural en todos los ambientes. Áreas comunes: - Rooftop con area de bbq. - Tablero de Ajedrez gigante. - Sala Multi Usos. - Sala de coworking. - Pet zone. - Lavandería. - Kids Park. - Estacionamiento de bicicletas. - Seguridad 24/7. Entorno cercano: - A una cuadra de upn sede Chorrillos, a dos cuadras de colegio Innova Schools. - Rápida conexión a Panamericana Sur y Costa Verde. - Cerca de cc Real Plaza Guardia Civil. Características adicionales: - Edificio desarrollado por Avenir Grupo Inmobiliario. - 12 pisos | 2 Torres | 3 dptos. Por piso por torre. - 2 ascensores, 1 por cada torre. - Incluye estacionamiento y depósito. - Mantenimiento aproximadamente S/ 200."|https://urbania.pe/inmueble/clasificado/alclapin-alquiler-de-departamento-en-la-campina-chorrillos-2-dormitorios-148628146?n_src=Listado&n_pills=Guardian%C3%ADa%2FSeguridad+privada&n_pg=1&n_pos=2|2026-02-01
urbania|departamentos|alquiler|Lima Sur|Chorrillos|"CALLE OTHON GASTAÑETA
Chorrillos, Lima"|"S/ 2,108 · USD 620
7%"|2108|620|7%||"38 m² tot.
1 dorm.
1 baño"|38|1|||Loft monoambiente amoblado y equipado, ubicado en el piso 14, con espectacular vista al mar. Ambiente integrado de sala-comedor y dormitorio, cocina abierta, baño completo y balcón. Excelente iluminación natural. Ideal para persona sola o pareja, también perfecto para inversión por su alta demanda de alquiler. -Precio: us$ 620. -Área: 39 m² -Piso: 14. -Vista: Vista al mar. Ubicación: Calle Othón Gastañeta - Chorrillos xx. Edificio Arise – Dpto. 1403. Distribución: -Ambiente integrado (sala-comedor-dormitorio) -Cocina abierta. -1 baño completo. -Balcón con vista al mar. Características: -Amoblado y equipado. -Vista al mar. -Piso 14. -Edificio de estreno. Areas comunes: -Piscina. -Gym. -bbq. -Coworking|https://urbania.pe/inmueble/clasificado/alclapin-alquiler-de-departamento-en-chorrillos-lima-1-dormitorio-148508420?n_src=Listado&n_pills=Ascensor&n_pg=1&n_pos=3|2026-02-01
urbania|departamentos|alquiler|Lima Sur|Chorrillos|"Calle Othon Gastañeta - Esquina CON Malecon Costa SUR al 100
Chorrillos, Lima"|S/ 2,450|2450|||180|"45 m² tot.
1 dorm.
1 baño"|45|1|||"Departamento nuevo en alquiler – vista al mar | chorrillos límite con barranco Moderno departamento nuevo de 45 m², ubicado en una de las zonas más privilegiadas de Chorrillos, límite con Barranco, en la calle Otho Gastañeda, esquina con el Malecón Costa Sur. Vista al mar Edificio contemporáneoExcelente iluminación naturalCaracterísticas del departamento: Área: 45 m²Departamento nuevoVista directa al marDistribución funcional y modernaÁreas comunes del edificio: - Piscina- Gimnasio- Zona de parrillas- Sala de juegos- Zona de lavandería- Estacionamiento para bicicletasUbicación estratégica, cerca de Barranco, malecón, áreas verdes, restaurantes y con fácil acceso a vías principales. Ideal para quienes buscan comodidad, estilo y una vista privilegiada al mar. Agenda tu visita y vive frente al mar."|https://urbania.pe/inmueble/clasificado/alclapin-alquiler-de-departamento-en-chorrillos-lima-1-dormitorio-148819921?n_src=Listado&n_pills=Seguridad&n_pg=1&n_pos=4|2026-02-01
urbania|departamentos|alquiler|Lima Sur|Chorrillos|"Los Alarifes, Chorrillos
Chorrillos, Lima"|S/ 1,600 · USD 430|1600|430|||"70 m² tot.
2 dorm.
1 baño"|70|2|||Alquilo departamento de 2 dormitorios en piso 3 con vista a la calle. S/ 1, 600. Tiene ascensor. El departamento cuenta con 1 baño completo. Muebles altos y bajos de cocina, terma. No cuenta con estacionamiento pero existen muchísimos espacios libres al frente. Muy cerca a paraderos de bus y a la escuela militar. Mantenimiento incluye agua. Gas Calidda y electricidad se pagan aparte según recibo. solicita el video de la propiedad|https://urbania.pe/inmueble/clasificado/alclapin-alquiler-de-departamento-en-chorrillos-lima-2-dormitorios-143076441?n_src=Listado&n_pills=Ascensor&n_pg=1&n_pos=5|2026-02-01
urbania|departamentos|alquiler|Lima Sur|Chorrillos|"Avenida Los Faisanes 222
La Campiña, Chorrillos"|S/ 1,500|1500|||200|"55 m² tot.
2 dorm.
2 baños"|55|2|2||Departamento en alquiler ubicado en La Campiña, ideal para quienes buscan comodidad y seguridad. Este inmueble de 55 m² ofrece 2 recámaras y 2 baños, perfecto para una pequeña familia o profesionales. El departamento cuenta con un hall de ingreso que da la bienvenida a un espacio bien distribuido. La propiedad tiene sala, comedor y cocina integrada. En cuanto a seguridad, el departamento ofrece guardianía/seguridad privada, control de accesos y video vigilancia, brindando tranquilidad a sus residentes. Además, cuenta con servicios básicos (agua/luz) y desagüe. El edificio también incluye parque interno y sistema contra incendios con detectores de humo. La Campiña es una zona residencial tranquila con acceso a diversos servicios. Encontrarás supermercados, farmacias y centros de salud cercanos. La zona cuenta con buenas opciones de transporte público, facilitando el acceso a otras áreas de la ciudad. No dejes pasar esta oportunidad, para mayor informacion al 9. 9. 9. 2. 7. 0. 9. 1. 8.|https://urbania.pe/inmueble/clasificado/alclapin-alquiler-de-departamento-en-la-campina-chorrillos-2-dormitorios-148826639?n_src=Listado&n_pills=Guardian%C3%ADa%2FSeguridad+privada&n_pg=1&n_pos=6|2026-02-01
urbania|departamentos|alquiler|Lima Sur|Chorrillos|"Lisandro de la Puente 249 – Dpto. 302 Urb. Santa Leonor | Chorrillos
Santa Leonor, Chorrillos"|S/ 1,900|1900|||140|"60 m² tot.
2 dorm.
2 baños"|60|2|2||"Lisandro de la Puente 249 – Dpto. 302. Urb. Santa Leonor | Chorrillos. Departamento funcional, bien ubicado y en una zona segura y cerrada, ideal para quienes buscan comodidad y conectividad sin pagar de más. Negocio redondo. ⸻ Características del departamento. - Área: 60 m² - 2 habitaciones. - 2 baños completos. - Sala. - Comedor. - Cocina. - Lavandería. - 3er piso con ascensor. - 5 años de antigüedad. ⸻ Estacionamiento. - No cuenta con cochera. - Zona totalmente cerrada, con rejas y seguridad. - Se puede estacionar tranquilamente en la calle. ⸻ Ubicación estratégica. - Entre Paseo de la República y Av. Huaylas. - A media cuadra de parque. - Muy cerca de: - Plaza Lima Sur. - Metro de Huaylas. - Tottus. - Makro. - Comercios, bancos y transporte. Conectividad total. Acá el tiempo se ahorra y la calidad de vida se nota. ⸻ Condiciones. - Alquiler: S/ 1, 900. - Mantenimiento: S/ 140"|https://urbania.pe/inmueble/clasificado/alclapin-alquiler-de-departamento-en-santa-leonor-chorrillos-2-dormitorios-148718105?n_src=Listado&n_pills=Frente+a+parque&n_pg=1&n_pos=7|2026-02-01
urbania|departamentos|alquiler|Lima Sur|Chorrillos|"bajada agua dulce
Chorrillos, Lima"|S/ 3,528 · USD 980|3528|980||590|"155 m² tot.
2 dorm.
2 baños
2 estac."|155|2|2|2|Calle bajada de agua dulce cdra. 1, dpto 5 - chorrillos. A. O. 155m2. Flat, remodelado. Antigüedad: 5 años de uso. Sala comedor grande con balcón, cocina cerrada con comedor de diario, 2 dormitorios: principal con 2 walking closets y baño. Escritorio. Segundo baño y baño de visita. Sala de estar. Lavandería, cuarto y baño de servicio. Gas Natural. 2 cocheras paralelas. Se alquila sin deposito. Se vende con 1 deposito. Mantenimiento: S/. 590 soles aprox. Precio de alquiler: us$ 980 (linea blanca) * También, esta disponible en venta por 239, 000usd|https://urbania.pe/inmueble/clasificado/alclapin-alquiler-de-departamento-en-chorrillos-lima-2-dormitorios-145614686?n_src=Listado&n_pills=Guardian%C3%ADa%2FSeguridad+privada&n_pg=1&n_pos=8|2026-02-01
urbania|departamentos|alquiler|Lima Sur|Chorrillos|"Gastaneta, 135, Chorrillos
Chorrillos, Lima"|S/ 1,500|1500||||"25 m² tot.
1 dorm.
1 baño"|25|1|||{[ari506]} Gastaneta, 135, Chorrillos. ¡Vive con estilo, comodidad y en una ubicación privilegiada! Este moderno departamento te ofrece todo lo que necesitas para disfrutar de una excelente calidad de vida, en un edificio con áreas comunes exclusivas y seguridad las 24 horas. ⸻ ️ Características del Departamento monoambiente: - 1 baño completo. - Loft monoambiente acogedor y bien iluminado. - Cocina moderna, equipada con: - Cocina eléctrica. - Campana extractora. - Terma eléctrica. - Área de lavandería integrada. - Espacios de almacenamiento bien distribuidos. - Incluye luminarias instaladas. ⸻ Áreas Comunes del Edificio: Gimnasio. Parrilla. Sala de reuniones. Piscina. Lavanderia. Lobby elegante con vigilancia 24/7. ⸻ Ubicación Estratégica: Ubicado en Gastaneta, 135, Chorrillos. Rodeado de todo lo que necesitas. Fácil acceso a vías principales. ⸻ Condiciones del Alquiler: - 2 meses de garantía + 1 mes de adelanto. - Contrato mínimo de 1 año. No dejes pasar esta oportunidad de vivir con estilo, en un espacio moderno y con excelente ubicación. ¡Contáctanos para agendar tu visita! Gastaneta, 135, Chorrillos. Metraje: 25 m² Precio: S/. 1500. Mantenimiento: por confirmar. ¿Acepta mascotas?: no. Piso del departamento: 4, 5, y 7. Total de pisos del edificio: 14. Áreas comunes: Sala de reuniones, Parrilla, Lobby, Gimnasio. Cochera: No. Cocheras para visitas: No. Estado: No amoblado. Condiciones: 2 meses de garantía, 01 de adelanto a contrato mínimo de 1 año. Disponibilidad: Inmediata|https://urbania.pe/inmueble/clasificado/alclapin-alquiler-de-departamento-en-chorrillos-lima-1-dormitorio-148219759?n_src=Listado&n_pills=Ascensor&n_pg=1&n_pos=9|2026-02-01
urbania|departamentos|alquiler|Lima Sur|Chorrillos|"Calle Los Tumbos
Chorrillos, Lima"|S/ 1,200|1200||||"36 m² tot.
1 dorm.
1 baño"|36|1|||Alqulo minidepartamento. Caracteristicas: 1 dormitorio amplio (sin clóset) Kitchenette con muebles altos y bajos. Baño completo. ** Ubicado en urbanización cerrada con vigilancia permanente. Puerta a la calle. Cerca del Metropolitano, Universidad upn y Centro Comercial Lima Sur. Ideal para pareja o persona sola. **Requisitos: Sustentar ingresos. Buen historial en el sistema financiero. **Condiciones: 1x1 ( 1 de garantía y uno de adelanto) contrato mínimo 1 año. Servicios aparte (con medidor independiente) Vigilancia: S/ 20. No paga mantenimiento. No perritos. Para visitas contactar al. 9. 7. 2. 1. 7. 0. 8. 4. 1.|https://urbania.pe/inmueble/clasificado/alclapin-alquiler-de-departamento-en-chorrillos-lima-1-dormitorio-148698008?n_src=Listado&n_pills=Seguridad&n_pg=1&n_pos=10|2026-02-01
urbania|departamentos|alquiler|Lima Sur|Chorrillos|"Calle jaguares cuadra 1
Ariosto Matellini, Chorrillos"|S/ 2,300|2300||||"150 m² tot.
4 dorm.
2 baños"|150|4|2||* alquilo Amplio departamento muy bien ubicado en urb matellini a 2 cuadras de la estación matellini,, a media cuadra de un parque y 5 minutos de plaza lima sur. * zona completamente segura con vigilancia permanente. * El departamento se ubica en un edificio que tiene un departamento por piso. *Se encuentra en un tercer piso, acceso por escaleras descansadas. * 04 dormitorios amplios y ventilados. * 02 baños completos uno en el dormitorio principal. Uno de los baños con tina. * un star familiar o zona de estudio. *cocina kichened con muebles altos y bajos*, lavanderia. *sala comedor con vista a la calle. * No paga mantenimiento. -: vigilancia (35) * arbitrios. (60 soles) *recibo de luz independiente. ( contometro) *agua compartido ( se paga en función al numero de habitantes) * no tiene cochera. * Se permite una mascota pequeña. - Se requiere sustentar ingresos y estar bien en el sistema financiero. Condición: precio 2300 soles. Un Mes de adelanto y un mes de garantía. Opción de espacio para auto a 100 soles. agenda tu visita al. 9. 7. 2. 1. 7. 0. 8. 4. 1.|https://urbania.pe/inmueble/clasificado/alclapin-alquiler-de-departamento-en-ariosto-matellini-chorrillos-4-dormitorios-148140319?n_src=Listado&n_pills=%C3%81rea+de+lavander%C3%ADa&n_pg=1&n_pos=11|2026-02-01
urbania|departamentos|alquiler|Lima Sur|Chorrillos|"Parque Marqués
Chorrillos, Lima"|S/ 900|900||||"40 m² tot.
1 dorm.
1 baño
1 estac."|40|1||1|Solicita información en el 9. 3. 3. 1. 6. 3. 3. 3. 1 – Katia Delgado Diseñado para estudiantes, jóvenes o parejas que quieren su primer hogar con estilo Con 40? m² bien distribuidos en el 5to piso de un edificio de 5 pisos (no ascensor) ofrece comodidad, funcionalidad y un estilo innovador. • Cocina abierta con reposteros altos y bajos, integrada a una cálida sala-comedor. • Una amplia habitación (cama 02 plazas) con un pequeño clóset • 1 baño completo (duchas con vidrio pavonado) • Contómetro independiente de luz y agua. • Pisos cerámicos en todo el departamento. • Lavandería compartida. El edificio se ubica en la Urb. Marqués de Corpac, camino al Club Cultural Lima, a solo 15 minutos de la Av. Alameda Sur y a 25 minutos de la upc campus Villa. Zona tranquila, segura y con parque al lado. ¡Perfecta para desconectarte del caos sin alejarte de todo! • ¡Sin pago de mantenimiento! • No se aceptan mascotas. • 02 garantías y 01 adelanto Y si deseas un estacionamiento, los tenemos con S/100 adicionales ¡Agenda tu visita hoy mismo! Coordina una visita en el 9. 3. 3. 1. 6. 3. 3. 3. 1|https://urbania.pe/inmueble/clasificado/alclapin-alquiler-de-departamento-en-chorrillos-lima-1-dormitorio-147985456?n_src=Listado&n_pills=%C3%81rea+de+lavander%C3%ADa&n_pg=1&n_pos=12|2026-02-01
urbania|departamentos|alquiler|Lima Sur|Chorrillos|"LOS Poetas 381 Chorrillos
Chorrillos, Lima"|S/ 1,600 · USD 438|1600|438||180|"43 m² tot.
1 dorm.
1 baño"|43|1|||Contacto pedro naldos telefono 9. 9. 6. 5. 9. 7. 4. 4. 6 matellini chorrillos alquiler bonito departamento de 63 M2 muy bien ubicado entre las avenidas guardia republicana, prolongacion paseo de la republica Y ariosto matellini cerca al centro comercial plaza lima sur, escuela militar de chorrillos, estaciÒN del metropolitano, parques, supermercados, en cuanto al departamento buena iluminacion natural, bien ventilado, es de estreno, dormitorios con closet, baño completo con acabados de estreno, lavanderia Y espacio para lavaseca, terma A gas, cocina equipada con muebles altos, bajos Y barra, cocina A gas natural con campana extractora, griferia con mezcladora, pisos laminados en todos los ambientes menos en la cocina, servicios con medidores independientes (medidores internos de luz Y agua), gas calidda, cuentas con todass luminarias instaladas. Mantenimiento S/. 230. 00 arbitrios incluido en el alquiler no se aceptan mascotas|https://urbania.pe/inmueble/clasificado/alclapin-alquiler-de-departamento-en-chorrillos-lima-1-dormitorio-147791677?n_src=Listado&n_pills=%C3%81rea+de+lavander%C3%ADa&n_pg=1&n_pos=13|2026-02-01
urbania|departamentos|alquiler|Lima Sur|Chorrillos|"Parque Marques
Chorrillos, Lima"|S/ 900|900||||"40 m² tot.
1 dorm.
1 baño
1 estac."|40|1||1|Solicita información en el 9. 3. 3. 1. 6. 3. 3. 3. 1 – Katia Delgado Diseñado para estudiantes, jóvenes o parejas que quieren su primer hogar con estilo Con 40? m² bien distribuidos en el 5to piso de un edificio de 5 pisos (no ascensor) ofrece comodidad, funcionalidad y un estilo innovador. • Cocina abierta con reposteros altos y bajos, integrada a una cálida sala-comedor. • Una amplia habitación (cama 02 plazas) con un pequeño clóset • 1 baño completo (duchas con vidrio pavonado) • Contómetro independiente de luz y agua. • Pisos cerámicos en todo el departamento. • Lavandería compartida. El edificio se ubica en la Urb. Marqués de Corpac, camino al Club Cultural Lima, a solo 15 minutos de la Av. Alameda Sur y a 25 minutos de la upc campus Villa. Zona tranquila, segura y con parque al lado. ¡Perfecta para desconectarte del caos sin alejarte de todo! • ¡Sin pago de mantenimiento! • No se aceptan mascotas. • 02 garantías y 01 adelanto Y si deseas un estacionamiento, los tenemos con S/100 adicionales ¡Agenda tu visita hoy mismo! Coordina una visita en el 9. 3. 3. 1. 6. 3. 3. 3. 1|https://urbania.pe/inmueble/clasificado/alclapin-alquiler-de-departamento-en-chorrillos-lima-1-dormitorio-147985428?n_src=Listado&n_pills=%C3%81rea+de+lavander%C3%ADa&n_pg=1&n_pos=14|2026-02-01
urbania|departamentos|alquiler|Lima Sur|Chorrillos|"Parque Marques
Chorrillos, Lima"|S/ 900|900||||"39 m² tot.
1 dorm.
1 baño
1 estac."|39|1||1|Solicita información en el 9. 3. 3. 1. 6. 3. 3. 3. 1 – Katia Delgado Diseñado para estudiantes, jóvenes o parejas que quieren su primer hogar con estilo Con 40? m² bien distribuidos en el 5to piso de un edificio de 5 pisos (no ascensor) ofrece comodidad, funcionalidad y un estilo innovador. • Cocina abierta con reposteros altos y bajos, integrada a una cálida sala-comedor. • Una amplia habitación (cama 02 plazas) con un pequeño clóset • 1 baño completo (duchas con vidrio pavonado) • Contómetro independiente de luz y agua. • Pisos cerámicos en todo el departamento. • Lavandería compartida. El edificio se ubica en la Urb. Marqués de Corpac, camino al Club Cultural Lima, a solo 15 minutos de la Av. Alameda Sur y a 25 minutos de la upc campus Villa. Zona tranquila, segura y con parque al lado. ¡Perfecta para desconectarte del caos sin alejarte de todo! • ¡Sin pago de mantenimiento! • No se aceptan mascotas. • 02 garantías y 01 adelanto Y si deseas un estacionamiento, los tenemos con S/100 adicionales ¡Agenda tu visita hoy mismo! Coordina una visita en el 9. 3. 3. 1. 6. 3. 3. 3. 1|https://urbania.pe/inmueble/clasificado/alclapin-alquiler-de-departamento-en-chorrillos-lima-1-dormitorio-147859664?n_src=Listado&n_pills=%C3%81rea+de+lavander%C3%ADa&n_pg=1&n_pos=15|2026-02-01
urbania|departamentos|alquiler|Lima Sur|Chorrillos|"Gastaneta, 135, Chorrillos
Chorrillos, Lima"|S/ 1,500|1500||||"28 m² tot.
1 dorm.
1 baño"|28|1|||{[ari705]} Gastaneta, 135, Chorrillos. ¡Vive con estilo, comodidad y en una ubicación privilegiada! Este moderno departamento te ofrece todo lo que necesitas para disfrutar de una excelente calidad de vida, en un edificio con áreas comunes exclusivas y seguridad las 24 horas. ⸻ ️ Características del Departamento monoambiente: • 1 baño completo. • Loft monoambiente acogedor y bien iluminado. • Cocina moderna, equipada con: • Cocina eléctrica. • Campana extractora. • Terma eléctrica. • Área de lavandería integrada. • Espacios de almacenamiento bien distribuidos. • Incluye luminarias instaladas. ⸻ Áreas Comunes del Edificio: Gimnasio. Parrilla. Sala de reuniones. Piscina. Lavanderia. Lobby elegante con vigilancia 24/7. ⸻ Ubicación Estratégica: Ubicado en Gastaneta, 135, Chorrillos. Rodeado de todo lo que necesitas. Fácil acceso a vías principales. ⸻ Condiciones del Alquiler: • 2 meses de garantía + 1 mes de adelanto. • Contrato mínimo de 1 año. No dejes pasar esta oportunidad de vivir con estilo, en un espacio moderno y con excelente ubicación. ¡Contáctanos para agendar tu visita! Gastaneta, 135, Chorrillos. Metraje: 28 m² Precio: S/. 1500. Mantenimiento: S/. 140. ¿Acepta mascotas?: si. Piso del departamento: 3, 4, 5, 6, 7 y 9. Total de pisos del edificio: 14. Áreas comunes: Sala de reuniones, Parrilla, Lobby, Gimnasio. Cochera: No. Cocheras para visitas: No. Estado: No amoblado. Condiciones: 2 meses de garantía, 01 de adelanto a contrato mínimo de 1 año. Disponibilidad: Inmediata.|https://urbania.pe/inmueble/clasificado/alclapin-alquiler-de-departamento-en-chorrillos-lima-1-dormitorio-148219687?n_src=Listado&n_pills=Ascensor&n_pg=1&n_pos=16|2026-02-01
urbania|departamentos|alquiler|Lima Sur|Chorrillos|"AV. LOS Gorriones Cuadra 2
La Campiña, Chorrillos"|S/ 2,000|2000|||120|"75 m² tot.
3 dorm.
2 baños"|75|3|2||Se alquila Dpto amoblado y equipado de 3 dormitorios en Chorrillos a 2 cuadras de la estación Matellini. Dpto cuenta con gas natural, piso 4 con ascensor, 3 dormitorios, 2 baños completos, sala comedor, cocina abierta con reposteros, lavandería. El dpto ya se encuentra con línea blanca. Precio S/ 2, 000 soles. Condiciones 2 x 1. Mantenimiento 120 solesRequisitos: dni indispensable, sustento de ingresos formales y buen reporte crediticio|https://urbania.pe/inmueble/clasificado/alclapin-alquiler-de-departamento-en-la-campina-chorrillos-3-dormitorios-148820437?n_src=Listado&n_pills=%C3%81rea+de+lavander%C3%ADa&n_pg=1&n_pos=17|2026-02-01
urbania|departamentos|alquiler|Lima Sur|Chorrillos|"Malecón Grau 207
Chorrillos, Lima"|S/ 1,600|1600||||"38 m² tot.
1 dorm.
1 baño"|38|1|||{[deg803]} Malecón Grau 207, Chorrillos. ¡Vive con estilo, comodidad y en una ubicación privilegiada! Este moderno departamento te ofrece todo lo que necesitas para disfrutar de una excelente calidad de vida, en un edificio con áreas comunes exclusivas y seguridad las 24 horas. ⸻ ️ Características del Departamento: - 1 habitación con excelente iluminación natural. - 1 baño completo. - Sala-comedor acogedora y bien iluminada. - Cocina moderna con gas natural, equipada con: - Encimera. - Campana extractora. - Terma a gas. - Área de lavandería integrada. - Espacios de almacenamiento bien distribuidos. - Incluye luminarias instaladas y rollers en todas las ventanas. ⸻ Áreas Comunes del Edificio: Piscina. Coworking. Parrilla. Sala sum (eventos) Lobby elegante con vigilancia 24/7. ⸻ Ubicación Estratégica: Ubicado en Malecón Grau 207, Chorrillos. Rodeado de todo lo que necesitas: ️ Centros comerciales. Clínicas y hospitales. Universidades. Restaurantes y cafés. Supermercados. Fácil acceso a vías principales. ⸻ Condiciones del Alquiler: - 2 meses de garantía + 1 mes de adelanto. - Contrato mínimo de 1 año. No dejes pasar esta oportunidad de vivir con estilo, en un espacio moderno y con excelente ubicación. ¡Contáctanos para agendar tu visita! Malecón Grau 207, Chorrillos. Metraje: 38. 79m² Precio: S/. 1600. Mantenimiento: S/. ¿Acepta mascotas?: no. Piso del departamento: 8. Total de pisos del edificio: 12. Áreas comunes: Sala de reuniones, Parrilla, Piscina, Coworking, Lobby. Cochera: No. Cocheras para visitas: No. Estado: No amoblado. Condiciones: 2 meses de garantía, 01 de adelanto a contrato mínimo de 1 año. Disponibilidad: Inmediata.|https://urbania.pe/inmueble/clasificado/alclapin-alquiler-de-departamento-en-chorrillos-lima-1-dormitorio-148728325?n_src=Listado&n_pills=Ascensor&n_pg=1&n_pos=18|2026-02-01
urbania|departamentos|alquiler|Lima Sur|Chorrillos|"Malecon Chorrillos
Chorrillos, Chorrillos"|S/ 1,550|1550|||220|"28 m² tot.
1 dorm.
1 baño"|28|1|||Alquilo Monoambiente de Estreno en Malecón de Chorrillos ( sin amoblar) ideal para persona sola. Ubicado frente al Colegio Pedro Ruiz Gallo, condominio cerrado, en pleno malecon de chorrillos., este mono ambiente de 28m² piso 14vista a calle* Encimera eléctrica* Campana extractora* Terma* Edificio con Áreas comunes que incluyen piscina, gimnasio, parrilla, coworking. Precio: S/. 1, 550 + S/. 220 de mantenimiento. ¡Ideal para quienes buscan comodidad y tranquilidad! Contáctame para más información o para agendar una visita9. 8. 7. 8. 1. 6. 5. 9. 9se solicita boleta de pago y buen record crediticio.|https://urbania.pe/inmueble/clasificado/alclapin-alquiler-de-departamento-en-chorrillos-chorrillos-1-dormitorio-148503879?n_src=Listado&n_pills=Ascensor&n_pg=1&n_pos=19|2026-02-01
urbania|departamentos|alquiler|Lima Sur|Chorrillos|"Av. Chorrillos 150
Chorrillos, Lima"|S/ 1,800 · USD 527|1800|527||200|"45 m² tot.
1 dorm.
1 baño"|45|1|||"Amoblado – Límite Barranco/Chorrillos – S/ 1, 850. 45 m² | Vista externa | De estreno | Full amoblado. Características del departamento. Sala–comedor iluminada con vista a la calle. Persianas White Lux, pisos laminados, sofá cama y aparador con botellero. Cama queen size, veladores y clóset amplio de piso a techo. Kitchenette moderno: reposteros altos/bajos, mesa de granito, horno, encimera, campana y refrigeradora. Baño completo de estreno con terma a gas de 50 L y ducha con mamparas. Depósito pequeño para artículos de limpieza. Lavandería con lava-seca, tendal y terma. Gas natural listo para conectar. Áreas comunes. Terraza con vista panorámica a la Costa Verde. Zona de parrillas. Sala de reuniones. Lobby moderno. Seguridad 24/7 y cámaras. Ubicación estratégica. A 5 cuadras de la Plaza de Barranco. Cerca a Mass, panaderías, tiendas, Central, avenidas principales y parques. Ciclovía pasa frente al edificio. Frente a Clínica Maison de Santé del Sur. Condiciones. S/ 1, 850 mensuales. Edificio moderno con 2 ascensores. Luz y agua independientes. Incluye pago de arbitrios. 2x1 (2 garantía + 1 adelanto) No mascotas. Sin cochera. Contacto. Maritza Valencia – Ver datos"|https://urbania.pe/inmueble/clasificado/alclapin-alquiler-de-departamento-en-chorrillos-lima-1-dormitorio-148198738?n_src=Listado&n_pills=Parrilla&n_pg=1&n_pos=20|2026-02-01
urbania|departamentos|alquiler|Lima Sur|Chorrillos|"Calle Daniel Urrea Chorrillos
Chorrillos, Lima"|S/ 2,350 · USD 700|2350|700||200|"43 m² tot.
1 dorm.
1 baño"|43|1|||Mini departamento amoblado, con vista espectacular al mar – Ideal para 1 o 2 personas. Acogedor mini departamento de 43 m², perfectamente distribuido y listo para mudarse. Cuenta con sala integrada al dormitorio, creando un ambiente cómodo y funcional, con salida a una pequeña terraza con balcón y una hermosa vista al mar, ideal para disfrutar de la brisa y los atardeceres. La cocina abierta está totalmente equipada con todo lo necesario para una estadía confortable: refrigeradora, cocina, horno convencional, microondas, lavadora, arrocera, tostadora, licuadora, hervidor eléctrico, además de vajilla completa (platos, vasos, cubiertos), pensada para máximo dos personas. Ideal para una persona sola o una pareja que busca comodidad, buena ubicación y una vista privilegiada. No cuenta con cochera, sin embargo, la zona es segura, con cámaras de vigilancia, y existe facilidad para estacionar en el malecón o en la misma cuadra, según disponibilidad. Una excelente opción para quienes desean vivir cerca al mar en un espacio práctico, bien equipado y con encanto. Contáctanos para más información o para coordinar una visita, al Ver datos|https://urbania.pe/inmueble/clasificado/alclapin-alquiler-de-departamento-en-chorrillos-lima-1-dormitorio-148672556?n_src=Listado&n_pg=1&n_pos=21|2026-02-01
urbania|departamentos|alquiler|Lima Sur|Chorrillos|"Santa Leonor Matellini
Chorrillos, Lima"|S/ 1,800|1800|||550|"60 m² tot.
2 dorm.
2 baños"|60|2|2||Departamento en alquiler de estreno, cocina equipada, con campana, plancha de 4 hotnillas y horno, ubicada en la Urbanización Santa Leonor, Matellini. El inmueble destaca por su excelente distribución, y una ubicación privilegiada con acceso inmediato a servicios y transporte. Características Principales: Área Social: sala-comedor cuenta con ventilación óptima. Cocina Equipada: Estilo moderno con reposteros altos y bajos, equipada con plancha de cocina a gas, y horno. Cuenta con grifería monocomando de alta calidad. Zona de Servicio: Área de lavandería independiente. El departamento se encuentra en un edificio de solo 7 unidades, lo que garantiza tranquilidad y privacidad. Ubicación y Entorno: Seguridad: Situado en una urbanización cerrada y segura. Conectividad: A pocos metros de la Estación Matellini del Metropolitano y con excelentes vías de conexión vehicular. Servicios: Frente al Centro Comercial Lima Plaza Sur, cercano a supermercados (Tottus, Metro), restaurantes, colegios y parques. Esta propiedad es ideal para quienes buscan comodidad, seguridad y una ubicación estratégica que facilite el desplazamiento. Modalidad de Alquiler: Mínimo un año de alquiler 2 meses de garantía y 1 de adelanto. Precio en soles|https://urbania.pe/inmueble/clasificado/alclapin-alquiler-de-departamento-en-chorrillos-lima-2-dormitorios-148789619?n_src=Listado&n_pills=%C3%81rea+de+lavander%C3%ADa&n_pg=1&n_pos=22|2026-02-01
urbania|departamentos|alquiler|Lima Sur|Chorrillos|"Gastaneta, 15063, Chorrillos, Lima, Perú
Chorrillos, Lima"|S/ 1,500|1500||||"25 m² tot.
1 dorm.
1 baño"|25|1|||{[ari706]} Gastaneta, Ver datos, Chorrillos, Lima, Perú Metraje: 25 m². Precio: S/ 1500. Acepta mascotas: si. Piso: 7. Cocheras: no. Areas Comunes: Parilla, Gimnacio, Coworking, Piscina, Lavandería, Sala sum, sala bar, área de yoga. Estado: Estreno, Amplio y luminoso. Disponibilidad: Inmediata. Condiciones: 2 meses de garantía + 1 mes de adelanto. Contato mínimo 1 año. Contacto: Ver datos. ¡Vive con estilo, comodidad y en una ubicación privilegiada! Este moderno departamento te ofrece todo lo que necesitas para disfrutar de una excelente calidad de vida, en un edificio con áreas comunes exclusivas y seguridad las 24 horas. ⸻ ️ Características del Departamento: • Monoambiente con excelente iluminación natural. • 1 baños. • Sala-comedor acogedora y bien iluminada. • Cocina. • Encimera. • Área de lavandería integrada. • Espacios de almacenamiento bien distribuidos. • Incluye luminarias instaladas. Ubicación Estratégica: Gastaneta, Ver datos, Chorrillos, Lima, Perú ️ Centros comerciales. Clínicas y hospitales. Universidades. Restaurantes y cafés. Supermercados. Fácil acceso a vías principales. ⸻ Condiciones del Alquiler: • 2 meses de garantía + 1 mes de adelanto. • Contrato mínimo de 1 año. No dejes pasar esta oportunidad de vivir con estilo, en un espacio moderno y con excelente ubicación. ¡Contáctanos para agendar tu visita!|https://urbania.pe/inmueble/clasificado/alclapin-alquiler-de-departamento-en-chorrillos-lima-1-dormitorio-148301561?n_src=Listado&n_pills=Guardian%C3%ADa%2FSeguridad+privada&n_pg=1&n_pos=23|2026-02-01
urbania|departamentos|alquiler|Lima Sur|Chorrillos|"LOS TUMBOS 177
Ariosto Matellini, Chorrillos"|S/ 1,900|1900|||70|"82 m² tot.
2 dorm.
2 baños"|82|2|2||Se alquila amplio departamento de estreno con excelente distribucion, iluminacion Y ventilacion, en urbanizacion matellini - chorrilos, ubicado en calle capironas 490 – 1er piso, dpto 102 -esquina con calle los tumbos, urb. Matellini, urb. Cerrada con rejas y con vigilancia, referencia espalda del cruce de la av. Matellini Y av. Guardia peruana, A 2 cuadras de estación de metropolitano - matellini -chorrillos. 1. -mensualidad S/. 1, 900. 00 soles, amplio departamento de 82 M2 con 02 dormitorios, 02 baños, sala comedor, cocina, patio - tendal. Cuenta con gas natural calidda para cocina Y therma, tambien se entrega con cocina encimera sole Y therma sole. cuenta con medidor de agua, luz Y gas natural calidda independiente. Informes: juan carlos valdez. Teléfono: Ver datos|https://urbania.pe/inmueble/clasificado/alclapin-alquiler-de-departamento-en-ariosto-matellini-chorrillos-2-dormitorios-148821798?n_src=Listado&n_pills=Cerca+a+colegios&n_pg=1&n_pos=24|2026-02-01
urbania|departamentos|alquiler|Lima Sur|Chorrillos|"Calle las Capironas 490
Ariosto Matellini, Chorrillos"|S/ 1,950|1950|||70|"92 m² tot.
2 dorm.
2 baños"|92|2|2||Amplio departamento de estreno en alquiler con excelente distribucion, iluminacion Y ventilacion, en urbanizacion matellini - chorrilos, ubicado en calle capironas 490 – 1er piso -esquina con calle los tumbos, urb. Matellini, urb. Cerrada con rejas y con vigilancia, referencia espalda del cruce de la av. Matellini Y av. Guardia peruana, A 2 cuadras de estación de metropolitano - matellini -chorrillos. 1. -mensualidad S/. 1, 950. 00 soles, amplio departamento de 92 M2 con 02 dormitorios, 02 baños, sala comedor, cocina, patio - tendal y terraza. Cuenta con gas natural calidda para cocina Y therma, tambien se entrega con cocina encimera sole Y therma sole. cuenta con medidor de agua, luz Y gas natural calidda independiente. Informes: juan carlos valdez. Teléfono: Ver datos|https://urbania.pe/inmueble/clasificado/alclapin-alquiler-de-departamento-en-ariosto-matellini-chorrillos-2-dormitorios-148821758?n_src=Listado&n_pills=Cerca+a+colegios&n_pg=1&n_pos=25|2026-02-01
urbania|departamentos|alquiler|Lima Sur|Chorrillos|"Gastañeta
Chorrillos, Chorrillos"|S/ 1,500|1500|||200|"25 m² tot.
1 dorm.
1 baño"|25|1|||Alquila un cómodo y luminoso monoambiente de estreno en un edificio moderno y exclusivo. Disfruta de excelentes áreas comunes: piscina, gimnasio equipado, zona de coworking, lavandería y zona de parrilla. Ubicación práctica, seguridad 24/7 y un ambiente ideal para vivir con estilo y comodidad. Características del departamento: . 1 baño completo.. Excelente iluminación.. Vista privilegiada.. Cocina moderna ( Cocina eléctrica y campana extractora) . Luminarias modernas instaladas.. Rollers.. Lavandería Integrada. Áreas comunes: . Piscina.. Zona de lavandería.. Gimnasio.. Zona de parrilla.. Coworking.. Lobby elegante con recepción 24/7. Ubicación: Gastañeta 135, chorrillos. Edificio frente al mar, excelente vista, zona privada de fácil acceso a vías principales. Ubicación privilegiada. Condiciones para alquiler: . 2 meses de garantía.. 1 mes de adelanto.. Contrato mínimo de 1 año. Aprovecha esta oportunidad para vivir en una zona moderna, en un departamento de estreno y en un lugar seguro. ¡Contáctanos, estamos listos para ayudarte! Alquiler directo al dueño.|https://urbania.pe/inmueble/clasificado/alclapin-alquiler-de-departamento-en-chorrillos-chorrillos-1-dormitorio-148259412?n_src=Listado&n_pills=Guardian%C3%ADa%2FSeguridad+privada&n_pg=1&n_pos=26|2026-02-01
urbania|departamentos|alquiler|Lima Sur|Chorrillos|"Jirón Andres Segovia 244
Chorrillos, Lima"|S/ 2,650 · USD 800|2650|800||1|"110 m² tot.
3 dorm.
2 baños"|110|3|2||Departamento en alquiler de estreno, ubicada en la Urbanización Santa Leonor, Matellini. El inmueble destaca por su excelente distribución, iluminación natural y una ubicación privilegiada con acceso inmediato a servicios y transporte. Características Principales: Área Social: Amplia sala-comedor con mamparas de piso a techo y de pared a pared que integran el espacio con un generoso balcón exterior, garantizando ventilación óptima. Cocina Equipada: Estilo moderno con reposteros altos y bajos, equipada con plancha de cocina a gas, refrigeradora y horno. Cuenta con grifería monocomando de alta calidad. Zona de Servicio: Área de lavandería independiente que incluye habitación y baño de servicio. El departamento se encuentra en un edificio de solo 7 unidades, lo que garantiza tranquilidad y privacidad. Ubicación y Entorno: Seguridad: Situado en una urbanización cerrada y segura. Conectividad: A pocos metros de la Estación Matellini del Metropolitano y con excelentes vías de conexión vehicular. Servicios: Frente al Centro Comercial Lima Plaza Sur, cercano a supermercados (Tottus, Metro), restaurantes, colegios y parques. Esta propiedad es ideal para quienes buscan comodidad, seguridad y una ubicación estratégica que facilite el desplazamiento. Modalidad de Alquiler: Mínimo un año de alquiler 2 meses de garantía y 1 de adelanto. Precio en soles|https://urbania.pe/inmueble/clasificado/alclapin-alquiler-de-departamento-en-chorrillos-lima-3-dormitorios-148772164?n_src=Listado&n_pills=%C3%81rea+de+lavander%C3%ADa&n_pg=1&n_pos=27|2026-02-01
urbania|departamentos|alquiler|Lima Sur|Chorrillos|"Malecón Costa sur
Costa Sur, Chorrillos"|S/ 2,200 · USD 630|2200|630||220|"38 m² tot.
1 dorm.
1 baño
1 estac."|38|1||1|Se alquila stylish apartament moderno de estreno loft full amoblado, en la zona mas exclusiva Y segura, rodeada de playas, restaurantes, clubres privados Y espacios culturales en lima,, la propiedad esta lista par vivir. Distribucion: 1 dormitorio con cama queen. sala comedor, terraza con una gran vista, cocina americana abierta, 1 dormitorio principal con closeths, 1 baños completo, zona de lavanderia con lavaseca. terraza Y closeths. 1 dormitorio con cama queen, closeths, sala de estar, con cochera. el edificio cuenta con: lobby ( seguridad 24 hrs los 365 dias) terraza & bbq. zona de reuniones. piscina. zona de gym Y fitness. central garden. sala bar. bike parking. mirador hacia el mar. se encuentra en una zona estratégica de barranco Y de muchos servicios, centros comerciales, cerca del malecon paul harris Y del puente de la paz que une barranco Y miraflores. saliendo del departamento A pocos minutos encontraras: restaurantes, cafeterias, , centros comercial larcomar, panaderias, salones de belleza, con buena conexion en la ciudad. cualquier consulta adicional no dude comunicarse conmigo, renta: us$ 630 O S/. 2, 200 1 X 2 de garantia. mantenimiento S/. 220 incluye agua. gastronomia: punta arenas restaurante, restaurant paharos, el hronero, el huarique de los cuchitos, el marati, la bodega verde, restaurante la 73, sofa cafe, delifrance, la linterna, la cuadra de salvador, starbucks, central, cultura: universidad privada de ciencias aplicadas upc, universidad privada san juan bautista, universidad privada peruano alemana, universidad privada del norte, universidad utec, mac, terpicore escuela de danza moderna, galeria lucia D ela puente, mueseo pedro de osma, museo mate, dedalo. servicios: cc plaza vea, mass, oxxo, cc metro, clinica de maison de sante del sur. entretenimiento: lima marina club, club regatas lima, circulo militar, playa agua dulce, playa las sombrillas, playa de regatas lima, ko urban detox center, smart fit gym, club de tennis de barranco, estadio galvez chipoco, hotel B, bancos: bbva, scotiabank, bcp E interbank. Informes al. Telf: Ver datos. Atte. Manuel Valdivia|https://urbania.pe/inmueble/clasificado/alclapin-alquiler-de-departamento-en-costa-sur-chorrillos-1-dormitorio-59532250?n_src=Listado&n_pills=Parrilla&n_pg=1&n_pos=28|2026-02-01
urbania|departamentos|alquiler|Lima Sur|Chorrillos|"Jirón Andrómeda 830
La Campiña, Chorrillos"|S/ 1,900|1900|||250|"67 m² tot.
3 dorm.
2 baños
1 estac."|67|3|2|1|Alquiler de departamento 03 dormitorios - chorrillos. ¡Experimenta el Lujo y la Comodidad en el Corazón de Chorrillos! Bienvenido al hogar de tus sueños en el Departamento en alquiler de 03 dormitorios en Chorrillos. Este impresionante oasis urbano combina el lujo contemporáneo con una ubicación privilegiada, ofreciéndote una experiencia de vida incomparable en un condominio vigilados las 24 horas del día. Características del departamento: Descubre la elegancia y la funcionalidad en cada rincón de este espacioso departamento de 67 m2. Desde la sala comedor, hasta los acabados de alta gama en cada habitación, cada detalle ha sido cuidadosamente diseñado para elevar tu estilo de vida. El departamento cuenta con la siguiente distribución: * Amplia sala con perfecta iluminación y conexión al balcón. * Cocina cerrada, con muebles altos y bajos. * Área de Lavandería. * 03 dormitorios con closets. * 02 baños completos, con espejos. * Balcón con vista a la piscina y áreas verdes. * Ventanas de piso a techo, con cortinas claras. * Detalles finos y elegantes en cada espacio que brindan total confort. Un Paraíso de Amenidades: Disfruta de un sinfín de comodidades exclusivas, desde relajarte en la terraza bbq hasta mantener tu cuerpo en forma en el gimnasio de última generación. Sumérgete en la piscina o simplemente pasea por las exuberantes áreas verdes; entre otras amenidades que harán que tu convivencia sea única. Todo es un sólo lugar. Ubicación Privilegiada: Situado en el corazón de Chorrillos, este departamento te coloca en el epicentro de la acción. Con acceso rápido a centros comerciales, colegios prestigiosos y una variedad de opciones gastronómicas, ¡nunca te faltará nada! Precio de alquiler: S/1, 900. mentenimiento promedio: S/250 incluye agua. Pagos adicionales: luz, gas calidda Y arbitrios. Piso 5 con 3 ascensores. * cochera adicional: S/300. 00. * un estacionamiento gratuito para bicicleta. * no se aceptan mascotas. no te faltará espacio para nada ¡disfrutarás de una vida sin preocupaciones! ¡No dejes que esta oportunidad única pase! Contáctanos hoy mismo para reservar tu visita y dar el primer paso hacia una vida de lujo y confort en Chorrillos. ¡Tu hogar de ensueño te espera!|https://urbania.pe/inmueble/clasificado/alclapin-alquiler-de-departamento-en-la-campina-chorrillos-3-dormitorios-148825641?n_src=Listado&n_pills=Guardian%C3%ADa%2FSeguridad+privada&n_pg=1&n_pos=29|2026-02-01
urbania|departamentos|alquiler|Lima Sur|Chorrillos|"Isla Hormigas Mz G1 Lote 35
Los Cedros De Villa Etapa Iii, Chorrillos"|S/ 2,700|2700||||"130 m² tot.
3 dorm.
2 baños
1 estac."|130|3|2|1|Vive con estilo y comodidad en la mejor zona de Los Cedros. Ubicado estratégicamente a solo unas cuadras de la upc sede Villa, este departamento de estreno en 3er piso es ideal para quienes buscan un hogar moderno, seguro y con acabados de alta gama. Acabados que marcan la diferencia: • Cocina Gourmet amoblada: Mesas de piedra sinterizada (máxima higiene y elegancia) y muebles de melamine. Cuenta con instalación de gas natural (Calidda) para cocina y terma. ¡Ahorro mensual garantizado! • Baño con acabados de lujo, revestido en porcelanato español. Ducha con mampara de vidrio templado, nicho integrado con led y grifería moderna. Lavabo sobrepuesto y espejo con iluminación led, además de sanitarios de diseño contemporáneo y excelente calidad. • Tecnología y Confort: Luminarias con conexión Bluetooth en dormitorios para personalizar tu ambiente. Intercomunicador con sistema de video portero. • Calidad Europea: Pisos de porcelanato español. • Vistas Privilegiadas: Doble frente. Disfruta de la vista a la calle desde el balcón y la relajante vista al parque desde la parte posterior. Distribución y Espacios: • Dormitorio Principal: Con amplio clóset moderno y baño privado incorporado. • 2 Dormitorios Secundarios: Ideales para familia, cuarto de estudio o biblioteca. • Sala-Comedor: Espaciosa, con mamparas tipo europeo de piso a techo que conectan al balcón, brindando excelente ventilación e iluminación. • Lavandería: Espacio integrado y funcional. Ubicación Imbatible: • Zona Educativa: A minutos caminando de la upc Villa y colegios. • Entorno: Rodeado de parques, cerca de centros comerciales (Mega Paza Villa, Plaza Vea), gimnasios (SmartFit, Neo Fitness) y más. Con acceso rápido a la Av. Alameda Sur. • Seguridad: Calle con servicio de vigilancia las 24 horas. Condiciones: • Pet friendly: Se aceptan mascotas. • Requisitos: Sustento de ingresos mediante boletas de pago (dependientes o independientes). Evaluación previa del inquilino.|https://urbania.pe/inmueble/clasificado/alclappa-alquiler-de-departamento-en-los-cedros-de-villa-etapa-iii-chorrillos-3-dormitorios-148618575?n_src=Listado&n_pills=Parrilla&n_pg=1&n_pos=30|2026-02-01
urbania|departamentos|alquiler|Lima Sur|Chorrillos|"Av. Los Faisanes 343
La Campiña, Chorrillos"|S/ 1,600|1600|||160|"80 m² tot.
1 dorm.
1 baño"|80|1|||Bienvenido al lugar donde la comodidad, el diseño moderno y una excelente ubicación convergen. Este atractivo departamento nuevo de 1 dormitorio en el primer piso ofrece todo lo que necesitas para vivir con plenitud en una de las zonas más prácticas y conectadas de Chorrillos. Distribución inteligente Y detalles de alta gama. Con una superficie de 80 m² en primer piso, este hogar presenta una cálida sala-comedor, la cocina estilo americana, con muebles altos y bajos, brindando funcionalidad sin sacrificar el estilo. El dormitorio incluye Wolking - clóset y baño completo, diseñado para brindar confort y armonía. Y una amplia terraza con 40 m² para disfrutar cada día del confort, la amplitud y la exclusividad que mereces. Espacios comunes que enamoran. Vivir aquí es disfrutar de un club privado en casa: áreas de parrilla, gimnasio completamente equipado, coworking, salón de usos múltiples (sum), y una acogedora sala de juegos para niños. Además, el edificio cuenta con ascensor, área de lavandería común y seguridad las 24 horas. Ubicación Estratégica con Todo Cerca. Ubicado en la Avenida de Los Faisanes, Urbanización La Campiña, este departamento te sitúa a minutos de la Av. Defensores del Morro, Guardia Civil y rutas del Corredor Azul. A su alrededor encontrarás supermercados, colegios, parques, bancos y el Mall del Sur. ¡Una zona que lo tiene todo! Datos Clave: - precio de alquiler: S/1, 600 + Servicios según su consumo. - Mantenimiento: S/160 (incluye agua) - Piso 1. - Vigilancia 24/7. -2 de garantía y 1 de adelanto. - 1 año de contrato mínimo. ¡Hazlo tuyo! Agenda tu visita y prepárate para vivir en un espacio que equilibra lujo, funcionalidad y una ubicación inmejorable. Este podría ser el comienzo del nuevo capítulo que estabas esperando.|https://urbania.pe/inmueble/clasificado/alclapin-alquiler-de-departamento-en-la-campina-chorrillos-1-dormitorio-148673742?n_src=Listado&n_pills=%C3%81rea+de+lavander%C3%ADa&n_pg=2&n_pos=1|2026-02-01
urbania|departamentos|alquiler|Lima Sur|Chorrillos|"La Haina 100
Los Cedros De Villa, Chorrillos"|S/ 900|900||||"30 m² tot.
1 dorm.
1 baño"|30|1|||Mini departamento frente a parque con vigilancia. No es casa de familia. Buena ubicación, cerca a la upc campus Villa, centros comerciales, mercados, farmacias, colegios. Facilidades de transporte público. Puede ser amoblado y equipado, precio adicional depende de requerimientos. Consumo de luz y agua no incluidos en el precio. Precio: 900 soles. Condiciones 1 x 1. Plazo mínimo de alquiler: 6 meses. No fumadores, no mascotas. Disponible Inmediatamente. Interesados enviar WhatsApp al Ver datos|https://urbania.pe/inmueble/clasificado/alclapin-alquiler-de-departamento-en-los-cedros-de-villa-chorrillos-1-dormitorio-145033401?n_src=Listado&n_pills=Frente+a+parque&n_pg=2&n_pos=2|2026-02-01
urbania|departamentos|alquiler|Lima Sur|Chorrillos|"Calle las Capironas 490
Ariosto Matellini Et.1, Chorrillos"|S/ 1,900|1900|||70|"82 m² tot.
2 dorm.
2 baños"|82|2|2||Amplio departamento de estreno en alquiler con excelente distribucion, iluminacion Y ventilacion, en urbanizacion matellini - chorrilos, ubicado en calle capironas 490 – 1er piso -esquina con calle los tumbos, urb. Matellini, urb. Cerrada con rejas y con vigilancia, referencia espalda del cruce de la av. Matellini Y av. Guardia peruana, A 2 cuadras de estación de metropolitano - matellini -chorrillos. 1. -mensualidad S/. 1, 900. 00 soles, amplio departamento de 82 M2 con 02 dormitorios, 02 baños, sala comedor, cocina, patio - tendal. Cuenta con gas natural calidda para cocina Y therma, tambien se entrega con cocina encimera sole Y therma sole. cuenta con medidor de agua, luz Y gas natural calidda independiente. Informes: juan carlos valdez. Teléfono: Ver datos|https://urbania.pe/inmueble/clasificado/alclapin-alquiler-de-departamento-en-ariosto-matellini-et1-chorrillos-2-dormitorios-148821782?n_src=Listado&n_pills=Cerca+a+colegios&n_pg=2&n_pos=3|2026-02-01
urbania|departamentos|alquiler|Lima Sur|Chorrillos|"Avenida Andromeda
Chorrillos, Lima"|S/ 3,500 · USD 1,000|3500|1000||100|"90 m² tot.
3 dorm.
2 baños
1 estac."|90|3|2|1|Alquilo Departamento amoblado 3 Habitaciones, 2 Baños. Las Torres de Matellini - Chorrillos. Hermoso Departamento Amoblado de 90 m², en el Piso 2 de un moderno edificio sin ascensores, seguridad 24hrs y Salón de Reuniones. Ubicado en Condominio Las Torres de Matellini, cerca a la upc, Universidad San Juan Bautista, Colegios, Plaza Lima Sur, Supermercados, etc. Cuenta con: -03 Habitaciones (habitación principal con baño incluido). -01 Baño independiente. -01 Sala Comedor. -01 Cocina Cerrada. -01 Área de Lavandería. -Therma de 50 Litros. Alquiler: S/ 3, 500 soles. 1 Estacionamiento. Condiciones 2x1. Mantenimiento S/ 100 soles (incluye agua). Aparte servicio Luz y arbitrios. Contrato 1 Año. Requisitos: Sustentos de ingresos. Excelente historial crediticio/financiero. separa tu visita ya!|https://urbania.pe/inmueble/clasificado/alclapin-alquiler-de-departamento-en-chorrillos-lima-3-dormitorios-148676481?n_src=Listado&n_pills=Amoblado&n_pg=2&n_pos=4|2026-02-01
urbania|departamentos|alquiler|Lima Sur|Chorrillos|"Malecon Costa sur
Costa Sur, Chorrillos"|S/ 6,560 · USD 1,750|6560|1750||600|"189 m² tot.
3 dorm.
3 baños
1 estac."|189|3|3|1|Alquilo departamento amoblado en exclusivo edificio ubicado en el Malecón Costa Sur-Chorrillos. Departamento de 189 metros cuadrados con vista espectacular al mar, frente a parque, (referencia: Villa militar, calle cerrada con vigilancia 24 hr) Al ingresar nos encontramos con una muy amplia sala comedor que conecta con un balcón que permite gozar de una vista hermosa frente al mar además de tener un parque al frente al departamento. Cocina remodelada con reposteros altos y bajos, estilo americana abierta, con hermosos acabados. Comedor. Baño de visita. 2 dormitorios comparten un baño completo. Sala de estar. Dormitorio principal con vista al mar, super amplio con closets y baño completo. Area de lavanderia y area de servicio con baño y cuarto completo. 1 cochera en sótano. Ascensor. Recepción 24 horas. Amoblado y equipado. No mascotas. Disponible a partir de Enero. Excelente ubicación, super seguro y residencial, a pocos minutos de barranco. Coordina una visita conmigo Ver datos Mirella Lòpez|https://urbania.pe/inmueble/clasificado/alclapin-alquiler-de-departamento-en-costa-sur-chorrillos-3-dormitorios-144349444?n_src=Listado&n_pills=%C3%81rea+de+lavander%C3%ADa&n_pg=2&n_pos=5|2026-02-01
urbania|departamentos|alquiler|Lima Sur|Chorrillos|"Nueva Esparta
Chorrillos, Chorrillos"|S/ 1,650|1650|||150|"90 m² tot.
3 dorm.
3 baños"|90|3|3||"Alquiler Departamento en Chorrillos S/ 1, 650. Departamento Bien Cuidado - Cedros de Villa. No contactar corredores de bienes raices por favor!. Departamento en los Cedros de villa, frente a la Encantada de 3 habitaciones y balcon. (Tercer piso) Muy cerca a la parada del Metropolitano y salida a la Panamericana Sur. Ponerse en contacto al whatsapp. El departamento esta al lado de la porteria para su propia seguridad. Área de terreno: 90m2. Área construida: 85 m2. Alquiler S/. 1650 2X1 + Mantenimiento. Cocina amplia, reposteros altos y bajos, tableros, amplia sala comedor con balcon y vista al parque. Dormitorio principal con baño incorporado, y walking closet, 2 habitaciones secundarias baño amplio que comparte las dos habitaciones Lavandería con cano y bano adicional. (Todos los bano tienen ducha) Requisitos: - Empleado dependiente /Independiente. - Dos últimas boletas de pago (Dependiente) - Ultima Declaración del Impuesto a la Renta. (Independiente) - Un anio de Antiguedad Laboral. - Buen record Crediticio en Infocorp ** - Maximo 4 habitantes. Nota: No se aceptarán solicitudes con Record Crediticio´con condicion de ""Riesgo"" ** +escribir Whatsapp +4-9-1-6-2-5-9-1-5-1-7-5"|https://urbania.pe/inmueble/clasificado/alclappa-alquiler-de-departamento-en-chorrillos-chorrillos-3-dormitorios-148709061?n_src=Listado&n_pills=%C3%81rea+de+lavander%C3%ADa&n_pg=2&n_pos=6|2026-02-01
urbania|departamentos|alquiler|Lima Sur|Chorrillos|"Jirón Andrómeda 830
Chorrillos, Lima"|"S/ 1,800
5%"|1800||5%|250|"67 m² tot.
3 dorm.
3 baños
1 estac."|67|3|3|1|¡Experimenta el Lujo y la Comodidad en el Corazón de Chorrillos! Bienvenido al hogar de tus sueños en el Departamento de Semi estreno en alquiler de 03 dormitorios en Chorrillos. Este impresionante oasis urbano combina el lujo contemporáneo con una ubicación privilegiada, ofreciéndote una experiencia de vida incomparable en un condominio vigilados las 24 horas del día. Características del departamento: Descubre la elegancia y la funcionalidad en cada rincón de este espacioso departamento de 67 m2. Desde la sala comedor, hasta los acabados de alta gama en cada habitación, cada detalle ha sido cuidadosamente diseñado para elevar tu estilo de vida. El departamento cuenta con la siguiente distribución: * Amplia sala con perfecta iluminación vista exterior. * Cocina cerrada, con reposteros superiores e inferiores. * Lavandería, terma a gas. * 03 dormitorios con closets. * 02 baños completos. * Detalles finos y elegantes en cada espacio que brindan total confort. Un Paraíso de Amenidades: Disfruta de un sinfín de comodidades exclusivas, desde relajarte en la terraza bbq hasta mantener tu cuerpo en forma en el gimnasio de última generación. Sumérgete en la piscina o simplemente pasea por las exuberantes áreas verdes; entre otras amenidades que harán que tu convivencia sea única. Todo es un sólo lugar. Ubicación Privilegiada: Situado en el corazón de Chorrillos, este departamento te coloca en el epicentro de la acción. Con acceso rápido a centros comerciales, colegios prestigiosos y una variedad de opciones gastronómicas, ¡nunca te faltará nada! Precio de alquiler: S/1, 800. mentenimiento promedio: S/250 incluye agua. Piso: 3, con 03 ascensores. gas calidda. cochera adicional: S/300. 00. un estacionamiento gratuito para bicicleta. no se aceptan mascotas. no te faltará espacio para nada ¡disfrutarás de una vida sin preocupaciones! ¡No dejes que esta oportunidad única pase! Contáctanos hoy mismo para reservar tu visita y dar el primer paso hacia una vida de lujo y confort en Chorrillos. ¡Tu hogar de ensueño te espera!|https://urbania.pe/inmueble/clasificado/alclapin-alquiler-de-departamento-en-chorrillos-lima-3-dormitorios-148721356?n_src=Listado&n_pills=%C3%81rea+de+lavander%C3%ADa&n_pg=2&n_pos=7|2026-02-01
urbania|departamentos|alquiler|Lima Sur|Chorrillos|"Pastor Sevilla 218
Chorrillos, Lima"|S/ 2,880 · USD 850|2880|850||250|"110 m² tot.
2 dorm.
2 baños"|110|2|2||Departamento de 2 dormitorios y 110 m2 con balcón. Idealmente ubicado frente a la Maison de Santé Chorrillos limite con Barranco. Zona muy segura, súper tranquila y exclusivamente residencial. El departamento cuenta con: (vista exterior) - una linda sala – comedor con Balcón, - una cocina con área de lavandería, - dos dormitorios con closets, - dos baños completos. - un Patio. Cuota de mantenimiento del edificio: S/250. 00 soles mensuales. Edificio seguro, con servicio de tranquera las 24 horas del día.|https://urbania.pe/inmueble/clasificado/alclapin-alquiler-de-departamento-en-chorrillos-lima-2-dormitorios-148271156?n_src=Listado&n_pills=Ascensor&n_pg=2&n_pos=8|2026-02-01
urbania|departamentos|alquiler|Lima Sur|Chorrillos|"Malecon Costa sur
Costa Sur, Chorrillos"|S/ 2,960 · USD 800|2960|800||180|"44 m² tot.
1 dorm.
1 baño
1 estac."|44|1||1|Departamento amoblado en alquiler, ubicado en Costa Sur. Cuenta con 1 dormitorio y 1 baño, ideal para persona sola o pareja. La propiedad tiene 44 m² de superficie construida y 44 m² de terreno, además de balcón con vista al mar y cocina integral. El departamento se distribuye en sala de entretenimiento, área de lavandería y clóset. El edificio cuenta con ascensor, gimnasio, sala comunal, terraza, áreas verdes y salón de juegos infantiles. Dispone de guardianía/seguridad privada, control de accesos, intercomunicador y recepción. Ubicado frente al mar (primera fila), ofrece una vista privilegiada. La zona es residencial y cuenta con servicios básicos (agua/luz). Además, está cerca de parques, restaurantes y centros comerciales, facilitando el acceso a diversas opciones de recreación y entretenimiento.|https://urbania.pe/inmueble/clasificado/alclapin-alquiler-de-departamento-en-costa-sur-chorrillos-1-dormitorio-144349554?n_src=Listado&n_pills=Amoblado&n_pg=2&n_pos=9|2026-02-01
urbania|departamentos|alquiler|Lima Sur|Chorrillos|"Los Gorriones al 200
La Campiña, Chorrillos"|S/ 2,000|2000|||250|"72 m² tot.
3 dorm.
2 baños"|72|3|2||Estratégicamente ubicado en la Avenida Los Gorriones, entre la Av. Guardia Peruana y Huaylas, este atractivo departamento en primer piso representa una excelente oportunidad de vivienda. Situado a pocos minutos de Plaza Lima Sur, ofrece una distribución funcional y comodidades ideales para un estilo de vida confortable. Características del inmueble: 03 habitaciones: El dormitorio principal cuenta con baño incorporado, brindando mayor privacidad. Baño secundario: Además del baño principal, se dispone de un baño adicional de uso compartido. Sala-comedor luminosa: Ambiente amplio y bien iluminado, perfecto para descanso y reuniones. Cocina tipo kitchenet: Equipada con mobiliario alto y bajo, tablero de granito y modernos electrodomésticos: cocina, horno y campana empotrada. Lavandería con therma y gas natural: Diseño práctico orientado a la comodidad diaria. Espacio adicional: Ambiente funcional que puede utilizarse como oficina o depósito, según las necesidades. Características del condominio: Edificio moderno y en excelente estado de conservación. Zona de parrillas: Ideal para compartir momentos al aire libre. Amplias áreas verdes: Jardines que aportan frescura y bienestar al entorno. Hall de recepción: Entrada elegante y acogedora. Seguridad 24/7: Control y vigilancia permanente para tranquilidad de los residentes. Áreas comunes: Sala de reuniones y salón de juegos para niños, pensados para actividades sociales y recreativas. Esta propiedad es perfecta para quienes valoran la comodidad, la seguridad y un ambiente agradable. ¡Aprovecha la oportunidad de vivir en un espacio que combina estilo y funcionalidad! Para mayor información o para agendar una visita, contáctanos hoy mismo. contacto: carlos colfer // Ver datos|https://urbania.pe/inmueble/clasificado/alclapin-alquiler-de-departamento-en-la-campina-chorrillos-3-dormitorios-148516678?n_src=Listado&n_pills=Seguridad&n_pg=2&n_pos=10|2026-02-01
urbania|departamentos|alquiler|Lima Sur|Chorrillos|"Avenida Chorrillos
Chorrillos, Lima"|S/ 2,000|2000|||200|"40 m² tot.
1 dorm.
1 baño"|40|1|||Alquilo lindo departamento amoblado Y equipadosala comedor con vista exterior. Cocina americana, amoblada y equipada. 1 dormitorio con baño completoEdificio recientemente estrenado de 12 pisos, se ubica a espalda del malecón Costa Sur, a pocas cuadras del parque Municipal de Barranco. LobbyEstacionamiento de Bicicletassum, Patio en 1er pisoTerraza en azotea, Zona de Parrillas centro de lavado equipado (sótano 2). * Precios en dólares, sujetos a cambio sin previo aviso. Valor en soles es referencial, se determina al tipo de cambio vigente al momento de contratar. * Las medidas, planos y fotos son referenciales. No necesariamente corresponden al estado final del inmueble, sujeto a verificación. * Los montos de mantenimiento y arbitrios no son definitivos ni fijos, sujetos a actualización al realizar la contratación.|https://urbania.pe/inmueble/clasificado/alclapin-alquiler-de-departamento-en-chorrillos-lima-1-dormitorio-148169679?n_src=Listado&n_pills=Guardian%C3%ADa%2FSeguridad+privada&n_pg=2&n_pos=11|2026-02-01
urbania|departamentos|alquiler|Lima Sur|Chorrillos|"Malecon Grau
Chorrillos, Chorrillos"|Consultar precio||||275|"110 m² tot.
2 dorm.
1 baño
1 estac."|110|2||1|Se vende este bello departamento frente al malecon cerca a la bajada de Chorrillos. Esta ubicada en la cdra 2 de Malecon Grau en el primer piso con un área total de 110mt2. Cuenta con 01 puerta de ingreso peatonal, 01 puerta cochera a control remoto, sala comedor, cocina Kitchenette totalmente equipada, 01 pequeña lavandería con lava seca, baño de visita, 01 dormitorio principal con baño incorporado closet y acceso a una pequeña terraza interior, 01 dormitorio secundario con closet. El departamento cuenta con therma. Mantenimiento: S/275. Precio de venta: $130, 000|https://urbania.pe/inmueble/clasificado/alclapin-alquiler-de-departamento-en-chorrillos-chorrillos-2-dormitorios-4133278?n_src=Listado&n_pills=Frente+a+parque&n_pg=2&n_pos=12|2026-02-01
urbania|departamentos|alquiler|Lima Sur|Chorrillos|"Los Gorriones 223
Los Gorriones, Chorrillos"|S/ 1,750|1750|||170|"62 m² tot.
3 dorm.
1 estac."|62|3||1|Alquilo departamento de estreno en zona segura y tranquila de Chorrillos, se trata del Condominio Los Gorriones 5, un hermoso departamento duplex, con 3 habitaciones, dos de ellas con closet y la tercera habitación puede ser un tercer dormitorio o área de trabajo, un baño completo en cada piso, living comedor muy bien iluminados naturalmente, cerca a la Av Defensores del Morro, Paseo de la República, Guardia Peruana, Gym equipado, área para niños y parrillas, sala de recepción familiar, sala de conferencias, coworking, vigilancia 24/7. y mucho más!. El precio incluye Estacionamiento. y mucho más!!|https://urbania.pe/inmueble/clasificado/alclapin-alquiler-de-departamento-en-los-gorriones-chorrillos-3-dormitorios-148495406?n_src=Listado&n_pills=%C3%81rea+de+lavander%C3%ADa&n_pg=2&n_pos=13|2026-02-01
urbania|departamentos|alquiler|Lima Sur|Chorrillos|"Av. Malecón Costa Sur esq. con Calle Othon Gastañeta 135
Chorrillos, Lima"|S/ 2,450 · USD 730|2450|730||200|"45 m² tot.
1 dorm.
1 baño
1 estac."|45|1||1|Hermoso departamento con exclusivas vistas al ma. Zona residencial, privada con malecón en el limite de Barranco y Chorrillos. El departamento cuenta con una amplia sala comedor, con barra de cuarzo y espacio para 4 personas comodamente sentadas. Cocina equipada con encimera eléctrica, campana, muebles altos y bajos, Dormitorio con baño incorpodado, así como acceso desde la sala. Para mayor comodidad de tus visitas y privacidad en la habitación. Amplios closet y estanteria. *Estacionamiento opcional y se paga adicional* El Edificio cuenta con areas comunes como: - Gym. - Lobby. -Coworking. -Piscina. -Yoga. -Bar. -Zona de parrilla. El edificio se encuentra cerca del Parque Municipal de Barranco, Parque El Mirador, Museo Pedro de Osma, Lima Marina Club, Mirador Bresciani, Bike store Perú, Clínica Maison de Santé, Aloja escuela de surf, Club Regatas, Sargento Pimienta Rock bar, Starbucks, Victoria Bar, San Luigi Café, Central Restaurante, etc. una vida A tu manera. Enamórate de la vista privilegiada al mar y la ciudad, desde un malecón privado y con la seguridad de vivir en una urbanización cercada en Chorrillos, a pasos de Barranco. Disfruta de un estilo de vida relajado en contacto con naturaleza y cerca de todo lo que necesitas|https://urbania.pe/inmueble/clasificado/alclapin-alquiler-de-departamento-en-chorrillos-lima-1-dormitorio-148693888?n_src=Listado&n_pills=Frente+a+parque&n_pg=2&n_pos=14|2026-02-01
urbania|departamentos|alquiler|Lima Sur|Chorrillos|"Calle Los Alarifes 1121
Chorrillos, Lima"|S/ 1,700|1700|||340|"82 m² tot.
3 dorm.
2 baños
1 estac."|82|3|2|1|Se alquila amplio y luminoso departamento de 82 m² en el 3er piso (con ascensor), ubicado en Calle Los Alarifes 1121, Chorrillos (Condominio Floresta Sur, Urb. Matellini). Características destacadas del departamento: - Amplia sala-comedor luminosa, bien ventilada y con balcón conectado (acceso directo para mayor amplitud y vistas agradables) - 3 dormitorios bien distribuidos (con closets o espacio para armarios) - Cocina amplia con lavadero, mueble repostero completo y espacio adicional para más muebles altos/bajos. - 2 baños completos. - Área de lavandería independiente. - Intercomunicador y terma instalada. - Excelente iluminación natural y ventilación cruzada en todos los ambientes. Áreas comunes premium del condominio (perfectas para familias): - Vigilancia 24/7 + cámaras de seguridad internas y externas. - Amplio parque y áreas verdes. - Juegos para niños. - Casa club con zona de parrillas. - Bodega surtida dentro del condominio. Ubicación privilegiada: - A pasos de Av. El Sol, Av. Matellini, Av. Ejército y Av. Guardia Civil. - Muy cerca del supermercado Plaza Lima Sur, Tottus, estación Matellini del Metropolitano. - Zona residencial tranquila y segura, frente a sedes militares (Ejército y fap), colegios y servicios esenciales. - Excelente acceso a Lima Sur, Barranco y Surco. Condiciones económicas: - Renta mensual: S/ 1, 700. - Mantenimiento mensual promedio: S/ 340 (incluye agua, vigilancia, limpieza de áreas comunes, ascensor, etc.) - No incluye consumo de luz ni gas. - Estacionamiento: Incluido (cochera disponible – confirmar al coordinar) Ideal para familia, pareja o inversión en una zona de alta demanda y valorización constante. ¡Agenda tu visita y conoce tu nuevo hogar en Floresta Sur – Matellini / Bellavista! Contáctanos por WhatsApp hoy mismo. Informes y citas: Brayan Alburqueque – Ver datos (WhatsApp preferente) Importante: Por normas de seguridad del condominio, para coordinar visitas se requiere nombres y apellidos completos + número de dni del interesado. Precio referencial en soles. Disponibilidad sujeta a confirmación. ¡Oportunidad imperdible en Chorrillos! #AlquilerChorrillos #DepartamentoEnAlquiler #AlquilerLimaSur #Chorrillos #LimaPeru #Matellini #FlorestaSur #NuevoHogar #Departamento81m2 #AlquilerSeguro #FamiliaEnChorrillos #InmobiliariaLima #PropiedadesLima #ViviendaSegura #OportunidadAlquiler #Lima #InversionInmobiliaria #CasasEnAlquiler #AlquilerDepartamento #PlazaLimaSur #BellavistaChorrillos|https://urbania.pe/inmueble/clasificado/alclapin-alquiler-de-departamento-en-chorrillos-lima-3-dormitorios-148786943?n_src=Listado&n_pills=Ascensor&n_pg=2&n_pos=15|2026-02-01
urbania|departamentos|alquiler|Lima Sur|Chorrillos|"Jr. Bernardino Cruz
Chorrillos, Lima"|S/ 1,800 · USD 514|1800|514|||"80 m² tot.
2 dorm.
1 baño"|80|2|||Excelente ubicacion de este dpto. Para que disfrutes el verano E invierno A una cuadra del malecon grau, en segundo piso, con gran iluminacion natural Y ventiladodetalle: cuenta con sala Y comedor con vista A la callekitchenet con reposteros altos Y bajosbaño completo con rapiduchadormitorio principal con closet Y comodadormitorio secundario con closet, zapaterpequeño deposito para ropa blancaen los aires cuenta con lavadora Y tendalservicios: agua Y luz de acuerdo al numero de personasmantenimiento general Y arbitrios 90 solesrequisitos: estar bien en infocorp Y demostrar sustento de pagot. C. 3. 50Tipo de cambio referencial, sujeto a variación diaria por fluctuación del mercado|https://urbania.pe/inmueble/clasificado/alclapin-alquiler-de-departamento-en-chorrillos-lima-2-dormitorios-148514798?n_src=Listado&n_pg=2&n_pos=16|2026-02-01
urbania|departamentos|alquiler|Lima Sur|Chorrillos|"Jr. Pedro Solari
Chorrillos, Lima"|S/ 2,700 · USD 720|2700|720||290|"66 m² tot.
2 dorm.
2 baños
1 estac."|66|2|2|1|¡Oportunidad Única! Alquiler de Departamento en estreno Ubicación: Jr. Pedro Solari N°128, Dpto 802 - chorrillos A una cuadra del museo pedro de Osma, al costado de la clinica Maison de Sante. A 4 cuadras del parque central de Barranco. A 5 min. De Barranco, A 7 min de metro y plaza lima sur en autoAlquiler: S/2, 700. Mantenimiento: S/290. Descubre tu nuevo hogar en este espectacular departamento, idealmente situado, a solo pasos de restaurantes, tiendas y transporte público. Características del departamento: Superficie: 66m²Habitaciones: 2 habitaciones con closet, iluminación natural. Baños: 2 completosCocina: Cocina moderna con encimera, campana extractora, muebles altos y bajos. Sala: Sala comedorÁrea de lavandería Incluye un estacionamientoPiso 8Seguridad 24/7Ascensor ¿Por qué elegir este departamento? Ideal para parejas, familias. Con su ubicación privilegiada, podrás disfrutar de todo lo que el distrito tiene para ofrecer, ¡sin renunciar al confort y estilo de vida que mereces! Contáctame hoy mismo para agendar una visita y descubrir tu nuevo hogar. ¡No pierdas esta oportunidad! Espero que te guste. Si necesitas algo diferente, házmelo saber. R. U. C Ver datos|https://urbania.pe/inmueble/clasificado/alclapin-alquiler-de-departamento-en-chorrillos-lima-2-dormitorios-144931719?n_src=Listado&n_pills=Seguridad&n_pg=2&n_pos=17|2026-02-01
urbania|departamentos|alquiler|Lima Sur|Chorrillos|"Calle Othon al 100
Costa Sur, Chorrillos"|S/ 1,550|1550|||220|"28 m² tot.
1 dorm.
1 baño"|28|1|||Alquilo Monoambiente de Estreno en Malecón de Chorrillos ( sin amoblar) Ubicado frente al Colegio Pedro Ruiz Gallo, condominio cerrado, en pleno malecón de chorrillos., Piso 14Vista a calleEncimera eléctricaCampana extractoraTermaEdificio con Áreas comunes que incluyen piscina, gimnasio, parrilla, coworking. Precio: S/. 1, 550 + S/. 220 de mantenimiento. Ponte en contacto ya mismo|https://urbania.pe/inmueble/clasificado/alclapin-alquiler-de-departamento-en-costa-sur-chorrillos-1-dormitorio-148493827?n_src=Listado&n_pills=Piscina&n_pg=2&n_pos=18|2026-02-01
urbania|departamentos|alquiler|Lima Sur|Chorrillos|"Parque Marqués de Villa
Marques De Corpac, Chorrillos"|S/ 800|800||||"60 m² tot.
1 dorm.
1 baño
1 estac."|60|1||1|Solicita información en el 9. 3. 3. 1. 6. 3. 3. 3. 1 – Katia Delgado Diseñado para estudiantes o jóvenes que quieren su primer hogar con estilo Con 60? m² bien distribuidos en el 5to piso de un edificio de 5 pisos (no ascensor) ofrece comodidad, funcionalidad y un estilo rústico innovador. • Cocina abierta con reposteros altos y bajos, integrada a una cálida sala-comedor. • Techos de 2. 80m de altura (machihembrado) en todo el departamento lo que genera una gran ventilación e iluminación • Una amplia habitación con un pequeño clóset • 1 baño con terma a gas natural • Conexión a gas natural en la cocina • Contómetro independiente de luz y agua. • Pisos cerámicos en todo el departamento. • Lavandería compartida en el 5to piso. El edificio se ubica en la Urb. Marqués de Corpac, a solo 15 minutos de la Av. Alameda Sur y a 25 minutos de la upc campus Villa. Zona tranquila, segura y con parque al lado. ¡Perfecta para desconectarte del caos sin alejarte de todo! • ¡Sin pago de mantenimiento! • No se aceptan mascotas. • 02 garantías y 01 adelanto Y si deseas un estacionamiento, los tenemos con S/100 adicionales ¡Agenda tu visita hoy mismo! Coordina una visita en el 9. 3. 3. 1. 6. 3. 3. 3. 1|https://urbania.pe/inmueble/clasificado/alclapin-alquiler-de-departamento-en-marques-de-corpac-chorrillos-1-dormitorio-147859437?n_src=Listado&n_pills=%C3%81rea+de+lavander%C3%ADa&n_pg=2&n_pos=19|2026-02-01
urbania|departamentos|alquiler|Lima Sur|Chorrillos|"Av. Los Faisanes 283, Chorrillos 15
Chorrillos, Lima"|S/ 1,480 · USD 400|1480|400|||"75 m² tot.
3 dorm.
2 baños"|75|3|2||Departamento en alquiler altura de cuadra 2 de los faisanes en la campiña de chorrillos, muy cerca a paraderos del metropolitano, centros comerciales, hospitales, avenidas, departamento esta ubicado en un 3er piso del condominio con vista interna con un balcón en la sala y mampara que genera muy buena iluminación. Cuenta con 3 habitaciones, 2 baños, sala/comedor, cocina y lavandería, seguridad las 24 horas. separe su citaT. C. 3. 50Tipo de cambio referencial, sujeto a variación diaria por fluctuación del mercado|https://urbania.pe/inmueble/clasificado/alclapin-alquiler-de-departamento-en-chorrillos-lima-3-dormitorios-146901221?n_src=Listado&n_pills=%C3%81rea+de+lavander%C3%ADa&n_pg=2&n_pos=20|2026-02-01
urbania|departamentos|alquiler|Lima Sur|Chorrillos|"Calle Virgen de Guadalupe
Marques De Corpac, Chorrillos"|S/ 1,350|1350||||"70 m² tot.
2 dorm.
1 baño
1 estac."|70|2||1|Información en el 9. 3. 3. 1. 6. 3. 3. 3. 1 – Katia DelgadoDiseñado para estudiantes, jóvenes o parejas que quieren su primer hogar con estilo Con 70? m² bien distribuidos en el 3er piso de un edificio de 5 pisos (no ascensor) ofrece comodidad, funcionalidad y un estilo innovador. • Cocina abierta con reposteros altos y bajos, integrada a una cálida sala-comedor. • Dos habitaciones (cama 02 plazas) con un pequeño clóset• 1 baño completo (duchas con vidrio pavonado) • Contómetro independiente de luz y agua. • Pisos cerámicos en todo el departamento. • Lavandería compartida. El edificio se ubica en la Urb. Marqués de Corpac, camino al Club Cultural Lima, a solo 15 minutos de la Av. Alameda Sur y a 25 minutos de la upc campus Villa. Zona tranquila, segura y con parque al lado. ¡Perfecta para desconectarte del caos sin alejarte de todo! • ¡Sin pago de mantenimiento! • No se aceptan mascotas. • 01 garantía y 01 adelantoY si deseas un estacionamiento, los tenemos con S/100 adicionales¡Agenda tu visita hoy mismo! Coordina una visita en el 9. 3. 3. 1. 6. 3. 3. 3. 1|https://urbania.pe/inmueble/clasificado/alclapin-alquiler-de-departamento-en-marques-de-corpac-chorrillos-2-dormitorios-148294088?n_src=Listado&n_pills=%C3%81rea+de+lavander%C3%ADa&n_pg=2&n_pos=21|2026-02-01
urbania|departamentos|alquiler|Lima Sur|Chorrillos|"Cano al 100
Chorrillos, Lima"|S/ 3,500 · USD 1,011|3500|1011|||"150 m² tot.
4 dorm.
2 baños"|150|4|2||2 Por 1 alquilo departamento - 4habitaciones 2 baños chorrillos cerca del parque fátimasegundo piso1 habitaciónbañoclosetcocina con reposterostercer piso3 habitaciones1 bañolavandería2 de garantía / 1 de adelantoSe acepta mascotasPrecio: S/ 3, 500R. U. C Ver datos|https://urbania.pe/inmueble/clasificado/alclapin-alquiler-de-departamento-en-chorrillos-lima-4-dormitorios-147800566?n_src=Listado&n_pills=%C3%81rea+de+lavander%C3%ADa&n_pg=2&n_pos=22|2026-02-01
urbania|departamentos|alquiler|Lima Sur|Chorrillos|"Virgen de Guadalupe
Marques De Corpac, Chorrillos"|S/ 1,300|1300||||"60 m² tot.
2 dorm.
1 baño
1 estac."|60|2||1|Información en el 9. 3. 3. 1. 6. 3. 3. 3. 1 – Katia DelgadoDiseñado para estudiantes, jóvenes o parejas que quieren su primer hogar con estilo Con 60? m² bien distribuidos en el 3er piso de un edificio de 5 pisos (no ascensor) ofrece comodidad, funcionalidad y un estilo innovador. • Cocina abierta con reposteros altos y bajos, integrada a una cálida sala-comedor. • Dos habitaciones (cama 02 y 11/2 plazas) con un pequeño clóset• 1 baño completo (duchas con vidrio pavonado) • Contómetro independiente de luz y agua. • Pisos cerámicos en todo el departamento. • Lavandería compartida. El edificio se ubica en la Urb. Marqués de Corpac, camino al Club Cultural Lima, a solo 15 minutos de la Av. Alameda Sur y a 25 minutos de la upc campus Villa. Zona tranquila, segura y con parque al lado. ¡Perfecta para desconectarte del caos sin alejarte de todo! • ¡Sin pago de mantenimiento! • No se aceptan mascotas. • 01 garantía y 01 adelantoY si deseas un estacionamiento, los tenemos con S/100 adicionales¡Agenda tu visita hoy mismo! Coordina una visita en el 9. 3. 3. 1. 6. 3. 3. 3. 1|https://urbania.pe/inmueble/clasificado/alclapin-alquiler-de-departamento-en-marques-de-corpac-chorrillos-2-dormitorios-148293951?n_src=Listado&n_pills=%C3%81rea+de+lavander%C3%ADa&n_pg=2&n_pos=23|2026-02-01
urbania|departamentos|alquiler|Lima Sur|Chorrillos|"Avenida Prolongación Huaylas
Chorrillos, Lima"|S/ 1,850|1850|||195|"87 m² tot.
3 dorm.
2 baños"|87|3|2||Consta de 87 M2Sala comedor con amplio balcónDormitorio principal con baño incluído y closet de pared a pared. 2 dormitorios adicionales1 baño completo para dormitorios alternos y visitaCocina con muebles altos y bajos en melamina y granito. Lavandería. No mascotasCosto de Mantenimiento: 195 aproxPrecio de Alquiler: 1850 soles 2x1Información adicional y visitasSheyla Luna9*9*8*0*8*5*8*5*8|https://urbania.pe/inmueble/clasificado/alclapin-alquiler-de-departamento-en-chorrillos-lima-3-dormitorios-148741290?n_src=Listado&n_pills=%C3%81rea+de+lavander%C3%ADa&n_pg=2&n_pos=24|2026-02-01
urbania|departamentos|alquiler|Lima Sur|Chorrillos|"Los Gorriones 223
Chorrillos, Lima"|S/ 2,700 · USD 805|2700|805||150|"70 m² tot.
3 dorm.
2 baños"|70|3|2||Alquilo departamento de estreno con finos acabado, ubicados en el sexto piso de un edifcio de nueve pisos. Cuenta con Habitacion principal con baño incorporado y dos habitaciones secundarias que comparten un baño completo. Amplia cocina con modernos reposteros altos y bajos, con tablero de granito, cocina a gas y campana extractora. Tiene gas Cálida que estamos seguros te ayudará a economizar. Tiene una excelente distribución, muy iluminado, su moderno diseño y tecnología constructiva antisísmica harán que tu familia se sienta segura. Cuenta con seguridad y vigilancia las 24 horas, tiene tres modernos ascensores y los beneficios de un edificio ecoamigable. Contamos con estacionamiento para bicicletas, áreas comunies de juegos y sala para niños, zona de parrilla y areas verdes. No dudes en contactarnos, agenda tu visita, estaremos gustosos de atenderlos. Telf. 9 6 1 4 4 4 0 1 3|https://urbania.pe/inmueble/clasificado/alclapin-alquiler-de-departamento-en-chorrillos-lima-3-dormitorios-148628268?n_src=Listado&n_pills=Seguridad&n_pg=2&n_pos=25|2026-02-01
urbania|departamentos|alquiler|Lima Sur|Chorrillos|"Malecón Grau
Chorrillos, Lima"|S/ 9,380 · USD 700,000|9380|700000||1,369|"412 m² tot.
4 dorm.
4 baños
2 estac."|412|4|4|2|Precioso departamento dúplex súper iluminado en alquiler ó venta ubicado en el Malecón Grau vista a jardines y al mar. El departamento se encuentra en primer piso dentro de un condominio cerrado con seguridad 24/7, y se distribuye de la siguiente manera. *primer piso: Al ingresar tiene un escritorio, baño de visita, una amplia sala, comedor con mucha iluminación natural con vista a la terraza, cuenta con jardín privado interior, cocina amplia con comedor de diario, lanvandería amplio, cuarto y baño de servicio. *planta baja: Dormitorio Principal con su baño incorporado, walking closet, sala de estar con terraza y bbq, con 3 dormitorios secundarios amplios con closet, baño completo que comparten 2 dormitorios y un secundario con su baño incorporado. Área común: 2 cocheras una techada y otra sin techar, piscina, sauna, sala de reuniones. Alquiler con muebles: $3000. Alquiler sin muebles: $2800. Gestiona: exploria grupo inmobiliario. Cod: 2504|https://urbania.pe/inmueble/clasificado/veclapin-venta-de-departamento-en-chorrillos-lima-4-dormitorios-145124808?n_src=Listado&n_pills=Seguridad&n_pg=2&n_pos=26|2026-02-01
urbania|departamentos|alquiler|Lima Sur|Chorrillos|"Calle Othon Gastañeta al 100 - Departamento 1 Habitacion CON Vista AL MAR Y Residencial Privada Amoblado Limite CON Barranco
Costa Sur, Chorrillos"|S/ 2,300|2300|||200|"37 m² tot.
1 dorm.
1 baño"|37|1|||Departamento monoambiente amplio y amoblado ubicado en Costa Sur, dentro de una residencial privada, en límite con Barranco, una zona moderna, segura y de alta proyección. El departamento cuenta con baño completo, cocina americana y un balcón con vista al mar, ideal para disfrutar de la brisa marina y atardeceres únicos. Su diseño es funcional y contemporáneo, ofreciendo un espacio cómodo, luminoso y bien distribuido. Se entrega completamente amoblado, listo para mudarse. Se encuentra en un edificio nuevo y moderno, a estrenar, que ofrece áreas comunes espectaculares pensadas para el bienestar y el estilo de vida actual. Entre ellas destacan una piscina con una vista impresionante al mar y al sunset, gimnasio completamente equipado, zona de parrilla, zona de relajación, lavandería común, zona de estacionamiento para bicicletas, coworking y una zona zen ideal para desconectarse. Una excelente opción para quienes buscan vivir frente al mar, con todas las comodidades modernas, en una residencial privada y a pasos de uno de los distritos más atractivos de Lima.|https://urbania.pe/inmueble/clasificado/alclapin-alquiler-de-departamento-en-costa-sur-chorrillos-1-dormitorio-148813709?n_src=Listado&n_pills=Gimnasio&n_pg=2&n_pos=27|2026-02-01
urbania|departamentos|alquiler|Lima Sur|Chorrillos|"Los Trovadores Urb. Matellini
Ariosto Matellini, Chorrillos"|S/ 2,200 · USD 650|2200|650|||"100 m² tot.
3 dorm.
2 baños"|100|3|2||Alquiler De Departamento Frente A Parque En Matellini, ChorrillosIbis Ingaruca · 9. 9. 3. 5. 9. 6. 1. 4. 8Imagina despertar cada día frente a un parque, en un departamento cómodo, acogedor y listo para mudarte. Un espacio funcional y bien distribuido, ideal para quienes valoran la tranquilidad, la amplitud y una excelente ubicación en Chorrillos. Aquí, tu día a día se vive con más calma, luz natural y confort. — características: Área total: 100 m²Piso: pisoDormitorios: 3Baños: 2Sala y comedor ampliosCocina independiente con lavanderíaNo cochera interna, pero si estacionamiento externo disponible frente a parque. Seguridad 24 horas. — descripción: Al ingresar, te recibe una sala comedor amplia y bien iluminada, perfecta para compartir momentos en familia o relajarte al final del día. La cocina es espaciosa y funcional, con una lavandería integrada que facilita la rutina diaria. Los tres dormitorios ofrecen comodidad y privacidad, ideales para descanso, trabajo desde casa o espacios familiares. Los baños cuentan con una distribución práctica, pensada para el uso diario sin complicaciones. Cada ambiente ha sido diseñado para aprovechar al máximo el espacio y la luz natural. — entorno Y ubicaciónubicado en la calle Los Trovadores, en la Urbanización Matellini, Chorrillos, frente a parque. Una zona residencial tranquila, con fácil acceso a avenidas principales, transporte, colegios, comercios y servicios esenciales. Vivir aquí es disfrutar de un entorno agradable, seguro y bien conectado con todo lo que necesitas. Este departamento no solo se alquila, se vive. Un espacio que invita a empezar una nueva etapa con comodidad y serenidad. Agenda tu visita hoy mismo y descubre si este puede ser tu próximo hogar. — condiciones: Precio de alquiler: S/ 2, 200. 00 (incluye mantenimiento, seguridad y arbitrios) Condición: 2 meses de garantía y 1 mes de adelantoServicios compartidosRequisitos: sustento de ingresos y buen historial en el sistema financieroMascota: Gatito o perrito raza pequeña educadoEstado: listo para mudarse solo 5 personas incluido niños. Disponibilidad inmediata|https://urbania.pe/inmueble/clasificado/alclapin-alquiler-de-departamento-en-ariosto-matellini-chorrillos-3-dormitorios-148710432?n_src=Listado&n_pills=Seguridad&n_pg=2&n_pos=28|2026-02-01
urbania|departamentos|alquiler|Lima Sur|Chorrillos|"Av. Las Gaviotas 522, Chorrillos
Chorrillos, Lima"|S/ 1,300 · USD 371|1300|371|||"105 m² tot.
2 dorm.
1 baño"|105|2|||Alquiler de Departamento – Chorrillosalquiler de departamento – chorrillos (Urb. La Campiña) Dirección: Av. Las Gaviotas 522 – 4to pisoexcelente ubicación: cerca a Av. El Sol, Av. Guardia Peruana, Av. Matellini, Policlinico Juan José Rodriguez Lazo y upn. Características: -Sala comedor con vista exterior-Cocina semi abierta con muebles altos y bajos-Área de lavandería-2 dormitorios con closet-Baño completoCondominio seguro, ideal para familiasno cocheraagenda tú visita y disfruta de tu nuevo hogar! T. C. 3. 50Tipo de cambio referencial, sujeto a variación diaria por fluctuación del mercado|https://urbania.pe/inmueble/clasificado/alclapin-alquiler-de-departamento-en-chorrillos-lima-2-dormitorios-148433084?n_src=Listado&n_pills=%C3%81rea+de+lavander%C3%ADa&n_pg=2&n_pos=29|2026-02-01
urbania|departamentos|alquiler|Lima Sur|Chorrillos|"MALECON COSTA SUR 500 EDIFIICIO ARISE
Costa Sur, Chorrillos"|S/ 250 · USD 80|250|80|||"45 m² tot.
1 dorm.
1 baño
1 estac."|45|1||1|Imagina despertar con una vista espectacular al mar desde todos los ambientes. Este mini departamento en piso 7 te ofrece iluminación natural, comodidad y un estilo moderno pensado para disfrutar. Se alquila amoblado, por dias, semanas. precio por dia: 250 soles. precio por semana: 1500 soles. precio por mes 5000: soles. precio por 6 meses: 4500 soles / por mes. precio por 1 año: 3600 soles/ por mes. check in, 3pm. check out 12 pm. Distribución y equipamiento: Sala–comedor con vista al mar, sofa cama, comedor con 3 sillas, mesa centro, centro de tv con tv. Cocina tipo americana equipada: cocina, campana extractora, refrigeradoray terma. Dormitorio principal con clóset, cama queen, tv. Cortinas y luminarias instaladas. Departamento de estreno en edificio recién entregado. Áreas comunes premium: Lobby / Recepción. Sala de coworking. Bar lounge. Piscina. Gimnasio. Lavandería. Seguridad y ambientes modernos. Ubicado en el malecón privado costa sur. ideal para salir a caminar por el malecón. disponible desde el 20 de febrero. inlcuye 1 estacionamiento. sus mascotas son bienvenidas|https://urbania.pe/inmueble/clasificado/alclapin-alquiler-de-departamento-en-costa-sur-chorrillos-1-dormitorio-148287527?n_src=Listado&n_pills=Guardian%C3%ADa%2FSeguridad+privada&n_pg=2&n_pos=30|2026-02-01
urbania|departamentos|alquiler|Lima Sur|Chorrillos|"SANTA MERCEDES MZ S-1 LOTE 25-B
Villa Marina, Chorrillos"|S/ 1,280 · USD 320|1280|320||50|"67 m² tot.
2 dorm.
1 baño"|67|2|||Se alquila bello Y lindo departamento de estreno en chorrillos. Acogedor y lindo departamento ubicado en segundo piso con vista exterior. Se encuentra a unos minutos de la Curva de Chorrillos y la zona comercial del distrito. Está distribuido de la siguiente manera: *Sala comedor con vista exterior e iluminación natural, piso de porcelanato. *Cocina estilo americana, con barra de granito, reposteros altos y bajos, cuenta con campana. * 2 dormitorios. * 1 baño completo. * Área de lavandería. Cuenta con terma de 50 libros. Modalidad 2x1, contrato mínimo 1año.|https://urbania.pe/inmueble/clasificado/alclapin-alquiler-de-departamento-en-villa-marina-chorrillos-2-dormitorios-66005841?n_src=Listado&n_pills=%C3%81rea+de+lavander%C3%ADa&n_pg=3&n_pos=1|2026-02-01
urbania|departamentos|alquiler|Lima Sur|Chorrillos|"AV CHORRILLOS
Chorrillos, Lima"|S/ 1,850 · USD 550|1850|550||150|"42 m² tot.
1 baño"|42||||Se alquila departamento tipo mono ambiente1, 850 soles. Minidepa amoblado. en el límite Barranco-Chorrillos, a 5 cuadras de la plaza de Barranco. Cama queen size. Acceso a áreas comunes: terraza con vista a toda la costa verde. Estacionamiento de bicicletas. - y la ciclovía pasa afuera del edificio. No tiene cochera. Cerca al Mass, panaderías, tiendas, mercado, restaurante Central.|https://urbania.pe/inmueble/clasificado/alclapin-alquiler-de-departamento-en-chorrillos-lima-148167342?n_src=Listado&n_pills=Ascensor&n_pg=3&n_pos=2|2026-02-01
urbania|departamentos|alquiler|Lima Sur|Chorrillos|"Calle Ontario 257
La Campiña, Chorrillos"|S/ 1,500 · USD 450|1500|450||120|"60 m² tot.
2 dorm.
2 baños
1 estac."|60|2|2|1|Chorrillos dpto primer piso 2 dormitorios living comedor baño incorporado en el dormitorio principal otro baño completo cocina lavanderia con cochera1500 solessin cochera 1350 bien ubicado cerca av los faisanes altura fabrica jhon holden cel Ver datos cel Ver datos. Cerca av el sol Y los faisanes el condominio es seguro Y tiene parque. Ver datosE4|https://urbania.pe/inmueble/clasificado/alclapin-alquiler-de-departamento-en-la-campina-chorrillos-2-dormitorios-63971043?n_src=Listado&n_pills=Guardian%C3%ADa%2FSeguridad+privada&n_pg=3&n_pos=3|2026-02-01
urbania|departamentos|alquiler|Lima Sur|Chorrillos|"Calle las Capironas 490
Ariosto Matellini, Chorrillos"|S/ 1,950|1950|||70|"92 m² tot.
2 dorm.
2 baños"|92|2|2||Departamento en alquiler ubicado en Ariosto Matellini, ideal para quienes buscan comodidad y cercanía a servicios. Este inmueble cuenta con 75 m² de superficie construida y 90 m² de superficie total con patio -terraza, ofreciendo un espacio funcional y bien distribuido. Dispone de 2 habitaciones, incluyendo un dormitorio principal con baño, perfecto para parejas o familias pequeñas. Además, cuenta con 2 baños en total. El departamento incluye un hall de ingreso que da la bienvenida a un ambiente acogedor. La cocina está diseñada para facilitar las tareas diarias. Se encuentra en el piso 1. La ubicación es estratégica, con centros comerciales cercanos y escuelas cercanas, como referencia a 02 cuadras de la Estación Matellini, zona con Rejas Vigilancia. Cuentas con medidor de agua, luz y gas natural. Se entrega con Cocina Encimera Sole y Therma Sole ambas con gas natural Calidda. Informes: juan carlos valdez - celular Ver datos|https://urbania.pe/inmueble/clasificado/alclapin-alquiler-de-departamento-en-ariosto-matellini-chorrillos-2-dormitorios-148710490?n_src=Listado&n_pills=Cerca+a+colegios&n_pg=3&n_pos=4|2026-02-01
urbania|departamentos|alquiler|Lima Sur|Chorrillos|"ALAMEDA HORIZONTE 256
San Juan Bautista De Villa, Chorrillos"|S/ 1,600|1600||||"74 m² tot.
3 dorm.
2 baños"|74|3|2||Alquilo lindo dpto en 2do piso en Condominio Santorin en Av Alameda Horizonte en Chorrillos, cerca a la Univ upc y San Juan Bautista, Colegios, Centro comercial, frente a Cedros de Villa, consta de: Sala Comedor, Cocina cerrada con reposteros altos y bajos, lavandería, 3 dormitorios con closets, dormitorio principal con baño, y otro baño completo. Condominio con ascensor. Mantenimiento 220 soles incluye consumo de agua, seguridad y vigilancia. Luz medidor independiente. Condiciones: 1 mes adelanto y 2 meses de garantía, contrato por 1 año. No se aceptan mascotas.|https://urbania.pe/inmueble/clasificado/alclapin-alquiler-de-departamento-en-san-juan-bautista-de-villa-chorrillos-3-dormitorios-147741515?n_src=Listado&n_pills=Guardian%C3%ADa%2FSeguridad+privada&n_pg=3&n_pos=5|2026-02-01
urbania|departamentos|alquiler|Lima Sur|Chorrillos|"Los Gorriones, Chorrillos
Chorrillos, Lima"|S/ 1,900 · USD 567|1900|567||220|"60 m² tot.
2 dorm.
2 baños
1 estac."|60|2|2|1|Se Alquila Departamento de 60. 29 m2 - Chorrillosprecio de alquiler 1900 soles Ubicado en el piso 6 con ascensor. Referencias Cercanas: • Cerca del paradero Matellini de la estación de Metropolitano• Centro Comercial Plaza de Chorrillos: Tiendas, restaurantes y opciones de entretenimiento. • Parque de la Campiña: Ideal para paseos y actividades al aire libre. • Iglesia San Juan Bautista ¡Detalles del Departamento: • Área: 60. 29 m2• 2 dormitorios (dormitorio principal con baño) • 1 baño completo • Sala Comedor• Cocina: con reposteros altos y bajos, Cocina • Lavandería, Terma• Sistema de Gas: Calidda 1 Cochera Vigilancia 24x7Áreas Comunes: • Lobby• Sala de Recepción, Lavandería, juegos de niños, área para bicicletas, gym. ms ruc: 2. 0. 6. 0. 9. 3. 4. 7. 9. 8. 9|https://urbania.pe/inmueble/clasificado/alclapin-alquiler-de-departamento-en-chorrillos-lima-2-dormitorios-148627311?n_src=Listado&n_pills=Ascensor&n_pg=3&n_pos=6|2026-02-01
urbania|departamentos|alquiler|Lima Sur|Chorrillos|"Puerto Rico
Los Cedros De Villa Etapa I, Chorrillos"|S/ 2,400|2400||||"140 m² tot.
3 dorm.
2 baños
1 estac."|140|3|2|1|Imagina despertar cada mañana con vista al parque, en una zona tranquila y segura donde todo está cerca. Este dúplex de 140 m² en Chorrillos combina amplitud, confort y una ubicación estratégica. Sus 3 dormitorios brindan el espacio ideal para vivir con calma y amplitud, mientras que la urbanización cerrada con vigilancia garantiza la tranquilidad que buscas para tu día a día. Con estacionamiento propio y a pocos minutos de universidades, supermercados y centros comerciales, este hogar está pensado para quienes valoran comodidad y seguridad.|https://urbania.pe/inmueble/clasificado/alclappa-alquiler-de-departamento-en-los-cedros-de-villa-etapa-i-chorrillos-3-dormitorios-148617373?n_src=Listado&n_pills=Cerca+a+colegios&n_pg=3&n_pos=7|2026-02-01
urbania|departamentos|alquiler|Lima Sur|Chorrillos|"Av. Guardia Civil 951
Chorrillos, Lima"|S/ 1,600|1600||||"74 m² tot.
3 dorm.
3 baños"|74|3|3||Acogedor Y Funcional Departamento En Alquiler En Plena Avenida Y Al Costado Del Real Plaza Guardia Civil, Cuenta con: Sala/Comedor. Cocina. Lavanderia. Balcon Con Vista A La Avenida, Dormitorio Master Con Baño Incorporado, Dos dormitorios adicionales.|https://urbania.pe/inmueble/clasificado/alclapin-alquiler-de-departamento-en-chorrillos-lima-3-dormitorios-148772921?n_src=Listado&n_pills=%C3%81rea+de+lavander%C3%ADa&n_pg=3&n_pos=8|2026-02-01
urbania|departamentos|alquiler|Lima Sur|Chorrillos|"Av. Chorrillos 646
Chorrillos, Lima"|S/ 3,300 · USD 1,000|3300|1000||300|"72 m² tot.
2 dorm.
2 baños"|72|2|2||Estacionamiento en 1er sótano, sin columnas de por medio (costo aparte: S/300). El precio del departamento publicado es neto. en todo la ciudad de lima no hay mejor vista al mar que ésta, esto se debe A que sólo en chorrillos puedes encontrar un morro, un club social de clase alta, un muelle de pescadores Y una ensenada. Botes de diversos colores, muelles, edificaciones A correcta escala, el morro, la playa, las palmeras Y la inmensidad del océano, todo reunido en una vista que la hacen espectacular así sea invierno. Todas las habitaciones son amobladas Y ven al mar, excepto la lavandería Y el baño de visita. El departamento está cerca al ascensor pero A la vez aislado del bullicio del flujo de él (alta privacidad), el dormitorio principal queda en una esquina del edificio, teniendo de esta forma absoluta privacidad respecto A los otros departamentos. El dormitorio principal cuenta con cama queen europea (8cm más grande que la cama queen americana), muy cómoda. Excelente conectividad. <10min: plaza de armas de barranco (bicicleta). <20 min: larcomar-miraflores (bicicleta). <30 min: san isidro centro financiero (auto). 30 min: fortaleza real felipe-callao (auto). 45min: centro histórico de lima (auto). Areas comunes con espectaculares vistas: parilla, sala-bar (con la mejor vista al perfil de la ciudad sobre la costa), sala de usos múltiples (con vista la marm, montañas Y una vista de la ciudad panorámica). Adicional tenemos 2 áreas comunes (sin buenas vistas) ; gimnasio Y coworking. Ahorro energético: el departamento está equipado con secadora Y cocina A gas natural.|https://urbania.pe/inmueble/clasificado/alclapin-alquiler-de-departamento-en-chorrillos-lima-2-dormitorios-148652978?n_src=Listado&n_pills=%C3%81rea+de+lavander%C3%ADa&n_pg=3&n_pos=9|2026-02-01
urbania|departamentos|alquiler|Lima Sur|Chorrillos|"Andrómeda 880
Ariosto Matellini, Chorrillos"|S/ 1,800 · USD 500|1800|500|||"50 m² tot.
2 dorm.
2 baños"|50|2|2||Alquilo departamento consta de 02 habitaciones con closets empotrados, 02 baños, sala - comedor, kitchenette moderno. Edificio de estreno, cuenta con ascensor y seguridad las 24 horas.|https://urbania.pe/inmueble/clasificado/alclappa-alquiler-de-departamento-en-ariosto-matellini-chorrillos-2-dormitorios-148815952?n_src=Listado&n_pills=Ascensor&n_pg=3&n_pos=10|2026-02-01
urbania|departamentos|alquiler|Lima Sur|Chorrillos|"Malecón Costa Sur
Costa Sur, Chorrillos"|S/ 2,200 · USD 620|2200|620||150|"38 m² tot.
1 dorm.
1 baño"|38|1|||Se alquila departamento. Moderno de estreno 1 dormitorio full amoblado en la mejor zona de chorrillos en el condominio privado malecon costa sur, esta ubicado en un malecón privado, seguridad 24 hrs Y cercado A pasos de la mejor zona de barranco Y chorillos que facilita el acceso A la playa.. buena parte de las areas comunes tienen vista al mar. A 10 minutos caminando A la plaza de barranco. Seguridad 24 hrs. Lugares atractivos cercanos: cerca del cc metro en barranco,, cerca del cc holly de barranco, cerca del restaurante central de barranco,, cerca de la utec, cerca del club regatas lima de chorrillos, cerca de la clinica maison de sante de chorrillos, cerca del cc plza lima sur de chorrillos, cerca del cc tottus de chorrillos, A un paso del malecon de chorrillos, cerca de la marina club, starbucks en barranco, parque municipal de barranco, parque el mirador de barranco, museo pedro de osma de barranco, aloja escuela de surf, mirador bresciani, bike stor peru, victoria bar,. Bien conectado por toda la ciudad de lima. A un paso de barranco. Consta de:: habitacion con cama queen full amoblado. cocina americana abierta con reposteros altos Y bajos, baño completo fuera de la habitacion con agua caliente. sala completa. zona de lavanderia. incluye luces led Y cortinas. areas comunes: lobby: un espacio de recepcion moderno, coworking: un area para trabajar O estudiar, centro de lavado: una lavanderia en comun, cuarto de correo: un espacio para la recepcion de correspondencia, estacionamiento para bicicletas: un lugar seguro para guardar bicicletas. Piscina con vista al mar: para nadar Y refrescarse, zona de bar Y distracción: un bar para socializar O relajarse, zona de bbq Y parrllas: area equipada para hacer parrilladas, sundeck: una terraza para tomar el sol. zona de gym, zona de yoga Y zen con vista al mar, centro de lavado, estacionamiento para bicicletas, seguridad 24/7 camaras de seguridad. renta: S/. 2, 200 1 x 2 de garantia. Mantenimiento: S/. 150 incluye agua. Informes: Sr. Manuel Val. Telf: Ver datos|https://urbania.pe/inmueble/clasificado/alclapin-alquiler-de-departamento-en-costa-sur-chorrillos-1-dormitorio-58635894?n_src=Listado&n_pills=Ascensor&n_pg=3&n_pos=11|2026-02-01
urbania|departamentos|alquiler|Lima Sur|Chorrillos|"Andromeda, Chorrillos, Peru
Torre Matellini Sur, Chorrillos"|S/ 3,500|3500||||"90 m² tot.
3 dorm.
2 baños
1 estac."|90|3|2|1|Alquiler Departamento Amoblado Torres de MatelliniHermoso Departamento Amoblado de 90 m², en el Piso 2, Sin ascensor, seguridad 24hrs y Salón de Reuniones. Ubicado en Condominio Las Torres de Matellini, cerca a la upc, Universidad San Juan Bautista, Colegios, Plaza Lima Sur, Supermercados, etc. Precio: S/ 3, 500 Soles. Cuenta con: -03 Habitaciones (habitación principal con baño incluido). *Habitación Principal con Cama Quin, cuenta con closet, incluye baño completo. *Habitación Secundaria 1 con Cama de plaza y media con closet. *Habitación Secundaria 2 con Cama de Plaza y media con closet. -Estudio con escritorio y silla. -01 Baño Completo independiente. -01 Sala Comedor con comedor de 8 sillas, juego de sala y televisor de 60 pulgadas. -01 Cocina Cerrada equipada con cocina, horno, campana extractora. -01 Área de Lavandería. -Therma de 50 Litros. 1 Estacionamiento. Condiciones 2x1Mantenimiento S/ 100 soles (incluye agua). Aparte servicio Luz y arbitriosContrato 1 Año. Requisitos: Sustentos de ingresos. Excelente historial crediticio/financierosepara tu visita ya!|https://urbania.pe/inmueble/clasificado/alclapin-alquiler-de-departamento-en-torre-matellini-sur-chorrillos-3-dormitorios-148676543?n_src=Listado&n_pills=Amoblado&n_pg=3&n_pos=12|2026-02-01
urbania|departamentos|alquiler|Lima Sur|Chorrillos|"Malecón Costa Sur 350
Chorrillos, Lima"|S/ 2,625 · USD 750|2625|750||250|"50 m² tot.
1 dorm.
1 baño
1 estac."|50|1||1|"Vive con vista al mar. Loft de 50 m², con terraza y estacionamiento. Gimnasio y sala de juegos con vista al mar | Seguridad 24/7. A pasos de restaurantes, bares y el Malecón. Listo para mudarte, ¡solo trae tus maletas!"|https://urbania.pe/inmueble/clasificado/alclapin-alquiler-de-departamento-en-chorrillos-lima-1-dormitorio-147261006?n_src=Listado&n_pills=Seguridad&n_pg=3&n_pos=13|2026-02-01
urbania|departamentos|alquiler|Lima Sur|Chorrillos|"Av defensores del morro 1515 chorrillos
Chorrillos, Lima"|S/ 1,700 · USD 485|1700|485||190|"75 m² tot.
3 dorm.
2 baños
1 estac."|75|3|2|1|Se alquila este lindo departamento de 75 M2. 3 Habitaciones con closet 2 baños completos. Vista externa con Balcón. Contacto para visitas al 9. 7. 0. 3. 4. 7. 0. 3. 9. Srta Susy Medina. Asesora inmobiliaria Remax. Habitacion principal con baño propio. Camas 2 plazas. 2da habitación plaza y media. 3ra habitación 1 plaza. Sala comedor amplio con balcón. Cocina concepto semi cerrado, Tablero de granito, muebles altos y bajos. Terma electrica. Conexión gas natural en la cocina. precio: s/. 1, 700 sin cochera. s/. 1, 800 con cochera. Modalidad 2x1. Servicio pago aparte según consumo. Mantenimiento 190 soles. Contrato mínimo 1 año. Contacto para visitas al 9. 7. 0. 3. 4. 7. 0. 3. 9. Srta Susy Medina. Asesora inmobiliaria Remax|https://urbania.pe/inmueble/clasificado/alclapin-alquiler-de-departamento-en-chorrillos-lima-3-dormitorios-146044147?n_src=Listado&n_pills=Gimnasio&n_pg=3&n_pos=14|2026-02-01
urbania|departamentos|alquiler|Lima Sur|Chorrillos|"BALAREZO 342, CHORRILLOS
Chorrillos, Chorrillos"|S/ 2,100 · USD 600|2100|600|||"80 m² tot.
1 baño
1 estac."|80|||1|Cómodo, lindo Y funcional departamento en primer piso. Edificio de 3 pisos. Un departamento por piso. Ubicado A media cuadra del malecón. Cuenta con ingreso principal E ingreso de servicio. Sala/comedor, cocina, 2 dormitorios, 1 baño, patio Y lavandería. Muy bien ubicado, cálido Y con la frescura de estar cerca al mar.|https://urbania.pe/inmueble/clasificado/alclapin-alquiler-de-departamento-en-chorrillos-chorrillos-145120820?n_src=Listado&n_pills=Cerca+a+colegios&n_pg=3&n_pos=15|2026-02-01
urbania|departamentos|alquiler|Lima Sur|Chorrillos|"Cedros de Villa
Chorrillos, Lima"|"S/ 1,350 · USD 402
15%"|1350|402|15%||"67 m² tot.
2 dorm.
1 baño"|67|2|||Yeni Castro Cel. 944*969*742Se alquila hermoso, amplio e iluminado departamento ubicado en la Av. Costanera, distrito de Chorrillos, con una espectacular vista a la playa y a solo 1 cuadra de la Av. Alameda Sur. Situado en la Urbanización Los Cedros de Villa, una zona residencial tranquila y segura, rodeada de parques, áreas recreativas y deportivas. A solo una cuadra del Centro Cultural Deportivo Lima y cerca de bodegas, restaurantes y servicios esenciales. Características del departamento: - 2do piso- Área: 67 m²- Sala y comedor amplios, ventilados y con excelente iluminación natural- Cocina abierta con muebles altos y bajos, integrada visualmente a la sala-comedor- 1 baño completo- 2 dormitorios amplios- Servicios independientes de agua, desagüe y luz Precio de alquiler: S/ 1, 350 mensualesModalidad: 1 mes de adelanto y 2 meses de garantíaIdeal para familias que buscan comodidad, buena ubicación y calidad de vida frente al mar. ¡No dejes pasar esta excelente oportunidad! Comunícate al Cel. 944*969*742|https://urbania.pe/inmueble/clasificado/alclapin-alquiler-de-departamento-en-chorrillos-lima-2-dormitorios-148520138?n_src=Listado&n_pg=3&n_pos=16|2026-02-01
urbania|departamentos|alquiler|Lima Sur|Chorrillos|"Avenida Alejandro Iglesias 105
Chorrillos, Lima"|"S/ 1,800 · USD 570
9%"|1800|570|9%|150|"39 m² tot.
1 dorm.
1 baño
1 estac."|39|1||1|Este moderno departamento en piso 10 esta totalmente equipado, combina funcionalidad, confort y una ubicación estratégica ideal para un estilo de vida urbano. Características: Amoblado listo para mudarse. 1 dormitorio. 1 baño completo. Areas Comunes: Sala–comedor bien integrada. Cocina equipada. Lavandería. Cochera incluida. Excelente iluminación natural. Vista espectacular desde un piso alto. Seguridad 24/7. Gimnasio. Zona de parrillas. Con cochera S/. 2, 100 y sin cochera S/. 1, 800 soles. Mantenimiento aproximado: S/ 150. Requisito: 2x1. Sin Mascota. Ubicación privilegiada. Ubicado en Chorrillos, en el límite con Barranco, a solo un paso de la salida a la Costa Verde, con rápido acceso a principales vías, comercios y zonas de entretenimiento. Ideal para quienes buscan un departamento listo para mudarse, con áreas comunes y una vista que marca la diferencia, para persona sola o pareja. Para consultas y visitas contactar a Melba Quintanilla 9. 9. 9. 9. 8. 0. 0. 8. 5.|https://urbania.pe/inmueble/clasificado/alclapin-alquiler-de-departamento-en-chorrillos-lima-1-dormitorio-148590743?n_src=Listado&n_pills=Parrilla&n_pg=3&n_pos=17|2026-02-01
urbania|departamentos|alquiler|Lima Sur|Chorrillos|"Parque De la Guardia Vieja 144
Chorrillos, Lima"|S/ 2,100 · USD 122,000|2100|122000||180|"84 m² tot.
3 dorm.
3 baños
1 estac."|84|3|3|1|Lindo flat de 84. 5mt, muy bien distribuido con 3 amplias habitaciones, frente a un parque con cancha deportiva y zona para mascotas, mucha iluminación, es ventilado y fresco, de buenos acabados, 12 años de antigüedad, único propietario. Muy bien ubicado dentro de un área residencial con seguridad 24 horas, cerca de centros comerciales, colegios, a una cuadra de la estación central del metropolitano, supermercados, clínicas. Edificio de solo 11 propietarios, ubicada en el piso 4, cuenta con ascensor, con estacionamiento propio y tiene gas natural de cálida. Distribución: * Sala Comedor con ventanal hacia el parque. * Cocina y Lavandería amplia con ventilación y luz natural. * Dormitorio principal con balcón y baño incorporado. * 2 Dormitorios secundarios comparten un baño completo. * Ascensor capacidad 8 personas. * Precio incluye estacionamiento privado. Contacto rosa del carpio 9. 4. 9. 0. 0. 6. 7. 4. 5 precio en soles: S/420, 000|https://urbania.pe/inmueble/clasificado/veclapin-venta-de-departamento-en-chorrillos-lima-3-dormitorios-148599582?n_src=Listado&n_pills=%C3%81rea+de+lavander%C3%ADa&n_pg=3&n_pos=18|2026-02-01
urbania|departamentos|alquiler|Lima Sur|Chorrillos|"av. Prolongacion Ariosto Matellini 313
Ariosto Matellini, Chorrillos"|S/ 1,980|1980|||130|"83 m² tot.
3 dorm.
2 baños
1 estac."|83|3|2|1|Vive con comodidad en este amplio y bien distribuido departamento, cerca a parques y la central del metropolitano, ideal para quienes buscan conectividad y calidad de vida. Características: Área: 83 m² muy bien distribuidos. Sala – comedor amplia e iluminada. Cocina cerrada, práctica y funcional. Lavandería independiente. Dormitorio master con baño incorporado. Dos dormitorios secundarios. Baño de visita. Medio baño de servicio. Cochera incluida piso (sin ascensor) Zona tranquila, segura y con fácil acceso a transporte público, comercios, restaurantes y áreas verdes. Ideal para familias o profesionales que valoran espacio, ubicación y comodidad. Condiciones: Infocorp en verde. Ingresos comprobados. Cul. Dos de garantía. Uno de adelanto|https://urbania.pe/inmueble/clasificado/alclapin-alquiler-de-departamento-en-ariosto-matellini-chorrillos-3-dormitorios-148548756?n_src=Listado&n_pills=%C3%81rea+de+lavander%C3%ADa&n_pg=3&n_pos=19|2026-02-01
urbania|departamentos|alquiler|Lima Sur|Chorrillos|"Andrómeda 830
La Campiña, Chorrillos"|S/ 1,900|1900|||250|"67 m² tot.
3 dorm.
2 baños
1 estac."|67|3|2|1|Alquiler de departamento - semi estreno - 03 habitaciones. ¡Experimenta el Lujo y la Comodidad en el Corazón de Chorrillos! Bienvenido al hogar de tus sueños en el Departamento de Semi estreno en alquiler de 03 dormitorios en Chorrillos. Este impresionante oasis urbano combina el lujo contemporáneo con una ubicación privilegiada, ofreciéndote una experiencia de vida incomparable en un condominio vigilados las 24 horas del día. Características del departamento: Descubre la elegancia y la funcionalidad en cada rincón de este espacioso departamento de 67 m2. Desde la sala comedor, hasta los acabados de alta gama en cada habitación, cada detalle ha sido cuidadosamente diseñado para elevar tu estilo de vida. El departamento cuenta con la siguiente distribución: * Amplia sala con perfecta iluminación. * Cocina cerrada, con reposteros superiores e inferiores. * Lavandería. * 03 habitaciones con closets. * 02 baños completos, con espejos. * Terraza con vista a la piscina y áreas verdes. * Ventanas de piso a techo, con cortinas claras. * Detalles finos y elegantes en cada espacio que brindan total confort. Un Paraíso de Amenidades: Disfruta de un sinfín de comodidades exclusivas, desde relajarte en la terraza bbq hasta mantener tu cuerpo en forma en el gimnasio de última generación. Sumérgete en la piscina o simplemente pasea por las exuberantes áreas verdes; entre otras amenidades que harán que tu convivencia sea única. Todo es un sólo lugar. Ubicación Privilegiada: Situado en el corazón de Chorrillos, este departamento te coloca en el epicentro de la acción. Con acceso rápido a centros comerciales, colegios prestigiosos y una variedad de opciones gastronómicas, ¡nunca te faltará nada! Precio de alquiler: S/1, 900. mentenimiento promedio: S/250 incluye agua. Piso: 5, con 03 ascensores. * cochera adicional: S/300. 00. * un estacionamiento gratuito para bicicleta. * no se aceptan mascotas. disponibilidad apartir del 29 de enero de 2026. no te faltará espacio para nada ¡disfrutarás de una vida sin preocupaciones! ¡No dejes que esta oportunidad única pase! Contáctanos hoy mismo para reservar tu visita y dar el primer paso hacia una vida de lujo y confort en Chorrillos. ¡Tu hogar de ensueño te espera!|https://urbania.pe/inmueble/clasificado/alclapin-alquiler-de-departamento-en-la-campina-chorrillos-3-dormitorios-145317686?n_src=Listado&n_pills=Seguridad&n_pg=3&n_pos=20|2026-02-01
urbania|departamentos|alquiler|Lima Sur|Chorrillos|"Guardia Peruana con Faisanes
Chorrillos, Chorrillos"|S/ 2,190 · USD 650|2190|650||200|"82 m² tot.
3 dorm.
2 baños
1 estac."|82|3|2|1|Lindo departamento duplex de estreno con terraza y balcón en el corazón de chorrillos con acceso fácil a principales avenidas y centros comerciales. Edificio con areas comunes en primer piso. Buenos acabados. Cuenta con conexión a Gas Natural. Áreas comunes, gimnasio común, área de bbq común, áreas verdes común. Piso 12. Guardianía, se permiten mascotas, duplex, 1 año de antigüedad, vista a la calle, estreno. Sin muebles, living-comedor, cocina abierta, 3 dormitorios, 2. 0 baños, 1 cochera tipo techada, ascensor, terraza de 15. 00 m2, balcón de 15. 00 m2.|https://urbania.pe/inmueble/clasificado/alclapin-alquiler-de-departamento-en-chorrillos-chorrillos-3-dormitorios-148637053?n_src=Listado&n_pills=Seguridad&n_pg=3&n_pos=21|2026-02-01
urbania|departamentos|alquiler|Lima Sur|Chorrillos|"Jr. Bernardino Cruz
Chorrillos, Lima"|S/ 1,800 · USD 540|1800|540||30|"80 m² tot.
2 dorm.
1 baño"|80|2|||Contacto: Roberto Serra celwhatsapp 9. 9. 8. 2. 8. 4. 6. 3. 1. Area ocupada 80 M2 2do piso. alquiler solicitado S/. 1, 800. 00. Departamento en alquiler en Chorrillos, ideal para quienes buscan comodidad y cercanía a servicios. Este inmueble de 80 m² ofrece 2 recámaras y 1 baño, perfecto para una pequeña familia o profesionales. Ubicado en el piso 2 de un edificio con 3 pisos y 3 departamentos, cuenta con cocina. El departamento se encuentra en una zona con fácil acceso a centros comerciales y escuelas, facilitando el día a día. Chorrillos es un distrito con un ambiente mixto, que combina áreas residenciales con una creciente oferta comercial. La propiedad se beneficia de su proximidad a diversas opciones de transporte público, lo que permite una conexión rápida con otras áreas de Lima. En los alrededores, encontrarás supermercados, farmacias y mercados locales, así como parques y espacios recreativos. La zona también cuenta con centros de salud y hospitales cercanos, brindando tranquilidad a sus residentes.|https://urbania.pe/inmueble/clasificado/alclapin-alquiler-de-departamento-en-chorrillos-lima-2-dormitorios-148604876?n_src=Listado&n_pills=Cerca+a+colegios&n_pg=3&n_pos=22|2026-02-01
urbania|departamentos|alquiler|Lima Sur|Chorrillos|"av. las gaviotas 226, chorillos
Santa Leonor, Chorrillos"|S/ 1,600 · USD 476|1600|476||206|"50 m² tot.
2 dorm.
2 baños"|50|2|2||Ubicado en Condominio Alameda Las Gaviotas, Cdra. 2 de la Av. Las Gaviotas y a sólo 2 Cdras. De la Estación Troncal Matellini, con todo tipo de comercio alrededor, facilidad de transporte a toda la ciudad, Parques y Centros Educativos cercanos. El departamento se encuentra en 5to piso con ascensor y cuenta con la siguiente distribución: - Sala comedor con salida a un pequeño balcón. - Cocina estilo americana, equipada con reposteros altos y bajos, cocina, horno y campana extractora empotrados. - Lavandería con therma a gas. - Baño completo. - Dormitorio principal con espacio para cama de 2 plazas, closet y baño privado con las siguientes medidas 2. 20 x 2. 20. - Segundo dormitorio pequeño con la siguientes medidas 1. 70 x 1. 90. El condominio cuenta con control de acceso 24 horas y areas sociales completas: - Area de parrillas. - Jardín artificial con juegos para niños. - Salón con juegos de billas y fulbito de mano. - Salón con juegos para niños pequeños. - Salón wifi. - Salón para eventos sociales. - Gimnasio. - Salón de Cine. - Parque de juegos para mascotas. El departamento se puede alquilar amoblado con lo siguiente: Juego de Comedor, Sillón para sala, y refrigeradora a S/. 1, 700. - Arbitrios s/. 37. 50 mensual. - Condiciones: 2x1 y Contrato mínimo 1 año. - Indispensable presentar sustento de ingresos (boletas de ingreso, pdts o recibos por honorarios) e infocorp en verde (con créditos pagados puntualmente)|https://urbania.pe/inmueble/clasificado/alclapin-alquiler-de-departamento-en-santa-leonor-chorrillos-2-dormitorios-148451256?n_src=Listado&n_pills=Parrilla&n_pg=3&n_pos=23|2026-02-01
urbania|departamentos|alquiler|Lima Sur|Chorrillos|"CONDOMINIO FELIZIA
Chorrillos, Lima"|"S/ 1,590
11%"|1590||11%|180|"80 m² tot.
3 dorm.
2 baños"|80|3|2||Alquiler de departamento en Chorrillos! 80m2 prox, tercer piso. Ubicado en el condominio felizia, cerca del cruce entre las Av. Faisanes con El Sol. Consta de 3 dormitorios, 2 baños, sala comedor, cocina, lavandería con terma a gas natural instalada y balcón. Mascota chica permitida. Cochera disponible. Solicita vídeo al interno. Condiciones del trato: -S/1, 600 (2x1) y cochera S/350 adicional. -Mantenimiento S/180 y otros servicios por consumo propio. -Contar con ingresos sustentados con boleta o reporte tributario. -No registrar deudas vencidas al menos el titular que firma. solo whatsapp. -kissy: Ver datos. -camila: Ver datos. -grover: Ver datos. broker en linea group|https://urbania.pe/inmueble/clasificado/alclapin-alquiler-de-departamento-en-chorrillos-lima-3-dormitorios-148363792?n_src=Listado&n_pills=%C3%81rea+de+lavander%C3%ADa&n_pg=3&n_pos=24|2026-02-01
urbania|departamentos|alquiler|Lima Sur|Chorrillos|"Av Alameda Sur 1320
Marques De Corpac, Chorrillos"|S/ 1,600|1600||||"63 m² tot.
3 dorm.
1 baño"|63|3|||Departamento disponible en alquiler en Marques De Corpac. Cuenta con 61 m² de superficie construida y 63 m² de terreno. Este departamento ofrece 3 recámaras y 1 baño, ideal para familias o personas que buscan comodidad y funcionalidad. La cocina está equipada para preparar tus comidas favoritas. Además, se encuentra en el piso 1. El edificio cuenta con guardianía y seguridad privada, brindando tranquilidad y protección a sus residentes. Se admiten mascotas, lo que facilita la convivencia con tus animales de compañía. La ubicación es estratégica, con centros comerciales y escuelas cercanas, facilitando el acceso a servicios y educación. Disfruta de la comodidad de tener servicios básicos como agua y luz. Marques De Corpac es una zona residencial tranquila, con fácil acceso a transporte público y principales avenidas. Encontrarás parques, restaurantes y comercios locales que hacen de este un lugar ideal para vivir.|https://urbania.pe/inmueble/clasificado/alclapin-alquiler-de-departamento-en-marques-de-corpac-chorrillos-3-dormitorios-148606405?n_src=Listado&n_pills=Cerca+a+colegios&n_pg=3&n_pos=25|2026-02-01
urbania|departamentos|alquiler|Lima Sur|Lurin|"calle los erizos
Haway (de Jahuay), Lurín"|S/ 6,216 · USD 115,000|6216|115000||320|"90 m² tot.
3 dorm.
2 baños
1 estac."|90|3|2|1|Lindo departamento en venta en playa pulpos, a pasos de la playa Pulpos, cerca a restaurantes, a pocas cuadras del centro comercial mall Km 40. Área: 90. 04 m2. Piso 2. Sala vista externa con terraza. baño completo de visita. Comedor. Cocina americana con muebles altos y bajos. Lavandería amplia y ventilada. 03 habitaciones - La habitación principal con baño incluido. Mantenimiento: 320 incluye el agua, limpieza y vigilancia del edificio. Solo 10 departamentos en el edificio. No cuenta con ascensor. Cuenta con cochera. No cuenta con hipoteca. Precio: 115, 000 dólares negociable. Se alquila por año nuevo, fin de semana, semana completa y mensual. contactarse para mas información.|https://urbania.pe/inmueble/clasificado/veclapin-venta-de-departamento-en-haway-de-jahuay-lurin-3-dormitorios-147797270?n_src=Listado&n_pills=%C3%81rea+de+lavander%C3%ADa&n_pg=1&n_pos=1|2026-02-01
urbania|departamentos|alquiler|Lima Sur|Lurin|"calle Las mantas lote 15 y
Lurín, Lima"|S/ 2,500|2500|||330|"85 m² tot.
5 dorm.
3 baños
1 estac."|85|5|3|1|Se Alquila Departamento Duplex amoblado en playa Pulpos: Consta de: 4 dormitorios. 3 baños. Cuarto y baño de servicio. Terraza. 1 Estacionamiento. Zona de Parrillas. - Parrilla. - Piscina. - Cuarto de Servicio. - Lavandería. Areas Comunes: - Jardín. - Piscina. - 85mts aprox. Cada piso. Condiciones: Contrato mínimo 1 año. 2 meses de garantia x 1 de adelanto. 2500 soles por mes. Mantenimiento incluye el agua. Luz y Arbitrios, adicionales. temporada de verano: Precio de alquiler es de usd 6500, 00 temporada de Verano hasta semana Santa. Costo de mantenimiento: 330 soles de mantenimiento x mes, incluye el agua. Garantía usd 500. 00, se da al momento del ingreso.|https://urbania.pe/inmueble/clasificado/alclapin-alquiler-de-departamento-en-lurin-lima-5-a-mas-dormitorios-145220022?n_src=Listado&n_pills=Piscina&n_pg=1&n_pos=2|2026-02-01
urbania|departamentos|alquiler|Lima Sur|Lurin|"Jiron Pejerey 2060 al 2000
Lurín, Lima"|S/ 3,500|3500|||150|"120 m² tot.
3 dorm.
2 baños
1 estac."|120|3|2|1|Contacto: delina barreracel: 9*1*3*3*7*1*8*5*1alquiler – departamento amoblado en playa arica A unos pasos del mar Zona tranquila y segura 1 cochera incluida 3 habitaciones Sala cómoda y bien iluminada Comedor acogedor 2 baños y medio modernos Totalmente amoblado, listo para mudarte Cerca al Mall Km 40 zona de parrilla y piscina (Adicional) Fácil acceso a la Panamericana Sur Vive la paz de la playa con comodidad y seguridad Contáctame y agenda tu visita¡Oportunidad ideal para vivir o disfrutar todo el año! contacto: delina barreracel: 9*1*3*3*7*1*8*5*1id: 1*1*6*6*4*4*5|https://urbania.pe/inmueble/clasificado/alclapin-alquiler-de-departamento-en-lurin-lima-3-dormitorios-148517854?n_src=Listado&n_pills=Piscina&n_pg=1&n_pos=3|2026-02-01
urbania|departamentos|alquiler|Lima Sur|Lurin|"Barracuda
Pulpos, Lurín"|S/ 1,850 · USD 120,000|1850|120000||60|"80 m² tot.
2 dorm.
2 baños
1 estac."|80|2|2|1|Alquiler O venta departamento en 1er piso en pulpos A un paso de todo. Whatsapp al 9Ver datos. ¡Vivir en la playa a un precio cómodo y en un hermoso departamento! Cerca a Mall, Wong, Smartfit, restaurantes, bancos, demas comercios y cerca al mar, a un paso de bajada de Playa El Silencio. De fácil acceso a Carretera Antigua Panamericana Sur. Ingreso a través de los delfines. Urbanización cuenta con seguridad y vigilancia. Tranquera. Cámaras de seguridad. Vigilantes. Ubicado en 1er piso. At 80m2. Distribución: Sala Comedor amplia. 2 Dormitorios, principal cama de 2 plazas y adicional con 2 camas de 1. 5 plazas (tarima retractil). 2 Baños. Cocina. Espacio Lavandería. 2 Terrazas Interiores. 1 Cochera. Alquiler con muebles S/. 1, 850 Soles. Condiciones2x1. Contrato mínimo de un año. Venta us$ 120, 000 Dólares. Mantenimiento 80 soles. Seguridad y Vigilancia de Urbanización 50 soles. Servicios de agua y luz en base a consumo. Tu nuevo hogar, te espera|https://urbania.pe/inmueble/clasificado/veclapin-venta-de-departamento-en-pulpos-lurin-2-dormitorios-4025763?n_src=Listado&n_pills=Seguridad&n_pg=1&n_pos=4|2026-02-01
urbania|departamentos|alquiler|Lima Sur|Lurin|"Barracuda
Haway (de Jahuay), Lurín"|S/ 1,200|1200|||40|"45 m² tot.
3 dorm.
1 baño"|45|3|||Acogedor departamento amoblado y equipado, ubicado en el tercer piso de una zona residencial tranquila en Playa Pulpos, Jr. Barracuda – Urb. Jahuay. Se encuentra al lado del Mall km40 y muy cerca de Tottus de Punta Negra y Plaza Vea de Lurín, con rápido acceso a supermercados, comercios y servicios. Ideal para quienes buscan vivir cerca al mar con todas las comodidades. Área: 45 m² Piso: 3 (sin ascensor) Distribución: - Sala–comedor amoblada, con buena iluminación natural. - Cocina equipada con reposteros altos y bajos, línea blanca y menaje básico. - Dos dormitorios amoblados. - Un baño completo. Áreas comunes: - Acceso a terraza en el cuarto piso, ideal para disfrutar del aire libre. Condiciones adicionales: - Se permite mascotas pequeñas. - No cuenta con ascensor ni estacionamiento. - Seguridad: S/ 40 mensuales. Precio de alquiler: S/ 1, 200. Condiciones: 2 meses de garantía y 1 mes de adelanto. Contrato mínimo 1 año. Excelente alternativa por precio, ubicación y funcionalidad, ideal como vivienda permanente o segunda residencia de playa.|https://urbania.pe/inmueble/clasificado/alclapin-alquiler-de-departamento-en-haway-de-jahuay-lurin-3-dormitorios-148649043?n_src=Listado&n_pills=Amoblado&n_pg=1&n_pos=5|2026-02-01
urbania|departamentos|alquiler|Lima Sur|Lurin|"Av. Costa Azul -urbanización LOS Suspiros -playa Arica
Lurín, Lima"|S/ 1,500 · USD 450|1500|450|||"150 m² tot.
2 dorm.
1 baño
1 estac."|150|2||1|Características del inmueble: -Uno o dos dormitorios-Un baño completo con agua caliente-Un estacionamiento-Sala, comedor y cocina integradosCondiciones: -Alquiler: S/ 1, 500 mensuales-Contrato mínimo: 1 año-Garantía según acuerdoLa vivienda se encuentra en proceso de mejora: se han instalado mayólicas nuevas, se ha renovado el color de la casa a blanco y se han cambiado los techos. Las fotografías son referenciales y corresponden al estado anterior a la remodelación. Ubicada a pocos pasos de la playa Arica, es ideal para una pareja que busca tranquilidad, cercanía al mar y un espacio cómodo para vivir.|https://urbania.pe/inmueble/clasificado/alclapin-alquiler-de-departamento-en-lurin-lima-2-dormitorios-148469545?n_src=Listado&n_pg=1&n_pos=6|2026-02-01
urbania|departamentos|alquiler|Lima Sur|Lurin|"Jr. La Barracuda
Haway (de Jahuay), Lurín"|S/ 1,350|1350|||40|"65 m² tot.
2 dorm.
1 baño"|65|2|||Práctico y funcional departamento sin muebles, ubicado en el tercer piso de una tranquila zona residencial en Playa Pulpos. Se encuentra en Jr. Barracuda, Urb. Jahuay, a solo una cuadra y media del Mall km40, y muy cerca de Tottus de Punta Negra y Plaza Vea de Lurín, lo que garantiza fácil acceso a comercios, supermercados y servicios. Ideal para quienes desean vivir todo el año cerca al mar o trabajan en la zona sur de Lima. Ubicación a la altura del km 41. 5 de la antigua Panamericana Sur, antes de la Playa El Silencio. Área: 65 m² Distribución: - Sala de estar amplia, iluminada y fresca, con tragaluz ideal para reuniones o descanso. - Living-comedor independiente, de ambiente más íntimo y acogedor. - Cocina cerrada con reposteros altos y bajos de melamine blanco. - Dos dormitorios con clósets de melamine, uno de ellos con espejo. - Un baño completo de uso compartido, equipado con ducha eléctrica marca Solé. Condiciones adicionales: - Los servicios de luz y agua se pagan de acuerdo al consumo. - Pago adicional de S/ 40 mensuales por seguridad a la Asociación de Propietarios. - El edificio no cuenta con ascensor ni estacionamiento. - Se aceptan mascotas pequeñas. Condiciones de arrendamiento: - 2 meses de garantía y 1 mes de adelanto. - Contrato mínimo de 1 año. Una excelente alternativa para quienes buscan tranquilidad, cercanía al mar y una ubicación práctica, con acceso inmediato a centros comerciales y supermercados de la zona.|https://urbania.pe/inmueble/clasificado/alclapin-alquiler-de-departamento-en-haway-de-jahuay-lurin-2-dormitorios-148602052?n_src=Listado&n_pills=Seguridad&n_pg=1&n_pos=7|2026-02-01
urbania|departamentos|alquiler|Lima Sur|Lurin|"MANZANA K LOTE 28 CALLE LA ESTRELLA PLAYA LOS PULPOS URBANIZACION JAWAY
Haway (de Jahuay), Lurín"|S/ 2,320 · USD 650|2320|650||120|"110 m² tot.
3 dorm.
2 baños
1 estac."|110|3|2|1|"Te presentamos este hermoso departamento de playa en la urbanización jahuay playa Los Pulpos en Lurin, perfecto para descansar y compartir momentos inolvidables en familia o con amigos.. Características:: - Departamentocompletamente amoblado. - Treas dormitorios. - Dormitprio principal con closet y baño incorporado (cama de dos plazas y media) - Dos dormitorios secundarios. (cama de dos plazas + camarote) ( cama de dos plazas + mas camarote de tres camas) - Un baño que comparten los dormitorios secundarios con therma. - Kitchenet con cocina, refrigeradora, horno microndas, hervidor etc. - Sala comedor amoblado con tv. De 32"" - Piscina. - Lavandería. - Terraza para hacer parrillas. - Una cochera. contacto: orlando nuñez. cel: 9 6 8 5 1 1 7 1 3"|https://urbania.pe/inmueble/clasificado/alclapin-alquiler-de-departamento-en-haway-de-jahuay-lurin-3-dormitorios-147511104?n_src=Listado&n_pills=Amoblado&n_pg=1&n_pos=8|2026-02-01
urbania|departamentos|alquiler|Lima Sur|Pachacamac|"Cucuya- Cerro SAN Bartolo EL Manzano, Santo Domingo de Olleros - Huarochirí - Pachacamac
Pachacamac, Lima"|S/ 2,625 · USD 750|2625|750|||"410 m² tot.
2 dorm.
2 baños
2 estac."|410|2|2|2|Alquiler de hermoso Departamento en exclusiva zona en Pachacamac¿Buscas escapar del ruido de la ciudad sin alejarte de lo esencial? Te ofrecemos 2 exclusivos departamentos en alquiler en el lugar perfecto para quienes valoran la paz, el confort y el buen vivir. Ubicado en un exclusivo condominio privado y seguro, rodeado de áreas verdes y con un ambiente sereno, te ofrece la oportunidad de disfrutar de una vida más relajada, lejos del estrés urbano. Ubicación privilegiada en Pachacámac, en una zona tranquila y segura, ideal para descansar y desconectarte. departamento flat pacahacamac- segundo pisorenta: us$ 750 mensualÁrea de jardín: 300 m2Área construida (ocupada): 110 m2distribucióningreso independiente con amplias áreas verdesSala-comedor con Balcon 2 cocinas de concepto abierto1 habitación principal muy espaciosa con baño incorporado1 habitación amplia con baño incorporado1 ambiente contiguo a la habitación para walking closet u otro usoEspacioso jardín privado con parrillaAmplia zona de estacionamientoInformación adicionalDepartamentos totalmente amoblados, listos para mudarse sin complicaciones. Jardines amplios y privados, perfectos para leer, descansar o jugar con los niños. Linda vista exterior al jardínZona amplia para estacionamientoEstos departamentos combinan lo mejor de dos mundos: la comodidad moderna con la tranquilidad del campo. Es ideal para parejas, familias pequeñas o personas que buscan trabajar desde casa en un entorno más saludable y armonioso. Condiciones: 1 mes de adelanto1 mes de garantíaPet friendlyAgenda tu visita ahora y empieza a vivir como siempre lo soñaste. ¡Citify tiene lo que estás buscando! ¡No dejes pasar esta oportunidad|https://urbania.pe/inmueble/clasificado/alclapin-alquiler-de-departamento-en-pachacamac-lima-2-dormitorios-148578579?n_src=Listado&n_pg=1&n_pos=1|2026-02-01
urbania|departamentos|alquiler|Lima Sur|Pachacamac|"Urbanizacion Villa Verde Pachacamac
Las Palmas, Pachacamac"|S/ 1,350 · USD 370|1350|370|||"102 m² tot.
4 dorm.
3 baños
1 estac."|102|4|3|1|Alquiler de departamento en urb. Villa verde, pachacamac. sobre villa verde. Villa Verde es una urbanización ideal para disfrutar de una vida cómoda y conveniente. Algunos de sus beneficios son: - Servicios básicos completos: veredas, pistas asfaltadas, parques, tiendas y juegos para niños. - Ubicación privilegiada: cerca de la Plaza Mayor de Pachacámac, universidades, colegios, iglesias, restaurantes y negocios. - Acceso fácil a todo lo que necesitas. Servicios. - Luz. - Agua. - Desagüe. - Gas natural. departamentos en primer piso. - Área de 73 m² - Dpto de Semi Estreno. - 2 habitaciones. - 2 baños. - Cocina con lavandería, - Sala y comedor. - Cochera. - Intercomunicador. precio de alquiler. - S/. 1, 100 mensuales. - Modalidad 2 x 1 (depósito de garantía equivalente a 1 mes de alquiler) departamentos en segundo piso. - Área de 106 m² otro de 102 m² - Dpto de Semi Estreno. - 4 habitaciones. - 2 baños y medio baño. - Cocina con lavandería, - Sala y comedor. - Cochera. - Intercomunicador. precio de alquiler. - S/. 1, 300 mensuales. - Modalidad 2 x 1 (depósito de garantía equivalente a 1 mes de alquiler) ventajas. - Ubicación segura y tranquila. - Amplios espacios para vivir cómodamente. - Ideal para familias o grupos de profesionales. ubicación exclusiva. - Urbanización Villa Verde, Pachacamac. - Construida por la empresa Los Portales. - Urbanización cerrada con seguridad 24 horas. Contactar, para coordinar visitas. *Las medidas del anuncio son referenciales*|https://urbania.pe/inmueble/clasificado/alclapin-alquiler-de-departamento-en-las-palmas-pachacamac-4-dormitorios-146326223?n_src=Listado&n_pills=Cerca+a+colegios&n_pg=1&n_pos=2|2026-02-01
urbania|departamentos|alquiler|Lima Sur|Pachacamac|"Av. Las Palmas, Pachacamac
Pachacamac, Lima"|"S/ 750 · USD 223
11%"|750|223|11%||"73 m² tot.
2 dorm.
2 baños"|73|2|2||Yeni Castro Cel. 944*969*742Alquiler de Esplendido e iluminado Departamento ubicado en la Urb. Villa Verde en el distrito de PachacamacSe encuentra ubicado en una zona residencial cerca a Parques y conectado a las avenidas principales, como la Avenida Las PalmasCuenta con las siguientes características: - Nivel: 2do piso- Área: 73 m2- Sala ventilada e iluminada. - El Comedor cuenta con piso de porcelanato. - La Cocina es amplia, cuenta con muebles altos y bajos, está conectada visualmente con la sala y comedor. - 1 lavandería independiente- 2 Baños completos- 2 Amplios Dormitorios, uno de ellos cuenta con baño independiente. - 1 Amplio Depósito. - El edificio cuenta con un intercomunicador y puerta exterior eléctrica. - El departamento tiene los servicios de agua, desagüe y luz. La Urbanización donde se encuentra el departamento cuenta con un Pórtico de Ingreso, amplias áreas verdes, área de juegos para niños, bodegas y restaurantes. Diversas líneas de transporte público pasan por el pórtico de ingreso: - La C- La línea Chama- La Línea 73Alquiler Mensual: S/. 750 solesModalidad: 1 mes de Adelanto y 1 mes de GarantíaMantenimiento: S/. 50 solesExcelente Oportunidad para tu familia!! Comunícate al Cel. 944*969*742|https://urbania.pe/inmueble/clasificado/alclapin-alquiler-de-departamento-en-pachacamac-lima-2-dormitorios-148518278?n_src=Listado&n_pills=%C3%81rea+de+lavander%C3%ADa&n_pg=1&n_pos=3|2026-02-01
urbania|departamentos|alquiler|Lima Sur|Pachacamac|"Dirección no informada
Pachacamac, Lima"|S/ 6,290 · USD 420,000|6290|420000||1,000|"195 m² tot.
3 dorm.
2 baños
2 estac."|195|3|2|2|Alquilo/Vendo lindísimo departamento en calle Las Acacias. Súper cómodo para una familia. Tiene excelente distribución. Zona céntrico de Miraflores, cerca a parques (Melitón Porras y Domodosola), al Malecón y a Larcomar. Vale la pena verlo! 195 metros. Piso 6. 3 cuartos cada uno con su baño. Sala de estar súper cómoda. Sala. Comedor. Balcón. Baño de visitas. Cocina con comedor de diario. Lavandería súper amplia. Cuarto y baño de servicio. Incluye 2 cocheras paralelas y 1 depósito. $420, 000 usd en venta|https://urbania.pe/inmueble/clasificado/veclapin-venta-de-departamento-en-pachacamac-lima-3-dormitorios-4661397?n_src=Listado&n_pills=Seguridad&n_pg=1&n_pos=4|2026-02-01
urbania|departamentos|alquiler|Lima Sur|San Juan de Miraflores|"Umamarca SJM 2
Umamarca, San Juan de Miraflores"|S/ 1,200|1200|||50|"75 m² tot.
2 dorm.
2 baños
1 estac."|75|2|2|1|Descubre este atractivo departamento en alquiler en la Cooperativa de Vivienda Umamarca, San Juan de Miraflores, un lugar que combina comodidad y funcionalidad. Situado en el segundo piso de un edificio de cinco niveles, la propiedad ofrece una distribución inteligente con solo dos departamentos por piso, garantizando privacidad y tranquilidad. Área construida 75 m2, de 2 habitaciones. El departamento cuenta con una sala-comedor espaciosa y una cocina completamente amoblada con instalación de gas natural, lo que facilita el día a día en el hogar. La lavandería es un espacio adicional que aporta comodidad a la vida doméstica. El departamento dispone de dos dormitorios, destacando el principal, que incluye su propio baño privado. Además, hay un baño común para el resto de los ambientes. Las áreas exteriores no se quedan atrás; el departamento ofrece dos terrazas: una amplia, ideal para reuniones y equipada con baño, y otra para tendales, aprovechando al máximo el espacio al aire libre. La ubicación es ideal, a solo tres cuadras de la Av. El Triunfo y Panamericana Sur, lo que proporciona fácil acceso a parques y mercados cercanos. El alquiler mensual es de S/. 1, 200 soles, con la opción de adquirir una cochera por S/. 150 soles adicionales. Mantenimiento S/. 50. 00 soles. Las condiciones de alquiler son claras: se requiere un pago inicial de 2 meses de garantía más 1 mes de adelanto (2x1), un contrato mínimo de 1 año y solvencia comprobada con boletas o recibos por honorarios. Es importante destacar que las condiciones no son negociables. El inmueble está equipado con cámaras de seguridad, garantizando tranquilidad para sus inquilinos. Ideal para quienes buscan un hogar seguro y bien ubicado en Lima. pj-Ver datos-mvcs|https://urbania.pe/inmueble/clasificado/alclapin-alquiler-de-departamento-en-umamarca-san-juan-de-miraflores-2-dormitorios-148750853?n_src=Listado&n_pills=Seguridad&n_pg=1&n_pos=1|2026-02-01
urbania|departamentos|alquiler|Lima Sur|San Juan de Miraflores|"Umamarca SJM 2.1
Umamarca, San Juan de Miraflores"|S/ 1,500|1500|||50|"95 m² tot.
3 dorm.
2 baños
1 estac."|95|3|2|1|Descubre este atractivo departamento en alquiler en la Cooperativa de Vivienda Umamarca, San Juan de Miraflores, un lugar que combina comodidad y funcionalidad. Situado en el segundo piso de un edificio de cinco niveles, la propiedad ofrece una distribución inteligente con solo dos departamentos por piso, garantizando privacidad y tranquilidad. Área construida 95. 71 m2, de 3 habitaciones. El departamento cuenta con una sala-comedor espaciosa y una cocina completamente amoblada con instalación de gas natural, lo que facilita el día a día en el hogar. La lavandería es un espacio adicional que aporta comodidad a la vida doméstica. La vivienda dispone de tres dormitorios, destacando el principal, que incluye su propio baño privado. Además, hay un baño común para el resto de los ambientes. Las áreas exteriores no se quedan atrás; el departamento ofrece dos terrazas: una amplia, ideal para reuniones y equipada con baño, y otra para tendales, aprovechando al máximo el espacio al aire libre. La ubicación es ideal, a solo tres cuadras de la Av. El Triunfo y Panamericana Sur, lo que proporciona fácil acceso a parques y mercados cercanos. El alquiler mensual es de S/. 1, 300 soles, con la opción de adquirir una cochera por S/. 150 soles adicionales. Las condiciones de alquiler son claras: se requiere un pago inicial de 2 meses de garantía más 1 mes de adelanto (2x1), un contrato mínimo de 1 año y solvencia comprobada con boletas o recibos por honorarios. Mantenimiento S/. 50. 00 soles. Es importante destacar que las condiciones no son negociables. El inmueble está equipado con cámaras de seguridad, garantizando tranquilidad para sus inquilinos. Ideal para quienes buscan un hogar seguro y bien ubicado en Lima. pj-Ver datos-mvcs|https://urbania.pe/inmueble/clasificado/alclapin-alquiler-de-departamento-en-umamarca-san-juan-de-miraflores-3-dormitorios-148750854?n_src=Listado&n_pills=Seguridad&n_pg=1&n_pos=2|2026-02-01
urbania|departamentos|alquiler|Lima Sur|San Juan de Miraflores|"Av, Juan Velasco alvarado 7xx / MELISSA
Valle De Sharon, San Juan de Miraflores"|S/ 1,100|1100||||"74 m² tot.
2 dorm.
2 baños"|74|2|2||Se alquila lindo departamento en tercer piso, listo para alquilarlo. contacto: melissa vicente 9 7 0 0 4 5 2 7 3. mide 74m2. 2 habitaciones ( cuarto principal con baño incluido) 1 baño completo (de visita) sala Y comedor amplio. cocina amoblada. área de lavandería. cuenta con videovigilancia. timbre. no se paga mantenimiento. luz independiente. agua ( contometro) no cuenta con estacionamiento. el departamento tiene buena ubicación está cerca A la avenida principal canevaro, cerca al mercado valle sharon, cerca A iglesias, farmacias, policlinico, seguros, colegios, 10min. Del mall Y de la estación del tren, A una cuadra de la pollería nikko, A una cuadra de paradero, pasan todos los carros para todos lados en canevaro. Requisitos: pago (mensualidad 1 mes y garantía S/1, 500) no se aceptan mascota. no extranjeros. no estar en infocorp. trabajo estable. demostrar sus ingresos estables. se encuentra listo para alquilar!|https://urbania.pe/inmueble/clasificado/alclapin-alquiler-de-departamento-en-valle-de-sharon-san-juan-de-miraflores-2-dormitorios-147878992?n_src=Listado&n_pills=Cerca+a+colegios&n_pg=1&n_pos=3|2026-02-01
urbania|departamentos|alquiler|Lima Sur|San Juan de Miraflores|"Manuel Wagner xxx
San Juan de Miraflores, Lima"|S/ 1,250 · USD 370|1250|370|||"70 m² tot.
2 dorm.
1 baño"|70|2|||"Funcional dpto en excelente estado de conservacion. Ubicado en la Zona A de San Juan de Miraflores - la mejor zona del distrito. Cerca de todo: estacion de Metro ""Atocongo"", Mall del Sur, Ciudad de Dios, tiendas, restaurantes, decenas de negocios cerca, colegios privados y publicos, etc. Dpto consta de sala- comedor, 2 dormitorios, 1 baño completo, cocina con reposteros altos y bajos como un ambiente separado, area de lavanderia. Buena iluminacion en todos los ambientes. Cuenta con servicio de luz con el medidor y recibo independiente, al igual que conexion a gas Calidda con recibo independiente. El agua se paga segun el consumo. Vista a la calle. Si tiene movilidad, se puede estacionar en la calle segura, esta con rejas por amboos lados. Sin costo de mantenimiento. 4 - to piso. Desocupado, listo para alquilar. Citas: Sofia 9#6#6#0#3#1#2#2#1 WhatsApp"|https://urbania.pe/inmueble/clasificado/alclapin-alquiler-de-departamento-en-san-juan-de-miraflores-lima-2-dormitorios-146349925?n_src=Listado&n_pills=%C3%81rea+de+lavander%C3%ADa&n_pg=1&n_pos=4|2026-02-01
urbania|departamentos|alquiler|Lima Sur|San Juan de Miraflores|"Umamarca SJM 5
Umamarca, San Juan de Miraflores"|S/ 1,200|1200|||50|"75 m² tot.
2 dorm.
2 baños
1 estac."|75|2|2|1|Descubre este atractivo departamento en alquiler en la Cooperativa de Vivienda Umamarca, San Juan de Miraflores, un lugar que combina comodidad y funcionalidad. Situado en el quinto piso de un edificio de cinco niveles, la propiedad ofrece una distribución inteligente con solo dos departamentos por piso, garantizando privacidad y tranquilidad. El departamento cuenta con una sala-comedor espaciosa y una cocina completamente amoblada con instalación de gas natural, lo que facilita el día a día en el hogar. La lavandería es un espacio adicional que aporta comodidad a la vida doméstica. El departamento dispone de dos dormitorios, destacando el principal, que incluye su propio baño privado. Además, hay un baño común para el resto de los ambientes. Piso 5, con escaleras amplias y bastante descansadas. Las áreas exteriores no se quedan atrás; el departamento ofrece dos terrazas: una amplia, ideal para reuniones y equipada con baño, y otra para tendales, aprovechando al máximo el espacio al aire libre. La ubicación es ideal, a solo tres cuadras de la Av. El Triunfo y Panamericana Sur, lo que proporciona fácil acceso a parques y mercados cercanos. El alquiler mensual es de S/. 1, 200 soles, con la opción de adquirir una cochera por S/. 150 soles adicionales. Mantenimiento S/. 50. 00 soles. Las condiciones de alquiler son claras: se requiere un pago inicial de 2 meses de garantía más 1 mes de adelanto (2x1), un contrato mínimo de 1 año y solvencia comprobada con boletas o recibos por honorarios. Es importante destacar que las condiciones no son negociables. El inmueble está equipado con cámaras de seguridad, garantizando tranquilidad para sus inquilinos. Ideal para quienes buscan un hogar seguro y bien ubicado en Lima. pj-Ver datos-mvcs|https://urbania.pe/inmueble/clasificado/alclapin-alquiler-de-departamento-en-umamarca-san-juan-de-miraflores-2-dormitorios-148750916?n_src=Listado&n_pills=Seguridad&n_pg=1&n_pos=5|2026-02-01
urbania|departamentos|alquiler|Lima Sur|San Juan de Miraflores|"Calle Maximiliano, san Juan de Miraflores
San Juan, San Juan de Miraflores"|S/ 1,100|1100||||"50 m² tot.
1 dorm.
1 baño"|50|1|||Alquiler de departamento – san juan de miraflorescalle Maximiliano – Piso 2Se alquila departamento amplio y funcional, ubicado en primer piso. Características: 1 dormitorio1 baño ( con therma electrica) Sala comedorCocina abiertaTendal en el piso 5Servicios: El alquiler incluye el consumo de aguaMedidor de luz independienteTenemos departamentos disponibles en el 2do piso y 3er piso. Condiciones: Se permite una mascota pequeñaRequisitos: Buen historial crediticioEstar bien en InfocorpIngresos demostrablesInteresados comunicarse para mayor información y coordinación de visitas.|https://urbania.pe/inmueble/clasificado/alclapin-alquiler-de-departamento-en-san-juan-san-juan-de-miraflores-1-dormitorio-148629766?n_src=Listado&n_pg=1&n_pos=6|2026-02-01
urbania|departamentos|alquiler|Lima Sur|San Juan de Miraflores|"Umamarca SJM 4
Umamarca, San Juan de Miraflores"|S/ 1,200|1200|||50|"75 m² tot.
2 dorm.
2 baños
1 estac."|75|2|2|1|Descubre este atractivo departamento en alquiler en la Cooperativa de Vivienda Umamarca, San Juan de Miraflores, un lugar que combina comodidad y funcionalidad. Situado en el cuarto piso de un edificio de cinco niveles, la propiedad ofrece una distribución inteligente con solo dos departamentos por piso, garantizando privacidad y tranquilidad. El departamento cuenta con una sala-comedor espaciosa y una cocina completamente amoblada con instalación de gas natural, lo que facilita el día a día en el hogar. La lavandería es un espacio adicional que aporta comodidad a la vida doméstica. El departamento dispone de dos dormitorios, destacando el principal, que incluye su propio baño privado. Además, hay un baño común para el resto de los ambientes. Piso 4, con escaleras amplias y bastante descansadas. Las áreas exteriores no se quedan atrás; el departamento ofrece dos terrazas: una amplia, ideal para reuniones y equipada con baño, y otra para tendales, aprovechando al máximo el espacio al aire libre. La ubicación es ideal, a solo tres cuadras de la Av. El Triunfo y Panamericana Sur, lo que proporciona fácil acceso a parques y mercados cercanos. El alquiler mensual es de S/. 1, 200 soles, con la opción de adquirir una cochera por S/. 150 soles adicionales. Mantenimiento S/. 50. 00 soles. Las condiciones de alquiler son claras: se requiere un pago inicial de 2 meses de garantía más 1 mes de adelanto (2x1), un contrato mínimo de 1 año y solvencia comprobada con boletas o recibos por honorarios. Es importante destacar que las condiciones no son negociables. El inmueble está equipado con cámaras de seguridad, garantizando tranquilidad para sus inquilinos. Ideal para quienes buscan un hogar seguro y bien ubicado en Lima. Pj-Ver datos-mvcs|https://urbania.pe/inmueble/clasificado/alclapin-alquiler-de-departamento-en-umamarca-san-juan-de-miraflores-2-dormitorios-148750914?n_src=Listado&n_pills=Seguridad&n_pg=1&n_pos=7|2026-02-01
urbania|departamentos|alquiler|Lima Sur|San Juan de Miraflores|"Jose Maria Seguín 828
San Juan, San Juan de Miraflores"|S/ 1,450|1450||||"63 m² tot.
3 dorm.
2 baños"|63|3|2||Se alquila departamento en segundo piso con vista externa a la calle José María Seguín, ubicado en una zona estratégica de San Juan de Miraflores, cerca a la estación San Juan, avenidas principales, comercios, mercados y servicios. El departamento cuenta con 63 m² muy bien distribuidos: Sala amplia y bien iluminada, con vista directa a la calleCocina abierta tipo americana con muebles altos y bajos3 habitaciones: 2 habitaciones secundarias, una ideal como oficina o dormitorio de visitaHabitación principal con closet y baño completo incorporado2 baños completos con duchas digitales Rotoplas modernasZona de Lavanderia en la azotea ( Cocina-conexion a lavadora) Gas natural instaladoMedidor de luz independienteContómetro de agua (consumo real según uso) Mantenimiento: S/ 60Precio de alquiler: S/ 1, 450Contrato mínimo: 1 año1 mes de adelanto y 1 de garantiaPara más información y video del recorrido, escríbeme por mensaje y te lo envío. 121% comprometidos en brindarte un servicio de excelencia.|https://urbania.pe/inmueble/clasificado/alclapin-alquiler-de-departamento-en-san-juan-san-juan-de-miraflores-3-dormitorios-148773792?n_src=Listado&n_pills=%C3%81rea+de+lavander%C3%ADa&n_pg=1&n_pos=8|2026-02-01
urbania|departamentos|alquiler|Lima Sur|San Juan de Miraflores|"Cipriano Rivas al 500
San Juan de Miraflores, Lima"|S/ 1,200|1200||||"36 m² tot.
2 dorm.
1 baño"|36|2|||Contacto: jose perezcel: 9*0*7*5*1*9*8*8*8Funcional, bien ubicado y listo para mudarseSe alquila mini departamento de 36 m², ubicado en el segundo piso de una casa en la calle Cipriano Rivas, San Juan de Miraflores – Zona E, una zona residencial tranquila y con excelente conectividad. Ideal para parejas jóvenes o personas responsables que buscan un espacio cómodo, bien distribuido y cercano a servicios esenciales. Características del mini departamento- Área total: 36 m²- 2 habitaciones (principal con closet y una secundaria) - Sala integrada- Cocina tipo kitchenette, integrada a la sala, con punto de gas natural- Baño completo equipado con rapiducha- Ubicado en 2do piso (no ascensor) Ubicación estratégicaEl departamento se encuentra cerca de importantes puntos de referencia: - A pocas cuadras de la Av. César Canevaro- Cercano a la Av. Guillermo Billinghurst- Próximo al Centro de Atención Primaria de essalud – Av. César Canevaro- A espaldas del Colegio Maristas- Zona con acceso a transporte público, comercios, colegios y servicios de salud. Condiciones del alquiler- Contrato mínimo: 1 año- Garantía: 2 meses- Adelanto: 1 mesRequisitos: - Buen sustento de ingresos comprobable- Buen historial en el sistema crediticio- No se aceptan mascotasInquilino ideal- Pareja joven- Persona sola o familia pequeña- Personas responsables, con ingresos formales- Estilo de vida tranquilo y ordenadoContáctame para más información o para coordinar una visita. Una excelente opción si buscas vivir en San Juan de Miraflores con buena ubicación y comodidad a un precio competitivo. contacto: jose perezcel: 9*0*7*5*1*9*8*8*8id: 1*1*6*9*7*5*4|https://urbania.pe/inmueble/clasificado/alclapin-alquiler-de-departamento-en-san-juan-de-miraflores-lima-2-dormitorios-148749206?n_src=Listado&n_pg=1&n_pos=9|2026-02-01
urbania|departamentos|alquiler|Lima Sur|San Juan de Miraflores|"Calle Maximiliano, san Juan de Miraflores
San Juan de Miraflores, Lima"|S/ 1,200|1200||||"70 m² tot.
2 dorm.
1 baño"|70|2|||"Calle Maximiliano – Zona D | Cuarto PisoSe alquila departamento amplio y funcional, ubicado en primer piso, en excelente estado de conservación. Se encuentra en la Zona D de San Juan de Miraflores, en una zona tranquila y residencial. Ubicación y referencias: El departamento está ubicado en la Calle Maximiliano, con fácil acceso a las avenidas Los Héroes y San Juan. Se encuentra cerca de colegios, mercados, bodegas, farmacias, restaurantes y paraderos de transporte público. A pocos minutos de estaciones del Metro de Lima, bancos y centros comerciales, lo que brinda buena conectividad y comodidad. Características: Área total: 70 m²2 dormitorios1 baño (con therma eléctrica) Sala comedorCocina abiertaTendal en el piso 5Precio de alquiler: S/ 1, 200. 00Tambien tenemos departamentos en el 1er piso de 45m2 por S/1, 100. 00, en le 2do piso de 50m2 por S/1, 200. 00, en el 3er piso de 50m2 por S/1, 200. 00 y en el 4to piso por S/1, 200. 00 con cocina separada. Servicios: El alquiler incluye consumo de aguaMedidor de luz independienteCondiciones: Se permite una mascota pequeñaRequisitos: Buen historial crediticioEstar bien en InfocorpIngresos demostrablesInteresados comunicarse para mayor información y coordinación de visitas."|https://urbania.pe/inmueble/clasificado/alclapin-alquiler-de-departamento-en-san-juan-de-miraflores-lima-2-dormitorios-148629423?n_src=Listado&n_pills=%C3%81rea+de+lavander%C3%ADa&n_pg=1&n_pos=10|2026-02-01
urbania|departamentos|alquiler|Lima Sur|San Juan de Miraflores|"Calle LOS Proceres MZ Y Lote 7
Umamarca, San Juan de Miraflores"|S/ 1,200|1200||||75 m² tot.|75||||Alquilo departamento en umamarca piso 4contacto marnie matienzocel 989#315#747alquiler departamento de – (zona América / Umamarca), a pocos metros de la Panamericana Sur. Descripción: 75m22 dormitorios1 baño, amplia sala-comedorcocina. Concepto abiertoÁrea de lavandería. Se aceptan mascotas. Ubicado en el cuarto piso acceso por escaleras ampliasCuenta con gas naturalModalidad 2X1 (2 garantías 1 mensualidad) No InfocorpBoletas de pagoUbicación y cercanías: -Paraderos y movilidad: paraderos en Av. Los Héroes y vías auxiliares de Panamericana. -Avenidas principales de acceso: Av. Los Héroes, Av. Pedro Miotta, Av. Mateo Pumacahua; salida directa a Panamericana Sur. -Comercio y servicios: Mall del Sur y Open Plaza Atocongo a corta distancia; Mercado Santa Rosa, bancos, farmacias y restaurantes cerca. -Salud y recreación: Hospital María Auxiliadora y Parque Zonal / Club Metropolitano Huayna Cápac. -Educación: cerca de Universidad Autónoma del Perú y colegios de la zona. Reserva tu visita! contacto marnie matienzocel 989#315#747|https://urbania.pe/inmueble/clasificado/alclapin-alquiler-de-departamento-en-umamarca-san-juan-de-miraflores-148661934?n_src=Listado&n_pills=%C3%81rea+de+lavander%C3%ADa&n_pg=1&n_pos=11|2026-02-01
urbania|departamentos|alquiler|Lima Sur|San Juan de Miraflores|"Av. Miguel Iglesias 108
Tradiciones Ricardo Palma, San Juan de Miraflores"|S/ 900|900||||"60 m² tot.
2 dorm.
1 baño"|60|2|||Departamento en el 2do piso con vista a la calle y entrada independiente, sala grande e iluminada, comedor -cocina con instalación de gas natural, un baño, 2 habitaciones. Centros comerciales y mercados cercanos a 10 min, colegios y avenidas principales cercanas. Como llegar; tomar líneas la 1, 23 A, 21 Orión, la 33, 10E, el triangulo, bajar en el ex paradero 108 de la Av Miguel Iglesias, observar el mapa de ubicación, llamar a los números o wsp: Ver datos|https://urbania.pe/inmueble/clasificado/alclappa-alquiler-de-departamento-en-tradiciones-ricardo-palma-san-juan-de-miraflores-2-dormitorios-59452559?n_src=Listado&n_pills=Seguridad&n_pg=1&n_pos=12|2026-02-01
urbania|departamentos|alquiler|Lima Sur|San Juan de Miraflores|"Umamarca - SAN Juan DE Miraflores
Umamarca, San Juan de Miraflores"|S/ 1,400 · USD 416|1400|416|||"75 m² tot.
2 dorm.
1 baño"|75|2|||Alquilo departamento en estreno en umamarcacontacto marnie matienzocel 989#315#747alquiler departamento de estreno – surco límite con san juan de miraflores- (zona América / Umamarca), a pocos metros de la Panamericana Sur. Descripción: 75m22 dormitorios1 baño, amplia sala-comedorcocina. Concepto abiertoLavandería independiente. Se aceptan mascotas. Ubicado en el tercer piso sin ascensorCuenta con gas naturalReposteros nuevos en cocina. Modalidad 2X1 (2 garantías 1 mensualidad) No InfocorpBoletas de pagoUbicación y cercanías: -Paraderos y movilidad: paraderos en Av. Los Héroes y vías auxiliares de Panamericana. -Avenidas principales de acceso: Av. Los Héroes, Av. Pedro Miotta, Av. Mateo Pumacahua; salida directa a Panamericana Sur. -Comercio y servicios: Mall del Sur y Open Plaza Atocongo a corta distancia; Mercado Santa Rosa, bancos, farmacias y restaurantes cerca. -Salud y recreación: Hospital María Auxiliadora y Parque Zonal / Club Metropolitano Huayna Cápac. -Educación: cerca de Universidad Autónoma del Perú y colegios de la zona. Reserva tu visita! contacto marnie matienzocel 989#315#747|https://urbania.pe/inmueble/clasificado/alclapin-alquiler-de-departamento-en-umamarca-san-juan-de-miraflores-2-dormitorios-148651603?n_src=Listado&n_pills=%C3%81rea+de+lavander%C3%ADa&n_pg=1&n_pos=13|2026-02-01
urbania|departamentos|alquiler|Lima Sur|San Juan de Miraflores|"Urb. San Juan Parcela
San Juan de Miraflores, Lima"|S/ 1,100 · USD 326|1100|326|||"41 m² tot.
1 dorm.
1 baño"|41|1|||"Mini departamento – San Juan de MirafloresCalle Genaro Numallona 286 | 3er pisoSala – comedor con buena iluminación natural. Cocina de buen tamaño. 1 habitación con baño completo. Edificio de 3 pisos, ambiente tranquilo. Azotea de uso exclusivo para lavandería. Ubicación: Cerca de Av. Pedro Miotta y Av. Canevaro. Fácil acceso a transporte público, mercados y comercios. Zona residencial con buena conectividad. Ideal para: persona sola o pareja que busque comodidad y privacidad."|https://urbania.pe/inmueble/clasificado/alclapin-alquiler-de-departamento-en-san-juan-de-miraflores-lima-1-dormitorio-148118170?n_src=Listado&n_pills=%C3%81rea+de+lavander%C3%ADa&n_pg=1&n_pos=14|2026-02-01
urbania|departamentos|alquiler|Lima Sur|San Juan de Miraflores|"AV Cesar Canevaro CON 27 DE Noviembre
El Trébol Azul, San Juan de Miraflores"|S/ 1,400 · USD 416|1400|416|||"75 m² tot.
2 dorm.
1 baño"|75|2|||Contacto: marnie matienzocel. 989#315#747Se alquila departamentos de estreno en la Av. Canevaro -San Juan de Miraflores. Cerca a Colegios, restaurantes, mercado, markets, entre otros. Su ubicación le permite salida rápida a la panamericana sur, Pedro Miotta. Amplia sala comedor. Cocina de concepto abierto con muebles altos y bajos (punto de gas natural) 2 habitaciones1 baño completoLavanderíaCondiciones: -No mascotas-No infocorp-boletas de ingreso como sustentoCuenta con instalación de Termas a gas natural. Intercomunicador táctil (videoportero) Excelentes acabados así como iluminación y ventilación natural. Modalidad 2x1 (2 de garantía 1 de alquiler) contacto: marnie matienzocel. 989#315#747|https://urbania.pe/inmueble/clasificado/alclapin-alquiler-de-departamento-en-el-trebol-azul-san-juan-de-miraflores-2-dormitorios-148384056?n_src=Listado&n_pills=%C3%81rea+de+lavander%C3%ADa&n_pg=1&n_pos=15|2026-02-01
urbania|departamentos|alquiler|Lima Sur|San Juan de Miraflores|"Maximiliano Carranza
San Juan de Miraflores, Lima"|S/ 1,100 · USD 329|1100|329|||"70 m² tot.
1 dorm.
1 baño
1 estac."|70|1||1|"Alquilo Departamento Frente Colegio Santa Ros. Departamentos en alquiler – Excelente ubicación en San Juan. Edificio residencial ubicado frente al Colegio Santa Rosa, a pocos metros de la Estación del Tren San Juan, con fácil acceso a las principales vías como Av. San Juan y Av. Los Héroes. Zona con comercios, transporte público y servicios cercanos. Contamos con departamentos de 1y 2 dormitorios, ideales para familias, parejas o personas solas. Características generales: Todos los departamentos cuentan con sala-comedor y cocina. Medidor de luz independiente. Servicio de agua incluido en el precio. Tendal en el último piso. No cuenta con conexión a gas natural (gas Cálidda) Disponibilidad por piso. Primer piso: Dpto. 1B: 2 dormitorios | 1 baño. Ingreso independiente. Alquiler: S/ 1, 200. Segundo piso: Dpto. 2A: 1 dormitorio | 1 baño. Alquiler: S/ 1, 100. Dpto. 2B: 2 dormitorios | 1 baño. Alquiler: S/ 1, 200. Dpto. 2C: Monoambiente | 1 baño. Alquiler: S/ 650. Tercer piso: Dpto. 3A: 1 dormitorio | 1 baño. Alquiler: S/ 1, 100. Dpto. 3B: 2 dormitorios | 1 baño. Alquiler: S/ 1, 200. Dpto. 3C: Monoambiente | 1 baño. Alquiler: S/ 650. Cuarto piso: Dpto. 4A: 2 dormitorios | 1 baño. Alquiler: S/ 1, 200. Dpto. 4B: 2 dormitorios | 1 baño. Alquiler: S/ 1, 200. Excelente oportunidad para vivir en una zona bien conectada y de fácil acceso. Contáctenos para mayor información o para agendar una visita."|https://urbania.pe/inmueble/clasificado/alclapin-alquiler-de-departamento-en-san-juan-de-miraflores-lima-1-dormitorio-148697998?n_src=Listado&n_pg=1&n_pos=16|2026-02-01
urbania|departamentos|alquiler|Lima Sur|San Juan de Miraflores|"Av. Augusto Salazar Bondy 235
Amauta, San Juan de Miraflores"|S/ 1,400|1400|||50|"75 m² tot.
2 dorm.
1 baño"|75|2|||Agente Inmobiliario: Jhajaira Salvador. Contacto: *9*5*3*2*5*7*1*6*4* Alquilo lindo departamento de 75 mts., en San Juan de Miraflores, ubicado en el tercer piso con balcón vista a la calle. Con la siguiente distribución Y características: • Sala. • Comedor. • Cocina abierta con barra divisoria y repostero. • 02 dormitorios. • 01 baño completo. • Lavandería en el 4to nivel. • Cuenta con Contómetro de luz. • Agua se prorratea por la cantidad de inquilinos. • Mantenimiento 50 soles (limpieza de áreas comunes: Escaleras, pasillos, ingreso a la casa, lavandería común). • El departamento cuenta con cortinas y es súper iluminado. • Precio de alquiler: S/ 1, 400 soles. Condiciones: • Contrato mínimo por 01 año. • 02 meses de garantía y 01 de adelanto. Perfecta ubicación; a 01 cuadra de la Panamericana Sur, a 02 cuadras de Pedro Miotta, 06 cuadras del Mall del Sur, 15 minutos de las universidades Científica del Sur, utp entre otras, colegios, nidos, tiendas y más. ¡solicitar video! Agente Inmobiliario: Jhajaira Salvador. Contacto: *9*5*3*2*5*7*1*6*4* resumen: Tipo de inmueble: departamento. Antigüedad: 3 años. # de dormitorios: 02. # Cochera: no tiene. # de baños: 01. M2 ocupados: 75. M2 en total: 75. Precios. Precio soles: S/ 1, 400 soles. Costo de mantenimiento: S/50|https://urbania.pe/inmueble/clasificado/alclapin-alquiler-de-departamento-en-amauta-san-juan-de-miraflores-2-dormitorios-148698127?n_src=Listado&n_pills=Cerca+a+colegios&n_pg=1&n_pos=17|2026-02-01
urbania|departamentos|alquiler|Lima Sur|San Juan de Miraflores|"Miguel Betetta - Alquiler - 3 Dormitorios en SJM al 1000
San Juan de Miraflores, Lima"|S/ 1,850 · USD 540|1850|540||140|"103 m² tot.
3 dorm.
2 baños"|103|3|2||Departamento en alquiler de 3 dormitorios en San Juan de MirafloresUbicado en Numa Llona frente al parque Ramon Castilla, a pocas cuadras de la Municipalidad de San Juan de Miraflores. Zona cercana a tiendas, mercados y servicios. Altura de la Av. Belisario Suarez con Manuel Portocarrero. Área: 102 m²Piso: 4to con ascensorse alquila sin amoblarcaracterísticas: – 3 dormitorios (todos con closet) – Dormitorio principal entra hasta cama King– 2 baños completos– Kitchenette equipada con cocina empotrada y encimera, incluye área de lavandería– Cocina a gas– Sala comedor amplia con balcón y vista a parque– Edificio nuevo de estreno– Incluye 1 cochera– Se acepta mascota pequeñaPrecio de alquiler: S/ 1, 850Mantenimiento: S/ 140Requisitos: * Buen historial crediticio (Infocorp) * Dependientes: últimas 4 boletas de pago* Independientes: reporte tributario sunat* Contrato mínimo 1 añoCondiciones: 2 meses de garantía + 1 mes de renta boost InmobiliariaPotenciamos Inmuebles. Conectamos Personas.|https://urbania.pe/inmueble/clasificado/alclapin-alquiler-de-departamento-en-san-juan-de-miraflores-lima-3-dormitorios-148825685?n_src=Listado&n_pills=%C3%81rea+de+lavander%C3%ADa&n_pg=1&n_pos=18|2026-02-01
urbania|departamentos|alquiler|Lima Sur|San Juan de Miraflores|"27 DE Noviembre CON AV Cesar Canevaro 12
El Trébol Azul, San Juan de Miraflores"|S/ 1,400 · USD 416|1400|416|||"75 m² tot.
2 dorm.
2 baños"|75|2|2||Contacto: marnie matienzocel. 989#315#747Se alquila departamentos de estreno en la Av. Canevaro -San Juan de Miraflores. Cerca a Colegios, restaurantes, mercado, markets, entre otros. Su ubicación le permite salida rápida a la panamericana sur, Pedro Miotta. Amplia sala comedor. Cocina de concepto abierto con muebles altos y bajos (punto de gas natural) 2 habitaciones (habitación principal con baño) 2 baño completosLavanderíaCondiciones: -No mascotas-No infocorp-boletas de ingreso como sustentoCuenta con instalación de Termas a gas natural. IntercomunicadorExcelentes acabados así como iluminación y ventilación natural. Modalidad: 2 x 1 (2 garatÌA - 1 alquiler) contacto: marnie matienzocel. 989#315#747|https://urbania.pe/inmueble/clasificado/alclapin-alquiler-de-departamento-en-el-trebol-azul-san-juan-de-miraflores-2-dormitorios-148422723?n_src=Listado&n_pills=%C3%81rea+de+lavander%C3%ADa&n_pg=1&n_pos=19|2026-02-01
urbania|departamentos|alquiler|Lima Sur|San Juan de Miraflores|"Jr. Arturo Suarez 733
San Juan, San Juan de Miraflores"|S/ 1,200|1200|||45|"90 m² tot.
2 dorm.
2 baños"|90|2|2||Alquiler de departamento, 90 mts. Consta de sala- comedor, 2 dormitorios (grandes), 2 baños completos, cocina-lavandería. Frente a parque y se encuentra en el. Zona tranquila y bonita. Importante: el monto del alquiler incluye los servicios de agua y luz.|https://urbania.pe/inmueble/clasificado/alclappa-alquiler-de-departamento-en-san-juan-san-juan-de-miraflores-2-dormitorios-148742077?n_src=Listado&n_pills=Frente+a+parque&n_pg=1&n_pos=20|2026-02-01
urbania|departamentos|alquiler|Lima Sur|San Juan de Miraflores|"Maximiliano Carranza
San Juan de Miraflores, Lima"|S/ 1,200 · USD 360|1200|360|||"50 m² tot.
2 dorm.
1 baño"|50|2|||"Departamentos en alquiler – Excelente ubicación en San Juan. Edificio residencial ubicado frente al Colegio Santa Rosa, a pocos metros de la Estación del Tren San Juan, con fácil acceso a las principales vías como Av. San Juan y Av. Los Héroes. Zona con comercios, transporte público y servicios cercanos. Contamos con departamentos de 1, 2 y 3 dormitorios, ideales para familias, parejas o personas solas. Características generales: Todos los departamentos cuentan con sala-comedor y cocina. Medidor de luz independiente. Servicio de agua incluido en el precio. Tendal en el último piso. No cuenta con conexión a gas natural (gas Cálidda) Disponibilidad por piso. Primer piso: Dpto. 1B: 2 dormitorios | 1 baño. Ingreso independiente. Alquiler: S/ 1, 200. Segundo piso: Dpto. 2A: 1 dormitorio | 1 baño. Alquiler: S/ 1, 100. Dpto. 2B: 2 dormitorios | 1 baño. Alquiler: S/ 1, 200. Dpto. 2C: Monoambiente | 1 baño. Alquiler: S/ 650. Tercer piso: Dpto. 3A: 1 dormitorio | 1 baño. Alquiler: S/ 1, 100. Dpto. 3B: 2 dormitorios | 1 baño. Alquiler: S/ 1, 200. Dpto. 3C: Monoambiente | 1 baño. Alquiler: S/ 650. Cuarto piso: Dpto. 4A: 2 dormitorios | 1 baño. Alquiler: S/ 1, 200. Dpto. 4B: 2 dormitorios | 1 baño. Alquiler: S/ 1, 200. Excelente oportunidad para vivir en una zona bien conectada y de fácil acceso. Contáctenos para mayor información o para agendar una visita."|https://urbania.pe/inmueble/clasificado/alclapin-alquiler-de-departamento-en-san-juan-de-miraflores-lima-2-dormitorios-148696148?n_src=Listado&n_pg=1&n_pos=21|2026-02-01
urbania|departamentos|alquiler|Lima Sur|San Juan de Miraflores|"AV Cesar Canevaro CON 27 DE Noviembre 12
El Trébol Azul, San Juan de Miraflores"|S/ 1,400 · USD 416|1400|416|||"75 m² tot.
2 dorm.
2 baños"|75|2|2||Contacto: marnie matienzocel. 989#315#747Se alquila departamentos de estreno en la Av. Canevaro -San Juan de Miraflores. Cerca a Colegios, restaurantes, mercado, markets, entre otros. Su ubicación le permite salida rápida a la panamericana sur, Pedro Miotta. Amplia sala comedor. Cocina de concepto abierto con muebles altos y bajos (punto de gas natural) 2 habitaciones (habitación principal con baño) 2 baño completosLavanderíaCondiciones: -No mascotas-No infocorp-boletas de ingreso como sustentoCuenta con instalación de Termas a gas natural. IntercomunicadorExcelentes acabados así como iluminación y ventilación natural. Modalidad: 2 x 1 (2 garatÌA - 1 alquiler) contacto: marnie matienzocel. 989#315#747|https://urbania.pe/inmueble/clasificado/alclapin-alquiler-de-departamento-en-el-trebol-azul-san-juan-de-miraflores-2-dormitorios-148422734?n_src=Listado&n_pills=%C3%81rea+de+lavander%C3%ADa&n_pg=1&n_pos=22|2026-02-01
urbania|departamentos|alquiler|Lima Sur|Villa El Salvador|"Cerca a Mariátegui con Separadora Industrial
Villa el Salvador, Lima"|S/ 850|850|||20|"74 m² tot.
2 dorm.
1 baño"|74|2|||Hermoso departamento en alquiler. Este departamento está ubicado en la Urb. Pachacamac 4ta etapa Sector 1, cerca a las Avenidas Mariátegui con Separadora Industrial en Villa El Salvador. Características generales: Área: 74m2. Dormitorios: 2. Baños: 1 y 1/2. Sala - comedor. Cocina. Lavandería. Balcón. Piso 2Ascensor: No. Cochera: No. No se permite mascotas. Máximo 3 personas. Condiciones de alquiler: 2 meses de garantía por 1 de adelanto. Contar con ingresos sustentables (boletas, recibos por honorarios, contrato de trabajo) Contrato mínimo 1 año. Estar 100% normal en el sistema financiero. *Imágenes referenciales. Para mayor información puede contactarme ahora mismo. Belive Inmobiliaria|https://urbania.pe/inmueble/clasificado/alclapin-alquiler-de-departamento-en-villa-el-salvador-lima-2-dormitorios-66401210?n_src=Listado&n_pills=%C3%81rea+de+lavander%C3%ADa&n_pg=1&n_pos=1|2026-02-01
urbania|departamentos|alquiler|Lima Sur|Villa Maria del Triunfo|"R3g2+wjq Nemo (El Pescadito), Av. Pachacútec, Villa María del Triunfo 15809, Perú
Villa María del Triunfo, Lima"|S/ 950 · USD 282|950|282|||"100 m² tot.
2 dorm.
1 baño"|100|2|||Hermoso y amplio departamento totalmente remodelado, ubicado a un paso de la Estación del Tren y en plena avenida Salvador Allende. La zona es céntrica, segura y con acceso inmediato a todo tipo de servicios. Características: Sala y comedor bien iluminadosCocina ampliaÁrea de lavandería2 dormitorios con clóset1 baño completoVista externa a la calleExcelente ventilación e iluminación naturalServicios independientes de luz y aguaUbicación estratégica: Cerca de hospitales, mercados, colegios y el reconocido centro de abastecimiento de pescado “El Pesquero”. Condiciones: 2x1Precio: S/ 950 soles mensualesIdeal para familias que buscan comodidad y fácil acceso al transporte. R. U. C Ver datos|https://urbania.pe/inmueble/clasificado/alclapin-alquiler-de-departamento-en-villa-maria-del-triunfo-lima-2-dormitorios-148665193?n_src=Listado&n_pills=%C3%81rea+de+lavander%C3%ADa&n_pg=1&n_pos=1|2026-02-01
urbania|departamentos|alquiler|Lima Sur|Pucusana|"MALECON PACIFICO 251, PUCUSANA
Naplo, Pucusana"|S/ 25,500 · USD 7,500|25500|7500|||"212 m² tot.
4 dorm.
4 baños
1 estac."|212|4|4|1|Alquilo bello Y exclusivo duplex amoblado Y equipado A full de 212 M2 en 3er Y 4to piso sin ascensor con amplia terraza Y hermosa vista al mar en playa naplo. Distribución: 3er nivel: amplia sala comedor con doble altura Y excelente vista, baño de visita, amplia terraza con vista al mar Y zona de parrilla, amplia cocina remodelada Y equipada, 02 dormitorios con closet, baño completo compartido, comedor de diario. 4to nivel: 02 dormitorios matrimoniales, principal con baño incorporado Y balcon con bella vista al mar, baño compartido completo del nivel, area de estar con opcion de cama adicional, area de lavanderia, 01 cochera, 01 deposito. Precio alquiler temporada completa hasta semana santa incluida: $7500 usd. precio alquiler X mes: $3000 usd. contacto: inmuebles malaga/cartty. 9. 5. 6. 5. 6. 7. 3. 3. 6. / 9. 4. 5. 3. 8. 6. 3. 6.|https://urbania.pe/inmueble/clasificado/alclapin-alquiler-de-departamento-en-naplo-pucusana-4-dormitorios-148368878?n_src=Listado&n_pills=%C3%81rea+de+lavander%C3%ADa&n_pg=1&n_pos=1|2026-02-01
urbania|departamentos|alquiler|Lima Sur|Pucusana|"Pucusana
Pucusana, Lima"|S/ 4,875 · USD 1,300|4875|1300|||"79 m² tot.
2 dorm.
1 baño"|79|2|||"Departamento En Alquiler | Pucusana | Vista Panorámica Al MarNúmero de contacto: Silvia Guevara 9. 2. 9. 0. 1. 1. 9. 0. 9. ubicación PucusanaVista al marA 2 cuadras de massa pocas cuadras de la Municipalidad de PucusanaÁrea de terreno: 115 m²distribuciónsegundo pisoDepartamento con vista al mar, moderno, amplio, elegante y sofisticadoSala comedor amplia con balcónCocina cerrada1 habitación principal1 habitación grande con 2 camarotes y 1 cama de 2 plazas1 baño completo1 medio bañoLavanderíainversiónus$ 1, 300condiciones1 mes de garantía y 1 mes adelantadoSe alquila amobladoDetalles legalesPropiedad totalmente saneada, documentos en reglaNúmero de contacto: Silvia Guevara 9. 2. 9. 0. 1. 1. 9. 0. 9. Este verano disfruta de Pucusana. ¡En el mar la vida es más sabrosa! R. U. C Ver datos"|https://urbania.pe/inmueble/clasificado/alclapin-alquiler-de-departamento-en-pucusana-lima-2-dormitorios-145405321?n_src=Listado&n_pills=%C3%81rea+de+lavander%C3%ADa&n_pg=1&n_pos=2|2026-02-01
urbania|departamentos|alquiler|Lima Sur|Punta Hermosa|"Jr. San Francisco
Punta Hermosa, Lima"|S/ 21,970 · USD 6,500|21970|6500|||"149 m² tot.
3 dorm.
4 baños"|149|3|4||"Lindo departamento en edificio ubicado en la playa el silencio - punta hermosa Amanecer frente al mar nunca fue tan fácil: disfruta de una vista espectacular desde la comodidad de tu hogar. ubicación: - Playa El Silencio | Punta Hermosa- Calle Santa Mariana- Parques,, centro comerciales, mercados, bancos y otros negocios locales en el entorno- Supermercados más cercanos: A 15 minutos de Plaza Vea Lurín | A 4 minutos del Wong Km40 | A 8 minutos del Tottus Punta Hermosa- Centros comerciales más cercanos: A 10 minutos del Boulevard Puntamar | A 4 minutos del Mall km 40 | A 11 minutos del Outlet Arauco Lurín- Universidad más próxima: A 24 minutos de la Universidad Científica del Sur- Accesible a principales vías: Ctra. Panamericana Sur | Antigua Panamericana Sur | Av. San Pedro | Puente Aricael edificio: - Área total: 149. 28m2- Piso 1- 1 Departamento por piso- Vista exterior e interiordescripción: - Sala comedor- Sala de estar- Cocina- Lavandería- Área de lavandería- Baño de visitas- Habitación principal con closet y baño completo privado- Habitación secundaria con closet y baño completo privado- Habitación secundaria con closet y baño completo privado- Mini barprecio Y condiciones: - Precio Departamento por temporada (Diciembre - Abril): $ 6, 500. 00- 1X1- Tener buen score en infocorp¡conoce tu futuro depa, agenda tu visita! R. U. C Ver datos"|https://urbania.pe/inmueble/clasificado/alclapin-alquiler-de-departamento-en-punta-hermosa-lima-3-dormitorios-148478069?n_src=Listado&n_pills=%C3%81rea+de+lavander%C3%ADa&n_pg=1&n_pos=1|2026-02-01
urbania|departamentos|alquiler|Lima Sur|Punta Hermosa|"Calle Caleta Doc MzW Lote 6 al 135
Punta Hermosa, Lima"|S/ 1,842 · USD 550|1842|550|||"32 m² tot.
1 dorm.
1 baño"|32|1|||Vista al mar! Alquiler de Mini departamento de estreno. – Punta HermosaMini departamento de estreno, totalmente amoblado y listo para mudarse, ubicado en un 4to piso dentro de una casa con ingreso completamente independiente, frente a Playa Norte – Punta Hermosa. Cuenta con 1 dormitorio, línea blanca completa y mobiliario moderno, con una vista directa al mar hacia Pico Alto y Playa El Paso. Excelente iluminación natural y una distribución funcional que aprovecha al máximo el entorno costero, ideal tanto para vivir como para estancias prolongadas. El inmueble ofrece área social comunitaria, perfecta para relajarse luego de un día de playa. Su ubicación es estratégica, a pocos pasos de los restaurantes más concurridos, cafeterías y principales puntos de la zona comercial de Punta Hermosa. Características principales: 1 dormitorio1 bañoTotalmente amobladoLínea blanca completaVista directa al marCuarto pisoIngreso independienteÁrea social comunitariaModalidades de alquiler: Temporada completa verano 2026: usd 3, 000(Desde el 26 de diciembre hasta Semana Santa) Alquiler anual: usd 550 mensualesPropiedad de alta demanda por ser de estreno, amoblada y con vista al mar. Ideal para quienes buscan independencia, comodidad y una excelente ubicación frente a la playa.|https://urbania.pe/inmueble/clasificado/alclapin-alquiler-de-departamento-en-punta-hermosa-lima-1-dormitorio-148474321?n_src=Listado&n_pills=Amoblado&n_pg=1&n_pos=2|2026-02-01
urbania|departamentos|alquiler|Lima Sur|Punta Hermosa|"Avenida costa peruana 2182
Caballeros, Punta Hermosa"|S/ 9,250 · USD 2,500|9250|2500||400|"135 m² tot.
3 dorm.
3 baños
1 estac."|135|3|3|1|"¡Disfruta de una increíble vista al mar todo el año! Moderno y exclusivo departamento ideal para familias finamente amoblado con vista directa al mar en playa Caballeros - Punta Hermosa. Cuenta con 3 dormitorios, dormitorio principal con baño incorporado, dormitorios secundarios comparten un baño, baño de visita y baño de servicio. Cocina abierta, sala – comedor y con una amplia terraza con parrilla, lindo jacuzzi donde podrás disfrutar de unos maravillosos sunset. Excelente wifi en todo el departamento. El edificio cuenta con recepción y ascensor de ultima generación. Estacionamiento de visita disponible en la parte exterior y posterior del edificio. La cocina con refrigerador de dos puertas, congeladora, microondas, licuadora, sartenes, ollas y menaje completo. No está permitido las mascotas. ¡Ubicación muy céntrica! A 5 minutos a pie encontrarás restaurantes, y todo tipo de tiendas. Precios por temporada. alquiler temporada de invierno (desde mayo hasta diciembre) us$ 2, 500. alquiler mensual por los mes de verano (enero hasta abril) $6, 000 mensuales. alquiler por temporada verano año 2026 (desde 05 de enero hasta 05 de abril ""semana santa"") $16, 500. alquiler por temporada incluye año nuevo 2025/2026 (desde 30 de diciembre del 2025 hasta 05 de abril del 2026 ""semana santa"") $18, 000. Nota: los montos incluyen impuestos, servicio de luz, agua, internet, arbitrios y mantenimiento del edificio,"|https://urbania.pe/inmueble/clasificado/alclapin-alquiler-de-departamento-en-caballeros-punta-hermosa-3-dormitorios-143523927?n_src=Listado&n_pills=Ascensor&n_pg=1&n_pos=3|2026-02-01
urbania|departamentos|alquiler|Lima Sur|Punta Hermosa|"Av Sunset al 1000
Punta Hermosa, Lima"|S/ 1,870 · USD 550|1870|550|||"65 m² tot.
1 dorm.
1 baño"|65|1|||Mini departamento de estreno amoblado con vista al mar – Punta HermosaDisfruta la tranquilidad y el estilo de vida de playa en este mini departamento de estreno, ideal para una persona sola o una pareja, ubicado en plena avenida principal de Punta Hermosa, con una vista espectacular al mar. Características destacadas: - 1 dormitorio amoblado, cómodo y funcional- Sala – comedor integrada, con excelente iluminación natural- Cocina moderna tipo kitchenette, equipada y lista para usar- Baño completo con acabados contemporáneos- Terraza amplia (área común) con vista panorámica, perfecta para relajarse o ver el atardecer-Ubicación privilegiada: -En zona céntrica, cerca de restaurantes, comercios y acceso rápido a las mejores playas del sur. - Ideal como vivienda de temporada, inversión o escape perfecto todo el año. **Contáctanos para agendar una visita.|https://urbania.pe/inmueble/clasificado/alclapin-alquiler-de-departamento-en-punta-hermosa-lima-1-dormitorio-148771856?n_src=Listado&n_pills=Amoblado&n_pg=1&n_pos=4|2026-02-01
urbania|departamentos|alquiler|Lima Sur|Punta Hermosa|"costa peruana
El Silencio, Punta Hermosa"|S/ 59,990 · USD 17,000|59990|17000||449|"160 m² tot.
4 dorm.
3 baños
2 estac."|160|4|3|2|Departamento en Primer Piso elevado – Excelentes acabados – Señoritas. Amoblado equipo full. Son 160 metros2, son 2 Terrazas, 4 habitaciones, 3 baños completos, amplia sala y comedor - baño de visitas, cocina (con línea blanca completa) americana o integrada a la sala - comedor, zona de lavandería, terraza con parrilla y piscina con sistema de calentador y jacuzzi, 2 estacionamientos lineales y deposito. Dormitorio principal con cama king (2), con un baño completo incorporado y walking closet. Un dormitorio secundario con una cama de dos plazas (2) y camarote arriba de plaza y media ( 1) y un amplio closet (2). Otra habitación secundaria con una cama plaza y media (1) y camarote de plaza y media abajo y arriba (2) con sus respectivo closet. Las habitaciones secundarias comparten un baño completo. Cuarta habitación con un camarote de plaza y media arriba y abajo (2) un closet pequeño y otro baño completo para compartir. Zona de lavandería y tendal. 2 estacionamientos lineales y depósito grande. Disponible 29 de diciembre al 6 de abril. Mantenimiento s/ 449 más el servicio de agua potable de Sedapal. Whatsapp Ver datos – Ver datos. Temporada completa us $ 17, 900|https://urbania.pe/inmueble/clasificado/alclapin-alquiler-de-departamento-en-el-silencio-punta-hermosa-4-dormitorios-148330778?n_src=Listado&n_pills=Piscina&n_pg=1&n_pos=5|2026-02-01
urbania|departamentos|alquiler|Lima Sur|Punta Hermosa|"MALECON SUPERIOR
Punta Hermosa, Punta Hermosa"|S/ 10,400 · USD 3,100|10400|3100||410|"114 m² tot.
3 dorm.
3 baños"|114|3|3||Alquiler de departamento en punta hermosa frente al mar. sala comedor, cocina integrada con muebles altos Y bajos muy modernos, encimera Y horno empotrado electricos, mesa de granito, terraza/balcon vista al mar con parrilla. medio baño, tres habitaciones, principal con baño Y walking closet, dos dormitorios amplios con camarote Y closets, comparten un baño completo, lavanderia independiente con therma Y tendal, cuartoy baño de servicio. los baños con acabado de marmol. rodeado de un entorno costero privilegiado, con lo mejor de la naturaleza Y gastronomia, tenemos muy buenos restaurantes de pescadoy mariscos, comida criolla, parrillas, pastas, cafes Y heladerías. Tiendas de venta de muebles desde indonesia, supermercados cerca, Y colegios. edificio de 04 pisos, dos departamentos por piso. ascensor directo al departamento, terraza amplia con parrilla. deposito en el sotano. estacionamientos frente al edificio. mantenimiento S/. 400. 00 sin incluir el agua. alquiler. del 23 dic al 04 de enero $2100. 00. del 29 dic al 04 de enero $ 1200. 00. mes enero $3500. 00. mes febrero $3500. 00. mes marzo $3500. 00. semana santa jueves A domingo $700. 00. temporada completa $11, 000. 00|https://urbania.pe/inmueble/clasificado/alclapin-alquiler-de-departamento-en-punta-hermosa-punta-hermosa-3-dormitorios-148262522?n_src=Listado&n_pills=Ascensor&n_pg=1&n_pos=6|2026-02-01
urbania|departamentos|alquiler|Lima Sur|Punta Hermosa|"AV Costa Peruana 1744
Caballeros, Punta Hermosa"|S/ 15,400 · USD 4,600|15400|4600||400|"210 m² tot.
4 dorm.
4 baños
1 estac."|210|4|4|1|Keta nepo cel 9*9*9*6*3*3*0*9*8 ¡! hola¡ Recibe el 2026 con tu famila y amigos en este hermoso y amplio dúplex, está disponible ´para el mes de Enero Febrero y Marzo hasta la primera sema semana de Abril, cada mes $4, 600. Frente a la Playa Caballeros, Punta Hermosa. Este lugar es perfecto para disfrutar de un verano maravilloso en familia y amigos. Ubicado en el último piso de un moderno edificio frente al mar, este departamento cuenta con una espectacular terraza donde podrás deleitarte con impresionantes atardeceres cada día. Imagina compartir esos momentos especiales con tus seres queridos mientras disfrutan de la brisa marina. En el primer nivel, encontrarás una cocina acogedora, un comedor de diario y una salita ideal para relajarte. También hay dos dormitorios auxiliares y un baño compartido, además de un dormitorio principal que cuenta con su propio baño, tina hidromasaje y una terraza privada, perfecta para disfrutar de un café por la mañana. En el segundo piso, te espera una amplia terraza con vista al mar, equipada con zona de parrilla, comedor y sala, ideal para esas reuniones inolvidables. También hay un baño completo, otro dormitorio y una lavandería para mayor comodidad. En total 4 dormitorios con camas para 12 personas ¡No dejes pasar la oportunidad de vivir unas vacaciones inolvidables en este encantador departamento! Agenda una visita de inmediato Contacto 9*9*9*6*3*3*0*9*8|https://urbania.pe/inmueble/clasificado/alclapin-alquiler-de-departamento-en-caballeros-punta-hermosa-4-dormitorios-147791749?n_src=Listado&n_pills=Parrilla&n_pg=1&n_pos=7|2026-02-01
urbania|departamentos|alquiler|Lima Sur|Punta Hermosa|"Playa Caballeros
Caballeros, Punta Hermosa"|S/ 10,264 · USD 2,875|10264|2875||490|"127 m² tot.
3 dorm.
2 baños
1 estac."|127|3|2|1|Alquiler de Dpto. De Playa:. Alquiler por Temporada: Marzo-Semana Santa: - 3/Marzo al 5/Abril: $3, 600, servicios y mantenimientos aparte. (Enero y Febrero ya está alquilado). El Dpto se encuentra ubicado en Playa Caballeros, Urbanización El Silencio Punta Hermosa, Punta Hermosa. Tiene un area de 127 m2 (amplio) y se encuentra en primera línea. Está perfectamente amoblado, con vista directa al mar, cuenta con todas las comodidades necesarias, cocina modelo americana, 3 habitaciones con camas con espacio como para 7 personas, 2 baños, área de lavandería, terraza, parrilla, incluye 1 cochera y 1 depósito, cuenta con piscina privada con vista al mar. Los servicios son aparte (luz, mantenimiento que incluye agua, arbitrios), el resto de gastos los asume el. Nota: En alquiler por temporada, el pago total debe darse por adelantado a la firma de contrato y antes de entrega del Departamento al arrendatario. No paga arbitrios si alquiler es por temporada.|https://urbania.pe/inmueble/clasificado/alclapin-alquiler-de-departamento-en-caballeros-punta-hermosa-3-dormitorios-147121301?n_src=Listado&n_pills=%C3%81rea+de+lavander%C3%ADa&n_pg=1&n_pos=8|2026-02-01
urbania|departamentos|alquiler|Lima Sur|Punta Hermosa|"Malecón Sur, Playa Blanca.
Punta Hermosa, Punta Hermosa"|S/ 3,570 · USD 1,050|3570|1050||360|"112 m² tot.
3 dorm.
3 baños
2 estac."|112|3|3|2|¨Despertar con el rocío del océano y el sonido de las olas, es una experiencia sensorial¨. Flat amoblado sólo alquiler anual a partir de mayo 2026– Malecón Sur, Playa Blanca, Punta Hermosa. Elegante flat amoblado de 113 m², ubicado en el piso 2 de un edificio contemporáneo frente al mar, en el exclusivo Malecón Sur de Playa Blanca, Punta Hermosa. Una propiedad diseñada para disfrutar del litoral todo el año, combinando confort, privacidad y estilo de vida costero. Ofrece una luminosa sala–comedor con salida a la terraza con una maravillosa vista al Malecón y al mar. Baño de visita, kitchenette equipada, tres dormitorios y todos con tv, lavandería y área de servicio. Se entrega completamente amoblada, equipada y lista para habitar. Se aceptan mascotas. Incluye dos cocheras lineales. 4 años de antigüedad. El edificio con 2 ascensores, tiene 5 pisos y 18 departamentos, ofreciendo un entorno residencial exclusivo. Sus áreas comunes destacan por una piscina, dos zonas de parrilla y una amplia terraza con mobiliario y sombrillas, ideales para el descanso y la vida social frente al mar. Una oportunidad excepcional para vivir frente al mar en una de las zonas más valoradas del sur de Lima. Mantenimiento s/ 360|https://urbania.pe/inmueble/clasificado/alclapin-alquiler-de-departamento-en-punta-hermosa-punta-hermosa-3-dormitorios-148600516?n_src=Listado&n_pills=Ascensor&n_pg=1&n_pos=9|2026-02-01
urbania|departamentos|alquiler|Lima Sur|Punta Hermosa|"Malecón Sur
Punta Hermosa, Lima"|S/ 198,830 · USD 59,900|198830|59900||1,800|"350 m² tot.
5 dorm.
5 baños
3 estac."|350|5|5|3|Malecon primera fila, departamento nuevo moderno. Lujos apartamento 250m2, amoblado y equipado, 4dorm mas cuarto de servicio. Sala comedor con terraza, vista al mar con jacuzzi, Kitchenette, Baño visita, Estar, 4 dormitorios, el principal con baño incorporado, todos los Dormitorios secundarios con baño privado. Cuarto y baño de servicio. Para 12 personas. 3 cocheras. Peru beach house for rent. best beach at Lima South for summer season. **|https://urbania.pe/inmueble/clasificado/alclapin-alquiler-de-departamento-en-punta-hermosa-lima-5-a-mas-dormitorios-148197597?n_src=Listado&n_pills=Guardian%C3%ADa%2FSeguridad+privada&n_pg=1&n_pos=10|2026-02-01
urbania|departamentos|alquiler|Lima Sur|Punta Hermosa|"Avenida 28 DE Julio 293, Punta Hermosa
Punta Hermosa, Punta Hermosa"|S/ 35,000 · USD 10,000|35000|10000|||"90 m² tot.
2 dorm.
3 baños
1 estac."|90|2|3|1|Contacto: jessica zimmer celular: 9. 8. 7. 9. 8. 2. 9. 7. 2 Jessicaz @ remaxexpo. Com Ponemos en alquiler excelente departamento muy luminosos y ventilado con un área total de 90m² muy bien ubicado y en excelente estado y linda decoración. Ubicado en el cuarto piso con vista exterior, segunda fila. El edificio tiene solo cinco pisos y son 10 departamentos en total; guardianía externa permanente, con un estacionamiento. El edificio no tiene ascensor, pero en la parte posterior al edificio hay una rampa y estacionamiento externo que da directamente al cuarto piso. El departamento se encuentra en segunda fila, tiene vista al mar desde la terraza. El departamento está ubicado en la mejor zona de punta hermosa, playa blanca; zona residencial, segura y tranquila, A pocos pasos de la playa, a dos cuadras del club playa blanca. El departamento está completamente amoblado y equipado con cocina y horno empotrados, refrigeradora, microondas, cava de vinos, electrodomésticos, vajilla, lavadora, intercomunicador ; El precio incluye wifi, internet movistar Y netflix. Mantenimiento S/ 230 soles aprox. Incluye agua El departamento cuenta con la siguiente distribución: - sala Y comedor con vista exterior y con mucha luz, - terraza - La cocina cuenta con muebles altos y bajos - lavandería con buena ventilación - 2 Dormitorios con closet, ambos con cama queen - 2 Baños completos - 1 Baño de servicio o de visita - 1 Estacionamiento en sótano - área de 90 m² 2 dormitorios, 2 baños completos, baño de servicio O visita, sala Y comedor, terraza, cocina, lavandería, portero electrico, 1 estacionamiento, cuarto piso precio por temporada $10, 000 dolares ( 26 diciembre hasta semana santa inclusive) precio por mes $2, 800 dólares ( temporada verano) alquiler por año incluida temporada de verano: $980 dolares mensuales todos los gastos incluidos menos la luz Y mantenimiento llámame ahora Y consigue una cita antes de que lo separen. ¡que no te ganen! Contacto: jessica zimmer celular: 9. 8. 7. 9. 8. 2. 9. 7. 2 Jessicaz @ remaxexpo. Com|https://urbania.pe/inmueble/clasificado/alclapin-alquiler-de-departamento-en-punta-hermosa-punta-hermosa-2-dormitorios-147788233?n_src=Listado&n_pills=Amoblado&n_pg=1&n_pos=11|2026-02-01
urbania|departamentos|alquiler|Lima Sur|Punta Hermosa|"La Fragata 142
Punta Hermosa Norte, Punta Hermosa"|S/ 6,300 · USD 1,800|6300|1800|||"80 m² tot.
2 dorm.
2 baños
2 estac."|80|2|2|2|Alquiler departamento punta hermosa - verano 2026. Disfruta del mejor verano a pasos del mar en Playa Norte. Capacidad hasta 6 personas: ️ 2 habitaciones. * La habitación principal con cama Queen, closet y baño incorporado. * La segunda habitación con 2 camarotes y closet. 1 baño completo. Kitchenette equipada (nevera, microondas, artefactos, menaje) Ventiladores. tv, Wi-Fi. ️ Estacionamiento. Terraza. Extra: Acceso a terraza social en el edificio.|https://urbania.pe/inmueble/clasificado/alclapin-alquiler-de-departamento-en-punta-hermosa-norte-punta-hermosa-2-dormitorios-148149256?n_src=Listado&n_pills=Amoblado&n_pg=1&n_pos=12|2026-02-01
urbania|departamentos|alquiler|Lima Sur|Punta Hermosa|"28 de Julio - Punta Hermosa
Punta Hermosa, Punta Hermosa"|"S/ 172,500 · USD 1,800,000
5%"|172500|1800000|5%||"325 m² tot.
4 dorm.
4 baños
3 estac."|325|4|4|3|"Presentamos un espectacular departamento en primera fila en el Malecón 28 de Julio – Punta Hermosa. Ubicado en el Malecón 28 de Julio, con una vista directa e inigualable al mar, este departamento de alto lujo ofrece amplitud, comfort y acabados Premium. Se entrega totalmente amoblado, listo para disfrutar desde el primer día. Área total: 325 m² Precio Venta: $1 Ver datos. Precio Alquiler Temporada Verano (04 meses): $50 000. Ubicación: Punta Hermosa – Primera Fila. 03 cocheras en sótano + 01 depósito. distribución: * Sala con chimenea y sistema de sonido Bose. * Terraza con piscina temperada a gas, con vista panorámica al mar. * 04 habitaciones, todas con baño propio. * Sala familiar + sala de estar. * Cocina amplia y totalmente equipada. * Cuarto y baño de servicio. acabados Y detalles de lujo. Diseño moderno y elegante. amoblado Y detalles de lujo. Ambientes amplios, iluminados y con vista al mar. Un departamento exclusivo en ""Primera Fila"" en el Malecón 28 de Julio en Punta Hermosa, una experiencia única frente al océano. Contáctanos al Ver datos o Ver datos"|https://urbania.pe/inmueble/clasificado/veclapin-venta-de-departamento-en-punta-hermosa-punta-hermosa-4-dormitorios-148241546?n_src=Listado&n_pills=Piscina&n_pg=1&n_pos=13|2026-02-01
urbania|departamentos|alquiler|Lima Sur|Punta Hermosa|"PLAYA CABALLEROS
Caballeros, Punta Hermosa"|S/ 5,600 · USD 1,600|5600|1600||350|"126 m² tot.
3 dorm.
3 baños"|126|3|3||Hermoso departamento vista mar en playa caballeros. con piscina y parrillero recientemente estrenado de 130 m2/amoblado-equipado. Sala-comedor con cocina abierta. 03 dormitorios (principal con wc) 03 baños completos. Lavandería. Doble frente/terraza (mar y parque) Cerradura digital de ingreso al dpto. Ascensor. Techos y puertas altos. Salida directa a parque detrás|https://urbania.pe/inmueble/clasificado/alclapin-alquiler-de-departamento-en-caballeros-punta-hermosa-3-dormitorios-147379852?n_src=Listado&n_pills=Ascensor&n_pg=1&n_pos=14|2026-02-01
urbania|departamentos|alquiler|Lima Sur|Punta Hermosa|"LA FRAGATA
Punta Hermosa, Punta Hermosa"|S/ 6,300 · USD 1,800|6300|1800|||"80 m² tot.
2 dorm.
2 baños
2 estac."|80|2|2|2|Alquiler departamento punta hermosa - verano 2026. Disfruta del mejor verano a pasos del mar en Playa Norte. Capacidad hasta 6 personas: ️ 2 habitaciones. * La habitación principal con cama Queen, closet y baño incorporado. * La segunda habitación con 2 camarotes y closet. 1 baño completo. Kitchenette equipada (nevera, microondas, artefactos, menaje) Ventiladores. tv, Wi-Fi. ️ Estacionamiento. Terraza. Extra: Acceso a terraza social en el edificio.|https://urbania.pe/inmueble/clasificado/teclapin-alquiler-temporal-de-departamento-en-punta-hermosa-punta-hermosa-2-dormitorios-147444167?n_src=Listado&n_pills=Amoblado&n_pg=1&n_pos=15|2026-02-01
urbania|departamentos|alquiler|Lima Sur|Punta Hermosa|"Malecón Sur
Punta Hermosa, Lima"|S/ 20,580 · USD 6,000|20580|6000||475|"155 m² tot.
3 dorm.
3 baños
2 estac."|155|3|3|2|Alquilo primera fila moderno Y exclusivo departamento con vista panorámica al mar Y A la isla. disponible: mes de marzo (Incluye Semana Santa). $ 6, 000. Departamento en sexto piso, en primera fila, frente al mar, al malecón Paseo de los Tablistas y a la Isla. Totalmente equipado y amoblado, excelentes acabados, muy buena distribución, iluminación y ventilación, consta de: • Ingreso. Sala con mueble-bar. Comedor con mesa de madera con 5 sillas y banqueta (para 9-10 personas). • Terraza con piscina spa y sillas de terraza. • Cocina de diseño con isla acabado con piedra sinterizada y bancos altos de madera. Totalmente equipado con todas las comodidades. • Baño de visita con mesada de granito color negro y mueble empotrado. Closet de ropa blanca en pasadizo. • 1º Dormitorio Principal: Cama King, 2 mesas de noche, closet y mueble para el televisor, baño incorporado con 2 ovalines. • 2º Dormitorio con cama matrimonial, 2 mesas de noche, banqueta, closet y baño incorporado. • 3º Dormitorio con cama camarote de 2 plazas y 1. 5 plaza, televisor, closet y baño incorporado. • Lavandería, cuarto y baño de servicio. Lavadora y secadora. Estacionamiento doble líneal. • Aire acondicionado. Ascensor directo. Vigilancia con cámaras de seguridad, amplio patio para tablas y artículos deportivos. Zona tranquila con vigilancia. Informes: Ana Abad de Coll. Celular: 9. 9. 9. 0. 4. 7. 6. 3. 2|https://urbania.pe/inmueble/clasificado/alclapin-alquiler-de-departamento-en-punta-hermosa-lima-3-dormitorios-147657763?n_src=Listado&n_pills=Guardian%C3%ADa%2FSeguridad+privada&n_pg=1&n_pos=16|2026-02-01
urbania|departamentos|alquiler|Lima Sur|Punta Hermosa|"Escalera 16 - Malecon Superior
Caballeros, Punta Hermosa"|"S/ 16,750 · USD 5,000
21%"|16750|5000|21%|350|"205 m² tot.
5 dorm.
4 baños
2 estac."|205|5|4|2|Amplia y moderna casa en la playa, con gran terraza frente al mar, piscina privada y parrilla, ideal para disfrutar en familia o con amigos. Características principales: Piscina privada y área de parrilla con vista al mar. Amplia sala comedor con acceso directo a la terraza. 5 dormitorios en total. Dormitorio principal con walk-in closet y baño incorporado, tv Smart. Cocina totalmente equipada: horno convencional, microondas, refrigeradora, menaje completo (licuadora, sanguchera, waflera, hervidornde huevos, vinera). Baño de visita. Segundo piso: 1 dormitorio con closet y baño incorporado, tv smart. 2 dormitorios adicionales que comparten un baño. Sala de estar. 1 habitacion con baño (servicio) Mes de Marzo: $5, 000 /mes. Otros meses a tratar. (Disponible de marzo al 15 de Diciembre 2026) Cuenta con wf. Consumo de luz a cargo del inquilino. Contactarse con Norma Sánchez - 9. 5. 2. 9. 6. 0. 0. 5. 6|https://urbania.pe/inmueble/clasificado/alclapin-alquiler-de-departamento-en-caballeros-punta-hermosa-5-a-mas-dormitorios-147315664?n_src=Listado&n_pills=Piscina&n_pg=1&n_pos=17|2026-02-01
urbania|departamentos|alquiler|Lima Sur|Punta Hermosa|"Malecón superior 1111
Punta Hermosa, Lima"|S/ 6,400 · USD 1,900|6400|1900||350|"132 m² tot.
4 dorm.
3 baños
2 estac."|132|4|3|2|Opcion 1. disponible solo marzo con semana santa. * Marzo + Semana Santa=usd4, 0Ver datos hasta el 8/04/2026) Garantía reembolsable: usd1, 000. opcion 2. *todo el año=usd1, 900 mensuales. Condiciones: 2 meses de garantía por 1 mes de renta adelantada. La renta incluye costo de cable, internet Y arbitrios. mantenimiento: S/350 (incluye consumo de agua) Ven a disfrutar de este verano en playa Caballeros y si deseas vivir todo el año, también te ofrecemos la oportunidad de permanecer por larga temporada! Dpto full amoblado Y equipado ubicado en segundo piso con ascensor. Vista panorámica al oceáno. Primera fila. Capacidad: hasta para 8 personas cómodamente instaladas. Tu mascota sera bienvenida! Este acogedor dpto te ofrece las siguientes caracterísiticas: Área techada de 132mt² 3 amplios dormitorios. Todos con clósets integrados. 1 dormitorio con baño incorporado para huéspedes. El dormitorio principal viene con cama queen, baño incorporado con acabados de porcelanato en pisos y puertas de vidrio templado en ducha. El segundo dormitorio secundario viene con cama de 2 plazas. El tercer dormitorio secundario viene con un camarote y cama de plaza y media. 1 baño completo compartido por los 2 dormitorios secundarios con los mismos acabados del baño integrado al dormitorio principal. Amplia y confortable sala comedor con vista al mar. Balcón terraza con una maravillosa vista a la playa y al océano! Los Sunsets están asegurados! En esta terraza disfrutarás de hacer parrillas en un Kamado! Cocina abierta con larga barra de granito y base enchapada en porcelanato amaderado. Repostero altos y bajos. Cuarto de servicio (o de huéspedes) considerado como un 4to dormitorio con cama de una plaza y baño incorporado. Lavandería con lavaseca y Therma de 80 litros. 2 Estacionamientos lineales techados. Puerta principal con cerradura digital. El edificio cuenta con red de agua potable. Guardianía. Ubicación ideal con una vista impresionante al océano. A un paso de la escalera Nro 6 de acceso a la playa Caballeros. tu verano empieza en playa caballeros!! Contáctame para agendar tu visita!|https://urbania.pe/inmueble/clasificado/alclapin-alquiler-de-departamento-en-punta-hermosa-lima-4-dormitorios-147531751?n_src=Listado&n_pills=Parrilla&n_pg=1&n_pos=18|2026-02-01
urbania|departamentos|alquiler|Lima Sur|Punta Hermosa|"malecon superior
Caballeros, Punta Hermosa"|S/ 5,700 · USD 1,500|5700|1500|||"138 m² tot.
3 dorm.
2 baños
1 estac."|138|3|2|1|Excelente departamento con vista a la playa caballeros, consta de 3 dormitorios, 3 baños, terraza y piscina, esta amoblado, con todos los servicios de wife, cable, mantenimiento, seguridad, todo el año, precio $1, 500 dolares por contrato de año, 2 de garantía y uno de adelanto, tambien se alquila por mes de marzo y semana santa, llamar a los teléfonos Ver datos|https://urbania.pe/inmueble/clasificado/alclapin-alquiler-de-departamento-en-caballeros-punta-hermosa-3-dormitorios-62156666?n_src=Listado&n_pills=Guardian%C3%ADa%2FSeguridad+privada&n_pg=1&n_pos=19|2026-02-01
urbania|departamentos|alquiler|Lima Sur|Punta Hermosa|"PLAYA SEÑORITAS
Punta Hermosa, Punta Hermosa"|S/ 49,600 · USD 14,600|49600|14600|||"123 m² tot.
2 dorm.
2 baños
1 estac."|123|2|2|1|Temporada de verano. Del 15/12/25 al 06/04/26. $14, 600 (+serv/sin impuesto) No incluye ropa de cama|https://urbania.pe/inmueble/clasificado/alclapin-alquiler-de-departamento-en-punta-hermosa-punta-hermosa-2-dormitorios-147823363?n_src=Listado&n_pills=Ascensor&n_pg=1&n_pos=20|2026-02-01
urbania|departamentos|alquiler|Lima Sur|Punta Hermosa|"Punta Hermosa
Punta Hermosa, Lima"|S/ 31,500 · USD 9,000|31500|9000|||"85 m² tot.
4 dorm.
3 baños"|85|4|3||Se alquila lindo dpto de 85mt2 situado en el balneario de punta hermoso dentro de un exclusivo condominio. El dpto se encuentra en un primer piso, edificio solo de tres pisos, un dpto por piso, cuatro habitaciones, sala comedor cocina abierta estilo americana con reposteros altos y bajos, zona para la lavandería, dormitorio principal con baño incorporado. Adicionalmente el edificio cuenta con una zona para hacer reuniones, piscina, zona de parrilla, full amoblado. Se alquila toda la temporada. Precio por temporada: $9000. Precio de 30 al 2: $1500. Precio por un mes ; $3000|https://urbania.pe/inmueble/clasificado/alclapin-alquiler-de-departamento-en-punta-hermosa-lima-4-dormitorios-148502203?n_src=Listado&n_pills=Amoblado&n_pg=1&n_pos=21|2026-02-01
urbania|departamentos|alquiler|Lima Sur|Punta Hermosa|"playa caballero
Punta Hermosa, Punta Hermosa"|S/ 5,790 · USD 1,500|5790|1500|||"130 m² tot.
3 dorm.
3 baños
2 estac."|130|3|3|2|Departamento frente playa caballeros con piscina en terraza, de estreno. Segundo piso elevado. Ideal para pasar un vacaciones con vista preciosa e incluso al encontrarse a 30 min de Lima se puede vivir con todas las comodidades de todo tipo bancarios y comerciales. 1 cocina americana. 3 habitaciones (habitación principal con baño propio, balcón que comparte habitación principal y secundaria, con vista al parque). 1 piscina. 1 terraza vista al mar. 1 habitación o área de lavandería. temporada de verano Ver datos mil dólares enero hasta semana santa. semana verano 2500 dólares|https://urbania.pe/inmueble/clasificado/alclapin-alquiler-de-departamento-en-punta-hermosa-punta-hermosa-3-dormitorios-65100161?n_src=Listado&n_pills=%C3%81rea+de+lavander%C3%ADa&n_pg=1&n_pos=22|2026-02-01
urbania|departamentos|alquiler|Lima Sur|Punta Hermosa|"Caleta Doc
Punta Hermosa, Punta Hermosa"|S/ 3,350 · USD 1,000|3350|1000||200|"220 m² tot.
3 dorm.
3 baños
1 estac."|220|3|3|1|Exclusivo departamento ubicado en calle caleta doc, en el centro de punta hermosa cerca A toda la zona comercial disponible para alquiler temporal. Mayo A diciembre. temporada del 26 de diciembre hasta semana santa 11. 500 dolares. 3 habitaciones. 3 baños. terrraza con bbq. piscina temperada. habitacion principal con baño incorporado Y walkin closet. Cocina americana. sala yncocina totalmente equipada. amoblada|https://urbania.pe/inmueble/clasificado/alclappa-alquiler-de-departamento-en-punta-hermosa-punta-hermosa-3-dormitorios-148771655?n_src=Listado&n_pills=Parrilla&n_pg=1&n_pos=23|2026-02-01
urbania|departamentos|alquiler|Lima Sur|Punta Hermosa|"Av malecón superior
Punta Hermosa, Punta Hermosa"|S/ 8,100 · USD 2,500|8100|2500||590|"129 m² tot.
3 dorm.
3 baños
2 estac."|129|3|3|2|¡exclusivo departamento frente al mar! Punta Hermosa - Vista Imponente al Océano Pacífico. ¡Disfruta de unas vacaciones de ensueño en este impresionante departamento ubicado en primera fila frente al mar en Punta Hermosa! Con una vista panorámica al océano Pacífico, este departamento es el lugar perfecto para relajarte y disfrutar del sol, la arena y el mar. Detalles del departamento: - Ubicación: Punta Hermosa, primera fila frente al mar. - 3 habitaciones: Amplias y luminosas, con vistas al mar. - 3 baños: Modernos y elegantes, con acabados de alta calidad. - 2 cocheras: Amplias y seguras, para tu comodidad. - Piscina: Disfruta del sol y la relajación en la piscina del edificio. - Balcón: Con vista al mar, perfecto para disfrutar del paisaje y la brisa marina. - Amoblado: El departamento está completamente amueblado y listo para ser disfrutado. Disponible. - Mes de Marzo: $4, 000. 00. - Mayo a Noviembre: $2, 500. 00. - Reservado Enero y Febrero (Disponible Marzo)!! - Garantia: $1, 000. 00. mantenimiento. -S/. 450. 00. ¿por qué elegir este departamento? - Ubicación exclusiva frente al mar en Punta Hermosa. - Vista panorámica al océano Pacífico. - Departamento amueblado y listo para ser disfrutado. - Amplias habitaciones y baños modernos. - Piscina y balcón con vista al mar. contacto: ¡No pierdas la oportunidad de disfrutar de unas vacaciones de ensueño en este exclusivo departamento! Contacta hoy mismo para obtener más información y reservar tu estadía. ¡Reserva ahora y haz que tus vacaciones sean inolvidables! Ubicacion. Av Malecón Superior Manzana B. *Las medidas del anuncio son referenciales*|https://urbania.pe/inmueble/clasificado/alclapin-alquiler-de-departamento-en-punta-hermosa-punta-hermosa-3-dormitorios-146682793?n_src=Listado&n_pills=Ascensor&n_pg=1&n_pos=24|2026-02-01
urbania|departamentos|alquiler|Lima Sur|Punta Hermosa|"Miramar Calle 8 Al200
Punta Hermosa, Lima"|S/ 3,360 · USD 1,000|3360|1000||150|"64 m² tot.
2 dorm.
2 baños
1 estac."|64|2|2|1|Alquiler de departamento de dos dormitorios en miramar, frente A parque. – Punta HermosaDepartamento en alquiler de dos dormitorios, totalmente amoblado y listo para mudarse y disfrutar de la temporada de verano, ubicado en un 2do piso, a una cuadra del malecón - frente a parque - Punta Hermosa. Esta completamente amoblado con línea blanca completa y mobiliario moderno. Excelente iluminación natural y una distribución funcional que aprovecha al máximo el entorno costero, ideal tanto para vivir como para estancias prolongadas. Características principales: cuenta con 64M2 2 dormitorios2 bañosTotalmente amobladoLínea blanca completaVista a parqueSegundo piso - escaleras Modalidades de alquiler: Temporada completa verano 2026: desde el 1 de febrero - hasta Semana Santa usd 3800 Alquiler anual: usd 1000 mensuales|https://urbania.pe/inmueble/clasificado/alclapin-alquiler-de-departamento-en-punta-hermosa-lima-2-dormitorios-148820028?n_src=Listado&n_pills=Amoblado&n_pg=1&n_pos=25|2026-02-01
urbania|departamentos|alquiler|Lima Sur|Punta Hermosa|"Malecón Superior 2173, Punta Hermosa
Punta Hermosa, Lima"|S/ 3,500 · USD 1,000|3500|1000|||"119 m² tot.
3 dorm.
2 baños
2 estac."|119|3|2|2|Hermoso departamento con vista al mar en playa Señoritas, Punta Hermosa. Se alquila moderno departamento, con capacidad para siete personas. Espectacular vista al mar. Ubicado a sólo 43 km. Al sur de Lima, en el exclusivo malecón Superior de la playa Señoritas. - Ascensor directo al departamento- Vigilancia permanente- 3 dormitorios (principal con baño incorporado) - 1 baño completo que comparten las habitaciones secundarias. - 1 baño visita- Kitchenette- Lavandería- Terraza con jacuzzi privado y zona de parrilla- 2 estacionamientos (lineal, techado) - Totalmente amoblado y equipadoEl inmueble se encuentra en zona residencial, tranquila, ideal para vivir o disfrutar de fines de semana y vacaciones. A pocos minutos de restaurantes, minimarkets y servicios diversos. ¡Excelente oportunidad para disfutar del estilo de vida frente al mar! Disponible para rentas temporales. A tratar. Renta anual disponible a partir del 7 de abril, 2026. T. C. 3. 50Tipo de cambio referencial, sujeto a variación diaria por fluctuación del mercado|https://urbania.pe/inmueble/clasificado/alclapin-alquiler-de-departamento-en-punta-hermosa-lima-3-dormitorios-147925691?n_src=Listado&n_pills=Ascensor&n_pg=1&n_pos=26|2026-02-01
urbania|departamentos|alquiler|Lima Sur|Punta Hermosa|"Calle LIBERTAD 400
Punta Hermosa, Lima"|S/ 8,425 · USD 2,500|8425|2500||400|"140 m² tot.
3 dorm.
3 baños
1 estac."|140|3|3|1|Departamento Duplex amoblado, muy bien ubicado a media cuadra del Malecon Central de Punta Hermosa, con vista parcial al mar. Tiene pisos cerámicos en todas las áreas y vidrios templados. Edificio familiar de 5 departamentos distribuidos en 3 pisos. Sala-Comedor, kitchenette con reposteros altos y bajos que incluye campana extractora y línea blanca. Cuenta con 3 dormitorios y 3 baños completos, el dormitorio principal con cama queen Size, 2 closets y baño incorporado. Dormitorio secundario 1 que cuenta con un closet y dos camarotes (4camas) que comparte 1 baño completo con la visita. En el segundo piso está el Dormitorio secundario 2 con dos camarotes (4camas) tiene un closet de repisas y baño incorporado. Área de lavandería con dos téndales de madera plegables, un depósito con terma eléctrica, sol y sombra de madera con área de parrilla. El departamento cuenta con una cochera techada, intercomunicador y portero eléctrico. El precio del alquiler no incluye el. consumo de luz ni mantenimiento. El mantenimiento asciende aproximadamente a S/. 400. 00 por temporada de verano, este monto incluye el consumo de agua. Solo disponible en alquiler: Del 03 de marzo 2026 al 12 de abril (12 am) us $ 2, 500. Info y citas patricia +Ver datos.|https://urbania.pe/inmueble/clasificado/alclapin-alquiler-de-departamento-en-punta-hermosa-lima-3-dormitorios-144997662?n_src=Listado&n_pills=%C3%81rea+de+lavander%C3%ADa&n_pg=1&n_pos=27|2026-02-01
urbania|departamentos|alquiler|Lima Sur|Punta Hermosa|"costa peruana
El Silencio, Punta Hermosa"|S/ 5,270 · USD 1,500|5270|1500||449|"127 m² tot.
4 dorm.
3 baños
2 estac."|127|4|3|2|Departamento en Piso 3 – Excelentes acabados – Señoritas – Edificio Bahia Blanca. Amoblado equipo full. Contrato por 12 meses us $ 1500. mensual. Temporada de Verano ( Completa) us Ver datos. Son 127 metros2 Terraza, 4 habitaciones, 3 baños completos, amplia sala y comedor - baño de visitas, cocina (con línea blanca completa) americana o integrada a la sala - comedor, zona de lavandería, terraza con parrilla y piscina con sistema de calentador y jacuzzi, 2 estacionamientos lineales y deposito. Dormitorio principal con cama king (2), con un baño completo incorporado y walking closet. Un dormitorio secundario con una cama de dos plazas (2) y camarote arriba de plaza y media( 1) y un amplio closet (2). Otra habitación secundaria con una cama plaza y media (1) y camarote de plaza y media abajo y arriba (2) con sus respectivo closet. Las habitaciones secundarias comparten un baño completo. Cuarta habitación con un camarote de plaza y media arriba y abajo (2) un closet pequeño y otro baño completo para compartir. Zona de lavandería y tendal. 2 estacionamientos lineales y depósito grande. Disponible 15 de diciembre para contrato anual. Mantenimiento s/ 449 más el servicio de agua potable de Sedapal. Whatsapp Ver datos – Ver datos. Año completo us $ 18000 son unos us $ 1, 500 al mes|https://urbania.pe/inmueble/clasificado/alclapin-alquiler-de-departamento-en-el-silencio-punta-hermosa-4-dormitorios-148041734?n_src=Listado&n_pills=%C3%81rea+de+lavander%C3%ADa&n_pg=1&n_pos=28|2026-02-01
urbania|departamentos|alquiler|Lima Sur|Punta Hermosa|"calle caleta doc 135 punta hermosa
Punta Hermosa Norte, Punta Hermosa"|S/ 1,800 · USD 550|1800|550|||"32 m² tot.
1 dorm.
1 baño"|32|1|||E L I Z A B E T H R I S C H M O L L E R 9 9 8 1 2 9 5 7 1. ¡vista al mar! Alquiler de Mini Departamento de Estreno – Punta Hermosa. Se alquila mini departamento de estreno, totalmente amoblado y listo para mudarse, ubicado en cuarto piso dentro de una casa con ingreso completamente independiente, frente a Playa Norte – Punta Hermosa. La propiedad cuenta con 1 dormitorio, línea blanca completa y mobiliario moderno, ofreciendo una vista directa al mar hacia Pico Alto y Playa El Paso. Destaca por su excelente iluminación natural y una distribución funcional que permite disfrutar al máximo del entorno costero, ideal tanto para vivienda permanente como para estancias prolongadas. Además, el inmueble ofrece área social comunitaria, perfecta para relajarse luego de un día de playa. Su ubicación estratégica permite fácil acceso a los restaurantes más concurridos, cafeterías y a los principales puntos comerciales de Punta Hermosa. Características principales: • Área: 32 m² • 1 dormitorio. • 1 baño. • Totalmente amoblado. • Línea blanca completa. • Vista directa al mar. • Cuarto piso. • Ingreso independiente. • Área social comunitaria. Modalidades de alquiler: • Temporada completa verano 2026: usd 3, 000. (Desde el 26 de diciembre hasta Semana Santa) • Alquiler anual: usd 550 mensuales (incluye luz y agua) No cuenta con estacionamiento ni con internet. Contáctanos para mayor información o para coordinar una visita.|https://urbania.pe/inmueble/clasificado/alclapin-alquiler-de-departamento-en-punta-hermosa-norte-punta-hermosa-1-dormitorio-148571149?n_src=Listado&n_pg=1&n_pos=29|2026-02-01
urbania|departamentos|alquiler|Lima Sur|Punta Hermosa|"Costa Peruana 1000
Se´┐¢oritas, Punta Hermosa"|S/ 42,000 · USD 12,000|42000|12000||300|"156 m² tot.
3 dorm.
4 baños
2 estac."|156|3|4|2|Alquilo Departamento Vista al Mar en Playa Señoritas ( Playa mas grande y arenosa) , Terraza con Zona de Parrilla y Piscina, Sala, Cocina - Comedor, Sala de estar, Lavandería, 3 habitaciones y 1 Cuarto de Servicio, Habitación Principal con Baño Incorporado y Terraza Interna, el Departamento tiene cama para 12 personas, Cochera para 2 autos, Ascensor Directo al Dpto. , Seguridad las 24 horas del día. Se alquila $12, 000 desde año nuevo hasta semana santa|https://urbania.pe/inmueble/clasificado/alclapin-alquiler-de-departamento-en-se-oritas-punta-hermosa-3-dormitorios-13420419?n_src=Listado&n_pills=Piscina&n_pg=1&n_pos=30|2026-02-01
urbania|departamentos|alquiler|Lima Sur|Punta Hermosa|"Playa Señoritas
Punta Hermosa, Lima"|S/ 43,738 · USD 13,000|43738|13000||500|"240 m² tot.
4 dorm.
3 baños
2 estac."|240|4|3|2|Alquilo Penthouse en playa por temporada en Punta Hermosa, Playa Señoritas (ex Caballeros) por el malecón de 240 m2 divididos en 2 pisos. 1° piso: Comedor con 8 sillas, sala sofá en cuero y cocina americana con cooktop, campana, horno eléctrico, mini horno, microondas, cafetera, airflyer, hervidor, tostadora, licuadora. Lavabo. Pasillo para los cuartos 1, 2 y 3, sala de lectura/homeoffice, lavabo y baño. Cuarto principal suite con cama king, tv 40, armario completo, espejo en la puerta. Cuarto 2 con cama 2 plazas, tv 32 sofá descanso. Cuarta 3 con cama 2 plazas, armario completo. Baño que atiende a los cuartos 2 y 3. Espacio al lado de la escalera para sillas de playa, cooler, sombrillas. Sala de leitura y homeoffice. Escalera para 2 piso. piso 2. Cuarto 4 con suite cama Queen, armario completo. Sala de reuniones con tv65, sofá Rosen, cava de vino, aparato de dj y sonido, aire acondicionado portátil, cafetera cápsulas Baño completo. Mini sala con sofá cama para 2 personas. Terraza con piscina, parrilla, cama de sol, hamaca, mesa con 4 bancos altos. Amplia lavandería con lavadora y termo 80L. Temporada de 29 de diciembre a 06 abril: $18, 000 (ya con mantenimiento) Meses (enero, febrero, marzo) $6, 500 (ya con mantenimiento) Todos los armarios tienes barras elétricas. Todos los baños son con box de vidrio y ducha higiénica. Vistas espectaculares de Señoritas (ex Caballeros) y Pico Alto. Cochera 2 altos linear, ascensor directo. Interesados tratar al Ver datos, con Vanessa Seabra. disponible P febrero hasta semana santa.|https://urbania.pe/inmueble/clasificado/alclapin-alquiler-de-departamento-en-punta-hermosa-lima-4-dormitorios-148174704?n_src=Listado&n_pills=Parrilla&n_pg=2&n_pos=1|2026-02-01
urbania|departamentos|alquiler|Lima Sur|Punta Hermosa|"Malecon Superior
Punta Hermosa, Lima"|S/ 101,175 · USD 30,000|101175|30000|||"257 m² tot.
5 dorm.
4 baños
2 estac."|257|5|4|2|"Alquiler de departamento dúplex – punta hermosaalquiler por temporada de verano | usd 30, 000descripción generaldúplex ubicado en una de las mejores zonas de Punta Hermosa, ideal para disfrutar toda la temporada de verano con comodidad, amplitud y acceso rápido a la playa. Espacios bien distribuidos, excelente iluminación y ambiente perfecto para familias o grupos que buscan una estadía frente al mar. característicasdepartamento tipo dúplex, moderno y funcional. Sala y comedor con buena luz natural, cocina equipada, dormitorios cómodos y áreas pensadas para disfrutar del verano. ventajasubicación estratégica a pocos pasos de la playa. Edificio seguro, zona tranquila y cercana a comercios, restaurantes y el malecón. Ideal para disfrutar toda la temporada sin preocupaciones. condicionesalquiler por temporada completa (Comienza desde el 15/12 /2025- 15/03/2026) Precio: usd 30, 000Consultar disponibilidad y requisitos. contactocoordina una visita o solicita más información."|https://urbania.pe/inmueble/clasificado/alclapin-alquiler-de-departamento-en-punta-hermosa-lima-5-a-mas-dormitorios-148330606?n_src=Listado&n_pg=2&n_pos=2|2026-02-01
urbania|departamentos|alquiler|Lima Sur|Punta Hermosa|"Av. Costa Peruana 2128
Caballeros, Punta Hermosa"|S/ 5,100 · USD 1,600|5100|1600||400|"128 m² tot.
3 dorm.
3 baños
2 estac."|128|3|3|2|Hermoso departamento sin muebles, con una vista espectacular frente al mar, en playa Caballeros, Punta Hermosa. Disponible A partir del mes de abril (despues de semana santa). Se alquila por un año minimo. El departamento cuenta con una linda terraza con vista al mar, sala y comedor amplios e iluminados, cocina abierta estilo americana, con acabados de primera, mesón de granito, reposteros de melamine altos y bajos, cocina y horno empotrados, campana extractora. Tiene 3 dormitorios, el principal con cama king size, balcón y una linda vista al mar, con baño incorporado, el segundo dormitorio tiene 2 camarotes (4 personas), el tercer dormitorio tiene 1 camarote con cama de 2 plazas abajo y una de plaza y media arriba (para 3 personas), ambos dormitorios secundarios comparten un baño completo, lavandería equipada con lavadora y secadora, baño de servicio, 2 estacionamientos y ascensor, El departamento tiene una capacidad para 9 personas. Alquiler mensual por un año us$1, 600 dolares. *El tipo de cambio es referencial|https://urbania.pe/inmueble/clasificado/alclapin-alquiler-de-departamento-en-caballeros-punta-hermosa-3-dormitorios-141940050?n_src=Listado&n_pills=Ascensor&n_pg=2&n_pos=3|2026-02-01
urbania|departamentos|alquiler|Lima Sur|Punta Hermosa|"Calle Talara
Punta Hermosa, Punta Hermosa"|S/ 2,600 · USD 750|2600|750||100|"165 m² tot.
4 dorm.
3 baños
1 estac."|165|4|3|1|Vive en Punta hermosa todo el año en un lindo duplex de 165 m2 en 3er y 4to piso. Amplia Sala & comedor con sofas y sofá cama, cocina equipada con Encimera, horno, refrigerador, lavadora, 1dorm principal con baño incorporado, cama queen, el 2ndo dormitorio tiene 2 camarotes y una cama adicional con monitor. En el 2ndo piso se encuentra una sala de estar con kitchenet implementado con frigobar totalmente equipado. Tambien se encuentra el 3er dormitorio con una cama de 2 plaza, un baño completo y el 4to dormitorio con 1 plaza, La sala de estar da salida a una linda Terraza con muebles de comedor y parrilla. Tiene tanque de agua potable. Garantia 2 x1, contrato anual. Si se desea contrato por temporada de verano por favor también comunícate. Usd 8, 500 temporada. tipo de cambio referencial|https://urbania.pe/inmueble/clasificado/alclapin-alquiler-de-departamento-en-punta-hermosa-punta-hermosa-4-dormitorios-143853796?n_src=Listado&n_pills=Amoblado&n_pg=2&n_pos=4|2026-02-01
urbania|departamentos|alquiler|Lima Sur|Punta Hermosa|"Malecon Playa Pulpos. Punta Hermosa
Punta Hermosa, Lima"|S/ 22,200 · USD 6,000|22200|6000||1|"285 m² tot.
3 dorm.
3 baños
2 estac."|285|3|3|2|Alquilo o Vendo Departamento en Playa Punta Hermosa km 40, Playa Pulpos. (Ref: Playa Pulpos, Club Asociacion El Barco km 35). Venta: us$ 570, 000 dolares. Alquiler: us$ 6, 000 dolares. Area Ocupada: 285 m2, Area Construida: 280 m2. Amoblado y equipado, 1 sala, chimenea, comedor, comedor de diario, cocina cerrada, lavandería, estar familiar, 3 dormitorios, 3. 0 baños, 2 baños incorporados, 1 cuarto de servicio, 1 baño de servicio, 2 cocheras tipo estacionamiento(s), pisos de porcelanato en área privada, pisos de porcelanato en área social, 5 camas, terraza de 1. 00 m2, piscina, parrilla. Estacionamiento para visitantes, piso 1, 1 departamento por piso. Guardianía, se permiten mascotas, playa pulpos, fila n°1, flat, frente al mar, impecable. Alquiler Diciembre $4, 000Lindo Dpto. Con Salida y Vista Al Mar. Vista Privilegiada. - Terraza Amplia con bbq. - Principal con Cama Queen, Baño Incorporado y Closet amplio- Dorm. 2 con Dos Camarotes de 1 1/2 plazas (4 Personas) con Baño Incorporado y closet amplio- Dorm. 3 con Dos Camarotes de 1 1/2 plazas (5 personas, una de las camas de abajo se amplio a dos plazas) - Piscina con DeckMeses de invierno $3, 100Todo el año $37, 000ldr|https://urbania.pe/inmueble/clasificado/alclapin-alquiler-de-departamento-en-punta-hermosa-lima-3-dormitorios-146768903?n_src=Listado&n_pills=%C3%81rea+de+lavander%C3%ADa&n_pg=2&n_pos=5|2026-02-01
urbania|departamentos|alquiler|Lima Sur|Punta Hermosa|"Grau 553
Punta Hermosa, Punta Hermosa"|S/ 15,450 · USD 4,600|15450|4600||640|"158 m² tot.
4 dorm.
3 baños
2 estac."|158|4|3|2|Departamento en Piso 2 – Excelentes acabados – Estreno en El Paso – Punta Hermosa. Amoblado equipo full – Disponible febrero, Marzo y Semana Santa. Calle Grau 558 Dpto 2xx. Son 158 metros2 Terraza, 3 habitaciones, 2 baños completos y medio, amplia sala y comedor - baño de visitas, cocina (con línea blanca completa) americana o integrada a la sala - comedor, zona de lavandería, terraza con parrilla y con piscina en zona comun 2 estacionamientos en paralelo y deposito. Dormitorio principal con cama king (2), con un baño completo incorporado y walking closet. Un dormitorio secundario con una cama de dos plazas (2). Otra habitación secundaria con una cama plaza y media (1) y otra cama de dos plazas (2) con sus respectivo closet. Las habitaciones secundarias comparten un baño completo. Cuarta habitación de servicio con una cama de plaza y media (1) y con un baño completo incorporado. Zona de lavandería y tendal. 2 estacionamientos en paralelo. Zona común con piscina, terraza amoblada con zona de parrilla y con comedor. Mantenimiento s/ 640 más el servicio de agua potable de Sedapal. Ferbero us $ 4600, Marzo us $ 3700 Semana santa us $ 2000. Semana santa y marzo us $ 5000. Whatsapp Ver datos – Ver datos. Año completo us $ 18, 600 son unos us $ 1, 550 al mes|https://urbania.pe/inmueble/clasificado/alclapin-alquiler-de-departamento-en-punta-hermosa-punta-hermosa-4-dormitorios-148625712?n_src=Listado&n_pills=%C3%81rea+de+lavander%C3%ADa&n_pg=2&n_pos=6|2026-02-01
urbania|departamentos|alquiler|Lima Sur|Punta Hermosa|"AVENIDA COSTA PERUAN 1106 PUNTA HERMOSA
Caballeros, Punta Hermosa"|S/ 60,000 · USD 260,000|60000|260000||500|"184 m² tot.
3 dorm.
3 baños
1 estac."|184|3|3|1|¡¡bajamos de precio!! ¡Venta o alquiler de exclusivo dúplex en Punta Hermosa! Se escuchan ofertas serias! Descubre tu refugio ideal en Punta Hermosa, el destino perfecto para disfrutar del estilo de vida costero sin alejarte de Lima. Este amplio dúplex te ofrece una experiencia única en uno de los lugares más lindo y requerido del sur de Lima. Ubicado estratégicamente en el tercer y cuarto piso de un edificio con vistas inigualables al mar, este departamento te invita a disfrutar de la tranquilidad y el encanto de la playa durante todo el año. Perfecto tanto para quienes buscan una residencia permanente, como para quienes desean una escapada veraniega. Características destacadas: • Amplia sala-comedor en el tercer piso, conectada a una terraza de 12 m², ideal para momentos inolvidables frente al mar. • Vistas panorámicas al océano desde ambos niveles, ofreciéndote un espectáculo natural cada día. • Ubicación privilegiada, fácil acceso a la playa y a pocos minutos de Lima, en el corazón de la vibrante comunidad de Playa Caballeros. Vive la experiencia de Punta Hermosa: Disfruta de deportes acuáticos, deliciosos restaurantes y un ambiente relajado que te invita a desconectar y recargar energías. Aquí, cada día es una nueva aventura junto al mar. Opciones disponibles: • Precio de Venta: us$ 285, 000. • Precio de Alquiler: us$ 16, 000 por toda la temporada de verano 2025 (del 30 de diciembre de 2024 hasta Semana Santa 2025). Nota: Condiciones del Alquiler: Depósito de un (01) mes de garantía y el pago de S/. 400. 00 mensual por concepto de mantenimiento. No pierdas la oportunidad de vivir o disfrutar tus vacaciones en este exclusivo departamento frente al mar. ¡Contáctanos para más información o agendar una visita!|https://urbania.pe/inmueble/clasificado/veclapin-venta-de-departamento-en-caballeros-punta-hermosa-3-dormitorios-143313914?n_src=Listado&n_pills=Guardian%C3%ADa%2FSeguridad+privada&n_pg=2&n_pos=7|2026-02-01
urbania|departamentos|alquiler|Lima Sur|Punta Hermosa|"Av. Costa Peruana 1746
Se´┐¢oritas, Punta Hermosa"|S/ 50,000 · USD 13,500|50000|13500||400|"105 m² tot.
2 dorm.
2 baños
1 estac."|105|2|2|1|Venta - Lindo Departamento con una espectacular vista al mar. Ubicado en la Av Costa Peruna 17xx Playa Señoritas - Punta Hermosa. a unas cuadras del nuevo Boulevar gastronimico de Punta Hermosa a pocos minutos de los nuevos mall km40 y Boukevard Puntamar. Piso 2 con ascensor. Area Construida 105 m2 + Estacionamiento 11. 30 m2. Linda terraza. Sala comedor amplia. Cocina abierta con reposteros altos y bajos. 1 Dormitorio principal con vista al mar, closet y baño incluido. 2do Dormitorio Amplio con closet y baño incluido. 1 Estacionamiento en 1er Piso entrada independiente. Vigilancia y seguridad 24 horas. Bajo de Precio de Venta us$ 198, 000. Disponible. mas informacion para agendar una visita contactame!!|https://urbania.pe/inmueble/clasificado/alclapin-alquiler-de-departamento-en-se-oritas-punta-hermosa-2-dormitorios-145756091?n_src=Listado&n_pills=Amoblado&n_pg=2&n_pos=8|2026-02-01
urbania|departamentos|alquiler|Lima Sur|Punta Negra|"PACIFICO NORTE
Punta Negra, Punta Negra"|S/ 8,000 · USD 2,500|8000|2500|||"140 m² tot.
4 dorm.
3 baños
1 estac."|140|4|3|1|Hermoso departamento con vista panorámica Frente al club Punta Negra, vista al Mar. Mejor zona del punta Negra, en zona muy exclusiva de fácil acceso. 140m amoblado. sala comedor. cocina. 1 dormitorio. 3 dormitorios. 3 baños. area de lavanderia. vista al mar/ club. terraza. temporada 8 mil. enero Y febrero 6000|https://urbania.pe/inmueble/clasificado/alclapin-alquiler-de-departamento-en-punta-negra-punta-negra-4-dormitorios-4507264?n_src=Listado&n_pills=%C3%81rea+de+lavander%C3%ADa&n_pg=1&n_pos=1|2026-02-01
urbania|departamentos|alquiler|Lima Sur|Punta Negra|"Pacifico 414
Punta Negra, Lima"|S/ 2,999 · USD 860|2999|860||100|"78 m² tot.
2 dorm.
1 estac."|78|2||1|Imagina tenerlo todo en un solo lugar: la brisa del mar, el sonido de las olas y, al mismo tiempo, la comodidad de estar a pocos pasos de centros comerciales, restaurantes y las discotecas más concurridas de la zona. Aquí no solo vienes a descansar, también encuentras el equilibrio perfecto entre relax y diversión. Estos departamentos están pensados para quienes quieren escapar de la rutina, ya sea en un fin de semana lleno de momentos especiales o en una estadía más larga rodeados de amigos o familia. Con ambientes amplios, cómodos y listos para usarse, cada rincón invita a disfrutar y crear recuerdos que duran para siempre. Ubicación estratégica: cerca al mar, discotecas y centro comercial. 2do piso – 2 departamentos disponibles. Departamento 1: 80 m² bien distribuidos. Departamento 2: 90 m² con ambientes amplios. Ambos con características similares, pensados para tu confort y disfrute. Capacidad para 6 personas. Amoblados y cómodos, listos para mudarte y disfrutar desde el primer día. Características principales: 2 dormitorios amplios. 5 camas en total. 1 baño completo con agua caliente 24/7. A pocos pasos del mar. En plena zona de entretenimiento y comercios. Un lugar que combina descanso, diversión y la mejor ubicación para que tu estadía sea inolvidable. Agenda tu visita hoy mismo y descubre tu próximo plan frente al mar.|https://urbania.pe/inmueble/clasificado/alclapin-alquiler-de-departamento-en-punta-negra-lima-2-dormitorios-147557994?n_src=Listado&n_pg=1&n_pos=2|2026-02-01
urbania|departamentos|alquiler|Lima Sur|Punta Negra|"Pacifico sur 414
Punta Negra, Lima"|S/ 3,600 · USD 1,000|3600|1000||120|"160 m² tot.
4 dorm.
2 baños
2 estac."|160|4|2|2|Imagina despertar con la brisa marina, caminar solo unos minutos y disfrutar de la playa sin preocupaciones. Este departamento es ideal para compartir momentos únicos con familia o amigos, ya sea un fin de semana o toda una temporada. Aquí los buenos momentos se convierten en recuerdos que duran para siempre. Arma tu plan: Pasea por la orilla del mar y respira aire puro. Disfruta de una tarde de juegos y sonrisas con tu familia o amigos. Relájate con una bebida helada mientras cae el sol. Vive la noche escuchando el mar bajo un cielo estrellado. Este es tu espacio para desconectar de la rutina, relajarte y disfrutar de los buenos momentos. Ubicación privilegiada: a pocos pasos del mar. 1er piso – Ideal para familias con niños o adultos mayores, acceso directo y práctico. 3er piso – Espacio acogedor, bien ventilado y con iluminación natural. 4to piso – Vista fresca, luminosa y con mayor privacidad. Capacidad para 12 personas. Amoblado, listo para mudarte y disfrutar. Características principales: 4 dormitorios amplios. 2 baños completos. A pasos de la playa. Amoblado y cómodo. C. O. N. T. A. C. T. A. M. E.: 9. 2. 8. 1. 0. 5. 1. 0. 8. M. a. g. d. a. l. e. n. a. Agenda tu visita hoy y empieza a disfrutar de la vida frente al mar.|https://urbania.pe/inmueble/clasificado/alclapin-alquiler-de-departamento-en-punta-negra-lima-4-dormitorios-147556249?n_src=Listado&n_pg=1&n_pos=3|2026-02-01
urbania|departamentos|alquiler|Lima Sur|San Bartolo|"Malecón José de San Martin al 200
San Bartolo, Lima"|S/ 8,500 · USD 2,200|8500|2200||280|"104 m² tot.
3 dorm.
2 baños"|104|3|2||"Frente al mar | Full amoblado y equipado | A una cuadra del parque principal de San BartoloDisponible para alquiler por mes (Desde Febrero 2026) Ubicado en el segundo piso con vista directa al mar, a minutos del mercado de San Bartolo, parque Olaya, cafeterías y restaurantes de la zona. 104 m² | 3 dormitorios | 2 baños | Amoblado y con cocina equipada | Wifi y calefacciónDistribución: • Sala comedor amoblada con acceso directo a la terraza y hermosa vista al mar. • Cocina completamente equipada con electrodomésticos y menaje. • Dormitorio principal con cama King y baño incorporado. • Segundo dormitorio con cama individual y camarote. • Tercer dormitorio con camarote con cama matrimonial e individual. • Baño completo de visita y para dormitorios secundarios• Área de lavandería integradaCaracterísticas destacadas: • Apto para 8 personas• Edificio privado de solo 6 pisos• Excelente iluminación natural y ventilación. • Ubicado en zona céntrica y tranquila de San Bartolo, a pasos de parques, cafés y restaurantes."|https://urbania.pe/inmueble/clasificado/alclapin-alquiler-de-departamento-en-san-bartolo-lima-3-dormitorios-147937691?n_src=Listado&n_pills=Gimnasio&n_pg=1&n_pos=1|2026-02-01
urbania|departamentos|alquiler|Lima Sur|San Bartolo|"Ocean Reef
San Bartolo, Lima"|S/ 12,000 · USD 250,000|12000|250000|||"176 m² tot.
3 dorm.
2 baños
2 estac."|176|3|2|2|Venta de Departamento de Playa con Piscina en San Bartolo. Este hermoso y moderno Departamento tipo Triplex se encuentra en un 5to. Piso en el Condominio Ocean Reef en San Bartolo. El Condominio tiene áreas comunes como: Piscina para niños y Piscina para Adultos, Ingreso directo a la Playa, Área de juegos Infantiles, Gimnasio, Sala de Yoga, Zona de Parrillas, Sauna, Spa, Sala de Billar y Ping Pong, Sala de reuniones, Restaurante, Lavandería y Seguridad las 24 horas. El Departamento esta totalmente Amoblado y Equipado y consta de: 1er. Piso: Cocina abierta tipo Kitchenette. Sala Comedor. Balcón. Baño de visita. Cuarto y baño de servicio. Lavanderia. 2ndo. Piso: 3 Dormitorios (El Dormitorio principal tiene Baño incorporado y closet con una linda vista al Condominio y el 2ndo. Y 3er. Dormitorio tienen closet y un Baño completo afuera) 3er. Piso: Piscina. Terraza con área de Parrilla. 2 Cocheras paralelas. Desde el 3er. Piso se tiene una linda vista de la Playa. Tiene un área de 176. 26 metros y se lo alquilamos con Bicicletas si desean. Incluyen 3 bicicletas. **|https://urbania.pe/inmueble/clasificado/veclapin-venta-de-departamento-en-san-bartolo-lima-3-dormitorios-144347055?n_src=Listado&n_pills=Piscina&n_pg=1&n_pos=2|2026-02-01
urbania|departamentos|alquiler|Lima Sur|San Bartolo|"Calle San Martín
Rivera Norte, San Bartolo"|S/ 7,700 · USD 2,000|7700|2000||300|"110 m² tot.
4 dorm.
3 baños
2 estac."|110|4|3|2|Se alquila hermoso departamento amoblado con vista al mar – San Bartolo. Ubicado en la Av. San Martín, este bonito y amplio departamento ofrece una espectacular vista al mar y todas las comodidades para disfrutar en familia o con amigos. Características: - 4 dormitorios. - 3 baños completos. - Sala – comedor amplia e iluminada. - Terraza con vista directa al mar. - Cocina abierta con bar. - Totalmente amoblado. - 2 cocheras en línea. Capacidad: hasta 8 personas. Ideal para vivir todo el año o disfrutar de la temporada de verano en una de las mejores zonas de San Bartolo. Interesados comunicarse con Sandra Lucar al Ver datos|https://urbania.pe/inmueble/clasificado/alclapin-alquiler-de-departamento-en-rivera-norte-san-bartolo-4-dormitorios-148728996?n_src=Listado&n_pills=Ascensor&n_pg=1&n_pos=3|2026-02-01
urbania|departamentos|alquiler|Lima Sur|San Bartolo|"San Bartolo Lima
San Bartolo, Lima"|S/ 3,500|3500||||"60 m² tot.
1 dorm.
1 baño"|60|1|||Hermoso Penthouse en venta con Jacuzzi Privado con Calefacción e Hidromasaje en la terrazaUbicado a solo 12 minutos a pie de Playa Santa María del Mar. Construido en 2022, moderno, acogedor y completamente equipado. La propiedad cuenta con iluminación 100% natural y una decoración e iluminación muy cálidaPrecio es por un mes- 1 dormitorio- Sala de estar con tv de pantalla plana - Cocina equipada con nevera y microondas- 1 baño con ducha- Toallas, ropa de cama y lavadero incluidos- Wifi gratis- Hervidor eléctrico- Patio con vistas y ambiente únicorodeate de vida|https://urbania.pe/inmueble/clasificado/alclapin-alquiler-de-departamento-en-san-bartolo-lima-1-dormitorio-146705421?n_src=Listado&n_pills=Amoblado&n_pg=1&n_pos=4|2026-02-01
urbania|departamentos|alquiler|Lima Sur|San Bartolo|"Avenida 1 Mz. A Lt. 1playa Norte. Las Palmeras
San Bartolo, Lima"|S/ 3,400 · USD 1,000|3400|1000|||"55 m² tot.
1 dorm.
1 baño
1 estac."|55|1||1|Excelente oportunidad de vivir todo el año —o disfrutar la temporada de verano— en uno de los condominios más exclusivos y completos de San Bartolo. Departamento de 55 m², totalmente amoblado y equipado, con vista lateral al mar y al jardín interior. Ideal para quienes buscan confort, seguridad y acceso directo a la playa.? Características del Departamento• Área: 55 m²• 1 dormitorio con cama de 2 plazas, amplio clóset y baño completo• Kitchenette full equipada con barra de granito• Sala – comedor con futón (ideal para visitas) • Vista lateral al mar y al jardín interior• Totalmente amoblado y equipado• Estacionamiento + depósito en sótanoDisponible para alquiler anual o toda la temporada de verano. Áreas Comunes del CondominioOcean Reef ofrece una infraestructura de primer nivel: • 3 piscinas (adultos, familiar y niños) • Gimnasio y sala de yoga• Spa con cámara seca, vapor, ducha española y piscina de hidromasajes• Restaurante y jardines• Zona de parrillas (a gas y carbón) • Beach lockers, duchas y acceso directo a la playa• Lavandería y estacionamiento subterráneo• Guardianía 24/7Precio de Alquilerus$ 1, 000 mensualesUna excelente opción para quienes buscan vivir frente al mar con comodidad, seguridad y todas las comodidades de un condominio moderno. Ideal para temporada o residencia permanente.|https://urbania.pe/inmueble/clasificado/alclapin-alquiler-de-departamento-en-san-bartolo-lima-1-dormitorio-148318088?n_src=Listado&n_pills=%C3%81rea+de+lavander%C3%ADa&n_pg=1&n_pos=5|2026-02-01
urbania|departamentos|alquiler|Lima Sur|San Bartolo|"Av. Golf, al 800
San Bartolo, San Bartolo"|S/ 4,044 · USD 1,200|4044|1200||500|"110 m² tot.
2 dorm.
2 baños
1 estac."|110|2|2|1|Alquilo departamento duplex en san bartolo - ocean reef. Ven a disfrutar las comodidades de un exclusivo condominio con acceso directo a la playa y seguridad 24/7 a tan solo 40 mins de Lima, en san batolo. En el condominio hay piscinas, gimnasio, sala de yoga, juegos para niños y adolescentes, spa con saunas y jacuzzis, duchas y beach lockers, car wash, pet spa, centro de lavado y secado de ropa. En el moderno condominio de playa ocean reef y esplendida vista al mar. El departamento tiene una vista privilegiada a la bahía de la playa norte San Bartolo y del Peñascal. Es un concepto diferente y ofrece a sus residentes una serie de facilidades como una gran piscina para adultos, piscina para niños, bar y área de parrillas, amplias terrazas, sauna,, lockers de playa para artículos de deportes marinos, estacionamientos subterráneos, ascensores. El acceso a la playa es comodo, por encontrarse al nivel del malecón. El camino vehicular al condominio desde la carretera Panamericana Sur es directo y con entrada propia, lo cual evita tener que atravesar la zona urbana de San Bartolo. Ideal para la práctica del surfing por su cómodo acceso a una de las mejores zonas de Lima para ese deporte, el pilotaje de aviones ligeros por su cercanía al Club dedicado a ese deporte. Este Dpto duplex 110m2 de 2 dorms, 2 baños + area de servicio completa,, es de concepto abierto y con vista directa al mar. El departamento está elegantemente amoblado y equipado. En la primera planta tiene un dormitorio, un baño completo, una cocina de vitro cerámica y horno empotrado integrada al área social, conformada por la sala-comedor y balcón con vista al mar. El techo y la mampara son altos lo cual permite tener mucha luz y una vista espectacular a la bahía. En la segunda planta: el dormitorio principal abierto, con una baranda que da al área social del primer piso y con vista al mar, y un baño completo. Con un Smart tv, un pequeño escritorio y servicio de wifi y cable instalados. El departamento incluye un estacionamiento y un locker de playa. La línea blanca es eléctrica, terma, conjunto de lavadora-secadora, refrigeradora, además de micro ondas, tostadora, cafetera waflera, etc. Cuenta con 1 estacionamiento. Mantenimiento: S/500. Consultar con el Agente Inmobiliario encargado para mayor información Ver datos.|https://urbania.pe/inmueble/clasificado/alclapin-alquiler-de-departamento-en-san-bartolo-san-bartolo-2-dormitorios-147956812?n_src=Listado&n_pills=Seguridad&n_pg=1&n_pos=6|2026-02-01
urbania|departamentos|alquiler|Lima Sur|San Bartolo|"las Espumas al 700
San Bartolo, Lima"|S/ 3,500 · USD 1,041|3500|1041|||"72 m² tot.
2 dorm.
2 baños"|72|2|2||Alquiler de Departamento Amoblado de Estreno – San Bartolo se alquila por meses - disponible A partir de 01 de diciembre 2025Disfruta la comodidad de vivir frente al mar en un moderno departamento amoblado y de estreno en San Bartolo: Área: 70 m² aprox. 2 dormitorios con clóset ( cada una con camas de 1 1/2 plaza) 2 baños (1 completo 1 medio baño) Elegante sala Cocina equipada (cocina nueva, refrigeradora nueva) ubicada en 3er pisono mascotas LavanderíaZona Segura para su vehículoPrecio: S/3500 solesubicada A 2 cuadras de la playa Totalmente amoblado, moderno y listo para estrenar. Ubicado en una de las mejores zonas de San Bartolo, cerca de la playa, restaurantes y comercioR. U. C Ver datos|https://urbania.pe/inmueble/clasificado/alclapin-alquiler-de-departamento-en-san-bartolo-lima-2-dormitorios-148065351?n_src=Listado&n_pills=Amoblado&n_pg=1&n_pos=7|2026-02-01
urbania|departamentos|alquiler|Lima Sur|San Bartolo|"OCEAN REFF
San Bartolo, Lima"|S/ 3,500|3500|||600|"100 m² tot.
3 dorm.
3 baños
1 estac."|100|3|3|1|*¡escapada de ensueño A la playa en ocean reef! ️* *Departamento de 3 Dormitorios con Vistas al Mar* ¡Vive la experiencia de lujo en este hermoso departamento ubicado en Ocean Reef, San Bartolo! Perfecto para familias y amigos que buscan relajarse junto al mar. Precio renta abril a noviembre S/. 3, 500. Precio por mes en temporada S/. 12, 000. Disponible a partir de febrero. Mantenimiento S/. 600. *detalles del departamento: * - *3 dormitorios: * - Dormitorio 1: cama matrimonial (capacidad para 2 personas) - Dormitorio 2: litera (2 camas de 1, 5 plazas, capacidad para 2 personas) - Dormitorio 3: litera (2 camas de 1. 0 plazas, capacidad para 2 personas) - *3 baños completos con duchas* - *Sala de estar y cenar: * - Amplia sala de estar con cómodos asientos. - Gran mesa de comedor para comidas compartidas. - Ventanas del piso al techo con impresionantes vistas al mar. - *Cocina: * - Totalmente equipada con utensilios de cocina, electrodomésticos y utensilios. - Cafetera para tu cerveza matutina. *comodidades únicas: * - *Acceso directo a Playa Norte* - *2 piscinas grandes* (para familias y para adultos) - *Sauna, gimnasio y sala de yoga* - *Sala de juegos* con billar, tenis de mesa y mucho más. - *Restaurante, bar y minimercado* en el hotel. - *Espacios aptos para mascotas* - *Instalaciones de lavandería y estacionamiento gratuito* *experiencias en san bartolo: * - *Restaurantes: * - El Rocío: mariscos frescos junto a la playa. - Café de la Playa: comedor con vistas al mar. - Alesia: delicias dulces y saladas peruanas. - *Lugares de interés: * - Surf en Playa Norte. - Caminata panorámica al Cerro de los Morros. - Paseos frente a la playa. - Plaza principal de San Bartolo. *¿qué esperas? * ¡Reserva tu estadía ahora y experimenta la magia de Ocean Reef! *Las medidas del anuncio son referenciales*|https://urbania.pe/inmueble/clasificado/alclapin-alquiler-de-departamento-en-san-bartolo-lima-3-dormitorios-146877332?n_src=Listado&n_pills=Seguridad&n_pg=1&n_pos=8|2026-02-01
urbania|departamentos|alquiler|Lima Sur|San Bartolo|"PLAYA SAN BARTOLO
San Bartolo, San Bartolo"|S/ 2,625 · USD 750|2625|750||400|"83 m² tot.
3 dorm.
1 baño
1 estac."|83|3||1|¡Vive frente al Malecón Sur de Playa San Bartolo! Departamento de 83 m², con excelente iluminación natural y vista a la calle y lateral al mar, ubicado en una de las mejores zonas del balneario. Características del departamento: -83 m² -3 dormitorios. -2 baños completos. -Sala – comedor. -Cocina abierta (kitchenette) -Lavandería. -Vista a la calle y lateral al mar. 13 años de antigüedad. -1 estacionamiento. -Ascensor. Edificio / Áreas comunes: -Piscina. -Área social con salida directa al mar. -Mantenimiento aprox.: S/ 400. Condiciones de alquiler: -Alquiler: us$ 750. -Contrato mínimo 1 año. Ubicación privilegiada en plena Av. San Martín, con acceso inmediato al malecón, playa y zona central de San Bartolo.|https://urbania.pe/inmueble/clasificado/alclapin-alquiler-de-departamento-en-san-bartolo-san-bartolo-3-dormitorios-148421608?n_src=Listado&n_pills=%C3%81rea+de+lavander%C3%ADa&n_pg=1&n_pos=9|2026-02-01
urbania|departamentos|alquiler|Lima Sur|San Bartolo|"Parque Olaya
San Bartolo, Lima"|S/ 1,650 · USD 497|1650|497||130|"42 m² tot.
1 dorm.
1 baño
1 estac."|42|1||1|Lindo y súper práctico mini departamento de 42 m2, amoblado y con cochera y ubicado en el parque Olaya, a menos de media cuadra del malecón en San Bartolo. Consta de atractiva salita- comedor- kitchen, baño completo y amplio dormitorio con closet de pared a pared. Mini departamento en perfecto estado, en 2do piso y ascensor. El edificio cuenta con piscina y área para parrilla. ¡Conéctate con la energía y serenidad que nos brinda el mar! Y a sólo un pasito del malecón y muy pocas cuadras del centro de San Bartolo, donde encontramos todos los restaurantes, cafés, bodegas y demás negocios. Mantenimiento mensual S/. 250 (Incluye agua). ¡Excelente opción!|https://urbania.pe/inmueble/clasificado/alclapin-alquiler-de-departamento-en-san-bartolo-lima-1-dormitorio-4651517?n_src=Listado&n_pills=Amoblado&n_pg=1&n_pos=10|2026-02-01
urbania|departamentos|alquiler|Lima Sur|San Bartolo|"Ocean Reef
Rivera Norte, San Bartolo"|S/ 7,500 · USD 2,200|7500|2200||520|"98 m² tot.
2 dorm.
2 baños
1 estac."|98|2|2|1|Duplex con vista al mar venta/alquiler en el Condominio Club Ocean Reef de San Bartolo, torre E primera fila, 2 dormitorios y 2 baños. Dormitorio principal con fantástica vista al mar y baño incorporado. La moderna cocina tipo kitchenette se integra con la sala, la cual da un balcón-terraza con vista al mar. El dormitorio secundario cuenta con camarote: abajo 2 plazas, arriba 1. 5pz. Totalmente amoblado y equipado, moderna decoracion, con acabados de excelente calidad. Incluye cochera en sótano y deposito. Las áreas comunes que ofrece el condominio equivalen a un club completo: - Ingreso controlado - Restaurante- Acceso directo a la playa - Lavandería (funciona con modedas) - Piscina familiar - Area de juegos infantiles- Piscina de adultos - Infinity - Piscina infantil- Gimnasio- Yoga Room- Zona de parrillas- Sauna y Spa|https://urbania.pe/inmueble/clasificado/alclapin-alquiler-de-departamento-en-rivera-norte-san-bartolo-2-dormitorios-148295379?n_src=Listado&n_pills=Gimnasio&n_pg=1&n_pos=11|2026-02-01
urbania|departamentos|alquiler|Lima Sur|San Bartolo|"Ocean Reef Torre E
San Bartolo, Lima"|S/ 3,150 · USD 900|3150|900||600|"96 m² tot.
2 dorm.
2 baños
1 estac."|96|2|2|1|Duplex vista al mar. Alquiler anual desde el 1 de abril $900 por 12 meses de contrato. Bello y moderno duplex en el Condominio Club Ocean Reef de San Bartolo, torre E, frente al mar. Impecable, muy acogedor, en el 2do nivel tiene el dormitorio principal con ambiente tipo estar con amplio baño incorporado y estupenda vista directa al mar, en el 1er nivel está el dormitorio secundario y un baño completo. La moderna cocina tipo kitchenette se integra con la sala-comedor y terraza con vista al mar y club house. La escalera que une los niveles tiene pasos de madera y baranda de aluminio con vidrio templado. Totalmente amoblado y equipado, con acabados de excelente calidad. Incluye cochera en sótano y depósito. Las áreas comunes que ofrece el condominio equivalen a un club completo. En las áreas comunes tenemos: - Ingreso controlado - Restaurante- Acceso directo a la playa - Lavandería- Piscina familiar - Area de juegos infantiles- Piscina de adultos - Infinity - Piscina infantil- Gimnasio / - Yoga Room- Zona de parrillas / Sauna y Spa|https://urbania.pe/inmueble/clasificado/alclapin-alquiler-de-departamento-en-san-bartolo-lima-2-dormitorios-147825593?n_src=Listado&n_pills=%C3%81rea+de+lavander%C3%ADa&n_pg=1&n_pos=12|2026-02-01
urbania|departamentos|alquiler|Lima Sur|San Bartolo|"Ocean Reef San Bartolo
San Bartolo, Lima"|S/ 5,800 · USD 1,700|5800|1700||500|"94 m² tot.
3 dorm.
3 baños
1 estac."|94|3|3|1|Moderno departamento con excelentes acabados, consta de 3 dormitorios y 3 baños. Agradable vista a parque arbolado. El dormitorio principal tiene terraza-balcón y baño incorporado. La moderna cocina tipo kitchenette se integra con la sala, la cual da un balcón-terraza con vista a espejo de agua ornamental. Segundo dormitorio con camarote de 3 camas. El cuarto con baño de servicio se utiliza como dormitorio de invitados, tiene un camarote. Lavanderia. Se vende amoblado, equipado listo para entrar a vivir, incluye una cochera y depósito en sótano. Incluye cable+internet MovistarTotalmente amoblado y equipado, duchas con mamparas de vidrio templado. Incluye cochera y depósito en sótano, así como Beach Locker. Hay lavandería en el condominio, funciona con tarjeta. Las áreas comunes que ofrece el condominio equivalen a un club completo: - Ingreso controlado - Restaurante - Acceso directo a la playa - Lavandería - Piscina familiar - Area de juegos infantiles - Piscina de adultos - Infinity - Piscina infantil - Gimnasio - Yoga Room - Zona de parrillas - Sauna y Spa|https://urbania.pe/inmueble/clasificado/alclapin-alquiler-de-departamento-en-san-bartolo-lima-3-dormitorios-148471804?n_src=Listado&n_pills=Piscina&n_pg=1&n_pos=13|2026-02-01
urbania|departamentos|alquiler|Lima Sur|San Bartolo|"Olaya 165
San Bartolo, Lima"|S/ 1,670 · USD 450|1670|450|||"40 m² tot.
1 dorm.
1 baño"|40|1|||¡Descubre tu próximo retiro costero, y desconectarse del bullicio de la ciudad! ? Disfruta de la brisa marina en este acogedor departamento en San Bartolo, ubicado en la tranquila Calle Olaya 165. Con una atmósfera moderna y diseñado para ser tu escape perfecto a la playa. ? Habitaciones: 1 Baños: 1 Área Construida: 40. 00 m² Estacionamientos: 0 (¡pero tranquilo, encontrarás opciones cercanas!) ?? Características destacadas: - Piscina, ideal para esos días soleados. - Zona de parrillas, para compartir grandes momentos, con tus familiares y amigos. - Departamento totalmente amoblado alquiler: $450 incluye mantenimiento y agua 1 garantia y 1 adelanto No dejes pasar la oportunidad de crear recuerdos inolvidables en este encantador departamento de playa. ¡Te esperamos para que hagas de este tu nuevo hogar! Nota: Tendrás alternativas de parqueo, en la misma plaza Olaya de San Bartolo.|https://urbania.pe/inmueble/clasificado/alclapin-alquiler-de-departamento-en-san-bartolo-lima-1-dormitorio-147694293?n_src=Listado&n_pills=Piscina&n_pg=1&n_pos=14|2026-02-01
urbania|departamentos|alquiler|Lima Sur|San Bartolo|"Jose de San Martin
Rivera Norte, San Bartolo"|S/ 4,390 · USD 1,200|4390|1200||310|"110 m² tot.
3 dorm.
3 baños"|110|3|3||Departamento Duplex – Excelentes acabados – Amoblado y equipado Full - San Bartolo. Edificio Nor Beach 7 entregado Enero 2025, casi nuevo. Año completo o Temporada. Duplex de Área Total 110 m2 - Área techada 93, Terraza, Piscina, 3 habitaciones, 3 baños completos, amplia sala y comedor, cocina americana (Línea blanca) o integrada a la sala - comedor, zona de lavandería y piscina. No cuarto de Servicio, No baño de Servicio. 1er Nivel. 3 habitaciones, 2 baños completos; Dormitorio principal con espacio para cama King ( 2 personas) y walking closet, dormitorio secundario con un baño completo sus respectivo closets y cama de dos plazas ( 2 personas). Otra habitación secundaria también con sus respectivo closet, cama cuna de plaza y media (2 personas). 2do Nivel. Amplia sala y comedor, cocina americana o integrada a la sala - comedor, zona de lavandería, 3er baño completo, piscina y terraza. Mantenimiento s/ 310 más el servicio de agua potable de Sedapal. Telf – 9. 9. 8. 1. 0. 2. 9. 5. 3 – 9. 8. 9. 0. 6. 6. 1. 9. 5. Malecón José de San Martin 334 dpto 504 San Bartolo. Tarifas 2025. 28 de diciembre hasta 31 de enero $5000. Enero $4, 000. Febrero $4, 000. Marzo con semana santa $4000 (lunes 6 de Abril) temporada. Desde el 2 de enero hasta el lunes 6 de abril $12, 000. Desde el año nuevo hasta el lunes 6 de abril $13, 000|https://urbania.pe/inmueble/clasificado/alclapin-alquiler-de-departamento-en-rivera-norte-san-bartolo-3-dormitorios-147581405?n_src=Listado&n_pills=Amoblado&n_pg=1&n_pos=15|2026-02-01
urbania|departamentos|alquiler|Lima Sur|San Bartolo|"San Bartolo
San Bartolo, Lima"|S/ 5,036 · USD 1,500|5036|1500||1,300|"169 m² tot.
3 dorm.
3 baños"|169|3|3||JdVer datos. alquilo precioso dpto amoblado, en exclusivo condominio namua frente A playa san bartolo. Con terraza frente al mar️️ • Ubicación: Exclusivo Condominio Namua – Frente a la playa San Bartolo. • Área Total: 168m2. • Terraza 33m2. • Alquiler mensual $1500 (temporada de verano, mínimos 2 meses) • Opción de alquiler todo el año (consulte precio) • Piso 3- full amoblado. • Ascensor directo al dpto. • Amplia Sala y comedor con vista al mar, baño de visita, cocina tipo americana, cuarto y baño de servicio. • Terraza con vista al mar y piscina. • 3 dormitorios (dos dormitorios con baño privado) • Dormitorio principal con vista al mar y aire acondicionado. • Estacionamientos 2. • 3 baños y medio en total. • Antigüedad: 4 años. • 5 bloques. • 30 dptos en total. • Mantenimiento S/1300 incluye agua y vigilancia 24 horas. • Cuenta con Internet alta gama, Cable y Netflix. • Excelente ubicación, con salida a la playa. - ⁠No permiten mascotas. Áreas comunes: • Piscina. • Salón de yoga y Gimnasio. • Sala de baile. • Acceso a la playa. • Zona tablas surf. • Estacionamiento para bicicletas. Condición 2 de garantía x 1 de alquiler. (mínimo se alquila por dos meses, consultar precio) previa evaluación. *Año nuevo aparte.|https://urbania.pe/inmueble/clasificado/alclapin-alquiler-de-departamento-en-san-bartolo-lima-3-dormitorios-142628476?n_src=Listado&n_pills=Gimnasio&n_pg=1&n_pos=16|2026-02-01
urbania|departamentos|alquiler|Lima Sur|San Bartolo|"MALECON OCEAN REEF 800
Rivera Norte, San Bartolo"|S/ 37,000 · USD 198,000|37000|198000||450|"111 m² tot.
2 dorm.
2 baños
1 estac."|111|2|2|1|Vendo departamento amoblado consta de sala comedor, kitchenette con tableros de granito, amplia terraza de aprox 30mts2, 2 dormitorios con amplios closets Y dos baños completos, area de lavanderia, una cochera en paralelo en sotano, un deposito, el departamento se vende totalmente amoblado, tambien se puede vender sin muebles. areas comunes del condominio tipo resort: salon de juegos, gimnasio, sala de yoga, todos con vista al mar, spa con 2 piscinas, jacuzzi, 4 saunas, 3 salas para masajes, reposeras, sala de juegos para niños techada Y al aire libre, beach lockers, baños Y duchas al regresar de la playa, estacionamientos para bicicletas Y cuatrimotos, car wash, duchas para mascotas, area de lavanderia en sotano del condominio. Piscina familiar amplia con vista al mar, piscina patera, restaurant Y zona de parrilas frente al mar, piscina de adultos en otro nivel al lado del bar con espectacular vista al mar. Condominio con doble ingreso Y salida hacia la cancha de golf Y al mar de san bartolo. guardiania 24/7. el mejor Y mas completo condominio del sur chico. mantenimiento mensual S/. 450 soles. precio negociable. citas con anticipacion|https://urbania.pe/inmueble/clasificado/veclapin-venta-de-departamento-en-rivera-norte-san-bartolo-2-dormitorios-90944698?n_src=Listado&n_pills=Parrilla&n_pg=1&n_pos=17|2026-02-01
urbania|departamentos|alquiler|Lima Sur|Santa Maria del Mar|"Calle Terramar al 300
Santa Maria Del Mar, Santa Maria Del Mar"|S/ 6,700 · USD 2,000|6700|2000||240|"125 m² tot.
3 dorm.
3 baños
2 estac."|125|3|3|2|"Marzo en adelante | Amoblado | Vista al mar y acceso directo a piscina | 3 dormitorios x 8 personas | 2 estacionamientos | Disponible desde MarzoValor desde Marzo hasta Semana Santa: us$ 2, 000 (Garantía us$ 500) Valor por contrato anual: us$ 1, 200 mensuales (2 meses de adelanto + 1 de garantía) Importante: Febrero ocupadoUbicado en el exclusivo balneario de Santa María del Mar, este departamento ofrece un espacio amoblado, amplio y luminoso, diseñado para disfrutar la temporada de Verano sin preocuparte por nada: solo llegar e instalarte. Distribución: • Sala–comedor con vista a las 2 piscinas del área común, equipada con sofás, televisor, comedor y salida directa al balcón. • Dormitorio principal con cama matrimonial (2 plazas), baño completo y walking closet. • Segundo dormitorio con dos camas (1 plaza) y clóset. • Tercer dormitorio con dos camarotes (4 camas), ideal para niños o invitados. • Dos baños completos adicionales al del dormitorio principal. • Cocina abierta con muebles altos y bajos, equipada con refrigeradora, cocina a gas, horno microondas, ollas y menaje completo. • Área de lavandería con lavadora, tendal y terma eléctrica. • Cuarto de servicio con baño completo. • 2 estacionamientos y 1 depósito. Equipamiento incluido: • Refrigeradora• Cocina a gas• Horno microondas• Lavadora• Terma eléctrica• Televisor• Comedor• Bar empotrado + Menaje• Juego de sofás• Cama 2 plazas• 2 camas de 1 plaza• 2 camarotes (4 camas) • Menaje completo• Cortinas (estores) • Sillas de terrazaÁreas comunes: • 2 piscinas (niños y adultos) frente al departamento• Zona social y terraza con vista al mar• Espacios de descanso y áreas verdes• Seguridad permanente y acceso controladoCaracterísticas adicionales: • Primer piso con vista al mar y a la piscina común• Ascensor para discapacitados y ascensor del estacionamiento al primer piso• Se acepta una (1) mascota pequeña• Amoblado para hasta 8 personas + 1 persona de servicio• Mantenimiento mensual: S/ 240Ubicación estratégica: • A 5 minutos del ingreso por Antigua Panamericana Sur• Cercano a los balnearios de San Bartolo, Punta Negra y Embajadores• Cerca al Club Esmeralda y Club aopip• Balneario exclusivo, seguro, familiar y ordenado¡Contáctame y descubre este exclusivo departamento en Santa María!"|https://urbania.pe/inmueble/clasificado/alclapin-alquiler-de-departamento-en-santa-maria-del-mar-santa-maria-del-mar-3-dormitorios-147889534?n_src=Listado&n_pills=%C3%81rea+de+lavander%C3%ADa&n_pg=1&n_pos=1|2026-02-01
urbania|departamentos|alquiler|Lima Sur|Santa Maria del Mar|"Malecon Santa Maria
Santa Maria Del Mar, Santa Maria Del Mar"|S/ 104,400 · USD 980,000|104400|980000||600|"400 m² tot.
4 dorm.
4 baños
2 estac."|400|4|4|2|Lindo departamento de lujo, Ultimo piso con una gran terraza y lindisima vista panoramica al mar, al muelle y a boqueron!!. 4 dormitorios amplios, escritorio, cocina espaciosa, y areas sociales muy comodas. Preciosas Vistas desde dos Terrazas, una de 110 m2 mirando el mar y otra de 16 m2 mirando al boquerón. Terraza con jacuzzi privado y sin registro de vecinos, ambientes espaciosos, gran terraza, sala y comedor muy amplios, cocina comoda y dormitorios con camas de madera (no usa camas de cemento) , tiene 4 dormitorios con baños incorporados y adicional un escritorio tambien con linda vista. Edificio tranquilo, permiten mascotas, los estacionamientos techados en el primer nivel con facil maniobra. Seguridad permanente 24/7. Distribucion: - Dormitorio principal con cama King, - Dormitorio secundario con cama King, - Dormitorio secundario con cama Queen, - Dormitorio secundario con 2 camas de 1. 5 plazas.|https://urbania.pe/inmueble/clasificado/veclapin-venta-de-departamento-en-santa-maria-del-mar-santa-maria-del-mar-4-dormitorios-147839529?n_src=Listado&n_pg=1&n_pos=2|2026-02-01
urbania|departamentos|alquiler|Lima Sur|Santa Maria del Mar|"calle marbella 315
Santa Maria Del Mar, Santa Maria Del Mar"|S/ 37,065 · USD 227,000|37065|227000|||"170 m² tot.
3 dorm.
2 baños
1 estac."|170|3|2|1|Venta / Alquiler de Departamento en Playa en Playa Santa María del Mar amoblada y equipada. Precio de venta us $ 227, 000. Alquiler Temporada Completa $ 11, 500 ( Del 26 de diciembre al 6 de abril 2026) Departamento en 1er Piso, Área total construida 140 mrts2. Área Total 170 m2. Hermosa casa de playa de 3 dormitorios y para aproximadamente 6 personas en playa Santa María del Mar. Cocina americana, sala, comedor y terraza de usos múltiples. Buenos acabados con pisos de porcelanato. Tiene un área total construida de 170 mts2. La casa cuenta con amplia terraza posterior de 30 mts2. Dormitorio principal con cama Queen (2), con un baño incorporado y con salida a la terraza, dormitorio secundario con dos camas de plaza y media (2). Otra habitación secundaria con dos camas de plaza y media (2), estas dos habitaciones comparten un baño completo y es también baño de visitas. Zona de lavandería. No paga mantenimiento, se paga el servicio de agua potable de Sedapal. Un estacionamiento. Calle Marbella s/n Santa María del Mar. 9. 9. 8. 1. 0. 2. 9. 5. 3 / 9. 9. 8. 1. 0. 2. 9. 5. 3|https://urbania.pe/inmueble/clasificado/veclapin-venta-de-departamento-en-santa-maria-del-mar-santa-maria-del-mar-3-dormitorios-147488856?n_src=Listado&n_pills=%C3%81rea+de+lavander%C3%ADa&n_pg=1&n_pos=3|2026-02-01
urbania|departamentos|alquiler|Lima Sur|Santa Maria del Mar|"rio de janeiro
Embajadores, Santa Maria Del Mar"|S/ 776,250 · USD 225,000|776250|225000|||"187 m² tot.
3 dorm.
4 baños
1 estac."|187|3|4|1|"Ventas de lindos departamentos en Santa María del Mar. Linda vista a la playa, zona tranquila como para pasar lindos dias de sol y mar. Terraza con vista al mar, sala comedor, Kitchenette, baño de visita, 3 dormitorios amplios, 2 de ellos con baño privado, el tercer dormitorio con baño en el pasadizo. Closets en todos los dormitorios. Cuarto y baño de servicio area de lavandería. Incluye la cochera. Tiene ascensor. Areas comunes; Deposito para guardar las sombrillas y sillas. Baño completo en el pasadizo de la cochera para enjuagarse y retirar la arena. Area: 187m2. Llamar a Patricia Hoyos Ver datos y Luis Neyra Ver datos. Departamento 1er Piso: "" $224, 900"" Incluye 1 estacionamiento. Departamento 2do Piso: vendido. Departamento 3er Piso: $269, 900 Incluye 1 estacionamiento. Departamento 4to Piso: $274, 900 Incluye 1 estacionamiento."|https://urbania.pe/inmueble/clasificado/alclapin-alquiler-de-departamento-en-embajadores-santa-maria-del-mar-3-dormitorios-148103334?n_src=Listado&n_pills=Ascensor&n_pg=1&n_pos=4|2026-02-01
urbania|departamentos|alquiler|Lima Sur|Santa Maria del Mar|"Embajadores, santa maría del mar
Embajadores, Santa Maria Del Mar"|S/ 6,700 · USD 2,000|6700|2000|||"130 m² tot.
3 dorm.
3 baños
1 estac."|130|3|3|1|Amoblado, A. T. 130. 00 m2, A. C. 130. 00 m2, A. O. 130. 00 m2. Sala, Comedor, Kitchenette, 3 Dormitorios, 3 Baños, Lavandería, Cochera. Estreno. Departamento de estreno, en tercer piso con 130 mt2, todo muy iluminado con luz natural, vista paisajista, muy cerca al mar (no se baja escaleras). Distribución: Amoblado. Sala - Comedor - Kitchenet y Bar. Tres dormitorios: El principal tiene cama dos plazas y closet y los otros dos dormitorios: Con cama camarote (2 personas) con closet. 3 Baños completos, uno de visita. Lavanderia. Cochera afuera en puerta de casa. Toda la temporada desde la Navidad hasta la semana Santa 6, 000$ La temporada del Año Nuevo hasta La Semana Santa us $ 6, 000. O por mes us$2, 000. Garantía: us$ 500. 00. ocasión. Todo el mes del marzo Y semana santa de regalo. A tan solo $ 1, 500|https://urbania.pe/inmueble/clasificado/alclapin-alquiler-de-departamento-en-embajadores-santa-maria-del-mar-3-dormitorios-145249864?n_src=Listado&n_pills=%C3%81rea+de+lavander%C3%ADa&n_pg=1&n_pos=5|2026-02-01
urbania|departamentos|alquiler|Lima Sur|Santa Maria del Mar|"calle viña del mar
Santa Maria Del Mar, Lima"|S/ 3,400 · USD 1,000|3400|1000||300|"200 m² tot.
3 dorm.
2 baños
2 estac."|200|3|2|2|En alquiler lindo departamento flat en playa Santa Maria del mar. muy cerca de lima en el kilometro 50. 3 dormitorios el principal con baño incluido, los otros dos comparten baño. Sala Comedor con terraza vista a la calle. aparte cuenta con terraza interna. baño de visita. 2 cochertas. Area de Servicio. Capacidad para 10 personas. cuarto principal con cama Queen. Cuart Secundario 1 cama de 2 plazas y un Camarote. Cuarto Secundario 2 Dos camarotes ( 4 camas) Semana de Verano us$ 1, 000 dolares. Fin de Semana de Verano us$ 600 dolares|https://urbania.pe/inmueble/clasificado/alclapin-alquiler-de-departamento-en-santa-maria-del-mar-lima-3-dormitorios-148501531?n_src=Listado&n_pg=1&n_pos=6|2026-02-01
urbania|departamentos|alquiler|Lima Sur|Santa Maria del Mar|"Santa Maria del Mar playa Embajadores
Santa Maria Del Mar, Lima"|S/ 10,200 · USD 299,999|10200|299999||275|"150 m² tot.
3 dorm.
2 baños
3 estac."|150|3|2|3|"""Imagina despertar cada mañana con la brisa marina y una vista privilegiada al Océano Pacífico. Este espléndido departamento en Playa Embajadores no es solo una propiedad, es el estilo de vida que tú y tu familia merecen. Diseño y Confort frente al Océano: Vistas de Ensueño: Amplia sala-comedor que se integra perfectamente a un balcón panorámico con una vista espléndida al mar, ideal para disfrutar de los mejores atardeceres de Santa María. Espacios Íntimos: 3 dormitorios diseñados para el descanso. La suite principal cuenta con baño incorporado y acabados de primera. Cocina Gourmet: Estilo americano con elegantes encimeras de granito, equipada con cocina y horno empotrados. ¡Lista para tus reuniones de verano!. Comodidad Total: Área de lavandería completa, cuarto y baño de servicio, y un baño de visitas adicional. Plus Exclusivo: Incluye 3 cocheras paralelas, una comodidad difícil de encontrar en la playa. Versatilidad de Inversión: Venta: $300, 000 usd. Alquiler de Temporada: Disponible de Febrero, marzo y abril para que vivas un verano inolvidable. Mantenimiento: S/ 300 (Incluye agua). Ubicado en el 3er piso con ascensor directo, este departamento combina ventilación natural, amplitud y la seguridad que buscas. "" Agenda una cita, con gusto te atenderé."|https://urbania.pe/inmueble/clasificado/veclapin-venta-de-departamento-en-santa-maria-del-mar-lima-3-dormitorios-143294239?n_src=Listado&n_pills=Ascensor&n_pg=1&n_pos=7|2026-02-01
urbania|departamentos|alquiler|Lima Sur|Santa Maria del Mar|"De Los Faunos 161
Santa Maria Del Mar, Santa Maria Del Mar"|S/ 8,390 · USD 2,500|8390|2500||400|"140 m² tot.
3 dorm.
3 baños
2 estac."|140|3|3|2|"Vista al mar | Acceso directo a playa y al malecón | 2 cocheras paralelas | Terraza | Embajadores Santa María. Lindo departamento con acceso directo al malecón de la Marina y a la playa, con vista y bajada al mar, en Embajadores Santa María del Mar. Mide 140 M2 + 02 cocheras paralelas (una techada y una sin techar) +25 años bien conservado. Está en el 1er piso al nivel del malecón. 2 dormitorios, uno principal con cama matrimonial y uno con 2 camarotes (4 personas) + 1 cuarto de huéspedes con 1 camarote (2 personas). 2 baños completos en total. Sala comedor amoblada, amplia terraza con vista al mar con acceso directo al malecón y a la playa. Cocina equipada con refrigeradora y cocina. Área de servicio con lavadero. El precio es $2500 mensuales. Listo para entrega inmediata. Para citas llamar al Ver datos. *La ubicación en este anuncio es referencial."|https://urbania.pe/inmueble/clasificado/alclapin-alquiler-de-departamento-en-santa-maria-del-mar-santa-maria-del-mar-3-dormitorios-148638952?n_src=Listado&n_pills=Seguridad&n_pg=1&n_pos=8|2026-02-01
urbania|departamentos|alquiler|Lima Sur|Santa Maria del Mar|"Avenida Marbella al 200
Santa Maria Del Mar, Lima"|S/ 6,000 · USD 1,800|6000|1800||200|"82 m² tot.
3 dorm.
2 baños
1 estac."|82|3|2|1|Alquiler de departamento temporada verano en santa maría del mar – A solo 2 cuadras del malecón Y del mar! Vive en uno de los balnearios más exclusivos y seguros de Lima, disfrutando de la tranquilidad, el clima y el estilo de vida que ofrece Santa María del Mar. Este departamento completamente amoblado está ubicado a solo dos cuadras del mar y del malecón, en una zona residencial muy agradable, ideal para familias o para quienes buscan un lugar para descansar todo el año. Características del departamento: Área cómoda y funcional3 dormitorios (principal con cama Queen) 2 baños completosSala comedor amplia e iluminadaCocina equipada con línea blancaLavanderíaCuenta con canchas de frontón y fulbito. Totalmente amoblado y listo para habitarUbicación destacada: A pocos pasos del mar y del malecónZona segura y tranquilaCercanía a restaurantes, clubes y servicios del balnearioUna excelente opción para vivir frente al mar con total comodidad y seguridad. precio por temporada usd 8000|https://urbania.pe/inmueble/clasificado/alclapin-alquiler-de-departamento-en-santa-maria-del-mar-lima-3-dormitorios-148653561?n_src=Listado&n_pills=Seguridad&n_pg=1&n_pos=9|2026-02-01
urbania|departamentos|alquiler|Lima Sur|Santa Maria del Mar|"Las Algas 100
Santa Maria Del Mar, Lima"|S/ 2,900 · USD 850|2900|850||80|"108 m² tot.
3 dorm.
2 baños
2 estac."|108|3|2|2|"Vive en santa maria todo el año! Edificio de 4 pisos (6 departamentos). Ubicado en el cruce Calle Las Algas No. 140 con Av. Terramar y Calle Tortugas. Km 50 Panamericana Sur. 3 Dormitorios | 2 baños completos | 2 Estacionamientos*Sólo alquiler anual, mínimo 1 año. Departamento amoblado y equipado para alquilar todo el año, cuenta con un Área de 108m2 y se encuentra en el 3er piso (escaleras) a sólo una cuadra de la playa y se distribuye de la siguiente manera: - Sala. - Comedor. - Terraza. - Kitchenette con lavavajilla. - Dormitorio principal con baño incorporado. - 2 Dormitorios secundarios. - Baño completo para uso de los dormitorios secundarios y que cumple también la función de baño de visita. - Lavandería con Centro de lavado. - Cuarto y baño de servicio. - 2 Estacionamientos en paralelo con mueble para de? osito. - Servicio de agua, luz, desagüe. - Cisterna y tanque elevado. - Portero eléctrico. Mantenimiento S/80 aprox. 14 años de antiguedad."|https://urbania.pe/inmueble/clasificado/alclapin-alquiler-de-departamento-en-santa-maria-del-mar-lima-3-dormitorios-146801288?n_src=Listado&n_pills=%C3%81rea+de+lavander%C3%ADa&n_pg=1&n_pos=10|2026-02-01
urbania|departamentos|alquiler|Lima Sur|Santa Maria del Mar|"Santa Maria del Mar
Santa Maria Del Mar, Santa Maria Del Mar"|S/ 3,100 · USD 900|3100|900||300|"180 m² tot.
3 dorm.
2 baños
2 estac."|180|3|2|2|Alquiler en santa maria del mar por anual, temporada, semana Y fin de semana febrero o marzo. Solo tres dptos en el edificio de 140m2, ubicado en av terramar con merlines, cerca a la playa Chica y embajadores. Cuenta con: sala, comedor, 3 dormitorios, 3 baños, cuarto de estudio, Amoblada, cocina, campana, Refri, Microondas, 1tv, muebles de sala y comedor. Todos con Acceso a Piscina y zona de Parrilla por cada dpto (3). Incluye: Agua, Internet, cable, mantenimiento Pisicna. 3 Estacionamiento Lineal por Dpto. *Dpta en el segundo piso. Alquiler por año mensual 900 dolares, Alquiler por temporada. Alquiler fin de semana ( viernes a domingo) 1, 000 soles. Tef: 9 4 7 6 9 9 0 9 1|https://urbania.pe/inmueble/clasificado/alclappa-alquiler-de-departamento-en-santa-maria-del-mar-santa-maria-del-mar-3-dormitorios-148176447?n_src=Listado&n_pills=Piscina&n_pg=1&n_pos=11|2026-02-01
urbania|departamentos|alquiler|Lima Sur|Santa Maria del Mar|"los merlines
Santa Maria Del Mar, Santa Maria Del Mar"|S/ 2,360 · USD 800|2360|800||250|"140 m² tot.
3 dorm.
2 baños
2 estac."|140|3|2|2|Solo disponible Enero 2026 x semana $800 + 250 soles por limpieza. Garantia $200. Trato directo con el Propietario. Cualquier duda consulta me la Hacen saber. trato directo con el propietario. cualquier duda sera respondida a la brevedad|https://urbania.pe/inmueble/clasificado/alclapin-alquiler-de-departamento-en-santa-maria-del-mar-santa-maria-del-mar-3-dormitorios-141979418?n_src=Listado&n_pills=Seguridad&n_pg=1&n_pos=12|2026-02-01
urbania|departamentos|alquiler|Lima Sur|Santa Maria del Mar|"los merlines 102
Santa Maria Del Mar, Santa Maria Del Mar"|S/ 2,360 · USD 800|2360|800||250|"140 m² tot.
4 dorm.
2 baños
2 estac."|140|4|2|2|Solo disponible Enero 2026 x semana $800 + 250 soles por limpieza. Garantia $200. Trato directo con el Propietario. Cualquier duda consulta me la Hacen saber|https://urbania.pe/inmueble/clasificado/alclapin-alquiler-de-departamento-en-santa-maria-del-mar-santa-maria-del-mar-4-dormitorios-4658318?n_src=Listado&n_pills=Parrilla&n_pg=1&n_pos=13|2026-02-01
urbania|departamentos|alquiler|Lima Sur|Santa Maria del Mar|"santa maria del mar
Santa Maria Del Mar, Lima"|S/ 18,000 · USD 5,000|18000|5000||600|"173 m² tot.
3 dorm.
4 baños
2 estac."|173|3|4|2|Alquilo lindo dpto en primer piso, playa santa maria, Km. 50 Carretera Panamerica Sur. Tipo casita, claro concepto de privacidad. Edificio en esquina, de estilo moderno. Ubicado frente al Club Esmeralda, 2 estacionamientos (lineales). Edificio de solo 13 dptos. Porteria las 24 horas de lunes a domingo. Super amplio, linda terraza con piscina en el frontis, con espectacular vista privilegiada. Zona tranquila. Buenos acabados. Cuenta con 2 Terrazas y zona de bbq. At: 173. 50 m2. Ac: 129. 71 m2.. A. Libre: 43. 79 m2. Antiguedad: 6 años (buen estado) caracteristicas: Ingreso, Sala comedor de muy buen tamaño con salida a la terraza principal por medio de mamparas de vidrio. Amplia terraza con area de bbq y piscina elevada. Cocina tipo americana abierta, con barra y mesada de granito. Muebles altos y bajos. Baño de visitas. 3 dormitorios (cada uno con baño incorporado). - Dorm. 1. - Principal con baño incorporado y closet. Salida por mampara de vidrio a la terraza # 2. Con A/C. - Dorm. 2. - Secundario, con vista a la terraza # 2. Baño incorporado y closet. - Dorm. 3. - Secundario, con vista a la terraza # 2. Baño incorporado y closet. Lavandería, zona de servicio completa con baño incorporado. Areas comunes del edificio: Zona de bbq amplia y piscina con excelente vista al club Esmeralda y playa. Visitas fáciles con un día de anticipación. Precio de Alquiler en dolares. Mantenimiento 600 soles. Sobre el Alquiler: Totalmente amobaldo y equipado. Mes U$ 5, 000. 00. Temporada completa del 2/01/2026 al 31/03/2026 U$ 14, 000. 00. Garantia U$ 1, 000. 00|https://urbania.pe/inmueble/clasificado/alclapin-alquiler-de-departamento-en-santa-maria-del-mar-lima-3-dormitorios-144804162?n_src=Listado&n_pills=Parrilla&n_pg=1&n_pos=14|2026-02-01
