fuente|inmueble|operacion|zona|distrito|direccion|precio|soles|dolares|variacion|mantenimiento|caracteristica|area|dormitorio|baños|estacionamientos|detalle|enlace|fecha
urbania|casas|venta|Lima Centro|Lima Cercado|"URB.ROMA CASA 3PLANTAS MAS AIRES 2COCHERAS
Roma, Lima Cercado"|S/ 1,148,000 · USD 328,000|1148000|328000|||"372 m² tot.
8 dorm.
4 baños
2 estac."|372|8|4|2|Se vende amplia Y linca casa 3plantas de los cuales las dos primeras plantas es una casa propieamente dicha el tercer piso es un departamento. * la casa cuenta con sala comedor con salida A la terraza cocina amoblada 2cocheras, amplia terraza con zona de parrillas zona de lavanderia cuarto Y baño de servicio mas baño de visita, piso parquet en el segundo piso estan los 4amplios dobles dormitorios un baño completo en eldormitorio principal se puede acondicionar un baño incorporado todos super iluminados naturalmente. *3er. piso consta de un departamento independiente con 3 dormitorios amplios un baño completo lavanderia tendal, cocina vista calle. medidas: area de terreno 160M2 area construida 372M2 ubicada. total 8habitaciones 4 baños 2 cocinas 2cocheras. ubicada en la urbanizacion residencial roma cercado de lima rodeada de hermosos parques, seguridad absoluta cerca avoscar R. benavides Y av. universitaria, la casa tiene gas natural calida|https://urbania.pe/inmueble/clasificado/veclcain-venta-de-casa-en-roma-lima-cercado-5-a-mas-dormitorios-147870745?n_src=Listado&n_pills=%C3%81rea+de+lavander%C3%ADa&n_pg=1&n_pos=1|2026-02-01
urbania|casas|venta|Lima Centro|Lima Cercado|"Jose Felix Bogado 2568
Lima Cercado, Lima"|S/ 890,400 · USD 265,000|890400|265000|||"136 m² tot.
9 dorm.
3 baños
2 estac."|136|9|3|2|"Amplia casa remodelada en cercado de lima: comodidad Y ubicación privilegiada. Si buscas una casa espaciosa, remodelada y lista para habitar, ¡esta es tu oportunidad! Con una ubicación estratégica y en una zona residencial tranquila, esta propiedad te brinda conectividad, amplitud y comodidad para toda tu familia. Área total: 136 m² | Área construida: 351. 92 m² Distribución ideal en 3 pisos: 1er piso: Sala comedor, amplia cocina cerrada, baño de visita, patio interno y cochera para 2 autos. 2do piso: 3 dormitorios remodelados con acabados modernos y 2 baños completos. 3er piso: 5 dormitorios adicionales, área de lavandería y 1 baño completo. Remodelada en 2015 y en excelente estado, con conexiones de agua, luz, gas natural y cable listas para su uso. Además, su cercanía a un parque familiar la convierte en el hogar perfecto. Ubicada en una de las mejores zonas del Cercado de Lima, con acceso rápido a vías principales. ¡No dejes pasar esta oportunidad! Contáctame para más información y agenda tu visita hoy mismo. #CasaEnVenta #HogarIdeal #CercadoDeLima #OportunidadÚnica"|https://urbania.pe/inmueble/clasificado/veclcain-venta-de-casa-en-lima-cercado-lima-5-a-mas-dormitorios-144615762?n_src=Listado&n_pills=Frente+a+parque&n_pg=1&n_pos=2|2026-02-01
urbania|casas|venta|Lima Centro|Lima Cercado|"LOS CIPRESES
Los Cipreses, Lima Cercado"|S/ 1,522,500 · USD 434,990|1522500|434990|||"290 m² tot.
3 baños
3 estac."|290||3|3|Hermosa Casa de un (1) piso Lista Para Vivir Acabados A1 Parámetros 5 Pisos + Azotea 3 Cocheras. Te presento esta hermosa propiedad de 1 piso totalmente lista para vivir con parámetros urbanísticos y edificatorios para construir hasta 5 pisos más azotea. Esta propiedad presenta moderna fachada con carpor en madera y puerta principal de acceso. Al ingresar a esta propiedad nos encontramos hacia lado derecho amplia cochera para dos vehículos y hacia el lado izquierdo amplio jardín delantero que en ocasiones puede suplir una tercera cochera momentánea si se desea ingresando por la puerta principal nos condice a ampla sala sumamente ornado con detalles únicos el cual descubrirán al venir a apreciar la casa seguidamente con encontramos con elegante comedor de muy buen tamaño con muchos detalle, hacia el lado derecho de la sala tenemos acceso hacia amplia cocina con muebles altos y bajos con comedor de diario que conecta hacia la izquierda de este con área independiente de lavandería cuarto y baño de servicio y área de tendal todos estos espacio muy amplio con salida hacia jardín delantero. Continuando con la distribución nos encontramos con largo pasadizo el cual presenta hacia lado izquierdo de este dos amplios dormitorios y hacía de derecha un baño amplio y otro dormitorio adicional igualmente de grande en la parte final de dicho pasadizo nos encontramos con amplio dormitorio con baño incluido y closet y hacia el lado derecho encontramos un patio interno abierto y en su parte final un amplio cuarto para oficina o de múltiples usos. Se cuenta con acceso a l segundo piso donde existe construcción de un cuarto más un baño. Todos los pisos del área social y cocina son de porcelanato y los dormitorios y cuarto interno en madera parqué area de terreno 290. 00 M2. area construida 250. 00 M2. medidas perimetricas: por el frente: 10. 00 ml. por la derecha: 29. 00 ml. por la izquierda: 29. 00 ml. por el fondo: 10. 00 ml. Inmejorable ocasión para optar por una amplia casa y realizar el proyecto que siempre deseaste ya que esta propiedad es un lienzo en blanco dándote la oportunidad de edificar hasta 5 pisos más azotea rentabilizando enormemente lo invertido.! Dale a tu familia ese gran lugar que siempre deseaste ¡ No dejes que te ganen, contáctate con nuestro broker Richard Obando al 9. 9. 1. 0. 6. 4. 8. 7. 3 y separa tu cita ahora mismo|https://urbania.pe/inmueble/clasificado/veclcain-venta-de-casa-en-los-cipreses-lima-cercado-147729046?n_src=Listado&n_pills=%C3%81rea+de+lavander%C3%ADa&n_pg=1&n_pos=3|2026-02-01
urbania|casas|venta|Lima Centro|Lima Cercado|"Jr. Cangallo 217
Lima Cercado, Lima"|S/ 770,500 · USD 230,000|770500|230000|||"106 m² tot.
12 dorm.
12 baños"|106|12|12||Contacto: jhohanna urbina cel: 9*7*8*1*7*5*6*6*0 Edificio en Venta en el Cercado de Lima – Ideal para Inversionistas. Descripción: Oportunidad única para inversionistas en una de las zonas más céntricas de Lima. Este edificio de 4 pisos, ubicado a 1 cuadra de Plaza Italia, cuenta con un total de 12 monoambientes (4 por piso), ofreciendo una excelente rentabilidad. Perfecto para alquiler de habitaciones o depósitos, dada su cercanía a Mesa Redonda, Barrio Chino, Mercado Central y avenidas principales como: La Av. Abancay, La Vía de Evitamiento y la Av. Miguel Grau. Características: Terreno total: 105. 54 m² Edificio de 4 pisos 12 monoambientes: Cada uno con espacio para dormitorio, baño completo y área de cocina/sala. Ubicación estratégica: En el corazón del Cercado de Lima, cerca de centros comerciales, colegios y servicios. Ventajas: Alta demanda de alquileres en la zona. Estructura sólida y moderna, lista para generar ingresos. Documentación en regla y lista para la venta. ¡No dejes pasar esta oportunidad de inversión en una de las mejores zonas de Lima! ¡Contáctanos para más información y agenda una visita ya! Contacto: jhohanna urbina cel: 9*7*8*1*7*5*6*6*0 id: 1*1*1*3*3*8*6|https://urbania.pe/inmueble/clasificado/veclcain-venta-de-casa-en-lima-cercado-lima-5-a-mas-dormitorios-145565882?n_src=Listado&n_pg=1&n_pos=4|2026-02-01
urbania|casas|venta|Lima Centro|Lima Cercado|"Jiron Jose Eugenio Paredes al 2300
Elio, Lima Cercado"|S/ 1,102,000 · USD 299,500|1102000|299500|||"380 m² tot.
6 dorm.
6 baños
1 estac."|380|6|6|1|"Jirón José Eugenio Paredes, Urb. Elio – Cercado de LimaPrecio de lanzamiento: us$ Ver datos (negociable) Casa de 4 niveles sobre 179 m² de terreno y? 320 m² construidos, frente de 8, 10 m y zonificación rdm. Título limpio sin cargas. Antigüedad original 1972 con remodelaciones parciales en instalaciones eléctricas y sanitarias. Distribución generalPrimer piso: cochera techada, dos salas principales, medio baño de visitas, cocina independiente y tercera sala-comedor con techo alto de cedro ideal para reuniones familiares. Segundo piso: balcón frontal, cuatro dormitorios (principal con baño incorporado), un baño completo compartido. Tercer piso: gran terraza-patio, lavandería, sala-comedor, cocina y un baño completo (funciona como mini-departamento independiente). Cuarto piso: dos dormitorios de servicio con dos baños (convertibles en depósito, estudio, etc.). Detalles destacados6 dormitorios + área de servicio | 5 ½ baños | 1 cochera con opción a ampliar. Balcón y ventilación cruzada en todos los dormitorios. Sala-comedor tipo azotea con tragaluz y escalera caracol metálica. Pisos de parquet restaurado en ambientes sociales. Calle tranquila a 150 m de Av. Colonial y 350 m de Av. Argentina; rápida salida a la Vía Expresa Línea Amarilla y Metropolitano. “Honestidad, Transparencia y Servicios Creativos. Nuestros pilares para brindarles la mejor asesoría inmobiliaria. ”Si desea vender o alquilar su inmueble no dude en contactarse con nosotros."|https://urbania.pe/inmueble/clasificado/veclcain-venta-de-casa-en-elio-lima-cercado-5-a-mas-dormitorios-146873738?n_src=Listado&n_pills=Cuartos+de+servicio&n_pg=1&n_pos=5|2026-02-01
urbania|casas|venta|Lima Centro|Lima Cercado|"Calle Los Pinos Mz. G Lt. 8 Huertos
Lima Cercado, Lima"|S/ 3,644,375 · USD 1,062,500|3644375|1062500|||"6250 m² tot.
4 dorm.
4 baños
2 estac."|6250|4|4|2|Contacto: isabel leandro // cel: 955*174*191. El terreno se encuentra ubicado a 1 cuadra de la Av. Antigua Panamericana Sur y a 10 minutos de la Nueva Panamericana. Sur de alto tránsito vehicular y peatonal, rodeado de fábricas, industrias, grifos, restaurantes campestres, víveros, a 3 minutos. del Banco bcp, a 5 minutos del muna (Museo Nacional del Perú) y Santuario Arqueológico de Pachacamac, a 5 minutos de. Plaza Vea de Lurín, Bcos: bbva, Interbank, Banco de La Nación, CrediScotia, Scotiabank, Cajas Financieras, Municipalidad. de Lurín y Municipalidad de Pachacamac, Mercados, Catedral, Hospital, Centro Materno Infantil, estación de bomberos, Reniec, colegios, Universidades, playas, etc. Ideal para fábricas, almacén, depósito, Invernaderos, talleres, fábrica de muebles, colchones, etc. -Documentos saneados y único propietario, inscritos en la sunarp listos para Crédito Hipotecario. -Libre de hipoteca, carga y gravamen. Precio: $ 185 x m² ( negociable) A. T. Total: 6, 250 m² Comprenden: a) parcela 8: 4, 250 m2. b) parcela 8A 2, 000 m2. Se encuentran independizados c/u ficha registral cada terreno. A. C. 140 m² casa de campo. El terreno consta de: - Luz eléctrica, teléfono, red de cable e internet que deben ser activados. - 1 pozo de agua subterránea. en funcionamiento. - Silo de pozo séptico. Proyecto del agua Y desague en trámite|https://urbania.pe/inmueble/clasificado/veclcain-venta-de-casa-en-lima-cercado-lima-4-dormitorios-147893997?n_src=Listado&n_pg=1&n_pos=6|2026-02-01
urbania|casas|venta|Lima Centro|Lima Cercado|"Luis Agurto 154
Lima Cercado, Lima"|S/ 1,128,950 · USD 335,000|1128950|335000|||"242 m² tot.
6 dorm.
3 baños
1 estac."|242|6|3|1|¡Tu nuevo hogar frente al parque! Comodidad, vista y ubicación ideal. Disfruta de la tranquilidad y el confort que solo una casa frente a parque puede ofrecer. Ubicada en una zona estratégica, paralela a la Av. Venezuela, esta propiedad combina una excelente ubicación con amplios y luminosos espacios ideales para tu familia. En el primer piso, encontrarás una acogedora y amplia sala con vista al parque, perfecta para compartir momentos especiales, además de un hermoso jardín donde podrás relajarte y disfrutar del aire libre. En el segundo piso, te espera otra sala con una vista panorámica al parque, el espacio ideal para descansar o disfrutar en familia con total comodidad. Además, cuenta con un ingreso independiente al segundo piso, lo que la convierte en una gran oportunidad de inversión, ya sea para vivir y alquilar una parte, o adaptarla según tus necesidades. Una propiedad que lo tiene todo: ubicación, amplitud, independencia y una vista inmejorable. ¡Haz de esta casa el hogar que siempre soñaste!|https://urbania.pe/inmueble/clasificado/veclcain-venta-de-casa-en-lima-cercado-lima-5-a-mas-dormitorios-148123636?n_src=Listado&n_pills=Jard%C3%ADn&n_pg=1&n_pos=7|2026-02-01
urbania|casas|venta|Lima Centro|Lima Cercado|"Jirón Huanta 881
Lima Cercado, Lima"|S/ 4,025,000 · USD 1,150,000|4025000|1150000|||285 m² tot.|285||||Jirón Huanta 881 – Lima CercadoInvierte en una ubicación estratégica y altamente comercial! Ubicada en el corazón del Cercado de Lima, a solo unos pasos del Instituto Nacional Materno Perinatal y muy cerca del cruce con Jirón Santa Rosa, esta propiedad representa una gran oportunidad de negocio en una zona con alta afluencia peatonal y vehicular durante todo el día. Área total: 280. 25 m²Ideal para: • Clínicas o centros médicos• Locales comerciales o almacenes• Proyectos empresariales o educativosVentajas del entorno: • Zona consolidada con comercios, servicios, bancos y transporte público cercano• Alta exposición comercial• Accesos directos a avenidas principales del Centro de LimaUbicación exacta en Google Maps: https: //maps. app. goo. gl/NofuLhZzjv9RfX6X9Inversión segura y rentableUbicada en un punto estratégico del Cercado de Lima, donde los inmuebles mantienen y aumentan su valor con el tiempo. Ideal para inversionistas que buscan alta rentabilidad o empresas que desean posicionarse en una zona de gran proyección comercial. Nota: Propiedad en proceso de sucesión intestada. Las visitas podrán programarse en aproximadamente 45 días. Contáctame para más información o coordinar una visita: T. C. 3. 50Tipo de cambio referencial, sujeto a variación diaria por fluctuación del mercado|https://urbania.pe/inmueble/clasificado/veclcain-venta-de-casa-en-lima-cercado-lima-148118471?n_src=Listado&n_pg=1&n_pos=8|2026-02-01
urbania|casas|venta|Lima Centro|Lima Cercado|"Jr. Junin Cercado de Lima
Lima Cercado, Lima"|S/ 560,300 · USD 129,000|560300|129000|||"130 m² tot.
3 dorm.
1 baño"|130|3|||Venta de casa en el cercado de lima? Casa ubicada en Jr. Junin, a una cuadra de la Estación del tren “Miguel Grau” a 5 minutos de Gamarra, cerca de la Avenida Grau y la Avenida Abancay Descripción: Zonificación: Comercio Zonal. Ideal para depósito de productos, mercaderías y vivienda. Detalle del inmueble: - Área de terreno: 130. 60m2. - Sala comedor amplia. - Cocina. - Lavandería. - 03 Dormitorios. -? 01 baño completo. -? Antigüedad: más de 30 años. Precio de venta: $ 129, 000. Informes y visitas al Martha Vigoria Ver datos|https://urbania.pe/inmueble/clasificado/veclcain-venta-de-casa-en-lima-cercado-lima-3-dormitorios-145927663?n_src=Listado&n_pills=Jard%C3%ADn&n_pg=1&n_pos=9|2026-02-01
urbania|casas|venta|Lima Centro|Lima Cercado|"Av. Arica 2340
Chacra Rios, Lima Cercado"|S/ 3,688,960 · USD 1,048,000|3688960|1048000|||"621 m² tot.
6 dorm.
4 baños
6 estac."|621|6|4|6|Venta casa cercado de lima de 621. 60M2 $1, 048, 000 Av. Arica Ver datos at: 621. 60M2 ac: 527. 76M2 Persona de Contacto Rosa Esquerre 9. 8. 1. 2. 1. 0. 0. 2. 1. Zonificación Referencial: cz - Comercio Zonal. Según Plano de Zonificación del Instituto Metropolitano de Planificación. Amplia propiedad ubicada en plena Av. Arica, ideal para vivienda, negocio u oficinas gracias a su excelente distribución y al local comercial con ingreso independiente en la fachada. Inmueble de dos pisos ocupado como vivienda en su parte delantera y taller de un piso y azotea, en su parte posterior. Distribución: Edificación delantera • Primer piso: sala, comedor, medio baño, cocina con comedor de diario, terraza, patio y cochera. En la parte frontal se encuentra un local comercial con baño, ideal para negocio propio o renta. • Segundo piso: hall, tres dormitorios (dos contiguos), un baño completo, depósito y patio. • Azotea: cuarto y baño de servicio. Edificación posterior • Primer piso: recepción, oficina con baño, área de impresión, depósito, almacén, oficina adicional, baños y vestuario de personal. • Azotea: guardianía y depósito. Beneficios destacados: • Terreno amplio de 620 m². • Versatilidad para uso residencial, comercial o empresarial. • Ubicación estratégica en el Cercado de Lima, con alta conectividad. • Cochera para 6 autos • Estado del Inmueble: bueno documentacion en regla. Persona de Contacto: Rosa Esquerre 9. 8. 1. 2. 1. 0. 0. 2. 1.|https://urbania.pe/inmueble/clasificado/veclcain-venta-de-casa-en-chacra-rios-lima-cercado-5-a-mas-dormitorios-148083668?n_src=Listado&n_pills=Cuartos+de+servicio&n_pg=1&n_pos=10|2026-02-01
urbania|casas|venta|Lima Centro|Lima Cercado|"Jr. Teniente Arancivia 299, Cercado de Lima
Lima Cercado, Lima"|S/ 780,000 · USD 208,000|780000|208000|||"392 m² tot.
4 dorm.
3 baños
1 estac."|392|4|3|1|Se vende casa de 2 pisos en buen estado de conservación ideal para vivir. valor comercial: S/ 780, 000. características: + Área de Terreno: 182. 04 m2. + Área Ocupada: 392. 04 m2. + Zonificación: zte-3. + Cuenta con 4 dormitorios, 3 baños, azotea y estacionamiento. + Ubicada en un entorno urbano-residencial, cerca Avenida Sebastián Lorente. ¡agenda una visita gratis! Recuerda, en Grupo Ordesa podrás encontrar inmueble en todo el Perú. Solicita tu catálogo para encontrar propiedades en soles y en dólares esperando por ti. *Tipo de cambio referencial de 3. 75. Sujeto a variación diaria por fluctuación del mercado. No te olvides de seguirnos en nuestras redes sociales: ig: @grupo. ordesa. fb: Grupo Ordesa. sadorsa sac - ruc Ver datos. sadorsa bank - ruc Ver datos|https://urbania.pe/inmueble/clasificado/veclcain-venta-de-casa-en-lima-cercado-lima-4-dormitorios-145470062?n_src=Listado&n_pg=1&n_pos=11|2026-02-01
urbania|casas|venta|Lima Centro|Lima Cercado|"JR Dinamarca - A UN Paso DEL Colegio Santa Isabel DE Hungria Y Coliseo Amauta
San Rafael, Lima Cercado"|S/ 746,250 · USD 199,000|746250|199000|||"160 m² tot.
4 dorm.
2 baños
1 estac."|160|4|2|1|Vendo Linda Casa Independiente de 2 pisos y azotea frente al Parque MadridUrbanización San Rafael, muy cerca al Coliseo Amautaárea de terreno: 160. 00 m2, construido: 220 m21er piso: - Cochera para 1 auto- Hall de Ingreso- Sala- Comedor- Baño de visita- Oficina (con posibilidad de implementarlo como dormitorio) - Cocina- Lavandería- Patio interno2° piso: - 2 dormitorios con vista a parque- 2 dormitorios con vista y acceso a terraza interior- Baño secundario completo3° piso: - Depósito- Azotea- Tendalagenda una visita y haz posible esta oportunidad-dmayo Real Estate|https://urbania.pe/inmueble/clasificado/veclcain-venta-de-casa-en-san-rafael-lima-cercado-4-dormitorios-146687534?n_src=Listado&n_pills=%C3%81rea+de+lavander%C3%ADa&n_pg=1&n_pos=12|2026-02-01
urbania|casas|venta|Lima Centro|Lima Cercado|"Calle Eduardo del Castillo Cercado de Lima al 2400
Centro De Lima, Lima Cercado"|S/ 1,012,026 · USD 300,000|1012026|300000|||"297 m² tot.
6 dorm.
1 estac."|297|6||1|Venta de casa en cercado de lima límite con pueblo librea una cuadra de Av. Alejandro Bertello, a unas cuadras de Av. Mariano Cornejo y de Plaza La Bandera. *Detalle del inmueble: -Área de terreno 174. 80 m2, de 2 pisos, con ingreso independiente para el 2do piso. Casa para remodelar por su antigüedad. -Área construida: 297m2*1er. Piso: -Sala comedor amplia con vista a jardín y sala de estar. -Cocina amplia cerrada con reposteros y lavandería. -Conexión a gas natural de Calidda. -03 dormitorios con closet. -02 baños completos. -Jardín interno. -Medidor de luz y agua independiente para cada piso-Cochera delantera dentro de reja. *2do. Piso-Área construida 150m2-Acceso independiente como un departamento. -03 dormitorios. -Sala comedor amplia con vista a la calle. -Cocina amplia cerrada con reposteros y lavandería. -01 baño completo. -Azotea con habitación y baño-Cistena subterránea para agua-Tanque elevado para agua-Aires disponibles-Antigüedad + de 30 años. **Precio de venta: $300, 000 dólares. **Para mayor información y visitas, contactarme!|https://urbania.pe/inmueble/clasificado/veclcain-venta-de-casa-en-centro-de-lima-lima-cercado-5-a-mas-dormitorios-148123873?n_src=Listado&n_pills=%C3%81rea+de+lavander%C3%ADa&n_pg=1&n_pos=13|2026-02-01
urbania|casas|venta|Lima Centro|Lima Cercado|"Sebastian Lorente, Cercado de Lima
Lima Cercado, Lima"|S/ 648,000 · USD 190,588|648000|190588|||"363 m² tot.
7 dorm.
7 baños"|363|7|7||Contactarse claudia meiggs / Celular 9 9 4 6 5 7 5 1 8 venta de casa como terreno en cercado de lima A precio de remate. El área total es de 363. 66 M2 Y puedes adquirirlo A solo S/. 698, 100 (ni siquiera está A precio de terreno). Es una casa en quinta de 363 M2 que incluye 7 dormitorios, los cuales puedes alquilar Y vivir de tus rentas O usarlo todo como vivienda. Consta también de 4 baños, 1 cocina, sala comedor, 7 dormitorios, 1 depósito, patio y jardín. Excelente ubicación, de fácil acceso A avenidas principales como av. Sebastian lorente, A pocas cuadras de av. Miguel grau Y jr. Ancash. Además, está cerca del colegio maria auxiliadora Y colegio republica de guatemala, así como A 1 cuadra de marvisur. Es una excelente oportunidad de inversión! Si estás buscando una casa grande con varias habitaciones, con un jardin grande, este es tu lugar. Si además lo quieres para una oportunidad de negocio, quieres colocar una casa de reposo, tienes un negocio en el que necesitas amplio espacio O si también luego de adquirirlo te interesa la oportunidad de alquilarlo, este es el lugar ideal, ya que tiene 7 habitaciones, 7 baños Y cada habitación alrededor de 15 M2. Propiedad sin hipoteca agenda tu cita precio: S/. 698, 100 *El tipo de cambio es referencial y podría estar desactualizado. Contactarse claudia meiggs / Celular 9 9 4 6 5 7 5 1 8|https://urbania.pe/inmueble/clasificado/veclcain-venta-de-casa-en-lima-cercado-lima-5-a-mas-dormitorios-147787503?n_src=Listado&n_pills=Jard%C3%ADn&n_pg=1&n_pos=14|2026-02-01
urbania|casas|venta|Lima Centro|Lima Cercado|"Sebastian Lorente Mz. C Lote 19 Cercado de Lima
Martinete, Lima Cercado"|S/ 332,500 · USD 95,000|332500|95000|||"99 m² tot.
3 dorm.
2 baños
1 estac."|99|3|2|1|Casa de venta de 99 m2 en el corazón de Cercado de LimaPrimer nivel: - Sala comedor con vista externa- Cocina cerrada- 01 medio bañoSegundo nivel: - 02 Dormitorios- 01 Baño completoTercer nivel: - 01 Dormitorio- LavanderíaAceptan mascotasParqueCerca de Estación Presbitero MaestroPrecio: us$ 95, 000Contáctame: Mayte Pinares9*5*8*1*4*8*5*9*9*|https://urbania.pe/inmueble/clasificado/veclcain-venta-de-casa-en-martinete-lima-cercado-3-dormitorios-147676455?n_src=Listado&n_pills=Jard%C3%ADn&n_pg=1&n_pos=15|2026-02-01
urbania|casas|venta|Lima Centro|Lima Cercado|"jr Parque de la Reserva
Santa Beatriz, Lima Cercado"|S/ 998,000 · USD 299,000|998000|299000||40|"129 m² tot.
5 dorm.
4 baños"|129|5|4||"Venta de simpática Casa en La urbanización santa Beatriz. Frente al parque al Parque de la Reserva- Paseo mágico del agua. Ubicado en calle Parque de la reserva. La propiedad de ubica en un simpático Condominio de solo 10 casas con buena seguridad. Primer Nivel: - Área de terreno 128-90mt2 | área construida 230m2. - Amplia Sala/Comedor con salida a la terraza. - Terraza interna. - Cocina cerrada con muebles. - Baño de visita. - 2 Cuartos de estudio/trabajo. - área de lavandería. - 2 estacionamientos (interno y externo) Segundo Nivel: - 4 dormitorios con clóset. - 1 baño completo. - 3er nivel amplia Terraza con un baño y cuarto de servicio. Datos relevantes: - Conservación del inmueble: Buen estado. - Documentación en regla (sin hipoteca) Citas con un día de anticipación. Atención!.. Solo trato directo. Abstenerse Intermediarios"|https://urbania.pe/inmueble/clasificado/veclcain-venta-de-casa-en-santa-beatriz-lima-cercado-5-a-mas-dormitorios-148827566?n_src=Listado&n_pills=%C3%81rea+de+lavander%C3%ADa&n_pg=1&n_pos=16|2026-02-01
urbania|casas|venta|Lima Centro|Lima Cercado|"Jiron teniente Arancivia 299, Cercado de Lima
Lima Cercado, Lima"|S/ 780,000|780000||||"182 m² tot.
4 dorm.
5 baños
1 estac."|182|4|5|1|Precio de venta: S/ 780, 000. Área de terreno: 182. 04 m² Área construida: 392. 04 m² Zonificación: zte-3 (Zona de Tratamiento Especial) Propiedad ubicada en un entorno urbano-residencial tranquilo y bien conectado, ideal para vivienda familiar o proyecto inmobiliario. Cuenta con amplios ambientes y buena iluminación natural. Características: 4 dormitorios. 5 baños. Azotea. Estacionamiento. Excelente oportunidad para invertir en una zona con proyección y fácil acceso a vías principales. Inmueble adjudicado por entidad financiera, precio final sujeto a evaluación|https://urbania.pe/inmueble/clasificado/veclcain-venta-de-casa-en-lima-cercado-lima-4-dormitorios-147899824?n_src=Listado&n_pg=1&n_pos=17|2026-02-01
urbania|casas|venta|Lima Centro|Lima Cercado|"Calle Luis Romero 1025
Lima Cercado, Lima"|S/ 2,033,000 · USD 549,000|2033000|549000|||"160 m² tot.
12 dorm.
8 baños"|160|12|8||Excelente oportunidad de inversión inmobiliaria en una zona de alta rotación y demanda permanente. Se vende edificio completo en bloque, ubicado en Jirón Luis Romero 1025, a la altura de Av. Colonial con Av. Universitaria, un punto estratégico con fuerte componente residencial, comercial y universitario. La propiedad está compuesta por 4 departamentos independientes más un dúplex en el último piso, todos debidamente independizados, lo que brinda flexibilidad total al inversionista: renta inmediata, reventa por unidades o valorización a mediano plazo. Características del inmueble: - Edificio completo en venta (venta en bloque) - 4 departamentos independientes. - 1 dúplex. - Unidades independizadas. - Ideal para renta multifamiliar. - Potencial de flujo mensual inmediato. - Excelente proyección de plusvalía. Ubicación estratégica de alta demanda. Ubicado en un entorno altamente dinámico, con cercanía directa a: - Av. Universitaria y Av. Colonial (conectividad total) - Universidades e institutos (alta demanda de alquiler continuo) - Comercios, mercados, bancos y servicios. - Transporte público, corredores y vías principales. - Zonas residenciales consolidadas y comercio activo. Esta ubicación asegura ocupabilidad constante durante todo el año, convirtiendo al inmueble en una inversión sólida, estable y rentable, ideal para perfiles conservadores o de crecimiento patrimonial. Ideal para: - Inversionistas que buscan ingresos desde el primer día. - Compra en bloque para renta tradicional. - Estrategias de diversificación inmobiliaria. - Empresas, desarrolladores o inversionistas patrimoniales. Venta en bloque – oportunidad única en una zona de alta demanda y fácil colocación. Contáctanos para recibir información financiera detallada y coordinar una visita|https://urbania.pe/inmueble/clasificado/veclcain-venta-de-casa-en-lima-cercado-lima-5-a-mas-dormitorios-148653899?n_src=Listado&n_pills=Cerca+a+colegios&n_pg=1&n_pos=18|2026-02-01
urbania|casas|venta|Lima Centro|Lima Cercado|"Calle Arias Araguez
Chacra Rios Sur, Lima Cercado"|S/ 690,000 · USD 199,000|690000|199000|||"162 m² tot.
3 dorm.
2 baños
1 estac."|162|3|2|1|Casa de un piso, dividida en 2 mini departamentos, ideal para compartir gastos. Lista para ocupar inmediatamente. Calle cerrada, zona tranquila. Límite con Pueblo Libre. Cerca a U. La Católica, San Marcos, parque La Bandera. Parámetros: 4 pisos. Precio como terreno.|https://urbania.pe/inmueble/clasificado/veclcapa-venta-de-casa-en-chacra-rios-sur-lima-cercado-3-dormitorios-148730488?n_src=Listado&n_pg=1&n_pos=19|2026-02-01
urbania|casas|venta|Lima Centro|Lima Cercado|"CALLE ELVIRA GARCIA Y GARCIA ESQUINA CON TENIENTE MOORE
Los Cipreses, Lima Cercado"|S/ 2,479,000 · USD 670,000|2479000|670000|||"588 m² tot.
10 dorm.
4 baños
5 estac."|588|10|4|5|Descubre esta amplia propiedad de 3 pisos en Urb. Los Cipreses, con 588 m² de terreno, diseñada para proyectos residenciales o comerciales de gran impacto. 10 dormitorios distribuidos en 3 niveles, ideales para adaptar según tus necesidades. 2 cocheras espaciosas, con capacidad para hasta 5 autos. Frente de 24. 50 ml, con lados de 24 ml, perfecto para maximizar el uso del terreno. Oportunidades de Inversión: ️ Residencia de ancianos o casa de reposo. ️ Anexo de clínicas u oficinas médicas. ️ Desarrollo inmobiliario en una ubicación estratégica. Ubicación Privilegiada: En el corazón del Cercado de Lima, cerca de hospitales, centros educativos y avenidas principales. ¡Todo lo que necesitas está a pocos minutos! Haz crecer tu inversión en un inmueble versátil y con un gran potencial de rentabilidad.|https://urbania.pe/inmueble/clasificado/veclcain-venta-de-casa-en-los-cipreses-lima-cercado-5-a-mas-dormitorios-145549259?n_src=Listado&n_pills=Gimnasio&n_pg=1&n_pos=20|2026-02-01
urbania|casas|venta|Lima Centro|Lima Cercado|"Jr. Sta. Rosa 1349 al 1300
Lima Cercado, Lima"|S/ 737,000 · USD 220,000|737000|220000|||"125 m² tot.
3 dorm.
2 baños"|125|3|2||Contacto: doris guevaracel: 9*6*6*6*5*6*5*9*9¡Oportunidad Única de Venta en el Cercado de Lima! Esta es la oportunidad para inversionistas y personas que requieran contar con una propiedad para: almacén, depósito y vivienda u otros rubros en el cercado de Lima, muy cerca al Hospital Dos de Mayo, Maternidad de Lima, 5 esquinas, Mercado Central, Paruro, ie Misericordia, inicial, cuna jardín, cc uno y Maestro, a pocas cuadras del Congreso de la Nación, así como a la Estación Grau del Tren, al Emporio Comercial de Gamarra en la Victoria. Con salidas muy rápidas al Puente Huanuco, y la Av Grau, el Agustino. obtén y cuenta con tu propiedad soñado con amplios espacios y cómodos acorde al giro de negocios o al rubro que te dedicas. Al frente de la propiedad podemos encontrar una construcción de 6 pisos así como a la Redonda gran cantidad de depósitos de productos de importación. No está considerando dentro del Centro Histórico, se puede realizar construcciones y/o remodelaciones. Área de terreno: 125. 00. m2, De frente: 4. 80mlCon altillo de 50. 00m2A espalda del Hospital Dos de Mayo, muy cerca de Mesa Redonda, Mercado central, Emporio Comercial de Gamarra. Altura de la Estación Grau del tren, diprove de Barrios Altos, comisaría de Alipio Ponce. ¡¡Agenda tu pronta visita ya!! contacto: doris guevaracel: 9*6*6*6*5*6*5*9*9id: 1*1*6*2*0*9*9|https://urbania.pe/inmueble/clasificado/veclcain-venta-de-casa-en-lima-cercado-lima-3-dormitorios-148137715?n_src=Listado&n_pills=Jard%C3%ADn&n_pg=1&n_pos=21|2026-02-01
urbania|casas|venta|Lima Centro|Lima Cercado|"Jirón Angaraes
Lima Cercado, Lima"|S/ 267,241 · USD 79,300|267241|79300|||70 m² tot.|70||||¿Buscas una ubicación estratégica en el Cercado de Lima para tu proyecto comercial o residencial? Este terreno de 70. 40 m² (frente 4. 62 m x fondo 15. 24 m) está a 2 cuadras de la Av. Emancipación, Plaza Unión y a 2 cuadras de Av. Tacna — rodeado de colegios, centros de salud, el mercado La Aurora, Plaza Vea, Metro, Sodimac e instituciones financieras. La propiedad se vende como terreno por antigüedad, pero su fachada permanece (zona de entorno) y el interior puede demolerse para diseñar tu proyecto. Con zonificación zte 3 podrás destinarlo a vivienda, comercio o talleres artesanales. Es posible construir hasta 2 pisos. Documentación en regla: título inscrito en Registros Públicos, sin cargas ni gravámenes. Compra al contado o con financiamiento. BeneficiosListo para la entrega: inmueble desocupado, entrega inmediata para demoler y empezar tu proyecto. Documentación limpia: título inscrito en Registros Públicos, sin cargas ni gravámenes. Flexibilidad de compra: se puede adquirir al contado o con crédito. Ubicación estratégica: a 2 cuadras de Av. Tacna y Av. Emancipación. Uso múltiple: zonificación zte 3 (vivienda, comercio, talleres artesanales). VentajasFachada preservada: valor patrimonial y estética de la calle, diferencial en la zona. Tamaño operativo: 70. 40 m² (4. 62 x 15. 24), ideal para local comercial + vivienda o taller con renta. Posibilidad constructiva: permite construir hasta 2 pisos; perfecto para proyecto pequeño con retorno rápido. Cercanía a servicios: colegios, centros de salud, Mercado La Aurora, Plaza Vea, Metro y Sodimac a minutos. Agilidad en la compra: al estar desocupado y con papeles en regla, el proceso de entrega y habilitación es más ágil. ¿Listo para convertir esta ubicación en tu próximo negocio, taller o vivienda con renta segura? Contáctanos y te agendamos visita. Las imágenes y/o información de este inmueble son de carácter referencial. R. uc.: Razón social: Inversiones Delia S. A. C.|https://urbania.pe/inmueble/clasificado/veclcain-venta-de-casa-en-lima-cercado-lima-148154342?n_src=Listado&n_pg=1&n_pos=22|2026-02-01
urbania|casas|venta|Lima Centro|Lima Cercado|"Av. Alejandro Bertello
Lima Cercado, Lima"|S/ 1,327,150 · USD 380,000|1327150|380000|||"387 m² tot.
12 dorm.
8 baños
1 estac."|387|12|8|1|Venta de propiedad en cercado de lima – inversión con alta rentabilidad Y ubicación estratégica- Dirección: Av. Alejandro Bertello – Cercado de Lima (límite con Breña) características principales- Área total de terreno (at): 150 m²- Área construida (ac): 387 m² aprox. - Total de unidades inmobiliarias: 4 departamentos independizados- Estado actual: 100% alquilado- Ingreso mensual por alquiler: S/ 7, 400- Documentación en regla (partidas registrales independientes) distribución por pisoprimer Piso – Departamento Independiente- Área: 135 m² (incluye cochera techada) - Sala comedor- Cocina tipo kitchenette- 4 dormitorios- 2 baños completos- Patio interior y lavandería- Cochera techada con carpot independiente- Medidores de luz, agua y gas natural- Partida registral independienteSegundo Piso – Departamento Independiente- Área: 108 m²- Sala comedor amplia- Cocina convencional amoblada- 3 dormitorios- 2 baños completos- Patio lavanderíaTercer Piso – Departamento Flat- Área: 72 m²- Sala comedor- Cocina tipo kitchenette- 2 dormitorios- 2 baños- Patio lavandería- Terraza externa al ingresoCuarto Piso – Departamento Dúplex- Área: 82 m²- Sala recibidor- Cocina tipo kitchenette- 3 dormitorios- 2 baños- Patio lavanderíabeneficios para el inversionista- Propiedad generando ingresos desde el primer día- Departamentos con alta demanda de alquiler por ubicación estratégica- Infraestructura moderna: conexiones de gas natural, medidores independientes, tanque elevado- 2 cocheras techadas con carpot independiente- Distribución funcional ideal para rentas múltiples o uso familiar y alquiler parcialubicación privilegiada- A pasos de avenidas principales: Av. La Alborada, Av. Mariano Cornejo, Av. Simón Bolívar, Av. Venezuela- Zona consolidada y con alta demanda de alquiler- Cerca del Parque de la Bandera, mercados, colegios, minimarkets, centros de salud y bancos- Accesibilidad rápida a transporte público y principales víasoportunidad de inversión en zona urbana consolidada- Invertir en esta propiedad significa adquirir un activo sólido, con documentación lista, rentabilidad inmediata y proyección de valorización constante en una de las zonas con mayor dinamismo inmobiliario de Lima. R. U. C Ver datos|https://urbania.pe/inmueble/clasificado/veclcain-venta-de-casa-en-lima-cercado-lima-5-a-mas-dormitorios-147989874?n_src=Listado&n_pills=%C3%81rea+de+lavander%C3%ADa&n_pg=1&n_pos=23|2026-02-01
urbania|casas|venta|Lima Centro|Lima Cercado|"Jirón Condesuyos 499, Lima 15079, Perú
Lima Cercado, Lima"|S/ 820,750 · USD 245,000|820750|245000|||"180 m² tot.
4 dorm.
3 baños
1 estac."|180|4|3|1|¡Oportunidad de inversión en Lima Centro! A pasos del cruce de Enrique Meiggs con Ramón Cárcamo – excelente ubicación estratégica Área de terreno: 97 m² Área construida: 180 m² Antigüedad: 38 años 2 pisos construidos 1 cochera Ideal para: Vivienda familiar Proyecto comercial Alquiler por niveles Zona céntrica con gran conectividadCerca de: mercados, bancos, colegios, transporte público y más ¡Precio competitivo por m² construido en zona con alta demanda! Contáctame hoy mismo y agenda tu visita¡Haz crecer tu inversión en el corazón de Lima! R. U. C Ver datos|https://urbania.pe/inmueble/clasificado/veclcain-venta-de-casa-en-lima-cercado-lima-4-dormitorios-148560696?n_src=Listado&n_pg=1&n_pos=24|2026-02-01
urbania|casas|venta|Lima Centro|Lima Cercado|"Carlos Arrieta Santa Beatriz, Lima
Santa Beatriz, Lima Cercado"|S/ 1,406,000 · USD 380,000|1406000|380000|||"232 m² tot.
4 dorm.
3 baños"|232|4|3||Esta casa de 78 años, estratégicamente ubicada frente al Parque de las Aguas en una zona comercial en pleno crecimiento, ofrece 232 m² llenos de posibilidades. Cuenta con: 4 habitaciones3 bañosun área de servicio completaEs ideal para remodelar y convertirla en tu hogar soñado o desarrollar un proyecto de departamentos u oficinas.|https://urbania.pe/inmueble/clasificado/veclcain-venta-de-casa-en-santa-beatriz-lima-cercado-4-dormitorios-144698175?n_src=Listado&n_pg=1&n_pos=25|2026-02-01
urbania|casas|venta|Lima Centro|Lima Cercado|"A.h Jardin Rosa de Santa Maria
Lima Cercado, Lima"|S/ 220,150 · USD 59,500|220150|59500|||"56 m² tot.
4 dorm.
1 baño"|56|4|||Oportunidad única en Lima! ¿Buscas un nuevo hogar en una zona urbana con espacio de sobra para tu familia? ¡Tenemos la propiedad perfecta para ti! Ubicada en A. H. Jardín Rosa de Santa Maria, esta casa de 3 pisos ofrece un ambiente cómodo y espacioso en la vibrante ciudad de Lima. Características: -Área de Terreno: 56. 00 m2-Área Construida: 126. 00 m2-Habitaciones: 4- Baño: 1 completo, 1 baño de visita- Estacionamientos: No disponibleCon una estructura sólida y 31 años de antigüedad, esta propiedad ha sido bien mantenida y está lista para convertirse en tu nuevo hogar. ¡No pierdas esta oportunidad de vivir en una casa con todas las comodidades necesarias y espacio para toda la familia! Muy cerca a avenidas principales como Amazonas, Ancash y Evitamiento, además del hospital Mogrovejo, mercado Mercedarias y paradero Prebístero Maestro, Contáctanos para más información y organizar una visita. ¡Tu futuro hogar te espera! T. C. 3. 50Tipo de cambio referencial, sujeto a variación diaria por fluctuación del mercado|https://urbania.pe/inmueble/clasificado/veclcain-venta-de-casa-en-lima-cercado-lima-4-dormitorios-147393938?n_src=Listado&n_pills=Jard%C3%ADn&n_pg=1&n_pos=26|2026-02-01
urbania|casas|venta|Lima Centro|Lima Cercado|"Reynaldo Saavedra Pinon - Cercado de Lima
Elio, Lima Cercado"|S/ 1,600,000 · USD 440,000|1600000|440000|||"856 m² tot.
35 dorm.
36 baños
3 estac."|856|35|36|3|? Hospedaje de 6 Pisos en Zona Comercial Estratégica de LimaOportunidad única para inversionistas: edificio de 6 niveles más azotea, con 35 habitaciones, cada una con baño privado, y cochera incluida. Características Destacadas: -35 habitaciones con baño privado, distribuidas en 6 pisos más azotea. -Cochera disponible para huéspedes. -Diseño moderno y funcional, optimizando espacio y privacidad. -Estructura sólida; no cuenta con ascensor. Ubicación Privilegiada: -A solo 2 minutos de las avenidas Venezuela y Colonial. -Próxima inauguración de la Línea 2 del Metro de Lima a 1 minuto. -Cercano a universidades upn (Av. Tingo María) y San Marcos (Av. Universitaria). -Rodeado de zonas comerciales de tapicerías, con alta demanda de hospedaje por horas. -A pocas cuadras de mercados, ministerios, canchas deportivas y colegios. Potencial de Inversión: -Ideal para transformar en un centro de hospedaje exitoso, gracias a su ubicación estratégica y diseño adaptable. Contáctanos: -No dejes pasar esta oportunidad. Agenda tu visita con proyectum perú y descubre el potencial de esta propiedad. jc 24/07/24Proyectum|https://urbania.pe/inmueble/clasificado/veclcain-venta-de-casa-en-elio-lima-cercado-5-a-mas-dormitorios-144378172?n_src=Listado&n_pills=Guardian%C3%ADa%2FSeguridad+privada&n_pg=1&n_pos=27|2026-02-01
urbania|casas|venta|Lima Centro|Lima Cercado|"Cerca A JR Ayacucho
Centro De Lima, Lima Cercado"|S/ 23,936,000 · USD 6,800,000|23936000|6800000|||"650 m² tot.
6 baños"|650||6||? Ideal para tener tu mercaderia al alcance de tu mano? Excelente inversión para tu empresa. Local y/o depósitoUbicación. - estratégica y privilegiada, a pasos del Mercado Central y cerca de la Plaza de Armas, dentro de la zona comercial con mayor movimiento económico. Documentación completa. Independizados e inscritos en sunarp. 10 depositos en cada pisoEdificio de 4 pisos, con ascensor de carga hasta el 4to pisoServicios completos de agua, desagüe y luz. Precio ligeramente negociable. Área Total: 650 m2 6 Locales externos con vista a la calleR. U. C Ver datos|https://urbania.pe/inmueble/clasificado/veclcain-venta-de-casa-en-centro-de-lima-lima-cercado-143729206?n_src=Listado&n_pg=1&n_pos=28|2026-02-01
urbania|casas|venta|Lima Centro|Lima Cercado|"Av. España
Lima Cercado, Lima"|S/ 6,384,000 · USD 1,900,000|6384000|1900000|||1000 m² tot.|1000||||Venta de casona con valor monumental en plena av. España – centro histórico de lima¿Buscas un inmueble con historia, excelente ubicación y un gran potencial comercial? Esta casona es ideal para desarrollar tu proyecto soñado. Ubicación estratégica: En la intersección de Av. España, zona de alta afluencia peatonal y vehicular, perfecta para negocios como: Galerías comercialesRestaurantes o cafésClínicas y centros de saludHoteles boutiqueAcademias u oficinasA solo una cuadra de la estación España del Metropolitano, cerca de bancos, el Mall Real Plaza, Centro Cívico y más.? Características del inmueble: Área de terreno: 587. 50 m²Doble frente: 23. 50 ml por Av. España y 25. 00 ml por Jr. WashingtonVereda ancha de 5. 00 mlConstruida en 1945, con valor histórico: residencia del Dr. David García Yrigoyen, abogado y político peruano. Zonificación zte2 – Zona de Tratamiento EspecialEstado general: Regular (según tasación) Valor monumental: No se puede modificar la fachada, pero sí el interior, ideal para renovación con identidad. Cuenta con 2 plantas, ambientes amplios, pisos de cerámica, puertas y ventanas de madera. Servicios básicos: agua potable, desagüe y electrificación. Documentación en regla. Un inmueble único, en el corazón del Centro Histórico de Lima, que ofrece visibilidad, prestigio y un sinfín de posibilidades comerciales o institucionales. Contáctanos hoy mismo y descubre el potencial de esta joya arquitectónica. R. U. C Ver datos|https://urbania.pe/inmueble/clasificado/veclcain-venta-de-casa-en-lima-cercado-lima-147076912?n_src=Listado&n_pg=1&n_pos=29|2026-02-01
urbania|casas|venta|Lima Centro|Lima Cercado|"Dávalos Lisson al 200
Lima Cercado, Lima"|S/ 505,000 · USD 150,000|505000|150000|||"155 m² tot.
4 dorm.
2 baños"|155|4|2||Se vende casa 2da. Planta (con puerta A la calle) - cercado de lima* Area: 155. 52 mts. + Aires libres* 11 ambientesDistribuidos de la siguiente manera: * 4 habitaciones* 1 Sala* 1 comedor* 2 halls* 2 baños* 1 cocina ampliaAires LibresSe encuentra a 3 cuadras de Real Plaza Centro Cívico, a 2 cdras del Hospital Loayza, a 3 cuadras de Plaza Vea y Metro. 1 cdra de Reniec, 2 cdra. Sunat, Estación Metropolitano Alfonso Ugarte, Diario El Peruano. 2 cdras del Nuevo Rústica en Av. Wilson, a 3 cdras del Queirolo y Plaza San Martín. Zona altamente comercial. Precio a tratar ¡Interésate en conocerlo y descubre las posibilidades de este espacio para convertirlo en tu próximo hogar o inversión. Consultar con el Agente Inmobiliario encargado para mayor información Ver datos.|https://urbania.pe/inmueble/clasificado/veclcain-venta-de-casa-en-lima-cercado-lima-4-dormitorios-148278013?n_src=Listado&n_pills=%C3%81rea+de+lavander%C3%ADa&n_pg=1&n_pos=30|2026-02-01
urbania|casas|venta|Lima Centro|Lima Cercado|"Jirón Junín al 1700
Lima Cercado, Lima"|S/ 640,000 · USD 155,000|640000|155000|||"148 m² tot.
3 dorm.
1 baño"|148|3|||. ¡ocasión! Vendo casa como terreno en zona estratégica de Cercado de Lima, cerca al cruce de la Av. Miguel Grau y el Jirón Junín: - Al lado de la estación Miguel Grau del tren eléctrico Linea 1. - Al costado del Cuartel Barbones. - A escasos metros de la Av. Nicolas Ayllón. - A 10 minutos del Mercado Central- A 10 minutos del Emporio Gamarra. • Papeles en Regla y listos para la venta•. Parámetros altura 11. 5m (3 pisos y azotea) •. Área: 149. 35m2Precio negociable: $155. 000Mayor información o visitas al 9*3*7*3*4*1*1*0*1Cristhian Reginaldo|https://urbania.pe/inmueble/clasificado/veclcain-venta-de-casa-en-lima-cercado-lima-3-dormitorios-146492794?n_src=Listado&n_pg=2&n_pos=1|2026-02-01
urbania|casas|venta|Lima Centro|Lima Cercado|"Av Nicolás de Aranibar 830
Santa Beatriz, Lima Cercado"|S/ 1,687,500 · USD 450,000|1687500|450000|||"380 m² tot.
4 dorm.
3 baños
1 estac."|380|4|3|1|En el bullicioso distrito de Santa Beatriz, una joya del pasado espera ser redescubierta. Esta propiedad de 84 años y 222 m2 no solo guarda historias, sino también infinitas posibilidades para quienes saben ver el potencial en una ubicación privilegiada. Imagina un lugar en pleno centro de Santa Beatriz, rodeado de puntos clave como el Hospital Rebagliati, la estación México del Metropolitano y el icónico Parque de las Aguas. Un espacio en una zona de alta demanda, donde el crecimiento inmobiliario no solo es una tendencia, sino una realidad. ¿por que esta propiedad es la eleccion perfecta? Potencial de revalorizacion: Santa Beatriz ha visto un aumento constante en su valor gracias a su cercanía a servicios esenciales. Ya sea para viviendas o proyectos comerciales, los desarrolladores encuentran aquí un tesoro que sigue aumentando su atractivo. Demanda en crecimiento: En las áreas céntricas de Lima, los terrenos amplios se están volviendo una rareza. Este espacio de 222 m2 es codiciado por aquellos que buscan construir edificaciones multifamiliares o nuevos negocios que aprovechen la vibrante vida urbana que rodea la zona. Rentabilidad asegurada: Los inversionistas saben que el éxito está en las oportunidades únicas, y esta propiedad es una de ellas. Con el mercado inmobiliario en auge y la infraestructura ya desarrollada en la zona, los retornos de inversión pueden ser rápidos y significativos. Ya sea que busques remodelar una joya arquitectónica o construir un proyecto moderno desde cero, esta propiedad es la clave para un futuro rentable. ¡No dejes pasar esta oportunidad única en Santa Beatriz! Nota: El precio en soles, depende del tipo de cambio en el día. ¿Listo para darle vida a este nuevo proyecto? ¡Contáctame 976*124*482 y hagamos historia juntos!|https://urbania.pe/inmueble/clasificado/veclcain-venta-de-casa-en-santa-beatriz-lima-cercado-4-dormitorios-144702518?n_src=Listado&n_pills=Cuartos+de+servicio&n_pg=2&n_pos=2|2026-02-01
urbania|casas|venta|Lima Centro|Lima Cercado|"Parque Hernan Velarde 60
Santa Beatriz, Lima Cercado"|S/ 1,568,000 · USD 467,000|1568000|467000|||"510 m² tot.
12 dorm.
13 baños"|510|12|13||Se vende todo el primer piso ( terreno de 520 mts, más los mezanines que van hasta el tercer piso). El segundo piso tiene otro propietario. Lacasa tiene mucho potencial. Todas las ventajas de una casa( no se paga mantenimiento, total independencia y sobre todo techos altos y muchos ambientes ideales para infinidad de usos) Casa en venta en Santa Beatriz, ideal para familias grandes o proyectos comerciales. Cuenta con 12 recámaras y 13 baños, perfecta para adaptarse a diversas necesidades. La propiedad ofrece 510 m2 de terreno y 445 m2 de superficie construida, distribuidos en 2 niveles. Toda la casona tiene techos de tres metros de altura. En su interior, encontrarás una amplia sala y comedor, comedor diario, sala de estar y una cocina funcional. El dormitorio principal cuenta con baño propio. Además, dispone de cuarto y 2 baños de servicio, sala de entretenimiento, sala comunal y área de lavandería. En el exterior, disfruta de un jardín, patio y terraza. La propiedad cuenta con cerco de material noble, ingreso independiente y permite mascotas. Ubicada en una zona con acceso asfaltado, cercana a parques, áreas verdes, centros comerciales y escuelas. Ofrece vista a la ciudad y al parque, estando frente al parque. Cuenta con servicios básicos (agua/luz) y desagüe. Ideal para uso profesional o comercial.|https://urbania.pe/inmueble/clasificado/veclcain-venta-de-casa-en-santa-beatriz-lima-cercado-5-a-mas-dormitorios-148675583?n_src=Listado&n_pills=%C3%81rea+de+lavander%C3%ADa&n_pg=2&n_pos=3|2026-02-01
urbania|casas|venta|Lima Centro|Lima Cercado|"Dirección no informada
Lima Cercado, Lima"|S/ 380,000 · USD 100,000|380000|100000|||"100 m² tot.
2 baños
1 estac."|100||2|1|…¿ por que rematar su propiedad? ¡su casa es un tesoro! Experiencia de profesionales especialistas A tu servicio, salvamos tu propiedad! Te brindamos ayuda financiera al instante! Hasta $1´000, 000. 00 saneamos documentación herencias (declaratorias de herederos) independizaciones, hipotecas, juicios, precarios, poseciones, aires, acciones Y derechos,. Brindamos asesoria integral en bienes raices: compra – venta – alquiler. edificios, casas, departamentos, terrenos, locales comerciales E industriales. Tazamos tu propiedad al mejor precio de mercado. Nuestra labor es lograr clientes complacidos Y satisfechos. Nuestros objetivos son materializar tus espectativas Y tus sueños. Agregamos valor A los negocios de nuestros clientes Y contribuimos A tomar decisiones correctas en inversiones inmobiliarias, con confidencialidad Y etica, teniendo en cuenta la calidad humana de la persona. Consultas gratuitas|https://urbania.pe/inmueble/clasificado/veclcain-venta-de-casa-en-lima-cercado-lima-145250465?n_src=Listado&n_pg=2&n_pos=4|2026-02-01
urbania|casas|venta|Lima Centro|Lima Cercado|"AV Amezaga Cercado DE Lima
Lima Cercado, Lima"|S/ 2,372,500 · USD 650,000|2372500|650000|||"402 m² tot.
13 dorm.
6 baños"|402|13|6||Vendo casa edificio de 3 pisos en alta zona comercial frente unmsm - cercado de lima - Edificio en zona comercial - (Frente a unmsm) - Área terreno - 180 M2. - Área construida - 401 M2 descripción 1er piso: - 2 baños. - 1 local comercial. - 1 cuarto de estudio. - 1 sala amplia. - 1 comedor amplio. - 1 jardín o patio interno. - 1 cocina. - 1 cochera. 2do piso: - 2 baños. - 5 habitaciones. 3er piso: - 5 habitaciones. - 2 baños. - 1 cocina. Descripcion general - 6 baños. - 13 habitaciones. - 2 cocinas. - 1 local comercial. - 1 cuarto de estudio. - 1 sala amplia. - 1 comedor amplio. - 1 jardín/patio amplio. - 1 cochera ubicación - Av. Germán Amezaga # 480 – Cercado de Lima. - Frente a la Universidad Nacional Mayor De San Marcos (unmsm). - A una cuadra de la av. Benavides. - Cerca de la av. Ramón Herrera. - Frente a la puerta del Estadio de San Marcos. - Frente al ingreso de la Facultad de Educación (unmsm). Precio - usd 650, 000 dólares americanos. - Precio negociable. - Documentos en regla. - Inscrita en la sunarp.|https://urbania.pe/inmueble/clasificado/veclcain-venta-de-casa-en-lima-cercado-lima-5-a-mas-dormitorios-148311409?n_src=Listado&n_pills=Jard%C3%ADn&n_pg=2&n_pos=5|2026-02-01
urbania|casas|venta|Lima Centro|Lima Cercado|"Av. Alejandro Bertello
Lima Cercado, Lima"|S/ 1,183,000 · USD 350,000|1183000|350000|||"214 m² tot.
3 dorm.
1 baño"|214|3|||Ubicada cerca a las avenidas principales como Avenida Alborada, Universitaria, Mariano Cornejo y Bolívar. Estratégicamente ubicada con conexión a los distritos de Pueblo Libre, Lima, San Miguel y Callao. Área de terreno: 214. 50 m2Área construida: 139 m2Frente: 10 m. Fondo: 21. 50 mAntigüedad: 49 añosLa casa tiene 2 plantasEn la primera planta: Amplia estacionamiento para 3 autos sin techar, sala, comedor, baño de visita, cocina, patio, terraza, lavandería. En la segunda planta: 3 habitaciones con vista a calle y que comparten 1 baño completo. Precio: 350, 000 usddocumentos en regla, sin carga ni gravámenes. Las imágenes y/o información de este inmueble son de carácter referencial. R. uc.: Razón social: Inversiones Delia S. A. C.|https://urbania.pe/inmueble/clasificado/veclcain-venta-de-casa-en-lima-cercado-lima-3-dormitorios-148293100?n_src=Listado&n_pills=%C3%81rea+de+lavander%C3%ADa&n_pg=2&n_pos=6|2026-02-01
urbania|casas|venta|Lima Centro|Lima Cercado|"Carabaya 600
Centro De Lima, Lima Cercado"|S/ 4,718,000 · USD 1,400,000|4718000|1400000|||"809 m² tot.
4 baños"|809||4||"Terreno patrimonial – Centro Histórico de LimaJr. Carabaya | 809 m² | ztepredio ubicado en Jr. Carabaya, colindante con la Beneficencia de Lima, dentro del Centro Histórico. Área de terreno: 809 m²Zonificación: zte – Zona de Tratamiento EspecialCondición patrimonial: Fachada protegida (unesco) Interior: Edificación existente demolibleAltura / proyecto: Sujeto a aprobación del Ministerio de Cultura y MunicipalidadSituación actual: 2 locales independientes (uno ocupado por precarios) Activo ideal para proyecto institucional, hotel boutique, cultural, educativo u oficinas, en una de las ubicaciones más representativas del Centro Histórico. Precio: usd 1’400, 000Venta como terreno. Documentación en orden."|https://urbania.pe/inmueble/clasificado/veclcain-venta-de-casa-en-centro-de-lima-lima-cercado-148463732?n_src=Listado&n_pg=2&n_pos=7|2026-02-01
urbania|casas|venta|Lima Centro|Lima Cercado|"Petit Thouars
Lima Cercado, Lima"|S/ 2,211,000 · USD 660,000|2211000|660000|||"550 m² tot.
5 dorm.
3 baños
2 estac."|550|5|3|2|Excelente Casa en Zona Comercial, zonificación cm, súper ubicada en avenida de alto tránsito, Sala Comedor, cocina cerrada, 4 dormitorios, 2baños completo, patio, jardín 440m2, Frente 11, techos altos y ambientes amplios subdividibles. 2 Estacionamientos. El uso permite, notarias, gimnasios, universidades, restaurantes, centros médicos, discotecas, bares, restaurantes, entre otros. Precio de oportunidad. Info al Ver datos|https://urbania.pe/inmueble/clasificado/veclcain-venta-de-casa-en-lima-cercado-lima-5-a-mas-dormitorios-148336472?n_src=Listado&n_pills=Jard%C3%ADn&n_pg=2&n_pos=8|2026-02-01
urbania|casas|venta|Lima Centro|Lima Cercado|"Calle Hernán Velarde Cdra 6
Lima Cercado, Lima"|S/ 1,690,000 · USD 500,000|1690000|500000|||"425 m² tot.
3 dorm.
2 baños
4 estac."|425|3|2|4|Linda casa de 3 pisos para renovar al gusto, ubicada en una calle cerrada con un parquecito interno en una zona netamente residencial libre de edificios. La casa incluye: 1er piso: Consta de estacionamiento, jardín delantero, ingreso recibidor a sala, pasadizo, escalera interna al segundo piso, cuarto (oficina), baño de visita, cocina, lavandería y patios posterior. 2do piso: Escalera a pasadizo, 4 dormitorios, 2 baños y escalera de acceso al tercer piso. 3er piso: Escalera a la azotea, tendal y 2 ambientes para deposito. Zonificación rdb El terreno tiene 271. 14m2 con las siguientes medidas: Frente a calle: 10. 50mLado Derecho: 23. 45mLado Izquierdo: 26. 30mFondo: - Ver datos - Ver datos|https://urbania.pe/inmueble/clasificado/veclcain-venta-de-casa-en-lima-cercado-lima-3-dormitorios-148772088?n_src=Listado&n_pills=%C3%81rea+de+lavander%C3%ADa&n_pg=2&n_pos=9|2026-02-01
urbania|casas|venta|Lima Centro|Lima Cercado|"SAAVEDRA PIÑON 2500
Mirones, Lima Cercado"|S/ 437,500 · USD 125,000|437500|125000|||"91 m² tot.
3 dorm.
1 baño"|91|3|||Oportunidad única. Casa en venta en Urb. Mirones – Precio rebajado. Si buscas un hogar espacioso, bien ubicado y con potencial de expansión, esta es tu mejor opción. Amplio chalet de 2 pisos más azotea en Unidad Vecinal Mirones, 2da Etapa, en el Cercado de Lima. Ubicación estratégica: A pocos minutos de la pucp, unmsm y principales avenidas como Venezuela y Colonial. Además, rodeado de parques, tiendas, farmacias, bancos e institutos. Todo lo que necesitas al alcance de tu hogar. Características principales: Área de terreno: 91. 95 m² Área construida: 146. 54 m² Distribución: Primer piso: Patio con jardín. Sala amplia e iluminada. Comedor independiente. Cocina cerrada con doble acceso. Lavandería. Medio baño de visitas. Patio posterior cerrado y compartido. Segundo piso: 3 habitaciones (principal con balcón y vista al jardín) Habitaciones secundarias amplias y luminosas. Escalera con acceso a la azotea. Azotea: Potencial para construir hasta 2 pisos más o convertir en una terraza increíble. Al estar en Pasaje no cuenta con cochera propia pero hay una cochera exclusiva para propietarios de la urbanización Mirones a cuadra y media de la casa, igualmente hay otra cochera a una paralela. Ambas con un costo de 100 soles y seguridad 24 x 7. Documentación en regla – sin hipotecas ni gravámenes|https://urbania.pe/inmueble/clasificado/veclcain-venta-de-casa-en-mirones-lima-cercado-3-dormitorios-146228109?n_src=Listado&n_pills=Cerca+a+colegios&n_pg=2&n_pos=10|2026-02-01
urbania|casas|venta|Lima Centro|Lima Cercado|"JIRON CANGALLO 179
Barrios Altos, Lima Cercado"|S/ 1,142,400 · USD 340,000|1142400|340000|||"183 m² tot.
6 dorm.
3 baños"|183|6|3||Se ofrece en venta una propiedad con alto potencial de desarrollo, ubicada en una zona tradicional y estratégica de Lima, ideal para inversionistas o empresas que requieran espacio para operación logística o comercial. Descripción del inmueble. - Terreno de 182. 70 m2 ubicada en una zona urbana consolidada. - Espacio ideal para construcción de vivienda multifamiliar, almacén, depósito, taller o implementación de un negocio. - El entorno presenta mezcla de viviendas, comercios. Almacenes, lo cual amplia las posibilidades de uso. Ubicación estratégica. - A poicas cuadras de la Av. Abancay. - Rápido acceso al jr. Junín, Av. Grau y Plaza Italia. - Cercano a mercados, comercios y servicios. - Zona con constante demanda comercial y logística. ideal para:: - Empresas que requieran almacén o taller. - Comerciantes que buscan local amplio. - Inversionistas con visión de revalorización en el Centro Histórico. - medidas. Área Terreno. 182. 70 m2. Área Construida. 96. 94 m² Medidas. 6. 15 X 29. 7. contacto: orlando nuñez. cel: 9 6 8 5 1 1 7 1 3|https://urbania.pe/inmueble/clasificado/veclcain-venta-de-casa-en-barrios-altos-lima-cercado-5-a-mas-dormitorios-148260603?n_src=Listado&n_pg=2&n_pos=11|2026-02-01
urbania|casas|venta|Lima Centro|Lima Cercado|"Jirón Carcamo 785
Lima Cercado, Lima"|S/ 306,000 · USD 90,000|306000|90000||160|"71 m² tot.
3 dorm.
2 baños"|71|3|2||¡Vive en el corazón de la ciudad! Presentamos este increíble departamento en venta en Residencial Parque Central, un condominio seguro y céntrico. - 3 habitaciones - 2 baños completos- Sala comedor con balcón- Cocina completa- Ubicado en el 5to piso con elevadores- Área 71m²Disfruta de las áreas comunes: - Piscina- Cancha de fútbol- Gimnasio- Sala de reunionesCerca de avenidas principales, transporte, comercios y servicios. ¡No te pierdas esta oportunidad! Precio: $90, 000Agenda tu visita hoy mismo y descubre el potencial de esta propiedad. ¡No te la pierdas! 121% comprometidos en brindarte un servicio de excelencia.|https://urbania.pe/inmueble/clasificado/veclcain-venta-de-casa-en-lima-cercado-lima-3-dormitorios-148827341?n_src=Listado&n_pills=Parrilla&n_pg=2&n_pos=12|2026-02-01
urbania|casas|venta|Lima Centro|Lima Cercado|"Av. Venezuela 2881
Lima Cercado, Lima"|S/ 490,000 · USD 140,000|490000|140000|||"50 m² tot.
5 dorm.
3 baños"|50|5|3||"Vendo inmueble multiuso en av. Venezuela – ubicación estratégicaplena Av. Venezuela | Zona de alto tránsito y gran proyecciónCerca a la unmsm (San Marcos) Frente a MolitaliaPróximo paradero del Tren EléctricoRodeado de comercios importantes por ser avenida principal¡Excelente oportunidad para inversión o negocio! Este inmueble es ideal para quienes buscan una propiedad con local comercial + vivienda, en una de las avenidas más transitadas y comerciales de Lima, con alta visibilidad y demanda constante. Área total: 50 m²Distribución en 3 pisos – funcional, versátil y lista para usarDistribución: Primer piso: Local comercial (ideal para tienda, oficina o negocio) - Baño - Cocina - DepósitoSegundo piso: 2 habitaciones - Sala - BañoTercer piso: 2 habitaciones - Depósito - LavanderíaBeneficios clave: Servicios de agua y luz como vivienda (menor costo mensual) Doble acceso: puerta delantera y traseraInmueble en perfecto estadoDueño únicoPapeles en regla y listo para venderUbicación con alta proyección de valorización por el tren eléctricoContáctame para más información y agenda tu visita. Propiedades en Av. Venezuela con estas características y proyección ¡no duran mucho! T. C. 3. 50Tipo de cambio referencial, sujeto a variación diaria por fluctuación del mercado"|https://urbania.pe/inmueble/clasificado/veclcain-venta-de-casa-en-lima-cercado-lima-5-a-mas-dormitorios-148623764?n_src=Listado&n_pills=%C3%81rea+de+lavander%C3%ADa&n_pg=2&n_pos=13|2026-02-01
urbania|casas|venta|Lima Centro|Lima Cercado|"Jirón Santa Jacinta al Cdra 1
Pando, Lima Cercado"|S/ 1,176,000 · USD 350,000|1176000|350000|||"319 m² tot.
5 dorm.
3 baños
4 estac."|319|5|3|4|Amplia casa en buen estado de conservación en una zona residencial con fácil acceso desde las Avenidas Venezuela y Universitaria. Piso 1: Ingreso, car port para un auto, garaje para dos autos, amplia sala y comedor, cocina con comedor de diario y salida a Patio con Área de Parrilla y Jardín. LavanderíaMedio baño de Visita 01 Baño completo y cuarto de servicio Piso 2: Sala de Estar04 dormitorios, el principal con baño incorporado01 baño completo compartido 03 dormitorios, dos de ellos con closet, uno con salida a un acogedor balcón y la 3ra habitación sin closet tipo escritorio. Piso 3: Azotea tipo balcón cercado 01 dormitorios amplio01 baño completoCuarto de Servicio con vista a patio Lavandería con tanque elevado Depósito La casa cuenta con sistema integrado de Gas Calidda con terma de alta capacidad, tanque elevado de agua y tanque cisterna, bomba de agua, con buena presión, pisos de madera, sólida estructura. Casa sin carga ni - Ver datos - Ver datos|https://urbania.pe/inmueble/clasificado/veclcain-venta-de-casa-en-pando-lima-cercado-5-a-mas-dormitorios-148799248?n_src=Listado&n_pills=Jard%C3%ADn&n_pg=2&n_pos=14|2026-02-01
urbania|casas|venta|Lima Centro|Lima Cercado|"Santa nicerata
Lima Cercado, Lima"|S/ 599,000 · USD 179,000|599000|179000|||"150 m² tot.
5 dorm.
3 baños
1 estac."|150|5|3|1|Venta de departamento triplex en el cercado de Lima! Ubicado exactamente en Jr. Santa Nicerata, a dos cuadras del cruce entre las Av. Universitaria y Venezuela. En total 3 pisos construidos, el área de terreno 186m2 que corresponde al primer piso, del segundo y tercer piso solo corresponde 26m2 construidos. Antigüedad mayor a 25 años. Toda la documentación en regla. Solicita vídeo al interno. Condición de pago: - $200, 000 mil dólares. - Contar con cash o inicial mínimo de 30% para calificar al crédito hipotecario. solo whatsapp. -camila: Ver datos. -kissy: Ver datos. -nelsy: Ver datos. broker en linea group|https://urbania.pe/inmueble/clasificado/veclcain-venta-de-casa-en-lima-cercado-lima-5-a-mas-dormitorios-146594729?n_src=Listado&n_pg=2&n_pos=15|2026-02-01
urbania|casas|venta|Lima Centro|Lima Cercado|"Calle Marte. Chacra Ríos. Limite Pueblo Libre
Chacra Rios, Lima Cercado"|S/ 988,000 · USD 293,000|988000|293000|||225 m² tot.|225||||Ubicada en una calle tranquila, urbanización segura, paralela a la Av. Mariano Cornejo, esta vivienda se encuentra a solo pasos de un gran parque, distintos comercios, colegio, parroquia y vías principales— a 5 minutos de la pucp y la Univ. De San Marcos. La casa es de 2 pisos y azotea, con 225 m² de construcción sobre un terreno de 140 m², sus 40 años de antigüedad se reflejan en una estructura sólida y espacios generosos, con una distribución que hoy permite habitarla tal como está o renovarla progresivamente, adaptándola al estilo y necesidades del nuevo propietario. Las instalaciones se encuentran en buen estado y la propiedad cuenta con gas natural. Es una alternativa ideal tanto para quienes buscan ubicación, tranquilidad y potencial, como para inversionistas que desean generar valor a corto o mediano plazo. Sus características la convierten en una excelente opción para remodelar, optimizar espacios o desarrollar un proyecto de renta, según los parámetros urbanos rdm. Es ideal para quienes buscan ubicación, tranquilidad y potencial. • Precio: us$ 293, 000 – super negociable…|https://urbania.pe/inmueble/clasificado/veclcain-venta-de-casa-en-chacra-rios-lima-cercado-148500815?n_src=Listado&n_pg=2&n_pos=16|2026-02-01
urbania|casas|venta|Lima Centro|Lima Cercado|"Jr. Lorenzo De Vidaurre al 200
Lima Cercado, Lima"|S/ 3,013,054 · USD 900,000|3013054|900000|||365 m² tot.|365||||Oportunidad de inversión única: edificio de 4 pisos con gran proyección comercial en la zona estratégica de limaespecificaciones claveedificio de gran magnitud ideal para inversores, ubicado en un punto de conexión vital. Área de Terreno: 368. 32 m²Área Techada: 672. 44 m² (4 Pisos + Terraza) Estado: Casco Tarrajeado. Listo para acabados. Documentación, planos y tasación en regla. Conexiones básicas operativas. Versatilidad: Dos pisos acondicionados como departamentos. Ideal para oficinas, local comercial, almacén o vivienda. ubicación Y beneficios estratégicos (valorización garantizada) El Jirón Lorenzo De Vidaurre se consolida como un núcleo de desarrollo comercial y logístico: proximidad al centro de lima: A corta distancia del corazón financiero y administrativo de la capital. eje de interconexión de transporte: A 3 minutos a pie de la Estación Grau (Metro de Lima). valorización por infraestructura: La activa obra de la vía expresa grau (unión Metro-Metropolitano) convertirá esta ubicación en un hub de transporte vital para la ciudad, maximizando la exposición de cualquier proyecto establecido. alto tránsito: El entorno se beneficia de un alto flujo peatonal y vehicular, crucial para el éxito comercial. esta propiedad capitaliza la excelente ubicación Y el fuerte impulso de revalorización generado por las obras de transporte en curso. contáctenos hoy para más detalles.|https://urbania.pe/inmueble/clasificado/veclcain-venta-de-casa-en-lima-cercado-lima-148418752?n_src=Listado&n_pg=2&n_pos=17|2026-02-01
urbania|casas|venta|Lima Centro|Lima Cercado|"Pimentel Jiménez Street
Lima Cercado, Lima"|S/ 351,750 · USD 105,000|351750|105000|||"61 m² tot.
3 dorm.
2 baños"|61|3|2||*casa frente al parque de 2 pisos en el cercado de lima*Ubicación: Urbanización San FernandoCerca de la Vía expresa línea amarilla. A 2 cuadras de Hiperbodega unoacceso rápido a las avenidas principales: Av Nicolás Dueñas, Av. Morales Suárez, Av. Perú, Av. Universitaria, Av. Argentina. Área Total: 152. 98 m²Distribución: 2 pisos*Primer Piso*• 61. 66 m2• Sala y comedor• Cocina con muebles altos y bajos• 1 Baño*Segundo Piso*• 91. 32 m2• 3 habitaciones• 1 baño completo• Sala star• Espacio libre para tendalAunque no tiene estacionamientos predefinidos, la propiedad brinda posibilidades para adecuar espacios de aparcamiento según tus necesidades. Seguridad 24/7 horasUrbanización cerrada con rejas. *Precio de venta: $105, 000 ¡No dejes pasar esta oportunidad! Las imágenes y/o información de este inmueble son de carácter referencial. R. uc.: Razón social: Inversiones Delia S. A. C.|https://urbania.pe/inmueble/clasificado/veclcain-venta-de-casa-en-lima-cercado-lima-3-dormitorios-148691963?n_src=Listado&n_pills=%C3%81rea+de+lavander%C3%ADa&n_pg=2&n_pos=18|2026-02-01
urbania|casas|venta|Lima Centro|Lima Cercado|"Jr. Cailloma 253
Lima Cercado, Lima"|S/ 1,742,000 · USD 520,000|1742000|520000|||"800 m² tot.
30 dorm.
19 baños"|800|30|19||Vive la historia o invierte en un ícono arquitectónico de la ciudad colonial, está hermosa casona se ubica a poco metros del Teatro Municipal, en una zonas mas emblemáticas del centro historico de Lima, rodeado de museos, iglesias, galerias y calles llenas de historia. Cuenta con 460m2 de área terreno regular, el primer piso cuenta con tres ambientes independientes tipo tienas con puerta a la calle, lobby y hall de ingreso que lleva a 15 habitaciones con baño incorporado usado como hotel, el segundo nivel tiene una recepción, oficina administrativa y 15 habitaciones (4 de ellas con baño incluido) 2 baños comunes, área de cocina, balcones internos y co vista a la calle. Usos permisibles Y compatibles: según certificado de parámetros: Gubernamnetal, Administrativo, Financiero, Cultural, Turístico, Comercial y vivienda. Esta casona conserva en encanto original de la época virreinal, sus amplios espacios y dettales arquitectónicos hacen de está propiedad una joya única para proyectos culturales, turísticos y residenciales. Está propiedad representa una oportunidad única para quienes valoran el patrimonio cutural e historico y buscan invertir en la zona mas turística y emblematica de Lima. Contactanos al Ver datos|https://urbania.pe/inmueble/clasificado/veclcain-venta-de-casa-en-lima-cercado-lima-5-a-mas-dormitorios-147967580?n_src=Listado&n_pills=Cuartos+de+servicio&n_pg=2&n_pos=19|2026-02-01
urbania|casas|venta|Lima Centro|Lima Cercado|"JIRON PARURO
Lima Cercado, Lima"|S/ 435,000 · USD 130,000|435000|130000|||47 m² tot.|47||||Vendo casa comercial en jr. Paruro, cuadra 1, lima. A media cuadra de jr. Amazonas. at: 49M2. linderos: 4. 75ml de frente; 10. 25ml por la derecha; 10. 50ml por la izquierda; 4. 25ml por el fondo. excelente ubicación A dos cuadras de abancay Y A una cuadra de jirón ancash. cerca del barrio chino. parámetros hasta 4 pisos. precio: $130, 000 (dolares) el precio en soles es referencial. contactanos al 9. 8. 1. 2. 4. 4. 6. 7. 7|https://urbania.pe/inmueble/clasificado/veclcain-venta-de-casa-en-lima-cercado-lima-148178842?n_src=Listado&n_pg=2&n_pos=20|2026-02-01
urbania|casas|venta|Lima Centro|Lima Cercado|"Jirón Felipe Yofre 2600
Lima Cercado, Lima"|S/ 901,800 · USD 270,000|901800|270000|||"215 m² tot.
7 dorm.
4 baños
1 estac."|215|7|4|1|? Casa amplia en Lima — Oportunidad para familia o inversión? Dirección: Jirón Felipe Yofre 2665 - 2667, Urbanizacion Elio - LimaCaracterísticas principales: -? Pisos: 2 + Azotea con lavanderia, cuarto y baño de servicio, deposito-? Área de terreno: 164. 00 m²-? Área construida: 215. 00 m²-? Habitaciones: 7-? Baños: 4-? Estacionamientos: 1-? Antigüedad: Primer piso con 59 años, segundo piso y azotea con 35 añosDescripción: Excelente ubicacion, cerca a las Universidades Catolica y San Marcos y Avenida Venezuela. Facil acceso a distritos como Puebloi Libre, San Miguel, Breña y Jesus Maria. Espacio sólido y funcional con gran potencial de remodelación. Esta propiedad de dos niveles y azotea ofrece ambientes amplios que permiten redistribuir o modernizar según tus necesidades: ideal para una familia numerosa, para generar renta por habitaciones o convertir parte en uso comercial/mixto. La construcción existente maximiza la superficie del terreno, brindando posibilidades para ampliar, diseñar áreas comunes más modernas o mantener una distribución clásica con carácter. Ventajas: - Distribución generosa: múltiples dormitorios y baños que facilitan convivencia o explotación rentable. - Potencial para proyecto de actualización: excelente lienzo para invertir y revalorizar. - Ubicación identificable en Lima, con acceso a servicios y tránsito según la zona. ¿Buscas un inmueble con espacio y posibilidades de revalorización? Esta casa es una base sólida para tu proyecto residencial o de inversión. Solicita más información con tu asesor de confianza y programa una visita.|https://urbania.pe/inmueble/clasificado/veclcain-venta-de-casa-en-lima-cercado-lima-5-a-mas-dormitorios-148818257?n_src=Listado&n_pills=%C3%81rea+de+lavander%C3%ADa&n_pg=2&n_pos=21|2026-02-01
urbania|casas|venta|Lima Centro|Lima Cercado|"REYNALDO SAAVEDRA PINON 2442
Lima Cercado, Lima"|S/ 1,564,000 · USD 460,000|1564000|460000|||"856 m² tot.
35 dorm.
35 baños
1 estac."|856|35|35|1|Edificio en la Av. Reynaldo Saavedra Pinon N°2442. Con 35 cuartos y 1 estacionamiento, este edificio es ideal para inversionistas que buscan una propiedad con alta rentabilidad y excelente ubicación. Alta Rentabilidad: Con 35 cuartos, este edificio ofrece una excelente oportunidad para generar ingresos por alquiler. Condición: sin posesión. T. C. Referencial: S/. 3, 60|https://urbania.pe/inmueble/clasificado/veclcain-venta-de-casa-en-lima-cercado-lima-5-a-mas-dormitorios-143455334?n_src=Listado&n_pills=Cerca+a+colegios&n_pg=2&n_pos=22|2026-02-01
urbania|casas|venta|Lima Centro|Lima Cercado|"Jr. Ezequiel Ossio Peñaranda 1736-1740
Los Cipreses, Lima Cercado"|S/ 612,000 · USD 180,000|612000|180000|||"277 m² tot.
4 dorm.
2 baños
1 estac."|277|4|2|1|Amplio departamento todo el primer piso, 277 m2, ideal familias grandes, con 3 habitaciones uno con baño incorporado, gran sala comedor, jardín intermedio, cocina con espacio para comedor de diario, 3 baños, y un patio amplio de 40 m2, adjunto un Minidepartamento independiente de 1 habitación sala - comedor, 2 baños, cocina, lavandería, estacionamiento. Excelente ubicación altura de 33 de Av Venezuela, 2 de Universitaria, 2 de Univ. San Marcos|https://urbania.pe/inmueble/clasificado/veclcain-venta-de-casa-en-los-cipreses-lima-cercado-4-dormitorios-148413908?n_src=Listado&n_pills=Jard%C3%ADn&n_pg=2&n_pos=23|2026-02-01
urbania|casas|venta|Lima Centro|Lima Cercado|"Av. Aurelio García y García N°1262. Distrito de Cercado.
Lima Cercado, Lima"|S/ 1,292,000 · USD 380,000|1292000|380000|||334 m² tot.|334||||Amplia casa de 3 pisos con 338 m² en Cercado de Lima, ubicada frente al Parque La Luna y cercana al Parque Arias Schreiber. Con una distribución funcional y cómoda, esta propiedad es ideal para familias que buscan un hogar espacioso y bien ubicado. Condición: sin posesión. T. C. Referencial: S/. 3, 60|https://urbania.pe/inmueble/clasificado/veclcain-venta-de-casa-en-lima-cercado-lima-144681338?n_src=Listado&n_pills=Cerca+a+colegios&n_pg=2&n_pos=24|2026-02-01
urbania|casas|venta|Lima Centro|Lima Cercado|"Calle Arturo Castillo
Lima Cercado, Lima"|S/ 1,088,000 · USD 320,000|1088000|320000|||"160 m² tot.
6 dorm.
3 baños
2 estac."|160|6|3|2|Amplia casa de 3 niveles con departamento en el tercer nivel, con ingreso independiente. La casa cuenta con un total de 6 dormitorios, 2 baños completos, medio baño de visita, patio y mas. Los espacios son amplios e iluminados gracias a su optima distribución: Piso 1: Sala con ventanales vista a la calle, amplio comedor con espacio para mesa de 8 sillas, 1 estar que colinda con el patio a través de mamparas de piso a techo, cocina cerrada con muebles altos y bajos y un comedor de diario, lavandería independiente, 1/2 baño de visita, un patio con zona bbq y cochera para dos autos. Piso 2: 3 amplios dormitorios con closet empotrados, 1 baño completo compartido. Piso 3: Departamento de 3 dormitorios, 1 baño completo, sala comedor vista a la calle, cocina kitchenette con tablero de granito, reposteros altos y bajos, lavandería. Además cuenta con 2 puntos de gas natural. #Ubicado en la calle Arturo Castillo de la Urb. Roma en el distrito de Cercado de Lima. La Urb. Es cerrada con garita de control y vigilancia 24/7, también cuenta con cámaras de seguridad y un vigilante por cada cuadra. Áreas comunes: Parque, cancha de futbol, salón comunal. #Área de terreno: 160 m2. #Área construida: 305. 65 m2#40 años de antigüedad. #Precio: usd$ 300, 000. 00#Se paga Alcabala#Informes: Angie Wong: 9*5*6*2*9*2*7*4*4Julia Balarezo: 9*6*0*7*4*6*1*3*9*Si quieres conocer otras propiedades en Lima, comprar o vender, ponte en contacto con nosotros. #Tipo de cambio referencial.|https://urbania.pe/inmueble/clasificado/veclcain-venta-de-casa-en-lima-cercado-lima-5-a-mas-dormitorios-147274487?n_src=Listado&n_pills=Seguridad&n_pg=2&n_pos=25|2026-02-01
urbania|casas|venta|Lima Centro|Lima Cercado|"Av. Morales Duárez 2787
Mirones Bajo, Lima Cercado"|S/ 850,000 · USD 250,000|850000|250000|||"228 m² tot.
9 dorm.
5 baños
1 estac."|228|9|5|1|Urb: Mirones Bajo. Área terreno: 228 m2. Área Techada: 310 m2. Zonificación: rdm. Distribución. 1er piso. 2 Mini departamentos cada uno cuenta con: 2 Habitaciones amplias. 1 Cocina. 1 Sala comedor. 1 baño completo. 1 habitación independiente con su baño. 1 Cochera independiente con un medio baño y un lavadero. Área de lavandería. 1 patio interno. 2do Piso. 2 Mini departamentos cada uno cuenta con: 2 Habitaciones amplias. 1 Cocina. 1 Sala comedor. 1 baño completo. Terraza, zona de tendal y lavandería. 3er piso. Terraza y zona de tendal. Precio: 250 mil dolares negociables. Documentos título de propiedad, listo para crédito hipotecario ó recursos propios. Ubicación privilegiada en la misma vía expresa Línea Amarilla, a una cuadra de la Av. Universitaria, cerca de la Av. Perú, Av. Elmer Faucett, Argentina y Colonial, A 5 minutos del Aeropuerto Jorge Chávez y a 10 minutos de las Universidades San Marcos y Católica, así como de Colegios, Supermercados e instituciones financieras y mas. Actualmente, la propiedad ya produce un flujo de caja considerable mensualmente, ya que su excelente diseño y ubicación genera mucha demanda en la zona. Es una oportunidad perfecta para inversionistas que buscan flujo de caja inmediato, diversificación de unidades y un activo con potencial de valorización. Aprovecha esta oportunidad de adquirir un activo único, funcional y altamente rentable. Agenda tu visita al: 9-8-4-0-9-2-2-9-3. César Huihua - Agente inmobiliario. 9-4-1-1-3-8-5-9-1. Inmobiliaria - Lima House|https://urbania.pe/inmueble/clasificado/veclcain-venta-de-casa-en-mirones-bajo-lima-cercado-5-a-mas-dormitorios-148475459?n_src=Listado&n_pills=%C3%81rea+de+lavander%C3%ADa&n_pg=2&n_pos=26|2026-02-01
urbania|casas|venta|Lima Centro|Brena|"Jr. Loreto 1135 Dpto. 106 – Breña, Lima
Breña, Lima"|S/ 571,000 · USD 155,000|571000|155000|||"66 m² tot.
4 dorm.
4 baños
1 estac."|66|4|4|1|Dirección: Jr. Loreto 1135 Dpto. 106 – Breña, Lima. Amplia casa de 4 pisos recientemente remodelada, con excelente distribución, acabados modernos y ubicación estratégica cerca a colegios, avenidas principales y comercios. Características principales: • Casa de 4 pisos. • Área de terreno: 66 m² • Área construida: 132 m² • Pisos de porcelanato en todos los ambientes. • Tanque elevado y depósito amplio en azotea. • Casa recientemente remodelada. Distribución: Primer piso: • Sala – comedor. • Cocina abierta. • Baño de visita. • Lavandería. Segundo piso: • 2 habitaciones, cada una con baño incorporado. • Sala de tv o estar familiar. Tercer piso: • 2 habitaciones adicionales. • 1 baño completo compartido. Cuarto piso: • Azotea. • Tanque elevado. • Depósito amplio de madera. Excelente oportunidad para quienes buscan comodidad, ubicación céntrica y una propiedad funcional con espacio suficiente para toda la familia. Ubicada a solo unos pasos del Colegio La Salle y con fácil acceso a transporte público, centros educativos y comercios de la zona.|https://urbania.pe/inmueble/clasificado/veclcain-venta-de-casa-en-brena-lima-4-dormitorios-148039069?n_src=Listado&n_pills=Parrilla&n_pg=1&n_pos=1|2026-02-01
urbania|casas|venta|Lima Centro|Brena|"Calle Francisco Mazzochio 144
Breña, Lima"|S/ 1,537,650 · USD 459,000|1537650|459000|||"361 m² tot.
3 dorm.
3 baños
2 estac."|361|3|3|2|Bonita y comoda Casa de 2 plantas en zona muy tranquila cerca a parques ubicada en Breña limitando con Pueblo libre a pocas cuadra de Plaza la bandera, con acceso a vias tales como: Av. Bolivar, Sucre, Tingo Maria, etc. Primer Piso: 2 estacionamientos con porton electrico y control remoto, Sala amplia e iluminada, 01 escritorio, comedor grande y sala de estar con vista al jardin, 01 baño de visita, cocina muy iluminada con reposteros de madera altos y bajos, que conecta al jardin, cuarto y baño de servicio, lavanderia, jardin grande con bellas plantas y flores, solarium y horno artesanal. Escuchamos ofertas. 2da. Planta: Se accede por escalera de madera hacia 02 dormitorios secuendarios, 01 baño completo compartido, con vista exterior y baño incorporado. 01 sala de estar. Tercer Piso: Amplia azotea. Telf. Ver datos sra. Merci|https://urbania.pe/inmueble/clasificado/veclcain-venta-de-casa-en-brena-lima-3-dormitorios-143882625?n_src=Listado&n_pills=Jard%C3%ADn&n_pg=1&n_pos=2|2026-02-01
urbania|casas|venta|Lima Centro|Brena|"Jirón Olmedo 418 Breña
Breña, Lima"|S/ 1,055,470 · USD 299,000|1055470|299000|||"163 m² tot.
5 dorm.
4 baños"|163|5|4||Venta de Casa en Jr. Olmedo 418 – BreñaEspaciosa, bien ubicada y con gran potencial para familia o comercio¿Buscas una casa amplia, funcional y estratégicamente ubicada? Esta propiedad ubicada en Jr. Olmedo 418, Breña, ofrece una excelente oportunidad para quienes desean vivir en un entorno residencial bien conectado, tranquilo y con acceso inmediato a servicios esenciales. Situada a pocos pasos del Jr. Varela y muy cerca del Parque General Pedro Silva, esta casa se encuentra en una zona consolidada de Breña, caracterizada por su seguridad, fácil acceso y cercanía a múltiples servicios y medios de transporte. La ubicación permite conectar rápidamente con el Cercado de Lima, Pueblo Libre, Jesús María y otras zonas clave de la ciudad. Características del inmueble: Área de terreno: 163. 27 m²Área construida: 135 m²Frente: 5. 65 mlFondo: 30 mlDistribución: 05 habitaciones amplias, ideales para el descanso y la vida familiar. 04 baños completos, bien distribuidos y en buen estado. Sala y comedor con techos altos (aproximadamente 4 metros), lo que brinda frescura, excelente ventilación e iluminación natural. Cocina cerrada, funcional, con espacio suficiente para modernizar o rediseñar. Lavandería cómoda con patio interior, ideal para el día a día. ¿Por qué invertir en esta propiedad? La casa es perfecta tanto para uso residencial como para proyectos comerciales o familiares. Su ubicación en Breña, una de las zonas con mayor tradición y conectividad de Lima, permite estar cerca de: Parque General Pedro Silva – Ideal para caminatas, actividades al aire libre o momentos en familia. Hospital del Niño y centros de salud importantes. Avenidas principales como Jr. Varela, Av. Venezuela, Av. Arica y Av. Tingo María. Colegios, institutos y universidades, como la Universidad Privada del Norte (upn) y la unmsm a pocos minutos. Centros comerciales, mercados, supermercados y bancos a corta distancia. Transporte público accesible hacia distintos distritos, ideal para quienes se movilizan diariamente. Además, la distribución del inmueble y su metraje permiten proyectar ampliaciones, remodelaciones o adaptaciones a negocios como consultorios, oficinas, centros educativos o alquiler por habitaciones. Una casa con gran proyecciónYa sea que busques un hogar amplio para tu familia o una propiedad con potencial comercial en una ubicación estratégica de Lima, esta casa en Jr. Olmedo 418 es una oportunidad que no debes dejar pasar. Contáctanos hoy mismo para programar una visita. Descubre tu próximo hogar o proyecto en una de las mejores zonas de Breña. pj-Ver datos-mvcs|https://urbania.pe/inmueble/clasificado/veclcain-venta-de-casa-en-brena-lima-5-a-mas-dormitorios-148750905?n_src=Listado&n_pills=%C3%81rea+de+lavander%C3%ADa&n_pg=1&n_pos=3|2026-02-01
urbania|casas|venta|Lima Centro|Brena|"AV Tingo Maria Breña
Breña, Lima"|S/ 1,678,500 · USD 450,000|1678500|450000|||"337 m² tot.
5 dorm.
2 baños"|337|5|2||Se vende casa como terreno en una de las zonas mas centricas de breña. Oportunidad de inversión en Breña, atención inversionistas. Características del terreno: Área total: 337. 00 m²12. 85 metros de frente33. 50 metros de fondoSu estratégica ubicación en el distrito de Breña lo convierte en una excelente oportunidad para inversionistas. Con acceso cercano al Metropolitano y la futura Línea 2 del Metro de Lima, este terreno promete alta valorización y rentabilidad. Ideal para construir un proyecto inmobiliario, Comercio, oficinas o cualquier desarrollo que requiera una ubicación privilegiada y con alto flujo de transporte público. Asegura una inversión sólida en una zona en constante crecimiento. Zonificación czubicación estrategia, Cerca a Universidad, colegios, comercios, etc. Av. Tingo María, av. Venezuela, Av. Argentina, Av. Arica, fácil acceso a Pueblo Libre, Cercado de Lima, Centro de Lima. R. U. C Ver datos|https://urbania.pe/inmueble/clasificado/veclcain-venta-de-casa-en-brena-lima-5-a-mas-dormitorios-145225683?n_src=Listado&n_pg=1&n_pos=4|2026-02-01
urbania|casas|venta|Lima Centro|Brena|"jiron pastaza 1479
Breña, Lima"|S/ 298,000 · USD 85,000|298000|85000|||"82 m² tot.
2 dorm.
1 baño"|82|2|||¡Venta de Casa en Breña – Ubicación Estratégica a 1 ½ cuadra de la Plaza de la Bandera! La casa ubicada dentro de una quinta, es la tercera de 5 casas. Se vende acogedora casa ubicada en Jirón Pastaza 1479, Breña, en una zona céntrica, segura y de fácil acceso. Ideal para vivir o invertir. Área de terreno: 82 m² ️Distribución: Amplia sala comedor. Cocina con reposteros altos y bajos. Lavandería independiente. 1 baño completo. 2 dormitorios con clósets. En los aires, cuenta con un cuarto prefabricado. Ubicada a solo 1 cuadra y media de la Plaza de la Bandera, cerca de comercios, colegios, avenidas principales y transporte público. ¡No dejes pasar esta oportunidad de vivir en una zona con alta demanda y excelente conectividad! Contáctanos para agendar una visita. Precio usd 83, 000|https://urbania.pe/inmueble/clasificado/veclcain-venta-de-casa-en-brena-lima-2-dormitorios-147047684?n_src=Listado&n_pills=%C3%81rea+de+lavander%C3%ADa&n_pg=1&n_pos=5|2026-02-01
urbania|casas|venta|Lima Centro|Brena|"Jr. Huaraz 183
Breña, Lima"|S/ 305,100 · USD 90,000|305100|90000|||"129 m² tot.
3 dorm.
1 baño"|129|3|||Se vende casa en interior ubicada en BreñaSe vende casa en interior de 2 pisos + Azotea en Jr. Huaraz Cuadra 1 – BreñaA. T 75. 39m²A. C 108. 6m²Ubicada dentro de quinta de solo 3 casasAntiguedad 79 años1er pisoamplia Sala y comedorCocina cerradaPatio Lavanderia2do piso2 Dormitorios1 Baño completoCuarto de servicioEscaleras a 3er pisoAceptan Mascotasimportanteno tiene cocheraNo se paga MantenimientoPiso parquet en dormitoriosPiso cerámico en sala comedor, cocina y bañosPrecio de venta $90, 000 dólares americanospaga alcabalapapeles en regla|https://urbania.pe/inmueble/clasificado/veclcain-venta-de-casa-en-brena-lima-3-dormitorios-148332354?n_src=Listado&n_pills=Cuartos+de+servicio&n_pg=1&n_pos=6|2026-02-01
urbania|casas|venta|Lima Centro|Brena|"Jr. Olmedo
Breña, Lima"|S/ 1,425,000 · USD 380,000|1425000|380000|||"290 m² tot.
4 dorm.
3 baños
2 estac."|290|4|3|2|Precio de venta us$ 380, 000. A. T. 290 M2. A. C. 340 M2. Linderos: Frente y fondo 11 ml. Izq. Y der. 26. 40 ml. 40 años de antigüedad (remodelada en el año 2011) Dos pisos. Descripción: 1° Piso. Sala comedor separados, cocina con reposteros de madera (bien conservados) área de comedor de diario amplia, tiene un cuartito de alacena. Medio baño de visita. Lavandería, 1 cuarto y baño de servicio. Terraza, jardín. 2 cocheras. 2° Piso. 4 dormitorios (el principal con baño) los otros 3 dormitorios comparten un baño completo. 1 hall de distribución que viene a ser una sala de estar familiar. Muy bien conservada. Excelente ubicación. Puede ser utilizada como oficina administrativa a puerta cerrada. También contamos con otras alternativas bastante similares en la misma zona y presupuesto, para nosotros será un gusto enviarle un listado para que Ud. Escoja ¿cuál sería de su interés? (con características similares a esta propiedad) a su correo, así facilitamos su búsqueda y si desea comuníquese con nosotros al 9. 9. 4. 2. 0. 7. 8. 6. 0. Será un gusto atenderlos!|https://urbania.pe/inmueble/clasificado/veclcain-venta-de-casa-en-brena-lima-4-dormitorios-3744336?n_src=Listado&n_pills=Jard%C3%ADn&n_pg=1&n_pos=7|2026-02-01
urbania|casas|venta|Lima Centro|Brena|"Dirección no informada
28 De Julio, Breña"|S/ 1,440,000 · USD 430,000|1440000|430000|||"361 m² tot.
3 dorm.
3 baños
2 estac."|361|3|3|2|Área de terreno: 365 m² Área construida: 190 m² Ubicación Estratégica: Situada en Breña, en el límite con Pueblo Libre, esta casa se encuentra en una zona tranquila, rodeada de parques y con excelente conectividad a toda la ciudad. • Acceso rápido a avenidas principales como Mariano H. Cornejo, Bolívar, Sucre, Brasil, Del Río y Tingo María. Distribución de la Casa: Primer Piso: • Estacionamiento para 2 autos con puerta electrónica de acceso. • Sala principal amplia y cómoda. • Comedor familiar y sala de estar con vista y acceso al jardín. • Baño de visitas. • Cocina espaciosa con muebles altos y bajos de madera, conectada directamente al jardín y al área de servicio. • Área de servicio: lavandería, habitación de servicio con baño. • Espectacular jardín con espacio de estar, solárium y un horno artesanal funcional. Segundo Piso: • Acceso a través de una elegante escalera de madera. • 2 habitaciones secundarias. • Baño completo compartido. • Habitación principal con vista a la calle y baño privado. • Sala de estar acondicionada como zona de tv, música o lectura. Tercer Piso: • Amplia azotea con vista panorámica de la ciudad. ¡No pierdas esta gran oportunidad! Agenda tu visita y descubre esta hermosa propiedad que combina comodidad, estilo y ubicación estratégica. Ideal para tu familia o como inversión. ¡Contáctanos ahora y coordina tu visita! R O B E R T O C H U M B I M U N I 9 9 9 5 7 5 7 5 2|https://urbania.pe/inmueble/clasificado/veclcain-venta-de-casa-en-28-de-julio-brena-3-dormitorios-145226749?n_src=Listado&n_pills=Parrilla&n_pg=1&n_pos=8|2026-02-01
urbania|casas|venta|Lima Centro|Brena|"Jr. Chamaya N°255. Urb. Chacra Colorada. Distrito de Breña.
Chacra Colorada, Breña"|S/ 952,000 · USD 280,000|952000|280000|||"610 m² tot.
28 dorm.
28 baños
1 estac."|610|28|28|1|Atención inversionistas, este edificio se encuentra actualmente ocupado en su totalidad (arrendado), tiene una habitabilidad del 100% mes a mes. Condición: Sin posesión, en proceso de adjudicación. Edificio multifamiliar de 5 pisos con 610 m² en Breña, ideal para inversionistas. Cuenta con 1 departamento, 3 mini departamentos y 24 cuartos. Ubicación estratégica cerca del Estadio Lolo Fernández y el Hospital Nacional Arzobispo Loayza. Dos ingresos peatonales y 1 vehicular. ¡Perfecto para generar una rentabilidad asegurada mes a mes! Características Principales: Ubicación: Jr. Chamaya N°255. Urb. Chacra Colorada. Distrito de Breña. Provincia y Departamento de Lima. Área de terreno: 159 m2. Área construida: 610 m² Distribución: 1 departamento, 3 mini departamentos y 24 cuartos. Pisos: 5. Ingresos: 2 peatonales y 1 vehicular. Cercanías: Estadio Lolo Fernández, Hospital Nacional Arzobispo Loayza, Universidad Privada del Norte, Ministerio de Transportes y Comunicaciones (mtc). Beneficios: Alta Rentabilidad: Ideal para alquiler debido a la alta demanda en la zona. Ubicación: Cerca de importantes centros de interés y servicios. Condición: Sin posesión, en proceso de adjudicación. T. C. Referencial: S/. 3, 60|https://urbania.pe/inmueble/clasificado/veclcain-venta-de-casa-en-chacra-colorada-brena-5-a-mas-dormitorios-144681436?n_src=Listado&n_pills=%C3%81rea+de+lavander%C3%ADa&n_pg=1&n_pos=9|2026-02-01
urbania|casas|venta|Lima Centro|La Victoria|"Av. Mexico 230
La Victoria, Lima"|S/ 8,761,512 · USD 2,500,000|8761512|2500000|||1525 m² tot.|1525||||Amplio local comercial de 775 m2, con excelente ubicación y accesibilidad para flujo de servicios al público y clientes. Cada piso tiene una infraestructura física adecuada para desarrollar actividades específicas para cada tipo de negocio. Ingresando al local contamos con una recepción que nos permite inmediato acceso a los 4 pisos del edificio. - En el 1er piso contamos con una nave de unos 500 mts aproximadamente con sus respectivos baños tanto para hombres, mujeres y discapacitados ( 5 en total) - La mezzanine tiene 3 ambientes diferenciados de buen tamaño además de 3 de baños- El 2do y 3er piso tienen 250 mts cada uno, con 9 ambientes de excelente tamaño y tres baños por piso- El 4to y último piso, cuenta con 4 ambientes y 1 baño. - Cuenta con tanque elevado y cisterna y los servicios diferenciados por cada piso- Nave de 550m2 + 2 mezanines con área de 100m2No pierdas esta oportunidad de inversión, agenda tu cita con Machela Figari 9. 4. 2. 6. 0. 3. 8. 9. 0_________Jessica Tapia - Asociados: Tu socio inmobiliario en PerúTe ayudamos a vender, comprar o alquilar tu propiedad con un servicio personalizado y profesional. Encontramos el comprador, inquilino o inmueble perfecto para ti, asegurando que todo el proceso sea ágil y seguro. Visita nuestra web y haz realidad tus metas inmobiliarias|https://urbania.pe/inmueble/clasificado/veclcain-venta-de-casa-en-la-victoria-lima-147407958?n_src=Listado&n_pg=1&n_pos=1|2026-02-01
urbania|casas|venta|Lima Centro|La Victoria|"Juan Voto Bernales
La Victoria, Lima"|S/ 1,428,000 · USD 420,000|1428000|420000|||"479 m² tot.
5 dorm.
4 baños
1 estac."|479|5|4|1|Casa en Venta – Frente a Parque en La Victoria, Ideal para Vivienda o Proyecto Inmobiliario. Se vende espaciosa casa de tres pisos con excelente ubicación frente a parque, en una zona residencial y estratégica de La Victoria. Con 200 m² de terreno, esta propiedad ofrece una oportunidad única para remodelar, ampliar o desarrollar un nuevo proyecto inmobiliario. Características principales: Área de terreno: 200 m² Área construida: 479. Frente: 10. Fondo: 20. Construcción de tres niveles. Ambientes amplios y con excelente iluminación natural. Jardín interior, patio y cochera. Ubicada frente a parque, con vista abierta y mayor tranquilidad. Zonificación favorable para futura construcción multifamiliar. Ubicación: Calle Juan Voto Bernales, La Victoria. A pocas cuadras de Av. México, Av. Iquitos y Av. Parinacochas. Entorno residencial, cercano a comercios, transporte público, colegios y clínicas. Ideal para: Remodelación completa. Vivienda familiar con amplios espacios. Proyecto multifamiliar o de inversión|https://urbania.pe/inmueble/clasificado/veclcain-venta-de-casa-en-la-victoria-lima-5-a-mas-dormitorios-148554913?n_src=Listado&n_pills=%C3%81rea+de+lavander%C3%ADa&n_pg=1&n_pos=2|2026-02-01
urbania|casas|venta|Lima Centro|La Victoria|"YERBATEROS
La Victoria, Lima"|S/ 872,479 · USD 260,000|872479|260000|||"100 m² tot.
26 dorm.
10 baños"|100|26|10||"Se vende casa de 05 pisos vista externa en yerbateros, la victoria.. Área Terreno: 100. 00 M2. características generales: . La casa se vende para vivienda o uso comercial. . Casa de 05 pisos. . Años de antigüedad: 30 años. Primer nivel: . Un local comercial amplio e iluminado. . Dos baños completos. Segundo nivel: . 6 habitaciones. . Dos baños completos. Tercer nivel: . 7 habitaciones. . 2 baños completos. Cuarto nivel: . 7 habitaciones. . 2 baños completos. Quinto piso: . 6 habitaciones. . 2 baños completos. Ubicación Y referencia: . Cerca a Gamarra, mercado mayorista de frutas, Parque del Migrante, Yerbateros. Accesible a principales vías: Av. México | Av. San Luis | Av. Aviación | Av. Nicolás Ayllón. Precio de venta de la casa: us$260, 000 Dólares - precio negociable. toda la documentación en regla. Contacto: hellen salazar cabrera / 936*961*375. **"|https://urbania.pe/inmueble/clasificado/veclcain-venta-de-casa-en-la-victoria-lima-5-a-mas-dormitorios-148698217?n_src=Listado&n_pills=Seguridad&n_pg=1&n_pos=3|2026-02-01
urbania|casas|venta|Lima Centro|La Victoria|"parque union panamericana, la victoria
La Victoria, Lima"|S/ 720,000 · USD 195,000|720000|195000|||"147 m² tot.
5 dorm.
3 baños
1 estac."|147|5|3|1|Vendo casa de 5 dormitorios remodelada en condominio. us$ 195, 000. Ubicada en Urb. Balconcillo - La Victoria. 1er piso: Ingreso, muy amplia sala y comedor con patio, cocina cuadrada, baño. 2do piso: 4 dormitorios amplios que comparten 1 baño completo. 3er piso: Acceso por escalera desde el patio del 1er piso, área de terraza, 1 dormitorio adicional, baño completo. Si bien es cierto que la casa no cuenta con estacionamiento propio, la calle tiene muchas cocheras donde usualmente se quedan los autos de los propietarios con un guardián y este siempre guarda 1 espacio para esta casa. Contáctanos|https://urbania.pe/inmueble/clasificado/veclcain-venta-de-casa-en-la-victoria-lima-5-a-mas-dormitorios-143573863?n_src=Listado&n_pills=Guardian%C3%ADa%2FSeguridad+privada&n_pg=1&n_pos=4|2026-02-01
urbania|casas|venta|Lima Centro|La Victoria|"JR AMERICA
La Victoria, La Victoria"|S/ 1,530,800 · USD 430,000|1530800|430000|||"152 m² tot.
3 dorm.
1 baño"|152|3|||Se vende casa dentro de quinta cerrado en una de las mejores zonas comerciales en emporio comercial de gamarra, la casa esta para remodelar. ubicación extrategica zona comercial: A 1 cdra de av. Isabel la catolica Y 1 cdra de av huanuco. ¡oportunidad! Área: 106 m² Área T. 152m2. Distribución: casa de 3 pisos adosada. 1er nivel. Ingreso – Escaleras. 2do nivel. 3 dormitorios – 1 baños. Sala amplia y comedor amplio. Cocina, patio. 1 baño servicio. 3er nivel. 2 habitaciones con material noble. 1 habitación en tripley. Documentación En Regla. ¡No pierdas esta oportunidad!|https://urbania.pe/inmueble/clasificado/veclcain-venta-de-casa-en-la-victoria-la-victoria-3-dormitorios-147980725?n_src=Listado&n_pg=1&n_pos=5|2026-02-01
urbania|casas|venta|Lima Centro|La Victoria|"Av. 28 de Julio 2970
La Victoria, Lima"|S/ 670,000 · USD 285,000|670000|285000|||"65 m² tot.
10 dorm.
5 baños"|65|10|5||Excelente ubicación en una Quinta en la Av. 28 de Julio 2970, La Victoria. A una cuadra de la futura estación 28 de Julio del Metro 2 cruce con aviación que va a hacer trasbordo con la línea 1. Cerca del emporio Gamarra. ideal para inversion O taller de costura. Área de Terreno: 65m2. Área total Construida: 315m2. Son 5 departamentos independizados en Registros Públicos. cada piso consta de un departamento sala comedor, cocina, baño completo y dos dormitorios. Más azotea (para un posible 6to departamento) se vende todo completo: $285, 000. contactanos 9. 8. 1. 2. 4. 4. 6. 7. 7. / 9. 3. 6. 8. 8. 5. 7. 3. 5|https://urbania.pe/inmueble/clasificado/veclcain-venta-de-casa-en-la-victoria-lima-5-a-mas-dormitorios-148792582?n_src=Listado&n_pills=%C3%81rea+de+lavander%C3%ADa&n_pg=1&n_pos=6|2026-02-01
urbania|casas|venta|Lima Centro|La Victoria|"ALISIOS
Tupac Amaru, La Victoria"|S/ 468,600 · USD 132,000|468600|132000|||"127 m² tot.
3 dorm.
3 baños"|127|3|3||Facil acceso por av. Aviacion, av. Canadá, av. Nicolas arriola, av. Del aire. visitas rápidas!! Visita hoy mismo esta magnífica casa de 2 pisos en venta, se encuentra en urb. Tupac amaru de la victoria. Casa + 1 mini departamento con entrada independiente, ideal para familias O como inversión para rentarla. La casa tiene 85 M2 de terreno, un área ocupada de 127 M2 Y área techada de 83 M2. parámetros para ampliar de 1 A 2 pisos adicionales (3ero, Y 4to. Piso) distrubución 1er. Piso - 51. 53 M2 construídos. ingreso, sala comedor, baño de visitas, 1 dormitorio con closet, 1 baño completo, amplio patio interior, cocina Y lavandería. distribución 2do. Piso - 31. 47 M2 construídos. mini departamento con entrada independiente con escalera externa puerta calle O escalera interna desde el primer piso. Ambos accesos se encuentran habilitados. Cuenta con 1 dormitorio, 1 baño completo, sala, cocina. 3er. Piso - azotea. se accesa desde el 2do. Piso con escalera interna. Todos los servicios son independientes, agua con medidor Y recibo propio, luz con medidor Y recibo propio. la urbanización tupac amaru se ubica en un punto estratégico de la ciudad, conecta con las principales vías como av. Aviación, av. Canadá, av. Del aire, av. Arriola lo que genera que sea una urbanización consolidada, cerca al parque ernesto garcia calderon. Buen acceso A trasporte publico por sus ejes transitables, cerca A zonas comerciales Y servicios médicos por su cercanía A san borja, canada Y san luis. * precio referencial en soles, sujeto al tipo de cambio del día|https://urbania.pe/inmueble/clasificado/veclcain-venta-de-casa-en-tupac-amaru-la-victoria-3-dormitorios-147018436?n_src=Listado&n_pills=%C3%81rea+de+lavander%C3%ADa&n_pg=1&n_pos=7|2026-02-01
urbania|casas|venta|Lima Centro|La Victoria|"PASAJE LAS BRISAS 106
Tupac Amaru, La Victoria"|S/ 935,000 · USD 262,000|935000|262000|||"120 m² tot.
8 dorm.
4 baños"|120|8|4||Casa de 4 Niveles en Zona Residencial Estratégica. ¡Descubre esta amplia y cómoda casa de 4 niveles ideal para familias numerosas o como inversión! Primer Piso: Amplia sala-comedor, ccocina, baño completo, patio y terraza; Segundo Piso: 3 dormitorios y dos baños completos. Tercer piso: Cuenta con 6 habitaciones, lavandería y baño completo. Cuarto Piso D os depósitos y una amplamplia azotea, Ubicada en una excelente zona residencial, cerca de La Rambla, Estación La Cultura y Estación Arriola, a 5 minnutos del Emporio de Gamarra y La Videna. Facil acceso por av. Aviacion, av. Nicolas arriola, av. Del aire|https://urbania.pe/inmueble/clasificado/veclcain-venta-de-casa-en-tupac-amaru-la-victoria-5-a-mas-dormitorios-144989884?n_src=Listado&n_pills=%C3%81rea+de+lavander%C3%ADa&n_pg=1&n_pos=8|2026-02-01
urbania|casas|venta|Lima Centro|La Victoria|"Jiron Zafiros 2, La Victoria
La Victoria, Lima"|S/ 3,700,000 · USD 1,000,000|3700000|1000000|||"867 m² tot.
8 dorm.
6 baños
10 estac."|867|8|6|10|Ocasión Vendo Casa, Local Comercial, Almacen o Terreno en Jiron Zafiros 2, La Victoria (Cerca a la Via Expresa, Av. Javier Prado, Gamarra, San Borja y San Isidro), Precio: $ 1, 000, 000 dolares, Area de Terreno: 867 m2, Area Construida: 922 m2, Parametros para 6 pisos ideal para constructores o negocio, actualmente funciona como almacen, posee 8 dormitorios y oficinas. H&amp;amp;E|https://urbania.pe/inmueble/clasificado/veclcain-venta-de-casa-en-la-victoria-lima-5-a-mas-dormitorios-146768780?n_src=Listado&n_pills=Guardian%C3%ADa%2FSeguridad+privada&n_pg=1&n_pos=9|2026-02-01
urbania|casas|venta|Lima Centro|La Victoria|"Jr. Los Rubies 0403 - 0409
La Victoria, Lima"|S/ 1,328,582 · USD 395,000|1328582|395000|||"241 m² tot.
4 dorm.
3 baños
1 estac."|241|4|3|1|Con fácil acceso por avenidas México, Canadá y Paseo de la República, a cinco minutos del Emporio de Gamarra, rodeado de diferentes comercios y parques. La casa cuenta con un 1er piso construido con posibilidad de crecer dos pisos más, se distribuye de la siguiente manera: sala comedor amplia con vista a la calle, cocina con muebles altos y bajos en madera, cuatro dormitorios amplios que comparten dos baños completos, patio con salida a la calle lateral, área de servicio completa (lavandería, tendal, cuarto y baño de servicio). Para más información y agendar una visita, ¡contáctenos!|https://urbania.pe/inmueble/clasificado/veclcain-venta-de-casa-en-la-victoria-lima-4-dormitorios-147105431?n_src=Listado&n_pills=%C3%81rea+de+lavander%C3%ADa&n_pg=1&n_pos=10|2026-02-01
urbania|casas|venta|Lima Centro|La Victoria|"Vendo Edificio Completo 5 Pisos, La Victoria, Balconcillo
La Victoria, Lima"|S/ 1,872,000 · USD 480,000|1872000|480000|||"500 m² tot.
10 dorm.
10 baños
2 estac."|500|10|10|2|Vendo ocasion casa edificio completo en la victoria. balconcillo, 5 cuadras av mexico Y via expresa, remato edificio. Precio: $ 480, 000 dolares, A. C.: 500 m2 construido. 4 departamentos de 100 m2 y 5 piso como estudio o terraza, 6 piso como deposito 2x3 mSe vende edificio de 5 pisos, 4 departamentos, independientes, un 5 piso que sirve como estudio o terraza y un 6 piso como deposito de 2 x 3 en una zona tranquila, rodeada de varios colegios y parques con salidas directas hacia avenidas principales. El modelo que se aprecia en las fotos pertenecen al 4 piso, la distribución es la misma (1, 2, 3 y 4 piso) la terraza es un estudio de 30 mtrs de material noble y 70 mtrs en material distribución de la casa es la siguiente: primer piso, segundo piso y tercer piso cada uno cuenta con: 3 habitaciones3 baños1 cocinasala comedorCuarto piso: 3 habitaciones( 2 cuenta con ducha y lavabo, y una con armario) 1 cocina1 mini depositosala comedor. Terraza: 1 baño1 depositocualquier duda comunicarse con nosotrosHogar &amp; Estilo Inmobiliaria Teléfonos: Oficina: 372-25-61 /Celular: 975-49-8042 / Celular: 981-15-1109 Website: // Email: info(@) hogarestilo. net|https://urbania.pe/inmueble/clasificado/veclcain-venta-de-casa-en-la-victoria-lima-5-a-mas-dormitorios-146766988?n_src=Listado&n_pills=Cuartos+de+servicio&n_pg=1&n_pos=11|2026-02-01
urbania|casas|venta|Lima Centro|La Victoria|"Julio Villegas
La Victoria, Lima"|S/ 1,520,000 · USD 400,000|1520000|400000|||"300 m² tot.
4 dorm.
5 baños
4 estac."|300|4|5|4|Venta de casa como terreno en La Victoria muy cerca a GamarraUbicado en calle Julio Villegas a 5 minutos del Emporio Textil de Gamarra. Cerca a avenidas principales. Cuenta con 5 pisos los cuales tienen ingreso independiente, ideal para almacenamiento o talleres industriales. - at: 175 m²- ac: 300 m²- 4 Dormitorios. - 2 Cocinas. - 5 baños. - Porton grande y alto para unidades de gran tamaño de carga y descarga de mercancias. - 50 años de antigüedad- Espacio para 4 estacionamientos- Precio de Venta us$ 400. 000. 00mo-78*tipo de cambio: 3. 80|https://urbania.pe/inmueble/clasificado/veclcain-venta-de-casa-en-la-victoria-lima-4-dormitorios-145756498?n_src=Listado&n_pg=1&n_pos=12|2026-02-01
urbania|casas|venta|Lima Centro|La Victoria|"AV Parinacochas al 1800
La Victoria, Lima"|S/ 1,846,300 · USD 499,000|1846300|499000|||"526 m² tot.
6 dorm.
4 baños
3 estac."|526|6|4|3|Se vende local comercial en cuadra 18 de av parinacochas, la victoria. ¡gran oportunidad para empresarios E inversionistas! se vende amplio local comercial de cuatro pisos Y azotea, con at, 120 M2 Y ac 490 M² con una ubicación inmejorable en la cuadra 18 de av parinacochas, la victoria. este espacio está situado en una zona de alta demanda Y gran afluencia de público, rodeado de empresas de transporte terrestre, carga Y encomiendas. entre las avenidas mexico, canada, nicolas arriola Y via expresa luis bedoya reyes ideal para establecer un negocio rentable. ¡asegura tu inversión en el mejor momento! es amplio Y funcional, ya que incluye oficinas, áreas de estacionamiento Y almacenamiento. Vivienda. Esta combinación lo hace una inversión sumamente atractiva para una variedad de usos comerciales, descripcion: 1er Piso: locales comerciales que están intercomunicados internamente con baño y área de tres estacionamientos2do Piso: Amplio Departamento independiente con baño3er Piso: Amplio Departamento independiente con baño4to Piso: Amplio Departamento independiente con baño, yAmplia Azotea con habitacionesConsultar con el Agente Inmobiliario encargado para mayor información Ver datoscs.|https://urbania.pe/inmueble/clasificado/veclcain-venta-de-casa-en-la-victoria-lima-5-a-mas-dormitorios-146478805?n_src=Listado&n_pills=%C3%81rea+de+lavander%C3%ADa&n_pg=1&n_pos=13|2026-02-01
urbania|casas|venta|Lima Centro|La Victoria|"JR. Antonio Raymondi
La Victoria, Lima"|S/ 514,300 · USD 135,000|514300|135000|||"60 m² tot.
4 dorm.
2 baños"|60|4|2||Id: 3 2 3 3 9 casa 60M2 cerca al parque el porvenir Casa de 02 pisos y azotea, ubicada en el Jr. Antonio Raymondi a dos cuadras de la via Expresa de Grau y a 3 cuadras del Parque El Porvenir. El ingreso inicial es a una Quinta, el pasadizo es amplio hasta llegar a la fachada de la casa, la cual cuenta un ingreso que muestra la Sala Comedor. El inmueble está ubicado en una zona Residencial de Densidad Media (rdm), construido de material noble. El estado de conservación de la edificación es bueno y su uso de vivienda. Area del terreno: 60M2 area total construida: 130M2 distribucion: piso 1: Sala Comedor, 1 baño de visitas, cocina, lavandería y escalera principal al segundo piso. Piso 2: Tres dormitorios, 1 baño, pasadizo, escalera a la azotea. Azotea: 2 Dormitorios, salita, cocina y patio. Agenda una visita y mudate ya! 121% comprometidos en brindarte un servicio de excelencia.|https://urbania.pe/inmueble/clasificado/veclcain-venta-de-casa-en-la-victoria-lima-4-dormitorios-147503723?n_src=Listado&n_pills=%C3%81rea+de+lavander%C3%ADa&n_pg=1&n_pos=14|2026-02-01
urbania|casas|venta|Lima Centro|La Victoria|"Av. Paseo de la República 1719
La Victoria, Lima"|S/ 7,865,625 · USD 2,097,500|7865625|2097500|||839 m² tot.|839||||Venta de Terreno en La Victoria ideal para Desarrollo Inmobiliario o como Local ComercialUbicación Av. Paseo de la República 1719Terreno con dos FrentesA. De Terreno 839. 75 m2Zonificación: rdausos: Vivienda Unifamiliar y Multifamiliar. Parámetros: ? Precio de Venta us$ 2, 500. 00 usd. X m2. -&amp;gt; (Se escuchan propuestas) Descripción: Terreno, con dos frentes, un frente da a la Av. Paseo de la República y el otro frente a al Jr los Brillantes. El precio del terreno es de 2, 097, 500 usd negociables. Documentos en regla.|https://urbania.pe/inmueble/clasificado/veclcain-venta-de-casa-en-la-victoria-lima-143780512?n_src=Listado&n_pg=1&n_pos=15|2026-02-01
urbania|casas|venta|Lima Centro|La Victoria|"Jr. Andahuaylas 1556
La Victoria, Lima"|S/ 873,600 · USD 260,000|873600|260000|||"273 m² tot.
3 dorm.
3 baños"|273|3|3||Casa de 3 pisos en venta en La Victoria – Ideal para negocio y vivienda. Ubicación estratégica: A solo 1 cuadra de la Av. México. Características: 1° Piso: Local comercial amplio de 135 m2. 1 baño completo. Ambiente adicional para almacén. El ingreso del 2do y 3er piso es con puerta calle independiente. 2° Piso: 2 habitaciones. 1 baño completo. 3° Piso: 2 habitaciones (una con vista exterior y otra interna) Lavandería. 1 baño completo. Ideal para negocio o inversión. Nota: El inmueble en venta cuenta con dos partidas registrales, una para el local comercial y otra para el segundo y tercer piso. El segundo y tercer piso puede pueden ser utilizados como almacenes. Oportunidad única de inversión en una de las zonas más comerciales de la ciudad. ¡Haz crecer tu negocio y tu patrimonio en un solo lugar!|https://urbania.pe/inmueble/clasificado/veclcain-venta-de-casa-en-la-victoria-lima-3-dormitorios-147618096?n_src=Listado&n_pills=Cerca+a+colegios&n_pg=1&n_pos=16|2026-02-01
urbania|casas|venta|Lima Centro|La Victoria|"Avenida Santa Catalina, La Victoria
Santa Catalina, La Victoria"|S/ 1,476,300 · USD 399,000|1476300|399000|||"235 m² tot.
6 dorm.
2 baños
2 estac."|235|6|2|2|Se vende casa de 2 pisos(Sin aires) con múltiples ambientes, ideal para uso residencial, oficinas o negocio. Ubicada estratégicamente en el corazón de Santa Catalina, a solo media cuadra de la Av. Canadá y cerca de las avenidas Javier Prado y Paseo de la República. Su cercanía con San Borja permite acceso rápido a centros comerciales como La Rambla San Borja, Santa Catalina Plaza, supermercados, colegios, clínicas, entre otros. Características: • Área de terreno: 235 m²• Área construida: 393 m²Primer Nivel: • Lobby de ingreso. • Amplia sala con grandes ventanales que proporcionan abundante luz natural. • Comedor espacioso con salida al jardín interno a través de puertas de vidrio. • Estudio ideal para oficina o espacio de trabajo. • Cocina moderna y funcional, equipada con reposteros altos y bajos, con excelente iluminación. • Área de lavandería con acceso directo desde la cocina. • Dos accesos al segundo piso: desde la sala-comedor y desde la lavandería. • Estacionamiento para 2 vehículos. • Medio baño de visitas. Segundo Nivel: • 6 dormitorios amplios, todos muy iluminados, cada uno con closets empotrados. • 2 baños completos con acabados de calidad. Esta propiedad ofrece múltiples opciones de uso, en una de las zonas más solicitadas de Lima. Santa Catalina es conocida por su accesibilidad y cercanía a puntos clave de la ciudad, haciendo de esta casa una oportunidad única tanto para vivir como para establecer un negocio. Precio de Venta: $399, 000 – Se aceptan propuestasPrecio en soles referencial, sujeto a tipo de cambio. nmruc: 2. 0. 6. 0. 9. 3. 4. 7. 9. 8. 9|https://urbania.pe/inmueble/clasificado/veclcain-venta-de-casa-en-santa-catalina-la-victoria-5-a-mas-dormitorios-146505717?n_src=Listado&n_pills=Jard%C3%ADn&n_pg=1&n_pos=17|2026-02-01
urbania|casas|venta|Lima Centro|La Victoria|"Apeliotas
La Victoria, Lima"|S/ 938,000 · USD 280,000|938000|280000||1|"120 m² tot.
7 dorm.
4 baños"|120|7|4||Vendo casa en zona estratégica de La Victoria límite con San Borja, a pocos minutos del Emporio de Gamarra. Rodeado de avenidas principales: Av del Aire, Av Aviación, Av Canadá. Ubicada en Pasaje Apeliotas La Victoria. Metraje. * 120 m2 área de terreno ( 6 m de frente x 20 m de fondo) * 250 m2 aprox área construida. Cuenta con 3 pisos, acceso a la azotea. ** 1 er piso. * Jardín de ingreso. * Amplia sala. * Comedor. * Baño de visitas. * Cocina cerrada amplia. * Lavandería. * escalera de servicio. * patio interno. * 1 baño completo. * 2 habitaciones. * escalera de madera interna al 2do piso. ** 2do piso. * 3 habitaciones. * 1 baño completo. * patio y escalera de servicio. * cuarto y baño de servicio. * escalera de madera interna al 2 do piso. ** 3 er piso. * 2 habitaciones. * 1 baño completo. * patio. * escalera de servicio con acceso a la azotea. ** incluye 01 estacionamiento. Costo $280, 000. 00. contactame para mayor informaciíon Y visita al 9. 8. 7. 3. 7. 4. 0. 1. 9. Paola aguirre|https://urbania.pe/inmueble/clasificado/veclcain-venta-de-casa-en-la-victoria-lima-5-a-mas-dormitorios-148754446?n_src=Listado&n_pills=Cerca+a+colegios&n_pg=1&n_pos=18|2026-02-01
urbania|casas|venta|Lima Centro|La Victoria|"Calle los Rubies
La Victoria, La Victoria"|S/ 490,000 · USD 144,000|490000|144000|||"148 m² tot.
5 dorm.
3 baños
1 estac."|148|5|3|1|Casa en venta a partir de un 2do piso, en zona céntrica a pocos metros de la estación del metropolitano, tren eléctrico, emporio comercial gamarra, la avenida renovada de Canadá, santa catalina, Vía expresa Luis Bedoya Reyes y Javier Prado. Casita espaciosa familiar y perfecta para quienes buscan funcionalidad y una ubicación céntrica con fácil acceso a servicios, cerca de Supermercados, Bancos, Colegios, Clínicas y Restaurantes. Area construida: 127 m2. Precio: 144$ Material de construcción: ladrillo y cemento. El ingreso inicial es a una Quinta, el pasadizo es amplio hasta llegar a la fachada de la casa que es la primera. 2do piso: ° Sala. ° Pequeña biblioteca. ° 2 habitaciones( con walk-in closet) ° 1 baño completo. 3er piso: ° Comedor. ° Cocina. ° 2 habitaciones( con walk-in closet) ° 1 baño completo. 4to piso: Azotea. ° cuarto de deposito. ° 1 habitación. ° 1 baño completo. espacio con aire libre y terraza. (cochera en la parte de afuera en la calle dependiendo disponibilidad y de forma particular a la espalda por alquiler y entrega de llave al propietario del auto).|https://urbania.pe/inmueble/clasificado/veclcapa-venta-de-casa-en-la-victoria-la-victoria-5-a-mas-dormitorios-148002768?n_src=Listado&n_pg=1&n_pos=19|2026-02-01
urbania|casas|venta|Lima Centro|La Victoria|"Agustín Gamarra al 1000
La Victoria, Lima"|S/ 52,370 · USD 15,402|52370|15402|||4 m² tot.|4||||Se venden excelentes locales en la mejor zona de Gamarra a una cuadra del parque del Emprendedor Los locales están ubicados a la altura de la cuadra 8 de la Avenida Aviación. Locales ubicados en sótano de la galería Cuentan con las siguientes características: Área desde 4. 25m2Precio x m2 desde $ 3, 500 + igv|https://urbania.pe/inmueble/clasificado/veclcain-venta-de-casa-en-la-victoria-lima-148509922?n_src=Listado&n_pg=1&n_pos=20|2026-02-01
urbania|casas|venta|Lima Centro|La Victoria|"MAYPU 200
Santa Catalina, La Victoria"|S/ 1,697,500 · USD 485,000|1697500|485000|||"240 m² tot.
5 dorm.
4 baños"|240|5|4||Casa como terreno en esquina, super ubicada a solo dos cuadras de Metro de la Av. Canada, en Urb. Santa Catalina, ideal para casa de empresario de Gamarra, oficina administrativa, hasta para construir un edificio de 5 a 6 pisos, esta ubicada a dos cuadras de Av. Canadá y Av. Nicolás Arriola. La casa tiene un lindo jardín al ingreso, recibidor, baño social, área de sala, área de comedor social, patio, cocina completa con comedor de diario, en la otra frentera tiene implementada un jardín de infancia, con dos salones y también dos areas de juego. En el segundo piso tenemos 4 amplios dormitorios, el principal con baño integrado y el otro baño lo comparten las otras tres habitaciones, y un hall de distribución. Tercera planta donde tenemos una habitación con su baño y una amplia terraza. Linderos 20ml frentera, 12 ml en la otra frentera, fondo 20ml y a la derecha 20ml. Parametros para 5 a 6 pisos.|https://urbania.pe/inmueble/clasificado/veclcain-venta-de-casa-en-santa-catalina-la-victoria-5-a-mas-dormitorios-144428748?n_src=Listado&n_pills=Seguridad&n_pg=1&n_pos=21|2026-02-01
urbania|casas|venta|Lima Centro|La Victoria|"Calle Victor Bazul
Santa Catalina, La Victoria"|S/ 1,270,860 · USD 359,000|1270860|359000|||"133 m² tot.
4 dorm.
2 baños
1 estac."|133|4|2|1|Precio: $359, 000 dólares. Área de Terreno: 133 m² Área Construida: 238 m² Dormitorios: 4 (principal con walk-in closet) Baños: 2. 5. Antiguedad: 56 años. Ambientes: Sala comedor, patio, cocina cerrada, terraza, cuarto de servicio, baño de servicio, lavandería, escritorio. Espaciosa casa familiar en Santa Catalina, La Victoria. Disfrute de ambientes cómodos como una amplia sala comedor, cocina cerrada, y espacios al aire libre con patio y terraza. Incluye 4 dormitorios (principal con walk-in closet), 2. 5 baños, y un escritorio/sala de estudio. Perfecta para quienes buscan funcionalidad y una ubicación céntrica con fácil acceso a servicios. Mantenimiento: Seguridad y vigilancia de S/. 120|https://urbania.pe/inmueble/clasificado/veclcain-venta-de-casa-en-santa-catalina-la-victoria-4-dormitorios-147291154?n_src=Listado&n_pills=Cuartos+de+servicio&n_pg=1&n_pos=22|2026-02-01
urbania|casas|venta|Lima Centro|La Victoria|"Bateria Maypu al 500
Santa Catalina, La Victoria"|S/ 1,660,000 · USD 489,000|1660000|489000|||"343 m² tot.
5 dorm.
4 baños
1 estac."|343|5|4|1|Venta de casa en esquina frente A parque – oportunidad única para vivienda O proyecto inmobiliario¡Vive o invierte en una ubicación privilegiada. Esta amplia casa en esquina ofrece una vista espectacular al parque brindando tranquilidad y un entorno verde inmejorable. Con un terreno de 343 m², es ideal tanto para vivienda como paradesarrollo inmobiliario, con parámetros de edificación de 7 pisos (+1). Características de la propiedadUbicación exclusiva en esquina frente a parqueAmplia sala y comedor con vistas al jardín y patio interior Comedor de diario y cocina espaciosa4 dormitorios, el principal con balcón y vista panorámica al parqueÁrea de servicio con cuarto y baño Cochera incluidaUna oportunidad imperdible para vivir con comodidad o desarrollar un proyecto inmobiliario de gran potencial. Contáctanos hoy mismo para más información o agendar una visita. ¡No dejes pasar esta oportunidad única!|https://urbania.pe/inmueble/clasificado/veclcain-venta-de-casa-en-santa-catalina-la-victoria-5-a-mas-dormitorios-147281269?n_src=Listado&n_pills=Jard%C3%ADn&n_pg=1&n_pos=23|2026-02-01
urbania|casas|venta|Lima Centro|La Victoria|"Luis Espejo, La Victoria
Santa Catalina, La Victoria"|S/ 1,170,000 · USD 330,000|1170000|330000|||"188 m² tot.
4 dorm.
3 baños
2 estac."|188|4|3|2|Vendo casa de 2 pisos + azotea, 4 dormitorios frente a parque en Santa Catalina. 107m2 terreno. 188m2 construcción. usd 300, 000. Primer piso: 1 cochera (se puede estacionar un segundo carro en el frontis), jardin, delantero, amplia sala y comedor, medio baño de visitas, cocina cuadrada, puerta directa entre la cochera y la cocina, dos escaleras (escaleras principal y escaleras de servicio). Segundo piso: 4 habitaciones de gran tamaño y una sala de estar compartiendo 2 baños. completos (uno de los baños se podría partir en dos baños completos de menor tamaño). Tercer piso: Dormitorio y baño completo de servicio, gran terraza. Zona muy centrica entre la Av. Canada, Arriola y Javier Prado|https://urbania.pe/inmueble/clasificado/veclcain-venta-de-casa-en-santa-catalina-la-victoria-4-dormitorios-146149108?n_src=Listado&n_pills=Jard%C3%ADn&n_pg=1&n_pos=24|2026-02-01
urbania|casas|venta|Lima Centro|La Victoria|"Juan Castro al 100
Balconcillo, La Victoria"|S/ 1,530,000 · USD 450,000|1530000|450000|||"176 m² tot.
4 dorm.
4 baños"|176|4|4||**Venta de Casa en La Victoria – Balconcillo (Av. México con Juan Castro) **Oportunidad en zona **altamente comercial**, a pocos minutos del **Emporio Gamarra**, Av. Canadá, Nicolás Arriola y rodeada de negocios, servicios y alto flujo peatonal. Perfecta para vivir, invertir o combinar ambos usos. La propiedad cuenta con **176 m²** y un gran plus: **2 locales comerciales** en el primer nivel, ideales para **depósito, almacén, taller o emprendimientos varios** gracias a su excelente ubicación. **Distribución: *Primer piso: * 2 locales comerciales con ingreso independiente* Jardín interior que brinda buena ventilación y luz natural**Segundo piso: * Amplia sala y comedor* Cocina* Dormitorios* Baños completos**Tercer piso: * 2 dormitorios* Área de lavandería* Terraza con tendalLa casa está en **buenas condiciones**, lista para uso inmediato, y con un enorme potencial por su entorno comercial estratégico.|https://urbania.pe/inmueble/clasificado/veclcain-venta-de-casa-en-balconcillo-la-victoria-4-dormitorios-148435763?n_src=Listado&n_pills=Jard%C3%ADn&n_pg=1&n_pos=25|2026-02-01
urbania|casas|venta|Lima Centro|La Victoria|"Juan Bujanda 242
Santa Catalina, La Victoria"|S/ 1,260,000 · USD 360,000|1260000|360000|||"290 m² tot.
4 dorm.
3 baños
1 estac."|290|4|3|1|Ubicada en una de las zonas más conectadas de Santa Catalina, esta casa de 2 plantas ofrece una gran oportunidad tanto para vivir cómodamente como para generar ingresos adicionales. Cuenta con una amplia distribución interior y, además, un departamento completamente independiente de 70 m², ideal para alquilar o para que viva un familiar de forma privada. Área de terreno: 140m2. Área construida: 235. 42. Distribución: Primer piso: Sala comedor amplia con salida a terraza interior. Cocina independiente. Mampara de vidrio divisoria (de época) Baño de visitas. 1 dormitorio. 1 cochera. Segundo piso: 3 dormitorios. 1 baño completo compartido. Tercer piso: Azotea con lavandería, cuarto y baño de servicio. Departamento de 70 m² con ingreso independiente: ¡Vive en dos pisos y alquila el tercero para cubrir una parte del crédito hipotecario! 2 dormitorios. Cocina cerrada y amplia. 1 baño completo. Área de tendal semiabierta. Cuarto y baño de servicio. Área de terreno: 140 m² Área construida total: 290 m² Atributos clave: ️ Ingreso independiente al tercer nivel. ️ Posibilidad de renta o uso multifamiliar. ️ Casa sólida, ideal para remodelar a gusto. ️ Parámetros para hasta 7 pisos. ️ Zona en desarrollo con varios edificios nuevos. Ubicación estratégica: Avenidas Canadá, Javier Prado, Paseo de la República. Estaciones del Metropolitano y corredor azul. Parques, colegios, bancos, centros comerciales y zona empresarial. Ideal para: Familias grandes, dos generaciones, quienes buscan vivir y alquilar, o para inversión futura por su zonificación. ¡Agenda tu visita hoy y conoce el potencial de esta propiedad!|https://urbania.pe/inmueble/clasificado/veclcain-venta-de-casa-en-santa-catalina-la-victoria-4-dormitorios-146941091?n_src=Listado&n_pills=Cerca+a+colegios&n_pg=1&n_pos=26|2026-02-01
urbania|casas|venta|Lima Centro|Rimac|"Jr. Laureano Martínez Nº 145
Rímac, Lima"|S/ 440,000 · USD 130,000|440000|130000|||"177 m² tot.
4 dorm.
3 baños
1 estac."|177|4|3|1|Con excelente ubicación casa de dos pisos sin aires, se encuentra cerca al centro histórico de Lima y conexión directa con avenidas principales como la Av. Alcázar y Vía de Evitamiento. Ideal para quienes buscan comodidad, a unos pasos del Colegio Innova School del Rímac, cuenta con funcionalidad y un entorno bien conectado, asimismo puede poner a funcionar su empresa. Agende visita previa cita. Distribución del primer nivel: - Jardín en zona de ingreso. - Sala y comedor amplio con acceso a la terraza y/o jardín interior. - Cochera. - Medio baño de visita. - Cocina concepto cerrado con muebles altos y bajos con comedor de diario. - Área de lavandería con zona de tendal independiente. Distribución del segundo nivel: - Hall amplio. - 1 dormitorio grande e iluminado con clóset y vista interna. - 1 dormitorio grande con clóset y baño completo con vista interna. - Baño completo. - 1 dormitorio amplio con clóset y vista externa con balcón. - 1 dormitorio amplio con clóset y vista externa. - cochera. Características: - Construcción tradicional en buen estado. - Casa de dos pisos independiente. - Espacios amplios y funcionales. - Buena ventilación e iluminación natural en todos los ambientes. - Conexión a servicios básicos: agua, luz y desagüe. - Cerca de parques, colegios, mercados y transporte. - Documentación en regla. - 176 m2 área de terreno. - 238 m2 construido. visita previa cita|https://urbania.pe/inmueble/clasificado/veclcain-venta-de-casa-en-rimac-lima-4-dormitorios-147104839?n_src=Listado&n_pills=Jard%C3%ADn&n_pg=1&n_pos=1|2026-02-01
urbania|casas|venta|Lima Centro|Rimac|"puga 680 rimac
Rímac, Lima"|S/ 750,000 · USD 221,900|750000|221900|||"176 m² tot.
7 dorm.
6 baños
1 estac."|176|7|6|1|Se vende amplia casa de dos pisos más azotea, ubicada en una zona residencial cerrada con portones de seguridad, muy cerca de avenidas principales, comercios y entidades financieras. Ideal para familias grandes, alquiler por niveles, negocio familiar o proyectos multifamiliares. Amalia Puga 680 – Zona Cerrada y Segura. Características Principales: Área de terreno: 176 m² Área construida: 320 m² Frente: 8 m. Fondo: 22 m. Antigüedad: Primer piso 30 años / Segundo piso y azotea 15 años. Distribución: Primer Piso: Cochera. Sala y comedor. Cocina. Lavandería. Tres dormitorios. Dos baños completos. Cuarto de servicio con baño. Patio interno. Segundo Piso: Balcón. Sala y comedor. Cocina. Lavandería. Tres dormitorios. Dos baños. Azotea: Oficina o estudio. Baño. Zona de parrilla. Área de tendal y lavandería. Cuarto adicional en drywall. Tanque elevado. Ubicación Estratégica: A una cuadra de la avenida Felipe Arancibia. Cerca de Plaza Vea Tarapacá, bcp y Banco de la Nación. Acceso rápido a la avenida Samuel Alcázar (zona comercial del Rímac) A 15 minutos del Centro de Lima. Zona cerrada, segura y de entorno tranquilo. Ideal para: Vivienda para familias grandes. Inversión para alquiler por niveles. Vivienda más oficina. Proyecto multifamiliar o negocio familiar. **|https://urbania.pe/inmueble/clasificado/veclcain-venta-de-casa-en-rimac-lima-5-a-mas-dormitorios-148385026?n_src=Listado&n_pills=Seguridad&n_pg=1&n_pos=2|2026-02-01
urbania|casas|venta|Lima Centro|Rimac|"Restauración 236
Ciudad Y Campo, Rímac"|S/ 403,800 · USD 120,000|403800|120000|||"150 m² tot.
4 dorm.
4 baños"|150|4|4||¡Oportunidad para vivir, alquilar o invertir en una zona estratégica. accesible y de alta demanda del Rímac! 1. Datos de la propiedad: Área de terreno: 150. 90 m² Área construida: 112. 00 m² Antigüedad: 57 años. Precio de venta: $120, 000. 00. Dirección: Jr. Ángel Valdez N. º 236, 2do piso– Urb. Ciudad y Campo, Rímac. a pocos metros del mercado local y de las principales vías como Av. Alcázar, Av. Tarapacá, Caquetá y Prolongación Tacna. 2. Distribucion interna (4 unidades): 2 minidepartamentos con sala, cocina, baño y dormitorio. 2 habitaciones amplias con baño propio. 3. Oportunidades de uso. -Vivienda multifamiliar: familias que buscan independencia y amplitud, compartiendo un mismo inmueble. -Ingreso por alquileres: unidades listas para alquilar de forma independiente. -Vivienda negocio: perfecta para quienes desean usar parte como vivienda y parte como taller, oficina o depósito. -Revalorización futura: Posibilidad de regularizar divisiones internas y aumentar su valor comercial. 4. Contacto. - Ver datos (WhatsApp) Visitas disponibles previa coordinación. Documentación: Completa y al día|https://urbania.pe/inmueble/clasificado/veclcain-venta-de-casa-en-ciudad-y-campo-rimac-4-dormitorios-148119142?n_src=Listado&n_pills=Cerca+a+colegios&n_pg=1&n_pos=3|2026-02-01
urbania|casas|venta|Lima Centro|Rimac|"Mz D Lt 9 Pasaje G, Leoncio Prado
Leoncio Prado, Rímac"|S/ 385,000 · USD 110,000|385000|110000|||"280 m² tot.
8 dorm.
4 baños"|280|8|4||¡oportunidad! Se vende casa de 4 pisos en urbanización leoncio prado – excelente ubicación Si buscas una casa amplia, bien distribuida y en una ubicación estratégica, ¡esta es tu mejor opción! Ubicación privilegiada: -área construida 280m2-área terreno 80m2A solo unos pasos de la Av. Leoncio Prado (cuadra 4) y cerca de la Av. Prolongación Tacna y Av. Tarapacá. Fácil acceso a transporte, comercios y servicios esenciales. Características de la casa: - 4 pisos construidos -8 dormitorios espaciosos- 5 baños completos- 2 cocinas amplias- 3 lavanderías independientes- 2 salas comedor- Sala de estar ideal para descanso o estudio Ingreso independiente al 3er piso Ideal para alquiler o familia grande Documentación en regla: Título de propiedad inscrito en sunarp. ¡Gran oportunidad de inversión! Perfecta para una familia numerosa o para generar ingresos alquilando pisos independientes. ¡Contáctame y agenda tu visita hoy mismo! No dejes pasar esta oportunidad. T. C. 3. 50Tipo de cambio referencial, sujeto a variación diaria por fluctuación del mercado|https://urbania.pe/inmueble/clasificado/veclcain-venta-de-casa-en-leoncio-prado-rimac-5-a-mas-dormitorios-147648358?n_src=Listado&n_pills=%C3%81rea+de+lavander%C3%ADa&n_pg=1&n_pos=4|2026-02-01
urbania|casas|venta|Lima Centro|Rimac|"Urb. Huerta Guinea Rímac
Huerta Guinea, Rímac"|S/ 408,000 · USD 120,000|408000|120000|||"270 m² tot.
5 dorm.
2 baños"|270|5|2||Contacto: Pedro HurtadoCel/WhatsApp: 9. 9. 5. 9. 0. 3. 5. 5. 4* Área Terreno: 90 Metros Cuadrados* Número Habitaciones: 5* Número de Baños 2* Cuenta con Lavandería Espaciosa* Propiedad con 2 Pisos (Para albergar a familia numerosa) * Cuenta con Terraza (Momentos familiares de parrilla) * Cercano a lugares turísticos. Alameda de los Descalzos, Paseo de Aguas, Catacumbas San Francisco, etc* Acceso inmediato a la Panamericana Sur y Norte. Túnel sjl. Avenidas Alcázar. Abancay, etc. * Inmueble inscrito en Sunarp con documentación en orden. Precio: 120, 000 dólares¡¡Agenda tu visita de inmediato!! R. U. C Ver datos|https://urbania.pe/inmueble/clasificado/veclcain-venta-de-casa-en-huerta-guinea-rimac-5-a-mas-dormitorios-148127384?n_src=Listado&n_pills=%C3%81rea+de+lavander%C3%ADa&n_pg=1&n_pos=5|2026-02-01
urbania|casas|venta|Lima Centro|Rimac|"Los Oidores al 100
Rímac, Lima"|S/ 700,000 · USD 207,715|700000|207715|||"160 m² tot.
1 estac."|160|||1|Se vende casa como terrenourbanizacion el manzano - rimacoportunidad única para constructores Y desarrolladores, ubicado en la vibrante zona del rimac, cerca del emblema&#39;tico centro de lima. este terreno urbano es el lienzo en blanco perfecto para tu próximo gran proyectoarea del terreno: 160 mtsarea construida: 300 mtscaracteristicas: 1er pisosala -comedor2 dormitoriosbaño completococinapatiococheraescalerajardín2do piso: 2 dormitoriosescritorioscocinabañopatiobalconazotea: cuarto, lavadero, tendal, deposito. imagina desarrollar un moderno edificio residencial en una de las zonas con mayor crecimiento de lima. aprovecha esta oportunidad de inversión en un distrito con constante expansión. transforma este espacio en tu proximo éxito inmobiliario. R. U. C Ver datos|https://urbania.pe/inmueble/clasificado/veclcain-venta-de-casa-en-rimac-lima-148366074?n_src=Listado&n_pills=Jard%C3%ADn&n_pg=1&n_pos=6|2026-02-01
urbania|casas|venta|Lima Centro|Rimac|"Prolongación Tacna 257
Leoncio Prado, Rímac"|S/ 525,990 · USD 139,000|525990|139000|||"257 m² tot.
6 dorm.
7 baños"|257|6|7||**¡Gran Oportunidad de Inversión! Casa de 4 Pisos Ideal para Alquiler de Habitaciones y Departamento**¿Buscas una inversión rentable? Esta **casa de 4 pisos** ha sido diseñada específicamente para generar ingresos a través del **alquiler de habitaciones y departamento**. Perfecta para aquellos que buscan una propiedad con potencial de retorno inmediato. # Distribución: - **2do piso (84 m²): ** 3 habitaciones amplias, cada una con su **baño completo**, garantizando privacidad y comodidad para los inquilinos. - **3er piso (84 m²): ** 3 habitaciones, cada una también con su **baño completo**, ideal para seguir generando ingresos. - **4to piso (84 m²): ** 1 **departamento independiente**, perfecto para alquilar a una familia o pareja. # Características adicionales: - **Tanque elevado** para asegurar el abastecimiento continuo de agua. - **Cisterna** que garantiza el almacenamiento de agua. - **Terma**, para agua caliente en todos los ambientes. **Esta propiedad es perfecta para inversionistas** que deseen rentabilizar de inmediato, ya sea alquilando por habitaciones o el departamento completo. Ubicada en una zona con alta demanda de alquiler, **es la opción perfecta para generar ingresos pasivos**. precio A negociar¡No dejes pasar esta oportunidad!|https://urbania.pe/inmueble/clasificado/veclcain-venta-de-casa-en-leoncio-prado-rimac-5-a-mas-dormitorios-144400582?n_src=Listado&n_pills=Cerca+a+colegios&n_pg=1&n_pos=7|2026-02-01
urbania|casas|venta|Lima Centro|Rimac|"Av.24 de Junio, San Juan de Amancaes, Rimac
San Juan De Amancaes, Rímac"|S/ 400,746 · USD 115,000|400746|115000|||"200 m² tot.
6 dorm.
2 baños"|200|6|2||Contacto: jennymatencio / cel: 9*3*2*2*5*7*3*2*7¿Buscas una propiedad con gran proyección y en excelente ubicación? Esta casa es ideal tanto para vivienda familiar, como para inversión inmobiliaria, gracias a sus parámetros para construir hasta 4 pisos y su estratégica ubicación en esquina, frente al Colegio Coronel José Félix Bogado, cerca del mercado de Amancaes y Av. Flor de Amancaes. *beneficios destacados- Ubicación estratégica con alto tránsito- En esquina: mayor iluminación, ventilación y visibilidad - Parámetros para 4 pisos: ideal para departamentos o negocio - Tuberías y cableado remodelados - Bases sólidas y construcción lista para crecer - Perfecta para familias grandes o inversionistas* características-Área de terreno: 100 m²-Área construida: 180 m²-Antigüedad: 1er piso 43 años / 2do piso 17 años-Pisos de cerámica y luminarias en perfecto estado * distribución1er piso: -Patio de ingreso-Sala comedor-2 dormitorios- Cocina- 1 baño completo- Lavandería- Escalera interna2do piso: -Balcón-Sala comedor- 4 dormitorios- 1 baño completo- Espacio para cocina- Escalera interna al 3er piso3er piso:: - Cercado con muros de división, listo para acondicionar*oportunidad de inversión: Compra una casa en zona consolidada, con parámetros para crecer y generar ingresos pasivos o con alquileres o negocio propio.|https://urbania.pe/inmueble/clasificado/veclcain-venta-de-casa-en-san-juan-de-amancaes-rimac-5-a-mas-dormitorios-148634489?n_src=Listado&n_pills=%C3%81rea+de+lavander%C3%ADa&n_pg=1&n_pos=8|2026-02-01
urbania|casas|venta|Lima Centro|Rimac|"Calle Alameda de los Bobos Rimac
La Huerta, Rímac"|S/ 4,675,000 · USD 1,250,000|4675000|1250000|||"244 m² tot.
8 dorm.
8 baños
3 estac."|244|8|8|3|Vendo Colegio Privado con funcionamiento y resolución ministerial activa para primaria y secundaría, tiene una plana docente muy comprometida con su profesión y con los alumnos, el colegio lleva funcionando 40 años contando con una infraestructura y mobiliario propio, en una área de terreno de 244. 60m2 construidos 477. 00m2 ubicado en Calle Alameda de Los Bobos, Urbanización La Huerta, distrito del Rímac, provincia y departamento de Lima. Se trata de un colegio de 4 Pisos y azotea el cual tiene un ingreso principal que tiene una sección regular de 2 carriles de circulación vehicular de un sentido; la. propiedad esta ubicada en una Zona de Tratamiento Especial 3 (zte-3). Y con un departamento de 55m2. Piso 1 - Colegio: Ingreso por Portón, patio interior-cochera para 3 autos, escalera exterior, habitación, escalera interior, depósito-tanque cisterna, dirección, baño y puerta interior de ingreso a vivienda. Piso 1 - Vivienda: Ingreso independiente, pasadizo de distribución, sala, cocina con comedor de diario, 1 dormitorio con closet y baño, área de oficinas administrativas. Piso 2 - Colegio: Escalera interior, pasadizo de distribución, comedor, 2 servicios higiénicos, salón de 1er grado, salón 2do grado, salón 3er grado, escalera exterior, salón de 5to de secundaria y oficina de dirección. Piso 3 - Colegio: Escalera interior, salón de 4to grado, salón de 5to grado, salón de 6to grado, baños, oficina y almacén, escalera exterior, salón de imprenta y salón de 1ero de secundaria. Piso 4 - Colegio: Escalera interior, sala de computo, salón de 2do de secundaria, 3ero de secundaria, salón de 4to de secundaria, 3 baños, baño de docentes y oficina de dirección. Azotea - Colegio: Escalera interior, escalera exterior, salón de música, baño, depósito y patio. La infraestructura no sólo puede ser aplicable para colegio, también puede ser departamentos para alquilar, ya que por cada piso salen dos departamentos. Ideal para las personas que deseen invertir, y recibir mensualmente un alto sueldo ya que actualmente se encuentra en funcionamiento. Se vende la propiedad y la empresa en funcionamiento por $1'250, 000 papeles en regla y precio negociable!! Los interesados comunicarse con Rocío Calvo pn-3966 al 9. 9. 6. 3. 7. 3. 8. 5. 4.|https://urbania.pe/inmueble/clasificado/veclcain-venta-de-casa-en-la-huerta-rimac-5-a-mas-dormitorios-146208409?n_src=Listado&n_pills=Guardian%C3%ADa%2FSeguridad+privada&n_pg=1&n_pos=9|2026-02-01
urbania|casas|venta|Lima Centro|Rimac|"Antares - Urb Ventura Rossi
Ventura Rossi, Rímac"|S/ 834,250 · USD 235,000|834250|235000|||"297 m² tot.
9 dorm.
5 baños
1 estac."|297|9|5|1|Casa en Venta - Ubicada en una de las mejores zonas del Rímac ( Antares - Urb Ventura Rossi) -Casa Multifamiliar o para inversión Características: -at 190. 8Casa ubicada en zona cerrada con vigilancia las 24hrs del día con solo dos ingresos, la Urb cuenta con cámaras de vigilancia. Estás rodeada de dos parques internos y uno a las afueras del óvalo -Distribución: -1er pisos-Sala comedor amplia y bien iluminada -Tres dormitorios con vista exterior que comparten un baño completo -Cocina con muebles altos y bajos -Amplio Patio con parrilla artesanal que puede ser usado para reuniones -Área de lavandería -1 cochera *2do piso: 3 mini departamentos independientes con áreas de: - primer departamento: sala comedor, cocina cerrada, 1 baño, una habitacion-2do departamento: sala comedor dos habitaciones un baño -3er departamento: un ambiente, cocina cerrada, 1 baño. *3er piso: -2 habitaciones que pueden ser uso de alquiler -1 baño -Alrededores: -Kfc -Rustica -Rocky-Corralito -Tambo -Banco de la nación -Banco bcp -Pizza Raúl -Interbank -Plaza vea -Av. Cercanas -Av. Alcázar -Av. Tarapacá -La CapillaPara más información sobre esta propiedad, indícanos el código shoVer datos. Asesor asignado: Diana Chavez. Contáctanos vía WhatsApp o a través de nuestra página web.|https://urbania.pe/inmueble/clasificado/veclcain-venta-de-casa-en-ventura-rossi-rimac-5-a-mas-dormitorios-146561393?n_src=Listado&n_pills=Seguridad&n_pg=1&n_pos=10|2026-02-01
urbania|casas|venta|Lima Centro|San Luis|"Circunvalacion al 800
Jardines De Salamanca, San Luis"|S/ 1,819,796 · USD 539,999|1819796|539999|||"338 m² tot.
4 dorm.
2 baños
2 estac."|338|4|2|2|"Oportunidad de inversión para desarrolladores inmobiliarios| Zona estratégica y de alta Plusvalía en Surco. Área Total: 338 m² | Área Construida: 240 m² | Frente: 13. 88 ml | Fondo: 24. 40 ml. Características del inmueble: 1er Piso: - Patio con cochera amplia. - Mini dúplex independiente. - Recibidor + baño de visitas. - Sala comedor. -Cocina cerrada. - Patio posterior con lavandería. 2do Piso: -4 habitaciones amplias (principal con baño propio) -Sala de estar. -1 baño completo. Características de la Zona: - Zona de alto crecimiento inmobiliario (Parámetros de 10 pisos) - Fácil acceso a la Panamericana Sur. - Cerca a Casuarinas y Valle Hermoso, dos de las zonas más exclusivas de Surco. - A minutos del Puente Benavides, zona comercial de Valle Hermoso, supermercados, gimnasios, Clínicas y colegios de renombre. - A minutos de la Universidad Ricardo Palma, Parque de la Amistad y El Trigal"|https://urbania.pe/inmueble/clasificado/veclcain-venta-de-casa-en-jardines-de-salamanca-san-luis-4-dormitorios-148571096?n_src=Listado&n_pills=%C3%81rea+de+lavander%C3%ADa&n_pg=1&n_pos=1|2026-02-01
urbania|casas|venta|Lima Centro|San Luis|"CALLE ANDFRES COSTELLO
La Libertad, San Luis"|"S/ 1,769,000 · USD 509,999
20%"|1769000|509999|20%||"300 m² tot.
6 dorm.
2 baños
1 estac."|300|6|2|1|Casa centrica con vista en esquina en la zona de facil acceso A lineas de transporte. con cochera techada. 4 puertas de ingreso. ideal para proyecto multifamiliar|https://urbania.pe/inmueble/clasificado/veclcain-venta-de-casa-en-la-libertad-san-luis-5-a-mas-dormitorios-147495838?n_src=Listado&n_pills=%C3%81rea+de+lavander%C3%ADa&n_pg=1&n_pos=2|2026-02-01
urbania|casas|venta|Lima Centro|San Luis|"Alicante
San Luis, Lima"|S/ 2,311,400 · USD 635,000|2311400|635000|||"150 m² tot.
5 dorm.
6 baños
2 estac."|150|5|6|2|Venta de casa en jr. Alicante– san luis. precio: usd 635, 000 (negociable) Antigüedad 13 años. Diseñada para familias que buscan privacidad, confort y conexión bajo un mismo techo. Ubicación privilegiada: En Jr. Alicante a pocos metros de Av. Rosa Toro, con acceso inmediato a restaurantes, supermercados, bancos y vías principales de Lima. • Área de terreno: 150. 48 m² • Área construida: 360. 00 m² distribución: dúplex principal (1° Y 2° piso): • Primer piso: Sala de estar interna y externa, amplia sala-comedor con iluminación natural, cocina moderna con mobiliario superior e inferior, comedor diario para 6 personas, baño de visitas, lavandería independiente, terraza con zona bbq y 2 cocheras. • Segundo piso: Sala de estar familiar, 3 dormitorios principales, cada uno con baño privado y diseño orientado al máximo confort. Departamento independiente (3° piso): Incluye: • Sala-comedor con iluminación natural, cocina integrada con mamparas de vidrio. • 2 dormitorios espaciosos con baños privados. Azotea con potencial (4° piso): • Espacio de 51. 47 m² para ampliación (posibilidad de crear un tercer departamento o área de recreación). Acabados de alta gama: • Pisos de porcelanato y cerámica española. • Iluminación con tecnología dicroica. • Grifería europea de primera línea. • Muebles de cocina en granito natural y acabados en mármol.|https://urbania.pe/inmueble/clasificado/veclcain-venta-de-casa-en-san-luis-lima-5-a-mas-dormitorios-146627280?n_src=Listado&n_pills=%C3%81rea+de+lavander%C3%ADa&n_pg=1&n_pos=3|2026-02-01
urbania|casas|venta|Lima Centro|San Luis|"jirón surimana 248 san luis
Tupac Amaru, San Luis"|S/ 1,275,000 · USD 370,000|1275000|370000|||"263 m² tot.
12 dorm.
9 baños
1 estac."|263|12|9|1|- Casa en esquina con vista privilegiada y rodeada de áreas verdes, ideal para disfrutar con toda la familia. - Seguridad y tranquilidad en la zona. - 03 pisos y en buenas condiciones. - Área de terreno: 120 m2 / Área construida: 262. 5 m2. - Zonificación: Residencial de densidad media (rdm) permitido hasta 5 pisos, de acuerdo a certificado de parámetros. - 1er piso: -Tiene un ingreso independiente a los 3 niveles por la parte lateral. - En la parte delantera tiene 03 ambientes + 01 sshh los cuales pueden ser utilizados para un negocio (guardería, librería, etc). - En la parte posterior tiene 01 minidepartamento independiente + 01 patio y sshh. 2do piso: - 02 Minidepartamentos con vista al parque. - 02 Habitaciones amplias con sshh propio. 3er piso: - 06 Habitaciones + 03 sshh compartidos. Se incluye 01 cochera de 16m2. La casa tiene una ubicación estratégica ya que se encuentra muy cerca a la videna, a 10min del emporio de Gamarra, Mercado de frutas, entre otros. No dejes pasar esta oportunidad de vivir en un entorno agradable y seguro. ¡Contáctanos hoy mismo para más información y agendar una visita!|https://urbania.pe/inmueble/clasificado/veclcain-venta-de-casa-en-tupac-amaru-san-luis-5-a-mas-dormitorios-148560221?n_src=Listado&n_pills=Jard%C3%ADn&n_pg=1&n_pos=4|2026-02-01
urbania|casas|venta|Lima Centro|San Luis|"Los Jazmines, San Luis
San Luis, Lima"|S/ 1,088,000 · USD 319,900|1088000|319900|||"150 m² tot.
6 dorm.
5 baños
1 estac."|150|6|5|1|Vendo casa de 3 pisos en san luis – al costado del parqueexcelente oportunidad de adquirir una amplia casa ubicada en el Jr. Los Jazmines, al costado del Parque Augusto Salazar Bondy, en una zona residencial tranquila y de alta demanda. La propiedad se encuentra cerca al cruce de Av. Del Aire y Av. Rosa Toro, con excelente conectividad y acceso rápido a diferentes puntos de la ciudad, manteniendo la ventaja de estar en una calle interior, sin ruido ni congestión vehicular. Características destacadas: -Casa de 3 niveles-6 dormitorios-SalaComedor-Cocina en el primer piso-Kitchenette en segundo piso-Sala de estar en segundo piso-Jardín-Cochera-Área de servicio-Lavandería-Terraza-Tendal-BalcónIdeal para familia numerosa, uso multifamiliar o inversión, gracias a su distribución y ubicación privilegiada junto a área verde. Parque al costado, zona residencial y excelente conectividad.|https://urbania.pe/inmueble/clasificado/veclcain-venta-de-casa-en-san-luis-lima-5-a-mas-dormitorios-148747642?n_src=Listado&n_pills=%C3%81rea+de+lavander%C3%ADa&n_pg=1&n_pos=5|2026-02-01
urbania|casas|venta|Lima Centro|San Luis|"JR. BADAJOZ
Javier Prado Et.4, San Luis"|S/ 856,800 · USD 238,000|856800|238000|||"240 m² tot.
5 dorm.
3 baños
1 estac."|240|5|3|1|Magnifica ocasión, no paga cuota de mantenimiento!! Vendo magnífico departamento dúplex de 249 M2. área 1er. Piso: 138. 73, area 2do. Piso: 101. 85m2. en perfecto estado de conservación!! Vendo 1er. Y 2do. Piso de una casa de 5 pisos, departamento dúplex, tipo casa, entrada totalmente independiente, inmueble independizado, papeles en regla. Cuenta con amplios ambientes, muy iluminados Y ventilados: 4 dormitorios muy amplios - 2 dormitorios con baño propio. 1 cuarto tipo estudio. 3 baños completos. 1 baño de visita. distribución 1er. Piso: sala comedor con mampara de vidrio salida A la terraza Y jardin interior. Lindo bar de madera cedro. 1 oficina grande E iluminada. Cocina cerrada, encimera de marmol Y reposteros altos Y bajos. Lavandería con lavadero, conexión para lavadora. 2do. Piso: 4 dormitorios amplios, 2 de ellos con baño incorporado. 1 baño completo en pasillo para los otros dormitorios. Servicio de agua con medidor común, servicio de luz con medidor propio. Se encuentra ubicado cerca A la videna, A media cuadra de av. San luis Y av. Canada. * precio referencial en soles, sujeto al tipo de cambio|https://urbania.pe/inmueble/clasificado/veclcain-venta-de-casa-en-javier-prado-et4-san-luis-5-a-mas-dormitorios-66810708?n_src=Listado&n_pills=Jard%C3%ADn&n_pg=1&n_pos=6|2026-02-01
