fuente|inmueble|operacion|zona|distrito|direccion|precio|soles|dolares|variacion|mantenimiento|caracteristica|area|dormitorio|baños|estacionamientos|detalle|enlace|fecha
adondevivir|departamentos|alquiler|Lima Este|Ate Vitarte|"Calle Bilbao 199
Mayorazgo, Ate Vitarte"|S/ 2,000 · USD 600|2000|600||260|"70 m² tot.
3 dorm.
2 baños"|70|3|2||Propietario alquila departamento muy bien iluminado, en el séptimo piso de Edificio Multifamiliar. Cocina con reposteros, campana extractora, cocina a gas. Incluye zona de lavandería. Dormitorio principal con baño incorporado y closet. Segundo y Tercer dormitorios con closet c/u, 01 Baño completo. El precio del alquiler incluye Conexión a Wi-Fi, ideal para teletrabajo. Áreas comunes: área de parrilla. Ubicado en la esquina de Calle Bilbao y Calle Guadalajara, muy céntrico, cerca a Supermercados, Restaurantes, Universidades, Colegios, Centros Comerciales y avenidas principales como Javier Prado, Huarochiri y Av. La Molina. Zona segura y vigilancia todo el día (24/7). Condiciones: 2 meses de garantía y 1 mes de adelanto. Precio a tratar.|https://www.adondevivir.com/propiedades/clasificado/alclappa-departamento-cerca-de-la-av-javier-prado-entre-ate-y-61635438.html?n_src=Listado&n_pills=Cerca+a+colegios&n_pg=1&n_pos=1|2026-02-23
adondevivir|departamentos|alquiler|Lima Este|Ate Vitarte|"Londres 124 al 100
Ate Vitarte, Lima"|S/ 1,600|1600||||"95 m² tot.
2 dorm.
2 baños"|95|2|2||Contacto: doris guevaracel: 9*6*6*6*5*6*5*9*9A pasos del Centro Comercial PuruchucoArea Construida 94. 20 m2 4to piso 2 dormitorios2 bañosUbicado en 4to piso, con escaleras cómodas y descansadas. Este departamento ofrece ambientes funcionales, ventilación e iluminación natural acceso inmediato a avenidas principales como Nicolás Ayllón, Carretera Central, Londres, C. 12Estarás cerca de centros Comercial Puruchuco, Metro, Educativos, Plaza Josfel, Corte Superior de Justicia Lima Este, Hipermercado Cerámico, Grifo Primaxcaracteristicas- Área total: 94. 20 m²- Sala - comedor amplia. - Cocina kitchenette por implementar. - 2 dormitorios. - Área de lavandería por implementar. - Área de tendal en la azotea. - Modalidad: 2 x 1- Contrato mínimo: 1 año ¡Una oportunidad única para alquilar un departamento con vista externa, bien distribuido y con ubicación comercial estratégica!.? Contactanos para mas informacion y agenda tu visita hoy mismocontacto: doris guevaracel: 9*6*6*6*5*6*5*9*9id: 1*1*6*7*9*5*5|https://www.adondevivir.com/propiedades/clasificado/alclapin-alquiler-de-departamento-en-ate-vitarte-148617424.html?n_src=Listado&n_pills=%C3%81rea+de+lavander%C3%ADa&n_pg=1&n_pos=2|2026-02-23
adondevivir|departamentos|alquiler|Lima Este|Ate Vitarte|"Calle Helsinki 8646
Ate Vitarte, Lima"|S/ 1,400|1400|||1|"65 m² tot.
1 dorm.
1 baño"|65|1|||Alquilo amplio Departamento moderno de 1 dormitorio frente al centro comercial Real Plaza Puruchuco. Departamento ubicado en 4. º piso, con vista a la calle y a Puruchuco, que destaca por su amplitud, buena distribución y acabados modernos. Dispone de una sala amplia y bien iluminada, ideal para un ambiente cómodo y funcional. La cocina de tamaño mediano cuenta con reposteros bajos, pensada para un uso práctico. El dormitorio principal es muy espacioso, con excelente iluminación natural y vista a la calle. Incluye mueble empotrado para tv y un walking clóset amplio, equipado con zapateras, cajoneras y espacios ideales para organizar ropa, vestidos, joyas y accesorios personales. El baño moderno y sofisticado cuenta con lavatorio de mármol, iluminación natural, terma eléctrica y un diseño cómodo y elegante. Condiciones del alquiler: - Precio: S/ 1, 400 mensuales. - Luz: consumo independiente. - Agua: S/ 25 por persona. Condicion: 2 x 1. No mascotas. No extranjeros. Excelente opción para quienes buscan confort, estilo y buena ubicación. Contacto luis de la cruz. 9. 6. 6. 3. 8. 2. 1. 6. 4.|https://www.adondevivir.com/propiedades/clasificado/alclapin-alquilo-departamento-frente-a-real-plaza-puruchuco-148706885.html?n_src=Listado&n_pg=1&n_pos=3|2026-02-23
adondevivir|departamentos|alquiler|Lima Este|Ate Vitarte|"Residencial Las Torres De Santa Clara Ate
Ate Vitarte, Lima"|S/ 1,300 · USD 386|1300|386||95|"70 m² tot.
3 dorm.
2 baños"|70|3|2||"Contacto: Mariela Grandez 9. 8. 3. 3. 2. 5. 4. 6. 4. ¡alquila tu nuevo hogar en las torres de santa clara – ate! S/ 1, 300 mensuales | ¡Mascota pequeña bienvenida! Vive con comodidad, seguridad y una excelente distribución en este departamento de 70 m², ubicado en cuarto piso con ascensor y vista externa, perfecto para disfrutar de buena iluminación y ventilación natural ️️ Características que te encantarán: ️ 3 dormitorios amplios. 2 baños completos. ️ Dormitorio principal con baño privado. ️ Los otros 2 dormitorios comparten un baño. Cocina con gas Cálidda. 2 puntos de gas: cocina y terma. Agua caliente y fría todo el día. Medidor de agua independiente (¡pagas solo lo que consumes!) Espacio para lavandería. Edificio con ascensor. Vista externa que le da mayor amplitud y luz natural. Condiciones: 2x1 (2 meses de garantía + 1 de adelanto) Mantenimiento S/. 95. 00 más consumo de agua. Opcional alquiler de cochera S/. 120. 00 mensual. Este departamento es ideal para familias, parejas o profesionales que buscan comodidad, buena ubicación y un precio competitivo. ¡Agenda tu visita hoy mismo y no dejes pasar esta oportunidad! Tu nuevo hogar te está esperando"|https://www.adondevivir.com/propiedades/clasificado/alclapin-se-alquila-departamento-en-las-torres-de-santa-clara-148884182.html?n_src=Listado&n_pills=Ascensor&n_pg=1&n_pos=4|2026-02-23
adondevivir|departamentos|alquiler|Lima Este|Ate Vitarte|"Prolongacion Javier Prado por el moll
Los Portales De Ate, Ate Vitarte"|S/ 1,800 · USD 580|1800|580|||"99 m² tot.
3 dorm.
2 baños"|99|3|2||Alquilo dpto 2do piso Ate Los Portales de Javier Prado. Cerca a Real Plaza Puruchuco y avenida Prolongación Javier Prado, 2do Piso Ideal iluminado ventilado, 93 metros aproximadamente. - Sala y comedor. - La cocina equipada con campana y extractora y muebles reposteros mesa de granito. - 3 Habitaciones amplias. - La Habitación principal es amplio con closet grande. Tiene baño propio. - 2 Baños completos en total. - - Lavandería. Cuenta con espacio para una lavadora o lavaseca y tendal. - Terma que alimenta a todo el departamento. Limpieza del edificio: Cuenta con Gas cálida. * condiciones: - Contrato por un año. - Contar con buen perfil crediticio. - Demostrar sustento económico: 3 últimas boletas de pago. Recibos / facturas. precio de alquiler S/. 1, 800 negociable!! Modalidad: 1 de garantia x 1 de adelanto.|https://www.adondevivir.com/propiedades/clasificado/alclapin-deparatmento-xprolongacion-j.-prado-y-moll-en-148991074.html?n_src=Listado&n_pills=Seguridad&n_pg=1&n_pos=5|2026-02-23
adondevivir|departamentos|alquiler|Lima Este|Ate Vitarte|"Calle Badajoz
Mayorazgo, Ate Vitarte"|S/ 2,200 · USD 650|2200|650|||"90 m² tot.
3 dorm.
2 baños
1 estac."|90|3|2|1|Departamento nuevo: Excelente Departamento con ambientes completamente iluminados, vista externa con 2 frentes, super moderno, vista a la calle, todos los cuartos tienen closet, el ambiente de la cocina viene completamente amoblada con cocina, campana y reposteros modernos, todos los pisos son de porcelanato claro y cada departamento tiene su cochera automática propia. El cuarto principal es una suit amplia y completa ya que tiene su baño propio y 2 closets, una para ropa normal y otra de ropas blancas. Departamento con ascensor amplio. Zona muy Segura, cercada y con Seguridad las 24 horas del día y cámaras de Seguridad instaladas en los departamentos. Teléfono de contacto: 9. 5. 2. 3. 7. 1. 9. 4. 3. Referencia: Universidad Pre de Lima|https://www.adondevivir.com/propiedades/clasificado/alclapin-alquiler-de-departamento-en-mayorazgo-143733446.html?n_src=Listado&n_pills=Ascensor&n_pg=1&n_pos=6|2026-02-23
adondevivir|departamentos|alquiler|Lima Este|Ate Vitarte|"Calle Leon Cdra 1 Urb. Mayorazgo
Mayorazgo, Ate Vitarte"|S/ 1,900|1900||||"65 m² tot.
2 dorm.
2 baños"|65|2|2||Contacto: Karina Carbajal 9 9 6 8 4 7 8 6 1 Se alquila amplio y funcional departamento ubicado en el 3er piso de una vivienda familiar, en Urb. Mayorazgo, zona residencial tranquila y bien conectada. La propiedad ofrece una distribución cómoda y versátil: * 2 dormitorios amplios + 1 cuarto de estudio, home office o dormitorio pequeñoDormitorio principal con baño privado y walking closet* Baño completo adicional* Cocina tipo americana con muebles altos y bajos y encimera de granito* Terraza con vista a la calle, agradable para descanso o reuniones pequeñas. * Área de lavandería común en el 4to pisoPor ser una vivienda familiar, no cuenta con ascensor, sin embargo tiene acceso independiente. El departamento es ideal para quienes deseen sentirse seguros y acompañados, como estudiantes, roomates, parejas, familias pequeñas, o profesionales. Ubicación estratégica en el cruce de Av. Huarochirí con Los Constructores, a pocos minutos de Av. Javier Prado, con fácil acceso a transporte, parques, colegios, centros comerciales, oficinas corporativas y servicios (cerca a Pre-Lima y oficina principal bcp). Condiciones: 2 meses de garantía y 1 mes de adelanto (2x1) No se aceptan mascotasNo incluye estacionamientoUna excelente alternativa para quienes buscan amplitud, buena ubicación y un entorno residencial consolidado. *nota: disponible A partir de quincena de marzo|https://www.adondevivir.com/propiedades/clasificado/alclapin-alquiler-de-departamento-3er-piso-mayorazgo-148942374.html?n_src=Listado&n_pills=%C3%81rea+de+lavander%C3%ADa&n_pg=1&n_pos=7|2026-02-23
adondevivir|departamentos|alquiler|Lima Este|Ate Vitarte|"Begonias ate
Ate Vitarte, Lima"|S/ 1,300 · USD 388|1300|388||50|"55 m² tot.
1 dorm.
1 baño"|55|1|||Dali Tafur 9-6-0-9-6-6-7-3-1 Departamento de Estreno en Ate Vitarte – Estilo Americano Se alquila moderno departamento de 55 m², estilo americano, ubicado en el 4to piso, a pocos pasos de la Plaza de Ate, en una zona muy tranquila, segura y privada. Sala – cocina – comedor integrados Área de lavandería Opción de adaptar 1 o 2 dormitorios según necesidad Solo 2 departamentos por piso Disponibles con vista interior o vista exterior Entrada independiente Escaleras descansadas Área compartida de lavandería o tendal Departamento de estreno? Alquiler: S/ 1, 300? Incluye servicios? Excelente ubicación: cerca a comercios, transporte y todo lo que necesitas, sin perder privacidad y tranquilidad.? No se aceptan mascotas? Requisitos: sustento de ingresos y buen reporte en central de riesgos? Contáctanos y agenda tu visita hoy mismo|https://www.adondevivir.com/propiedades/clasificado/alclapin-departamentos-mono-hanbientes-estilo-americano-en-ate-148514341.html?n_src=Listado&n_pills=%C3%81rea+de+lavander%C3%ADa&n_pg=1&n_pos=8|2026-02-23
adondevivir|departamentos|alquiler|Lima Este|Ate Vitarte|"av. Paracas Cuadra 9 con Cruce de Calle Abetos
Ate Vitarte, Lima"|S/ 550 · USD 149|550|149|||"20 m² tot.
1 dorm.
1 baño"|20|1|||Habitacion para una sola persona -se encuentra en zona centrica de salamanca, cuenta con area de cocina Y lanvanderia comun, camaras de seguridad-monitoriando las 24H, muy cerca A las av. principales via evitamiento Y javier prado, A 5 minutos del jockey plaza. -incluye en el precio la luz, agua, mantenimiento Y wifi. -no se aceptan mascotas-1 mes de garantia Y 1 mes de adelanto T. C. 3. 50Tipo de cambio referencial, sujeto a variación diaria por fluctuación del mercado|https://www.adondevivir.com/propiedades/clasificado/alclapin-se-alquila-habitacion-de-estreno-con-bano-incorporado-146305602.html?n_src=Listado&n_pg=1&n_pos=9|2026-02-23
adondevivir|departamentos|alquiler|Lima Este|Ate Vitarte|"Asoc. El Olivar Mz J Lt 14
Ate Vitarte, Lima"|S/ 1,000|1000|||30|"70 m² tot.
3 dorm.
1 baño"|70|3|||Contacto: 9*4*3*7*7*6*6*2*8* laura risco-agente inmobiliariaalquiler de departamento de 3 hab en tercer piso A pocas cuadras de ctra. Central (altura idat sede ate) Y el complejo deportivo ollantaytambo – ate¿Estás buscando el departamento con la mejor ubicación? ¡Tenemos la solución perfecta para ti! ubicación: - Asoc. El Olivar de Vitarte Mz J Lt 14- Colindante con Calle El Trabajo-A 3 cuadras de Senasa – Sede Ate-A 1 cuadra del parque Primero de Enerodistribución: -3 habitaciones- Sala comedor-Cocina-Lavandería -1 baño-Tendal en azoteacaracterísticas: -Tercer piso-Vista interna-Acceso con escaleras-No tiene estacionamiento -No tiene gas Caliddaprecio: -Renta: S/. 1, 000 soles-Mantenimiento: S/. 30 soles- Luz: Según consumo. - Agua: Según prorrateo. -Arbitrios: S/. 16 solescondiciones: -Dos meses de garantía y 1 mes de adelanto (2x1) -Contrato anual-No estar reportado en Infocorp-Sustento de ingresos de los 3 últimos meses-Antecedentes penalescontacto: 9*4*3*7*7*6*6*2*8* laura risco-agente inmobiliaria|https://www.adondevivir.com/propiedades/clasificado/alclapin-alquiler-de-departamento-de-3-hab-en-tercer-piso-a-147248766.html?n_src=Listado&n_pills=%C3%81rea+de+lavander%C3%ADa&n_pg=1&n_pos=10|2026-02-23
adondevivir|departamentos|alquiler|Lima Este|Ate Vitarte|"Av Circunvalacion Salamanca
Ate Vitarte, Lima"|S/ 2,000 · USD 112,000|2000|112000||280|"63 m² tot.
2 dorm.
2 baños"|63|2|2||Alquiler o Venta de acogedor dpto. Cuenta con muy buena distribución y acabados. Áreas comunes para propietarios: Terraza con parrilla, área de Gimnasio, estacionamiento para bicicletas. A 5 minutos del Jockey Plaza, cerca a colegios, universidades, bancos, clínicas, etc. Cocina integrada a sala comedor tipo kitchenette equipada. Área de estacionamientos para bicicletas. Vidrios de Fachada con aislamiento Acústico. Cerca a avenidas principales, colegios, universidades y cc Comerciales importantes. Frente a la facultad de medicina veterinaria de unmsm. Descripción: Departamento N*203. Área 63. 00m2.. _Por el frente colinda con la avenida circunvalación cruce con Javier prado.. -La entrada al edifico es las calles las fucsias 108.. -Sala y comedor. -1habitacion principal grande closet y con baño completo.. -2 habitación pequeña con closett.. -Baño de visitas completo.. -Cocina kitchenette amoblada reposteros altos y bajos de melamine tablero de granito.. -Refrigeradora.. -1 lavandería.. -Patio aires libre.. -Balcón vista a la calle. Mantenimiento. S/. 280. 00. Precio Venta. us$ 112, 000. 00. Ubicación. Av. Circunvalación 2935. Salamanca. *Las medidas del anuncio son referenciales*|https://www.adondevivir.com/propiedades/clasificado/veclapin-alquiler-venta-de-ocasion-dpto.-semi-nuevo-salamanca-146312486.html?n_src=Listado&n_pills=Cerca+a+colegios&n_pg=1&n_pos=11|2026-02-23
adondevivir|departamentos|alquiler|Lima Este|Ate Vitarte|"Departamento en Alquiler Condominio Jardines de Santa Clara
Santa Clara, Ate Vitarte"|S/ 1,000|1000|||120|"55 m² tot.
3 dorm.
1 baño"|55|3|||"*¡tu nuevo hogar te espera en condominio jardines de santa clara - ate*Se alquila hermoso departamento en el 8º piso, ideal para quienes buscan comodidad, vistas despejadas y excelente ubicación detrás del Real Plaza de Santa Clara, a 2 cuadras de la Carretera Central y cerca de la Av. Ramiro Prialé, Restaurantes, Bancos, Mercado, La Comisaria, entre otros que le hacen la Vida más fácil. Área: 55m2Ambientes: 3 dormitorios | Sala–comedor con pisos de vinílico | 1 baño completo y therma | Cocina y lavandería integradaBalcón con vista abierta – Ideal para disfrutar del atardecer8º piso – Luminoso y ventilado todo el díaEdificio con ascensorSeguridad y acceso controladoEspacios comunes en excelente estado como zona de lavandería, zona de parrilla, cine, sala de internet, pequeña capilla, gimnasio, bodega. No aceptan mascotasNo cuenta con gas cálidaNo tiene cochera, pero alquilan en el condominio Ideal para tu familiaCercano a transporte público, supermercados, universidades y másValor: S/1, 000Mantenimiento: S/120. 00 aprox. + servicios Contáctanos para más información o agendar una visita hoy¡! R. U. C Ver datos"|https://www.adondevivir.com/propiedades/clasificado/alclapin-alquilo-departamento-en-en-condominio-jardines-de-148982231.html?n_src=Listado&n_pills=Parrilla&n_pg=1&n_pos=12|2026-02-23
adondevivir|departamentos|alquiler|Lima Este|Ate Vitarte|"Calle
Santa Raquel, Ate Vitarte"|S/ 1,300|1300||||"70 m² tot.
2 dorm.
1 baño"|70|2|||Dpto Sta Raquel Ate 02 Dor + 01 Baño. Dpto en Sta Raquel Ate de 70 m2 en segundo piso en S/1300, 01 mes de adelanto y 01 mes de Garantia. Consta de 02 Dormitorios, sala, comedor, 01 baño con ducha y terma, cocina amoblada con reposteros. Las condiciones son: No niños pequeños, no mascotas. Servicios segun su consumo.|https://www.adondevivir.com/propiedades/clasificado/alclapin-alquilo-dpto-sta-raquel-ate-1-300-2do-piso-citas-143465377.html?n_src=Listado&n_pills=Cerca+a+colegios&n_pg=1&n_pos=13|2026-02-23
adondevivir|departamentos|alquiler|Lima Este|Ate Vitarte|"calle oviedo
Mayorazgo, Ate Vitarte"|S/ 1,900 · USD 564|1900|564|||"113 m² tot.
2 dorm.
1 baño"|113|2|||¡Vive con comodidad y tranquilidad todos los días! Alquila este acogedor departamento de 2 dormitorios ️️, diseñado para brindarte bienestar, funcionalidad y una excelente distribución en cada espacio. Ubicado en primer piso, ideal para quienes valoran la accesibilidad y practicidad, sin perder privacidad. -1 baño completo. -Cocina funcional. -Lavandería equipada con tendal. -Área libre posterior que garantiza excelente iluminación y ventilación natural️ -Ambientes amplios y bien distribuidos. Cada metro cuadrado está pensado para adaptarse a tu estilo de vida y hacer tu día a día más cómodo. Precio de alquiler: S/. 1, 900 (Incluye agua y mantenimiento ️) Contáctanos hoy mismo: Ver datos. Ver datos. servicios E inversiones arqmak S. A. C. Ruc: Ver datos. Haz de este espacio tu próximo hogar|https://www.adondevivir.com/propiedades/clasificado/alclapin-departamento-en-primer-piso-mayorazgo-ate-limite-146160576.html?n_src=Listado&n_pills=Cerca+a+colegios&n_pg=1&n_pos=14|2026-02-23
adondevivir|departamentos|alquiler|Lima Este|Ate Vitarte|"Gibson 109
Ate Vitarte, Lima"|S/ 650 · USD 185|650|185|||"18 m² tot.
1 dorm.
1 baño"|18|1|||Se alquila habitación para universitarios o trabajador de la zona, zona céntrica y muy cerca de av. Principales como vía. Evitamiento y la Javier prado. La casa cuenta con un ingreso totalmente independiente y cámaras de seguridad en el ingreso y areas comunes. Condiciones: -1 año de contrato-1 de garantía mas 1 mes de adelanto-Sustento de ingresos mas infocorpT. C. 3. 50Tipo de cambio referencial, sujeto a variación diaria por fluctuación del mercado|https://www.adondevivir.com/propiedades/clasificado/alclapin-se-alquila-habitacion-para-universitarios-148041716.html?n_src=Listado&n_pg=1&n_pos=15|2026-02-23
adondevivir|departamentos|alquiler|Lima Este|Ate Vitarte|"Calle Navarra
Ate Vitarte, Lima"|S/ 2,000|2000||||"120 m² tot.
4 dorm.
2 baños
1 estac."|120|4|2|1|Se alquila funcional departamento de 120 m2 con 3 a 4 habitaciones. ubicado en el 3er piso con escaleras y con entrada independiente. sala comedor, 2 baños, cocina y lavandería con cuarto y baño de servicio. Alquiler del Departamento: S/2. 000. Alquiler de cochera paralela: S/200. servicios: Agua y Luz paga según su consumo. Arbitrios según cartilla. Seguridad: S/50. Sustento de ingresos demostrables. Buen reporte crediticio. Sin antecedentes. Referencias.|https://www.adondevivir.com/propiedades/clasificado/alclapin-alquilo-funcional-departamento-de-3-hab.-120-m-sup2-148968132.html?n_src=Listado&n_pills=Cerca+a+colegios&n_pg=1&n_pos=16|2026-02-23
adondevivir|departamentos|alquiler|Lima Este|Ate Vitarte|"Urquillos 165, Ate
Ate Vitarte, Lima"|S/ 1,800|1800||||"122 m² tot.
2 dorm.
2 baños"|122|2|2||Alquiler de departamento dentro de casa en segundo piso C/balcón frente A parqueamplio departamento en segundo piso, frente a parque 27 de Abril, con excelente ubicación a pocos minutos del Ovalo Santa Anita con Av. La Molina. El departamento presenta la siguiente distribución: dormitorio con clóset, sala-comedor con balcón vista al parque, terraza, 2 baños completos, dormitorio con espacio para clóset, cocina con lavandería. area=122. 40m2requisitos para alquiler. Sustentos de ingresos ( boletas de pago, recibos por honorarios, Pdt u otros). Dni o documentos de identidad de las personas que firmarían el contrato.. No estar reportados negativamente en centrales de riesgo Infocorp o Sentinel. condiciones. 2 meses de garantía por uno de adelanto.. Contrato mínimo de un año.. El departamento paga arbitriosSe permite una mascota adulta, acostumbrada a hacer sus necesidades fuera del departamento. Agenda ya tu visita! ruc Ver datos|https://www.adondevivir.com/propiedades/clasificado/alclapin-alquiler-de-departamento-en-2do-piso-calle-urquillos-148863249.html?n_src=Listado&n_pills=%C3%81rea+de+lavander%C3%ADa&n_pg=1&n_pos=17|2026-02-23
adondevivir|departamentos|alquiler|Lima Este|Ate Vitarte|"Av. las Torres 316
Ate Vitarte, Lima"|S/ 1,100|1100|||120|"68 m² tot.
3 dorm.
2 baños"|68|3|2||Alquilo lindo departamento en 3er piso en Condominio Prados del Sol en Av Las Torres Huachipa - Ate frente al Zoológico de Huachipa, a 1 cuadra de la Carretera Central y de la Av. Ramiro Priale, el departamento está en buenos acabados, excelente iluminación y ventilación, consta de: Sala Comedor con balcón y mampara, Cocina cerrada con reposteros altos y bajos y lavandería, 3 dormitorios, principal con baño y un bño más adicional. Condominio con 3 puertas de acceso con caseta de seguridad las 24 horas. Mantenimiento 120soles incluye consumo de agua, seguridad. Luz medidor independiente. Therma instalada. Condicuones: 1mes adelanto y 2 meses de garantía. Se solicitan sustentar ingresos, no estar en Infocorp. No se aceptan mascotas.|https://www.adondevivir.com/propiedades/clasificado/alclapin-alquilo-departamento-en-condominio-huachipa-ate-149036905.html?n_src=Listado&n_pills=%C3%81rea+de+lavander%C3%ADa&n_pg=1&n_pos=18|2026-02-23
adondevivir|departamentos|alquiler|Lima Este|Ate Vitarte|"Fucsias 128
Ate Vitarte, Lima"|S/ 1,800|1800|||160|"45 m² tot.
1 dorm.
1 baño"|45|1|||Departamento amoblado y equipado en alquiler en Ate Vitarte. Cuenta con 1 recámara con clóset, 1 baño, sala y comedor, y cocina integral. Ubicado en el piso 5 de un edificio de 7 pisos con ascensor y guardianía/seguridad privada. Permite mascotas e incluye intercomunicador. Cercano a centros comerciales y escuelas. La zona de Ate Vitarte ofrece acceso a diversos servicios y comercios, facilitando la vida diaria. El área es principalmente residencial, con un ambiente familiar y acceso a transporte público. Encontrarás supermercados, mercados locales y farmacias en las cercanías. Además, hay parques y espacios verdes para recreación, así como centros educativos para todas las edades. Ubicado en el 5to piso. 45 mts2. 1 habitación. 1 baño completo. (gas natural calida) Sala comedor️ Kitchen abierto. Zona de lavandería con tendal en el kitchen. Todo el departamento es bien iluminado. - vista interna. Se entrega pintado. Ubicación privilegiada: A 3 cuadras del Vea de Salamanca. A 1 cuadra de parque. A media cuadra de av circunvalación. Precio. 1800 Soles. Incluye el pago del impuesto a la renta (sunat) a favor del inquilino. Amoblado y equipado: Cocina empotrada. Horno empotrado. Campana decorativa. Lavadora. Tendal. Refrigeradora. Microondas. Ollas. Escurridor de platos. Cama y colchon. Ropero (si desea se retira) Sillon. Mesita de comedor. Escritorio (si desea se retira) Rack (no se entrega tv) Planchador (no incluye plancha) Contactos para más información y reservas. 976. 026. 264. Condiciones de alquiler: Contrato mínimo 1 año, renovable. 2 meses de garantía y 1 mes de adelanto. Petfriendly. Pedimos sustento de ingresos econonicos. Boletas de pago (3 ultimos meses) Recibos por honorarios de los ultimos 6 meses) Eso es para la precalificacion y para agendar visita. Posteriormente, para la firma, necesito su reporte central de riesgos y antecedentes penales y policiales|https://www.adondevivir.com/propiedades/clasificado/alclapin-alquilo-departamento-amoblado-y-equipado-de-1-148838075.html?n_src=Listado&n_pills=%C3%81rea+de+lavander%C3%ADa&n_pg=1&n_pos=19|2026-02-23
adondevivir|departamentos|alquiler|Lima Este|Ate Vitarte|"De la Unión 303
27 De Abril, Ate Vitarte"|S/ 2,650 · USD 728|2650|728||150|"160 m² tot.
3 dorm.
1 baño"|160|3|||Se alquila departamento triplex remodelado (en tercer, cuarto y quinto nivel) en el distrito de Ate Vitarte (cerca al óvalo Santa Anita). Área: 160 m2. primer nivel: Sala Comedor. Cocina amplia (con reposteros altos y bajos) Baño de visitas. segundo nivel: Un dormitorio principal amplio. Dos dormitorios secundarios. Un baño completo para compartir. tercer nivel: Azotea con depósito y área lavandería y tendales. mensualidad: 2650 soles (modalidad 2x1) Incluye 150 soles de mantenimiento (limpieza y luz de áreas comunes). Datos adicionales: El departamento cuenta con gas natural. Los consumos de agua y luz del departamento son pagados por el inquilino. Sí se aceptan mascotas. El edificio se ubica cerca al ovalo Santa Anita, mercado, centros comerciales y a 3 cuadras del Metro.|https://www.adondevivir.com/propiedades/clasificado/alclapin-triplex-en-tercer-cuarto-y-quinto-piso-ate-cerca-146077408.html?n_src=Listado&n_pills=%C3%81rea+de+lavander%C3%ADa&n_pg=1&n_pos=20|2026-02-23
adondevivir|departamentos|alquiler|Lima Este|Ate Vitarte|"Av. Asturias - Mayorazgo
Mayorazgo Etapa Iii, Ate Vitarte"|S/ 1,700 · USD 507|1700|507|||"94 m² tot.
2 dorm.
2 baños"|94|2|2||"Departamento en alquiler en Ate – Urb. Mayorazgo94 m² | Piso 12 dormitorios – principal con baño2 bañosSala y comedor muy amplios y ventiladosLavanderíaPatioDepósitoEdificio de solo 2 departamentos, mayor privacidad y tranquilidad. Frente a parque y cerca de áreas verdes. A solo 2 minutos del Real Plaza Puruchuco, con fácil acceso a comercios y servicios. Precio: S/1, 700Escríbenos para más información o agendar una visita."|https://www.adondevivir.com/propiedades/clasificado/alclapin-alquiler-de-departamento-en-mayorazgo-ate-148989511.html?n_src=Listado&n_pills=%C3%81rea+de+lavander%C3%ADa&n_pg=1&n_pos=21|2026-02-23
adondevivir|departamentos|alquiler|Lima Este|Ate Vitarte|"Calle LAS Fresas al 200
Ceres, Ate Vitarte"|S/ 2,000|2000||||"62 m² tot.
2 dorm.
1 baño"|62|2|||"Inversión – oferta insuperable | departamento de estreno en ate A S/ 240, 000 soles – Urb. Ceres | 4to y 5to piso | Vista externa | Frente a parquepaga impuesto de alcabalasi buscas seguridad, buena distribución y una vista privilegiada, este depa es para ti. Vive con la tranquilidad de estar en zona enrejada, con cámaras y intercomunicador, además de acabados modernos y ambientes súper iluminados. fotos son referenciales, el proyecto se encuentra en acabados, puedes agendar visita! Características destacadas: area: 62m2 Sala amplia con balcón y vista al Parque Fresón2 dormitorios amplios1 baño con mesada de mármolCocina tipo americana con muebles y mesada de granitoAgua fría y calientePiso de mayólica de alto tránsitoVista externa (más luz y ventilación) no cuenta con ascensor no cuenta con cochera! Seguridad y control: Zona enrejada (más tranquilidad y acceso controlado) Cámaras de vigilanciaIntercomunicadorAhorro y comodidad: Medidor independiente (pagas lo que consumes) Tendal en el 7mo pisoTerraza (ideal para disfrutar al aire libre) Referencia: cerca a la carnicería El Chuletón – Urb. Ceres, Ate ¡confianza total! Ubícanos en nuestra página web oficina Centro empresarial Link Tower – Manuel Olguin 335- Oficina 1203 - Urb los Granados - Santiago de Surco"|https://www.adondevivir.com/propiedades/clasificado/alclapin-departmento-en-ate-frente-a-parque!-4to-y-5to-piso-148900282.html?n_src=Listado&n_pg=1&n_pos=22|2026-02-23
adondevivir|departamentos|alquiler|Lima Este|Ate Vitarte|"Calle Nevado de Huandoy
Ate Vitarte, Lima"|S/ 1,600 · USD 457|1600|457|||"60 m² tot.
2 dorm.
2 baños"|60|2|2||Alquiler de Departamento en Residencial Alpamayo – Zona Segura y Tranquila. Ubicación privilegiada: La Residencial Alpamayo cuenta con dos ingresos: Puerta 1: Recta del Colegio Alpamayo, entrando por el óvalo de frente. Puerta 3: Acceso por la Esplanada del Monumental. Características principales: Área: 60 m² Piso: 2do piso (solo 2 departamentos por piso) Medidor de luz y contómetro independiente. Distribución: Sala – Comedor. Kitchenet. 2 dormitorios. 1 baño completo. 1 baño de visita. Lavandería en el departamento. Tendal en azotea. Condiciones: Alquiler: S/ 1, 600. No se aceptan mascotas. Requisitos: 2 meses de garantía + 1 mes de adelanto. Estar bien en Infocorp. Sustento de ingresos. Contrato mínimo de 1 año. ¿Tienes una propiedad y deseas ponerla en venta o alquiler? Te acompañamos con una gestión profesional, segura y eficiente. Escríbenos al ９９３-９４９-４３１|https://www.adondevivir.com/propiedades/clasificado/alclapin-alquiler-departamento-en-ate-limite-con-la-molina-147723602.html?n_src=Listado&n_pills=%C3%81rea+de+lavander%C3%ADa&n_pg=1&n_pos=23|2026-02-23
adondevivir|departamentos|alquiler|Lima Este|Ate Vitarte|"Calle monte blanco Mz.O Lt 32
Portales De J.prado, Ate Vitarte"|S/ 1,800 · USD 529|1800|529||100|"90 m² tot.
2 dorm.
2 baños"|90|2|2||Ate cerca del colegio Alpamayo. La urbanización Alpamayo es muy segura tiene entrada por detrás del colegio Alpamayo y hay otra puerta por la explanada del estadio de U. Se alquila o se vende. 2 dorm 2 baños, sala comedor con vista a parque, con balcón, con piso de fina madera. En edificio de 5 pisos sin ascensor. 1 dpto x piso, el dpto esta en 5o piso. Sin cochera. oportunidad! Venta $85, 000 negociable. Alquiler $1, 800. mayores informes 9. 5. 2. 0. 1. 8. 5. 8. 2|https://www.adondevivir.com/propiedades/clasificado/alclapin-ate-alquilo-o-vendo-bello-departamento-90-m-sup2--de-2-142569633.html?n_src=Listado&n_pills=%C3%81rea+de+lavander%C3%ADa&n_pg=1&n_pos=24|2026-02-23
adondevivir|departamentos|alquiler|Lima Este|Ate Vitarte|"De la Unión 303
27 De Abril, Ate Vitarte"|S/ 1,300 · USD 358|1300|358||100|"60 m² tot.
1 dorm.
1 baño"|60|1|||Se alquila mini departamento en tercer piso de edificio ubicado en el distrito de Ate Vitarte (cerca al óvalo Santa Anita). Área: 60 m2. Sala comedor. Cocina con reposteros altos y bajos. Un dormitorio. Un baño completo. mensualidad: 1300 soles (modalidad 2x1) Incluye 100 soles de mantenimiento (limpieza y luz de áreas comunes). Datos adicionales: El departamento cuenta con gas natural. Los consumos de agua y luz del departamento son pagados por el inquilino. Sí se aceptan mascotas. El edificio se ubica cerca al ovalo Santa Anita, mercado, centros comerciales y a 3 cuadras del Metro.|https://www.adondevivir.com/propiedades/clasificado/alclapin-minidepartamento-de-un-dorm.-en-tercer-piso-ate-146077574.html?n_src=Listado&n_pg=1&n_pos=25|2026-02-23
adondevivir|departamentos|alquiler|Lima Este|Ate Vitarte|"Jiron Monte Real 53, Piso 2, Chacarilla Surco
Santiago de Surco, Lima"|S/ 3,000|3000|||350|"65 m² tot.
1 dorm.
1 baño
1 estac."|65|1||1|Se alquila departamento en excelente zona de Chacarilla del Estanque, ideal para persona sola o pareja. Consta de 65m2, ubicado en piso 2 con ascensor. Cuenta con sala comedor iluminada, cocina con reposteros altos y bajos, implementada con campana y refrigeradora. Área de lavandería con terma eléctrica, 1 baño de visitas. Habitación principal con closet amplio y baño con ducha. El precio incluye cocheraEl edificio cuenta con guardianía, video vigilancia e intercomunicador. Condiciones: 2x1, contrato de 1 año. Cercano a parques, banco, colegios y clínicas. Con acceso a las principales avenidas como: Av. Velasco Astete, Av. Primavera y Av. Los Precursores|https://www.adondevivir.com/propiedades/clasificado/alclapin-alquilo-departamento-de-1-dormitorio-con-cochera-en-149041327.html?n_src=Listado&n_pills=Guardian%C3%ADa%2FSeguridad+privada&n_pg=1&n_pos=1|2026-02-23
adondevivir|departamentos|alquiler|Lima Este|Ate Vitarte|"AV. CIRCUNVALACION EL CLUB EL GOLF LOS INCAS 148
Santiago de Surco, Lima"|S/ 8,500 · USD 2,500|8500|2500||980|"220 m² tot.
3 dorm.
3 baños
2 estac."|220|3|3|2|Vivir frente al golf no es un privilegio común. Es un estilo de vida. Si buscas despertar cada día con una vista inmejorable, rodeado de naturaleza, silencio y seguridad, este departamento lo tiene todo. Moon redefine la experiencia de vivir frente al golf: arquitectura contemporánea, amplios ventanales de piso a techo, finos acabados y una ubicación privilegiada, cerca de todo, pero lejos del ruido. El edificio cuenta con elegantes áreas comunes, estacionamientos de visitas y espacios pensados para recibir a tus amistades con total comodidad y tranquilidad. Distribución: Amplio departamento en piso bajo. Ascensor directo + ascensor de servicio. Sala principal con gran ventanal, como un cuadro vivo al campo de golf. Sala comedor con vista directa al golf. Dormitorio principal con ventanal panorámico, una verdadera obra de arte natural. 3 dormitorios, cada uno con walk-in closet y baño con tina. Sala de estar. Baño de visitas. Cocina con comedor de diario. Lavandería. Cuarto y baño de servicio. 2 Estacionamientos paralelos|https://www.adondevivir.com/propiedades/clasificado/alclapin-alquilo-departamento-3-dorm.-u.-lima-roosevelt-148211631.html?n_src=Listado&n_pills=Gimnasio&n_pg=1&n_pos=2|2026-02-23
adondevivir|departamentos|alquiler|Lima Este|Ate Vitarte|"Circunvacion Golf Los Incas 543
Golf Los Incas, Santiago de Surco"|S/ 11,200 · USD 3,300|11200|3300||1,100|"350 m² tot.
4 dorm.
3 baños
2 estac."|350|4|3|2|"Ideal para familias que buscan exclusividad, amplitud y modernidad. Ubicado en la zona más exclusiva de Surco, frente al Golf, con entorno residencial de alto nivel. Acabados de lujo, terraza y piscina privada. Edificio boutique de 40 departamentos, con parque interno y baja densidad. 350 m² área total | 4 dormitorios | sala de estar | cocina independiente | área de servicio completaTerraza con piscina y parrilla | vista al Golf | 2 cochera lineales en 1er sotanodistribución1er Nivel• Sala doble altura y comedor amplios con vista directa al Golf• Sala de estar• Dormitorios para camas king. • 1 Dormitorio principal con clósets empotrados, doble lavadero y jacuzzi y ventana antiruido. • 2 Dormitorios con clósets empotrados• Cocina independiente con acabados de lujo2do Nivel• 1 Dormitorio adicional con closet y baño incorporado• Terraza amplia• Piscina privada• Zona de parrilla• Espacios ideales para área social y reuniones con vista al Golf• Área de servicio completa (Lavandería y cuarto amplio de servicio) características• Acabados de lujo: mármol, madera, griferías premium y cuarzo• Excelente iluminación natural• Ambientes amplios y bien distribuidos• Vista directa en ambos pisos al Golfedificio• Edificio boutique• 40 departamentos• Parque interno• Seguridad permanente• Entorno residencial exclusivoubicación• Zona más exclusiva de Surco• Frente al Golf• Cercano a avenidas principales• Zona residencial tranquila y de alta demandaContáctame y agendemos tu visita."|https://www.adondevivir.com/propiedades/clasificado/alclapin-duplex-penthouse-con-vista-al-golf-los-incas-con-148891290.html?n_src=Listado&n_pills=%C3%81rea+de+lavander%C3%ADa&n_pg=1&n_pos=3|2026-02-23
adondevivir|departamentos|alquiler|Lima Este|Ate Vitarte|"Av paseo de la República 7400
Santiago de Surco, Lima"|S/ 1,900|1900|||10|"103 m² tot.
3 dorm.
2 baños"|103|3|2||Amplio departamento ubicado en la cuadra 74 de la Av. Paseo de la República, Frente al Colegio Hiram Bingham, a 3 cuadras de Plaza Vea de la Av. Ayacucho, a 1 cuadra de la Av. Paseo La Castellana. Ubicación: Av. Paseo de la República Cuadra 74, Surco. precio: S/. 1, 900. 00. descripción: -Área: 103 m2. -3er piso vista exterior con escalera. -Sala comedor amplia con buena iluminación natural, vista exterior. -Cocina separada de la sala con muebles altos y bajos. -Cuarto exclusivo de lavado separado de la cocina. -2 Baños completos en todo el departamento. -3 Habitaciones amplias con closet, cuarto principal con baño. -Edificio de 4 pisos, 1 dpto. Por piso. Servicios: -Luz independiente. -Agua independiente. -Luz común del edificio S/10. 00. -Arbitrios mensuales S/23. 00. -Se permite una sola mascota, solo pequeña. Requisitos: -Dos meses de garantía y un mes de adelanto (2x1) -Indispensable sustentar ingresos y no estar mal reportado en Infocorp. Más información y visitas al Ver datos - Ver datos|https://www.adondevivir.com/propiedades/clasificado/alclapin-se-alquila-amplio-departamento-en-surco-av-paseo-de-147846530.html?n_src=Listado&n_pills=%C3%81rea+de+lavander%C3%ADa&n_pg=1&n_pos=4|2026-02-23
adondevivir|departamentos|alquiler|Lima Este|Ate Vitarte|"Calle Tarragona al 100
Higuereta, Santiago de Surco"|S/ 4,650|4650|||150|"180 m² tot.
1 dorm.
2 baños
3 estac."|180|1|2|3|Ubicada en la prestigiosa zona de Higuereta en Santiago de Surco, esta excepcional casa de tres pisos ofrece una oportunidad única tanto para familias como para oficinas administrativas. Con un diseño independiente y un primer piso con entrada propia, esta propiedad de 180 m² se adapta perfectamente a diversas necesidades, proporcionando comodidad y privacidad en un entorno estratégico. Al ingresar, se encuentran dos estacionamientos cubiertos y un espacio adicional al aire libre, lo que garantiza suficiente capacidad para vehículos. La propiedad cuenta con cinco ambientes bien distribuidos, ideales para configurar oficinas o para un hogar acogedor. La cocina amplia, con espacio para un comedor de diario, se convierte en el corazón del hogar, permitiendo reuniones familiares o laborales en un ambiente agradable. Las tres habitaciones son espaciosas y están bañadas por la luz natural, creando un ambiente cálido y acogedor. Los dos baños completos y un medio baño adicional ofrecen comodidad y funcionalidad para residentes e invitados. Un pequeño depósito proporciona un espacio adicional de almacenamiento, mientras que el patio ofrece un refugio tranquilo al aire libre. Con una antigüedad de 15 años, esta propiedad bien mantenida está lista para ser habitada de inmediato. Además, cuenta con servicios esenciales como desagüe, electricidad y agua potable. La seguridad privada y la aceptación de mascotas son características adicionales que aumentan el valor de esta propiedad. La ubicación es inmejorable, en una zona cercana a comercios, colegios y servicios públicos, ofreciendo un equilibrio perfecto entre la vida urbana y la tranquilidad residencial. Ya sea para establecer una oficina con puerta cerrada o para vivir en un espacio único y versátil, esta propiedad representa una inversión inteligente en una de las áreas más codiciadas de Lima. pj-Ver datos-mvcs|https://www.adondevivir.com/propiedades/clasificado/alclapin-alquiler-de-departamento-u-oficina-en-higuereta-149039325.html?n_src=Listado&n_pills=Guardian%C3%ADa%2FSeguridad+privada&n_pg=1&n_pos=5|2026-02-23
adondevivir|departamentos|alquiler|Lima Este|Chaclacayo|"Carretera Central 418
Chaclacayo, Chaclacayo"|S/ 1,300|1300|||125|"74 m² tot.
3 dorm.
2 baños
1 estac."|74|3|2|1|Alquiler de amplio departamento en el Condominio Del Valle en Chaclacayo. 3 dormitorios. 2 baños completos. Sala comedor. Kitchenette con muebles altos y bajos. 3er piso. Estacionamiento en el sótano. Área de entrenamiento. Balcón. No tiene ascensor. Solo se acepta una mascota pequeña (perrito) Alquiler: S/1, 300 incluído el estacionamiento. Mantenimiento: S/125. Condiciones: 2x1( 2 meses de garantía y un mes de adelanto) Características del condominio: Áreas comunes(jardines, juegos para niños, sala de reuniones, zona de parrillas, salón de juegos de mesa, Minimarket, estacionamiento de visitas) Vigilancia 24/7 cámaras con circuito cerrado de televisión, Área de recepción) Condominio tranquilo y seguro. Evaluación: ️ A los interesados se les solicitará sustento de ingresos mensuales, se le realizará un filtro en Sentinel (central de riesgo infocorp), y se les solicitará antecedentes policiales a cada habitante mayor de edad.|https://www.adondevivir.com/propiedades/clasificado/alclapin-alquilo-departamento-en-chaclacayo-condominio-del-148851869.html?n_src=Listado&n_pills=Guardian%C3%ADa%2FSeguridad+privada&n_pg=1&n_pos=1|2026-02-23
adondevivir|departamentos|alquiler|Lima Este|Chaclacayo|"Condominio Golf LOS Andes - Ñaña
Ñaña, Chaclacayo"|S/ 720 · USD 205|720|205|||"58 m² tot.
3 dorm.
2 baños"|58|3|2||Se alquila departamento en el condominio golf los andes (ñaña) Zona segura, condominio privado rodeado de areas verdes altura de la av. Priale Cuenta de 3 dormitorios 2 baños completos sala/comedor, cocina y lavandería. T. C. 3. 50Tipo de cambio referencial, sujeto a variación diaria por fluctuación del mercado|https://www.adondevivir.com/propiedades/clasificado/alclapin-se-alquila-departamento-en-el-condominio-golf-los-148041814.html?n_src=Listado&n_pills=%C3%81rea+de+lavander%C3%ADa&n_pg=1&n_pos=2|2026-02-23
adondevivir|departamentos|alquiler|Lima Este|Chaclacayo|"Condominio del Valle, Chaclacayo
Chaclacayo, Lima"|S/ 1,500 · USD 405|1500|405|||"83 m² tot.
3 dorm.
2 baños
1 estac."|83|3|2|1|Este precio departamento esta ubicado en el 4to pisoNo te puedes perder esta oportunidad de vivir en un condominio que esta a un paso a la carretera central, además cuenta con áreas verdes, áreas comunes como para realizar tus reuniones familiares donde gozaras de un salón amplio para tus eventos, área de parrillas, juego de mesa, MiniMarket super surtido de productos a buenos precios, área de juegos para niños y lo mas importante es que cuenta con vigilancia 24/7. la distribución del departamento es la siguiente: -Cocina abierta con muebles altos y bajos-(Con cocina, campana y refrigeradora) -Área de lavandería-Comedor con 6 sillas y una hermosa mesa-Sala con sillones y mueble de entretenimiento y televisor. -Área de oficina con muebles de escritorio-Baño completo-Área de escritorio-2 Habitaciones con camas y closet-1 Habitación principal con cama, televisor-1 Baño incorporado-Estacionamiento ampliomodalidad-2 meses de garantía-1 mes de adelantoSi deseas mas información, no dudes en comunicarte para concretar una cita. T. C. 3. 70Tipo de cambio referencial, sujeto a variación diaria por fluctuación del mercado|https://www.adondevivir.com/propiedades/clasificado/alclapin-hermoso-departamento-semi-amoblado-147487771.html?n_src=Listado&n_pills=%C3%81rea+de+lavander%C3%ADa&n_pg=1&n_pos=3|2026-02-23
adondevivir|departamentos|alquiler|Lima Este|Chaclacayo|"Calle Bilbao 199
Mayorazgo, Ate Vitarte"|S/ 2,000 · USD 600|2000|600||260|"70 m² tot.
3 dorm.
2 baños"|70|3|2||Propietario alquila departamento muy bien iluminado, en el séptimo piso de Edificio Multifamiliar. Cocina con reposteros, campana extractora, cocina a gas. Incluye zona de lavandería. Dormitorio principal con baño incorporado y closet. Segundo y Tercer dormitorios con closet c/u, 01 Baño completo. El precio del alquiler incluye Conexión a Wi-Fi, ideal para teletrabajo. Áreas comunes: área de parrilla. Ubicado en la esquina de Calle Bilbao y Calle Guadalajara, muy céntrico, cerca a Supermercados, Restaurantes, Universidades, Colegios, Centros Comerciales y avenidas principales como Javier Prado, Huarochiri y Av. La Molina. Zona segura y vigilancia todo el día (24/7). Condiciones: 2 meses de garantía y 1 mes de adelanto. Precio a tratar.|https://www.adondevivir.com/propiedades/clasificado/alclappa-departamento-cerca-de-la-av-javier-prado-entre-ate-y-61635438.html?n_src=Listado&n_pills=Guardian%C3%ADa%2FSeguridad+privada&n_pg=1&n_pos=1|2026-02-23
adondevivir|departamentos|alquiler|Lima Este|Chaclacayo|"Londres 124 al 100
Ate Vitarte, Lima"|S/ 1,600|1600||||"95 m² tot.
2 dorm.
2 baños"|95|2|2||Contacto: doris guevaracel: 9*6*6*6*5*6*5*9*9A pasos del Centro Comercial PuruchucoArea Construida 94. 20 m2 4to piso 2 dormitorios2 bañosUbicado en 4to piso, con escaleras cómodas y descansadas. Este departamento ofrece ambientes funcionales, ventilación e iluminación natural acceso inmediato a avenidas principales como Nicolás Ayllón, Carretera Central, Londres, C. 12Estarás cerca de centros Comercial Puruchuco, Metro, Educativos, Plaza Josfel, Corte Superior de Justicia Lima Este, Hipermercado Cerámico, Grifo Primaxcaracteristicas- Área total: 94. 20 m²- Sala - comedor amplia. - Cocina kitchenette por implementar. - 2 dormitorios. - Área de lavandería por implementar. - Área de tendal en la azotea. - Modalidad: 2 x 1- Contrato mínimo: 1 año ¡Una oportunidad única para alquilar un departamento con vista externa, bien distribuido y con ubicación comercial estratégica!.? Contactanos para mas informacion y agenda tu visita hoy mismocontacto: doris guevaracel: 9*6*6*6*5*6*5*9*9id: 1*1*6*7*9*5*5|https://www.adondevivir.com/propiedades/clasificado/alclapin-alquiler-de-departamento-en-ate-vitarte-148617424.html?n_src=Listado&n_pills=%C3%81rea+de+lavander%C3%ADa&n_pg=1&n_pos=2|2026-02-23
adondevivir|departamentos|alquiler|Lima Este|Chaclacayo|"Calle Badajoz
Mayorazgo, Ate Vitarte"|S/ 2,200 · USD 650|2200|650|||"90 m² tot.
3 dorm.
2 baños
1 estac."|90|3|2|1|Departamento nuevo: Excelente Departamento con ambientes completamente iluminados, vista externa con 2 frentes, super moderno, vista a la calle, todos los cuartos tienen closet, el ambiente de la cocina viene completamente amoblada con cocina, campana y reposteros modernos, todos los pisos son de porcelanato claro y cada departamento tiene su cochera automática propia. El cuarto principal es una suit amplia y completa ya que tiene su baño propio y 2 closets, una para ropa normal y otra de ropas blancas. Departamento con ascensor amplio. Zona muy Segura, cercada y con Seguridad las 24 horas del día y cámaras de Seguridad instaladas en los departamentos. Teléfono de contacto: 9. 5. 2. 3. 7. 1. 9. 4. 3. Referencia: Universidad Pre de Lima|https://www.adondevivir.com/propiedades/clasificado/alclapin-alquiler-de-departamento-en-mayorazgo-143733446.html?n_src=Listado&n_pills=%C3%81rea+de+lavander%C3%ADa&n_pg=1&n_pos=3|2026-02-23
adondevivir|departamentos|alquiler|Lima Este|Chaclacayo|"Avenida Carapongo
Carapongo, Chosica (Lurigancho)"|S/ 850 · USD 250|850|250|||"60 m² tot.
2 dorm.
2 baños"|60|2|2||Excelentes departamentos de estreno con buenos acabados, de 2 y 3 dormitorios con 1 y 2 baños completos y patio. Todos los ambientes super iluminados, cada uno tiene su propia lavanderia y completamente independientes. Cada dormitorio tiene su closet grande, con separaciones y gavetas. La cocina ya viene completamente amoblada con reposteros y compartimiento para colocar microondas. Los servicios de luz y agua son completamente independientes ya que cada uno tiene su propio medidor. Telf 9. 5. 2. 3. 7. 1. 9. 4. 3. Tiene un frente increíble ya que tiene vista para una ladera con jardín y arboles naturales de color verde. El lugar es super seguro, ya que existe una tranquera de seguridad antes de entrar a esta urbanización. También hay un ``local comercial`` que estaría disponible para alquilar en el 1er piso, el cual tiene su baño propio, completamente independiente y es un ambiente super amplio. La dirección es Manzana ``B`` Lote 20 en las Terrazas de Caraponguillo. Es la primera Avenida a la mano izquierda, entrando por la entrada principal (caseta de Seguridad).|https://www.adondevivir.com/propiedades/clasificado/alclapin-estreno-alquiler-de-departamentos-148904246.html?n_src=Listado&n_pills=Cerca+a+colegios&n_pg=1&n_pos=4|2026-02-23
adondevivir|departamentos|alquiler|Lima Este|Chaclacayo|"Prolongacion Javier Prado por el moll
Los Portales De Ate, Ate Vitarte"|S/ 1,800 · USD 580|1800|580|||"99 m² tot.
3 dorm.
2 baños"|99|3|2||Alquilo dpto 2do piso Ate Los Portales de Javier Prado. Cerca a Real Plaza Puruchuco y avenida Prolongación Javier Prado, 2do Piso Ideal iluminado ventilado, 93 metros aproximadamente. - Sala y comedor. - La cocina equipada con campana y extractora y muebles reposteros mesa de granito. - 3 Habitaciones amplias. - La Habitación principal es amplio con closet grande. Tiene baño propio. - 2 Baños completos en total. - - Lavandería. Cuenta con espacio para una lavadora o lavaseca y tendal. - Terma que alimenta a todo el departamento. Limpieza del edificio: Cuenta con Gas cálida. * condiciones: - Contrato por un año. - Contar con buen perfil crediticio. - Demostrar sustento económico: 3 últimas boletas de pago. Recibos / facturas. precio de alquiler S/. 1, 800 negociable!! Modalidad: 1 de garantia x 1 de adelanto.|https://www.adondevivir.com/propiedades/clasificado/alclapin-deparatmento-xprolongacion-j.-prado-y-moll-en-148991074.html?n_src=Listado&n_pills=Cerca+a+colegios&n_pg=1&n_pos=5|2026-02-23
adondevivir|departamentos|alquiler|Lima Este|Chaclacayo|"Calle Helsinki 8646
Ate Vitarte, Lima"|S/ 1,400|1400|||1|"65 m² tot.
1 dorm.
1 baño"|65|1|||Alquilo amplio Departamento moderno de 1 dormitorio frente al centro comercial Real Plaza Puruchuco. Departamento ubicado en 4. º piso, con vista a la calle y a Puruchuco, que destaca por su amplitud, buena distribución y acabados modernos. Dispone de una sala amplia y bien iluminada, ideal para un ambiente cómodo y funcional. La cocina de tamaño mediano cuenta con reposteros bajos, pensada para un uso práctico. El dormitorio principal es muy espacioso, con excelente iluminación natural y vista a la calle. Incluye mueble empotrado para tv y un walking clóset amplio, equipado con zapateras, cajoneras y espacios ideales para organizar ropa, vestidos, joyas y accesorios personales. El baño moderno y sofisticado cuenta con lavatorio de mármol, iluminación natural, terma eléctrica y un diseño cómodo y elegante. Condiciones del alquiler: - Precio: S/ 1, 400 mensuales. - Luz: consumo independiente. - Agua: S/ 25 por persona. Condicion: 2 x 1. No mascotas. No extranjeros. Excelente opción para quienes buscan confort, estilo y buena ubicación. Contacto luis de la cruz. 9. 6. 6. 3. 8. 2. 1. 6. 4.|https://www.adondevivir.com/propiedades/clasificado/alclapin-alquilo-departamento-frente-a-real-plaza-puruchuco-148706885.html?n_src=Listado&n_pg=1&n_pos=6|2026-02-23
adondevivir|departamentos|alquiler|Lima Este|Chaclacayo|"Residencial Las Torres De Santa Clara Ate
Ate Vitarte, Lima"|S/ 1,300 · USD 386|1300|386||95|"70 m² tot.
3 dorm.
2 baños"|70|3|2||"Contacto: Mariela Grandez 9. 8. 3. 3. 2. 5. 4. 6. 4. ¡alquila tu nuevo hogar en las torres de santa clara – ate! S/ 1, 300 mensuales | ¡Mascota pequeña bienvenida! Vive con comodidad, seguridad y una excelente distribución en este departamento de 70 m², ubicado en cuarto piso con ascensor y vista externa, perfecto para disfrutar de buena iluminación y ventilación natural ️️ Características que te encantarán: ️ 3 dormitorios amplios. 2 baños completos. ️ Dormitorio principal con baño privado. ️ Los otros 2 dormitorios comparten un baño. Cocina con gas Cálidda. 2 puntos de gas: cocina y terma. Agua caliente y fría todo el día. Medidor de agua independiente (¡pagas solo lo que consumes!) Espacio para lavandería. Edificio con ascensor. Vista externa que le da mayor amplitud y luz natural. Condiciones: 2x1 (2 meses de garantía + 1 de adelanto) Mantenimiento S/. 95. 00 más consumo de agua. Opcional alquiler de cochera S/. 120. 00 mensual. Este departamento es ideal para familias, parejas o profesionales que buscan comodidad, buena ubicación y un precio competitivo. ¡Agenda tu visita hoy mismo y no dejes pasar esta oportunidad! Tu nuevo hogar te está esperando"|https://www.adondevivir.com/propiedades/clasificado/alclapin-se-alquila-departamento-en-las-torres-de-santa-clara-148884182.html?n_src=Listado&n_pills=Ascensor&n_pg=1&n_pos=7|2026-02-23
adondevivir|departamentos|alquiler|Lima Este|Chaclacayo|"Departamento en Alquiler Condominio Jardines de Santa Clara
Santa Clara, Ate Vitarte"|S/ 1,000|1000|||120|"55 m² tot.
3 dorm.
1 baño"|55|3|||"*¡tu nuevo hogar te espera en condominio jardines de santa clara - ate*Se alquila hermoso departamento en el 8º piso, ideal para quienes buscan comodidad, vistas despejadas y excelente ubicación detrás del Real Plaza de Santa Clara, a 2 cuadras de la Carretera Central y cerca de la Av. Ramiro Prialé, Restaurantes, Bancos, Mercado, La Comisaria, entre otros que le hacen la Vida más fácil. Área: 55m2Ambientes: 3 dormitorios | Sala–comedor con pisos de vinílico | 1 baño completo y therma | Cocina y lavandería integradaBalcón con vista abierta – Ideal para disfrutar del atardecer8º piso – Luminoso y ventilado todo el díaEdificio con ascensorSeguridad y acceso controladoEspacios comunes en excelente estado como zona de lavandería, zona de parrilla, cine, sala de internet, pequeña capilla, gimnasio, bodega. No aceptan mascotasNo cuenta con gas cálidaNo tiene cochera, pero alquilan en el condominio Ideal para tu familiaCercano a transporte público, supermercados, universidades y másValor: S/1, 000Mantenimiento: S/120. 00 aprox. + servicios Contáctanos para más información o agendar una visita hoy¡! R. U. C Ver datos"|https://www.adondevivir.com/propiedades/clasificado/alclapin-alquilo-departamento-en-en-condominio-jardines-de-148982231.html?n_src=Listado&n_pills=Parrilla&n_pg=1&n_pos=8|2026-02-23
adondevivir|departamentos|alquiler|Lima Este|Chaclacayo|"Los Crisantemos 291, Lurigancho-chosica
Chosica (Lurigancho), Lima"|S/ 900 · USD 257|900|257|||"53 m² tot.
2 dorm.
1 baño"|53|2|||Este bonito departamento consta de: -Una sala y comedor con vista interna-Cocina con muebles altos y bajos y-Area de lavanderia-2 Habitaciones-1 Baño completoSi deseas vivir en un lugar tranquilo y cerca a la carretera central, entonces esta es una buena opción. condiciones de alquiler: -2 meses de garantía-1 mes de adelantoT. C. 3. 50Tipo de cambio referencial, sujeto a variación diaria por fluctuación del mercado|https://www.adondevivir.com/propiedades/clasificado/alclapin-alquilo-departamento-en-estreno-148065306.html?n_src=Listado&n_pills=%C3%81rea+de+lavander%C3%ADa&n_pg=1&n_pos=9|2026-02-23
adondevivir|departamentos|alquiler|Lima Este|Chaclacayo|"Av Circunvalacion Salamanca
Ate Vitarte, Lima"|S/ 2,000 · USD 112,000|2000|112000||280|"63 m² tot.
2 dorm.
2 baños"|63|2|2||Alquiler o Venta de acogedor dpto. Cuenta con muy buena distribución y acabados. Áreas comunes para propietarios: Terraza con parrilla, área de Gimnasio, estacionamiento para bicicletas. A 5 minutos del Jockey Plaza, cerca a colegios, universidades, bancos, clínicas, etc. Cocina integrada a sala comedor tipo kitchenette equipada. Área de estacionamientos para bicicletas. Vidrios de Fachada con aislamiento Acústico. Cerca a avenidas principales, colegios, universidades y cc Comerciales importantes. Frente a la facultad de medicina veterinaria de unmsm. Descripción: Departamento N*203. Área 63. 00m2.. _Por el frente colinda con la avenida circunvalación cruce con Javier prado.. -La entrada al edifico es las calles las fucsias 108.. -Sala y comedor. -1habitacion principal grande closet y con baño completo.. -2 habitación pequeña con closett.. -Baño de visitas completo.. -Cocina kitchenette amoblada reposteros altos y bajos de melamine tablero de granito.. -Refrigeradora.. -1 lavandería.. -Patio aires libre.. -Balcón vista a la calle. Mantenimiento. S/. 280. 00. Precio Venta. us$ 112, 000. 00. Ubicación. Av. Circunvalación 2935. Salamanca. *Las medidas del anuncio son referenciales*|https://www.adondevivir.com/propiedades/clasificado/veclapin-alquiler-venta-de-ocasion-dpto.-semi-nuevo-salamanca-146312486.html?n_src=Listado&n_pills=Guardian%C3%ADa%2FSeguridad+privada&n_pg=1&n_pos=10|2026-02-23
adondevivir|departamentos|alquiler|Lima Este|Chaclacayo|"Urb el Golf de Huampani Etapa 2
Chosica (Lurigancho), Lima"|S/ 900 · USD 257|900|257|||"65 m² tot.
2 dorm.
1 baño"|65|2|||Este departamento consta de: Sala - Comedor con vista externaCocina cerrada con mueble bajo2 Habitaciones1 Baño completoÁrea de oficinacondiciones de alquiler: 2 meses de garantía1 mes de adelantoT. C. 3. 50Tipo de cambio referencial, sujeto a variación diaria por fluctuación del mercado|https://www.adondevivir.com/propiedades/clasificado/alclapin-se-alquila-bonito-departamento-148065443.html?n_src=Listado&n_pg=1&n_pos=11|2026-02-23
adondevivir|departamentos|alquiler|Lima Este|Chaclacayo|"Asoc. El Olivar Mz J Lt 14
Ate Vitarte, Lima"|S/ 1,000|1000|||30|"70 m² tot.
3 dorm.
1 baño"|70|3|||Contacto: 9*4*3*7*7*6*6*2*8* laura risco-agente inmobiliariaalquiler de departamento de 3 hab en tercer piso A pocas cuadras de ctra. Central (altura idat sede ate) Y el complejo deportivo ollantaytambo – ate¿Estás buscando el departamento con la mejor ubicación? ¡Tenemos la solución perfecta para ti! ubicación: - Asoc. El Olivar de Vitarte Mz J Lt 14- Colindante con Calle El Trabajo-A 3 cuadras de Senasa – Sede Ate-A 1 cuadra del parque Primero de Enerodistribución: -3 habitaciones- Sala comedor-Cocina-Lavandería -1 baño-Tendal en azoteacaracterísticas: -Tercer piso-Vista interna-Acceso con escaleras-No tiene estacionamiento -No tiene gas Caliddaprecio: -Renta: S/. 1, 000 soles-Mantenimiento: S/. 30 soles- Luz: Según consumo. - Agua: Según prorrateo. -Arbitrios: S/. 16 solescondiciones: -Dos meses de garantía y 1 mes de adelanto (2x1) -Contrato anual-No estar reportado en Infocorp-Sustento de ingresos de los 3 últimos meses-Antecedentes penalescontacto: 9*4*3*7*7*6*6*2*8* laura risco-agente inmobiliaria|https://www.adondevivir.com/propiedades/clasificado/alclapin-alquiler-de-departamento-de-3-hab-en-tercer-piso-a-147248766.html?n_src=Listado&n_pills=%C3%81rea+de+lavander%C3%ADa&n_pg=1&n_pos=12|2026-02-23
adondevivir|departamentos|alquiler|Lima Este|Chaclacayo|"Las Gardenias
Chosica (Lurigancho), Lima"|S/ 1,500|1500||||"60 m² tot.
2 dorm.
1 baño
1 estac."|60|2||1|Viva rodeado de naturaleza, seguridad y exclusividad en uno de los Clubes residenciales más completos y mejor ubicados del este de Lima. Este departamento en primer piso es ideal para familias que buscan tranquilidad, áreas verdes y un entorno privado con todas las comodidades. Ubicado en el Club Residencial Los Girasoles de Huampaní, a pocos metros de la Av. Circunvalación y a la altura del Puente Morón, con rápido acceso a la Carretera Central. Áreas y Beneficios del Club. - Seguridad privada las 24 horas. - Casa club con piscina para adultos y niños. - Restaurante y salón de eventos. - Laguna artificial. - Zona de parrillas. - Juegos infantiles. - Canchas deportivas: fulbito, vóley, básquet y tenis. - Amplias áreas verdes y parques. - Zona comercial interna (minimarket, restaurantes, pizzería, peluquería, academia de karate) - Capilla, posta médica y centro del adulto mayor. Un entorno ideal para vivir con tranquilidad, aire puro y calidad de vida. Departamento – 60 m² - Primer piso. - Cocina abierta con muebles altos y bajos, barra de granito. - Equipado con cocina, campana extractora, microondas y refrigeradora. - Patio de lavandería y tendal. - Baño completo con therma. - 2 dormitorios con clóset y camas. - 1 estacionamiento. Condiciones. - Evaluación positiva en Infocorp. - Sustento de ingresos. - 1 mes de garantía. - 1 mes de adelanto. Disponibilidad inmediata. Los Departamentos en este club residencial no suelen estar disponibles. Si busca seguridad, naturaleza y calidad de vida, esta es una oportunidad que no debes dejar pasar. Contáctenos hoy mismo para agendar una visita.|https://www.adondevivir.com/propiedades/clasificado/alclapin-alquiler-departamento-en-1er-piso-en-club-148837408.html?n_src=Listado&n_pills=Cerca+a+colegios&n_pg=1&n_pos=13|2026-02-23
adondevivir|departamentos|alquiler|Lima Este|Chaclacayo|"Begonias ate
Ate Vitarte, Lima"|S/ 1,300 · USD 388|1300|388||50|"55 m² tot.
1 dorm.
1 baño"|55|1|||Dali Tafur 9-6-0-9-6-6-7-3-1 Departamento de Estreno en Ate Vitarte – Estilo Americano Se alquila moderno departamento de 55 m², estilo americano, ubicado en el 4to piso, a pocos pasos de la Plaza de Ate, en una zona muy tranquila, segura y privada. Sala – cocina – comedor integrados Área de lavandería Opción de adaptar 1 o 2 dormitorios según necesidad Solo 2 departamentos por piso Disponibles con vista interior o vista exterior Entrada independiente Escaleras descansadas Área compartida de lavandería o tendal Departamento de estreno? Alquiler: S/ 1, 300? Incluye servicios? Excelente ubicación: cerca a comercios, transporte y todo lo que necesitas, sin perder privacidad y tranquilidad.? No se aceptan mascotas? Requisitos: sustento de ingresos y buen reporte en central de riesgos? Contáctanos y agenda tu visita hoy mismo|https://www.adondevivir.com/propiedades/clasificado/alclapin-departamentos-mono-hanbientes-estilo-americano-en-ate-148514341.html?n_src=Listado&n_pills=%C3%81rea+de+lavander%C3%ADa&n_pg=1&n_pos=14|2026-02-23
adondevivir|departamentos|alquiler|Lima Este|Chaclacayo|"Calle Leon Cdra 1 Urb. Mayorazgo
Mayorazgo, Ate Vitarte"|S/ 1,900|1900||||"65 m² tot.
2 dorm.
2 baños"|65|2|2||Contacto: Karina Carbajal 9 9 6 8 4 7 8 6 1 Se alquila amplio y funcional departamento ubicado en el 3er piso de una vivienda familiar, en Urb. Mayorazgo, zona residencial tranquila y bien conectada. La propiedad ofrece una distribución cómoda y versátil: * 2 dormitorios amplios + 1 cuarto de estudio, home office o dormitorio pequeñoDormitorio principal con baño privado y walking closet* Baño completo adicional* Cocina tipo americana con muebles altos y bajos y encimera de granito* Terraza con vista a la calle, agradable para descanso o reuniones pequeñas. * Área de lavandería común en el 4to pisoPor ser una vivienda familiar, no cuenta con ascensor, sin embargo tiene acceso independiente. El departamento es ideal para quienes deseen sentirse seguros y acompañados, como estudiantes, roomates, parejas, familias pequeñas, o profesionales. Ubicación estratégica en el cruce de Av. Huarochirí con Los Constructores, a pocos minutos de Av. Javier Prado, con fácil acceso a transporte, parques, colegios, centros comerciales, oficinas corporativas y servicios (cerca a Pre-Lima y oficina principal bcp). Condiciones: 2 meses de garantía y 1 mes de adelanto (2x1) No se aceptan mascotasNo incluye estacionamientoUna excelente alternativa para quienes buscan amplitud, buena ubicación y un entorno residencial consolidado. *nota: disponible A partir de quincena de marzo|https://www.adondevivir.com/propiedades/clasificado/alclapin-alquiler-de-departamento-3er-piso-mayorazgo-148942374.html?n_src=Listado&n_pills=%C3%81rea+de+lavander%C3%ADa&n_pg=1&n_pos=15|2026-02-23
adondevivir|departamentos|alquiler|Lima Este|Chaclacayo|"av. Paracas Cuadra 9 con Cruce de Calle Abetos
Ate Vitarte, Lima"|S/ 550 · USD 149|550|149|||"20 m² tot.
1 dorm.
1 baño"|20|1|||Habitacion para una sola persona -se encuentra en zona centrica de salamanca, cuenta con area de cocina Y lanvanderia comun, camaras de seguridad-monitoriando las 24H, muy cerca A las av. principales via evitamiento Y javier prado, A 5 minutos del jockey plaza. -incluye en el precio la luz, agua, mantenimiento Y wifi. -no se aceptan mascotas-1 mes de garantia Y 1 mes de adelanto T. C. 3. 50Tipo de cambio referencial, sujeto a variación diaria por fluctuación del mercado|https://www.adondevivir.com/propiedades/clasificado/alclapin-se-alquila-habitacion-de-estreno-con-bano-incorporado-146305602.html?n_src=Listado&n_pg=1&n_pos=16|2026-02-23
adondevivir|departamentos|alquiler|Lima Este|Chaclacayo|"Calle Navarra
Ate Vitarte, Lima"|S/ 2,000|2000||||"120 m² tot.
4 dorm.
2 baños
1 estac."|120|4|2|1|Se alquila funcional departamento de 120 m2 con 3 a 4 habitaciones. ubicado en el 3er piso con escaleras y con entrada independiente. sala comedor, 2 baños, cocina y lavandería con cuarto y baño de servicio. Alquiler del Departamento: S/2. 000. Alquiler de cochera paralela: S/200. servicios: Agua y Luz paga según su consumo. Arbitrios según cartilla. Seguridad: S/50. Sustento de ingresos demostrables. Buen reporte crediticio. Sin antecedentes. Referencias.|https://www.adondevivir.com/propiedades/clasificado/alclapin-alquilo-funcional-departamento-de-3-hab.-120-m-sup2-148968132.html?n_src=Listado&n_pills=%C3%81rea+de+lavander%C3%ADa&n_pg=1&n_pos=17|2026-02-23
adondevivir|departamentos|alquiler|Lima Este|Chaclacayo|"Calle Nevado de Huandoy
Ate Vitarte, Lima"|S/ 1,600 · USD 457|1600|457|||"60 m² tot.
2 dorm.
2 baños"|60|2|2||Alquiler de Departamento en Residencial Alpamayo – Zona Segura y Tranquila. Ubicación privilegiada: La Residencial Alpamayo cuenta con dos ingresos: Puerta 1: Recta del Colegio Alpamayo, entrando por el óvalo de frente. Puerta 3: Acceso por la Esplanada del Monumental. Características principales: Área: 60 m² Piso: 2do piso (solo 2 departamentos por piso) Medidor de luz y contómetro independiente. Distribución: Sala – Comedor. Kitchenet. 2 dormitorios. 1 baño completo. 1 baño de visita. Lavandería en el departamento. Tendal en azotea. Condiciones: Alquiler: S/ 1, 600. No se aceptan mascotas. Requisitos: 2 meses de garantía + 1 mes de adelanto. Estar bien en Infocorp. Sustento de ingresos. Contrato mínimo de 1 año. ¿Tienes una propiedad y deseas ponerla en venta o alquiler? Te acompañamos con una gestión profesional, segura y eficiente. Escríbenos al ９９３-９４９-４３１|https://www.adondevivir.com/propiedades/clasificado/alclapin-alquiler-departamento-en-ate-limite-con-la-molina-147723602.html?n_src=Listado&n_pills=%C3%81rea+de+lavander%C3%ADa&n_pg=1&n_pos=18|2026-02-23
adondevivir|departamentos|alquiler|Lima Este|Chaclacayo|"calle oviedo
Mayorazgo, Ate Vitarte"|S/ 1,900 · USD 564|1900|564|||"113 m² tot.
2 dorm.
1 baño"|113|2|||¡Vive con comodidad y tranquilidad todos los días! Alquila este acogedor departamento de 2 dormitorios ️️, diseñado para brindarte bienestar, funcionalidad y una excelente distribución en cada espacio. Ubicado en primer piso, ideal para quienes valoran la accesibilidad y practicidad, sin perder privacidad. -1 baño completo. -Cocina funcional. -Lavandería equipada con tendal. -Área libre posterior que garantiza excelente iluminación y ventilación natural️ -Ambientes amplios y bien distribuidos. Cada metro cuadrado está pensado para adaptarse a tu estilo de vida y hacer tu día a día más cómodo. Precio de alquiler: S/. 1, 900 (Incluye agua y mantenimiento ️) Contáctanos hoy mismo: Ver datos. Ver datos. servicios E inversiones arqmak S. A. C. Ruc: Ver datos. Haz de este espacio tu próximo hogar|https://www.adondevivir.com/propiedades/clasificado/alclapin-departamento-en-primer-piso-mayorazgo-ate-limite-146160576.html?n_src=Listado&n_pills=Cerca+a+colegios&n_pg=1&n_pos=19|2026-02-23
adondevivir|departamentos|alquiler|Lima Este|Chaclacayo|"Fucsias 128
Ate Vitarte, Lima"|S/ 1,800|1800|||160|"45 m² tot.
1 dorm.
1 baño"|45|1|||Departamento amoblado y equipado en alquiler en Ate Vitarte. Cuenta con 1 recámara con clóset, 1 baño, sala y comedor, y cocina integral. Ubicado en el piso 5 de un edificio de 7 pisos con ascensor y guardianía/seguridad privada. Permite mascotas e incluye intercomunicador. Cercano a centros comerciales y escuelas. La zona de Ate Vitarte ofrece acceso a diversos servicios y comercios, facilitando la vida diaria. El área es principalmente residencial, con un ambiente familiar y acceso a transporte público. Encontrarás supermercados, mercados locales y farmacias en las cercanías. Además, hay parques y espacios verdes para recreación, así como centros educativos para todas las edades. Ubicado en el 5to piso. 45 mts2. 1 habitación. 1 baño completo. (gas natural calida) Sala comedor️ Kitchen abierto. Zona de lavandería con tendal en el kitchen. Todo el departamento es bien iluminado. - vista interna. Se entrega pintado. Ubicación privilegiada: A 3 cuadras del Vea de Salamanca. A 1 cuadra de parque. A media cuadra de av circunvalación. Precio. 1800 Soles. Incluye el pago del impuesto a la renta (sunat) a favor del inquilino. Amoblado y equipado: Cocina empotrada. Horno empotrado. Campana decorativa. Lavadora. Tendal. Refrigeradora. Microondas. Ollas. Escurridor de platos. Cama y colchon. Ropero (si desea se retira) Sillon. Mesita de comedor. Escritorio (si desea se retira) Rack (no se entrega tv) Planchador (no incluye plancha) Contactos para más información y reservas. 976. 026. 264. Condiciones de alquiler: Contrato mínimo 1 año, renovable. 2 meses de garantía y 1 mes de adelanto. Petfriendly. Pedimos sustento de ingresos econonicos. Boletas de pago (3 ultimos meses) Recibos por honorarios de los ultimos 6 meses) Eso es para la precalificacion y para agendar visita. Posteriormente, para la firma, necesito su reporte central de riesgos y antecedentes penales y policiales|https://www.adondevivir.com/propiedades/clasificado/alclapin-alquilo-departamento-amoblado-y-equipado-de-1-148838075.html?n_src=Listado&n_pills=%C3%81rea+de+lavander%C3%ADa&n_pg=1&n_pos=20|2026-02-23
adondevivir|departamentos|alquiler|Lima Este|Chaclacayo|"Calle
Santa Raquel, Ate Vitarte"|S/ 1,300|1300||||"70 m² tot.
2 dorm.
1 baño"|70|2|||Dpto Sta Raquel Ate 02 Dor + 01 Baño. Dpto en Sta Raquel Ate de 70 m2 en segundo piso en S/1300, 01 mes de adelanto y 01 mes de Garantia. Consta de 02 Dormitorios, sala, comedor, 01 baño con ducha y terma, cocina amoblada con reposteros. Las condiciones son: No niños pequeños, no mascotas. Servicios segun su consumo.|https://www.adondevivir.com/propiedades/clasificado/alclapin-alquilo-dpto-sta-raquel-ate-1-300-2do-piso-citas-143465377.html?n_src=Listado&n_pills=Cerca+a+colegios&n_pg=1&n_pos=21|2026-02-23
adondevivir|departamentos|alquiler|Lima Este|Chaclacayo|"De la Unión 303
27 De Abril, Ate Vitarte"|S/ 2,650 · USD 728|2650|728||150|"160 m² tot.
3 dorm.
1 baño"|160|3|||Se alquila departamento triplex remodelado (en tercer, cuarto y quinto nivel) en el distrito de Ate Vitarte (cerca al óvalo Santa Anita). Área: 160 m2. primer nivel: Sala Comedor. Cocina amplia (con reposteros altos y bajos) Baño de visitas. segundo nivel: Un dormitorio principal amplio. Dos dormitorios secundarios. Un baño completo para compartir. tercer nivel: Azotea con depósito y área lavandería y tendales. mensualidad: 2650 soles (modalidad 2x1) Incluye 150 soles de mantenimiento (limpieza y luz de áreas comunes). Datos adicionales: El departamento cuenta con gas natural. Los consumos de agua y luz del departamento son pagados por el inquilino. Sí se aceptan mascotas. El edificio se ubica cerca al ovalo Santa Anita, mercado, centros comerciales y a 3 cuadras del Metro.|https://www.adondevivir.com/propiedades/clasificado/alclapin-triplex-en-tercer-cuarto-y-quinto-piso-ate-cerca-146077408.html?n_src=Listado&n_pills=%C3%81rea+de+lavander%C3%ADa&n_pg=1&n_pos=22|2026-02-23
adondevivir|departamentos|alquiler|Lima Este|Chaclacayo|"Gibson 109
Ate Vitarte, Lima"|S/ 650 · USD 185|650|185|||"18 m² tot.
1 dorm.
1 baño"|18|1|||Se alquila habitación para universitarios o trabajador de la zona, zona céntrica y muy cerca de av. Principales como vía. Evitamiento y la Javier prado. La casa cuenta con un ingreso totalmente independiente y cámaras de seguridad en el ingreso y areas comunes. Condiciones: -1 año de contrato-1 de garantía mas 1 mes de adelanto-Sustento de ingresos mas infocorpT. C. 3. 50Tipo de cambio referencial, sujeto a variación diaria por fluctuación del mercado|https://www.adondevivir.com/propiedades/clasificado/alclapin-se-alquila-habitacion-para-universitarios-148041716.html?n_src=Listado&n_pg=1&n_pos=23|2026-02-23
adondevivir|departamentos|alquiler|Lima Este|Chaclacayo|"Calle monte blanco Mz.O Lt 32
Portales De J.prado, Ate Vitarte"|S/ 1,800 · USD 529|1800|529||100|"90 m² tot.
2 dorm.
2 baños"|90|2|2||Ate cerca del colegio Alpamayo. La urbanización Alpamayo es muy segura tiene entrada por detrás del colegio Alpamayo y hay otra puerta por la explanada del estadio de U. Se alquila o se vende. 2 dorm 2 baños, sala comedor con vista a parque, con balcón, con piso de fina madera. En edificio de 5 pisos sin ascensor. 1 dpto x piso, el dpto esta en 5o piso. Sin cochera. oportunidad! Venta $85, 000 negociable. Alquiler $1, 800. mayores informes 9. 5. 2. 0. 1. 8. 5. 8. 2|https://www.adondevivir.com/propiedades/clasificado/alclapin-ate-alquilo-o-vendo-bello-departamento-90-m-sup2--de-2-142569633.html?n_src=Listado&n_pills=Seguridad&n_pg=1&n_pos=24|2026-02-23
adondevivir|departamentos|alquiler|Lima Este|Chaclacayo|"Calle LAS Fresas al 200
Ceres, Ate Vitarte"|S/ 2,000|2000||||"62 m² tot.
2 dorm.
1 baño"|62|2|||"Inversión – oferta insuperable | departamento de estreno en ate A S/ 240, 000 soles – Urb. Ceres | 4to y 5to piso | Vista externa | Frente a parquepaga impuesto de alcabalasi buscas seguridad, buena distribución y una vista privilegiada, este depa es para ti. Vive con la tranquilidad de estar en zona enrejada, con cámaras y intercomunicador, además de acabados modernos y ambientes súper iluminados. fotos son referenciales, el proyecto se encuentra en acabados, puedes agendar visita! Características destacadas: area: 62m2 Sala amplia con balcón y vista al Parque Fresón2 dormitorios amplios1 baño con mesada de mármolCocina tipo americana con muebles y mesada de granitoAgua fría y calientePiso de mayólica de alto tránsitoVista externa (más luz y ventilación) no cuenta con ascensor no cuenta con cochera! Seguridad y control: Zona enrejada (más tranquilidad y acceso controlado) Cámaras de vigilanciaIntercomunicadorAhorro y comodidad: Medidor independiente (pagas lo que consumes) Tendal en el 7mo pisoTerraza (ideal para disfrutar al aire libre) Referencia: cerca a la carnicería El Chuletón – Urb. Ceres, Ate ¡confianza total! Ubícanos en nuestra página web oficina Centro empresarial Link Tower – Manuel Olguin 335- Oficina 1203 - Urb los Granados - Santiago de Surco"|https://www.adondevivir.com/propiedades/clasificado/alclapin-departmento-en-ate-frente-a-parque!-4to-y-5to-piso-148900282.html?n_src=Listado&n_pg=1&n_pos=25|2026-02-23
adondevivir|departamentos|alquiler|Lima Este|Chaclacayo|"Urquillos 165, Ate
Ate Vitarte, Lima"|S/ 1,800|1800||||"122 m² tot.
2 dorm.
2 baños"|122|2|2||Alquiler de departamento dentro de casa en segundo piso C/balcón frente A parqueamplio departamento en segundo piso, frente a parque 27 de Abril, con excelente ubicación a pocos minutos del Ovalo Santa Anita con Av. La Molina. El departamento presenta la siguiente distribución: dormitorio con clóset, sala-comedor con balcón vista al parque, terraza, 2 baños completos, dormitorio con espacio para clóset, cocina con lavandería. area=122. 40m2requisitos para alquiler. Sustentos de ingresos ( boletas de pago, recibos por honorarios, Pdt u otros). Dni o documentos de identidad de las personas que firmarían el contrato.. No estar reportados negativamente en centrales de riesgo Infocorp o Sentinel. condiciones. 2 meses de garantía por uno de adelanto.. Contrato mínimo de un año.. El departamento paga arbitriosSe permite una mascota adulta, acostumbrada a hacer sus necesidades fuera del departamento. Agenda ya tu visita! ruc Ver datos|https://www.adondevivir.com/propiedades/clasificado/alclapin-alquiler-de-departamento-en-2do-piso-calle-urquillos-148863249.html?n_src=Listado&n_pills=%C3%81rea+de+lavander%C3%ADa&n_pg=1&n_pos=26|2026-02-23
adondevivir|departamentos|alquiler|Lima Este|Chaclacayo|"De la Unión 303
27 De Abril, Ate Vitarte"|S/ 1,300 · USD 358|1300|358||100|"60 m² tot.
1 dorm.
1 baño"|60|1|||Se alquila mini departamento en tercer piso de edificio ubicado en el distrito de Ate Vitarte (cerca al óvalo Santa Anita). Área: 60 m2. Sala comedor. Cocina con reposteros altos y bajos. Un dormitorio. Un baño completo. mensualidad: 1300 soles (modalidad 2x1) Incluye 100 soles de mantenimiento (limpieza y luz de áreas comunes). Datos adicionales: El departamento cuenta con gas natural. Los consumos de agua y luz del departamento son pagados por el inquilino. Sí se aceptan mascotas. El edificio se ubica cerca al ovalo Santa Anita, mercado, centros comerciales y a 3 cuadras del Metro.|https://www.adondevivir.com/propiedades/clasificado/alclapin-minidepartamento-de-un-dorm.-en-tercer-piso-ate-146077574.html?n_src=Listado&n_pg=1&n_pos=27|2026-02-23
adondevivir|departamentos|alquiler|Lima Este|Chosica Lurigancho|"Avenida Carapongo
Carapongo, Chosica (Lurigancho)"|S/ 850 · USD 250|850|250|||"60 m² tot.
2 dorm.
2 baños"|60|2|2||Excelentes departamentos de estreno con buenos acabados, de 2 y 3 dormitorios con 1 y 2 baños completos y patio. Todos los ambientes super iluminados, cada uno tiene su propia lavanderia y completamente independientes. Cada dormitorio tiene su closet grande, con separaciones y gavetas. La cocina ya viene completamente amoblada con reposteros y compartimiento para colocar microondas. Los servicios de luz y agua son completamente independientes ya que cada uno tiene su propio medidor. Telf 9. 5. 2. 3. 7. 1. 9. 4. 3. Tiene un frente increíble ya que tiene vista para una ladera con jardín y arboles naturales de color verde. El lugar es super seguro, ya que existe una tranquera de seguridad antes de entrar a esta urbanización. También hay un ``local comercial`` que estaría disponible para alquilar en el 1er piso, el cual tiene su baño propio, completamente independiente y es un ambiente super amplio. La dirección es Manzana ``B`` Lote 20 en las Terrazas de Caraponguillo. Es la primera Avenida a la mano izquierda, entrando por la entrada principal (caseta de Seguridad).|https://www.adondevivir.com/propiedades/clasificado/alclapin-estreno-alquiler-de-departamentos-148904246.html?n_src=Listado&n_pills=Cerca+a+colegios&n_pg=1&n_pos=1|2026-02-23
adondevivir|departamentos|alquiler|Lima Este|Chosica Lurigancho|"Los Crisantemos 291, Lurigancho-chosica
Chosica (Lurigancho), Lima"|S/ 900 · USD 257|900|257|||"53 m² tot.
2 dorm.
1 baño"|53|2|||Este bonito departamento consta de: -Una sala y comedor con vista interna-Cocina con muebles altos y bajos y-Area de lavanderia-2 Habitaciones-1 Baño completoSi deseas vivir en un lugar tranquilo y cerca a la carretera central, entonces esta es una buena opción. condiciones de alquiler: -2 meses de garantía-1 mes de adelantoT. C. 3. 50Tipo de cambio referencial, sujeto a variación diaria por fluctuación del mercado|https://www.adondevivir.com/propiedades/clasificado/alclapin-alquilo-departamento-en-estreno-148065306.html?n_src=Listado&n_pills=%C3%81rea+de+lavander%C3%ADa&n_pg=1&n_pos=2|2026-02-23
adondevivir|departamentos|alquiler|Lima Este|Chosica Lurigancho|"Urb el Golf de Huampani Etapa 2
Chosica (Lurigancho), Lima"|S/ 900 · USD 257|900|257|||"65 m² tot.
2 dorm.
1 baño"|65|2|||Este departamento consta de: Sala - Comedor con vista externaCocina cerrada con mueble bajo2 Habitaciones1 Baño completoÁrea de oficinacondiciones de alquiler: 2 meses de garantía1 mes de adelantoT. C. 3. 50Tipo de cambio referencial, sujeto a variación diaria por fluctuación del mercado|https://www.adondevivir.com/propiedades/clasificado/alclapin-se-alquila-bonito-departamento-148065443.html?n_src=Listado&n_pg=1&n_pos=3|2026-02-23
adondevivir|departamentos|alquiler|Lima Este|Chosica Lurigancho|"Las Gardenias
Chosica (Lurigancho), Lima"|S/ 1,500|1500||||"60 m² tot.
2 dorm.
1 baño
1 estac."|60|2||1|Viva rodeado de naturaleza, seguridad y exclusividad en uno de los Clubes residenciales más completos y mejor ubicados del este de Lima. Este departamento en primer piso es ideal para familias que buscan tranquilidad, áreas verdes y un entorno privado con todas las comodidades. Ubicado en el Club Residencial Los Girasoles de Huampaní, a pocos metros de la Av. Circunvalación y a la altura del Puente Morón, con rápido acceso a la Carretera Central. Áreas y Beneficios del Club. - Seguridad privada las 24 horas. - Casa club con piscina para adultos y niños. - Restaurante y salón de eventos. - Laguna artificial. - Zona de parrillas. - Juegos infantiles. - Canchas deportivas: fulbito, vóley, básquet y tenis. - Amplias áreas verdes y parques. - Zona comercial interna (minimarket, restaurantes, pizzería, peluquería, academia de karate) - Capilla, posta médica y centro del adulto mayor. Un entorno ideal para vivir con tranquilidad, aire puro y calidad de vida. Departamento – 60 m² - Primer piso. - Cocina abierta con muebles altos y bajos, barra de granito. - Equipado con cocina, campana extractora, microondas y refrigeradora. - Patio de lavandería y tendal. - Baño completo con therma. - 2 dormitorios con clóset y camas. - 1 estacionamiento. Condiciones. - Evaluación positiva en Infocorp. - Sustento de ingresos. - 1 mes de garantía. - 1 mes de adelanto. Disponibilidad inmediata. Los Departamentos en este club residencial no suelen estar disponibles. Si busca seguridad, naturaleza y calidad de vida, esta es una oportunidad que no debes dejar pasar. Contáctenos hoy mismo para agendar una visita.|https://www.adondevivir.com/propiedades/clasificado/alclapin-alquiler-departamento-en-1er-piso-en-club-148837408.html?n_src=Listado&n_pills=Piscina&n_pg=1&n_pos=4|2026-02-23
adondevivir|departamentos|alquiler|Lima Este|Chosica Lurigancho|"Calle Bilbao 199
Mayorazgo, Ate Vitarte"|S/ 2,000 · USD 600|2000|600||260|"70 m² tot.
3 dorm.
2 baños"|70|3|2||Propietario alquila departamento muy bien iluminado, en el séptimo piso de Edificio Multifamiliar. Cocina con reposteros, campana extractora, cocina a gas. Incluye zona de lavandería. Dormitorio principal con baño incorporado y closet. Segundo y Tercer dormitorios con closet c/u, 01 Baño completo. El precio del alquiler incluye Conexión a Wi-Fi, ideal para teletrabajo. Áreas comunes: área de parrilla. Ubicado en la esquina de Calle Bilbao y Calle Guadalajara, muy céntrico, cerca a Supermercados, Restaurantes, Universidades, Colegios, Centros Comerciales y avenidas principales como Javier Prado, Huarochiri y Av. La Molina. Zona segura y vigilancia todo el día (24/7). Condiciones: 2 meses de garantía y 1 mes de adelanto. Precio a tratar.|https://www.adondevivir.com/propiedades/clasificado/alclappa-departamento-cerca-de-la-av-javier-prado-entre-ate-y-61635438.html?n_src=Listado&n_pills=Parrilla&n_pg=1&n_pos=1|2026-02-23
adondevivir|departamentos|alquiler|Lima Este|Chosica Lurigancho|"Av Piramide del Sol al 500, Tercer Piso - Departamento Amplio con 3 Dorm - Tercer Piso
San Juan de Lurigancho, Lima"|S/ 1,800 · USD 535|1800|535|||"160 m² tot.
3 dorm.
2 baños"|160|3|2||Amplia Oficina en Alquiler/o Departamento – Zona Estratégica de sjse alquila departamento y / o Oficina de 160 m² en tercer piso de Pirámide del Sol 526, a pocos minutos de la Estación Caja de Agua. Ubicado en una zona altamente comercial y con excelente conectividad. Características: 3 dormitorios ampliosSala comedor iluminadaCocina independiente1 baño completoLavanderíaSin ascensorIdeal para familias o Oficina que busquen comodidad y amplitud, con fácil acceso a transporte, comercios y servicios. 160 m² bien distribuidos Cerca a transporte público y zona comercial Excelente relación ubicación–precio|https://www.adondevivir.com/propiedades/clasificado/alclapin-alquiler-departamento-tercer-piso-3-dorm-en-av-148873910.html?n_src=Listado&n_pills=%C3%81rea+de+lavander%C3%ADa&n_pg=1&n_pos=2|2026-02-23
adondevivir|departamentos|alquiler|Lima Este|Chosica Lurigancho|"Londres 124 al 100
Ate Vitarte, Lima"|S/ 1,600|1600||||"95 m² tot.
2 dorm.
2 baños"|95|2|2||Contacto: doris guevaracel: 9*6*6*6*5*6*5*9*9A pasos del Centro Comercial PuruchucoArea Construida 94. 20 m2 4to piso 2 dormitorios2 bañosUbicado en 4to piso, con escaleras cómodas y descansadas. Este departamento ofrece ambientes funcionales, ventilación e iluminación natural acceso inmediato a avenidas principales como Nicolás Ayllón, Carretera Central, Londres, C. 12Estarás cerca de centros Comercial Puruchuco, Metro, Educativos, Plaza Josfel, Corte Superior de Justicia Lima Este, Hipermercado Cerámico, Grifo Primaxcaracteristicas- Área total: 94. 20 m²- Sala - comedor amplia. - Cocina kitchenette por implementar. - 2 dormitorios. - Área de lavandería por implementar. - Área de tendal en la azotea. - Modalidad: 2 x 1- Contrato mínimo: 1 año ¡Una oportunidad única para alquilar un departamento con vista externa, bien distribuido y con ubicación comercial estratégica!.? Contactanos para mas informacion y agenda tu visita hoy mismocontacto: doris guevaracel: 9*6*6*6*5*6*5*9*9id: 1*1*6*7*9*5*5|https://www.adondevivir.com/propiedades/clasificado/alclapin-alquiler-de-departamento-en-ate-vitarte-148617424.html?n_src=Listado&n_pills=%C3%81rea+de+lavander%C3%ADa&n_pg=1&n_pos=3|2026-02-23
adondevivir|departamentos|alquiler|Lima Este|Chosica Lurigancho|"Calle Badajoz
Mayorazgo, Ate Vitarte"|S/ 2,200 · USD 650|2200|650|||"90 m² tot.
3 dorm.
2 baños
1 estac."|90|3|2|1|Departamento nuevo: Excelente Departamento con ambientes completamente iluminados, vista externa con 2 frentes, super moderno, vista a la calle, todos los cuartos tienen closet, el ambiente de la cocina viene completamente amoblada con cocina, campana y reposteros modernos, todos los pisos son de porcelanato claro y cada departamento tiene su cochera automática propia. El cuarto principal es una suit amplia y completa ya que tiene su baño propio y 2 closets, una para ropa normal y otra de ropas blancas. Departamento con ascensor amplio. Zona muy Segura, cercada y con Seguridad las 24 horas del día y cámaras de Seguridad instaladas en los departamentos. Teléfono de contacto: 9. 5. 2. 3. 7. 1. 9. 4. 3. Referencia: Universidad Pre de Lima|https://www.adondevivir.com/propiedades/clasificado/alclapin-alquiler-de-departamento-en-mayorazgo-143733446.html?n_src=Listado&n_pills=%C3%81rea+de+lavander%C3%ADa&n_pg=1&n_pos=4|2026-02-23
adondevivir|departamentos|alquiler|Lima Este|Chosica Lurigancho|"LAS CALENDULAS 404
San Juan de Lurigancho, Lima"|S/ 1,500 · USD 405|1500|405|||"90 m² tot.
2 dorm.
2 baños"|90|2|2||A precio de ocasión se alquila lindo departamento de estreno en primer piso en la entrada de san juan de lurigancho. Este departamento de ensueño esta ubicado A la altura del paradero 1 de las flores de primavera, frente al poder judicial, en una calle segura con control de ingresos Y seguridad de dia Y de noche. Cuenta con una amplia sala comedor, una cocina cerrada tipo kitchen con muebles altos Y bajos, dispensador de copas, cocina encimera de 4 hornillas, campana extractora, tablero de granito Y lavadero amplio Y cómodo. Cuenta además con dos habitaciones grandes, baño de visita Y un baño grande con grifería de primera. área de lavandería grande con terma Y un patio tendal interno. Este departamento tiene dos ingresos. Este departamento es especial por su ubicación, el acceso A lima es A 10 minutos, A traves del tunel que conecta al rimac con san juan de lurigancho Y también está súper cerca A la estación caja de agua del tren eléctrico, su infraestructura es impecable, siendo de estreno ha sido construido con un diseño muy elegante en la cocina, tiene griferías de primera calidad Y también luminarias modernas con luces led. Sus espacios son grandes Y cómodos. Este departamento te brindará el confort Y una excelente presentación, ya que el diseño de la cocina ha sido elaborado minuciosamente para una excelente presentación, cuenta además con conexión A gas cálida. Contando con todo lo que necesitas para tener la comodidad deseada. Cuenta además con dos habitaciones grandes, en cada una de ellas puede instalar una cama quin O king, amplias ventanas que le darán mucha ventilación E iluminación, un baño completo Y uno de visita con excelentes acabados, therma, cuenta además con una amplia lavandería Y un patio tendal. Lo mejor es el precio!.|https://www.adondevivir.com/propiedades/clasificado/alclapin-ocasion!-alquilo-lindo-depa-de-estreno-1er-piso-s.-j.-142562051.html?n_src=Listado&n_pills=Cerca+a+colegios&n_pg=1&n_pos=5|2026-02-23
adondevivir|departamentos|alquiler|Lima Este|Chosica Lurigancho|"Av. los Nogales 251
El Agustino, Lima"|S/ 1,850 · USD 544|1850|544||150|"64 m² tot.
2 dorm.
2 baños"|64|2|2||Alquiler – departamento amoblado en condominio los nogales. Vive en un moderno departamento amoblado en el exclusivo Condominio Los Nogales, con 62 m², ubicado en una zona estratégica y céntrica del distrito de El Agustino. Ideal para familias que buscan comodidad, seguridad y excelente ubicación. Características del Departamento. Área total: 62 m² Ubicado en el piso 15. Edificio de 20 pisos. 2 dormitorios. 2 baños completos. Sala – comedor. Cocina con lavandería integrada. Terma. Ambientes cómodos y bien iluminados. Dos ascensores. Áreas Comunes. Piscina. Cancha de fulbito. Zona de juegos para niños. Gimnasio. Cine para niños y adultos. Zona de parrillas. Áreas verdes y jardines. Dos salas de usos múltiples. Seguridad las 24 horas. Este departamento ubicado en el condominio casa club los nogales, muy cerca al parque santa rosa de quives, otra de las ventajas del departamento es su ubicación estratégica. Se encuentra a 10 minutos del cc. Jockey Plaza y a 5 del Mall Aventura Plaza de Santa Anita. Sin duda, una gran ventaja. A dos cuadras de la via de evitamiento. A un paso del Centro de salud santa rosa de quives, estadio Manuel Correa Santa Anita, proximidad al centro bancario santa anita, Farmacia, Peluquerías, Veterinaria, Restaurantes, Mass, etc. Precio de alquiler: S/ 1, 850. Mantenimiento: S/ 150 aprox.|https://www.adondevivir.com/propiedades/clasificado/alclapin-alquilo-departamento-amoblado-los-nogales-el-148911933.html?n_src=Listado&n_pills=Seguridad&n_pg=1&n_pos=6|2026-02-23
adondevivir|departamentos|alquiler|Lima Este|Chosica Lurigancho|"Jr. Punkari 1650
Mangomarca, San Juan de Lurigancho"|S/ 1,200|1200|||30|"80 m² tot.
2 dorm.
2 baños"|80|2|2||Alquilo departamento práctico cerca a makro de Mangomarca. Ideal para persona sola, o pareja de amigos o compañeros de trabajo que laboren cerca a makro de Mangomarca o alrededores. * Cocina - comedor con buena ventilación e iluminación con muebles bajos y mueble de almacenamiento de madera de estreno. * Dormitorio principal de 15 m2 con closet de madera de pared a pared. * Segundo dormitorio o estudio de 8 m2. * Hall. * Amplia zona de lavandería en la azotea, exclusiva para el departamento con zona de lavandería, planchador y amplia zona de tendal. Condiciones: Arriendo: s/ 1200. Garantía 1 mes de arriendo. Buen record crediticio. WhatsApp Ver datos|https://www.adondevivir.com/propiedades/clasificado/alclapin-alquilo-departamento-practico-cerca-a-makro-de-148963717.html?n_src=Listado&n_pills=Cerca+a+colegios&n_pg=1&n_pos=7|2026-02-23
adondevivir|departamentos|alquiler|Lima Este|Chosica Lurigancho|"Prolongacion Javier Prado por el moll
Los Portales De Ate, Ate Vitarte"|S/ 1,800 · USD 580|1800|580|||"99 m² tot.
3 dorm.
2 baños"|99|3|2||Alquilo dpto 2do piso Ate Los Portales de Javier Prado. Cerca a Real Plaza Puruchuco y avenida Prolongación Javier Prado, 2do Piso Ideal iluminado ventilado, 93 metros aproximadamente. - Sala y comedor. - La cocina equipada con campana y extractora y muebles reposteros mesa de granito. - 3 Habitaciones amplias. - La Habitación principal es amplio con closet grande. Tiene baño propio. - 2 Baños completos en total. - - Lavandería. Cuenta con espacio para una lavadora o lavaseca y tendal. - Terma que alimenta a todo el departamento. Limpieza del edificio: Cuenta con Gas cálida. * condiciones: - Contrato por un año. - Contar con buen perfil crediticio. - Demostrar sustento económico: 3 últimas boletas de pago. Recibos / facturas. precio de alquiler S/. 1, 800 negociable!! Modalidad: 1 de garantia x 1 de adelanto.|https://www.adondevivir.com/propiedades/clasificado/alclapin-deparatmento-xprolongacion-j.-prado-y-moll-en-148991074.html?n_src=Listado&n_pills=Cerca+a+colegios&n_pg=1&n_pos=8|2026-02-23
adondevivir|departamentos|alquiler|Lima Este|Chosica Lurigancho|"Calle Helsinki 8646
Ate Vitarte, Lima"|S/ 1,400|1400|||1|"65 m² tot.
1 dorm.
1 baño"|65|1|||Alquilo amplio Departamento moderno de 1 dormitorio frente al centro comercial Real Plaza Puruchuco. Departamento ubicado en 4. º piso, con vista a la calle y a Puruchuco, que destaca por su amplitud, buena distribución y acabados modernos. Dispone de una sala amplia y bien iluminada, ideal para un ambiente cómodo y funcional. La cocina de tamaño mediano cuenta con reposteros bajos, pensada para un uso práctico. El dormitorio principal es muy espacioso, con excelente iluminación natural y vista a la calle. Incluye mueble empotrado para tv y un walking clóset amplio, equipado con zapateras, cajoneras y espacios ideales para organizar ropa, vestidos, joyas y accesorios personales. El baño moderno y sofisticado cuenta con lavatorio de mármol, iluminación natural, terma eléctrica y un diseño cómodo y elegante. Condiciones del alquiler: - Precio: S/ 1, 400 mensuales. - Luz: consumo independiente. - Agua: S/ 25 por persona. Condicion: 2 x 1. No mascotas. No extranjeros. Excelente opción para quienes buscan confort, estilo y buena ubicación. Contacto luis de la cruz. 9. 6. 6. 3. 8. 2. 1. 6. 4.|https://www.adondevivir.com/propiedades/clasificado/alclapin-alquilo-departamento-frente-a-real-plaza-puruchuco-148706885.html?n_src=Listado&n_pg=1&n_pos=9|2026-02-23
adondevivir|departamentos|alquiler|Lima Este|Chosica Lurigancho|"Carretera Central 418
Chaclacayo, Chaclacayo"|S/ 1,300|1300|||125|"74 m² tot.
3 dorm.
2 baños
1 estac."|74|3|2|1|Alquiler de amplio departamento en el Condominio Del Valle en Chaclacayo. 3 dormitorios. 2 baños completos. Sala comedor. Kitchenette con muebles altos y bajos. 3er piso. Estacionamiento en el sótano. Área de entrenamiento. Balcón. No tiene ascensor. Solo se acepta una mascota pequeña (perrito) Alquiler: S/1, 300 incluído el estacionamiento. Mantenimiento: S/125. Condiciones: 2x1( 2 meses de garantía y un mes de adelanto) Características del condominio: Áreas comunes(jardines, juegos para niños, sala de reuniones, zona de parrillas, salón de juegos de mesa, Minimarket, estacionamiento de visitas) Vigilancia 24/7 cámaras con circuito cerrado de televisión, Área de recepción) Condominio tranquilo y seguro. Evaluación: ️ A los interesados se les solicitará sustento de ingresos mensuales, se le realizará un filtro en Sentinel (central de riesgo infocorp), y se les solicitará antecedentes policiales a cada habitante mayor de edad.|https://www.adondevivir.com/propiedades/clasificado/alclapin-alquilo-departamento-en-chaclacayo-condominio-del-148851869.html?n_src=Listado&n_pills=Cerca+a+colegios&n_pg=1&n_pos=10|2026-02-23
adondevivir|departamentos|alquiler|Lima Este|Chosica Lurigancho|"av Central
Bayovar, San Juan de Lurigancho"|S/ 1,100|1100||||"90 m² tot.
2 dorm.
1 baño"|90|2|||Alquiler de departamento en San Juan de Lurigancho – a 5min Estación BayóvarSe alquila departamento ubicado en 3er piso dentro de una urbanización tranquila, a solo cinco minutos de la estación Bayóvar. El entorno cuenta con vías amplias, acceso rápido al transporte y a la Av. Central Características del departamento: Área de 90 m²Tercer pisoDos dormitorios con buena iluminaciónUn baño completoSala cómoda y ventiladaCocina independientePequeño patio interiorTerma y gas cálidoServicios: Agua y luz se pagan por separadoUbicación: Cerca de la estación Bayóvar (5 minutos) A pocos metros de Av. Central Zona con mercados, tiendas, movilidad constante y acceso a serviciosCondiciones: Alquiler: S/ 1, 100 mensualesUn mes de adelanto + un mes de garantíaSe acepta mascota pequeña|https://www.adondevivir.com/propiedades/clasificado/alclapin-alquilo-de-departamento-en-av-central-en-san-juan-de-148654716.html?n_src=Listado&n_pg=1&n_pos=11|2026-02-23
adondevivir|departamentos|alquiler|Lima Este|Chosica Lurigancho|"Residencial Las Torres De Santa Clara Ate
Ate Vitarte, Lima"|S/ 1,300 · USD 386|1300|386||95|"70 m² tot.
3 dorm.
2 baños"|70|3|2||"Contacto: Mariela Grandez 9. 8. 3. 3. 2. 5. 4. 6. 4. ¡alquila tu nuevo hogar en las torres de santa clara – ate! S/ 1, 300 mensuales | ¡Mascota pequeña bienvenida! Vive con comodidad, seguridad y una excelente distribución en este departamento de 70 m², ubicado en cuarto piso con ascensor y vista externa, perfecto para disfrutar de buena iluminación y ventilación natural ️️ Características que te encantarán: ️ 3 dormitorios amplios. 2 baños completos. ️ Dormitorio principal con baño privado. ️ Los otros 2 dormitorios comparten un baño. Cocina con gas Cálidda. 2 puntos de gas: cocina y terma. Agua caliente y fría todo el día. Medidor de agua independiente (¡pagas solo lo que consumes!) Espacio para lavandería. Edificio con ascensor. Vista externa que le da mayor amplitud y luz natural. Condiciones: 2x1 (2 meses de garantía + 1 de adelanto) Mantenimiento S/. 95. 00 más consumo de agua. Opcional alquiler de cochera S/. 120. 00 mensual. Este departamento es ideal para familias, parejas o profesionales que buscan comodidad, buena ubicación y un precio competitivo. ¡Agenda tu visita hoy mismo y no dejes pasar esta oportunidad! Tu nuevo hogar te está esperando"|https://www.adondevivir.com/propiedades/clasificado/alclapin-se-alquila-departamento-en-las-torres-de-santa-clara-148884182.html?n_src=Listado&n_pills=Ascensor&n_pg=1&n_pos=12|2026-02-23
adondevivir|departamentos|alquiler|Lima Este|Chosica Lurigancho|"Asociación Villa Mangomarca
Mangomarca, San Juan de Lurigancho"|S/ 1,500 · USD 446|1500|446|||"70 m² tot.
2 dorm.
1 baño"|70|2|||"Alquiler – departamento en mangomarca, san juan de luriganchourbanización MangomarcaVive en una zona residencial tranquila, segura y rodeada de aire puro, frente a parque y sin edificios alrededor. ¡Un lugar donde realmente se respira paz! Características: 70 m² | 2 años de antigüedad2 habitacionesEntrada independienteFinos acabadosExcelente iluminación y ventilación naturalServicios independizadosFrente a parqueDisponible a partir del 03 de febreroA minutos de avenidas principales, con fácil acceso a transporte y servicios. Las imágenes y/o información de este inmueble son de carácter referencial. R. uc.: Razón social: Inversiones Delia S. A. C."|https://www.adondevivir.com/propiedades/clasificado/alclapin-alquiler-de-departamento-urbanizacion-mangomarca-148569143.html?n_src=Listado&n_pills=%C3%81rea+de+lavander%C3%ADa&n_pg=1&n_pos=13|2026-02-23
adondevivir|departamentos|alquiler|Lima Este|Chosica Lurigancho|"Departamento en Alquiler Condominio Jardines de Santa Clara
Santa Clara, Ate Vitarte"|S/ 1,000|1000|||120|"55 m² tot.
3 dorm.
1 baño"|55|3|||"*¡tu nuevo hogar te espera en condominio jardines de santa clara - ate*Se alquila hermoso departamento en el 8º piso, ideal para quienes buscan comodidad, vistas despejadas y excelente ubicación detrás del Real Plaza de Santa Clara, a 2 cuadras de la Carretera Central y cerca de la Av. Ramiro Prialé, Restaurantes, Bancos, Mercado, La Comisaria, entre otros que le hacen la Vida más fácil. Área: 55m2Ambientes: 3 dormitorios | Sala–comedor con pisos de vinílico | 1 baño completo y therma | Cocina y lavandería integradaBalcón con vista abierta – Ideal para disfrutar del atardecer8º piso – Luminoso y ventilado todo el díaEdificio con ascensorSeguridad y acceso controladoEspacios comunes en excelente estado como zona de lavandería, zona de parrilla, cine, sala de internet, pequeña capilla, gimnasio, bodega. No aceptan mascotasNo cuenta con gas cálidaNo tiene cochera, pero alquilan en el condominio Ideal para tu familiaCercano a transporte público, supermercados, universidades y másValor: S/1, 000Mantenimiento: S/120. 00 aprox. + servicios Contáctanos para más información o agendar una visita hoy¡! R. U. C Ver datos"|https://www.adondevivir.com/propiedades/clasificado/alclapin-alquilo-departamento-en-en-condominio-jardines-de-148982231.html?n_src=Listado&n_pills=Ascensor&n_pg=1&n_pos=14|2026-02-23
adondevivir|departamentos|alquiler|Lima Este|Chosica Lurigancho|"Condominio del Valle, Chaclacayo
Chaclacayo, Lima"|S/ 1,500 · USD 405|1500|405|||"83 m² tot.
3 dorm.
2 baños
1 estac."|83|3|2|1|Este precio departamento esta ubicado en el 4to pisoNo te puedes perder esta oportunidad de vivir en un condominio que esta a un paso a la carretera central, además cuenta con áreas verdes, áreas comunes como para realizar tus reuniones familiares donde gozaras de un salón amplio para tus eventos, área de parrillas, juego de mesa, MiniMarket super surtido de productos a buenos precios, área de juegos para niños y lo mas importante es que cuenta con vigilancia 24/7. la distribución del departamento es la siguiente: -Cocina abierta con muebles altos y bajos-(Con cocina, campana y refrigeradora) -Área de lavandería-Comedor con 6 sillas y una hermosa mesa-Sala con sillones y mueble de entretenimiento y televisor. -Área de oficina con muebles de escritorio-Baño completo-Área de escritorio-2 Habitaciones con camas y closet-1 Habitación principal con cama, televisor-1 Baño incorporado-Estacionamiento ampliomodalidad-2 meses de garantía-1 mes de adelantoSi deseas mas información, no dudes en comunicarte para concretar una cita. T. C. 3. 70Tipo de cambio referencial, sujeto a variación diaria por fluctuación del mercado|https://www.adondevivir.com/propiedades/clasificado/alclapin-hermoso-departamento-semi-amoblado-147487771.html?n_src=Listado&n_pills=Seguridad&n_pg=1&n_pos=15|2026-02-23
adondevivir|departamentos|alquiler|Lima Este|Chosica Lurigancho|"Av Circunvalacion Salamanca
Ate Vitarte, Lima"|S/ 2,000 · USD 112,000|2000|112000||280|"63 m² tot.
2 dorm.
2 baños"|63|2|2||Alquiler o Venta de acogedor dpto. Cuenta con muy buena distribución y acabados. Áreas comunes para propietarios: Terraza con parrilla, área de Gimnasio, estacionamiento para bicicletas. A 5 minutos del Jockey Plaza, cerca a colegios, universidades, bancos, clínicas, etc. Cocina integrada a sala comedor tipo kitchenette equipada. Área de estacionamientos para bicicletas. Vidrios de Fachada con aislamiento Acústico. Cerca a avenidas principales, colegios, universidades y cc Comerciales importantes. Frente a la facultad de medicina veterinaria de unmsm. Descripción: Departamento N*203. Área 63. 00m2.. _Por el frente colinda con la avenida circunvalación cruce con Javier prado.. -La entrada al edifico es las calles las fucsias 108.. -Sala y comedor. -1habitacion principal grande closet y con baño completo.. -2 habitación pequeña con closett.. -Baño de visitas completo.. -Cocina kitchenette amoblada reposteros altos y bajos de melamine tablero de granito.. -Refrigeradora.. -1 lavandería.. -Patio aires libre.. -Balcón vista a la calle. Mantenimiento. S/. 280. 00. Precio Venta. us$ 112, 000. 00. Ubicación. Av. Circunvalación 2935. Salamanca. *Las medidas del anuncio son referenciales*|https://www.adondevivir.com/propiedades/clasificado/veclapin-alquiler-venta-de-ocasion-dpto.-semi-nuevo-salamanca-146312486.html?n_src=Listado&n_pills=Gimnasio&n_pg=1&n_pos=16|2026-02-23
adondevivir|departamentos|alquiler|Lima Este|Chosica Lurigancho|"Asoc. El Olivar Mz J Lt 14
Ate Vitarte, Lima"|S/ 1,000|1000|||30|"70 m² tot.
3 dorm.
1 baño"|70|3|||Contacto: 9*4*3*7*7*6*6*2*8* laura risco-agente inmobiliariaalquiler de departamento de 3 hab en tercer piso A pocas cuadras de ctra. Central (altura idat sede ate) Y el complejo deportivo ollantaytambo – ate¿Estás buscando el departamento con la mejor ubicación? ¡Tenemos la solución perfecta para ti! ubicación: - Asoc. El Olivar de Vitarte Mz J Lt 14- Colindante con Calle El Trabajo-A 3 cuadras de Senasa – Sede Ate-A 1 cuadra del parque Primero de Enerodistribución: -3 habitaciones- Sala comedor-Cocina-Lavandería -1 baño-Tendal en azoteacaracterísticas: -Tercer piso-Vista interna-Acceso con escaleras-No tiene estacionamiento -No tiene gas Caliddaprecio: -Renta: S/. 1, 000 soles-Mantenimiento: S/. 30 soles- Luz: Según consumo. - Agua: Según prorrateo. -Arbitrios: S/. 16 solescondiciones: -Dos meses de garantía y 1 mes de adelanto (2x1) -Contrato anual-No estar reportado en Infocorp-Sustento de ingresos de los 3 últimos meses-Antecedentes penalescontacto: 9*4*3*7*7*6*6*2*8* laura risco-agente inmobiliaria|https://www.adondevivir.com/propiedades/clasificado/alclapin-alquiler-de-departamento-de-3-hab-en-tercer-piso-a-147248766.html?n_src=Listado&n_pills=%C3%81rea+de+lavander%C3%ADa&n_pg=1&n_pos=17|2026-02-23
adondevivir|departamentos|alquiler|Lima Este|Chosica Lurigancho|"Begonias ate
Ate Vitarte, Lima"|S/ 1,300 · USD 388|1300|388||50|"55 m² tot.
1 dorm.
1 baño"|55|1|||Dali Tafur 9-6-0-9-6-6-7-3-1 Departamento de Estreno en Ate Vitarte – Estilo Americano Se alquila moderno departamento de 55 m², estilo americano, ubicado en el 4to piso, a pocos pasos de la Plaza de Ate, en una zona muy tranquila, segura y privada. Sala – cocina – comedor integrados Área de lavandería Opción de adaptar 1 o 2 dormitorios según necesidad Solo 2 departamentos por piso Disponibles con vista interior o vista exterior Entrada independiente Escaleras descansadas Área compartida de lavandería o tendal Departamento de estreno? Alquiler: S/ 1, 300? Incluye servicios? Excelente ubicación: cerca a comercios, transporte y todo lo que necesitas, sin perder privacidad y tranquilidad.? No se aceptan mascotas? Requisitos: sustento de ingresos y buen reporte en central de riesgos? Contáctanos y agenda tu visita hoy mismo|https://www.adondevivir.com/propiedades/clasificado/alclapin-departamentos-mono-hanbientes-estilo-americano-en-ate-148514341.html?n_src=Listado&n_pills=%C3%81rea+de+lavander%C3%ADa&n_pg=1&n_pos=18|2026-02-23
adondevivir|departamentos|alquiler|Lima Este|Chosica Lurigancho|"Condominio Golf LOS Andes - Ñaña
Ñaña, Chaclacayo"|S/ 720 · USD 205|720|205|||"58 m² tot.
3 dorm.
2 baños"|58|3|2||Se alquila departamento en el condominio golf los andes (ñaña) Zona segura, condominio privado rodeado de areas verdes altura de la av. Priale Cuenta de 3 dormitorios 2 baños completos sala/comedor, cocina y lavandería. T. C. 3. 50Tipo de cambio referencial, sujeto a variación diaria por fluctuación del mercado|https://www.adondevivir.com/propiedades/clasificado/alclapin-se-alquila-departamento-en-el-condominio-golf-los-148041814.html?n_src=Listado&n_pills=%C3%81rea+de+lavander%C3%ADa&n_pg=1&n_pos=19|2026-02-23
adondevivir|departamentos|alquiler|Lima Este|Chosica Lurigancho|"Av. Central al 1000
San Juan de Lurigancho, Lima"|S/ 1,000|1000||||"75 m² tot.
3 dorm.
1 baño"|75|3|||Alquiler de departamento en san juan de lurigancho 3 dormitorioscontacto: eduardo nalvarte alvarezcelular: 9. 9. 4. 4. 8. 6. 4. 9. 0Departamento de Estreno dpto. 5 Cerca a la estación de Bayóvar en sjlubicación, diseño y confort se combinan en este departamento de estreno en alquiler. Situado en la Av. Central, a solo dos cuadras de la estación del tren de Bayóvar, te permitirá disfrutar de una vida práctica y conectada. 3 habitaciones espaciosas y bien distribuidas1 bañoCocina equipada con muebles altos y bajos de melamine, cocina incluida y gas naturalLavandería independienteSolo un departamento por piso, mayor tranquilidad y privacidadVive en una zona comercial con fácil acceso a transporte y servicios esenciales. Consulta disponibilidad y agenda una visita.|https://www.adondevivir.com/propiedades/clasificado/alclapin-departamento-en-san-juan-de-lurigancho-148472183.html?n_src=Listado&n_pills=%C3%81rea+de+lavander%C3%ADa&n_pg=1&n_pos=20|2026-02-23
adondevivir|departamentos|alquiler|Lima Este|Chosica Lurigancho|"Calle Leon Cdra 1 Urb. Mayorazgo
Mayorazgo, Ate Vitarte"|S/ 1,900|1900||||"65 m² tot.
2 dorm.
2 baños"|65|2|2||Contacto: Karina Carbajal 9 9 6 8 4 7 8 6 1 Se alquila amplio y funcional departamento ubicado en el 3er piso de una vivienda familiar, en Urb. Mayorazgo, zona residencial tranquila y bien conectada. La propiedad ofrece una distribución cómoda y versátil: * 2 dormitorios amplios + 1 cuarto de estudio, home office o dormitorio pequeñoDormitorio principal con baño privado y walking closet* Baño completo adicional* Cocina tipo americana con muebles altos y bajos y encimera de granito* Terraza con vista a la calle, agradable para descanso o reuniones pequeñas. * Área de lavandería común en el 4to pisoPor ser una vivienda familiar, no cuenta con ascensor, sin embargo tiene acceso independiente. El departamento es ideal para quienes deseen sentirse seguros y acompañados, como estudiantes, roomates, parejas, familias pequeñas, o profesionales. Ubicación estratégica en el cruce de Av. Huarochirí con Los Constructores, a pocos minutos de Av. Javier Prado, con fácil acceso a transporte, parques, colegios, centros comerciales, oficinas corporativas y servicios (cerca a Pre-Lima y oficina principal bcp). Condiciones: 2 meses de garantía y 1 mes de adelanto (2x1) No se aceptan mascotasNo incluye estacionamientoUna excelente alternativa para quienes buscan amplitud, buena ubicación y un entorno residencial consolidado. *nota: disponible A partir de quincena de marzo|https://www.adondevivir.com/propiedades/clasificado/alclapin-alquiler-de-departamento-3er-piso-mayorazgo-148942374.html?n_src=Listado&n_pills=%C3%81rea+de+lavander%C3%ADa&n_pg=1&n_pos=21|2026-02-23
adondevivir|departamentos|alquiler|Lima Este|Chosica Lurigancho|"av. Paracas Cuadra 9 con Cruce de Calle Abetos
Ate Vitarte, Lima"|S/ 550 · USD 149|550|149|||"20 m² tot.
1 dorm.
1 baño"|20|1|||Habitacion para una sola persona -se encuentra en zona centrica de salamanca, cuenta con area de cocina Y lanvanderia comun, camaras de seguridad-monitoriando las 24H, muy cerca A las av. principales via evitamiento Y javier prado, A 5 minutos del jockey plaza. -incluye en el precio la luz, agua, mantenimiento Y wifi. -no se aceptan mascotas-1 mes de garantia Y 1 mes de adelanto T. C. 3. 50Tipo de cambio referencial, sujeto a variación diaria por fluctuación del mercado|https://www.adondevivir.com/propiedades/clasificado/alclapin-se-alquila-habitacion-de-estreno-con-bano-incorporado-146305602.html?n_src=Listado&n_pg=1&n_pos=22|2026-02-23
adondevivir|departamentos|alquiler|Lima Este|Chosica Lurigancho|"Av. Las Flores de Primavera al 800 Urb. Las Flores
San Juan de Lurigancho, Lima"|S/ 1,100 · USD 320|1100|320|||"60 m² tot.
2 dorm.
1 baño"|60|2|||Alquiler de departamento en San Juan de Lurigancho! Ubicación privilegiada, a pocos minutos de la Estación Pirámide del sol y Caja de Agua ( tren eléctrico), con fácil acceso. Además, muy cerca de nuevo Mall Aventura de sjl y al instituto sise. El departamento cuenta con 70 m2 bien distribuidos. distribucion: - 2 dormitorios amplios que comparten un baño completo. -kitchenette. - sala- comedor amplia e iluminada. - ubicado en un 2 piso ( con escaleras) visitas faciles!!|https://www.adondevivir.com/propiedades/clasificado/alclapin-alquiler-departamento-en-urb.-las-flores-san-juan-de-147926554.html?n_src=Listado&n_pg=1&n_pos=23|2026-02-23
adondevivir|departamentos|alquiler|Lima Este|Chosica Lurigancho|"Calle Navarra
Ate Vitarte, Lima"|S/ 2,000|2000||||"120 m² tot.
4 dorm.
2 baños
1 estac."|120|4|2|1|Se alquila funcional departamento de 120 m2 con 3 a 4 habitaciones. ubicado en el 3er piso con escaleras y con entrada independiente. sala comedor, 2 baños, cocina y lavandería con cuarto y baño de servicio. Alquiler del Departamento: S/2. 000. Alquiler de cochera paralela: S/200. servicios: Agua y Luz paga según su consumo. Arbitrios según cartilla. Seguridad: S/50. Sustento de ingresos demostrables. Buen reporte crediticio. Sin antecedentes. Referencias.|https://www.adondevivir.com/propiedades/clasificado/alclapin-alquilo-funcional-departamento-de-3-hab.-120-m-sup2-148968132.html?n_src=Listado&n_pills=%C3%81rea+de+lavander%C3%ADa&n_pg=1&n_pos=24|2026-02-23
adondevivir|departamentos|alquiler|Lima Este|Chosica Lurigancho|"Calle Nevado de Huandoy
Ate Vitarte, Lima"|S/ 1,600 · USD 457|1600|457|||"60 m² tot.
2 dorm.
2 baños"|60|2|2||Alquiler de Departamento en Residencial Alpamayo – Zona Segura y Tranquila. Ubicación privilegiada: La Residencial Alpamayo cuenta con dos ingresos: Puerta 1: Recta del Colegio Alpamayo, entrando por el óvalo de frente. Puerta 3: Acceso por la Esplanada del Monumental. Características principales: Área: 60 m² Piso: 2do piso (solo 2 departamentos por piso) Medidor de luz y contómetro independiente. Distribución: Sala – Comedor. Kitchenet. 2 dormitorios. 1 baño completo. 1 baño de visita. Lavandería en el departamento. Tendal en azotea. Condiciones: Alquiler: S/ 1, 600. No se aceptan mascotas. Requisitos: 2 meses de garantía + 1 mes de adelanto. Estar bien en Infocorp. Sustento de ingresos. Contrato mínimo de 1 año. ¿Tienes una propiedad y deseas ponerla en venta o alquiler? Te acompañamos con una gestión profesional, segura y eficiente. Escríbenos al ９９３-９４９-４３１|https://www.adondevivir.com/propiedades/clasificado/alclapin-alquiler-departamento-en-ate-limite-con-la-molina-147723602.html?n_src=Listado&n_pills=%C3%81rea+de+lavander%C3%ADa&n_pg=1&n_pos=25|2026-02-23
adondevivir|departamentos|alquiler|Lima Este|Chosica Lurigancho|"Las dalias 134
San Juan de Lurigancho, Lima"|S/ 1,000|1000||||"58 m² tot.
1 dorm.
1 baño"|58|1|||A 300 metros de la Estación San Martín del Tren Eléctrico. Características del inmueble: • 1 habitación. • 1 baño. • Área construida: 66 m² • Área total: 55 m² • Cochera: Paralelo techado. • Antigüedad: 40 años. Servicios: • Agua municipal. • Energía por empresa privada. • Drenaje municipal. • No cuenta con gas. Beneficios del inmueble: • Ubicación estratégica con acceso rápido al tren eléctrico. • Movilidad garantizada hacia cualquier punto de la ciudad. • Zona tranquila y con diversas facilidades cercanas: comercios, bancos, mercados y transporte público. • Ideal para personas solas, parejas o profesionales que buscan independencia. Contáctanos para coordinar una visita.|https://www.adondevivir.com/propiedades/clasificado/alclapin-alquiler-de-departamento-san-juan-de-lurigancho-148378089.html?n_src=Listado&n_pg=1&n_pos=26|2026-02-23
adondevivir|departamentos|alquiler|Lima Este|Santa Anita|"Av. los Rosales 300
Santa Anita, Lima"|S/ 1,200|1200|||1|"65 m² tot.
2 dorm.
3 baños"|65|2|3||"Mini departamento en alquiler – 2 habitaciones | 2. º piso (vista interna) – Santa Anita. Funcional mini departamento ubicado en 2. º piso, con vista interna, ideal para quienes buscan comodidad y buena distribución. Cuenta con una sala–comedor amplia, con excelente iluminación natural, perfecta para un ambiente acogedor. La cocina tiene el tamaño adecuado para instalar cocina y lavadora, e incluye lavatorio, brindando practicidad en el día a día. Dispone de dos dormitorios cómodos: - Dormitorio principal con espacio para cama de 2 ½ hasta 3 plazas, con baño incorporado y ventilación natural. - Segundo dormitorio con capacidad para cama de plaza o plaza y media, también con baño incorporado. Además, cuenta con un baño completo independiente, ideal para visitas o uso adicional. Condiciones del alquiler. - Precio: S/ 1, 200 (ligeramente negociable) - Luz: consumo independiente. - Agua: S/ 25 por. persona. Condición 2 meses de garantía 1 de adelanto. No mascotas. No extranjeros. Ubicación privilegiada – Santa Anita. Ubicado en una zona estratégica de Santa Anita, a solo 2 minutos de la Plaza de Armas de Santa Anita. Se encuentra a 3–4 minutos caminando de la Av. Carretera Central, lo que garantiza excelente conectividad. A pocos pasos se ubica un mercado tradicional y muy conocido del distrito, así como un centro recreacional de la Municipalidad de Santa Anita. Además, se encuentra cerca de: - 5 minutos del Óvalo de Santa Anita. - 7–10 minutos de la Av. Javier Prado. - Universidades e institutos como upn y el Británico. - Centros comerciales como Mall Plaza Santa Anita. Excelente opción para parejas, familias pequeñas o estudiantes, que buscan buena ubicación, funcionalidad y precio competitivo. Luis de la cruz. *96. 6. 3. 8. 2. 1. 6. 4"|https://www.adondevivir.com/propiedades/clasificado/alclapin-alquilo-departamento-zona-centrica-148706916.html?n_src=Listado&n_pills=Cerca+a+colegios&n_pg=1&n_pos=1|2026-02-23
adondevivir|departamentos|alquiler|Lima Este|Santa Anita|"asociacion monterrey
Monterrey, Santa Anita"|S/ 750|750|||40|"45 m² tot.
1 dorm.
1 baño"|45|1|||Se alquila bonito Mini departamento en buen estado, Ideal para una o dos. No se aceptan mascotas. Metraja 45 m2. sala comedor. 1 Baño completo. Cocina. 1 Dormitorio, closet. Instalación para lavadora. La Luz tiene medidor propio (medidor a 0. 95 kw) El Agua se paga 40 soles mensuales. Arbitrios costo de 15 soles. Asociación Monterrey - Santa Anita. Alquiler: S/. 750 soles. Interesados contactar con Sandra Lucar al Ver datos|https://www.adondevivir.com/propiedades/clasificado/alclapin-se-alquila-mini-departamento-cerca-a-tecsup-santa-146248596.html?n_src=Listado&n_pills=Frente+a+parque&n_pg=1&n_pos=2|2026-02-23
adondevivir|departamentos|alquiler|Lima Este|Santa Anita|"Santa Anita 15011
Santa Anita, Lima"|S/ 1,700|1700|||100|"87 m² tot.
3 dorm.
1 baño
1 estac."|87|3||1|Área: 87 M2. piso 4to y 5to. Vistas internas. distribución. 3 habitaciones. 1 Sala comedor. 1 Cocina modelo americana. 2 baños. 1 cochera opcional. Lavandería. Patio. El edificio cuenta con escaleras y ascensor para su ingreso. Edificio de estreno. Precios: 4to piso vista interna 1, 700 soles ligeramente negociables. 5to piso vista interna 1, 600 soles ligeramente negociables. Mantenimiento: 100 soles. Los servicios básicos son aparte, no están incluidos dentro de la renta. Cochera: 180 soles mensuales (opcional) Contrato mínimo un año. Condiciones 2 meses de garantía y un mes de renta adelantada. Ubicado en la misma Av. La cultura con Av. Metropolitana, frente al del mayorista de Santa Anita, cerca de centros comerciales y más. Agenda tu visita al: 9-4-1-1-3-8-5-9-1. 9-4-4-2-7-3-0-5-9. lima house inmobiliaria|https://www.adondevivir.com/propiedades/clasificado/alclapin-alquiler-de-departamento-de-estreno-en-santa-anita-148849167.html?n_src=Listado&n_pills=Seguridad&n_pg=1&n_pos=3|2026-02-23
adondevivir|departamentos|alquiler|Lima Este|Santa Anita|"Calle Portada del Sol 267
Santa Anita, Lima"|"S/ 1,000
9%"|1000||9%||"70 m² tot.
2 dorm.
1 baño"|70|2|||Departamento en alquiler ubicado en Santa Anita, ideal para parejas o estudiantes, Cuenta con 70 m² de superficie construida. Dispone de 2 habitaciones y 1 baño. Cocina con comedor. Ubicado en el segundo piso. La zona ofrece cercanía a centros comerciales y escuelas, facilitando el acceso a servicios y educación. Santa Anita es un distrito residencial con buen acceso a transporte público y principales avenidas, conectando con otros puntos de la ciudad. Condiciones: 1x1|https://www.adondevivir.com/propiedades/clasificado/alclapin-departamento-de-70-m-sup2--con-1-habitacion-en-148959713.html?n_src=Listado&n_pills=Cerca+a+colegios&n_pg=1&n_pos=4|2026-02-23
adondevivir|departamentos|alquiler|Lima Este|Santa Anita|"Jr Pretel
Santa Anita, Santa Anita"|S/ 1,500|1500||||"62 m² tot.
2 dorm.
1 baño"|62|2|||Se alquila departamento en 3er piso vista exterior en calle Petrel Santa Anita, altura cuadra 6 de Av. Los Ruiseñores cerca a parques, Colegios, Universidad San Martin de Porres, a pocas cuadras del Ovalo Santa Anita, Urbanización con control de ingreso y salidas, consta de: Sala Comedor, Cocina cerrada con reposteros altos y bajos, 1 baño completo, 2 dormitorios, departamento bien iluminado y ventilado, tiene un patio independiente para tendal. Dentro del precio del alquiler incluye el consumo de agua y los arbitrios. Consumo de luz independiente. Condiciones 2x1 y contrato por 1 año. Se solicitaran sustento de ingresos. No se aceptan mascotas.|https://www.adondevivir.com/propiedades/clasificado/alclapin-alquilo-departamento-en-3er-piso-santa-anita-147517865.html?n_src=Listado&n_pg=1&n_pos=5|2026-02-23
adondevivir|departamentos|alquiler|Lima Este|Santa Anita|"Las Zarzamoras
Santa Anita, Lima"|S/ 1,250|1250||||"107 m² tot.
3 dorm.
2 baños"|107|3|2||Flat en alquiler — Santa Anita (Parque Zarzamoras) Ubicación: Parque Zarzamoras, Santa Anita, Lima. Edificio: 6 pisos. Área Construida: 107 m² Características principales: - ️ 3 habitaciones (incluye dormitorio principal con baño privado) - 2 baños (uno en el dormitorio principal + baño de visita) - Aceptan mascotas. - Balcón con vista al parque. - ️ Antigüedad: 5 años. Descripción breve e impactante: Departamento amplio y luminoso de 107 m², ideal para familias o profesionales que buscan confort y buena ubicación. Distribución cómoda con sala comedor que conecta al balcón, cocina funcional y dormitorios bien iluminados. El edificio de pocos pisos ofrece tranquilidad y un ambiente residencial cerca de parques, comercios y transporte público. Se permiten mascotas, perfecto para quienes no quieren dejar a sus compañeros de cuatro patas. ¿Te interesa? Agenda tu visita y conoce tu próximo hogar.|https://www.adondevivir.com/propiedades/clasificado/alclapin-se-alquila-amplio-departamento-de-107-m-sup2--3-148883985.html?n_src=Listado&n_pg=1&n_pos=6|2026-02-23
adondevivir|departamentos|alquiler|Lima Este|Santa Anita|"condominio los nogales
Santa Anita, Lima"|S/ 1,550 · USD 461|1550|461||150|"65 m² tot.
2 dorm.
2 baños"|65|2|2||*Disponibilidad para mudarse a partir del primero de Marzo. *Se alquila Amoblado. ¿Estas listo para vivir en el mejor departamento amoblado de Lima? Y, ¿Que mejor que vivir en una zona segura y en un condominio como este? Precio: 1550 soles. Mantenimiento: En promedio 150 soles (incluye agua). Luz independiente. Recibo de gas Cálidda: Depende del consumo, igual es muy bajo. Se acepta una mascota pequeña (perro, gato no). Departamento ubicado en una zona céntrica, como lo es la Av. Los Nogales, con accesos a Av. 1ro de Mayo, Av. Panamericana y la Av. Nicolas Ayllon. Este distrito colinda con el distrito de Santa Anita, está muy cerca del Mall Aventura Santa Anita y el Mercado Santa Rosa. Ideal para una pareja o una familia de 03 integrantes. Características: Está ubicado en el piso 15. Cuenta con una sala comedor iluminada y espaciosa (incluye muebles) y tiene un balcón. Tiene dos dormitorios amplios (incluyen camas y closets) y 2 baños completos (uno de visita y el otro está dentro de la habitación principal). Ambos baños tienen ducha. Tiene cocina con reposteros altos y bajos, cocina con campana extractora y una refrigeradora. Cuenta con un área de lavandería, lavadero y lavaseca. Plus: Tiene gas Cálidda para secadora y para el agua caliente, así que podrás ahorrar mucho en términos económicos. Además, tiene conexión con fibra óptica si es que deseas colocar internet. El condominio se llama Los Nogales, cuenta con Casa Club, áreas libres, campos de futbol, áreas verdes y piscina. Hay cocheras disponibles para alquilar en el mismo condominio. Lobby de ingreso y sala de espera. Videovigilancia en todas las áreas comunes: zona de parrillas zona de juegos para niños canchas de fútbol y piscinas. Requisitos: Sustento de ingresos. ¿Qué esperas? Ven y visita este departamento. Está esperando por ti.|https://www.adondevivir.com/propiedades/clasificado/alclapin-amoblado-condominio-los-nogales-cerca-del-mall-de-147003558.html?n_src=Listado&n_pills=Piscina&n_pg=1&n_pos=7|2026-02-23
adondevivir|departamentos|alquiler|Lima Este|Santa Anita|"Las Vayas
Santa Anita, Lima"|S/ 1,190|1190|||99|"60 m² tot.
2 dorm.
1 baño"|60|2|||Alquiler de departamento en Santa Anita! 60m2, quinto piso. Ubicado en calle las Vayas, cerca del cruce entre las Av. Las Chancas y Huarochirí. La distribución consta de 2 dormitorios, 1 baño, sala comedor, cocina cerrada, zona de lavandería y tendal en la azotea. Mascota no permitida. Cochera no disponible. Solicita vídeo al interno. Condiciones del trato: -S/1, 200 (2x1) -Mantenimiento S/100 y otros servicios por consumo propio. -Contar con ingresos sustentados con boleta o reporte tributario. -No registrar deudas vencidas al menos el titular que firma. solo whatsapp. -camila: Ver datos. -grover: Ver datos. -deysi: Ver datos. -roel: Ver datos. broker en linea group|https://www.adondevivir.com/propiedades/clasificado/alclapin-alquiler-2-dorm.-1-bano-quinto-piso-no-mascotas-148613207.html?n_src=Listado&n_pills=%C3%81rea+de+lavander%C3%ADa&n_pg=1&n_pos=8|2026-02-23
adondevivir|departamentos|alquiler|Lima Este|Santa Anita|"Cam. Real 195
Universal, Santa Anita"|"S/ 1,400
6%"|1400||6%|30|"83 m² tot.
3 dorm.
2 baños"|83|3|2||Urb: Cooperativa Universal. Area: 83 M2. Piso: 3er con vista al parque. Distribución. 3 Habitaciones amplias. 1 Sala comedor. 1 Una con muebles altos y bajos. 1 Sala de star o habitación pequeña. 2 Baños completos. Área de lavandería. Gas de cálidda. Terma. La habitación principal cuenta con baño completo. Precio: 1, 400 soles ligeramente negociables. Mantenimiento 30 soles. Los servicios de agua, luz y gas es aparte. Condiciones 1 mes de renta adelantada y 2 meses de garantía, contrato mínimo por un año. Ubicado en la misma Av. Camino real con Av. Santiago de Chuco, frente al parque el Trianguló, 4 minutos de la municipalidad de Santa Anita, cerca de colegios, centros comerciales y mas. Agenda tu visita al: 9-4-1-1-3-8-5-9-1. 9-4-4-2-7-3-0-5-9. lima house inmobiliaria|https://www.adondevivir.com/propiedades/clasificado/alclapin-alquiler-de-departamento-en-santa-anita-148691150.html?n_src=Listado&n_pills=Frente+a+parque&n_pg=1&n_pos=9|2026-02-23
adondevivir|departamentos|alquiler|Lima Este|Santa Anita|"Proyecto Nuevo Nogales Condominio
Santa Anita, Lima"|S/ 1,700 · USD 508|1700|508||170|"77 m² tot.
4 dorm.
3 baños"|77|4|3||"Distribución: ️ 1 dorm. Principal con closet, baño privado con tina y muebles empotrados. ️ 2 dorm. Secundarios. Sala de estudio (convertible) ️ Sala con centro entretenimiento, mampara y balcón con vista. ️ Comedor | Cocina con granito y reposteros. Lavandería | 1 baño completo compartido. ️ Terma | Sensores/alarma | Gas Natural. Intercomunicador | ️ Mallas seguridad. ️ Ambientes iluminados y ventilados. Áreas Comunes: ️ Piscina | Cancha fútbol | Parrillas | Cine | ️ Gimnasio | Parques | Minimarket. S/1, 700 + S/170 mantenimiento. No incluye cochera. Condiciones: 2 meses garantía + 1 mes adelanto. Boletas/recibos. No Infocorp."|https://www.adondevivir.com/propiedades/clasificado/alclapin-se-alquila-exclusivo-departamento-condominio-los-149013604.html?n_src=Listado&n_pills=Gimnasio&n_pg=1&n_pos=10|2026-02-23
adondevivir|departamentos|alquiler|Lima Este|Santa Anita|"Calle Bilbao 199
Mayorazgo, Ate Vitarte"|S/ 2,000 · USD 600|2000|600||260|"70 m² tot.
3 dorm.
2 baños"|70|3|2||Propietario alquila departamento muy bien iluminado, en el séptimo piso de Edificio Multifamiliar. Cocina con reposteros, campana extractora, cocina a gas. Incluye zona de lavandería. Dormitorio principal con baño incorporado y closet. Segundo y Tercer dormitorios con closet c/u, 01 Baño completo. El precio del alquiler incluye Conexión a Wi-Fi, ideal para teletrabajo. Áreas comunes: área de parrilla. Ubicado en la esquina de Calle Bilbao y Calle Guadalajara, muy céntrico, cerca a Supermercados, Restaurantes, Universidades, Colegios, Centros Comerciales y avenidas principales como Javier Prado, Huarochiri y Av. La Molina. Zona segura y vigilancia todo el día (24/7). Condiciones: 2 meses de garantía y 1 mes de adelanto. Precio a tratar.|https://www.adondevivir.com/propiedades/clasificado/alclappa-departamento-cerca-de-la-av-javier-prado-entre-ate-y-61635438.html?n_src=Listado&n_pills=Parrilla&n_pg=1&n_pos=1|2026-02-23
adondevivir|departamentos|alquiler|Lima Este|Santa Anita|"Londres 124 al 100
Ate Vitarte, Lima"|S/ 1,600|1600||||"95 m² tot.
2 dorm.
2 baños"|95|2|2||Contacto: doris guevaracel: 9*6*6*6*5*6*5*9*9A pasos del Centro Comercial PuruchucoArea Construida 94. 20 m2 4to piso 2 dormitorios2 bañosUbicado en 4to piso, con escaleras cómodas y descansadas. Este departamento ofrece ambientes funcionales, ventilación e iluminación natural acceso inmediato a avenidas principales como Nicolás Ayllón, Carretera Central, Londres, C. 12Estarás cerca de centros Comercial Puruchuco, Metro, Educativos, Plaza Josfel, Corte Superior de Justicia Lima Este, Hipermercado Cerámico, Grifo Primaxcaracteristicas- Área total: 94. 20 m²- Sala - comedor amplia. - Cocina kitchenette por implementar. - 2 dormitorios. - Área de lavandería por implementar. - Área de tendal en la azotea. - Modalidad: 2 x 1- Contrato mínimo: 1 año ¡Una oportunidad única para alquilar un departamento con vista externa, bien distribuido y con ubicación comercial estratégica!.? Contactanos para mas informacion y agenda tu visita hoy mismocontacto: doris guevaracel: 9*6*6*6*5*6*5*9*9id: 1*1*6*7*9*5*5|https://www.adondevivir.com/propiedades/clasificado/alclapin-alquiler-de-departamento-en-ate-vitarte-148617424.html?n_src=Listado&n_pills=%C3%81rea+de+lavander%C3%ADa&n_pg=1&n_pos=2|2026-02-23
adondevivir|departamentos|alquiler|Lima Este|Santa Anita|"Calle Badajoz
Mayorazgo, Ate Vitarte"|S/ 2,200 · USD 650|2200|650|||"90 m² tot.
3 dorm.
2 baños
1 estac."|90|3|2|1|Departamento nuevo: Excelente Departamento con ambientes completamente iluminados, vista externa con 2 frentes, super moderno, vista a la calle, todos los cuartos tienen closet, el ambiente de la cocina viene completamente amoblada con cocina, campana y reposteros modernos, todos los pisos son de porcelanato claro y cada departamento tiene su cochera automática propia. El cuarto principal es una suit amplia y completa ya que tiene su baño propio y 2 closets, una para ropa normal y otra de ropas blancas. Departamento con ascensor amplio. Zona muy Segura, cercada y con Seguridad las 24 horas del día y cámaras de Seguridad instaladas en los departamentos. Teléfono de contacto: 9. 5. 2. 3. 7. 1. 9. 4. 3. Referencia: Universidad Pre de Lima|https://www.adondevivir.com/propiedades/clasificado/alclapin-alquiler-de-departamento-en-mayorazgo-143733446.html?n_src=Listado&n_pills=Guardian%C3%ADa%2FSeguridad+privada&n_pg=1&n_pos=3|2026-02-23
adondevivir|departamentos|alquiler|Lima Este|Santa Anita|"Av. los Nogales 251
El Agustino, Lima"|S/ 1,850 · USD 544|1850|544||150|"64 m² tot.
2 dorm.
2 baños"|64|2|2||Alquiler – departamento amoblado en condominio los nogales. Vive en un moderno departamento amoblado en el exclusivo Condominio Los Nogales, con 62 m², ubicado en una zona estratégica y céntrica del distrito de El Agustino. Ideal para familias que buscan comodidad, seguridad y excelente ubicación. Características del Departamento. Área total: 62 m² Ubicado en el piso 15. Edificio de 20 pisos. 2 dormitorios. 2 baños completos. Sala – comedor. Cocina con lavandería integrada. Terma. Ambientes cómodos y bien iluminados. Dos ascensores. Áreas Comunes. Piscina. Cancha de fulbito. Zona de juegos para niños. Gimnasio. Cine para niños y adultos. Zona de parrillas. Áreas verdes y jardines. Dos salas de usos múltiples. Seguridad las 24 horas. Este departamento ubicado en el condominio casa club los nogales, muy cerca al parque santa rosa de quives, otra de las ventajas del departamento es su ubicación estratégica. Se encuentra a 10 minutos del cc. Jockey Plaza y a 5 del Mall Aventura Plaza de Santa Anita. Sin duda, una gran ventaja. A dos cuadras de la via de evitamiento. A un paso del Centro de salud santa rosa de quives, estadio Manuel Correa Santa Anita, proximidad al centro bancario santa anita, Farmacia, Peluquerías, Veterinaria, Restaurantes, Mass, etc. Precio de alquiler: S/ 1, 850. Mantenimiento: S/ 150 aprox.|https://www.adondevivir.com/propiedades/clasificado/alclapin-alquilo-departamento-amoblado-los-nogales-el-148911933.html?n_src=Listado&n_pills=Parrilla&n_pg=1&n_pos=4|2026-02-23
adondevivir|departamentos|alquiler|Lima Este|Santa Anita|"Prolongacion Javier Prado por el moll
Los Portales De Ate, Ate Vitarte"|S/ 1,800 · USD 580|1800|580|||"99 m² tot.
3 dorm.
2 baños"|99|3|2||Alquilo dpto 2do piso Ate Los Portales de Javier Prado. Cerca a Real Plaza Puruchuco y avenida Prolongación Javier Prado, 2do Piso Ideal iluminado ventilado, 93 metros aproximadamente. - Sala y comedor. - La cocina equipada con campana y extractora y muebles reposteros mesa de granito. - 3 Habitaciones amplias. - La Habitación principal es amplio con closet grande. Tiene baño propio. - 2 Baños completos en total. - - Lavandería. Cuenta con espacio para una lavadora o lavaseca y tendal. - Terma que alimenta a todo el departamento. Limpieza del edificio: Cuenta con Gas cálida. * condiciones: - Contrato por un año. - Contar con buen perfil crediticio. - Demostrar sustento económico: 3 últimas boletas de pago. Recibos / facturas. precio de alquiler S/. 1, 800 negociable!! Modalidad: 1 de garantia x 1 de adelanto.|https://www.adondevivir.com/propiedades/clasificado/alclapin-deparatmento-xprolongacion-j.-prado-y-moll-en-148991074.html?n_src=Listado&n_pills=%C3%81rea+de+lavander%C3%ADa&n_pg=1&n_pos=5|2026-02-23
adondevivir|departamentos|alquiler|Lima Este|Santa Anita|"Calle Helsinki 8646
Ate Vitarte, Lima"|S/ 1,400|1400|||1|"65 m² tot.
1 dorm.
1 baño"|65|1|||Alquilo amplio Departamento moderno de 1 dormitorio frente al centro comercial Real Plaza Puruchuco. Departamento ubicado en 4. º piso, con vista a la calle y a Puruchuco, que destaca por su amplitud, buena distribución y acabados modernos. Dispone de una sala amplia y bien iluminada, ideal para un ambiente cómodo y funcional. La cocina de tamaño mediano cuenta con reposteros bajos, pensada para un uso práctico. El dormitorio principal es muy espacioso, con excelente iluminación natural y vista a la calle. Incluye mueble empotrado para tv y un walking clóset amplio, equipado con zapateras, cajoneras y espacios ideales para organizar ropa, vestidos, joyas y accesorios personales. El baño moderno y sofisticado cuenta con lavatorio de mármol, iluminación natural, terma eléctrica y un diseño cómodo y elegante. Condiciones del alquiler: - Precio: S/ 1, 400 mensuales. - Luz: consumo independiente. - Agua: S/ 25 por persona. Condicion: 2 x 1. No mascotas. No extranjeros. Excelente opción para quienes buscan confort, estilo y buena ubicación. Contacto luis de la cruz. 9. 6. 6. 3. 8. 2. 1. 6. 4.|https://www.adondevivir.com/propiedades/clasificado/alclapin-alquilo-departamento-frente-a-real-plaza-puruchuco-148706885.html?n_src=Listado&n_pg=1&n_pos=6|2026-02-23
adondevivir|departamentos|alquiler|Lima Este|Santa Anita|"Residencial Las Torres De Santa Clara Ate
Ate Vitarte, Lima"|S/ 1,300 · USD 386|1300|386||95|"70 m² tot.
3 dorm.
2 baños"|70|3|2||"Contacto: Mariela Grandez 9. 8. 3. 3. 2. 5. 4. 6. 4. ¡alquila tu nuevo hogar en las torres de santa clara – ate! S/ 1, 300 mensuales | ¡Mascota pequeña bienvenida! Vive con comodidad, seguridad y una excelente distribución en este departamento de 70 m², ubicado en cuarto piso con ascensor y vista externa, perfecto para disfrutar de buena iluminación y ventilación natural ️️ Características que te encantarán: ️ 3 dormitorios amplios. 2 baños completos. ️ Dormitorio principal con baño privado. ️ Los otros 2 dormitorios comparten un baño. Cocina con gas Cálidda. 2 puntos de gas: cocina y terma. Agua caliente y fría todo el día. Medidor de agua independiente (¡pagas solo lo que consumes!) Espacio para lavandería. Edificio con ascensor. Vista externa que le da mayor amplitud y luz natural. Condiciones: 2x1 (2 meses de garantía + 1 de adelanto) Mantenimiento S/. 95. 00 más consumo de agua. Opcional alquiler de cochera S/. 120. 00 mensual. Este departamento es ideal para familias, parejas o profesionales que buscan comodidad, buena ubicación y un precio competitivo. ¡Agenda tu visita hoy mismo y no dejes pasar esta oportunidad! Tu nuevo hogar te está esperando"|https://www.adondevivir.com/propiedades/clasificado/alclapin-se-alquila-departamento-en-las-torres-de-santa-clara-148884182.html?n_src=Listado&n_pills=%C3%81rea+de+lavander%C3%ADa&n_pg=1&n_pos=7|2026-02-23
adondevivir|departamentos|alquiler|Lima Este|Santa Anita|"Departamento en Alquiler Condominio Jardines de Santa Clara
Santa Clara, Ate Vitarte"|S/ 1,000|1000|||120|"55 m² tot.
3 dorm.
1 baño"|55|3|||"*¡tu nuevo hogar te espera en condominio jardines de santa clara - ate*Se alquila hermoso departamento en el 8º piso, ideal para quienes buscan comodidad, vistas despejadas y excelente ubicación detrás del Real Plaza de Santa Clara, a 2 cuadras de la Carretera Central y cerca de la Av. Ramiro Prialé, Restaurantes, Bancos, Mercado, La Comisaria, entre otros que le hacen la Vida más fácil. Área: 55m2Ambientes: 3 dormitorios | Sala–comedor con pisos de vinílico | 1 baño completo y therma | Cocina y lavandería integradaBalcón con vista abierta – Ideal para disfrutar del atardecer8º piso – Luminoso y ventilado todo el díaEdificio con ascensorSeguridad y acceso controladoEspacios comunes en excelente estado como zona de lavandería, zona de parrilla, cine, sala de internet, pequeña capilla, gimnasio, bodega. No aceptan mascotasNo cuenta con gas cálidaNo tiene cochera, pero alquilan en el condominio Ideal para tu familiaCercano a transporte público, supermercados, universidades y másValor: S/1, 000Mantenimiento: S/120. 00 aprox. + servicios Contáctanos para más información o agendar una visita hoy¡! R. U. C Ver datos"|https://www.adondevivir.com/propiedades/clasificado/alclapin-alquilo-departamento-en-en-condominio-jardines-de-148982231.html?n_src=Listado&n_pills=Gimnasio&n_pg=1&n_pos=8|2026-02-23
adondevivir|departamentos|alquiler|Lima Este|Santa Anita|"Av Circunvalacion Salamanca
Ate Vitarte, Lima"|S/ 2,000 · USD 112,000|2000|112000||280|"63 m² tot.
2 dorm.
2 baños"|63|2|2||Alquiler o Venta de acogedor dpto. Cuenta con muy buena distribución y acabados. Áreas comunes para propietarios: Terraza con parrilla, área de Gimnasio, estacionamiento para bicicletas. A 5 minutos del Jockey Plaza, cerca a colegios, universidades, bancos, clínicas, etc. Cocina integrada a sala comedor tipo kitchenette equipada. Área de estacionamientos para bicicletas. Vidrios de Fachada con aislamiento Acústico. Cerca a avenidas principales, colegios, universidades y cc Comerciales importantes. Frente a la facultad de medicina veterinaria de unmsm. Descripción: Departamento N*203. Área 63. 00m2.. _Por el frente colinda con la avenida circunvalación cruce con Javier prado.. -La entrada al edifico es las calles las fucsias 108.. -Sala y comedor. -1habitacion principal grande closet y con baño completo.. -2 habitación pequeña con closett.. -Baño de visitas completo.. -Cocina kitchenette amoblada reposteros altos y bajos de melamine tablero de granito.. -Refrigeradora.. -1 lavandería.. -Patio aires libre.. -Balcón vista a la calle. Mantenimiento. S/. 280. 00. Precio Venta. us$ 112, 000. 00. Ubicación. Av. Circunvalación 2935. Salamanca. *Las medidas del anuncio son referenciales*|https://www.adondevivir.com/propiedades/clasificado/veclapin-alquiler-venta-de-ocasion-dpto.-semi-nuevo-salamanca-146312486.html?n_src=Listado&n_pills=Ascensor&n_pg=1&n_pos=9|2026-02-23
adondevivir|departamentos|alquiler|Lima Este|Santa Anita|"Asoc. El Olivar Mz J Lt 14
Ate Vitarte, Lima"|S/ 1,000|1000|||30|"70 m² tot.
3 dorm.
1 baño"|70|3|||Contacto: 9*4*3*7*7*6*6*2*8* laura risco-agente inmobiliariaalquiler de departamento de 3 hab en tercer piso A pocas cuadras de ctra. Central (altura idat sede ate) Y el complejo deportivo ollantaytambo – ate¿Estás buscando el departamento con la mejor ubicación? ¡Tenemos la solución perfecta para ti! ubicación: - Asoc. El Olivar de Vitarte Mz J Lt 14- Colindante con Calle El Trabajo-A 3 cuadras de Senasa – Sede Ate-A 1 cuadra del parque Primero de Enerodistribución: -3 habitaciones- Sala comedor-Cocina-Lavandería -1 baño-Tendal en azoteacaracterísticas: -Tercer piso-Vista interna-Acceso con escaleras-No tiene estacionamiento -No tiene gas Caliddaprecio: -Renta: S/. 1, 000 soles-Mantenimiento: S/. 30 soles- Luz: Según consumo. - Agua: Según prorrateo. -Arbitrios: S/. 16 solescondiciones: -Dos meses de garantía y 1 mes de adelanto (2x1) -Contrato anual-No estar reportado en Infocorp-Sustento de ingresos de los 3 últimos meses-Antecedentes penalescontacto: 9*4*3*7*7*6*6*2*8* laura risco-agente inmobiliaria|https://www.adondevivir.com/propiedades/clasificado/alclapin-alquiler-de-departamento-de-3-hab-en-tercer-piso-a-147248766.html?n_src=Listado&n_pills=%C3%81rea+de+lavander%C3%ADa&n_pg=1&n_pos=10|2026-02-23
adondevivir|departamentos|alquiler|Lima Este|Santa Anita|"Begonias ate
Ate Vitarte, Lima"|S/ 1,300 · USD 388|1300|388||50|"55 m² tot.
1 dorm.
1 baño"|55|1|||Dali Tafur 9-6-0-9-6-6-7-3-1 Departamento de Estreno en Ate Vitarte – Estilo Americano Se alquila moderno departamento de 55 m², estilo americano, ubicado en el 4to piso, a pocos pasos de la Plaza de Ate, en una zona muy tranquila, segura y privada. Sala – cocina – comedor integrados Área de lavandería Opción de adaptar 1 o 2 dormitorios según necesidad Solo 2 departamentos por piso Disponibles con vista interior o vista exterior Entrada independiente Escaleras descansadas Área compartida de lavandería o tendal Departamento de estreno? Alquiler: S/ 1, 300? Incluye servicios? Excelente ubicación: cerca a comercios, transporte y todo lo que necesitas, sin perder privacidad y tranquilidad.? No se aceptan mascotas? Requisitos: sustento de ingresos y buen reporte en central de riesgos? Contáctanos y agenda tu visita hoy mismo|https://www.adondevivir.com/propiedades/clasificado/alclapin-departamentos-mono-hanbientes-estilo-americano-en-ate-148514341.html?n_src=Listado&n_pills=%C3%81rea+de+lavander%C3%ADa&n_pg=1&n_pos=11|2026-02-23
adondevivir|departamentos|alquiler|Lima Este|Santa Anita|"Calle Leon Cdra 1 Urb. Mayorazgo
Mayorazgo, Ate Vitarte"|S/ 1,900|1900||||"65 m² tot.
2 dorm.
2 baños"|65|2|2||Contacto: Karina Carbajal 9 9 6 8 4 7 8 6 1 Se alquila amplio y funcional departamento ubicado en el 3er piso de una vivienda familiar, en Urb. Mayorazgo, zona residencial tranquila y bien conectada. La propiedad ofrece una distribución cómoda y versátil: * 2 dormitorios amplios + 1 cuarto de estudio, home office o dormitorio pequeñoDormitorio principal con baño privado y walking closet* Baño completo adicional* Cocina tipo americana con muebles altos y bajos y encimera de granito* Terraza con vista a la calle, agradable para descanso o reuniones pequeñas. * Área de lavandería común en el 4to pisoPor ser una vivienda familiar, no cuenta con ascensor, sin embargo tiene acceso independiente. El departamento es ideal para quienes deseen sentirse seguros y acompañados, como estudiantes, roomates, parejas, familias pequeñas, o profesionales. Ubicación estratégica en el cruce de Av. Huarochirí con Los Constructores, a pocos minutos de Av. Javier Prado, con fácil acceso a transporte, parques, colegios, centros comerciales, oficinas corporativas y servicios (cerca a Pre-Lima y oficina principal bcp). Condiciones: 2 meses de garantía y 1 mes de adelanto (2x1) No se aceptan mascotasNo incluye estacionamientoUna excelente alternativa para quienes buscan amplitud, buena ubicación y un entorno residencial consolidado. *nota: disponible A partir de quincena de marzo|https://www.adondevivir.com/propiedades/clasificado/alclapin-alquiler-de-departamento-3er-piso-mayorazgo-148942374.html?n_src=Listado&n_pills=%C3%81rea+de+lavander%C3%ADa&n_pg=1&n_pos=12|2026-02-23
adondevivir|departamentos|alquiler|Lima Este|Santa Anita|"av. Paracas Cuadra 9 con Cruce de Calle Abetos
Ate Vitarte, Lima"|S/ 550 · USD 149|550|149|||"20 m² tot.
1 dorm.
1 baño"|20|1|||Habitacion para una sola persona -se encuentra en zona centrica de salamanca, cuenta con area de cocina Y lanvanderia comun, camaras de seguridad-monitoriando las 24H, muy cerca A las av. principales via evitamiento Y javier prado, A 5 minutos del jockey plaza. -incluye en el precio la luz, agua, mantenimiento Y wifi. -no se aceptan mascotas-1 mes de garantia Y 1 mes de adelanto T. C. 3. 50Tipo de cambio referencial, sujeto a variación diaria por fluctuación del mercado|https://www.adondevivir.com/propiedades/clasificado/alclapin-se-alquila-habitacion-de-estreno-con-bano-incorporado-146305602.html?n_src=Listado&n_pg=1&n_pos=13|2026-02-23
adondevivir|departamentos|alquiler|Lima Este|Santa Anita|"Calle Navarra
Ate Vitarte, Lima"|S/ 2,000|2000||||"120 m² tot.
4 dorm.
2 baños
1 estac."|120|4|2|1|Se alquila funcional departamento de 120 m2 con 3 a 4 habitaciones. ubicado en el 3er piso con escaleras y con entrada independiente. sala comedor, 2 baños, cocina y lavandería con cuarto y baño de servicio. Alquiler del Departamento: S/2. 000. Alquiler de cochera paralela: S/200. servicios: Agua y Luz paga según su consumo. Arbitrios según cartilla. Seguridad: S/50. Sustento de ingresos demostrables. Buen reporte crediticio. Sin antecedentes. Referencias.|https://www.adondevivir.com/propiedades/clasificado/alclapin-alquilo-funcional-departamento-de-3-hab.-120-m-sup2-148968132.html?n_src=Listado&n_pills=%C3%81rea+de+lavander%C3%ADa&n_pg=1&n_pos=14|2026-02-23
adondevivir|departamentos|alquiler|Lima Este|Santa Anita|"Calle Nevado de Huandoy
Ate Vitarte, Lima"|S/ 1,600 · USD 457|1600|457|||"60 m² tot.
2 dorm.
2 baños"|60|2|2||Alquiler de Departamento en Residencial Alpamayo – Zona Segura y Tranquila. Ubicación privilegiada: La Residencial Alpamayo cuenta con dos ingresos: Puerta 1: Recta del Colegio Alpamayo, entrando por el óvalo de frente. Puerta 3: Acceso por la Esplanada del Monumental. Características principales: Área: 60 m² Piso: 2do piso (solo 2 departamentos por piso) Medidor de luz y contómetro independiente. Distribución: Sala – Comedor. Kitchenet. 2 dormitorios. 1 baño completo. 1 baño de visita. Lavandería en el departamento. Tendal en azotea. Condiciones: Alquiler: S/ 1, 600. No se aceptan mascotas. Requisitos: 2 meses de garantía + 1 mes de adelanto. Estar bien en Infocorp. Sustento de ingresos. Contrato mínimo de 1 año. ¿Tienes una propiedad y deseas ponerla en venta o alquiler? Te acompañamos con una gestión profesional, segura y eficiente. Escríbenos al ９９３-９４９-４３１|https://www.adondevivir.com/propiedades/clasificado/alclapin-alquiler-departamento-en-ate-limite-con-la-molina-147723602.html?n_src=Listado&n_pills=%C3%81rea+de+lavander%C3%ADa&n_pg=1&n_pos=15|2026-02-23
adondevivir|departamentos|alquiler|Lima Este|Santa Anita|"calle oviedo
Mayorazgo, Ate Vitarte"|S/ 1,900 · USD 564|1900|564|||"113 m² tot.
2 dorm.
1 baño"|113|2|||¡Vive con comodidad y tranquilidad todos los días! Alquila este acogedor departamento de 2 dormitorios ️️, diseñado para brindarte bienestar, funcionalidad y una excelente distribución en cada espacio. Ubicado en primer piso, ideal para quienes valoran la accesibilidad y practicidad, sin perder privacidad. -1 baño completo. -Cocina funcional. -Lavandería equipada con tendal. -Área libre posterior que garantiza excelente iluminación y ventilación natural️ -Ambientes amplios y bien distribuidos. Cada metro cuadrado está pensado para adaptarse a tu estilo de vida y hacer tu día a día más cómodo. Precio de alquiler: S/. 1, 900 (Incluye agua y mantenimiento ️) Contáctanos hoy mismo: Ver datos. Ver datos. servicios E inversiones arqmak S. A. C. Ruc: Ver datos. Haz de este espacio tu próximo hogar|https://www.adondevivir.com/propiedades/clasificado/alclapin-departamento-en-primer-piso-mayorazgo-ate-limite-146160576.html?n_src=Listado&n_pills=%C3%81rea+de+lavander%C3%ADa&n_pg=1&n_pos=16|2026-02-23
adondevivir|departamentos|alquiler|Lima Este|Santa Anita|"Fucsias 128
Ate Vitarte, Lima"|S/ 1,800|1800|||160|"45 m² tot.
1 dorm.
1 baño"|45|1|||Departamento amoblado y equipado en alquiler en Ate Vitarte. Cuenta con 1 recámara con clóset, 1 baño, sala y comedor, y cocina integral. Ubicado en el piso 5 de un edificio de 7 pisos con ascensor y guardianía/seguridad privada. Permite mascotas e incluye intercomunicador. Cercano a centros comerciales y escuelas. La zona de Ate Vitarte ofrece acceso a diversos servicios y comercios, facilitando la vida diaria. El área es principalmente residencial, con un ambiente familiar y acceso a transporte público. Encontrarás supermercados, mercados locales y farmacias en las cercanías. Además, hay parques y espacios verdes para recreación, así como centros educativos para todas las edades. Ubicado en el 5to piso. 45 mts2. 1 habitación. 1 baño completo. (gas natural calida) Sala comedor️ Kitchen abierto. Zona de lavandería con tendal en el kitchen. Todo el departamento es bien iluminado. - vista interna. Se entrega pintado. Ubicación privilegiada: A 3 cuadras del Vea de Salamanca. A 1 cuadra de parque. A media cuadra de av circunvalación. Precio. 1800 Soles. Incluye el pago del impuesto a la renta (sunat) a favor del inquilino. Amoblado y equipado: Cocina empotrada. Horno empotrado. Campana decorativa. Lavadora. Tendal. Refrigeradora. Microondas. Ollas. Escurridor de platos. Cama y colchon. Ropero (si desea se retira) Sillon. Mesita de comedor. Escritorio (si desea se retira) Rack (no se entrega tv) Planchador (no incluye plancha) Contactos para más información y reservas. 976. 026. 264. Condiciones de alquiler: Contrato mínimo 1 año, renovable. 2 meses de garantía y 1 mes de adelanto. Petfriendly. Pedimos sustento de ingresos econonicos. Boletas de pago (3 ultimos meses) Recibos por honorarios de los ultimos 6 meses) Eso es para la precalificacion y para agendar visita. Posteriormente, para la firma, necesito su reporte central de riesgos y antecedentes penales y policiales|https://www.adondevivir.com/propiedades/clasificado/alclapin-alquilo-departamento-amoblado-y-equipado-de-1-148838075.html?n_src=Listado&n_pills=%C3%81rea+de+lavander%C3%ADa&n_pg=1&n_pos=17|2026-02-23
adondevivir|departamentos|alquiler|Lima Este|Santa Anita|"Calle
Santa Raquel, Ate Vitarte"|S/ 1,300|1300||||"70 m² tot.
2 dorm.
1 baño"|70|2|||Dpto Sta Raquel Ate 02 Dor + 01 Baño. Dpto en Sta Raquel Ate de 70 m2 en segundo piso en S/1300, 01 mes de adelanto y 01 mes de Garantia. Consta de 02 Dormitorios, sala, comedor, 01 baño con ducha y terma, cocina amoblada con reposteros. Las condiciones son: No niños pequeños, no mascotas. Servicios segun su consumo.|https://www.adondevivir.com/propiedades/clasificado/alclapin-alquilo-dpto-sta-raquel-ate-1-300-2do-piso-citas-143465377.html?n_src=Listado&n_pills=%C3%81rea+de+lavander%C3%ADa&n_pg=1&n_pos=18|2026-02-23
adondevivir|departamentos|alquiler|Lima Este|Santa Anita|"De la Unión 303
27 De Abril, Ate Vitarte"|S/ 2,650 · USD 728|2650|728||150|"160 m² tot.
3 dorm.
1 baño"|160|3|||Se alquila departamento triplex remodelado (en tercer, cuarto y quinto nivel) en el distrito de Ate Vitarte (cerca al óvalo Santa Anita). Área: 160 m2. primer nivel: Sala Comedor. Cocina amplia (con reposteros altos y bajos) Baño de visitas. segundo nivel: Un dormitorio principal amplio. Dos dormitorios secundarios. Un baño completo para compartir. tercer nivel: Azotea con depósito y área lavandería y tendales. mensualidad: 2650 soles (modalidad 2x1) Incluye 150 soles de mantenimiento (limpieza y luz de áreas comunes). Datos adicionales: El departamento cuenta con gas natural. Los consumos de agua y luz del departamento son pagados por el inquilino. Sí se aceptan mascotas. El edificio se ubica cerca al ovalo Santa Anita, mercado, centros comerciales y a 3 cuadras del Metro.|https://www.adondevivir.com/propiedades/clasificado/alclapin-triplex-en-tercer-cuarto-y-quinto-piso-ate-cerca-146077408.html?n_src=Listado&n_pills=%C3%81rea+de+lavander%C3%ADa&n_pg=1&n_pos=19|2026-02-23
adondevivir|departamentos|alquiler|Lima Este|Santa Anita|"Gibson 109
Ate Vitarte, Lima"|S/ 650 · USD 185|650|185|||"18 m² tot.
1 dorm.
1 baño"|18|1|||Se alquila habitación para universitarios o trabajador de la zona, zona céntrica y muy cerca de av. Principales como vía. Evitamiento y la Javier prado. La casa cuenta con un ingreso totalmente independiente y cámaras de seguridad en el ingreso y areas comunes. Condiciones: -1 año de contrato-1 de garantía mas 1 mes de adelanto-Sustento de ingresos mas infocorpT. C. 3. 50Tipo de cambio referencial, sujeto a variación diaria por fluctuación del mercado|https://www.adondevivir.com/propiedades/clasificado/alclapin-se-alquila-habitacion-para-universitarios-148041716.html?n_src=Listado&n_pg=1&n_pos=20|2026-02-23
adondevivir|departamentos|alquiler|Lima Este|El Agustino|"Av. los Nogales 251
El Agustino, Lima"|S/ 1,850 · USD 544|1850|544||150|"64 m² tot.
2 dorm.
2 baños"|64|2|2||Alquiler – departamento amoblado en condominio los nogales. Vive en un moderno departamento amoblado en el exclusivo Condominio Los Nogales, con 62 m², ubicado en una zona estratégica y céntrica del distrito de El Agustino. Ideal para familias que buscan comodidad, seguridad y excelente ubicación. Características del Departamento. Área total: 62 m² Ubicado en el piso 15. Edificio de 20 pisos. 2 dormitorios. 2 baños completos. Sala – comedor. Cocina con lavandería integrada. Terma. Ambientes cómodos y bien iluminados. Dos ascensores. Áreas Comunes. Piscina. Cancha de fulbito. Zona de juegos para niños. Gimnasio. Cine para niños y adultos. Zona de parrillas. Áreas verdes y jardines. Dos salas de usos múltiples. Seguridad las 24 horas. Este departamento ubicado en el condominio casa club los nogales, muy cerca al parque santa rosa de quives, otra de las ventajas del departamento es su ubicación estratégica. Se encuentra a 10 minutos del cc. Jockey Plaza y a 5 del Mall Aventura Plaza de Santa Anita. Sin duda, una gran ventaja. A dos cuadras de la via de evitamiento. A un paso del Centro de salud santa rosa de quives, estadio Manuel Correa Santa Anita, proximidad al centro bancario santa anita, Farmacia, Peluquerías, Veterinaria, Restaurantes, Mass, etc. Precio de alquiler: S/ 1, 850. Mantenimiento: S/ 150 aprox.|https://www.adondevivir.com/propiedades/clasificado/alclapin-alquilo-departamento-amoblado-los-nogales-el-148911933.html?n_src=Listado&n_pills=Amoblado&n_pg=1&n_pos=1|2026-02-23
adondevivir|departamentos|alquiler|Lima Este|El Agustino|"Av. los Nogales 251
El Agustino, Lima"|S/ 1,500 · USD 449|1500|449||170|"65 m² tot.
3 dorm.
2 baños"|65|3|2||Contacto: karín chávez - 9. 5. 2. 0. 2. 6. 9. 5. 6. Oportunidad única de alquilar este hermoso departamento con vistas increíbles y acabados modernos. Ubicado en un exclusivo condominio que te ofrece todo para vivir una experiencia de lujo y tranquilidad. Características del Departamento (65 m² - Piso 18): - Distribución: 2 dormitorios + 1 Sala de Estudio (convertible en 3er dormitorio). - Ambientes: Amplia Sala - Comedor con mampara y balcón con vista panorámica. - Dormitorio Principal: Amplio y con iluminación natural. - Dormitorio Secundario: Ideal para invitados o familiar. - Estudio: Perfecto para trabajar desde casa o como habitación adicional. - Cocina - Lavandería: Totalmente funcional, lista para instalar tus muebles. - Baños: 2 baños completos, todos con agua caliente garantizada. - Confort y Tecnología: o Terma para todas las duchas y lavaderos. O Instalación de Gas Natural (Calidda) o Sistema de sensores y alarma contra incendios. O Intercomunicador y portero eléctrico. - Acabados: Pisos cerámicos y laminados de alta calidad. - Iluminación: Todos los ambientes son exteriores, con excelente ventilación y luz natural. El Condominio: Tu Estilo de Vida Soñado. Disfruta de comodidades de primer nivel sin salir de casa: - ️ Piscina. - Áreas verdes y frente a un parque. - ️️ Gimnasio equipado. - Zona de juegos para niños y guardería. - Zona bbq para reuniones familiares. - Sala de reuniones con Internet. Ubicación Privilegiada: - Estratégico límite entre El Agustino y Santa Anita. - Fácil acceso a principales vías y zonas comerciales. Detalles Importantes: - Precio: S/ 1, 500. 00 (Soles) - Mantenimiento: S/ 170. 00. - Condiciones: 2 meses de garantía y 1 mes de adelanto. - Importante: o No incluye cochera. O No incluye closets ni muebles de cocina. ¡Contáctanos para más información o coordinar una visita!|https://www.adondevivir.com/propiedades/clasificado/alclapin-departamento-en-alquiler-nogales-el-agustino-149011548.html?n_src=Listado&n_pills=Piscina&n_pg=1&n_pos=2|2026-02-23
adondevivir|departamentos|alquiler|Lima Este|El Agustino|"Av. los Nogales 251
El Agustino, Lima"|S/ 1,400 · USD 415|1400|415||180|"67 m² tot.
3 dorm.
2 baños"|67|3|2||Mudate al Condominio Los Nogales. se alquila departamento de 3 dormitorios con excelentes áreas comunes en El Agustino. Precio: S/ 1, 400. —- Ubicado en el Condominio Los Nogales - El Agustino, muy cerca a Mall Aventura Santa Anita y a la clínica Internacional. At 67 m2. Piso 9 con vista interna a todas las áreas comunes. Sala y comedor con balcón. Cocina cerrada con muebles bajos. Zona de lavandería. Dormitorio principal amplio con baño incluido. Dormitorio secundario 1. Dormitorio secundario 2. Baño completo. Se aceptan mascotas. Mantenimiento: S/ 180. 00 (incluye agua) Gas Calidda. Cochera adicional S/ 350 soles. Areas Comunes: Recepción, área de niños, jardín interno, piscinas (02 para adultos y 01 de niños), cancha de futbol, cine, sum y zona de parrillas. Requisitos: 2 meses de garantía y 1 de adelanto, registrar estado positivo en infocorp, presentar sustento de ingresos. — lc 22-eS|https://www.adondevivir.com/propiedades/clasificado/alclapin-departamento-en-alquiler-en-el-agustino-148833398.html?n_src=Listado&n_pills=%C3%81rea+de+lavander%C3%ADa&n_pg=1&n_pos=3|2026-02-23
adondevivir|departamentos|alquiler|Lima Este|El Agustino|"Calle 18
El Agustino, Lima"|S/ 1,500 · USD 446|1500|446|||"89 m² tot.
3 dorm.
2 baños"|89|3|2||Características del departamento: Área: 89 m² 3 dormitorios, el principal con baño incorporado. 1 habitación adicional ideal como cuarto de servicio u oficina. 1 baño completo adicional. Cocina moderna de concepto abierto. Espacio para lavadora. Ubicado en tercer piso, con entrada totalmente independiente. Servicios: Luz independiente. Agua con contómetro. Precio de alquiler: S/ 1, 500. Condiciones: 2 meses de garantía + 1 mes de adelanto. Departamento de estreno, listo para mudarse. Urb. La Pradera 2° etapa El Agustino calle 18. Ideal para familias o profesionales que buscan comodidad, independencia.|https://www.adondevivir.com/propiedades/clasificado/alclapin-departamento-de-estreno-en-alquiler-148711843.html?n_src=Listado&n_pills=%C3%81rea+de+lavander%C3%ADa&n_pg=1&n_pos=4|2026-02-23
adondevivir|departamentos|alquiler|Lima Este|El Agustino|"Republica de Venezuela al 2500
Lima Cercado, Lima"|S/ 2,399|2399||||"73 m² tot.
3 dorm.
2 baños
1 estac."|73|3|2|1|Alquiler de moderno departamento en el corazón de Cercado de Lima, ubicado en Republica de Venezuela 2575, Piso 10, Con 73 m² de superficie techada, esta propiedad ofrece 3 dormitorios, 1 dormitorio de servicio y 2 1/2 baños, ideal para su comodidad y estilo de vida. La disposición al frente garantiza luminosidad y vistas despejadas. El edificio cuenta con 2 ascensores, facilitando el acceso. Disfrute de servicios completos como agua corriente, electricidad, Internet y cable. Entre las comodidades adicionales se incluyen gimnasio, parrilla, sala de juegos, lavandería, club house, zonas verdes y una recepción 24 horas. El departamento es apto para mascotas y dispone de armarios empotrados. La cercanía a servicios públicos y la disponibilidad de un estacionamiento cubierto hacen de este departamento una opción atractiva para quienes buscan comodidad en una ubicación céntrica.|https://www.adondevivir.com/propiedades/clasificado/alclapin-alquiler-departamento-de-estreno-03-dorm.-148924040.html?n_src=Listado&n_pills=%C3%81rea+de+lavander%C3%ADa&n_pg=1&n_pos=1|2026-02-23
adondevivir|departamentos|alquiler|Lima Este|El Agustino|"Avenida Tingo María 1048
Lima Cercado, Lima"|"S/ 1,900
5%"|1900||5%|220|"63 m² tot.
3 dorm.
2 baños"|63|3|2||Se alquila amplio y cómodo departamento ubicado en la Av. Tingo María, cruce con Av. Venezuela, en el Cercado de Lima límite con Breña. Zona estratégica, muy cerca de la Universidad upn, colegios, comercios y principales vías de acceso. Área: 64 m² Piso 5. Vista interna. 3 dormitorios. 2 baños (uno incorporado en el dormitorio principal) Sala – comedor. Cocina con reposteros altos y bajos. Cocina empotrada, horno, campana y terma. Gas natural. Áreas comunes del edificio: - Sala sum. Precio de alquiler: S/ 1900. Mantenimiento: S/ 220. Contrato mínimo: 1 año. Condiciones: 2 meses de garantía + 1 mes de adelanto. Ideal para familias, parejas o personas que busquen comodidad, buena ubicación y fácil acceso a todo.|https://www.adondevivir.com/propiedades/clasificado/alclapin-alquilo-acogedor-departamento-bien-ubicado-148785498.html?n_src=Listado&n_pills=%C3%81rea+de+lavander%C3%ADa&n_pg=1&n_pos=2|2026-02-23
adondevivir|departamentos|alquiler|Lima Este|El Agustino|"Calle Teodoro Cárdenas 214
Lima Cercado, Lima"|S/ 2,600 · USD 774|2600|774||320|"80 m² tot.
3 dorm.
2 baños"|80|3|2||Solo se alquila amoblado!! Solo se alquila amoblado!! Celular: 9. 6. 1. 8. 9. 1. 5. 2. 7 / Solicitar Video por WhatsApp. Se alquila lindo Departamento de 3 Dormitorios con walking closet, y cuenta con balcón en la sala y dormitorio, de area 80m2, ubicado en piso 14 vista panoramica, departamento bien ubicado muy cerca al Hospital Rebagliati a tan solo 2 cuadras, edificio muy buscado por personal Medico, cuenta con Linda areas comunes. Dirección: teodoro cardenas 214, . imite a lince. Edificio cuenta con gas Natural. Características: - 3 Dormitorios con camas. - 2 Baños completos. - Area 80m2. - Sala con Balcón. - cuenta con lavadora. - Cocina con Reposteros altos y bajos. - Cocina y Horno empotrado. - Ubicado piso 14 vista exterior. - terma y cocina a gas natural. - Mantenimiento S/. 320 incluye agua. - Inquilino paga arbitrios. Areas comunes: - Piscina. - Gimnasio. - 2 Zonas de parrillas. - Zona de juegos para Niños. - Sala de Reuniones. Condiciones: - Contrato mínimo 12 meses. - Previa evaluación a infocorp. - Demostrar sustento de ingresos (Boletas de pago) - Garantía 2x1|https://www.adondevivir.com/propiedades/clasificado/alclapin-se-alquila-departamento-amoblado-de-80-m-sup2--de-3-148910435.html?n_src=Listado&n_pills=Seguridad&n_pg=1&n_pos=3|2026-02-23
adondevivir|departamentos|alquiler|Lima Este|El Agustino|"Calle Bilbao 199
Mayorazgo, Ate Vitarte"|S/ 2,000 · USD 600|2000|600||260|"70 m² tot.
3 dorm.
2 baños"|70|3|2||Propietario alquila departamento muy bien iluminado, en el séptimo piso de Edificio Multifamiliar. Cocina con reposteros, campana extractora, cocina a gas. Incluye zona de lavandería. Dormitorio principal con baño incorporado y closet. Segundo y Tercer dormitorios con closet c/u, 01 Baño completo. El precio del alquiler incluye Conexión a Wi-Fi, ideal para teletrabajo. Áreas comunes: área de parrilla. Ubicado en la esquina de Calle Bilbao y Calle Guadalajara, muy céntrico, cerca a Supermercados, Restaurantes, Universidades, Colegios, Centros Comerciales y avenidas principales como Javier Prado, Huarochiri y Av. La Molina. Zona segura y vigilancia todo el día (24/7). Condiciones: 2 meses de garantía y 1 mes de adelanto. Precio a tratar.|https://www.adondevivir.com/propiedades/clasificado/alclappa-departamento-cerca-de-la-av-javier-prado-entre-ate-y-61635438.html?n_src=Listado&n_pills=Ascensor&n_pg=1&n_pos=4|2026-02-23
adondevivir|departamentos|alquiler|Lima Este|El Agustino|"Av. Oscar R. Benavides 1120
Lima Cercado, Lima"|S/ 1,700|1700|||100|"66 m² tot.
3 dorm.
2 baños"|66|3|2||"Alquiler | Departamento de Estreno en el Centro de Lima – Ubicación, comodidad y conectividad en un solo lugar️ Vive en el corazón de Lima, a pasos de la Plaza Dos de Mayo, en un departamento de estreno diseñado para quienes valoran la practicidad, el confort y una excelente conectividad. Ideal para familias o profesionales que desean estar cerca de todo sin renunciar a la tranquilidad y seguridad. Área: 66 m² | Piso: 17. Salida rápida al Aeropuerto Jorge Chávez y fácil acceso a transporte público, comercios, centros educativos y servicios esenciales. Características del departamento: ️ 3 habitaciones cómodas y bien iluminadas. ️ 2 baños completos. ️ Sala–comedor con vista externa, ideal para disfrutar de luz natural. ️ Cocina cerrada funcional. ️ Zona de lavandería cerrada. Áreas comunes pensadas para disfrutar en familia: ️ Parques internos. Juegos para niños. Zona de parrillas. Salón para niños. Sala de reuniones. Seguridad 24/7 para tu tranquilidad. Mantenimiento: aprox. S/ 100. Precio de alquiler: - Sin cochera: S/ 1, 700. Requisitos: - Sustento de ingresos. Una excelente oportunidad para vivir bien ubicado, con todo lo que necesitas a tu alcance. ¡Agenda tu visita y conoce tu próximo hogar!"|https://www.adondevivir.com/propiedades/clasificado/alclapin-alquiler-departamento-de-estreno-en-el-centro-de-148615740.html?n_src=Listado&n_pills=Seguridad&n_pg=1&n_pos=5|2026-02-23
adondevivir|departamentos|alquiler|Lima Este|El Agustino|"Av AREQUIPA 1388 - 10
Santa Beatriz, Lima Cercado"|S/ 1,600|1600|||120|"40 m² tot.
1 dorm.
1 baño"|40|1|||Alquilo mini departamento - santa beatriz- av. Arequipa cdra 13- alquilo mini departamento. piso 13. edificio de 20 pisos. 2 ascensores. area: 40 M2. sala comedor con vista A arenales. 1 dormitorio con closet. 1 baño completo incorporado. cocina abierta tipo kitchenette con reposteros altos Y bajos. lavanderia. no tiene cochera. areas comunes: piscina. sala de eventos. sala de reuniones. sala de internet. lavanderia. vigilancia 24 horas. mantenimiento 110 soles. no mascotas. no niños. alquiler: 1, 600 soles. contrato minimo 1 año. condiciones 2X1. Requisitos: no estar mal reportado en infocorp, sustento de ingresos.|https://www.adondevivir.com/propiedades/clasificado/alclapin-alquilo-mini-departamento-santa-beatriz-av-148864770.html?n_src=Listado&n_pills=Seguridad&n_pg=1&n_pos=6|2026-02-23
adondevivir|departamentos|alquiler|Lima Este|El Agustino|"Mariano Carranza al 600
Santa Beatriz, Lima Cercado"|S/ 2,500 · USD 750|2500|750|||"77 m² tot.
2 dorm.
2 baños
1 estac."|77|2|2|1|Alquilo acogedor departamento con balcón ubicado en Mariano Carranza, cerca de la estación Metropoliano, Cerca del Circuito Mágico de las aguas, a pocas cuadras de la Av. PetitThouars y de la Av. Arequipa. Detalle: Área: 77m2 Ubicado en segundo piso con ascensor. Sala comedor con balcón y vista a calle. Cocina cerrada con muebles altos y bajos. Lavandería con lavadero y terma. 02 Dormitorios en total con clóset incorporado (01 principal con baño privado). 01 habitación adicional como para cuarto de estudio o de bebé. 01 baño principal compartido. Pasadizo con clóset para guardar ropa blanca. Incluye cochera. Vigilancia. Mantenimiento 170 aprox incl agua. Alquiler mensual: 2, 500 soles (2x1) informes Y contacto: marina Ver datos|https://www.adondevivir.com/propiedades/clasificado/alclapin-alquiler-de-departamento-en-santa-beatriz-cercado-de-148837581.html?n_src=Listado&n_pills=Ascensor&n_pg=1&n_pos=7|2026-02-23
adondevivir|departamentos|alquiler|Lima Este|El Agustino|"Av Arequipa 1388
Santa Beatriz, Lima Cercado"|S/ 2,300 · USD 680|2300|680||195|"70 m² tot.
3 dorm.
2 baños"|70|3|2||"Alquilo lindo Departamento en Av. Arequipa – Santa Beatriz | Vista Exterior | Piso 5. no tiene cochera no se acepta mascota. Santa Beatriz, Cercado de Lima, con acceso inmediato a: Av. Arequipa, Vía Expresa y principales arterias de la ciudad. Centros de salud, comercios y servicios como starbucks. Transporte público y ciclovía. Piso: 5 torre A. Vista: Exterior. Sala comedor on salida a balcón y vista urbana muy iuminado. Dormitorios: 3 ️ uno con baño incorporado, el otro de tamaño bueno y el otro más pequeño, tipo estudio (Todos con closets) Otro baño completo para los dos dormitorios secundarios. Cocina independiente, funcional y bien distribuida️ Lavandería con terma a lado de la cocina. no tiene cochera no se acepta mascota. Renta 2300 soles dos meses de garantía por 1 de adelanto. Mantenimiento 195 soles. El cliente deberá estar bien en la central de riesgos y contar con ingresos comprobables. Visitas y consultas con Alejandro Lostaunau añ Ver datos"|https://www.adondevivir.com/propiedades/clasificado/alclapin-alquilo-lindo-departamento-en-av-arequipa-santa-148810117.html?n_src=Listado&n_pills=Cerca+a+colegios&n_pg=1&n_pos=8|2026-02-23
adondevivir|departamentos|alquiler|Lima Este|El Agustino|"Av Piramide del Sol al 500, Tercer Piso - Departamento Amplio con 3 Dorm - Tercer Piso
San Juan de Lurigancho, Lima"|S/ 1,800 · USD 535|1800|535|||"160 m² tot.
3 dorm.
2 baños"|160|3|2||Amplia Oficina en Alquiler/o Departamento – Zona Estratégica de sjse alquila departamento y / o Oficina de 160 m² en tercer piso de Pirámide del Sol 526, a pocos minutos de la Estación Caja de Agua. Ubicado en una zona altamente comercial y con excelente conectividad. Características: 3 dormitorios ampliosSala comedor iluminadaCocina independiente1 baño completoLavanderíaSin ascensorIdeal para familias o Oficina que busquen comodidad y amplitud, con fácil acceso a transporte, comercios y servicios. 160 m² bien distribuidos Cerca a transporte público y zona comercial Excelente relación ubicación–precio|https://www.adondevivir.com/propiedades/clasificado/alclapin-alquiler-departamento-tercer-piso-3-dorm-en-av-148873910.html?n_src=Listado&n_pills=%C3%81rea+de+lavander%C3%ADa&n_pg=1&n_pos=9|2026-02-23
adondevivir|departamentos|alquiler|Lima Este|El Agustino|"Calle Casapalca 1674 – Condominio Amauta
Lima Cercado, Lima"|S/ 1,550|1550|||160|"73 m² tot.
2 dorm.
2 baños"|73|2|2||Vive en un condominio seguro y completo, en una ubicación estratégica a un paso de Breña y Pueblo Libre, con acceso rápido a avenidas principales, mercados, bodegas y todo lo que necesitas para tu día a día. Ubicación: Calle Casapalca 1674 – Condominio Amauta. Referencia: Cdra. 22 de Prolongación Arica, altura fábrica Azaleia. precio de alquiler: S/ 1, 550. - Edificio de 20 pisos 16 dptos. Por piso. - Departamento disponible ubicado en el Tercer piso. - Cuatro ascensores. - Áreas comunes ideales para la familia: Parque interno, juego para niños, salón de eventos, zona de parrilla y piscina. - 73M2. - Sala Comedor con balcón. - Vista al parque del condominio. - kitchenette con muebles altos y bajos, horno y campana empotrada. - Lavandería. 02 Dormitorios. - Principal con baño propio, clóset espacio para cama Queen o de 2 plazas. - Dormitorio Secundario espacio para cama de 1½ o 2 plazas. - 2 baños en toda la propiedad, baño en el cuarto principal y un baño para compartir también con ducha. - Se acepta 01 mascota de raza pequeña. **El departamento se entrega sin amoblar** servicios. - Luz independiente. - Gas independiente. - Mantenimiento mensual: S/ 160 Aprox. - Arbitrios mensuales S/ 25 soles. - 1 mes de garantía y 1 mes de adelanto. requisitos. - Sustentar ingresos (boletas, recibos por honorarios o pdt) - No estar mal reportado en Infocorp. - Contrato mínimo de 1 año|https://www.adondevivir.com/propiedades/clasificado/alclapin-se-alquila-moderno-departamento-en-prolongacion-arica-148799577.html?n_src=Listado&n_pills=Ascensor&n_pg=1&n_pos=10|2026-02-23
adondevivir|departamentos|alquiler|Lima Este|El Agustino|"Londres 124 al 100
Ate Vitarte, Lima"|S/ 1,600|1600||||"95 m² tot.
2 dorm.
2 baños"|95|2|2||Contacto: doris guevaracel: 9*6*6*6*5*6*5*9*9A pasos del Centro Comercial PuruchucoArea Construida 94. 20 m2 4to piso 2 dormitorios2 bañosUbicado en 4to piso, con escaleras cómodas y descansadas. Este departamento ofrece ambientes funcionales, ventilación e iluminación natural acceso inmediato a avenidas principales como Nicolás Ayllón, Carretera Central, Londres, C. 12Estarás cerca de centros Comercial Puruchuco, Metro, Educativos, Plaza Josfel, Corte Superior de Justicia Lima Este, Hipermercado Cerámico, Grifo Primaxcaracteristicas- Área total: 94. 20 m²- Sala - comedor amplia. - Cocina kitchenette por implementar. - 2 dormitorios. - Área de lavandería por implementar. - Área de tendal en la azotea. - Modalidad: 2 x 1- Contrato mínimo: 1 año ¡Una oportunidad única para alquilar un departamento con vista externa, bien distribuido y con ubicación comercial estratégica!.? Contactanos para mas informacion y agenda tu visita hoy mismocontacto: doris guevaracel: 9*6*6*6*5*6*5*9*9id: 1*1*6*7*9*5*5|https://www.adondevivir.com/propiedades/clasificado/alclapin-alquiler-de-departamento-en-ate-vitarte-148617424.html?n_src=Listado&n_pills=%C3%81rea+de+lavander%C3%ADa&n_pg=1&n_pos=11|2026-02-23
adondevivir|departamentos|alquiler|Lima Este|El Agustino|"Calle Badajoz
Mayorazgo, Ate Vitarte"|S/ 2,200 · USD 650|2200|650|||"90 m² tot.
3 dorm.
2 baños
1 estac."|90|3|2|1|Departamento nuevo: Excelente Departamento con ambientes completamente iluminados, vista externa con 2 frentes, super moderno, vista a la calle, todos los cuartos tienen closet, el ambiente de la cocina viene completamente amoblada con cocina, campana y reposteros modernos, todos los pisos son de porcelanato claro y cada departamento tiene su cochera automática propia. El cuarto principal es una suit amplia y completa ya que tiene su baño propio y 2 closets, una para ropa normal y otra de ropas blancas. Departamento con ascensor amplio. Zona muy Segura, cercada y con Seguridad las 24 horas del día y cámaras de Seguridad instaladas en los departamentos. Teléfono de contacto: 9. 5. 2. 3. 7. 1. 9. 4. 3. Referencia: Universidad Pre de Lima|https://www.adondevivir.com/propiedades/clasificado/alclapin-alquiler-de-departamento-en-mayorazgo-143733446.html?n_src=Listado&n_pills=%C3%81rea+de+lavander%C3%ADa&n_pg=1&n_pos=12|2026-02-23
adondevivir|departamentos|alquiler|Lima Este|El Agustino|"Av. los Rosales 300
Santa Anita, Lima"|S/ 1,200|1200|||1|"65 m² tot.
2 dorm.
3 baños"|65|2|3||"Mini departamento en alquiler – 2 habitaciones | 2. º piso (vista interna) – Santa Anita. Funcional mini departamento ubicado en 2. º piso, con vista interna, ideal para quienes buscan comodidad y buena distribución. Cuenta con una sala–comedor amplia, con excelente iluminación natural, perfecta para un ambiente acogedor. La cocina tiene el tamaño adecuado para instalar cocina y lavadora, e incluye lavatorio, brindando practicidad en el día a día. Dispone de dos dormitorios cómodos: - Dormitorio principal con espacio para cama de 2 ½ hasta 3 plazas, con baño incorporado y ventilación natural. - Segundo dormitorio con capacidad para cama de plaza o plaza y media, también con baño incorporado. Además, cuenta con un baño completo independiente, ideal para visitas o uso adicional. Condiciones del alquiler. - Precio: S/ 1, 200 (ligeramente negociable) - Luz: consumo independiente. - Agua: S/ 25 por. persona. Condición 2 meses de garantía 1 de adelanto. No mascotas. No extranjeros. Ubicación privilegiada – Santa Anita. Ubicado en una zona estratégica de Santa Anita, a solo 2 minutos de la Plaza de Armas de Santa Anita. Se encuentra a 3–4 minutos caminando de la Av. Carretera Central, lo que garantiza excelente conectividad. A pocos pasos se ubica un mercado tradicional y muy conocido del distrito, así como un centro recreacional de la Municipalidad de Santa Anita. Además, se encuentra cerca de: - 5 minutos del Óvalo de Santa Anita. - 7–10 minutos de la Av. Javier Prado. - Universidades e institutos como upn y el Británico. - Centros comerciales como Mall Plaza Santa Anita. Excelente opción para parejas, familias pequeñas o estudiantes, que buscan buena ubicación, funcionalidad y precio competitivo. Luis de la cruz. *96. 6. 3. 8. 2. 1. 6. 4"|https://www.adondevivir.com/propiedades/clasificado/alclapin-alquilo-departamento-zona-centrica-148706916.html?n_src=Listado&n_pills=Cerca+a+colegios&n_pg=1&n_pos=13|2026-02-23
adondevivir|departamentos|alquiler|Lima Este|El Agustino|"Av. Bélisario Sosa Peláez 1111
Lima Cercado, Lima"|S/ 1,500|1500||||"65 m² tot.
3 dorm.
1 baño"|65|3|||Alquiler de Cómodo y Acogedor Departamento — Cercado de Lima. Dirección: Av. Belisario Sosa Peláez dentro de Condominio, muy Seguro! Área construida: 65. 32 m² Edificio: 3 pisos. Antigüedad: 44 años. Características principales: - 3 habitaciones amplias. - 1 baño funcional y con mueble debajo lavatorio. - Cocina con ventana al interior para una buena ventilación y Lavandería. - Estacionamientos: 0 (sin cochera) - Vista a la calle — excelente iluminación natural y ventilación. - Distribución práctica ideal para familia pequeña o pareja que busca espacio y comodidad. Por qué te puede interesar: - Espacio bien aprovechado de 65 m², con ambientes definidos. - Ubicación sobre avenida, con accesos y servicios cercanos a parques y zonas recreativas. - Opción económica y funcional si buscas vivir en una zona consolidada de Lima. ¿Quieres más detalles o coordinar una visita? Estoy disponible para agendarla.|https://www.adondevivir.com/propiedades/clasificado/alclapin-alquiler-comodo-y-seguro-departamento-en-cercado-de-148455328.html?n_src=Listado&n_pills=%C3%81rea+de+lavander%C3%ADa&n_pg=1&n_pos=14|2026-02-23
adondevivir|departamentos|alquiler|Lima Este|El Agustino|"asociacion monterrey
Monterrey, Santa Anita"|S/ 750|750|||40|"45 m² tot.
1 dorm.
1 baño"|45|1|||Se alquila bonito Mini departamento en buen estado, Ideal para una o dos. No se aceptan mascotas. Metraja 45 m2. sala comedor. 1 Baño completo. Cocina. 1 Dormitorio, closet. Instalación para lavadora. La Luz tiene medidor propio (medidor a 0. 95 kw) El Agua se paga 40 soles mensuales. Arbitrios costo de 15 soles. Asociación Monterrey - Santa Anita. Alquiler: S/. 750 soles. Interesados contactar con Sandra Lucar al Ver datos|https://www.adondevivir.com/propiedades/clasificado/alclapin-se-alquila-mini-departamento-cerca-a-tecsup-santa-146248596.html?n_src=Listado&n_pills=Frente+a+parque&n_pg=1&n_pos=15|2026-02-23
adondevivir|departamentos|alquiler|Lima Este|El Agustino|"Santa Anita 15011
Santa Anita, Lima"|S/ 1,700|1700|||100|"87 m² tot.
3 dorm.
1 baño
1 estac."|87|3||1|Área: 87 M2. piso 4to y 5to. Vistas internas. distribución. 3 habitaciones. 1 Sala comedor. 1 Cocina modelo americana. 2 baños. 1 cochera opcional. Lavandería. Patio. El edificio cuenta con escaleras y ascensor para su ingreso. Edificio de estreno. Precios: 4to piso vista interna 1, 700 soles ligeramente negociables. 5to piso vista interna 1, 600 soles ligeramente negociables. Mantenimiento: 100 soles. Los servicios básicos son aparte, no están incluidos dentro de la renta. Cochera: 180 soles mensuales (opcional) Contrato mínimo un año. Condiciones 2 meses de garantía y un mes de renta adelantada. Ubicado en la misma Av. La cultura con Av. Metropolitana, frente al del mayorista de Santa Anita, cerca de centros comerciales y más. Agenda tu visita al: 9-4-1-1-3-8-5-9-1. 9-4-4-2-7-3-0-5-9. lima house inmobiliaria|https://www.adondevivir.com/propiedades/clasificado/alclapin-alquiler-de-departamento-de-estreno-en-santa-anita-148849167.html?n_src=Listado&n_pills=Seguridad&n_pg=1&n_pos=16|2026-02-23
adondevivir|departamentos|alquiler|Lima Este|El Agustino|"LAS CALENDULAS 404
San Juan de Lurigancho, Lima"|S/ 1,500 · USD 405|1500|405|||"90 m² tot.
2 dorm.
2 baños"|90|2|2||A precio de ocasión se alquila lindo departamento de estreno en primer piso en la entrada de san juan de lurigancho. Este departamento de ensueño esta ubicado A la altura del paradero 1 de las flores de primavera, frente al poder judicial, en una calle segura con control de ingresos Y seguridad de dia Y de noche. Cuenta con una amplia sala comedor, una cocina cerrada tipo kitchen con muebles altos Y bajos, dispensador de copas, cocina encimera de 4 hornillas, campana extractora, tablero de granito Y lavadero amplio Y cómodo. Cuenta además con dos habitaciones grandes, baño de visita Y un baño grande con grifería de primera. área de lavandería grande con terma Y un patio tendal interno. Este departamento tiene dos ingresos. Este departamento es especial por su ubicación, el acceso A lima es A 10 minutos, A traves del tunel que conecta al rimac con san juan de lurigancho Y también está súper cerca A la estación caja de agua del tren eléctrico, su infraestructura es impecable, siendo de estreno ha sido construido con un diseño muy elegante en la cocina, tiene griferías de primera calidad Y también luminarias modernas con luces led. Sus espacios son grandes Y cómodos. Este departamento te brindará el confort Y una excelente presentación, ya que el diseño de la cocina ha sido elaborado minuciosamente para una excelente presentación, cuenta además con conexión A gas cálida. Contando con todo lo que necesitas para tener la comodidad deseada. Cuenta además con dos habitaciones grandes, en cada una de ellas puede instalar una cama quin O king, amplias ventanas que le darán mucha ventilación E iluminación, un baño completo Y uno de visita con excelentes acabados, therma, cuenta además con una amplia lavandería Y un patio tendal. Lo mejor es el precio!.|https://www.adondevivir.com/propiedades/clasificado/alclapin-ocasion!-alquilo-lindo-depa-de-estreno-1er-piso-s.-j.-142562051.html?n_src=Listado&n_pills=Seguridad&n_pg=1&n_pos=17|2026-02-23
adondevivir|departamentos|alquiler|Lima Este|El Agustino|"Avenida Alejandro Bertello 830
Lima Cercado, Lima"|S/ 2,900 · USD 880|2900|880||200|"73 m² tot.
2 dorm.
2 baños"|73|2|2||Departamento de estreno en alquiler, ubicado en la accesible Avenida Alejandro Bertello cdra 8, en el sexto piso de un imponente edificio con vista externa. Este departamento cuenta con un buena distribución de 73 m2, ofreciéndote todo el espacio que necesitas para disfrutar y sentirte cómodo. Consta de Sala-comedor con balcón, cocina tipo americana con lavandería, sala tv perfecto para transformar en tu oficina en casa si lo deseas. También cuenta con dos habitaciones donde la principal tiene W/Closet y baño; un segundo baño para la habitacion 2 y la visita. Finalmente contarte que el edificio cuenta con personal 24/7, y con áreas sociales de zona de parrilla y piscina en la parte superior para que ademas disfrutes de la vista del distrito.|https://www.adondevivir.com/propiedades/clasificado/alclapin-de-estreno!-alquiler-departamento-en-bertello-lima-148969196.html?n_src=Listado&n_pills=%C3%81rea+de+lavander%C3%ADa&n_pg=1&n_pos=18|2026-02-23
adondevivir|departamentos|alquiler|Lima Este|El Agustino|"Calle Portada del Sol 267
Santa Anita, Lima"|"S/ 1,000
9%"|1000||9%||"70 m² tot.
2 dorm.
1 baño"|70|2|||Departamento en alquiler ubicado en Santa Anita, ideal para parejas o estudiantes, Cuenta con 70 m² de superficie construida. Dispone de 2 habitaciones y 1 baño. Cocina con comedor. Ubicado en el segundo piso. La zona ofrece cercanía a centros comerciales y escuelas, facilitando el acceso a servicios y educación. Santa Anita es un distrito residencial con buen acceso a transporte público y principales avenidas, conectando con otros puntos de la ciudad. Condiciones: 1x1|https://www.adondevivir.com/propiedades/clasificado/alclapin-departamento-de-70-m-sup2--con-1-habitacion-en-148959713.html?n_src=Listado&n_pills=Cerca+a+colegios&n_pg=1&n_pos=19|2026-02-23
adondevivir|departamentos|alquiler|Lima Este|El Agustino|"Jr. Punkari 1650
Mangomarca, San Juan de Lurigancho"|S/ 1,200|1200|||30|"80 m² tot.
2 dorm.
2 baños"|80|2|2||Alquilo departamento práctico cerca a makro de Mangomarca. Ideal para persona sola, o pareja de amigos o compañeros de trabajo que laboren cerca a makro de Mangomarca o alrededores. * Cocina - comedor con buena ventilación e iluminación con muebles bajos y mueble de almacenamiento de madera de estreno. * Dormitorio principal de 15 m2 con closet de madera de pared a pared. * Segundo dormitorio o estudio de 8 m2. * Hall. * Amplia zona de lavandería en la azotea, exclusiva para el departamento con zona de lavandería, planchador y amplia zona de tendal. Condiciones: Arriendo: s/ 1200. Garantía 1 mes de arriendo. Buen record crediticio. WhatsApp Ver datos|https://www.adondevivir.com/propiedades/clasificado/alclapin-alquilo-departamento-practico-cerca-a-makro-de-148963717.html?n_src=Listado&n_pills=%C3%81rea+de+lavander%C3%ADa&n_pg=1&n_pos=20|2026-02-23
adondevivir|departamentos|alquiler|Lima Este|El Agustino|"Prolongacion Javier Prado por el moll
Los Portales De Ate, Ate Vitarte"|S/ 1,800 · USD 580|1800|580|||"99 m² tot.
3 dorm.
2 baños"|99|3|2||Alquilo dpto 2do piso Ate Los Portales de Javier Prado. Cerca a Real Plaza Puruchuco y avenida Prolongación Javier Prado, 2do Piso Ideal iluminado ventilado, 93 metros aproximadamente. - Sala y comedor. - La cocina equipada con campana y extractora y muebles reposteros mesa de granito. - 3 Habitaciones amplias. - La Habitación principal es amplio con closet grande. Tiene baño propio. - 2 Baños completos en total. - - Lavandería. Cuenta con espacio para una lavadora o lavaseca y tendal. - Terma que alimenta a todo el departamento. Limpieza del edificio: Cuenta con Gas cálida. * condiciones: - Contrato por un año. - Contar con buen perfil crediticio. - Demostrar sustento económico: 3 últimas boletas de pago. Recibos / facturas. precio de alquiler S/. 1, 800 negociable!! Modalidad: 1 de garantia x 1 de adelanto.|https://www.adondevivir.com/propiedades/clasificado/alclapin-deparatmento-xprolongacion-j.-prado-y-moll-en-148991074.html?n_src=Listado&n_pills=%C3%81rea+de+lavander%C3%ADa&n_pg=1&n_pos=21|2026-02-23
adondevivir|departamentos|alquiler|Lima Este|El Agustino|"Calle Teodoro Cárdenas número 214
Santa Beatriz, Lima Cercado"|S/ 2,300 · USD 685|2300|685||250|"68 m² tot.
3 dorm.
2 baños"|68|3|2||Se alquila lindo Departamento de 3 Dormitorios, con un área 68 m2, ubicado en piso 19, vista panorámica, buena ubicación, a tan solo 2 cdras del Hospital Rebagliati, lindas areas comunes; piscina, zona de parrilla, juego de niños, sum, cerca a Centro Comercial, supermercados, bancos, colegios, universidades, clínicas, farmacias, restaurantes. Dirección: Teodoro Cárdenas 214, limite a lince. Edificio cuenta con gas Natural Cálidda. Características: - 3 Dormitorios. - 2 Baños completos - puertas de ducha con vidrio templado. - Área 68m2. - Sala - Comedor. - Cocina empotrada. - Zona de lavandería con calentador a Gas Cálidda. - Ubicado piso 19. - Cocina a gas Cálidda. - Mantenimiento S/ 250 incluye servicio de agua. - Inquilino pagan arbitrios. reestreno: Pisos porcelanato nuevos, paredes empastadas y pintadas, cortinas nuevas, totalmente renovado. A pasos de: Kentucky Fried Chicken, Starbucks, Mifarma, Serpost, entre otros. Areas comunes: - Piscina. - Gimnasio. - 2 Zonas de parrillas. - Zona de juegos para Niños. - Sala de Reuniones. Condiciones: - Contrato mínimo 1 año. - Garantía 2 meses x 1 mes adelantado. *sin cochera*|https://www.adondevivir.com/propiedades/clasificado/alclapin-alquiler-de-dpto.-de-68-m-sup2-.-en-condominio-149001706.html?n_src=Listado&n_pills=Seguridad&n_pg=1&n_pos=22|2026-02-23
adondevivir|departamentos|alquiler|Lima Este|El Agustino|"Calle Helsinki 8646
Ate Vitarte, Lima"|S/ 1,400|1400|||1|"65 m² tot.
1 dorm.
1 baño"|65|1|||Alquilo amplio Departamento moderno de 1 dormitorio frente al centro comercial Real Plaza Puruchuco. Departamento ubicado en 4. º piso, con vista a la calle y a Puruchuco, que destaca por su amplitud, buena distribución y acabados modernos. Dispone de una sala amplia y bien iluminada, ideal para un ambiente cómodo y funcional. La cocina de tamaño mediano cuenta con reposteros bajos, pensada para un uso práctico. El dormitorio principal es muy espacioso, con excelente iluminación natural y vista a la calle. Incluye mueble empotrado para tv y un walking clóset amplio, equipado con zapateras, cajoneras y espacios ideales para organizar ropa, vestidos, joyas y accesorios personales. El baño moderno y sofisticado cuenta con lavatorio de mármol, iluminación natural, terma eléctrica y un diseño cómodo y elegante. Condiciones del alquiler: - Precio: S/ 1, 400 mensuales. - Luz: consumo independiente. - Agua: S/ 25 por persona. Condicion: 2 x 1. No mascotas. No extranjeros. Excelente opción para quienes buscan confort, estilo y buena ubicación. Contacto luis de la cruz. 9. 6. 6. 3. 8. 2. 1. 6. 4.|https://www.adondevivir.com/propiedades/clasificado/alclapin-alquilo-departamento-frente-a-real-plaza-puruchuco-148706885.html?n_src=Listado&n_pg=1&n_pos=23|2026-02-23
adondevivir|departamentos|alquiler|Lima Este|El Agustino|"Avenida Santa Gertrudis 686
Lima Cercado, Lima"|S/ 1,900|1900||||"70 m² tot.
2 dorm.
1 baño"|70|2|||"Alquilo Departamento | Quinto Piso 2 Dormitorios. excelente oportunidad de alquiler departamento, zona resindencial. distrito lima limite pueblo libre. Zonificación residencial | alquiler S/. 1, 900. 00. Contacto: Daniel Barrientos | 9. 3. 9. 7. 8. 3. 6. 0. 2. Ubicación: Av. Santa Gertrudis cdra. 6 Quinto Piso - Lima Limite con Pueblo Libre. Distrito Lima. Área Costruida: 50m² Terraza: 20m² Area Total: 70m² descripcion: - Departamento zona Residencial, cerca a Universidad Catolica, Plaza San Miguel, Supermercado (Wong), zona de comida y otros servicios. - Quinto Piso. - No cuenta con cochera. distribucion. - Amplia Sala Comerdor. - 2 Dormitorio Amplios. - 1 Baño. - Cocina abierta Tipo americana. - Lavanderia. - Terraza Amplia. condiciones economicas: - Precio de Alquiler: S/. 1, 900. 00. - Garantia 2 meses. - Adelanto 2 meses. - Periodo de Contrato: a partir de 1 año. - Incluye mantenimiento: agua, luz de las areas comunes, limpieza de las areas comunes. Contacto: Daniel Barrientos | 9. 3. 9. 7. 8. 3. 6. 0. 2."|https://www.adondevivir.com/propiedades/clasificado/alclapin-alquilo-departamento-av-santa-gertrudis-esq.-mariano-148952975.html?n_src=Listado&n_pills=%C3%81rea+de+lavander%C3%ADa&n_pg=1&n_pos=24|2026-02-23
adondevivir|departamentos|alquiler|Lima Este|El Agustino|"Av. Óscar R. Benavides 3046
Lima Cercado, Lima"|"S/ 1,600
8%"|1600||8%|170|"68 m² tot.
3 dorm.
2 baños"|68|3|2||"El departamento que buscabas en una ubicación súper céntrica - condominio con bellas áreas comunes - Pet friendly. Vive en el corazón de Lima, a pasos de la Plaza Dos de Mayo, en un departamento de estreno diseñado para quienes valoran la practicidad, el confort y una excelente conectividad. Ideal para familias o profesionales que desean estar cerca de todo sin renunciar a la tranquilidad y seguridad. Área: 68 m² | Piso: 10. Salida rápida al Aeropuerto Jorge Chávez y fácil acceso a transporte público, comercios, centros educativos y servicios esenciales. Características del departamento: ️ 3 habitaciones amplias y bien iluminadas. ️ 2 baños completos. ️ Sala–comedor con vista externa, excelente iluminación. ️ Cocina cerrada y espaciosa. ️ Zona de lavandería. Áreas comunes pensadas para disfrutar en familia: ️ Parques internos. Juegos para niños. Zona de parrillas. Salón para niños. Sala de reuniones. Seguridad 24/7. Mantenimiento: aprox. S/ 90. Precio de alquiler: S/ 1, 600 (no cuenta con cochera) Requisitos: - Sustento de ingresos. Un mes de garantía, un mes de adelanto. Separa tu cita inmediatamente!"|https://www.adondevivir.com/propiedades/clasificado/alclapin-lindo-y-funcional-departamento-3dorm.-en-alquiler-148768577.html?n_src=Listado&n_pills=Guardian%C3%ADa%2FSeguridad+privada&n_pg=1&n_pos=25|2026-02-23
adondevivir|departamentos|alquiler|Lima Este|El Agustino|"Av. Óscar R. Benavides 1106
Lima Cercado, Lima"|S/ 2,300|2300|||200|"65 m² tot.
3 dorm.
2 baños
1 estac."|65|3|2|1|Alquilo departamento en Alto Lima Park Proyecto Cercado con áreas comunes, se encuentra estratégicamente ubicado, a solo minutos de la estación central del Metropolitano y del Centro Comercial Real Plaza. Esto significa que tendrás acceso rápido a transporte público, a lugares de compras y entretenimiento. ¿Quieres pasar una noche divertida con amigos? Aquí, cuentas con una sala de adultos equipada con un elegante bar y una mesa de billar para pasar noches llenas de risas y juegos, adicional cuenta con áreas de parrillas, gimnasio, área de cine privado para 15 personas super amplio + cancha de fulbito + cancha de voley y cancha de basquet. Distribución: Piso laminado en todo el departamento + gas calidda en todo el departmento (cocina + terma) Ubicado en piso 3 cuenta con ascensor. - Sala comedor con salida al balcón. - cocina con muebles altos y bajos. - lavanderia con lavadero y terma. - Habitación principal con su baño completo. - Segundo con closet y tercera habitación sin closet. - Segundo baño completo. Incluye un estacionamiento techado. Cuenta con porteria 24/7 - mantenimiento 200 soles incluido agua. Condiciones de renta 1 año de contrato con 2 garantías + 1 mes de renta adelantada. Requisitos: contar con sus boletas de pago + reporte de infocorp verde + certificado único laboral|https://www.adondevivir.com/propiedades/clasificado/alclapin-alquilo-departamento-en-alto-lima-park-proyecto-146177436.html?n_src=Listado&n_pills=Frente+a+parque&n_pg=1&n_pos=26|2026-02-23
adondevivir|departamentos|alquiler|Lima Este|San Juan de Lurigancho|"Av Piramide del Sol al 500, Tercer Piso - Departamento Amplio con 3 Dorm - Tercer Piso
San Juan de Lurigancho, Lima"|S/ 1,800 · USD 535|1800|535|||"160 m² tot.
3 dorm.
2 baños"|160|3|2||Amplia Oficina en Alquiler/o Departamento – Zona Estratégica de sjse alquila departamento y / o Oficina de 160 m² en tercer piso de Pirámide del Sol 526, a pocos minutos de la Estación Caja de Agua. Ubicado en una zona altamente comercial y con excelente conectividad. Características: 3 dormitorios ampliosSala comedor iluminadaCocina independiente1 baño completoLavanderíaSin ascensorIdeal para familias o Oficina que busquen comodidad y amplitud, con fácil acceso a transporte, comercios y servicios. 160 m² bien distribuidos Cerca a transporte público y zona comercial Excelente relación ubicación–precio|https://www.adondevivir.com/propiedades/clasificado/alclapin-alquiler-departamento-tercer-piso-3-dorm-en-av-148873910.html?n_src=Listado&n_pills=%C3%81rea+de+lavander%C3%ADa&n_pg=1&n_pos=1|2026-02-23
adondevivir|departamentos|alquiler|Lima Este|San Juan de Lurigancho|"LAS CALENDULAS 404
San Juan de Lurigancho, Lima"|S/ 1,500 · USD 405|1500|405|||"90 m² tot.
2 dorm.
2 baños"|90|2|2||A precio de ocasión se alquila lindo departamento de estreno en primer piso en la entrada de san juan de lurigancho. Este departamento de ensueño esta ubicado A la altura del paradero 1 de las flores de primavera, frente al poder judicial, en una calle segura con control de ingresos Y seguridad de dia Y de noche. Cuenta con una amplia sala comedor, una cocina cerrada tipo kitchen con muebles altos Y bajos, dispensador de copas, cocina encimera de 4 hornillas, campana extractora, tablero de granito Y lavadero amplio Y cómodo. Cuenta además con dos habitaciones grandes, baño de visita Y un baño grande con grifería de primera. área de lavandería grande con terma Y un patio tendal interno. Este departamento tiene dos ingresos. Este departamento es especial por su ubicación, el acceso A lima es A 10 minutos, A traves del tunel que conecta al rimac con san juan de lurigancho Y también está súper cerca A la estación caja de agua del tren eléctrico, su infraestructura es impecable, siendo de estreno ha sido construido con un diseño muy elegante en la cocina, tiene griferías de primera calidad Y también luminarias modernas con luces led. Sus espacios son grandes Y cómodos. Este departamento te brindará el confort Y una excelente presentación, ya que el diseño de la cocina ha sido elaborado minuciosamente para una excelente presentación, cuenta además con conexión A gas cálida. Contando con todo lo que necesitas para tener la comodidad deseada. Cuenta además con dos habitaciones grandes, en cada una de ellas puede instalar una cama quin O king, amplias ventanas que le darán mucha ventilación E iluminación, un baño completo Y uno de visita con excelentes acabados, therma, cuenta además con una amplia lavandería Y un patio tendal. Lo mejor es el precio!.|https://www.adondevivir.com/propiedades/clasificado/alclapin-ocasion!-alquilo-lindo-depa-de-estreno-1er-piso-s.-j.-142562051.html?n_src=Listado&n_pills=Seguridad&n_pg=1&n_pos=2|2026-02-23
adondevivir|departamentos|alquiler|Lima Este|San Juan de Lurigancho|"Jr. Punkari 1650
Mangomarca, San Juan de Lurigancho"|S/ 1,200|1200|||30|"80 m² tot.
2 dorm.
2 baños"|80|2|2||Alquilo departamento práctico cerca a makro de Mangomarca. Ideal para persona sola, o pareja de amigos o compañeros de trabajo que laboren cerca a makro de Mangomarca o alrededores. * Cocina - comedor con buena ventilación e iluminación con muebles bajos y mueble de almacenamiento de madera de estreno. * Dormitorio principal de 15 m2 con closet de madera de pared a pared. * Segundo dormitorio o estudio de 8 m2. * Hall. * Amplia zona de lavandería en la azotea, exclusiva para el departamento con zona de lavandería, planchador y amplia zona de tendal. Condiciones: Arriendo: s/ 1200. Garantía 1 mes de arriendo. Buen record crediticio. WhatsApp Ver datos|https://www.adondevivir.com/propiedades/clasificado/alclapin-alquilo-departamento-practico-cerca-a-makro-de-148963717.html?n_src=Listado&n_pills=Cerca+a+colegios&n_pg=1&n_pos=3|2026-02-23
adondevivir|departamentos|alquiler|Lima Este|San Juan de Lurigancho|"av Central
Bayovar, San Juan de Lurigancho"|S/ 1,100|1100||||"90 m² tot.
2 dorm.
1 baño"|90|2|||Alquiler de departamento en San Juan de Lurigancho – a 5min Estación BayóvarSe alquila departamento ubicado en 3er piso dentro de una urbanización tranquila, a solo cinco minutos de la estación Bayóvar. El entorno cuenta con vías amplias, acceso rápido al transporte y a la Av. Central Características del departamento: Área de 90 m²Tercer pisoDos dormitorios con buena iluminaciónUn baño completoSala cómoda y ventiladaCocina independientePequeño patio interiorTerma y gas cálidoServicios: Agua y luz se pagan por separadoUbicación: Cerca de la estación Bayóvar (5 minutos) A pocos metros de Av. Central Zona con mercados, tiendas, movilidad constante y acceso a serviciosCondiciones: Alquiler: S/ 1, 100 mensualesUn mes de adelanto + un mes de garantíaSe acepta mascota pequeña|https://www.adondevivir.com/propiedades/clasificado/alclapin-alquilo-de-departamento-en-av-central-en-san-juan-de-148654716.html?n_src=Listado&n_pg=1&n_pos=4|2026-02-23
adondevivir|departamentos|alquiler|Lima Este|San Juan de Lurigancho|"Asociación Villa Mangomarca
Mangomarca, San Juan de Lurigancho"|S/ 1,500 · USD 446|1500|446|||"70 m² tot.
2 dorm.
1 baño"|70|2|||"Alquiler – departamento en mangomarca, san juan de luriganchourbanización MangomarcaVive en una zona residencial tranquila, segura y rodeada de aire puro, frente a parque y sin edificios alrededor. ¡Un lugar donde realmente se respira paz! Características: 70 m² | 2 años de antigüedad2 habitacionesEntrada independienteFinos acabadosExcelente iluminación y ventilación naturalServicios independizadosFrente a parqueDisponible a partir del 03 de febreroA minutos de avenidas principales, con fácil acceso a transporte y servicios. Las imágenes y/o información de este inmueble son de carácter referencial. R. uc.: Razón social: Inversiones Delia S. A. C."|https://www.adondevivir.com/propiedades/clasificado/alclapin-alquiler-de-departamento-urbanizacion-mangomarca-148569143.html?n_src=Listado&n_pills=%C3%81rea+de+lavander%C3%ADa&n_pg=1&n_pos=5|2026-02-23
adondevivir|departamentos|alquiler|Lima Este|San Juan de Lurigancho|"Av. Central al 1000
San Juan de Lurigancho, Lima"|S/ 1,000|1000||||"75 m² tot.
3 dorm.
1 baño"|75|3|||Alquiler de departamento en san juan de lurigancho 3 dormitorioscontacto: eduardo nalvarte alvarezcelular: 9. 9. 4. 4. 8. 6. 4. 9. 0Departamento de Estreno dpto. 5 Cerca a la estación de Bayóvar en sjlubicación, diseño y confort se combinan en este departamento de estreno en alquiler. Situado en la Av. Central, a solo dos cuadras de la estación del tren de Bayóvar, te permitirá disfrutar de una vida práctica y conectada. 3 habitaciones espaciosas y bien distribuidas1 bañoCocina equipada con muebles altos y bajos de melamine, cocina incluida y gas naturalLavandería independienteSolo un departamento por piso, mayor tranquilidad y privacidadVive en una zona comercial con fácil acceso a transporte y servicios esenciales. Consulta disponibilidad y agenda una visita.|https://www.adondevivir.com/propiedades/clasificado/alclapin-departamento-en-san-juan-de-lurigancho-148472183.html?n_src=Listado&n_pills=%C3%81rea+de+lavander%C3%ADa&n_pg=1&n_pos=6|2026-02-23
adondevivir|departamentos|alquiler|Lima Este|San Juan de Lurigancho|"Av. Las Flores de Primavera al 800 Urb. Las Flores
San Juan de Lurigancho, Lima"|S/ 1,100 · USD 320|1100|320|||"60 m² tot.
2 dorm.
1 baño"|60|2|||Alquiler de departamento en San Juan de Lurigancho! Ubicación privilegiada, a pocos minutos de la Estación Pirámide del sol y Caja de Agua ( tren eléctrico), con fácil acceso. Además, muy cerca de nuevo Mall Aventura de sjl y al instituto sise. El departamento cuenta con 70 m2 bien distribuidos. distribucion: - 2 dormitorios amplios que comparten un baño completo. -kitchenette. - sala- comedor amplia e iluminada. - ubicado en un 2 piso ( con escaleras) visitas faciles!!|https://www.adondevivir.com/propiedades/clasificado/alclapin-alquiler-departamento-en-urb.-las-flores-san-juan-de-147926554.html?n_src=Listado&n_pg=1&n_pos=7|2026-02-23
adondevivir|departamentos|alquiler|Lima Este|San Juan de Lurigancho|"Las dalias 134
San Juan de Lurigancho, Lima"|S/ 1,000|1000||||"58 m² tot.
1 dorm.
1 baño"|58|1|||A 300 metros de la Estación San Martín del Tren Eléctrico. Características del inmueble: • 1 habitación. • 1 baño. • Área construida: 66 m² • Área total: 55 m² • Cochera: Paralelo techado. • Antigüedad: 40 años. Servicios: • Agua municipal. • Energía por empresa privada. • Drenaje municipal. • No cuenta con gas. Beneficios del inmueble: • Ubicación estratégica con acceso rápido al tren eléctrico. • Movilidad garantizada hacia cualquier punto de la ciudad. • Zona tranquila y con diversas facilidades cercanas: comercios, bancos, mercados y transporte público. • Ideal para personas solas, parejas o profesionales que buscan independencia. Contáctanos para coordinar una visita.|https://www.adondevivir.com/propiedades/clasificado/alclapin-alquiler-de-departamento-san-juan-de-lurigancho-148378089.html?n_src=Listado&n_pg=1&n_pos=8|2026-02-23
adondevivir|departamentos|alquiler|Lima Este|San Juan de Lurigancho|"Av. los Postes Este 541
San Juan de Lurigancho, Lima"|S/ 900 · USD 267|900|267|||"60 m² tot.
2 dorm.
1 baño"|60|2|||Departamento disponible en alquiler en San Juan de Lurigancho. Cuenta con una superficie construida de 60 m². El interior ofrece 2 recámaras, ideal para una familia pequeña o personas que buscan espacio adicional para un estudio u oficina en casa. La cocina integrada facilita la interacción social y el flujo entre los espacios. Además, cuenta con 1 baño completo. Este departamento de 25 años de antigüedad es una excelente opción para quienes buscan comodidad y funcionalidad en una ubicación estratégica. Cuenta con cocina amplia y gas cálidda (no tiene sala). San Juan de Lurigancho es un distrito residencial con una amplia gama de servicios, incluyendo mercados locales, supermercados y centros de salud. El acceso al transporte público es fácil, con diversas líneas de autobuses y estaciones de metro cercanas, lo que facilita la conexión con otras zonas de la ciudad.|https://www.adondevivir.com/propiedades/clasificado/alclapin-alquiler-departamento-2do-piso-alt-parad-15-de-las-148926213.html?n_src=Listado&n_pg=1&n_pos=9|2026-02-23
adondevivir|departamentos|alquiler|Lima Este|San Juan de Lurigancho|"Los Angeles
Campoy, San Juan de Lurigancho"|S/ 950|950||||"39 m² tot.
1 dorm.
1 baño"|39|1|||Ubicado a la altura del paradero totus 1 cuadra Paralelo a la Av. Principal. Condominio las torres del sol, Piso 6. Pareja joven O persona sola. Sala con cocina americana con balcón con vista Exterior. separado entre sala y balcón por una ventana panorámica de techo a piso. Habitacion con baño completo ventana y Balcon amplio que brinda una iluminación natural brillante. El alquiler es por 950 soles que incluye mantenimiento agua y seguridad. Luz y gas con cajas independientes pagos de acuerdo a su consumo. Departamento habilitado A partir quincena febrero. Para más información llama ahora a Luis Manrique Wilma al 9. 9. 9. 6. 1. 7. 7. 8. 8. Te lo mostraremos sin compromiso.|https://www.adondevivir.com/propiedades/clasificado/alclapin-alquilo-comodo-departamento-area-39-m-sup2-148838974.html?n_src=Listado&n_pills=Seguridad&n_pg=1&n_pos=10|2026-02-23
adondevivir|departamentos|alquiler|Lima Este|San Juan de Lurigancho|"San Juan de Lurigancho
San Juan de Lurigancho, Lima"|S/ 1,800|1800|||180|"98 m² tot.
3 dorm.
2 baños"|98|3|2||Departamentos de estreno en san juan de lurigancho. Vive en una zona céntrica y comercial, a pocos pasos del Parque Zonal Huiracocha, cerca de colegios, clínicas, avenidas principales y a una cuadra del Mall Aventura Plaza, el centro comercial más grande de Lima. Ubicación: Jirón Los Tordos N° 1098, cruce con Av. 13 de Enero, distrito de San Juan de Lurigancho, Lima. Departamento N. º 301 – 98 M² Precio de alquiler: S/ 1, 800 mensuales. Mantenimiento y arbitrios: S/ 200. Características: Sala-comedor con vista a la calle, amplias ventanas que permiten gran iluminación y ventilación. Cocina cerrada amoblada con muebles altos y bajos, mesón de porcelanato y espacio para cocina de 4 hornillas y campana extractora. Lavandería espaciosa con caño y área para tendal. Dormitorio principal con vista a calle, capacidad para cama King Size, clóset amplio de pared a pared y baño privado con grifería fina, espejo y muebles altos. Segunda habitación con clóset y ventana con vista exterior. Tercera habitación con capacidad para cama de 1 plaza y media. Baño secundario completo. Condiciones de alquiler. Sustento de ingresos (boletas o recibos de honorarios). Buen historial crediticio (reporte verde en Infocorp). Dos meses de garantía y un mes de adelanto. No se aceptan mascotas. El edificio cuenta con: Escaleras descansadas totalmente revestidas en porcelanato, acceso independiente, medidor de luz y contómetro de agua para cada departamento. Conoce el departamento que estabas buscando. Agenda tu visita con 24 horas de anticipación. Contacto: Inmobiliaria Portilla 9. 4. 9. 1. 7. 4. 6. 3. 9. Seriedad, confianza y calidad en cada propiedad.|https://www.adondevivir.com/propiedades/clasificado/alclapin-departamento-en-sjl-a-solo-una-cuadra-del-nuevo-mall-147869084.html?n_src=Listado&n_pills=%C3%81rea+de+lavander%C3%ADa&n_pg=1&n_pos=11|2026-02-23
adondevivir|departamentos|alquiler|Lima Este|San Juan de Lurigancho|"Ganímedes 138
Los Angeles, San Juan de Lurigancho"|S/ 1,400|1400||||"67 m² tot.
2 dorm.
1 baño"|67|2|||Urb: Los Angeles. Área: 67 m2. Piso: 3er vista interna. Estreno. distribución. 2 habitaciones amplias. 1 sala comedor. 1 cocina. 1 baño completo. 1 area de lavanderia. áreas comunes. Zona de parrillas. zona de tendal. Una cocina. Un baño completo. Precio: 1, 400 soles negociables. Condiciones: 2 meses de adelanto y 1 mes de garantía. Ubicados frente al parque los angeles, 3 minutos de la estación san carlos, 4 minutos de las universidades utp, upn, cerca de centros comerciales y más. Agenda tu visita al: 9-4-1-1-3-8-5-9-1. 9-4-4-2-7-3-0-5-9. lima house inmobiliaria|https://www.adondevivir.com/propiedades/clasificado/alclapin-alquiler-de-departamento-de-estreno-en-san-juan-de-148702270.html?n_src=Listado&n_pills=%C3%81rea+de+lavander%C3%ADa&n_pg=1&n_pos=12|2026-02-23
adondevivir|departamentos|alquiler|Lima Este|San Juan de Lurigancho|"Av. El Bosque al 400
El Bosque, San Juan de Lurigancho"|S/ 1,300 · USD 386|1300|386|||"80 m² tot.
2 dorm.
1 baño"|80|2|||Alquiler de departamento – el bosque, san juan de luriganchose alquila amplio y cómodo departamento ubicado en la urbanización El Bosque, a media cuadra de Hiraoka – San Juan de Lurigancho. Excelente ubicación, con fácil acceso a las estaciones del tren San Carlos y San Martín, además de estar cerca de supermercados, mercados, tiendas, bancos y agentes. Características del departamento: • 2 habitaciones amplias• 1 baño completo• Sala–comedor espaciosa, con vista externa y muy bien iluminada• Cocina equipada con muebles altos y bajos• Gas CaliddaIdeal para familias pequeñas o personas que buscan comodidad, buena iluminación y una ubicación estratégica. Mary Matencio: *9*2*0*1*7*9*0*2*6*|https://www.adondevivir.com/propiedades/clasificado/alclapin-departamento-en-san-juan-de-lurigancho-148892035.html?n_src=Listado&n_pg=1&n_pos=13|2026-02-23
adondevivir|departamentos|alquiler|Lima Este|San Juan de Lurigancho|"Los Chasquis 552
Zarate, San Juan de Lurigancho"|S/ 1,800 · USD 404|1800|404|||"148 m² tot.
3 dorm.
1 baño"|148|3|||Alquiler de departamento U oficina en zárate - san jun de luriganchose alquila todo el tercer piso (148m2), en una de las mejores zonas de Zárate, San Juan de Lurigancho, frente al parque. El departamento está ubicado en Jr. Los Chasquis 552 a la altura de la cuadra 4 de Chimú, siendo una avenida altamente transitada por transeúntes para disfrutar de la variedad de negocios de servicios de consumo, etc. El departamento tiene una zonificación: rdm, y puede también ser usado para consultorios Y oficinas. el departamento cuenta con: - Hermosa vista al parque. - Acabados recién remodelados en varias áreas. - Sala comedor con vista a la calle. - 3 habitaciones amplias, iluminadas y bien ventiladas. - Un baño completo. - Un área de cocina y lavandería. - Tiene al frente del departamento un hermoso parque para que pueda disfrutar con lo hijos o con la familia a cualquier hora del día. - Terraza Ampliaequipado con: Lavadora y Refrigerador. alrededores: - Se encuentra al costado de una Iglesia. - Se encuentra frente a un lindo parque en el que puede disfrutar con su familia, con espacio para estacionar autos o camionetas. - Se encuentra a menos de 2 cuadras del servicio de Centro de Atención al Cliente de Claro. - Se encuentra a menos de 3 cuadras de Mini-Market Mass. - Se encuentra a unas cuadras de boticas con con renombre como Inkafarma, Mifarma. - Se encuentra cerca la notaría Chávez Gil. - se encuentra a 2 cuadras de la pollería Roki´s. - se encuentra a 2 cuadras del banco bbva. - se encuentra a 3 cuadras del Banco de la Nación. - Se encuentra a unas cuadras de la Sunarp. - Se encuentra cerca de chifas, restaurantes, tiendas de ropa, fuente soda. - se encuentra 6 cuadras de la Municipalidad. precio de alquiler: S/. 1800 solescondiciones: * 2 Meses de Garantía + 1 Mes de Renta Adelantada* Contrato: 1 año mínimorequisitos: * Buen historial crediticio* Sustento de ingresospara más informacióncontacto: 906 * 081 * 320|https://www.adondevivir.com/propiedades/clasificado/alclapin-alquiler-de-departamento-u-oficina-en-zarate-san-juan-147760327.html?n_src=Listado&n_pills=Amoblado&n_pg=1&n_pos=14|2026-02-23
adondevivir|departamentos|alquiler|Lima Este|San Juan de Lurigancho|"Los Chasquis 552
Zarate, San Juan de Lurigancho"|S/ 1,500|1500||||"70 m² tot.
2 dorm.
1 baño"|70|2|||Alquiler de departamento en zárate – san juan de luriganchose alquila todo el segundo piso (70 m²) en una de las mejores zonas de Zárate, San Juan de Lurigancho, frente a un parque. Ubicado en Los Chasquis 554, a la altura de la cuadra 4 de la Av. Chimú, una zona altamente transitada con múltiples negocios y servicios. El departamento cuenta con zonificación rdm, por lo que puede ser usado como vivienda, consultorio u oficina. alrededores: Al costado de una iglesia. Frente a un parque con áreas verdes y espacio para estacionar. A menos de 2 cuadras del Centro de Atención al Cliente de Claro. A 3 cuadras del Mini-Market Mass. Cerca de boticas reconocidas (Inkafarma, Mifarma). Próximo a la Notaría Chávez Gil, pollería Roky’s, bancos bbva y Banco de la Nación, y Sunarp. Cerca de chifas, restaurantes, tiendas de ropa, fuentes de soda y la Municipalidad. el departamento cuenta con: Hermosa vista al parque. Sala comedor con vista a la calle. 1 baño completo. Cocina con gas natural y área de lavandería. 2 habitaciones amplias, iluminadas y bien ventiladas. Acabados recientemente remodelados. precio de alquiler: S/ 1, 500 solescondiciones: 2 meses de garantía + 1 mes de adelantoContrato mínimo de 1 añorequisitos: Buen historial crediticioSustento de ingresosVive frente al parque, en una zona céntrica, tranquila y con gas natural.|https://www.adondevivir.com/propiedades/clasificado/alclapin-alquiler-de-departamento-en-zarate-147864492.html?n_src=Listado&n_pills=%C3%81rea+de+lavander%C3%ADa&n_pg=1&n_pos=15|2026-02-23
adondevivir|departamentos|alquiler|Lima Este|San Juan de Lurigancho|"Ciudad Mariscal Cáceres
San Juan de Lurigancho, Lima"|S/ 1,100|1100||||"90 m² tot.
3 dorm.
2 baños"|90|3|2||Se alquila lindo departamento en Mariscal Cáceres, a unas cuadras de la estación Bayóvar. Cuenta con 03 dormitorios, 02 baños, una amplia cocina, pisos en cerámico, instalación de gas natural y un área independiente de lavandería en la azotea. Amplias vìas de acceso, cerca de C. Comercial, colegios, Clínicas y Hospitales. Transporte a cualquier zona de Lima. El precio incluye Luz y Agua.|https://www.adondevivir.com/propiedades/clasificado/alclapin-departamento-amplio-en-alquiler-san-juan-lurigancho-59006762.html?n_src=Listado&n_pills=%C3%81rea+de+lavander%C3%ADa&n_pg=1&n_pos=16|2026-02-23
adondevivir|departamentos|alquiler|Lima Este|San Juan de Lurigancho|"Av. Marsella
San Juan de Lurigancho, Lima"|S/ 1,300|1300||||"110 m² tot.
3 dorm.
2 baños"|110|3|2||Alquiler S/ 1, 300 / 3 hab / 2 baños / 110M2infocorp okluz anitacontáctame *9*9*8*6*1*9*1*2*4alquiler de departamento en san juan de lurigancho estación santa rosaalquiler de departamento de 110m2 en el 2do piso de 3 habitacionesUbicado en La Av. Marsella 255 a 2 Cdras de la Estación Santa Rosa del Metro de LimaA 2 Cdras. De la Av. San RosaMuy cerca al supermercado de metro de Canto Rey, Bancos, Restaurantes entre otros comercios. El departamento está en el 2do Piso: Sala Comedor muy amplio iluminado y ventiladoCocina con mayólicas en todas las paredes. Dormitorio Principal con Baño completo2 dormitorios secundarios amplio para cama de 2 plazas1 baño completodatos generales. Área 110m2Servicios de Agua según contómetro y energía eléctrica según medidor independienteSin Mantenimiento, Mantener el área limpia incluido escalerasalquiler S/ 1, 300 solesCondición 1 mes adelantado X 2 de GarantíaEstar bien en infocorpcon sustentación de ingresos|https://www.adondevivir.com/propiedades/clasificado/alclapin-alquiler-de-departamento-en-san-juan-de-lurigancho-148788125.html?n_src=Listado&n_pg=1&n_pos=17|2026-02-23
adondevivir|departamentos|alquiler|Lima Este|San Juan de Lurigancho|"Republica de Venezuela al 2500
Lima Cercado, Lima"|S/ 2,399|2399||||"73 m² tot.
3 dorm.
2 baños
1 estac."|73|3|2|1|Alquiler de moderno departamento en el corazón de Cercado de Lima, ubicado en Republica de Venezuela 2575, Piso 10, Con 73 m² de superficie techada, esta propiedad ofrece 3 dormitorios, 1 dormitorio de servicio y 2 1/2 baños, ideal para su comodidad y estilo de vida. La disposición al frente garantiza luminosidad y vistas despejadas. El edificio cuenta con 2 ascensores, facilitando el acceso. Disfrute de servicios completos como agua corriente, electricidad, Internet y cable. Entre las comodidades adicionales se incluyen gimnasio, parrilla, sala de juegos, lavandería, club house, zonas verdes y una recepción 24 horas. El departamento es apto para mascotas y dispone de armarios empotrados. La cercanía a servicios públicos y la disponibilidad de un estacionamiento cubierto hacen de este departamento una opción atractiva para quienes buscan comodidad en una ubicación céntrica.|https://www.adondevivir.com/propiedades/clasificado/alclapin-alquiler-departamento-de-estreno-03-dorm.-148924040.html?n_src=Listado&n_pills=Gimnasio&n_pg=1&n_pos=1|2026-02-23
adondevivir|departamentos|alquiler|Lima Este|San Juan de Lurigancho|"Avenida Tingo María 1048
Lima Cercado, Lima"|"S/ 1,900
5%"|1900||5%|220|"63 m² tot.
3 dorm.
2 baños"|63|3|2||Se alquila amplio y cómodo departamento ubicado en la Av. Tingo María, cruce con Av. Venezuela, en el Cercado de Lima límite con Breña. Zona estratégica, muy cerca de la Universidad upn, colegios, comercios y principales vías de acceso. Área: 64 m² Piso 5. Vista interna. 3 dormitorios. 2 baños (uno incorporado en el dormitorio principal) Sala – comedor. Cocina con reposteros altos y bajos. Cocina empotrada, horno, campana y terma. Gas natural. Áreas comunes del edificio: - Sala sum. Precio de alquiler: S/ 1900. Mantenimiento: S/ 220. Contrato mínimo: 1 año. Condiciones: 2 meses de garantía + 1 mes de adelanto. Ideal para familias, parejas o personas que busquen comodidad, buena ubicación y fácil acceso a todo.|https://www.adondevivir.com/propiedades/clasificado/alclapin-alquilo-acogedor-departamento-bien-ubicado-148785498.html?n_src=Listado&n_pills=Ascensor&n_pg=1&n_pos=2|2026-02-23
adondevivir|departamentos|alquiler|Lima Este|San Juan de Lurigancho|"Calle Teodoro Cárdenas 214
Lima Cercado, Lima"|S/ 2,600 · USD 774|2600|774||320|"80 m² tot.
3 dorm.
2 baños"|80|3|2||Solo se alquila amoblado!! Solo se alquila amoblado!! Celular: 9. 6. 1. 8. 9. 1. 5. 2. 7 / Solicitar Video por WhatsApp. Se alquila lindo Departamento de 3 Dormitorios con walking closet, y cuenta con balcón en la sala y dormitorio, de area 80m2, ubicado en piso 14 vista panoramica, departamento bien ubicado muy cerca al Hospital Rebagliati a tan solo 2 cuadras, edificio muy buscado por personal Medico, cuenta con Linda areas comunes. Dirección: teodoro cardenas 214, . imite a lince. Edificio cuenta con gas Natural. Características: - 3 Dormitorios con camas. - 2 Baños completos. - Area 80m2. - Sala con Balcón. - cuenta con lavadora. - Cocina con Reposteros altos y bajos. - Cocina y Horno empotrado. - Ubicado piso 14 vista exterior. - terma y cocina a gas natural. - Mantenimiento S/. 320 incluye agua. - Inquilino paga arbitrios. Areas comunes: - Piscina. - Gimnasio. - 2 Zonas de parrillas. - Zona de juegos para Niños. - Sala de Reuniones. Condiciones: - Contrato mínimo 12 meses. - Previa evaluación a infocorp. - Demostrar sustento de ingresos (Boletas de pago) - Garantía 2x1|https://www.adondevivir.com/propiedades/clasificado/alclapin-se-alquila-departamento-amoblado-de-80-m-sup2--de-3-148910435.html?n_src=Listado&n_pills=Parrilla&n_pg=1&n_pos=3|2026-02-23
adondevivir|departamentos|alquiler|Lima Este|San Juan de Lurigancho|"Avenida A 220
Rímac, Lima"|S/ 1,300 · USD 388|1300|388||120|"71 m² tot.
2 dorm.
1 baño"|71|2|||"Alquiler de departamento en el rimac. contacto: cristhian roncal. *981*293*854* ubicación. Nuevo Condominio Altos del Rímac. Prolongación de la Av. Alcázar (Ex-Polígono de Tiro) Fácil y rápido acceso a las Avenidas: Alcázar, Morro de Arica y Túpac Amaru. A 2 min de Supermercados, Bancos, Clínicas, restaurantes, bodegas, minimarkets, panaderías y otros. La ruta 305 del corredor azul (Lomas del Rímac a Miraflores) ya está circulando en los condominios y cuenta con su propio paradero. Actualmente se esta construyendo en primer Strip Center del Rímac ""Lomas Plaza"", que contara con 2 tiendas anclas confirmadas (Supermercados Metro y Smart Fit, entre otras) a inicios de Enero de 2026. La urbanización cuenta con Ciclovías. Descripcion. - Área Ocupada 71m2, - Area Techada 51m2. Bonito Departamento en primer piso con terraza con excelente iluminación natural en todos los ambientes. - Piso 1. - Amplia Sala – Comedor. - Amplia Cocina con muebles altos y bajos con lavaplatos de acero inoxidable. 2 dormitorios Y 1 baño. - 1 Dormitorio principal con ropero. - 1 Dormitorio secundario. Con ropero. - 1 baño completo. - La lavandería cuenta con lavadero de fibra de vidrio y conexión para lavadora, puede adaptarse. - Intercomunicador. - El departamento cuenta con un sistema de ventanas de protección acústica, optimo aislamiento térmico y excelente protección de la humedad, frío y polvo, y se entrega con luminarias y terma. Seguridad. El Condominio cuenta con una excelente seguridad privada 24x7. Además de zona de parrillas, local para reuniones, parqueaderos de bicicletas, ciclovía dentro del condominio. Servicios: - Luz, y gas natural según consumo. - Mantenimiento S/. 120 soles aprox. - Arbitrios. precio alquiler incluye estacionamiento: S/ 1, 300 soles. (1 mes de adelanto y 1 de garantía). Contrato mínimo de 1 año. Requisitos: - sustento de ingresos demostrables. - no estar mal reportado en las centrales de riesgo. - no contar con antecedentes. restricciones: no mascotas. no mascotas. no mascotas. contacto: cristhian roncal. *981*293*854*"|https://www.adondevivir.com/propiedades/clasificado/alclapin-alquiler-de-departamento-en-primer-piso-en-el-rimac-148903713.html?n_src=Listado&n_pills=Cerca+a+colegios&n_pg=1&n_pos=4|2026-02-23
adondevivir|departamentos|alquiler|Lima Este|San Juan de Lurigancho|"Av. Oscar R. Benavides 1120
Lima Cercado, Lima"|S/ 1,700|1700|||100|"66 m² tot.
3 dorm.
2 baños"|66|3|2||"Alquiler | Departamento de Estreno en el Centro de Lima – Ubicación, comodidad y conectividad en un solo lugar️ Vive en el corazón de Lima, a pasos de la Plaza Dos de Mayo, en un departamento de estreno diseñado para quienes valoran la practicidad, el confort y una excelente conectividad. Ideal para familias o profesionales que desean estar cerca de todo sin renunciar a la tranquilidad y seguridad. Área: 66 m² | Piso: 17. Salida rápida al Aeropuerto Jorge Chávez y fácil acceso a transporte público, comercios, centros educativos y servicios esenciales. Características del departamento: ️ 3 habitaciones cómodas y bien iluminadas. ️ 2 baños completos. ️ Sala–comedor con vista externa, ideal para disfrutar de luz natural. ️ Cocina cerrada funcional. ️ Zona de lavandería cerrada. Áreas comunes pensadas para disfrutar en familia: ️ Parques internos. Juegos para niños. Zona de parrillas. Salón para niños. Sala de reuniones. Seguridad 24/7 para tu tranquilidad. Mantenimiento: aprox. S/ 100. Precio de alquiler: - Sin cochera: S/ 1, 700. Requisitos: - Sustento de ingresos. Una excelente oportunidad para vivir bien ubicado, con todo lo que necesitas a tu alcance. ¡Agenda tu visita y conoce tu próximo hogar!"|https://www.adondevivir.com/propiedades/clasificado/alclapin-alquiler-departamento-de-estreno-en-el-centro-de-148615740.html?n_src=Listado&n_pills=Seguridad&n_pg=1&n_pos=5|2026-02-23
adondevivir|departamentos|alquiler|Lima Este|San Juan de Lurigancho|"Av AREQUIPA 1388 - 10
Santa Beatriz, Lima Cercado"|S/ 1,600|1600|||120|"40 m² tot.
1 dorm.
1 baño"|40|1|||Alquilo mini departamento - santa beatriz- av. Arequipa cdra 13- alquilo mini departamento. piso 13. edificio de 20 pisos. 2 ascensores. area: 40 M2. sala comedor con vista A arenales. 1 dormitorio con closet. 1 baño completo incorporado. cocina abierta tipo kitchenette con reposteros altos Y bajos. lavanderia. no tiene cochera. areas comunes: piscina. sala de eventos. sala de reuniones. sala de internet. lavanderia. vigilancia 24 horas. mantenimiento 110 soles. no mascotas. no niños. alquiler: 1, 600 soles. contrato minimo 1 año. condiciones 2X1. Requisitos: no estar mal reportado en infocorp, sustento de ingresos.|https://www.adondevivir.com/propiedades/clasificado/alclapin-alquilo-mini-departamento-santa-beatriz-av-148864770.html?n_src=Listado&n_pills=%C3%81rea+de+lavander%C3%ADa&n_pg=1&n_pos=6|2026-02-23
adondevivir|departamentos|alquiler|Lima Este|San Juan de Lurigancho|"Padre Abad 255
La Huerta, Rímac"|S/ 1,500|1500|||30|"60 m² tot.
2 dorm.
1 baño"|60|2|||Depa 2 dorm., 60 M2, piso 4, de estreno en urb. La huerta. Frente A parque, en urbanizacion la huerta, rimac. (Ref. A 4 cuadras del cruce de av. Alcázar con prolongación Tacna). Moderno departamento equipado. Descripción del inmueble: - Piso 4. - 60 m2 de área total. - 60 m2 de área techada. - Cocina abierta equipada con campana extractora, cocina a gas natural, refrigeradora y lavadora. - Sala-comedor. - Dormitorio secundario. - Dormitorio principal equipado con closet y cama con colchón y box tarima de 2 plazas. - Patio común en el acceso al departamento con posibilidad de tendal. Seguridad: - Urbanización con accesos restringidos. Accesibilidad: Llega rápidamente desde las avenidas Alcázar, Prolongación Tacna, Atahualpa, Francisco Pizarro. Tiendas e instituciones cercanas: Tambo+, Plaza Vea Alcázar, Colegio Nuestra Sra. Del Patrocinio, Colegio Nuestra sra. De Copacabana, Convento de Los Descalzos, Alameda de Los Descalzos, Paseo de Aguas. Condiciones para arrendar: - Para firmar contrato deberá abonar 1 mes de garantía y 1 mes de renta. - Encontrarse bien reportado en las centrales de riesgo. - Presentar documentos sustentatorios de ingresos.|https://www.adondevivir.com/propiedades/clasificado/alclapin-depa-2-dorm.-60-m-sup2--piso-4-urb.-la-huerta-148959620.html?n_src=Listado&n_pills=%C3%81rea+de+lavander%C3%ADa&n_pg=1&n_pos=7|2026-02-23
adondevivir|departamentos|alquiler|Lima Este|San Juan de Lurigancho|"Av. A 225
Rímac, Lima"|S/ 1,580|1580|||150|"65 m² tot.
2 dorm.
2 baños
1 estac."|65|2|2|1|Se alquila cómodo y funcional departamento de 85 m², ubicado en un condominio tranquilo y bien organizado en la Av. A 225, Rímac, con rápido acceso al transporte público y cercano a paraderos del Corredor Azul. El departamento cuenta con: 2 dormitorios. 2 baños completos. Cocina independiente. Lavandería. 1 cochera. Ingreso al departamento con sistema de huella dactilar. Condiciones del alquiler: No se permiten mascotas. Máximo 4 personas. Preferible adultos. Beneficios del condominio: Misa todos los domingos. Dos mini markets dentro del condominio. Estacionamiento con espacio para bicicleta. Salas de esparcimiento para reuniones (con horario establecido) Limpieza constante y mantenimiento permanente. Ambiente seguro, ordenado y familiar. Excelente opción para quienes buscan tranquilidad, seguridad y buena conectividad.|https://www.adondevivir.com/propiedades/clasificado/alclapin-departamento-en-alquiler-av-a-225-rimac-148735491.html?n_src=Listado&n_pills=%C3%81rea+de+lavander%C3%ADa&n_pg=1&n_pos=8|2026-02-23
adondevivir|departamentos|alquiler|Lima Este|San Juan de Lurigancho|"Mariano Carranza al 600
Santa Beatriz, Lima Cercado"|S/ 2,500 · USD 750|2500|750|||"77 m² tot.
2 dorm.
2 baños
1 estac."|77|2|2|1|Alquilo acogedor departamento con balcón ubicado en Mariano Carranza, cerca de la estación Metropoliano, Cerca del Circuito Mágico de las aguas, a pocas cuadras de la Av. PetitThouars y de la Av. Arequipa. Detalle: Área: 77m2 Ubicado en segundo piso con ascensor. Sala comedor con balcón y vista a calle. Cocina cerrada con muebles altos y bajos. Lavandería con lavadero y terma. 02 Dormitorios en total con clóset incorporado (01 principal con baño privado). 01 habitación adicional como para cuarto de estudio o de bebé. 01 baño principal compartido. Pasadizo con clóset para guardar ropa blanca. Incluye cochera. Vigilancia. Mantenimiento 170 aprox incl agua. Alquiler mensual: 2, 500 soles (2x1) informes Y contacto: marina Ver datos|https://www.adondevivir.com/propiedades/clasificado/alclapin-alquiler-de-departamento-en-santa-beatriz-cercado-de-148837581.html?n_src=Listado&n_pills=Seguridad&n_pg=1&n_pos=9|2026-02-23
adondevivir|departamentos|alquiler|Lima Este|San Juan de Lurigancho|"Av Arequipa 1388
Santa Beatriz, Lima Cercado"|S/ 2,300 · USD 680|2300|680||195|"70 m² tot.
3 dorm.
2 baños"|70|3|2||"Alquilo lindo Departamento en Av. Arequipa – Santa Beatriz | Vista Exterior | Piso 5. no tiene cochera no se acepta mascota. Santa Beatriz, Cercado de Lima, con acceso inmediato a: Av. Arequipa, Vía Expresa y principales arterias de la ciudad. Centros de salud, comercios y servicios como starbucks. Transporte público y ciclovía. Piso: 5 torre A. Vista: Exterior. Sala comedor on salida a balcón y vista urbana muy iuminado. Dormitorios: 3 ️ uno con baño incorporado, el otro de tamaño bueno y el otro más pequeño, tipo estudio (Todos con closets) Otro baño completo para los dos dormitorios secundarios. Cocina independiente, funcional y bien distribuida️ Lavandería con terma a lado de la cocina. no tiene cochera no se acepta mascota. Renta 2300 soles dos meses de garantía por 1 de adelanto. Mantenimiento 195 soles. El cliente deberá estar bien en la central de riesgos y contar con ingresos comprobables. Visitas y consultas con Alejandro Lostaunau añ Ver datos"|https://www.adondevivir.com/propiedades/clasificado/alclapin-alquilo-lindo-departamento-en-av-arequipa-santa-148810117.html?n_src=Listado&n_pills=Seguridad&n_pg=1&n_pos=10|2026-02-23
adondevivir|departamentos|alquiler|Lima Este|San Juan de Lurigancho|"Calle 5 al 500
El Manzano, Rímac"|S/ 1,300|1300||||"52 m² tot.
2 dorm.
1 baño"|52|2|||Alquilo departamento remodelado en el rímac – 1er piso, 62 m²erika vasquez 941* 396* 817¡Vive en una zona tranquila y muy bien conectada del Rímac! Este acogedor departamento remodelado de 62 m², ubicado en primer piso, combina comodidad, buena distribución y excelente ubicación. Ubicación privilegiada: A pocos minutos de Plaza Vea, Colegio María Parado de Bellido, Av. Alcázar y Prolongación Tacna, con fácil acceso a transporte público, tiendas y servicios. Características del departamento: Área: 62 m²Primer piso (ideal para personas mayores o familias pequeñas) Sala amplia e iluminadaKitchenet funcional con muebles bajos2 dormitorios amplios con buena ventilación natural1 baño completo modernoPatio y lavanderíaDepartamento remodelado, listo para mudarse Precio de alquiler: S/1300 mas servicios y arbitrios Condiciones: 2meses garantía 1 mes adelantadoaceptamos mascotas medianas Disponibilidad de visitas viernes 20 de febrero a las 3pmDisponibilidad del dpto para ocuparlo 01 de marzo Contáctame hoy y agenda tu visita. ¡Tu nuevo hogar te espera en el Rímac! erika vasquez 941* 396* 817|https://www.adondevivir.com/propiedades/clasificado/alclapin-alquiler-dpto-52-m-sup2--en-1er-piso-rimac-148840324.html?n_src=Listado&n_pills=%C3%81rea+de+lavander%C3%ADa&n_pg=1&n_pos=11|2026-02-23
adondevivir|departamentos|alquiler|Lima Este|San Juan de Lurigancho|"Calle Casapalca 1674 – Condominio Amauta
Lima Cercado, Lima"|S/ 1,550|1550|||160|"73 m² tot.
2 dorm.
2 baños"|73|2|2||Vive en un condominio seguro y completo, en una ubicación estratégica a un paso de Breña y Pueblo Libre, con acceso rápido a avenidas principales, mercados, bodegas y todo lo que necesitas para tu día a día. Ubicación: Calle Casapalca 1674 – Condominio Amauta. Referencia: Cdra. 22 de Prolongación Arica, altura fábrica Azaleia. precio de alquiler: S/ 1, 550. - Edificio de 20 pisos 16 dptos. Por piso. - Departamento disponible ubicado en el Tercer piso. - Cuatro ascensores. - Áreas comunes ideales para la familia: Parque interno, juego para niños, salón de eventos, zona de parrilla y piscina. - 73M2. - Sala Comedor con balcón. - Vista al parque del condominio. - kitchenette con muebles altos y bajos, horno y campana empotrada. - Lavandería. 02 Dormitorios. - Principal con baño propio, clóset espacio para cama Queen o de 2 plazas. - Dormitorio Secundario espacio para cama de 1½ o 2 plazas. - 2 baños en toda la propiedad, baño en el cuarto principal y un baño para compartir también con ducha. - Se acepta 01 mascota de raza pequeña. **El departamento se entrega sin amoblar** servicios. - Luz independiente. - Gas independiente. - Mantenimiento mensual: S/ 160 Aprox. - Arbitrios mensuales S/ 25 soles. - 1 mes de garantía y 1 mes de adelanto. requisitos. - Sustentar ingresos (boletas, recibos por honorarios o pdt) - No estar mal reportado en Infocorp. - Contrato mínimo de 1 año|https://www.adondevivir.com/propiedades/clasificado/alclapin-se-alquila-moderno-departamento-en-prolongacion-arica-148799577.html?n_src=Listado&n_pills=%C3%81rea+de+lavander%C3%ADa&n_pg=1&n_pos=12|2026-02-23
adondevivir|departamentos|alquiler|Lima Este|San Juan de Lurigancho|"Av. Bélisario Sosa Peláez 1111
Lima Cercado, Lima"|S/ 1,500|1500||||"65 m² tot.
3 dorm.
1 baño"|65|3|||Alquiler de Cómodo y Acogedor Departamento — Cercado de Lima. Dirección: Av. Belisario Sosa Peláez dentro de Condominio, muy Seguro! Área construida: 65. 32 m² Edificio: 3 pisos. Antigüedad: 44 años. Características principales: - 3 habitaciones amplias. - 1 baño funcional y con mueble debajo lavatorio. - Cocina con ventana al interior para una buena ventilación y Lavandería. - Estacionamientos: 0 (sin cochera) - Vista a la calle — excelente iluminación natural y ventilación. - Distribución práctica ideal para familia pequeña o pareja que busca espacio y comodidad. Por qué te puede interesar: - Espacio bien aprovechado de 65 m², con ambientes definidos. - Ubicación sobre avenida, con accesos y servicios cercanos a parques y zonas recreativas. - Opción económica y funcional si buscas vivir en una zona consolidada de Lima. ¿Quieres más detalles o coordinar una visita? Estoy disponible para agendarla.|https://www.adondevivir.com/propiedades/clasificado/alclapin-alquiler-comodo-y-seguro-departamento-en-cercado-de-148455328.html?n_src=Listado&n_pills=%C3%81rea+de+lavander%C3%ADa&n_pg=1&n_pos=13|2026-02-23
