fuente|inmueble|operacion|zona|distrito|direccion|precio|soles|dolares|variacion|mantenimiento|caracteristica|area|dormitorio|baños|estacionamientos|detalle|enlace|fecha
adondevivir|departamentos|alquiler|Lima Norte|Carabayllo|"Avenida Condorcanqui 1582
Carabayllo, Lima"|S/ 680|680|||50|"60 m² tot.
2 dorm.
1 baño"|60|2|||Departamento de estreno, excelente ubicación. Vive la experiencia de estrenar tu hogar en este moderno departamento, que ha sido diseñado aprovechando cada espacio con comodidad y funcionalidad. 2 dormitorios, uno de ellos con vista exterior y un baño completo. Sala comedor muy iluminada con vista a calle, cocina tipo kitchenette, ideal para un estilo de vida practico y moderno. Ubicación privilegiada, en avenida principal, con rápido acceso a distintos comercios, restaurantes y entidades financieras, facilitando tu dia a dia.|https://www.adondevivir.com/propiedades/clasificado/alclapin-departamento-estreno!-alquiler-vista-calle-2-dorm.-148744547.html?n_src=Listado&n_pills=Cerca+a+colegios&n_pg=1&n_pos=1|2026-03-18
adondevivir|departamentos|alquiler|Lima Norte|Carabayllo|"Héroes de la Paz
Carabayllo, Lima"|S/ 1,200|1200||||"113 m² tot.
3 dorm.
1 baño"|113|3|||"Alquiler Segundo Piso – 113 m² frente a Colegio Juan Pablo Peregrino | Residencial Lucyana – Carabayllo. Se alquila amplio espacio de 113 m² en segundo piso, ubicado frente al Colegio Juan Pablo Peregrino, en la zona residencial de Lucyana. Distribución: * Sala – comedor amplio con balcón. * 3 ambientes grandes (habitaciones / oficinas / consultorios) * Cocina espaciosa. * 1 baño. Ubicación estratégica cerca de la Avenida Universitaria, cerca a Mass, Boticas, Gimnasio. Con transporte permanente, paraderos cercanos y acceso al Metropolitano de Lima. La zona cuenta con mercados, bodegas, restaurantes, colegios e institutos, generando buen flujo de personas. Ideal para: * Vivienda. * Centro educativo o terapias de aprendizaje. * Consultorio psicológico o nutricional. * Cosmiatría / estética. * Home studio o negocio de servicios. Condiciones: * Abono de 2 meses de garantía + 1 mes de adelanto. * Contrato a un año. * Costo 1250 soles. Gran potencial comercial por estar en zona comercial frente a colegio."|https://www.adondevivir.com/propiedades/clasificado/alclapin-departamento-de-113-m-sup2--con-3-dorm.-en-alquiler-en-149260917.html?n_src=Listado&n_pills=Gimnasio&n_pg=1&n_pos=2|2026-03-18
adondevivir|departamentos|alquiler|Lima Norte|Carabayllo|"MZ. 43 LOTE 23 URB. TORREBLANCA II ETAPA
Manuel Scorza, Carabayllo"|S/ 500 · USD 22,256|500|22256|||"33 m² tot.
2 dorm.
1 baño"|33|2|||Segundo Piso – Dpto A – 33. 17 m² – S/75, 000. “Tu Primer Depa Desde S/75, 000 en Torreblanca” “Precio Perfecto: 33 m² Inteligentes en el Segundo Piso” “La Mejor Entrada al Mercado Inmobiliario: S/75, 000”|https://www.adondevivir.com/propiedades/clasificado/veclapin--oportunidad-torreblanca-ii-ex-techo-propio-o-doral-148344288.html?n_src=Listado&n_pills=Seguridad&n_pg=1&n_pos=3|2026-03-18
adondevivir|departamentos|alquiler|Lima Norte|Carabayllo|"Av, Condorcanqui
Carabayllo, Lima"|S/ 750 · USD 203|750|203|||"76 m² tot.
2 dorm.
1 baño"|76|2|||Excelente oportunidad de alquiler en Carabayllo, Hermoso departamento de 76 m², con una impresionante vista panorámica de la Avenida Condorcanqui. Área: 76 M2Ubicado en el 3er piso con ingreso independiente (sin ascensor) 2 habitaciones - (ingresan camas de 2 plazas) CocinaLavandería con instalación con lavadora1 baño completoSala y comedor. Espacio para oficina, hall. Luz natural en todo el departamento. No se paga mantenimientoLuz independienteGas cálidaA tan solo 2 cuadras de la estación Metropolitano (troncal), cerca a la Av. Universitaria, Av. Chimpu Ocllo, colegio Innova School, Mercados, enace, Parques y másPrecio de alquiler. S/750. 00Modalidad 2x1No estar reportados en Infocorpsc. rp1R. U. C Ver datos|https://www.adondevivir.com/propiedades/clasificado/alclapin-departamento-en-alquiler-en-carabayllo-146492447.html?n_src=Listado&n_pills=%C3%81rea+de+lavander%C3%ADa&n_pg=1&n_pos=4|2026-03-18
adondevivir|departamentos|alquiler|Lima Norte|Carabayllo|"Calle las Araucarias
Carabayllo, Lima"|S/ 700 · USD 180|700|180|||"90 m² tot.
3 dorm.
2 baños"|90|3|2||¡Tu Nuevo Hogar en San Antonio De Carabayllo te Está Esperando! ¡No te pierdas esta increíble oportunidad de alquilar un departamento que lo tiene todo! Ubicado estratégicamente en Santa Antonio de Carabayllo este encantador hogar ofrece la combinación perfecta de tranquilidad y seguridad. Imagina despertarte cada mañana en un entorno rodeado de parques y colegios. Descripción: -Área Construida: 89. 90m2 -Antigüedad: estreno - 3 dormitorios habitación principal con baño- 2 baños -Cocina: americana -Sala / Comedor -Lavadero -Balcón Beneficios para Ti y tu Familia: Seguridad y tranquilidad para tus seres queridosRodeado de parques para ejercitarse y pasar momentos familiares inolvidablesDepartamentos de estreno con diseño moderno y listos para habitarClima ideal y calido todos los dias del año. Ubicación: -Calle las Araucarias 283 a 3 cuadras de la Av. Las Palmeras-A 8 minutos del Ovalo de Puente Piedra -Urbanización segura rodeado de parques, colegios como Innova School, Saco Oliveros y de fácil acceso transporte público y privado. gw-fw -rp2¡Haz de Este Departamento tu Nuevo Hogar! ¡No dejes pasar esta oportunidad única de vivir en un lugar que se adapta a tu estilo de vida universitario o familiar! Contáctanos ahora para más detalles y asegura tu departamento en San Antonio de Carabayllo. Contactame: 9. 5. 8. 9. 2. 6. 0. 5. 2. - Gean Pierre Wilson R. U. C Ver datos|https://www.adondevivir.com/propiedades/clasificado/alclapin-alquiler-de-departamento-en-san-antonio-de-carabayllo-144552077.html?n_src=Listado&n_pills=%C3%81rea+de+lavander%C3%ADa&n_pg=1&n_pos=5|2026-03-18
adondevivir|departamentos|alquiler|Lima Norte|Carabayllo|"Calle Perales al 100
Carabayllo, Lima"|S/ 850 · USD 252|850|252|||"55 m² tot.
3 dorm.
1 baño"|55|3|||Alquilo departamento 850 soles incluido mantenimiento*? estreno? *condominio club - valle grande carabayllo”? ubicado a 5 min de tottus, plaza vea, promart del ovalo puente piedra. Universidades, colegios y más. cuenta con: - 3 dormitorios- sala, comedor, cocina- lavanderia- intercomunicador- medidor de luz independiente- 01 baño- piso 1-áreas comunes: -? Piscina? -? Hobby- Sala de reuniones-? Zona de Juegos para niños- seguridad? 24 horas-? Condominio Privadoprecio del alquiler 850 soles incluido mantenimiento. Acceso a las áreas comunes: como piscina, juego para niños, sala de reuniones. no esperes mas agenda tu visitar. U. C Ver datos|https://www.adondevivir.com/propiedades/clasificado/alclapin-alquiler-de-departamento-en-carabayllo-en-1er-piso-148749149.html?n_src=Listado&n_pills=Guardian%C3%ADa%2FSeguridad+privada&n_pg=1&n_pos=6|2026-03-18
adondevivir|departamentos|alquiler|Lima Norte|Carabayllo|"Av. Chillón Trapiche & Av.u
Carabayllo, Lima"|S/ 650 · USD 193|650|193|||"55 m² tot.
2 dorm.
1 baño"|55|2|||En el mejor clima del cono norte para vivir! Vivir en la Urb. Santo Domingo, Carabayllo, se percibe como una experiencia mixta: es un lugar con áreas verdes, parques bien cuidados y un ambiente que busca ser más tranquilo, ideal para familias, con acceso a servicios básicos y transporte (cerca al Metropolitano, Av Universitaria, Av Trapiche, cerca av Panamericana Norte y Av Tupac Amaru fácil acceso de salidas para los cono Norte y Sur), rodeado de casas y departamentos modernos y potencial, rodeado de parques Y todo comercio, bancos, universidades, colegios, supermercados, clínicas, centro comerciales, Mall, mercado grandes etc etccaracteriticas02 Habitaciones01 bañoCocina con gas caliddalavanderíasala comedor con vista externa, ubicado en el 3er piso dpto bla calle se encuentra enrejado con vigilante 24/7modalidad de pago: 2X1 (2 de garantía y uno de renta) precio de alquiler650 nuevos soles* condiciones: - Mostrar sustento de Ingresos- Mostar sus antecedentes penales- No mascotas- No extranjero- No estar reportado en Infocorpagendamos visita con un día de anticipación! R. U. C Ver datos|https://www.adondevivir.com/propiedades/clasificado/alclapin-alquiler-dpto-urb-santo-domingo-148574941.html?n_src=Listado&n_pills=%C3%81rea+de+lavander%C3%ADa&n_pg=1&n_pos=7|2026-03-18
adondevivir|departamentos|alquiler|Lima Norte|Carabayllo|"Av. Chillón Trapiche & Av.u
Carabayllo, Lima"|S/ 550 · USD 163|550|163|||"45 m² tot.
2 dorm.
1 baño"|45|2|||En el mejor clima del cono norte para vivir! Vivir en la Urb. Santo Domingo, Carabayllo, se percibe como una experiencia mixta: es un lugar con áreas verdes, parques bien cuidados y un ambiente que busca ser más tranquilo, ideal para familias, con acceso a servicios básicos y transporte (cerca al Metropolitano, Av Universitaria, Av Trapiche, cerca av Panamericana Norte y Av Tupac Amaru fácil acceso de salidas para los cono Norte y Sur), rodeado de casas y departamentos modernos y potencial, rodeado de parques Y todo comercio, bancos, universidades, colegios, supermercados, clínicas, centro comerciales, Mall, mercado grandes etc etccaracteriticas02 Habitaciones01 bañoCocina con gas caliddalavanderíasala comedor con vista externa, ubicado en el 3er piso dpto ala calle se encuentra enrejado con vigilante 24/7modalidad de pago: 2X1 (2 de garantía y uno de renta) precio de alquiler550 nuevos soles* condiciones: - Mostrar sustento de Ingresos- Mostar sus antecedentes penales- No mascotas- No extranjero- No estar reportado en Infocorpagendamos visita con un día de anticipación! R. U. C Ver datos|https://www.adondevivir.com/propiedades/clasificado/alclapin-alquiler-en-la-mejor-zona-del-cono-norte-148586792.html?n_src=Listado&n_pills=%C3%81rea+de+lavander%C3%ADa&n_pg=1&n_pos=8|2026-03-18
adondevivir|departamentos|alquiler|Lima Norte|Carabayllo|"Valle Grande Condominio Club
Carabayllo, Lima"|S/ 1,350 · USD 402|1350|402|||"50 m² tot.
3 dorm.
1 baño"|50|3|||Torre gcondominio Valle Grande CarabaylloEtapa 1Se alquila un lindo departamento ubicado dentro de Condominio Valle Grande en Carabayllo, a unos minutos del Ovalo de Puente PiedraPiso 5 con excelente vista a la piscina? Sin ascensorEscaleras amplias para subirEl departamento se alquila amobladoDescripciónSala comedorCocina con repostería alta y baja - lavanderia3 habitacionesEl departamento cuenta conCocina de 4 hornillas marca MabeLavadoraFreidora de aireFrigiderLicuadoraMenajeUna cama completa de plaza y mediaUn colchón de 2 plazasMesita en la habitaciónMesita de centro en salaZapatera con espejoMueble cómoda pequeñaTelevisor de 55 pulgadasMueble completo de sala donde esta ubicado el televisorEquipo de sonidoMuebles de cuero modularEl Condominio cuenta conVigilancia permanente Una linda piscinaGimnasioJuego para niñosMinimarketServicios de luz independientePago de mantenimientoS/110 incluye aguaEn Exclusiva6 mesesAntigüedad 5 añosPrecioS/1, 3501x1R. U. C Ver datos|https://www.adondevivir.com/propiedades/clasificado/alclapin-se-alquila-departamento-de-50-m-sup2--en-estreno-149224459.html?n_src=Listado&n_pills=%C3%81rea+de+lavander%C3%ADa&n_pg=1&n_pos=9|2026-03-18
adondevivir|departamentos|alquiler|Lima Norte|Carabayllo|"Av. Condorcanqui
Carabayllo, Lima"|S/ 800 · USD 217|800|217|||"76 m² tot.
2 dorm.
1 baño"|76|2|||Excelente oportunidad de alquiler en Carabayllo, Hermoso departamento de 76 m², con una impresionante vista panorámica de la Avenida Condorcanqui. Área: 76 M2Ubicado en el 2do piso con ingreso independiente2 habitaciones - La Principal con closet de madera (ingresan camas de 2 plazas) Cocina implementada con muebles de madera altos y bajoLavandería con instalación con lavadora1 baño completoSala y comedor. Espacio para oficina, hall. Aceptan mascotas. Luz natural en todo el departamento. No se paga mantenimientoLuz y agua independienteA tan solo 2 cuadras de la estación Metropolitano (troncal), cerca a la Av. Universitaria, Av. Chimpu Ocllo, colegio Innova School, Mercados, parques y másPrecio de alquiler. S/8002x1R. U. C Ver datos|https://www.adondevivir.com/propiedades/clasificado/alclapin-alquiler-en-carabayllo-confortable-departamento-de-76-147385231.html?n_src=Listado&n_pills=%C3%81rea+de+lavander%C3%ADa&n_pg=1&n_pos=10|2026-03-18
adondevivir|departamentos|alquiler|Lima Norte|Carabayllo|"Edificio Monopoly 44
Santo Domingo, Carabayllo"|S/ 650|650|||20|"35 m² tot.
1 dorm.
1 baño"|35|1|||Departamento equipado de 1 dorm, estilo Flat con acabados A1 (fotos reales) Cuarto piso, entrada independiente, Ideal para personas trabajadoras solas O parejas, no bebes, no niños, no mascotas. •distribucion: 1Dormitorio amplio, 1Baño completo, sala Kitchenette. Sala de lavanderia y patio de tendal (ubicado en el 5to piso). •acabados: Acabados de primera, piso cerámico en todos los ambientes, cortinas y luminarias instaladas en todos los ambientes con focos led, Kitchenette con posa de lavado de acero inoxidable, cocina de 2 hornillas, campana extractora, microondas, refrigeradora, mesa con 2 sillas. •servicios: Completos luz, agua, cámaras de seguridad las 24 horas del día y los 7 días de la semana. •areas comunes: Sala de Lavandería (equipado con 4 máquinas de lavadoras de ropa), patio de tendal techado con fribraforte. •ubicación: Jirón San Matías Lt. 14 Mz F Urb. Santo Domingo 11ava Etapa (a unas cuadras del último paradero del Metropolitano Alimentadora Norte Santo Domingo, cerca al terminal chimpu ocllo a 2 Cdras. De la Av. Trapiche). •alquiler: S/. 650 soles (agua y luz), Mantenimiento s/20 soles, condiciones: 1 mes de garantía + 1 mes adelantado (1 x 1) contrato minimo por 1 año. contacto: Srta. Lucy Ver datos|https://www.adondevivir.com/propiedades/clasificado/alclapin-el-lugar-tranquilo-y-comodo-para-vivir.-145550647.html?n_src=Listado&n_pills=%C3%81rea+de+lavander%C3%ADa&n_pg=1&n_pos=11|2026-03-18
adondevivir|departamentos|alquiler|Lima Norte|Carabayllo|"Valle Grande Condominio Club, Carabayllo
Vista Alegre De Carabayllo, Carabayllo"|S/ 600 · USD 158|600|158||120|"65 m² tot.
3 dorm.
1 baño"|65|3|||Departamento en Alquiler en Carabayllo! Ubicado en Valle Grande Condominio Club - Carabayllo seguro ideal para tu familia. Cuarto Piso Características del Departamento 3 habitaciones Sala y comedor amplios Cocina funcional Área de lavandería 1 baño completo con ducha Vigilancia 24 horas para tu tranquilidad Condiciones de Alquiler Precio mensual: S/ 800 Condiciones: 1 mes de adelanto + 1 mes de garantía Mantenimiento: S/ 100 (aproximadamente, incluye el agua) ¡No pierdas esta increíble oportunidad de vivir en un lugar cómodo y seguro! Contáctame para más información y coordinar una visita ¡contacta ahora! 96*09 *49 *456 con berardo porras o escribeme al WhatsApp para coordinar una visita. ¡No dejes pasar esta Oportunidad!|https://www.adondevivir.com/propiedades/clasificado/alclapin-dpto-en-alquiler-en-valle-grande-condominio-club-148871347.html?n_src=Listado&n_pills=Piscina&n_pg=1&n_pos=12|2026-03-18
adondevivir|departamentos|alquiler|Lima Norte|Carabayllo|"Los Perales 275
Carabayllo, Lima"|S/ 700|700|||1|"75 m² tot.
3 dorm.
1 baño"|75|3|||Contactar al: 98 28 19 5 86. Características del Departamento: escaleras piso 4 (no mascotas) 3 habitaciones. ️ Sala y comedor. ️ Cocina funcional. Área de lavandería. 1 baño completo con ducha. Amenidades del Condominio. Vigilancia 24 horas para tu tranquilidad. ️ Piscina para disfrutar en familia. Área de juegos para niños. Condiciones de Alquiler. Precio mensual: S/ 700 incluye mantenimiento y agua. Condiciones: 1 mes de adelanto + 1 mes de garantía. ¡No pierdas esta increíble oportunidad de vivir en un lugar cómodo y seguro! Observación: No cuenta con ascensor, sustento de ingresos u boletas y dni. Contáctame para más información y coordinar una visita ️ Ver datos. requisito: dni solo peruanos no extranjeros Y boletas de ingreso. (no estar reportado en sistema financiero) condiciones 1 de garantia Y 1 adelanto (no es negociable)|https://www.adondevivir.com/propiedades/clasificado/alclapin-se-alquila-departamento-de-estreno-3-dorm.-en-148737438.html?n_src=Listado&n_pills=Piscina&n_pg=1&n_pos=13|2026-03-18
adondevivir|departamentos|alquiler|Lima Norte|Carabayllo|"Valle grande 3
Carabayllo, Lima"|S/ 600 · USD 178|600|178||110|"65 m² tot.
3 dorm.
1 baño"|65|3|||Estrena tu nuevo hogar en carabayllo - seguridad Y tranquilidad A un precio de ocasion! Se alquila impecable departamento en el Condominio Valle Grande 3. Ubicado en una zona residencial privilegiada por su clima y lejanía del bullicio urbano. Ideal para familias que valoran la paz y la seguridad. Características del inmueble (Piso 4 - Vista Exterior): Estado: 100% de estreno (Pisos cerámicos nuevos). 3 Dormitorios: Con excelente iluminación natural. Sala-Comedor: Amplia y ventilada. Cocina: Equipada con muebles altos y bajos. Lavandería integrada. 1 Baño Completo: Grifería y sanitarios nuevos. Sobre el condominio: Disfruta de vivir en un entorno cerrado con pórtico de ingreso, seguridad y áreas verdes interiores. Mantenimiento muy accesible (S/. 110 soles aprox.). Nota: El condominio cuenta con escaleras amplias (no ascensor). Condiciones de alquiler: Renta Mensual: S/. 700. 00. Ahora S/. 600. 00. Contrato: Mínimo 1 año. Modalidad: 1 mes de garantía x 1 mes de adelanto (1x1). Requisito: Sustento de ingresos y estar bien en el sistema financiero (Infocorp/Sentinel). ¿Listo para mudarte? Contáctanos al 9. 5. 9. 2. 0. 2. 4. 7. 5. Para agendar una visita.|https://www.adondevivir.com/propiedades/clasificado/alclapin-alquiler-depa-de-estreno-3-dorm-condominio-valle-148501387.html?n_src=Listado&n_pills=Cerca+a+colegios&n_pg=1&n_pos=14|2026-03-18
adondevivir|departamentos|alquiler|Lima Norte|Carabayllo|"Calle 5
Santo Domingo, Carabayllo"|S/ 850 · USD 255|850|255|||"100 m² tot.
2 dorm.
1 baño"|100|2|||¡Excelente oportunidad de alquiler! Se alquila hermoso departamento de estreno 100 m², en el piso 4, ubicado en la mejor zona de Carabayllo, en la Urb. De Santo Domingo vi Etapa. Este departamento cuenta con las siguientes características: 2 dormitorios amplios, perfectos para tu comodidad. Sala y comedor bien iluminados, con espacios abiertos. Cocina moderna con reposteros altos y bajos, ideal para almacenar todos tus utensilios, espacio para Lavandería. Vista espectacular a un parque, lo que te brindará tranquilidad y un entorno natural. La ubicación es inmejorable, cerca de todo tipo de comercios, colegios y transporte público, lo que te garantiza fácil acceso. No pierdas la oportunidad de vivir en una de las mejores zonas de Carabayllo. ¡Contáctanos para más información y agendar una visita! Visitas: los dias sabados Y domingos. requisitos importantes para el alquiler: 2 meses de Garantía. 1 mes de adelanto. no estar reportados en la central de riesgos. Ingresos demostrables con boletas de pago|https://www.adondevivir.com/propiedades/clasificado/alclapin-dpto-en-alquiler-urb.-sto-domingo-iv-carabayllo-148941613.html?n_src=Listado&n_pills=%C3%81rea+de+lavander%C3%ADa&n_pg=1&n_pos=15|2026-03-18
adondevivir|departamentos|alquiler|Lima Norte|Carabayllo|"Avenida Amador Merino Reyna 340
Carabayllo, Lima"|S/ 3,450 · USD 999|3450|999||250|"46 m² tot.
1 dorm.
1 baño"|46|1|||Vive conectado en San Isidro. Descubre este hermoso edificio único en San Isidro que combina conectividad, recreación y vida urbana, ubicados en el centro financiero de Lima, con áreas comunes pensadas para tu estilo de vida y acabados de alta calidad. El dpto esta super bien distribuidos con diseño eficiente. Tiene una ubicación estratégica, a pasos de todo. Disfruta de la comodidad de tener todo cerca: oficinas, restaurantes, parques y vías principales. Tenemos 2 dptos hermoso amoblados y equipados de primera, tal cual se muestra en las fotos. Disponibles en piso 2 y 13. Balcon, vista exterior y parte interior, Amplia sala comedor, cocina implementada con tablero de cuarzo, area de lavanderia, baño implementado con puertas de vidrio templado, espejos, repisas y mas. Reserva una cita|https://www.adondevivir.com/propiedades/clasificado/alclapin-hermoso-dpto-equipado-en-el-centro-financiero-149281314.html?n_src=Listado&n_pills=Guardian%C3%ADa%2FSeguridad+privada&n_pg=1&n_pos=16|2026-03-18
adondevivir|departamentos|alquiler|Lima Norte|Carabayllo|"SAN ANTONIO DE CARABAYLLO
San Antonio, Carabayllo"|S/ 600|600|||50|"85 m² tot.
3 dorm.
2 baños
1 estac."|85|3|2|1|¡El mejor departamento en alquiler en San Antonio de Carabayllo! Vive con comodidad, estilo y una ubicación inigualable. Frente a parque y a solo 3 minutos del Óvalo Huamantanga, estarás cerca de Plaza Vea, Metro, colegios y bancos. Características que te encantarán: Amplia sala con balcón️ 3 dormitorios con clóset️ Cocina moderna con muebles altos y bajos en melamine. Finos acabados y piso de porcelanato. estacionamiento opcional. Departamentos disponibles: 3er, 4to y 5to piso. No se aceptan Mascotas. Precio desde: S/600 + estacionamiento por S/200. ¡Tu nuevo hogar está aquí! Contáctenos y agenda una visita ahora. * Contactar Raúl Franco Ver datos *|https://www.adondevivir.com/propiedades/clasificado/alclapin-alquiler-departamento-san-antonio-de-carabayllo-143266421.html?n_src=Listado&n_pills=Frente+a+parque&n_pg=1&n_pos=17|2026-03-18
adondevivir|departamentos|alquiler|Lima Norte|Carabayllo|"AV LOS GALLINAZOS
Costa Del Sol, Carabayllo"|S/ 1,200 · USD 320|1200|320|||"75 m² tot.
3 dorm.
2 baños"|75|3|2||Departamentos en Alquiler – Edificio Moderno en Carabayllo. - Ubicación: Urb. El Sol de Carabayllo – Zona tranquila y de fácil acceso. Edificio de 4 pisos. 2 departamentos por piso (8 en total) Sin ascensor. - Área de cada departamento: 75 m² - Ventanas antisísmicas para mayor seguridad y confort. - Distribución de cada departamento: * 3 dormitorios. * 1 baño completo en el dormitorio principal. * 1 baño completo compartido. * Sala y comedor amplios e iluminados. * Cocina independiente. * Lavandería. - Ideal para familias o parejas. - Edificio seguro y bien distribuido. - Servicios independientes. - Disponibilidad inmediata. Contáctanos para agendar una visita. Leslie Fajardo Ver datos.. . . #inmuebles #alquiler #departamentoencarabayllo #carabayllo #departamentoenalquiler. #urbelsolcarabayllo #inmobiliaria #departamento|https://www.adondevivir.com/propiedades/clasificado/alclapin-depa-en-alquiler-3dorm-2banos-1-2-3-4-piso-sin-147224180.html?n_src=Listado&n_pills=%C3%81rea+de+lavander%C3%ADa&n_pg=1&n_pos=18|2026-03-18
adondevivir|departamentos|alquiler|Lima Norte|Carabayllo|"PARQUE RAMON CASTILLA
Carabayllo, Lima"|S/ 1,600|1600|||1|"145 m² tot.
3 dorm.
2 baños"|145|3|2||Alquiler de Departamento de 145mtr2 en Carabayllo – Frente a Parque Ramón Castilla. Se alquila amplio y cómodo departamento en Carabayllo, con excelente ubicación frente al parque Ramón Castilla y a solo dos cuadras de la avenida Universitaria. Zona tranquila, residencial y con fácil acceso a mercados, tiendas y servicios. Características: • 3 dormitorios (2 de ellos súper amplios, entra cama king/queen sin problema) • 2 baños completos. • Sala comedor amplia con vista al parque. • Pisos de parquet en excelente estado. • Cocina cerrada e independiente. • Ingreso totalmente independiente. • Estacionamiento externo disponible. Ubicado en el 3er piso, bien iluminado y ventilado. Precio de alquiler: S/ 1, 600 (negociable ligeramente) Ideal para familias que buscan comodidad, seguridad y una zona céntrica. Ubicación: Frente al Parque Ramón Castilla, Carabayllo.|https://www.adondevivir.com/propiedades/clasificado/alclapin-alquilo-amplio-departamento-u-oficina-145-m-sup2-147608493.html?n_src=Listado&n_pills=Frente+a+parque&n_pg=1&n_pos=19|2026-03-18
adondevivir|departamentos|alquiler|Lima Norte|Carabayllo|"Avenida Jorge Basadre
San Antonio, Carabayllo"|S/ 600|600||||"75 m² tot.
3 dorm.
2 baños
1 estac."|75|3|2|1|Desde S/ 600 mensuales. Estacionamiento opcional desde S/ 150. Ubicación: Urbanización San Antonio – Carabayllo. Área: 75 m² Vive cómodo, seguro y cerca de todo. Disfruta de un amplio departamento en una zona estratégica, ubicado a solo 5 minutos del Óvalo Huamantanga, cerca de Plaza Vea, Metro, colegios, bancos, mercados y transporte público. Caracteristicas del departamento. Amplia sala bien iluminada. 3 dormitorios. 2 baños. Cocina con muebles bajos de madera color natural. Gas Calidda instalado. Escaleras amplias y cómodas. Acabados: Piso de porcelanato en áreas sociales. Cerámicos en dormitorios, cocina y baños. Estacionamiento opcional (ubicado fuera del edificio) Precios de alquiler. Departamento 2° piso: desde S/ 600 Dpto de 2 dormitorios. Departamento 3° piso: S/ 800 dpto de 3 dormitorios. Estacionamiento: desde S/ 150 (se alquila por separado) Condiciones. 1 mes de adelanto + 1 mes de garantía. No estar reportado en Infocorp. Presentar referencias personales. No se permiten mascotas. ¡Tu nuevo hogar te espera! Agenda tu visita hoy mismo y conoce tu próximo departamento. Contáctanos para más información o visitas.|https://www.adondevivir.com/propiedades/clasificado/alclapin-alquiler-departamento-en-san-antonio-de-carabayllo-149226532.html?n_src=Listado&n_pills=Cerca+a+colegios&n_pg=1&n_pos=20|2026-03-18
adondevivir|departamentos|alquiler|Lima Norte|Carabayllo|"MZ. 43 LOTE 23 URB. TORREBLANCA II ETAPA
Manuel Scorza, Carabayllo"|S/ 1,000 · USD 46,000|1000|46000|||"88 m² tot.
2 dorm.
1 baño
1 estac."|88|2||1|¡Una oportunidad única para vivir, invertir o generar renta en uno de los puntos con mayor proyección de Carabayllo! Se vende todo el inmueble de cuatro niveles, ubicado en Mz. 43 Lote 23 – Urb. Torreblanca ii Etapa (ex techo propio O doral de torrelanca) km 24 av. Tupac Amaru, con múltiples unidades independientes ideales para vivienda familiar, alquiler permanente o proyectos inmobiliarios. Distribución del inmueble. Primer Piso – 88. 37 m² Precio: usd 46, 000. Amplio, funcional y con excelente potencial para vivienda familiar o negocio.|https://www.adondevivir.com/propiedades/clasificado/veclapin-oportunidad-en-torreblanca-edificio-completo-con-148341723.html?n_src=Listado&n_pg=1&n_pos=21|2026-03-18
adondevivir|departamentos|alquiler|Lima Norte|Carabayllo|"Av Piramide del Sol al 500, Tercer Piso - Departamento Amplio con 3 Dorm - Tercer Piso
San Juan de Lurigancho, Lima"|S/ 1,800 · USD 535|1800|535|||"160 m² tot.
3 dorm.
2 baños"|160|3|2||Amplia Oficina en Alquiler/o Departamento – Zona Estratégica de sjse alquila departamento y / o Oficina de 160 m² en tercer piso de Pirámide del Sol 526, a pocos minutos de la Estación Caja de Agua. Ubicado en una zona altamente comercial y con excelente conectividad. Características: 3 dormitorios ampliosSala comedor iluminadaCocina independiente1 baño completoLavanderíaSin ascensorIdeal para familias o Oficina que busquen comodidad y amplitud, con fácil acceso a transporte, comercios y servicios. 160 m² bien distribuidos Cerca a transporte público y zona comercial Excelente relación ubicación–precio|https://www.adondevivir.com/propiedades/clasificado/alclapin-alquiler-departamento-tercer-piso-3-dorm-en-av-148873910.html?n_src=Listado&n_pills=%C3%81rea+de+lavander%C3%ADa&n_pg=1&n_pos=1|2026-03-18
adondevivir|departamentos|alquiler|Lima Norte|Carabayllo|"Av. Lurigancho 1068
San Juan de Lurigancho, Lima"|S/ 1,400 · USD 418|1400|418||190|"65 m² tot.
3 dorm.
2 baños"|65|3|2||Alquiler de lindo departamento en zona segura en el Condominio Parques de San Juan, frente al Centro Comercial Real Plaza de San Juan de Lurigancho, movilidad a todas partes de Lima a 4 cuadras de la estación del Tren Pirámides del Sol. Se alquila sin muebles. 3 dormitorios. 65. 5 M2. Cocina abierta. Sala comedor con balcón. 2 baños completos. Área de lavandería con therma a gas natural. Piso 10. Edificio con 3 ascensores. Seguridad las 24 horas. Recepción control de accesos. No mascotas. Áreas Comunes: canchitas de fulbito. Áreas para parrillas, juegos de niños, salones de usos múltiples. Alquiler S/. 1, 400 Soles. Condiciones: 2 meses de garantía, 1 mes adelantado. Requisitos: 4 últimas boletas de Remuneraciones. Calificación semáforo verde en infocort. Certificado de antecedentes Policiales y Penales. No pierdas la oportunidad de alquilar este estupendo departamento llámame al 9. 3. 3. 8. 2. 6. 5. 4. 2|https://www.adondevivir.com/propiedades/clasificado/alclapin-lindo-departamento-3-dorm.-condominio-parques-de-san-149193081.html?n_src=Listado&n_pills=Seguridad&n_pg=1&n_pos=2|2026-03-18
adondevivir|departamentos|alquiler|Lima Norte|Carabayllo|"av Central
Bayovar, San Juan de Lurigancho"|S/ 1,100|1100||||"90 m² tot.
2 dorm.
1 baño"|90|2|||Alquiler de departamento en San Juan de Lurigancho – a 5min Estación BayóvarSe alquila departamento ubicado en 3er piso dentro de una urbanización tranquila, a solo cinco minutos de la estación Bayóvar. El entorno cuenta con vías amplias, acceso rápido al transporte y a la Av. Central Características del departamento: Área de 90 m²Tercer pisoDos dormitorios con buena iluminaciónUn baño completoSala cómoda y ventiladaCocina independientePequeño patio interiorTerma y gas cálidoServicios: Agua y luz se pagan por separadoUbicación: Cerca de la estación Bayóvar (5 minutos) A pocos metros de Av. Central Zona con mercados, tiendas, movilidad constante y acceso a serviciosCondiciones: Alquiler: S/ 1, 100 mensualesUn mes de adelanto + un mes de garantíaSe acepta mascota pequeña|https://www.adondevivir.com/propiedades/clasificado/alclapin-alquilo-de-departamento-en-av-central-en-san-juan-de-148654716.html?n_src=Listado&n_pg=1&n_pos=3|2026-03-18
adondevivir|departamentos|alquiler|Lima Norte|Carabayllo|"Av. Francisco Bolognesi 195
Comas, Lima"|S/ 1,100|1100||||"60 m² tot.
2 dorm.
1 baño"|60|2|||Departamento en 1er piso – 60 m² Ubicado en Av. Gerardo Unger, a solo 1 minuto del mercado Unicachi. Este acogedor departamento es ideal para pareja o familia pequeña que busque comodidad y buena ubicación. Características del departamento (Primer Piso): * Ubicado en Av. Francisco Bolognesi 195. - Área: 60 m2. - Primer piso. - 2 habitaciones. - Sala amplia. - Comedor amplio. - Cocina con muebles altos y bajos. - Lavandería independiente. - Patio interno de aprox. 2 x 3 m (en una habitación, ideal como zona de juegos) - Servicios independizados (agua y luz) - No cuenta con gas cálida (proximamente) Ubicación: - A 1 minuto del mercado Unicachi. - A 5 minutos de la Comisaría de Santa Luzmila. - A 2 minutos del Mallplaza Comas. Precio: - Alquiler mensual: S/ 1, 100. Requisitos: - No extranjeros. - Sin moras en Infocorp. - Sustento de ingresos (planilla o pdt si es independiente) - Firma de contrato. - Se permite 1 mascota pequeña (menor a la altura de la rodilla) contacto: Para más información o agendar una visita: Christopher Núñez – Asesor Inmobiliario. 927*133*062|https://www.adondevivir.com/propiedades/clasificado/alclapin-departamento-en-alquiler-1er-piso-en-comas-estreno-149050460.html?n_src=Listado&n_pills=%C3%81rea+de+lavander%C3%ADa&n_pg=1&n_pos=4|2026-03-18
adondevivir|departamentos|alquiler|Lima Norte|Carabayllo|"Manuel González Prada
Comas, Comas"|S/ 1,100 · USD 280|1100|280||120|"50 m² tot.
2 dorm.
1 baño"|50|2|||Https: //www. instagram. com/cano. sectorinmobiliario/ Departamento en Alquiler – Distrito de Comas - 50m2. - Características del departamento. - 2 dormitorios. - 1 baño completo. - Sala cómoda. - Cocina americana. - Lavandería incorporada en la cocina. - Ubicado en piso 16. - Buena iluminación y ventilación natural. Condiciones del alquiler. - Alquiler mensual: S/ 1, 100. - Mantenimiento: S/ 120. - Condición: 2 x 1 (dos meses de garantía y un mes de adelanto) - Ubicación y entorno. - A 5 minutos del Club Sincero Roca, cerca al Mall Plaza Comas y fácil acceso a la Av. Universitaria. Zona con comercios, transporte público y servicios.|https://www.adondevivir.com/propiedades/clasificado/alclapin-depa-en-comas-2dorm-1bano-50-m-sup2--piso16-148695936.html?n_src=Listado&n_pills=Guardian%C3%ADa%2FSeguridad+privada&n_pg=1&n_pos=5|2026-03-18
adondevivir|departamentos|alquiler|Lima Norte|Carabayllo|"Av. Malecón Checa 387
Zarate, San Juan de Lurigancho"|S/ 1,000|1000||||"175 m² tot.
2 dorm.
1 baño"|175|2|||Tenemos este cómodo y súper amplio departamento en alquiler a un excelente precio, ubicado Urb. Zárate, en la cuadra 3 de Av. Malecón Checa, en un tercer piso, de aprox, 170m2, cuenta con sala comedor, 2 dormitorios, cocina, un baño completo, terraza y un amplio patio con tendales y un lavadero. El Precio de alquiler es 1000 soles, todos los servicios van aparte, no paga mantenimiento, El trato es 2 x 1 (2 meses de garantía, 1 de adelanto) Listo para mudarse. *Se acepta mascotas* Si desea recibir mayor información o agendar una visita, no dude en comunicarse con el número de contacto. Somos crs, el mejor trato.|https://www.adondevivir.com/propiedades/clasificado/alclapin-comodo-y-super-amplio-departamento-en-alquiler-a-91004155.html?n_src=Listado&n_pills=Cerca+a+colegios&n_pg=1&n_pos=6|2026-03-18
adondevivir|departamentos|alquiler|Lima Norte|Carabayllo|"Av. Gerardo Unger 6227, Comas
Comas, Lima"|S/ 750 · USD 203|750|203|||"70 m² tot.
2 dorm.
2 baños"|70|2|2||Alquiler de Departamento en Tercer Piso en Una Excelente Ubicación en ComasUbicación: Av. Gerardo Unger 6232 Comas Entre Av. San Bernando y av. MetropolitanaDepartamento acogedor, con: -2 Habitaciones con closet-2 baños-1 Cocina-Sala / Comedor-Vista interna (no es vista calle) -Cuenta con gas Calidda-Zona de tendal en el ultimo piso (opcional) -No se permite perros. -Edificio tranquilo, sin bulla. -Frente a Mercado La Esperanza y el Vivero de plantasT. C. 3. 50Tipo de cambio referencial, sujeto a variación diaria por fluctuación del mercado|https://www.adondevivir.com/propiedades/clasificado/alclapin-alquiler-de-departamento-en-segundo-piso-en-una-146061051.html?n_src=Listado&n_pg=1&n_pos=7|2026-03-18
adondevivir|departamentos|alquiler|Lima Norte|Carabayllo|"Condominio Ciudad Verde
Puente Piedra, Lima"|S/ 900|900|||100|"61 m² tot.
3 dorm.
1 baño"|61|3|||Contacto: nathaly coscocel: 9*8*8*3*8*9*7*9*9Un lugar para que disfrutes de una vista inigualable, áreas verdes y de diversión para toda la familiaBello departamento ubicado frente a la escuela de oficiales en Puente Piedra, ubicado en el piso 9, en edificio con ascensor. Tiene 61m2 que se distribuyen en 3 dormitorios, 1 baño, sala comedor, balcón, cocina cerrada, área de lavado. El departamento tiene menos de 1 año de entrega y poco uso. Tiene Gas natural y viene con terma. Bonita vista a la escuela de oficiales, con mucha vegetación. El mantenimiento es de 100 soles ( incluye agua) Cuenta con áreas comunes como: tiendas, cancha de fulbito, área de juegos de niños, salones de eventos. Además de estar frente a la escuela de policias, a pocos minutos de Tottus de Puente Piedra, mercados, piscinas. contacto: nathaly coscocel: 9*8*8*3*8*9*7*9*9id: 1*1*5*9*2*1*3|https://www.adondevivir.com/propiedades/clasificado/alclapin-alquiler-de-departamento-en-puente-piedra-147935473.html?n_src=Listado&n_pills=Ascensor&n_pg=1&n_pos=8|2026-03-18
adondevivir|departamentos|alquiler|Lima Norte|Carabayllo|"Pasaje Abelardo Quiñones Lote 51A Comas
Comas, Lima"|S/ 600 · USD 169|600|169|||"40 m² tot.
1 dorm.
1 baño"|40|1|||Contamos con 2 habitaciones independientes con baño incorporado para estudiantes universitarios, esta ubicada cerca a la upn,, academias, referencias avenida Universitaria con BelaundeArea 40 m2Excelente iluminacionPatio tendalEspacio lavanderiaMas informacion, contactameR. U. C Ver datos|https://www.adondevivir.com/propiedades/clasificado/alclapin-alquilo-habitacion-exclusivo-estudiantes-147972721.html?n_src=Listado&n_pills=%C3%81rea+de+lavander%C3%ADa&n_pg=1&n_pos=9|2026-03-18
adondevivir|departamentos|alquiler|Lima Norte|Comas|"Av. Francisco Bolognesi 195
Comas, Lima"|S/ 1,100|1100||||"60 m² tot.
2 dorm.
1 baño"|60|2|||Departamento en 1er piso – 60 m² Ubicado en Av. Gerardo Unger, a solo 1 minuto del mercado Unicachi. Este acogedor departamento es ideal para pareja o familia pequeña que busque comodidad y buena ubicación. Características del departamento (Primer Piso): * Ubicado en Av. Francisco Bolognesi 195. - Área: 60 m2. - Primer piso. - 2 habitaciones. - Sala amplia. - Comedor amplio. - Cocina con muebles altos y bajos. - Lavandería independiente. - Patio interno de aprox. 2 x 3 m (en una habitación, ideal como zona de juegos) - Servicios independizados (agua y luz) - No cuenta con gas cálida (proximamente) Ubicación: - A 1 minuto del mercado Unicachi. - A 5 minutos de la Comisaría de Santa Luzmila. - A 2 minutos del Mallplaza Comas. Precio: - Alquiler mensual: S/ 1, 100. Requisitos: - No extranjeros. - Sin moras en Infocorp. - Sustento de ingresos (planilla o pdt si es independiente) - Firma de contrato. - Se permite 1 mascota pequeña (menor a la altura de la rodilla) contacto: Para más información o agendar una visita: Christopher Núñez – Asesor Inmobiliario. 927*133*062|https://www.adondevivir.com/propiedades/clasificado/alclapin-departamento-en-alquiler-1er-piso-en-comas-estreno-149050460.html?n_src=Listado&n_pills=Cerca+a+colegios&n_pg=1&n_pos=1|2026-03-18
adondevivir|departamentos|alquiler|Lima Norte|Comas|"Manuel González Prada
Comas, Comas"|S/ 1,100 · USD 280|1100|280||120|"50 m² tot.
2 dorm.
1 baño"|50|2|||Https: //www. instagram. com/cano. sectorinmobiliario/ Departamento en Alquiler – Distrito de Comas - 50m2. - Características del departamento. - 2 dormitorios. - 1 baño completo. - Sala cómoda. - Cocina americana. - Lavandería incorporada en la cocina. - Ubicado en piso 16. - Buena iluminación y ventilación natural. Condiciones del alquiler. - Alquiler mensual: S/ 1, 100. - Mantenimiento: S/ 120. - Condición: 2 x 1 (dos meses de garantía y un mes de adelanto) - Ubicación y entorno. - A 5 minutos del Club Sincero Roca, cerca al Mall Plaza Comas y fácil acceso a la Av. Universitaria. Zona con comercios, transporte público y servicios.|https://www.adondevivir.com/propiedades/clasificado/alclapin-depa-en-comas-2dorm-1bano-50-m-sup2--piso16-148695936.html?n_src=Listado&n_pills=%C3%81rea+de+lavander%C3%ADa&n_pg=1&n_pos=2|2026-03-18
adondevivir|departamentos|alquiler|Lima Norte|Comas|"Av. Gerardo Unger 6227, Comas
Comas, Lima"|S/ 750 · USD 203|750|203|||"70 m² tot.
2 dorm.
2 baños"|70|2|2||Alquiler de Departamento en Tercer Piso en Una Excelente Ubicación en ComasUbicación: Av. Gerardo Unger 6232 Comas Entre Av. San Bernando y av. MetropolitanaDepartamento acogedor, con: -2 Habitaciones con closet-2 baños-1 Cocina-Sala / Comedor-Vista interna (no es vista calle) -Cuenta con gas Calidda-Zona de tendal en el ultimo piso (opcional) -No se permite perros. -Edificio tranquilo, sin bulla. -Frente a Mercado La Esperanza y el Vivero de plantasT. C. 3. 50Tipo de cambio referencial, sujeto a variación diaria por fluctuación del mercado|https://www.adondevivir.com/propiedades/clasificado/alclapin-alquiler-de-departamento-en-segundo-piso-en-una-146061051.html?n_src=Listado&n_pg=1&n_pos=3|2026-03-18
adondevivir|departamentos|alquiler|Lima Norte|Comas|"Pasaje Abelardo Quiñones Lote 51A Comas
Comas, Lima"|S/ 600 · USD 169|600|169|||"40 m² tot.
1 dorm.
1 baño"|40|1|||Contamos con 2 habitaciones independientes con baño incorporado para estudiantes universitarios, esta ubicada cerca a la upn,, academias, referencias avenida Universitaria con BelaundeArea 40 m2Excelente iluminacionPatio tendalEspacio lavanderiaMas informacion, contactameR. U. C Ver datos|https://www.adondevivir.com/propiedades/clasificado/alclapin-alquilo-habitacion-exclusivo-estudiantes-147972721.html?n_src=Listado&n_pills=%C3%81rea+de+lavander%C3%ADa&n_pg=1&n_pos=4|2026-03-18
adondevivir|departamentos|alquiler|Lima Norte|Comas|"Av. Micaela Bastidas & Av Retablo
Comas, Lima"|S/ 750 · USD 211|750|211|||"50 m² tot.
1 dorm.
1 baño"|50|1|||El departamento se encuentra en remodelacion para el estreno! (enuna semana terminamos) eres pareja Joven o de familia pequeña? Buscas privacidad?, y no vivir mas con los papas? Pues tenemos la opción para uds! Con buena ubicación frente al parque, y muy cerca a Colegios, Academias, Universidades, Mall de Comas, supermercados, mercados mayorista y minoristas, boticas, hospitales, clínicas, centro comerciales, bancos, canchas sintéticas, o campos deportivos, salidas rápidas para la Av el Retablo, Av Universitaria, Av Trapiche, Av Tupac, Av Panamericana y sobretodo muy cerca a las estaciones del metropoliotano! Y mucho más! La entrega sera en una semana porque esta en remodelacion el departamento. no tiene ascensor-*departamento en el 5to. Piso vista del sunset! * 2 habitaciones*1 baño completo*Sala Comedor*Lavandería*siiiii se aceptan mascotas medianas Y educadasarea: 50 m2 5T0 piso*Servicio independiente con contrómetroPrecio de Alquiler: 750 solescondiciones: 2 x 1R. U. C Ver datos|https://www.adondevivir.com/propiedades/clasificado/alclapin-alquiler-de-minidepartamento-146921392.html?n_src=Listado&n_pills=%C3%81rea+de+lavander%C3%ADa&n_pg=1&n_pos=5|2026-03-18
adondevivir|departamentos|alquiler|Lima Norte|Comas|"3wfp+qf7, Comas 15316, Perú
Comas, Lima"|S/ 800 · USD 238|800|238|||"40 m² tot.
1 dorm.
1 baño"|40|1|||Edificio de 4 pisosdepartamento en Estreno lindo, acogedor cerca a los Condominios de Retablo a una cuadra de la avenida Trapichedisponible en el Piso 2 conArea de 45 m2Sala comedor1 dormitorioCocina lista para instalar punto de gas naturalIdeal para personas solas o parejasLuzAguaTendal en azotea1x1Mantenimiento S/25. 00Requisitos: Estar optimo en el sistema financieroDemostrar sus ingresosContactame y agenda tu visitaR. U. C Ver datos|https://www.adondevivir.com/propiedades/clasificado/alclapin-alquiler-de-departamento-en-piso-2-en-el-pinar-comas-148179785.html?n_src=Listado&n_pg=1&n_pos=6|2026-03-18
adondevivir|departamentos|alquiler|Lima Norte|Comas|"Condominio Los Nogales (alborada Club Residencial)
Comas, Lima"|S/ 1,300 · USD 372|1300|372|||"72 m² tot.
3 dorm.
2 baños
1 estac."|72|3|2|1|El condominio cuenta con lindas áreas sociales ideal para disfrutar en familia: Piscinas, zona de parrilla, cancha de fútbol, sala de eventos, juegos infantiles para niños y áreas verdes. Vivirás en una zona privilegiada cerca a minimarkets Mass, Tambo y supermercados Metro y Tottus, Unicachi, farmacias, colegios, universidades, restaurantes y lo mejor: estás a pasos del Mall Plaza Comas donde podrás disfrutar de la comodidad de tener bancos, tiendas y zonas de entretenimiento donde tu vida cotidiana se vuelve más práctica y agradable. Condominio Los Nogales Urb. Retablo - Comas (Jr. Bernardo Monteagudo Nro. 204) 5to piso con ascensor – dpto 508 72 m² Precio de alquiler: S/ 1, 300 nuevos soles Precio de mantenimiento: S/ 150 soles Características del departamento Cocina cerrada Lavandería Sala / comedor Balcón con vista a áreas verdes 03 habitaciones Hall para oficina o estudio 02 baños 01 estacionamiento lineal abierto Vigilancia 24/7 con acceso controladoEl dpto cuenta con gas CaliddaCondiciones: 2x1 (dos de garantía y uno de renta) Sustentar ingresos No estar reportado en Infocorp No extranjeros No mascotasR. U. C Ver datos|https://www.adondevivir.com/propiedades/clasificado/alclapin--alquiler-departamento-en-estreno!-condominio-los-149233426.html?n_src=Listado&n_pills=Seguridad&n_pg=1&n_pos=7|2026-03-18
adondevivir|departamentos|alquiler|Lima Norte|Comas|"Polleria El Caporal
Comas, Lima"|S/ 950 · USD 281|950|281|||"75 m² tot.
2 dorm.
1 baño"|75|2|||Edificio de 4 pisos, cuenta con departamentos en alquiler en Estreno, esta ubicado cerca a Condominios de Retablo, a una cuadra de avenida TrapicheEl departamento esta ubicado en el Piso 3 cuenta conSala comedorIntercomunicadorCocina con reposteria bajaPunto de gas natural para instalar en cocinaBañoluzAguaTendal en azoteaMantenimiento S/25. 001x1Requisitos: Estar optimo en el sisitema financieroDemostrar sus ingresosAgenda una visitaContactameR. U. C Ver datos|https://www.adondevivir.com/propiedades/clasificado/alclapin-alquiler-de-depatamento-en-estreno-de-75-m-sup2--en-148179778.html?n_src=Listado&n_pg=1&n_pos=8|2026-03-18
adondevivir|departamentos|alquiler|Lima Norte|Comas|"Amaru Inca Yupanqui 109, Comas 15312, Perú
Comas, Lima"|S/ 1,100 · USD 323|1100|323|||"120 m² tot.
2 dorm.
1 baño"|120|2|||Departamento amplio y confortable con balcon vista a la calle en Piso 2 en urbanizacion Virgen del Rosario referencia a unas cuadras de la avenida Micalea, a una cuadra de la avenida UniversitariaEste departamento inicia con un pequeño hall al ingresoSala comedor amplioCocina remodelada con granito con respsteros altos y bajos cocina encimera empotrada, horno empotradoLindo balconUn dormitorio, y se puede acondicionar otro dormitorio mas por parte del inquilino si lo requiereUn baño completoPasadizoPatio tendalSin amoblarIngreso y salida independientePrecioS/ 1, 100 Negociables1x1RequisitosEstar bien en el sistema financieroSustentode ingresosContrato porun añoSolo peruanosContactame y visitaloR. U. C Ver datos|https://www.adondevivir.com/propiedades/clasificado/alclapin-se-alquila-departamento-de-120-m-sup2--en-piso-2-149168441.html?n_src=Listado&n_pg=1&n_pos=9|2026-03-18
adondevivir|departamentos|alquiler|Lima Norte|Comas|"Jiron Tarma 588
Comas, Lima"|S/ 950 · USD 257|950|257|||"86 m² tot.
3 dorm.
1 baño"|86|3|||Vive en un departamento amplio, cómodo y bien distribuido en el corazón de Comas. Con un metraje de 86. 24 m², este inmueble te ofrece los espacios ideales para tu familia, en una zona altamente comercial y rodeada de todo lo que necesitas en tu día a día. Alquiler: S/ 950 (2x1) Servicios: No incluye luz ni aguaDistribución del departamento: 3 dormitorios iluminados, con espacio suficiente para camas y muebles1 baño completo con buen acabadoSala–comedor amplia, perfecta para reuniones familiaresCocina kitchenette con muebles altos y bajos (no cuenta con gas cálida) Área de lavandería independienteUbicación privilegiada: A pocos pasos de la Municipalidad de ComasMuy cerca de colegios particulares y estatalesRodeado de bancos y comerciosPróximo al Mercado Central de ComasEn una zona altamente comercial, con todo a la manoBeneficios: Ubicado en segundo piso, con acceso independienteAmbientes con excelente iluminación y ventilación naturalMetraje amplio (86. 24 m²) a un precio muy accesible¡No dejes pasar esta oportunidad! Agenda tu visita y descubre tu nuevo hogar en Comas. T. C. 3. 70Tipo de cambio referencial, sujeto a variación diaria por fluctuación del mercado|https://www.adondevivir.com/propiedades/clasificado/alclapin-vive-en-un-departamento-amplio-comodo-y-bien-147378887.html?n_src=Listado&n_pills=%C3%81rea+de+lavander%C3%ADa&n_pg=1&n_pos=10|2026-03-18
adondevivir|departamentos|alquiler|Lima Norte|Comas|"Mama Ocllo 138
Comas, Lima"|S/ 1,300 · USD 351|1300|351|||"100 m² tot.
3 dorm.
2 baños"|100|3|2||Departamento de estreno en el 2do pisocuenta con 3 dormitorios amplios2 baños completosSala Comedor iluminada y amplia cocina con resposteros altos y bajos LavanderiaT. C. 3. 50Tipo de cambio referencial, sujeto a variación diaria por fluctuación del mercado|https://www.adondevivir.com/propiedades/clasificado/alclapin-alquilo-departamento-comodo-y-bien-ubicado-147077700.html?n_src=Listado&n_pills=%C3%81rea+de+lavander%C3%ADa&n_pg=1&n_pos=11|2026-03-18
adondevivir|departamentos|alquiler|Lima Norte|Comas|"3W8P+46M Comas
Comas, Lima"|S/ 1,100|1100|||150|"66 m² tot.
1 dorm.
1 baño"|66|1|||*R. U. C: 2. 0. 6. 0. 0. 1. 6. 2. 9. 9. 4* Razón Social: Constructora e Inmobiliaria Casa 21 S. A. C. ¡Oportunidad única! Se alquila moderno dúplex de 66 m² con 1 dormitorio, ubicado en el piso 9 del exclusivo Condominio Top Mambo Unno, a espaldas del MallPlaza Comas. Este departamento destaca por su diseño práctico y funcional, ideal para quienes buscan comodidad y buena ubicación en la ciudad. Su localización estratégica permite un fácil acceso a importantes vías como la Panamericana Norte, Av. Trapiche, Av. Universitaria y Av. Túpac Amaru, garantizando total conectividad hacia distintos puntos de Lima. Una excelente oportunidad para vivir en un condominio seguro, moderno y rodeado de todo lo que necesitas. *Contáctate con Rosario Mendoza 9. 9. 1. 9. 1. 7. 7. 5. 8. * - Área de 66m2. 1er Nivel. - Sala comedor. - Cocina con muebles bajo. - 1/2 Baño. - Lavandería. - Cuenta con gas Calidda. 2do Nivel. - 01 Dormitorio con amplio clóset. - Baño completo. - Áreas comunes: zona de parrillas, salón de eventos, área de trabajo remoto (Cowork), gimnasio. Precio: S/ 1, 100. 00. Mantenimiento: S/ 150. 00 (incluye agua) Condiciones: 1 mes de garantía + 1 mes de adelanto. ¡Todo lo que necesitas para vivir de la mejor manera! No pierdas la oportunidad. Contáctanos ahora para más información y agendar una visita. *Contáctate con Rosario Mendoza 9. 9. 1. 9. 1. 7. 7. 5. 8. *|https://www.adondevivir.com/propiedades/clasificado/alclapin-alquiler-de-departamento-duplex-de-66-m-sup2--en-comas-147554711.html?n_src=Listado&n_pills=%C3%81rea+de+lavander%C3%ADa&n_pg=1&n_pos=12|2026-03-18
adondevivir|departamentos|alquiler|Lima Norte|Comas|"JR Talara
Comas, Lima"|S/ 750 · USD 223|750|223|||"150 m² tot.
2 dorm.
1 baño"|150|2|||Alquiler de Departamento en Comas – 3er Piso, Listo para Mudarse Ubicado en el tercer piso, este departamento ofrece la combinación perfecta de comodidad, amplitud y buena ubicación. Distribución del inmueble: Sala amplia y comedor ideales para disfrutar en familia Cocina práctica lista para equiparBaño completo2 dormitorios cómodos y ventiladosEste espacio destaca por su iluminación natural y su diseño funcional que brinda confort en cada ambiente. Ideal para familias o parejas que buscan vivir en una zona céntrica de Comas, cerca de comercios, transporte y todos los servicios necesarios. R. U. C Ver datos|https://www.adondevivir.com/propiedades/clasificado/alclapin-alquiler-de-departamento-en-comas-3er-piso-listo-148541325.html?n_src=Listado&n_pg=1&n_pos=13|2026-03-18
adondevivir|departamentos|alquiler|Lima Norte|Comas|"Cond. Los Molles
Comas, Lima"|S/ 850 · USD 221|850|221|||"58 m² tot.
3 dorm.
1 baño"|58|3|||Departamento en alquiler en Cond. Los Molles - Comas 59. 69 mts2 5to piso 3 dormitorios1 BañoSala, comedor, cocina, lavandería con tendalesTiene ascensorVigilancia 24/7Sala para eventoParrillaLoza para fútbolJuegos para niñosespacio para skateA un paso del Colegio Innova School, Cerca a tambo, metro, colegio upna 2 cdras de RetabloA 3 cdras de universitariaA 5min de UnicachiA 5min de Mall aventura plaza ComasPrecio: Alquiler: S/ 850mantenimiento: S/ 1201 x 1(*) No mascota(*) No extranjeroR. U. C Ver datos|https://www.adondevivir.com/propiedades/clasificado/alclapin-departamento-en-alquiler-de-59.69-m-sup2--en-cond.-los-142567323.html?n_src=Listado&n_pills=%C3%81rea+de+lavander%C3%ADa&n_pg=1&n_pos=14|2026-03-18
adondevivir|departamentos|alquiler|Lima Norte|Comas|"Calle 12 de diciembre 198
Villa Hiper, Comas"|S/ 1,500|1500||||"120 m² tot.
3 dorm.
1 baño"|120|3|||Alquilo lindo departamento 120 m2 en primer piso, Urb. Villa Hiper. Frente a parque, cerca de avenida principal. *Contáctate con Rosario Mendoza 9. 9. 1. 9. 1. 7. 7. 5. 8. 9* Características: - 3 dormitorios. - 2 baños. - cocina. - lavandería. - sala comedor. - patio trasero. No mascotas. precio de alquiler: S/. 1, 500. 00. condiciones. 2x1 (2 mes de adelanto, 1 mes de garantía) Contrato mínimo por 1 año. ¡Todo lo que necesitas para vivir de la mejor manera! No pierdas la oportunidad. Contáctanos ahora para más información y agendar una visita! *Contáctate con Rosario Mendoza 9. 9. 1. 9. 1. 7. 7. 5. 8. 9*|https://www.adondevivir.com/propiedades/clasificado/alclapin-alquilo-departamento-de-120-m-sup2--en-primer-piso-149206781.html?n_src=Listado&n_pills=Cerca+a+colegios&n_pg=1&n_pos=15|2026-03-18
adondevivir|departamentos|alquiler|Lima Norte|Comas|"Jiron 14 107, Comas 15316, Perú
Comas, Lima"|S/ 800 · USD 238|800|238|||"40 m² tot.
1 dorm.
1 baño"|40|1|||Departamento en Edificio de 4 pisosAcogedor en Estreno, muy cerca a los Condominios de Retablo Comas, a una cuadra de la avenida Trapiche. Ubicado en el Piso 3Area 45 m2Sala comedorCocina para conectar punto de gas naturalLuz, agua y gasTendal en la azoteacontrato por 12 meses1x1RequisitosEstar optimo en el siatema financieroDemostrar sus ingresosContactame y agendaR. U. C Ver datos|https://www.adondevivir.com/propiedades/clasificado/alclapin-alquiler-de-departamento-en-piso-3-de-estreno-en-pinar-148181690.html?n_src=Listado&n_pg=1&n_pos=16|2026-03-18
adondevivir|departamentos|alquiler|Lima Norte|Comas|"Av. Victor Andrés Belaunde 890, Comas 15312, Perú
Comas, Lima"|S/ 600 · USD 169|600|169|||"40 m² tot.
1 dorm.
1 baño"|40|1|||Habiataciones acogedoras en Comas — listo para alquilar Dirección: Pasaje Quiñones referencia costado de la Academia Aduni, Av. Víctor Andrés Belaunde con Av Universitaria Comas Edificio: 3 pisos Área construida: 40 m² Área de terreno: No disponible Habitaciones: 1 Baños: 1 Estacionamientos: No disponible Antigüedad: 8 añosDescripción breve: Luminoso departamento de 40 m², ideal para persona sola, que busca comodidad y buena ubicación. Dormitorio independiente, perfecto para quienes trabajan o estudian cerca de la zona. Acabados prácticos y mantenimiento en buen estado. ¿Por qué te conviene? - Ubicación sobre avenida principal, con acceso rápido a transporte y servicios. - Tamaño funcional: fácil de mantener y amoblado según necesidades. - Zona con comercios, mercados y opciones de alimentación y servicios a pocos minutos. Interesados: agenda una visitaR. U. C Ver datos|https://www.adondevivir.com/propiedades/clasificado/alclapin-alquilo-habitacion-para-estudiantes-universitarios-en-147676894.html?n_src=Listado&n_pg=1&n_pos=17|2026-03-18
adondevivir|departamentos|alquiler|Lima Norte|Comas|"LOS Girasoles EN Comas
El Pinar, Comas"|S/ 145,000|145000|||100|"52 m² tot.
2 dorm.
1 baño"|52|2|||Venta departamento. Departamento en el condominio los Girasoles en Comas Entre Micaela Bastidas y el Retablo, a 5 min de Metro de la Av Universitaria y a la Universidad Cesar Vallejo. Se encuentra en el piso 8, con vista interior e iluminado. 2 habitaciones y un baño completo con puerta corrediza Sala, comedor, cocina, lavandería Habitación principal con clóset. El departamento tiene instalación de gas natural calidda, lo que permite el ahorro del pago de luz mensualmente. Areas comunes: 2 Ascensores, Área de juego niños Área parrillas Área de entretenimiento familiar. Parque recreativo interno Loza deportiva Vigilancia las 24 horas. Listo para transferir. Agenda tu cita! Juliana Montes. 9 9 9 8 9 2 7 9 7|https://www.adondevivir.com/propiedades/clasificado/alclapin-venta-comas-los-girasoles-departamento-145373633.html?n_src=Listado&n_pills=Ascensor&n_pg=1&n_pos=18|2026-03-18
adondevivir|departamentos|alquiler|Lima Norte|Comas|"Condominio Los Laureles 2da Etapa
Comas, Lima"|S/ 900 · USD 267|900|267|||"50 m² tot.
3 dorm.
1 baño"|50|3|||Te presentamos un departamento para alquilarloArea 50 m2En muy buen estadoPiso 5 con vista a la avenidaDistribucion: Sala comedorCocina con reposteros altos y bajosPunto de gas naturalTherma3 habitacionesBañoEl Condominio esta ubiicado a una cuadra de la avenida Micalela en Retablo, a tres cuadra del nuevo Hiper mercado precio uno, y mucho comercio mas. al interior cuenta con minimarketsSalon para reuniones, eventos para los sociosParques, juegos infantilesRequisitosEstar optimo en el sistema financieroSustentar sus ingresosPrecioS/900. 001x1No mascotasContactame y reservaloR. U. C Ver datos|https://www.adondevivir.com/propiedades/clasificado/alclapin-alquiler-de-departamento-en-condominio-los-laureles-148497860.html?n_src=Listado&n_pg=1&n_pos=19|2026-03-18
adondevivir|departamentos|alquiler|Lima Norte|Comas|"Jiron Tarma 584
Comas, Lima"|S/ 850 · USD 230|850|230|||"80 m² tot.
2 dorm.
1 baño"|80|2|||Se alquila acogedor departamento en primer piso, ideal para quienes buscan comodidad, fácil acceso y una ubicación estratégica en una de las zonas más dinámicas de Comas. Este espacio es perfecto para parejas, familias pequeñas o profesionales que desean vivir en un ambiente práctico y bien conectado. Precio de alquiler: S/ 850 soles (2x1) Servicios: Luz y agua se pagan aparteCaracterísticas del inmueble: 2 dormitorios cómodos y ventilados1 baño completoSala – comedor amplio e iluminadoCocina tipo kitchenette con gas cálidaMuebles altos y bajos para almacenamientoÁrea de lavandería independienteUbicación y entorno: A pocos pasos de la Municipalidad de ComasCerca de colegios particulares y estatalesRodeado de bancos para mayor comodidadMuy próximo al Mercado Central de ComasZona altamente comercial con acceso a todo tipo de serviciosBeneficios: Primer piso de fácil accesoAmbientes ventilados y con buena iluminaciónPrecio accesible y excelente relación calidad–ubicaciónEste departamento combina comodidad, ubicación privilegiada y cercanía a todo lo que necesitas para convertirse en tu próximo hogar. T. C. 3. 70Tipo de cambio referencial, sujeto a variación diaria por fluctuación del mercado|https://www.adondevivir.com/propiedades/clasificado/alclapin-acogedor-departamento-en-primer-piso-147378772.html?n_src=Listado&n_pills=%C3%81rea+de+lavander%C3%ADa&n_pg=1&n_pos=20|2026-03-18
adondevivir|departamentos|alquiler|Lima Norte|Comas|"Manuel González Prada 1083
Comas, Lima"|S/ 950 · USD 282|950|282|||"50 m² tot.
3 dorm.
1 baño"|50|3|||Departamento ideal para personas que gustan de la tranquilidad y seguridad, te comparto este hermoso depa Piso 16Área 50 m2Balcón internoSala comedorCocina con repostería alta y bajaPunto de gas natural3 dormitoriosBañoThermaAl interior del Condominio cuenta con-Salón para reuniones-Salón para juegos educativos para niños-GimnasioUbicacion estratégica Cerca al Mall de Comas, accesible a todo destino. Pago mensualS/950MantenimientoS/120 solo vigilanciaServicios de luz, agua y gas natural es independiente2x1Requisitos: Estar óptimo en el sistema financieroSustentar sus ingresosSolo peruanosNo mascotasAgenda tu visitaR. U. C Ver datos|https://www.adondevivir.com/propiedades/clasificado/alclapin-se-alquila-departamento-en-estreno-condominios-acasia-148560537.html?n_src=Listado&n_pills=Gimnasio&n_pg=1&n_pos=21|2026-03-18
adondevivir|departamentos|alquiler|Lima Norte|Comas|"Av. Jose Santos Chocano 215, Comas 15326, Perú
Comas, Lima"|S/ 800 · USD 237|800|237|||"160 m² tot.
4 dorm.
3 baños"|160|4|3||Se alquila lindo Y amplio departamento flat en avenida frente A colegios Y posta medica. con doble frentedescripcion. se encuentra en un 2do piso. vista externaarea 160 mtsamplia sala - comedor3 habitaciones con closets, dormitorio principal con baño completo Y closetcocina semi cerrada Y con comedor de diariolavanderiacuarto de estudiono incluye servicios basicosubicacion. Avenida jose santos chocanor. U. C Ver datos|https://www.adondevivir.com/propiedades/clasificado/alclapin-se-alquila-lindo-y-amplio-departamento-flat-en-av-148508638.html?n_src=Listado&n_pills=%C3%81rea+de+lavander%C3%ADa&n_pg=1&n_pos=22|2026-03-18
adondevivir|departamentos|alquiler|Lima Norte|Comas|"Av. Micaela Bastidas &amp; Av Retablo
Comas, Lima"|S/ 800 · USD 225|800|225|||"60 m² tot.
2 dorm.
2 baños"|60|2|2||Eres pareja Joven o de familia pequeña? Buscas privacidad?, y no vivir mas con los papas? Pues tenemos la opción para uds! Con buena ubicación frente al parque, y muy cerca a Colegios, Academias, Universidades, Mall de Comas, supermercados, mercados mayorista y minoristas, boticas, hospitales, clínicas, centro comerciales, bancos, canchas sintéticas, o campos deportivos, salidas rápidas para la Av el Retablo, Av Universitaria, Av Trapiche, Av Tupac, Av Panamericana y sobretodo muy cerca a las estaciones del metropoliotano! Y mucho más! *departamento en el 4to. Piso vista interna* 2 habitaciones*2 baño completo*Sala Comedor*Lavandería*siiiii se aceptan mascotas medianas Y educadasarea: 60 m2 4to piso vista interna*Servicio independiente con contrómetroPrecio de Alquiler: 800 solescondiciones: 2 x 1R. U. C Ver datos|https://www.adondevivir.com/propiedades/clasificado/alclapin-se-alquila-minidepartamento-146921416.html?n_src=Listado&n_pills=%C3%81rea+de+lavander%C3%ADa&n_pg=1&n_pos=23|2026-03-18
adondevivir|departamentos|alquiler|Lima Norte|Comas|"Condominio Los Girasoles
El Retablo, Comas"|S/ 800|800|||95|"55 m² tot.
3 dorm.
1 baño"|55|3|||Contacto: isabel manrique - celular: *983*649*723* Si estás buscando un lugar tranquilo, muy seguro, muy cerca de las avenidas más importantes Universitaria, El retablo y Los Ángeles y de las mejores instituciones educativas de la zona, tales como la upn Y, y de colegios como Saco Oliveros Humtec, San Vicente y otros, a un paso del Mall Plaza Comas pues ya lo encontraste. Muy cerca del nuevo Mall de Comas y de Metro. Descripción: El departamento es bien iluminado, con ventilación cruzada, con una distribución muy funcional. Cuenta con una sala comedor muy iluminada, una cocina abierta, cuenta con instalación de gas Calidda, tres habitaciones, 1 baño completo. El departamento se encuentra en el piso trece, el edificio cuenta con dos ascensores y está dentro del Condominio Los Girasoles 1era etapa. El Condominio cuenta con vigilancia privada 24/7. Condiciones (solicitado por el propietario): - El departamento se mostrará previa cita. - El futuro inquilino debe contar con aceptable evaluación financiera y respaldo (no debe estar sobre endeudado). - Se solicitará que demuestre solvencia económica, el costo del alquiler no debe superar el 35% de los ingresos del inquilino (sólo con planilla o pdt) - dni (Exclusivamente) - 2 meses de garantía x 1 de adelanto. - Contrato mínimo de un año. - Sólo mascota pequeña- Se rechazarán propuestas que no se ajusten a este perfil. Cualquier duda y/o para programar una visita no dudes en llamar a tu Agente Inmobiliario de confianza.|https://www.adondevivir.com/propiedades/clasificado/alclapin-alquilo-departamento-de-3-habitaciones-en-condominio-147787713.html?n_src=Listado&n_pills=%C3%81rea+de+lavander%C3%ADa&n_pg=1&n_pos=24|2026-03-18
adondevivir|departamentos|alquiler|Lima Norte|Comas|"Condominio Torres las Praderas (Mz E)
Comas, Lima"|S/ 950 · USD 282|950|282|||"56 m² tot.
3 dorm.
1 baño"|56|3|||¡departamento funcional Y listo para mudarte en condominio las praderas! Si buscas comodidad, seguridad y un precio accesible, esta es tu oportunidad Ubicado en el 4° piso del Condominio Las Praderas, este acogedor departamento cuenta con una excelente distribución ideal para familias pequeñas o personas que buscan espacio adicional para home office. Características:? 3 habitaciones cómodas? Sala comedor con buena iluminación? Cocina amoblada lista para usar? 1 baño completo? Ambiente funcional y bien distribuido Alquiler: S/ 950 (incluye mantenimiento) Se acepta mascota pequeña Requisito simple: solo dni Condiciones accesibles: 1x1Un departamento práctico, económico y dentro de condominio, ideal para quienes buscan tranquilidad y orden. Contáctame hoy mismo para agendar tu visita. ¡Las oportunidades a este precio se alquilan rápido! R. U. C Ver datos|https://www.adondevivir.com/propiedades/clasificado/alclapin--departamento-funcional-y-listo-para-mudarte-en-149224444.html?n_src=Listado&n_pg=1&n_pos=25|2026-03-18
adondevivir|departamentos|alquiler|Lima Norte|Comas|"AV. A CON AV. Micaela Bastidas Condominio LOS Laureles Dpto 1202 Piso 12 (edificio 4) Alquiler Economico
Comas, Lima"|S/ 850|850|||100|"51 m² tot.
3 dorm.
1 baño"|51|3|||Departamento en piso 12 Ubicado en el nuevo condominio los laureles primera etapavive en este cómodo departamento de 3 dormitorios, ideal para familias que disfrutan de una vida tranquila y segura. Muy cerca a centros comerciales y avenidas principales para poder trasladarte sin problemas. Buscas privacidad y tranquilidad. Además de fácil y rápido acceso! Este departamento cuenta con acabados funcionales, pensados para proporcionar un ambiente cómodo y práctico. Características: 3 dormitorios cómodos y bien ventiladosSala comedor con amplia ventana que permite el ingreso de iluminación natural y constante ventilaciónCocina con Isla mueble Lavandería con Tendal1 Baño completo con ventilación internaav. Retablo - av universitaria (avenidas cercanas) trato 1 mes de garantia Y 1 mes de adelanto R. U. C Ver datos|https://www.adondevivir.com/propiedades/clasificado/alclapin-departamento-en-alquiler-piso-13-c.-r-los-laureles-148541492.html?n_src=Listado&n_pills=Seguridad&n_pg=1&n_pos=26|2026-03-18
adondevivir|departamentos|alquiler|Lima Norte|Comas|"los Geranios Comas
Comas, Lima"|S/ 700 · USD 260|700|260||120|"48 m² tot.
2 dorm."|48|2|||Minelly aspajo 9 5 9 8 8 4 7 3 3 Si estás buscando un lugar tranquilo, muy seguro, muy cerca de las avenidas más importantes Universitaria, El retablo y Los Ángeles y de las mejores instituciones educativas de la zona, tales como la upn Y, y de colegios como Saco Oliveros Humtec, San Vicente y otros, a un paso del Mall Plaza Comas pues ya lo encontraste. Muy cerca del nuevo Mall de Comas y de Metro. Descripción: El departamento es bien iluminado, con ventilación cruzada, con una distribución muy funcional. Cuenta con una sala comedor muy iluminada, una cocina abierta, cuenta con instalación de gas Calidda, tres habitaciones, 1 baño completo. El departamento se encuentra en el piso trece, el edificio cuenta con dos ascensores y está dentro del Condominio Los Girasoles 1era etapa. El Condominio cuenta con vigilancia privada 24/7. Condiciones (solicitado por el propietario): - El departamento se mostrará previa cita. - El futuro inquilino debe contar con aceptable evaluación financiera y respaldo (no debe estar sobre endeudado). - Se solicitará que demuestre solvencia económica, el costo del alquiler no debe superar el 35% de los ingresos del inquilino (sólo con planilla o pdt) - dni (Exclusivamente) - 2 meses de garantía x 1 de adelanto. - Contrato mínimo de un año. - no se aceptan mascotas - Se rechazarán propuestas que no se ajusten a este perfil.|https://www.adondevivir.com/propiedades/clasificado/alclapin-alquiler-departamento-49-m-sup2--en-estreno-en-el-15-147790034.html?n_src=Listado&n_pills=Ascensor&n_pg=1&n_pos=27|2026-03-18
adondevivir|departamentos|alquiler|Lima Norte|Comas|"Av. Tupac Amaru 3542
La Pascana, Comas"|S/ 1,400 · USD 415|1400|415||120|"45 m² tot.
1 baño"|45||||Contacto: ruth burga* numero: 996*222*084 id: Ver datos Oportunidad única para emprender tu negocio en Comas! Ubicado estratégicamente plena la Av. Túpac Amaru 3542, te presentamos este magnífico local en 2do piso, idóneo para que des vida a tu visión comercial. Características: - Área de Terreno: 45. 00 m2 - Área Construida: 45. 00 m2 - Funcional almacén para optimizar tu gestión de productos. - Baño: 1, facilitando la comodidad de tus clientes y empleados. - Antigüedad: 3 años, asegurando instalaciones modernas y en excelente estado. usos: - Oficinas- Consultorios- Spa- Barberia- Estetica- - Centro de terapias- Y mucho mas. cerca de: - Paradero Pascana- Tiendas- Restaurantes- Bancos- Institutos y mascondiciones: - 2 meses de Garantía- 1 mes de Adelanto- Contrato mínimo: 1 añoEste espacio no incluye estacionamientos, pero su ubicación es de fácil acceso y alta visibilidad para peatones y tráfico vehicular, ¡ideal para que tu negocio florezca! No dejes pasar esta oportunidad de hacer crecer tu marca en un punto estratégico de Comas. ¡Esperamos tu consulta para brindarte más información! Contacto: ruth burga numero: Ver datos id: Ver datos|https://www.adondevivir.com/propiedades/clasificado/alclapin-alquiler-de-local-comercial-comas-la-pascana-147406824.html?n_src=Listado&n_pg=1&n_pos=28|2026-03-18
adondevivir|departamentos|alquiler|Lima Norte|Comas|"3WFR+63H
Comas, Lima"|S/ 1,100|1100||||"67 m² tot.
3 dorm.
2 baños"|67|3|2||Departamento Flat en Comas — Cómodo y funcional. Características principales: Edificio: 3 pisos. Área construida: 67. 62 m² Habitaciones: 3. Baños: 2. Antigüedad: 10 años. Descripción: Ambientes bien distribuidos y aprovechables que ofrecen comodidad para una familia o parejas que buscan espacio práctico. Sala-comedor con buena iluminación natural, cocina funcional y dormitorios con suficiente espacio para muebles. Ubicación y ventajas: - Zona con acceso a transporte y servicios cercanos. - Ideal para quienes buscan una opción lista para habitar y fácil de mantener. ¿Quieres conocerlo? Agenda una visita y comprueba por ti mismo el potencial de este departamento.|https://www.adondevivir.com/propiedades/clasificado/alclapin-alquiler-de-departamento-en-condominio-148766398.html?n_src=Listado&n_pg=1&n_pos=29|2026-03-18
adondevivir|departamentos|alquiler|Lima Norte|Comas|"Micaela Bastidas
Comas, Lima"|S/ 1,040|1040|||125|"74 m² tot.
3 dorm.
2 baños"|74|3|2||Departamento ubicado en 6. º piso dentro del condominio Torres Vista Sol, con seguridad 24 horas. Excelente ubicación, a 5 minutos de Av. Universitaria y Trapiche, cerca a Mall Plaza Comas, Real Plaza Pro, Metro de Retablo, Unicachi, upn, Innova Schools y hospitales Sergio Bernales y Marino Molina. Distribución: - Sala-comedor. - Cocina con muebles altos y bajos. - Lavandería. - 3 dormitorios. - 2 baños. - Conexión a gas natural (cocina y terma) - Balcón. Mantenimiento: S/ 125. (Incluye agua, seguridad, ascensores y limpieza) Condiciones: - Alquiler: S/ 1, 040 (incluye mantenimiento) - Contrato notarial anual. - 1 mes de garantía + 1 mes de adelanto. Requisitos y condiciones del arrendamiento: - Solo se aceptan residentes con dni peruano vigente. - Sustento de ingresos demostrable (3 últimas boletas de pago). - Evaluación en centrales de riesgo (Infocorp) - Máximo 4 personas. - No se aceptan mascotas (sin excepción) **Las visitas se coordinan previa verificación de requisitos. **|https://www.adondevivir.com/propiedades/clasificado/alclapin-alquiler-de-departamento-en-torres-vista-sol-74-145784409.html?n_src=Listado&n_pills=%C3%81rea+de+lavander%C3%ADa&n_pg=1&n_pos=30|2026-03-18
adondevivir|departamentos|alquiler|Lima Norte|Comas|"Micaela Bastidas
Comas, Lima"|S/ 1,040|1040|||125|"74 m² tot.
3 dorm.
2 baños"|74|3|2||Departamento ubicado en 6. º piso dentro del condominio Torres Vista Sol, con seguridad 24 horas. Excelente ubicación, a 5 minutos de Av. Universitaria y Trapiche, cerca a Mall Plaza Comas, Real Plaza Pro, Metro de Retablo, Unicachi, upn, Innova Schools y hospitales Sergio Bernales y Marino Molina. Distribución: - Sala-comedor. - Cocina con muebles altos y bajos. - Lavandería. - 3 dormitorios. - 2 baños. - Conexión a gas natural (cocina y terma) - Balcón. Mantenimiento: S/ 125. (Incluye agua, seguridad, ascensores y limpieza) Condiciones: - Alquiler: S/ 1, 040 (incluye mantenimiento) - Contrato notarial anual. - 1 mes de garantía + 1 mes de adelanto. Requisitos y condiciones del arrendamiento: - Solo se aceptan residentes con dni peruano vigente. - Sustento de ingresos demostrable (3 últimas boletas de pago). - Evaluación en centrales de riesgo (Infocorp) - Máximo 4 personas. - No se aceptan mascotas (sin excepción) **Las visitas se coordinan previa verificación de requisitos. **|https://www.adondevivir.com/propiedades/clasificado/alclapin-alquiler-de-departamento-en-torres-vista-sol-74-145784409.html?n_src=Listado&n_pills=Ascensor&n_pg=2&n_pos=1|2026-03-18
adondevivir|departamentos|alquiler|Lima Norte|Comas|"Av. Tupac Amaru 3542
La Pascana, Comas"|S/ 1,400 · USD 415|1400|415||120|"45 m² tot.
1 baño"|45||||Contacto: ruth burga* numero: 996*222*084 id: Ver datos Oportunidad única para emprender tu negocio en Comas! Ubicado estratégicamente plena la Av. Túpac Amaru 3542, te presentamos este magnífico local en 2do piso, idóneo para que des vida a tu visión comercial. Características: - Área de Terreno: 45. 00 m2 - Área Construida: 45. 00 m2 - Funcional almacén para optimizar tu gestión de productos. - Baño: 1, facilitando la comodidad de tus clientes y empleados. - Antigüedad: 3 años, asegurando instalaciones modernas y en excelente estado. usos: - Oficinas- Consultorios- Spa- Barberia- Estetica- - Centro de terapias- Y mucho mas. cerca de: - Paradero Pascana- Tiendas- Restaurantes- Bancos- Institutos y mascondiciones: - 2 meses de Garantía- 1 mes de Adelanto- Contrato mínimo: 1 añoEste espacio no incluye estacionamientos, pero su ubicación es de fácil acceso y alta visibilidad para peatones y tráfico vehicular, ¡ideal para que tu negocio florezca! No dejes pasar esta oportunidad de hacer crecer tu marca en un punto estratégico de Comas. ¡Esperamos tu consulta para brindarte más información! Contacto: ruth burga numero: Ver datos id: Ver datos|https://www.adondevivir.com/propiedades/clasificado/alclapin-alquiler-de-local-comercial-comas-la-pascana-147406824.html?n_src=Listado&n_pg=2&n_pos=2|2026-03-18
adondevivir|departamentos|alquiler|Lima Norte|Comas|"Av. Metropolitana
Santa Isolina, Comas"|S/ 1,250|1250||||"100 m² tot.
3 dorm.
2 baños"|100|3|2||Buenas. Alquilo dpto de 100 mts2 en el tercer piso de una vivienda particular cerca a universidades, paradero del metropolitano, av mexico y av universitaria. Ubicada en la recién reformada av metropolitana. Cuenta con 3 habitaciones, 2 baños, salón, comedor y cocina americana. Contactar por whatsapp para coordinar una visita. Gracias!|https://www.adondevivir.com/propiedades/clasificado/alclappa-alquiler-departamento-en-comas-148633059.html?n_src=Listado&n_pills=Cerca+a+colegios&n_pg=2&n_pos=3|2026-03-18
adondevivir|departamentos|alquiler|Lima Norte|Comas|"C. Brasilia
Comas, Lima"|S/ 1,400 · USD 400|1400|400|||"98 m² tot.
2 dorm.
2 baños"|98|2|2||¡Bello y moderno departamento en alquiler en Comas – Urb. El Parral, ideal para quienes buscan confort y buena ubicación! Con un área de 98 m² y ubicado en el 2° piso, este amplio departamento ofrece espacios bien distribuidos, acabados de calidad y excelente iluminación natural. Sala-comedor amplia con pisos de porcelanato, moderna y ventilada. 2 dormitorios, el principal con baño completo incorporado. 2 baños completos con acabados elegantes. Cocina cerrada, práctica y funcional. Zona de lavandería independiente. Ubicación estratégica, con fácil acceso a Av. Túpac Amaru, Av. Universitaria, Av. México, Av. El Parral y Av. Carabayllo. Cerca de universidades (upn, ucv, utp, uch), colegios, tiendas y la estación México del Metropolitano. Condiciones: 2 meses de adelanto + 1 de garantía, contrato notarial por un año. Disfruta de un hogar moderno, luminoso y bien ubicado en una zona tranquila y con todo a tu alcance.|https://www.adondevivir.com/propiedades/clasificado/alclapin-moderno-departamento-en-alquiler-de-98-m-sup2--urb.-147825471.html?n_src=Listado&n_pills=%C3%81rea+de+lavander%C3%ADa&n_pg=2&n_pos=4|2026-03-18
adondevivir|departamentos|alquiler|Lima Norte|Comas|"3WCV+8RQ Comas
Comas, Lima"|S/ 1,100|1100|||120|"57 m² tot.
3 dorm.
2 baños"|57|3|2||Se alquila acogedor y funcional departamento ubicado en el Condominio Torres Las Praderas, en la Av. Micaela Bastidas, distrito de Comas. Excelente ubicación con fácil acceso a transporte público, comercios y servicios. Características del departamento: 3 dormitorios. Dormitorio principal con baño privado. 2 dormitorios secundarios. 1 baño completo compartido. Sala comedor amplia e iluminada. Cocina funcional. Buena ventilación e iluminación natural. Información adicional: Mantenimiento: S/ 120 (incluye consumo de agua) Cuenta con gas natural de Cálidda. Se acepta solo una mascota pequeña. Ubicado dentro de condominio seguro y familiar. Características del condominio: Seguridad y portería 24/7. Tiendas dentro del condominio (Mass, Tambo, bodegas, restaurantes) Lavandería. Entorno tranquilo y ordenado. Ubicación: Ubicado en Av. Micaela Bastidas, con fácil acceso a principales vías, transporte público y comercios. Ideal para familias que buscan vivir en un lugar seguro, cómodo y bien ubicado. Contáctanos para mayor información o agendar una visita.|https://www.adondevivir.com/propiedades/clasificado/alclapin-alquiler-de-departamento-en-condominio-torres-las-149001900.html?n_src=Listado&n_pills=%C3%81rea+de+lavander%C3%ADa&n_pg=2&n_pos=5|2026-03-18
adondevivir|departamentos|alquiler|Lima Norte|Comas|"c. brasilia
Comas, Lima"|S/ 1,200 · USD 343|1200|343|||"102 m² tot.
2 dorm.
2 baños"|102|2|2||"S/. 1, 400 | 98 m² | Piso 2. Moderno y elegante departamento con finos acabados, excelente iluminación y ventilación. Características: Sala-comedor amplia e iluminada. 2 dormitorios (principal con baño) 2 baños completos. Cocina cerrada. Zona de lavandería. Pisos de porcelanato. Condiciones: 2 meses de adelanto + 1 mes de garantía. Contrato anual notarial. Mantenimiento: S/. 0. 00. Ubicación estratégica: Cerca a Av. Túpac Amaru, Av. Universitaria, Av. El Parral y Estación México del Metropolitano. A minutos de upn, ucv, utp y uch. Visitas: Lunes a domingo, de 11 a. M. A 3 p. M. (previa coordinación 24 h antes). Alquila este encantador departamento y vive con estilo en Comas."|https://www.adondevivir.com/propiedades/clasificado/alclapin-bello-departamento-en-alquiler-urb.-el-parral-comas-147899800.html?n_src=Listado&n_pills=%C3%81rea+de+lavander%C3%ADa&n_pg=2&n_pos=6|2026-03-18
adondevivir|departamentos|alquiler|Lima Norte|Comas|"Micaela Bastidas
Comas, Lima"|S/ 1,100|1100|||130|"61 m² tot.
3 dorm.
1 baño"|61|3|||Av. Micaela Bastidas, es de la Av. Universitaria con Micaela bastidas a la izquierda como 4 cuadras. Condominio las Praderas en los edificios de Retablo. Ubicado a minutos de las avenidas principales de Comas. A 3 minutos del Mall de Comas, Av. Belaunde y Mercado Unicachi. A 4 Cdras de la Av. Universitaria. Características del departamento: - Ubicado en primer piso. - Área total: 61 m² - 3 habitaciones iluminadas. - 1 baño completo. - Sala – comedor. - Cocina con reposteros. - Lavandería y tendal interno (patio interno del dpto) áreas comunes: - Zona de parrilla. - Sala sum para reuniones. - Área de juegos infantiles. condiciones de alquiler. - Precio de alquiler: S/1, 200 incluido mantenimiento. - Condiciones: 1x1 (1 mes de garantía + 1 mes de adelanto) - Servicios: Luz: según consumo (medidor independiente) Agua: según consumo. Gas natural: según consumo. - Contrato mínimo: 1 año|https://www.adondevivir.com/propiedades/clasificado/alclapin-primer-piso-en-condominio-torres-las-praderas-mz-e-148557060.html?n_src=Listado&n_pills=Guardian%C3%ADa%2FSeguridad+privada&n_pg=2&n_pos=7|2026-03-18
adondevivir|departamentos|alquiler|Lima Norte|Comas|"asuncion 425
Comas, Lima"|S/ 1,500 · USD 428|1500|428|||"140 m² tot.
2 dorm.
2 baños"|140|2|2||"S/. 1, 500 | 146 m² | Piso 2. Amplio, moderno y luminoso departamento con finos acabados y excelente ventilación. Características: Sala-comedor amplia e iluminada. 2 dormitorios (principal con baño completo) 2 baños completos. Cocina de concepto abierto. Zona de lavandería. Pisos de porcelanato. Condiciones: 2 meses de adelanto + 1 mes de garantía. Contrato anual notarial. Mantenimiento: S/. 0. 00. Ubicación estratégica: Cerca de Av. Túpac Amaru, Av. Universitaria, Av. El Parral y Estación México del Metropolitano. A minutos de universidades upn, ucv, utp y uch. Visitas: Lunes a domingo de 11 a. M. A 3 p. M. (previa coordinación 24 h antes)."|https://www.adondevivir.com/propiedades/clasificado/alclapin-comas-departamento-en-alquiler-con-acabados-147899927.html?n_src=Listado&n_pills=%C3%81rea+de+lavander%C3%ADa&n_pg=2&n_pos=8|2026-03-18
adondevivir|departamentos|alquiler|Lima Norte|Comas|"Avenida Micaela Bastidas
Comas, Lima"|S/ 899|899|||119|"65 m² tot.
3 dorm.
2 baños"|65|3|2||*Alquiler de departamento en Comas! * 65m2, piso 12. Ubicado entre las Av. Republica de Israel y Micaela Bastidas, el condominio Torres Las Praderas. Consta de 3 dormitorios, 2 baños, sala comedor, cocina con reposteros y lavandería con terma y gas natural instalada. Mascota solo gato permitida. Cochera no disponible. Solicita vídeo al interno. *Condiciones del trato: * -S/950 (1x1) -Mantenimiento S/120 aprox. Y otros servicios por consumo propio. -Contar con ingresos sustentados con boleta o reporte tributario. -No registrar deudas vencidas al menos el titular que firma. *bel group real estate* www. brokerenlinea. com|https://www.adondevivir.com/propiedades/clasificado/alclapin-alquiler-3-dorm.-2-banos-las-praderas-comas-148825486.html?n_src=Listado&n_pills=%C3%81rea+de+lavander%C3%ADa&n_pg=2&n_pos=9|2026-03-18
adondevivir|departamentos|alquiler|Lima Norte|Comas|"AVENIDA 21, N° , FUNDO CHACRACERRO LOS PARQUES DE COMAS
Comas, Lima"|S/ 750|750|||87|"50 m² tot.
1 baño"|50||||Se alquila departamento en segundo piso con asensor, en condominio los girasoles, cerrado con vigilancia 24/7, en comas, 50M2, sala, comedor, cocina, lavandería, 03 habitaciones, M01 baño completo, con áreas comunes, vigilancia, frente A parque, cerca A universidad upn Y otras, colegios Y comercio. El mantenimiento incluye agua común, vigilancia, therma, gas calidda. Contacto yamile Ver datos|https://www.adondevivir.com/propiedades/clasificado/alclapin-alquiler-de-departamento-comas-148037844.html?n_src=Listado&n_pills=Ascensor&n_pg=2&n_pos=10|2026-03-18
adondevivir|departamentos|alquiler|Lima Norte|Comas|"Av. Vitor Andrés Belaunde, Comas 15316
Comas, Lima"|S/ 1,000 · USD 292|1000|292|||"50 m² tot.
1 baño"|50||||Contacto: francis fernandez / celular: 997*449*032ubicado en la Av. Belaunde, Condominio Los Geranios 2, distrito de comasa 5 minutos del Mallplaza de Comas, Real Plaza Pro, Club Sinchi Roca, Metropolitano Estacion Belaunde y Mercado Unicachi. Zona con acceso a minimarkets, colegios (Innova School y otros), panaderías restaurantes, bodegas, y transporte público. Cerca de Universidades: San Martín, upn y Univ. Científica del Sur²departamento de estreno* área Departamento: 50 m2* piso 12 con 2 ascensores y escaleras amplias. * Vista exterior mayor privacidad. - sala comedor amplia. - cocina con cocina empotrada con gas natural, lavadero, doble encimera de granito, reposteros altos y bajos. - 3 dormitorios con ventanas y bonita iluminación natural- 1 baño completo- area de lavanderia, terma a gas natural, Lavadero, mueble organizador, ventana y espacio para tendal. - Intercomunicador con portero automático. - mantenimiento incluido agua: S/120 soles aproximado- gas natural con conexión a Terma y cocina, Pago según consumo. - luz independiente, Pago según consumo. areas comunes: Minihuerto, Estacionamiento de bicicletas, Videovigilancia y seguridad 24/7. precio: S/ 1, 000 soles (1 mes de adelanto y 2 de garantía) contacto: francis fernandezcelular: 997*449*032|https://www.adondevivir.com/propiedades/clasificado/alclapin-alquiler-de-departamento-en-comas-de-estreno-en-149244754.html?n_src=Listado&n_pills=Ascensor&n_pg=2&n_pos=11|2026-03-18
adondevivir|departamentos|alquiler|Lima Norte|Comas|"Jiron Los Geranios 2
Comas, Lima"|S/ 999|999|||150|"60 m² tot.
3 dorm.
1 baño"|60|3|||*Alquiler de departamento en Comas! * 60m2, octavo piso, de estreno. Ubicado en condominio los Geranios 02, cruce entre las avenidas Belaunde con República de Israel. Consta de 3 dormitorios, 1 baño, sala comedor, cocina abierta con gas natural instalada y zona de lavandería. Reposteros A tratar. Mascota solo gato permitido. Cochera no disponible. Solicita vídeo al interno. *Condiciones del trato: * -S/1, 000 (1x1) a tratar. -Mantenimiento S/150 aprox y otros servicios por consumo. -Contar con ingresos sustentados con boleta o reporte tributario. -No registrar deudas vencidas al menos el titular que firma. *bel group real estate* www. brokerenlinea. com|https://www.adondevivir.com/propiedades/clasificado/alclapin-alquiler-3-dorm.-1-bano-condominio-geranios-149269322.html?n_src=Listado&n_pills=%C3%81rea+de+lavander%C3%ADa&n_pg=2&n_pos=12|2026-03-18
adondevivir|departamentos|alquiler|Lima Norte|Independencia|"Jirón las Peras 364
Independencia, Lima"|"S/ 1,000
9%"|1000||9%|300|"120 m² tot.
2 dorm.
1 baño"|120|2|||Ubicación: Altura de la estación del metropolitano Naranjal, y a solo una cuadra de la Panamericana Norte, con acceso rápido a principales avenidas como Av. Alisos, Av. Tupac Amaru y Panamericana Norte, a 10 minutos del mega plaza, metro, plaza vea, Características Generales. Área Total: 120. 00m² Área Construcción: 120. 00m² Piso: 4. Sala comedor e ingreso independiente. Cocina privada con gas cálida. N° Habitaciones: 2 (Ambas habitaciones con espacio para cama King). N° Baños: 1 Baño con ducha. Lavandería. Tendal en azotea. Extras: -Servicios de agua, luz, gas cálida y limpieza S/. 300. -1 de garantía y 1 de adelanto. -No mascotas. ️Agenda tu visita ¡ahora!|https://www.adondevivir.com/propiedades/clasificado/alclapin-alquilo-depa-de-120-m-sup2--estacion-naranjal-los-149076872.html?n_src=Listado&n_pills=%C3%81rea+de+lavander%C3%ADa&n_pg=1&n_pos=1|2026-03-18
adondevivir|departamentos|alquiler|Lima Norte|Independencia|"Av. Industrial 3458
Independencia, Lima"|S/ 1,400|1400||||"65 m² tot.
3 dorm.
2 baños"|65|3|2||"? Se alquila departamento de estreno – 65 m² al costado de megaplaza A pocos pasos de la panamericana Y la estacion del metropotitanoel condominio cuenta con arias comunes como son sala de reuniones. Aria para mascotas, sala para niños.? Piso 23| Vista privilegiada departamento con balcón? 3 Habitaciones? 2 Baños? Cocina funcional? Sala amplia? Comedor? Balcón ideal para relajarte? Ubicación privilegiada – Independencia? Al costado de usil, Norber Wiener? Frente al C. C. Megaplaza y cerca Plaza Norte? A pasos de la estación del Metropolitano? Fácil acceso a avenidas principales? Ideal para vivir cómodo, seguro y con todo cerca.? Contáctame para más información y agendar visitaR. U. C Ver datos"|https://www.adondevivir.com/propiedades/clasificado/alclapin-alquiler-de-departamento-en-independencia-149267249.html?n_src=Listado&n_pills=Ascensor&n_pg=1&n_pos=2|2026-03-18
adondevivir|departamentos|alquiler|Lima Norte|Independencia|"Av. Gerardo Unger
Independencia, Lima"|"S/ 1,600
15%"|1600||15%|145|"74 m² tot.
3 dorm.
2 baños"|74|3|2||Moderno departamento de estreno en alquiler, ubicado en plena Av. Túpac Amaru, en el distrito de Independencia, con excelente conectividad y acceso inmediato a transporte público, comercios y servicios. Área: 74 m² Piso: 19. Vista: Exterior. Distribución: Sala – comedor con salida a balcón. Cocina funcional. 3 dormitorios. Dormitorio principal con baño incorporado. 2 baños completos. Características del edificio: Recepción y vigilancia 24/7. Parque interno dentro del condominio. Mantenimiento aproximado: S/ 145 (incluye agua) Áreas comunes: Gimnasio. Coworking. Salón de Usos Múltiples (sum) Lounge. Bar. Terrazas. 8 zonas de parrilla. Salas de juegos. Ubicación estratégica: En plena Av. Túpac Amaru. A pasos de las estaciones Izaguirre y Pacífico del Metropolitano. Cerca de MegaPlaza y Plaza Norte. Ideal para familias que buscan un departamento moderno, bien ubicado y con áreas comunes completas.|https://www.adondevivir.com/propiedades/clasificado/alclapin-departamento-de-estreno-con-balcon-y-vista-exterior-149125565.html?n_src=Listado&n_pills=Gimnasio&n_pg=1&n_pos=3|2026-03-18
adondevivir|departamentos|alquiler|Lima Norte|Independencia|"Jiron sinchi
Independencia, Lima"|S/ 850|850||||"33 m² tot.
1 dorm.
1 baño"|33|1|||Se alquila mini departamento ubicado en el distrito de Independencia, dentro de una zona urbana con fácil acceso a transporte público, comercios y servicios esenciales. Características del inmueble: Área total y techada: 33 m² Ubicado en el segundo piso. Vista a la calle. Antigüedad: 10 años. Ventana con cortina. Se acepta mascota pequeña. Distribución: Sala comedor. Cocina tipo kitchenette con reposteros altos y bajos. Espacio para lavadora. Un dormitorio (sin clóset) Un baño completo. Tendedero en la azotea. Seguridad: Edificio con cámaras de vigilancia. Condiciones económicas: Precio de alquiler: S/ 850 mensuales. El precio incluye los servicios de agua y luz. Condición de contrato: 1 mes de garantía y 1 mes de adelanto. Ubicación y entorno: A 10 minutos de la Av. Túpac Amaru. A 2 minutos de la Av. Coricancha. Cerca al Instituto Peruano del Deporte. Próximo al Centro de Salud Tahuantinsuyo Alto. Cercano al Mercado Central de Payet, tiendas, comercios y restaurantes. Parques y canchas deportivas en los alrededores. Acceso a transporte público (alimentadores, microbuses, combis y colectivos) Información adicional: Visitas con 24 horas de anticipación, previa coordinación con los propietarios. Contáctame para más información y agenda tu visita.|https://www.adondevivir.com/propiedades/clasificado/alclapin-alquiler-de-mini-departamento-en-independencia-buena-148634560.html?n_src=Listado&n_pg=1&n_pos=4|2026-03-18
adondevivir|departamentos|alquiler|Lima Norte|Independencia|"Jirón Sinchi
Independencia, Lima"|S/ 850|850||||"33 m² tot.
1 dorm.
1 baño"|33|1|||Se alquila mini departamento ubicado en el distrito de Independencia, en una zona urbana con fácil acceso a transporte público, comercios y servicios esenciales. Características del inmueble: Área total y techada: 33 m² Ubicado en el segundo piso. Vista a la calle. Antigüedad: 10 años. Ventana con cortina. Se acepta mascota pequeña. Distribución: Sala comedor. Cocina tipo kitchenette con reposteros altos y bajos. Espacio para lavadora. Un dormitorio (sin clóset) Un baño completo. Tendedero en la azotea. Seguridad: Edificio con cámaras de vigilancia. Condiciones económicas: Precio de alquiler: S/ 850 mensuales. El precio incluye los servicios de agua y luz. Condición de contrato: 1 mes de garantía y 1 mes de adelanto. Ubicación y entorno: A 10 minutos de la Av. Túpac Amaru. A 2 minutos de la Av. Coricancha. Cerca al Instituto Peruano del Deporte. Próximo al Centro de Salud Tahuantinsuyo Alto. Cercano al Mercado Central de Payet, tiendas, comercios y restaurantes. Parques y canchas deportivas en los alrededores. Acceso a transporte público (alimentadores, microbuses, combis y colectivos) Información adicional: Visitas con 24 horas de anticipación, previa coordinación con los propietarios. Contáctame para más información y agenda tu visita.|https://www.adondevivir.com/propiedades/clasificado/alclapin-alquiler-de-mini-departamento-en-independencia-buena-148635166.html?n_src=Listado&n_pg=1&n_pos=5|2026-03-18
adondevivir|departamentos|alquiler|Lima Norte|Independencia|"Jirón Sinchi 298
Independencia, Lima"|S/ 1,400|1400||||"110 m² tot.
2 dorm.
2 baños"|110|2|2||Se alquila espacioso departamento ubicado en Calle Sinchi 298, en el distrito de Independencia, en una zona urbana con fácil acceso a principales avenidas y transporte público. Área total: 110 m² Piso: 2° piso. Ascensor: No. Antigüedad: 15 años. Vista: Interna. Distribución: Sala comedor amplia. Cocina con reposteros altos y bajos. 2 dormitorios (uno sin clóset) 1 ambiente adicional que puede funcionar como dormitorio o escritorio. 2 baños completos. Área de lavandería con espacio para lavadora. Tendedero en la azotea. El edificio cuenta con cámaras de vigilancia. Ubicación: A 10 minutos de la Av. Túpac Amaru. A 2 minutos de la Av. Coricancha. Cerca al Instituto Peruano del Deporte. Cerca al Centro de Salud Tahuantinsuyo Alto. Próximo al Mercado Central de Payet, tiendas, restaurantes y comercios. Parques y canchas deportivas cercanas. Transporte público hacia distintos puntos de Lima (alimentadores, microbuses, combis y colectivos) Condiciones: Alquiler: S/ 1, 400 mensuales. Incluye servicios de agua y luz. Modalidad: 1 mes de garantía y 1 mes de adelanto (1x1) Visitas con 24 horas de anticipación, previa coordinación. Contáctanos para más información y agenda tu visita.|https://www.adondevivir.com/propiedades/clasificado/alclapin-amplio-departamento-en-alquiler-110-m-sup2--148938848.html?n_src=Listado&n_pills=%C3%81rea+de+lavander%C3%ADa&n_pg=1&n_pos=6|2026-03-18
adondevivir|departamentos|alquiler|Lima Norte|Independencia|"Calle 4 Mz 177 Lote 3 AH Los Olivos al 100
Huandoy, Los Olivos"|S/ 1,200|1200||||"60 m² tot.
3 dorm.
1 baño"|60|3|||Departamento en Alquiler, excelente ubicación en Los Olivos, departamento cómodo a pocos minutos de las avenidas Huandoy, Marañón y Universitaria, en una zona tranquila y de fácil acceso a transporte público, comercios, mercados, colegios y universidades. El departamento cuenta con ambientes bien iluminados y ventilados, ideal para familia, pareja ó personas que buscan vivir en una zona céntrica del distrito. Características: Sala/ComedorCocina completa con reposteros altos y bajosBaño completo3 dormitorios cómodos con closetLavandería con tendalBuena iluminación naturalUbicación estratégica cerca a paraderos, supermercados, mercados, centros de estudio, etc. Cuenta con vista externa y se encuentra en un segundo piso1X1121% comprometidos en brindarte un servicio de excelencia.|https://www.adondevivir.com/propiedades/clasificado/alclapin-alquiler-de-departamento-en-los-olivos-149174629.html?n_src=Listado&n_pills=%C3%81rea+de+lavander%C3%ADa&n_pg=1&n_pos=1|2026-03-18
adondevivir|departamentos|alquiler|Lima Norte|Independencia|"Jr. República de Panamá
San Martín de Porres, Lima"|S/ 3,500|3500|||350|"100 m² tot.
2 dorm.
3 baños
1 estac."|100|2|3|1|Hermoso y moderno departamento con las mejores areas sociales, piscina, gimnasio, sala de coworking, coffe room, pet spa, patio con juego para niños, lounge bar, estacionamiento de bicicletas, totalmente amoblado y equipado, inmejorable ubicacion dos dormitorios, tres baños, sala comedor, cocina, lavanderia, estacionamiento. Alquiler mensual S/3, 500 Cinthya Gil. 9. 5. 5. 5. 4. 3. 7. 4. 3. -. 9. 2. 5. 8. 0. 3. 3. 2. 6. Tenemos este y mas departamentos en alquiler amoblados sin amoblar con linea blanca. Comunicate con nosotros y encuentra el departamento ideal para ti! Hermoso y moderno departamento con las mejores areas sociales, piscina, gimnasio, sala de coworking, coffe room, pet spa, patio con juego para niños, lounge bar, estacionamiento de bicicletas, totalmente amoblado y equipado, inmejorable ubicacion dos dormitorios, tres baños, sala comedor, cocina, lavanderia, estacionamiento. Alquiler mensual S/3, 500 Cinthya Gil. 9. 5. 5. 5. 4. 3. 7. 4. 3. -. 9. 2. 5. 8. 0. 3. 3. 2. 6. Tenemos este y mas departamentos en alquiler amoblados sin amoblar con linea blanca. Comunicate con nosotros y encuentra el departamento ideal para ti! Hermoso y moderno departamento con las mejores areas sociales, piscina, gimnasio, sala de coworking, coffe room, pet spa, patio con juego para niños, lounge bar, estacionamiento de bicicletas, totalmente amoblado y equipado, inmejorable ubicacion dos dormitorios, tres baños, sala comedor, cocina, lavanderia, estacionamiento. Alquiler mensual S/3, 500 Cinthya Gil. 9. 5. 5. 5. 4. 3. 7. 4. 3. -. 9. 2. 5. 8. 0. 3. 3. 2. 6. Tenemos este y mas departamentos en alquiler amoblados sin amoblar con linea blanca. Comunicate con nosotros y encuentra el departamento ideal para ti!|https://www.adondevivir.com/propiedades/clasificado/alclapin-areas-sociales-piscina-gimnasio-zona-de-parrillas-147778523.html?n_src=Listado&n_pills=Seguridad&n_pg=1&n_pos=2|2026-03-18
adondevivir|departamentos|alquiler|Lima Norte|Independencia|"JR. LOS Helenios 3843
Los Olivos, Lima"|S/ 1,500 · USD 448|1500|448|||"58 m² tot.
2 dorm.
1 baño"|58|2|||Alquiler de hermoso departamento frente de la municipaliad de los olivosubicado en Urb. Las palmeras, A cuadras de Mega Plaza, frente de la Municipalidad de Los Olivos Y A 5 minutos de plaza nortedescripción: -ac: 58 m2-Zonificación: rdmdistribución-Sala amplia, comedor2 dormitorios. - Cocina, amplia-1 baños, área de lavanderíaCaracterísticas generales- Colegios cercanos- Universidades- Centros comerciales como Mega Plaza y Plaza Norte. - Supermercados Metro, Plaza vea. - Centros de estudio, notaria, bancos, clínicas, restaurantes. - Documentos en regla. no esperes mas agenda una visita. R. U. C Ver datos|https://www.adondevivir.com/propiedades/clasificado/alclapin-alquiler-de-departamento-en-los-olivos-frente-la-149119367.html?n_src=Listado&n_pills=Guardian%C3%ADa%2FSeguridad+privada&n_pg=1&n_pos=3|2026-03-18
adondevivir|departamentos|alquiler|Lima Norte|Independencia|"Jiron Los Robles
San Martín de Porres, Lima"|S/ 1,400 · USD 400|1400|400|||"112 m² tot.
3 dorm.
1 baño"|112|3|||Este hermoso y amplio Departamento se encuentra ubicado en un 2ndo. Piso dentro de un Edificio de solo 3 pisos. Sin ascensor pero con una escalera descansada. El Departamento consta de: Sala Comedor amplia, luminosa y ventilada. 1 Baño para visitas. Cocina con área para la Lavandería. 3 Dormitorios amplios y 2 de ellos con clóset abierto. 1 Baño completo con ducha y Therma eléctrica. Cuarto de estudio con vista a la calle, con mueble tipo biblioteca y con escritorio plegable, ideal para profesionales Tiene su propio medidor individual de Luz. El Departamento se encuentra a la espalda de la Av. Pacasmayo y cerca de la Av. Canta Callao que cruza con Av. Faucett. Y de la Av. Los Dominicos y Av. Tomas Valle altura del Hospital Negreiros.|https://www.adondevivir.com/propiedades/clasificado/alclapin-alquiler-de-hermoso-departamento-en-san-martin-de-149076383.html?n_src=Listado&n_pills=Cerca+a+colegios&n_pg=1&n_pos=4|2026-03-18
adondevivir|departamentos|alquiler|Lima Norte|Independencia|"Calle Agatas al 1400
Los Olivos, Los Olivos"|S/ 1,300|1300|||65|"75 m² tot.
2 dorm.
1 baño"|75|2|||Area: 75M25to piso**descripcion**sala comedor´cocina abiertaarea de lavanderia2 habitaciones grandes, ventiladas E iluminadas1 baño completo**area comun**area de tendal en el 5to pisoa 2 cdras. De av universitariaa 3 cdras del paradero del alimentador del metropolitanoa 2 cdra de av izaguirrerodeada de parquespago de alquiler mensual: S/ 1250 solescondicion: 2X1contometro para consumo de aguacaja propia de luzarbitrios municipales: S/ 150 anualmantenimiento: S/ 65 soles mensuales**no se aceptan mascotas**cochera opcional: S/300 soles mensuales**requisitos**presentar sustento de ingresosno estar resportado en infocorp|https://www.adondevivir.com/propiedades/clasificado/alclapin-se-alquila-departamento-de-estreno-los-olivos-149005305.html?n_src=Listado&n_pills=%C3%81rea+de+lavander%C3%ADa&n_pg=1&n_pos=5|2026-03-18
adondevivir|departamentos|alquiler|Lima Norte|Independencia|"Av. A 230 En Los Altos del Rímac
Rímac, Lima"|S/ 1,000|1000|||140|"59 m² tot.
2 dorm.
1 baño"|59|2|||Ubicado en zona céntrica de fácil acceso pasando cuartel Fuerte Hoyos zona moderna y segura. ** ubicación: Av. A 230 En Los Altos del Rímac. ** precio de alquiler: S/1, 000. 00 soles. -Edificio de 18 pisos, con 08 departamentos por piso. -Departamento disponible en piso 18. - 2 ascensores. distribución: -Área: 59m2. -Piso 18 vista exterior. -Sala comedor con buena iluminación. ️-Espacio para un área de estudio o sala de estar. -Un Baño completo. -2 Habitaciones sin closet. -Cocina abierta con barra de granito integrada a la sala. -Lavandería ventilada. **Áreas comunes: cancha deportiva, zona de parrillas, juegos para niños, salón de eventos, entre otras. Servicios: -Luz independiente. -Gas natural independiente. -Mantenimiento S/140. 00 aprox. De acuerdo al consumo de agua. -Se permite una sola mascota pequeña. -1 mes de garantía y 1 mes de adelantado. requisitos: - Sustentar ingresos con boletas de pago, recibos por honorarios o pdt. - No estar mal reportado en Infocorp. - Contrato mínimo de 1 año. ** soliicta mayor informacion al –|https://www.adondevivir.com/propiedades/clasificado/alclapin-se-alquila-lindo-dpto-en-los-altos-del-rimac-149240886.html?n_src=Listado&n_pills=%C3%81rea+de+lavander%C3%ADa&n_pg=1&n_pos=6|2026-03-18
adondevivir|departamentos|alquiler|Lima Norte|Independencia|"Condominio LA Rivera DE SAN Diego
San Martín de Porres, Lima"|S/ 950|950||||"69 m² tot.
3 dorm.
2 baños"|69|3|2||Alquilo lindo departamento en el Condominio La Rivera de San Diego - smp Cerca de la av. Canta Callao, Tottus, Av. 2 de octubre, 15 minutos de Real Plaza Pro y Panamericana Norte.. 3 amplios Dormitorios. 2 baños completos. Hermosa cocina amoblada. Lavandería y terma Solé incorporada. Sala y comedor con balcón. Ambiente para estudio? Áreas comunes: Sala de reuniones, juegos para niños, losa deportiva y Áreas verdes.? Seguridad 24 horas? Intercomunicador? Mantenimiento 120 soles (incluye agua) *Precio del alquiler: s/ 950 soles1x1 ( 1 mes de adelanto + 1 mes de garantía) Servicios aparte Presentar dni peruano Y sustento de ingresos. No mascotas. Visitas: Ver datos|https://www.adondevivir.com/propiedades/clasificado/alclapin-departamento-en-san-martin-de-porres-149178921.html?n_src=Listado&n_pills=Guardian%C3%ADa%2FSeguridad+privada&n_pg=1&n_pos=7|2026-03-18
adondevivir|departamentos|alquiler|Lima Norte|Independencia|"Avenida A 220
Rímac, Lima"|S/ 1,400 · USD 417|1400|417||120|"51 m² tot.
2 dorm.
1 baño
1 estac."|51|2||1|"Alquiler de departamento con estacionamiento en rimac altos 220. contacto: cristhian roncal. *981*293*854* ubicación. Condominio Altos del Rímac 220. Prolongación de la Av. Alcázar (Ex-Polígono de Tiro) Fácil y rápido acceso a las Avenidas: Alcázar, Morro de Arica y Túpac Amaru. A 2 min de Supermercados, Bancos, Clínicas, restaurantes, bodegas, minimarkets, panaderías y otros. La ruta 305 del corredor azul (Lomas del Rímac a Miraflores) ya está circulando en los condominios y cuenta con su propio paradero. Actualmente se esta construyendo en primer Strip Center del Rímac ""Lomas Plaza"", que contara con 2 tiendas anclas confirmadas (Supermercados Metro y Smart Fit, entre otras) a inicios de Enero de 2026. La urbanización cuenta con Ciclovías. Descripcion. - Área 51 m2, bonito Departamento de estreno, con excelente iluminación natural en todos los ambientes. - Piso 6. - Acceso con 2 ascensores modernos y escalera de emergencia. - Amplia Sala – Comedor. - Amplia Cocina equipada con cocina, campana y con muebles altos y bajos con lavaplatos de acero inoxidable. 2 dormitorios Y 1 baño. - 1 Dormitorio principal con Closet. - 1 Dormitorio secundario. - 1 baño completo de uso amoblado. - La lavandería cuenta con lavadero de fibra de vidrio y conexión para lavadora, puede adaptarse. - Intercomunicador. - El departamento cuenta con un sistema de ventanas de protección acústica, optimo aislamiento térmico y excelente protección de la humedad, frío y polvo, y se entrega con luminarias y terma. - 1 cochera. seguridad. El Condominio cuenta con una excelente seguridad privada 24x7. Además de zona de parrillas, local para reuniones, parqueaderos de bicicletas, ciclovía dentro del condominio. Servicios: - Luz, y gas natural según consumo. - Mantenimiento S/. 110 soles aprox. - Arbitrios. precio alquiler incluye cochera: S/ 1, 400 soles. (1 mes de adelanto y 1 de garantía). Contrato mínimo de 1 año. Requisitos: - sustento de ingresos demostrables. - no estar mal reportado en las centrales de riesgo. - no contar con antecedentes. restricciones: no mascotas. no mascotas. no mascotas. contacto: cristhian roncal. *981*293*854*"|https://www.adondevivir.com/propiedades/clasificado/alclapin-alquiler-de-departamento-con-estacionamiento-en-rimac-148942010.html?n_src=Listado&n_pills=%C3%81rea+de+lavander%C3%ADa&n_pg=1&n_pos=8|2026-03-18
adondevivir|departamentos|alquiler|Lima Norte|Independencia|"mayolo 1406 los olivos
Los Olivos, Lima"|S/ 1,100|1100||||"56 m² tot.
3 dorm.
1 baño"|56|3|||9️⃣8️⃣5️⃣9️⃣8️⃣5️⃣2️⃣0️⃣6️⃣ Ubicación: Av. Antúnez de Mayolo N°1406, Los Olivos. Se encuentra en un 3er. Piso, ubicado al lado del bbva, Mercado Covida, Multilab, Plaza Vea, con rápido y fácil acceso al principales avenidas, Av. Panamericana Norte, Av. Atunez de Mayolo y Av. C. Izaguirre, cerca de colegios públicos, privados y universidades (Universidad Católica Sede Sapiens, senati, usil), Municipalidad Los Olivos, a pocos minutos del centro comercial Mega Plaza y Plaza Norte. Características Generales. Área Total: 56. 00m² Área Construcción: 56. 00m² Piso: 3. - Sala comedor amplia con ventilación natural y vista interna. - Cocina kitchenette con reposteros altos y bajos y campana. - 2 Habitaciones amplias con espacio para camas King y Queen. - Baño completo con ducha (terma eléctrica incluida). - Estudio/almacén. - Tendal y lavandería en azotea. Condiciones: - 1 de garantía 1 de adelanto. - No mascotas. ️️Agenda tu visita ¡ahora!|https://www.adondevivir.com/propiedades/clasificado/alclapin-alquilo-mini-departamento-av.-antunez-de-mayolo-los-147595521.html?n_src=Listado&n_pills=%C3%81rea+de+lavander%C3%ADa&n_pg=1&n_pos=9|2026-03-18
adondevivir|departamentos|alquiler|Lima Norte|Independencia|"Avenida A 220
Rímac, Lima"|S/ 1,200 · USD 358|1200|358||110|"51 m² tot.
2 dorm.
1 baño"|51|2|||"Alquiler de departamento en el rimac. Contacto: cristhian roncal. *981*293*854* ubicación. Nuevo Condominio Altos del Rímac. Prolongación de la Av. Alcázar (Ex-Polígono de Tiro) Fácil y rápido acceso a las Avenidas: Alcázar, Morro de Arica y Túpac Amaru. A 2 min de Supermercados, Bancos, Clínicas, restaurantes, bodegas, minimarkets, panaderías y otros. La ruta 305 del corredor azul (Lomas del Rímac a Miraflores) ya está circulando en los condominios y cuenta con su propio paradero. Actualmente se esta construyendo en primer Strip Center del Rímac ""Lomas Plaza"", que contara con 2 tiendas anclas confirmadas (Supermercados Metro y Smart Fit, entre otras) a inicios de Enero de 2026. La urbanización cuenta con Ciclovías. Descripcion. - Área 51 m2, bonito Departamento de estreno, con excelente iluminación natural en todos los ambientes. - Piso 14. - Acceso con 2 ascensores modernos y escalera de emergencia. - Amplia Sala – Comedor. - Amplia Cocina con muebles altos y bajos con lavaplatos de acero inoxidable. 2 dormitorios Y 1 baño. - 1 Dormitorio principal. - 1 Dormitorio secundario. - 1 baño completo de uso amoblado. - La lavandería cuenta con lavadero de fibra de vidrio y conexión para lavadora, puede adaptarse. - Intercomunicador. - El departamento cuenta con un sistema de ventanas de protección acústica, optimo aislamiento térmico y excelente protección de la humedad, frío y polvo, y se entrega con luminarias y terma. Seguridad. El Condominio cuenta con una excelente seguridad privada 24x7. Además de zona de parrillas, local para reuniones, parqueaderos de bicicletas, ciclovía dentro del condominio. Servicios: - Luz, y gas natural según consumo. - Mantenimiento S/. 110 soles aprox. - Arbitrios. precio alquiler: S/ 1, 200 soles. (1 mes de adelanto y 1 de garantía). Contrato mínimo de 1 año. Requisitos: - sustento de ingresos. - no estar mal reportado en las centrales de riesgo. - no contar con antecedentes. restricciones: no mascotas. no mascotas. contacto: cristhian roncal. *981*293*854*"|https://www.adondevivir.com/propiedades/clasificado/alclapin-alquiler-de-departamento-en-el-rimac-148882407.html?n_src=Listado&n_pills=Guardian%C3%ADa%2FSeguridad+privada&n_pg=1&n_pos=10|2026-03-18
adondevivir|departamentos|alquiler|Lima Norte|Independencia|"Calle 6 de Enero
Los Olivos, Lima"|S/ 1,100|1100||||"80 m² tot.
2 dorm.
1 baño"|80|2|||Departamento en alquiler en un 1er piso. Ubicado En La Calle 06 de Enero, Altura de la Av. Angélica Gamarra y. la Av. Universitaria En Los Olivos, Cerca del Palacio de la Juventud, Parques, Colegios., comercios y transporte público. Características: - Área: 80 M2. - Sala-Comedor. - Cocina Cerrada. - 2 Dormitorios Amplios. - 1 Baño Completo. - 1 Patio Con Lavandería. - Piso: 1. - Precio De Alquiler: S. / 1, 100. - Servicio de Luz y Agua independiente y próximo a tener gas natural. - No mascotas. condiciones: - 1 Mes De Adelanto + 2 Meses De Garantía. - Contrato Mínimo 1 Año. - Mostrar Boletas De Ingreso. - Estar Bien En Infocorp. *Si Deseas Mayor Información Y Reservar Una Visita Contáctanos*|https://www.adondevivir.com/propiedades/clasificado/alclapin-se-alquila-departamento-en-1er-piso-en-los-olivos-148593629.html?n_src=Listado&n_pills=%C3%81rea+de+lavander%C3%ADa&n_pg=1&n_pos=11|2026-03-18
adondevivir|departamentos|alquiler|Lima Norte|Independencia|"Jirón Bello Horizonte 1777
Av.peru, San Martín de Porres"|S/ 1,400|1400||||"65 m² tot.
4 dorm.
2 baños"|65|4|2||Alquilo minidepartamento en piso 2 de 55 M2 por piso. tipo duplex en casa multifamiliar con su respectiva azotea para tendal, referencia altura cudra 17 av peru (ref, puente dueñas), cerca A la linea amarilla, av argentina Y colonia, cuenta con: cuatros dormitorio. dos baños completos Y respectiva ducha. una cocina abierta cuenta con gas natural. un sala comedor. contar con sustento de ingreso. condiciones: un(01) mes garantia Y un (01) adelanto)|https://www.adondevivir.com/propiedades/clasificado/alclappa-alquilo-minidepartamento-en-casa-multifamiliar-149189041.html?n_src=Listado&n_pills=Cerca+a+colegios&n_pg=1&n_pos=12|2026-03-18
adondevivir|departamentos|alquiler|Lima Norte|Independencia|"covite san martin de porres
Coviti, San Martín de Porres"|S/ 1,500 · USD 416|1500|416|||"140 m² tot.
3 dorm.
3 baños"|140|3|3||Área: 140m. Dormitorios: 3. Baños: 3. Cocina: 1 cerrada. Patio: 1. Lavandería: 1. Alquiler: S/. 1500 soles. Garantía: 2x1. Departamento en 1 piso con excelente estado con buena luz natural el piso todo enchapado en mayólica; sala comedor amplia; cocina toda enchapada en mayólica ; dormitorios 3 amplios (principal con baño incorporado) ; los baños todos enchapados en mayólica; lavandería y patio todo enchapado en mayólica. Departamento rodeado de centros de comercio y avenidas importantes. No se aceptan mascotas. Departamento muy aparente familia pequeña o adulto mayor. También se puede usar como oficina a puerta cerrada.|https://www.adondevivir.com/propiedades/clasificado/alclapin-gran-oportunidad-departamento-en-1-piso-en-san-martin-147806136.html?n_src=Listado&n_pills=%C3%81rea+de+lavander%C3%ADa&n_pg=1&n_pos=13|2026-03-18
adondevivir|departamentos|alquiler|Lima Norte|Independencia|"Av. Francisco Bolognesi 195
Comas, Lima"|S/ 1,100|1100||||"60 m² tot.
2 dorm.
1 baño"|60|2|||Departamento en 1er piso – 60 m² Ubicado en Av. Gerardo Unger, a solo 1 minuto del mercado Unicachi. Este acogedor departamento es ideal para pareja o familia pequeña que busque comodidad y buena ubicación. Características del departamento (Primer Piso): * Ubicado en Av. Francisco Bolognesi 195. - Área: 60 m2. - Primer piso. - 2 habitaciones. - Sala amplia. - Comedor amplio. - Cocina con muebles altos y bajos. - Lavandería independiente. - Patio interno de aprox. 2 x 3 m (en una habitación, ideal como zona de juegos) - Servicios independizados (agua y luz) - No cuenta con gas cálida (proximamente) Ubicación: - A 1 minuto del mercado Unicachi. - A 5 minutos de la Comisaría de Santa Luzmila. - A 2 minutos del Mallplaza Comas. Precio: - Alquiler mensual: S/ 1, 100. Requisitos: - No extranjeros. - Sin moras en Infocorp. - Sustento de ingresos (planilla o pdt si es independiente) - Firma de contrato. - Se permite 1 mascota pequeña (menor a la altura de la rodilla) contacto: Para más información o agendar una visita: Christopher Núñez – Asesor Inmobiliario. 927*133*062|https://www.adondevivir.com/propiedades/clasificado/alclapin-departamento-en-alquiler-1er-piso-en-comas-estreno-149050460.html?n_src=Listado&n_pills=Cerca+a+colegios&n_pg=1&n_pos=14|2026-03-18
adondevivir|departamentos|alquiler|Lima Norte|Independencia|"AVENIDA A 240
Rímac, Lima"|S/ 1,100 · USD 314|1100|314||110|"51 m² tot.
2 dorm.
1 baño
1 estac."|51|2||1|"Alquiler de departamento con cochera en el rimac. contacto: cristhian roncal. *981*293*854* ubicación. Nuevo Condominio Altos del Rímac. Prolongación de la Av. Alcázar (Ex-Polígono de Tiro) Fácil y rápido acceso a las Avenidas: Alcázar, Morro de Arica y Túpac Amaru. A 2 min de Supermercados, Bancos, Clínicas, restaurantes, bodegas, minimarkets, panaderías y otros. La ruta 305 del corredor azul (Lomas del Rímac a Miraflores) ya está circulando en los condominios y cuenta con su propio paradero. Actualmente se esta construyendo en primer Strip Center del Rímac ""Lomas Plaza"", que contara con 2 tiendas anclas confirmadas (Supermercados Metro y Smart Fit, entre otras) a inicios de Enero de 2026. La urbanización cuenta con Ciclovías. Descripcion. - Área 51 m2, bonito Departamento de estreno, con excelente iluminación natural en todos los ambientes. - Piso 12. - Acceso con 2 ascensores modernos y escalera de emergencia. - Amplia Sala – Comedor. - Amplia Cocina con muebles altos y bajos con lavaplatos de acero inoxidable. 2 dormitorios Y 1 baño. - 1 Dormitorio principal. - 1 Dormitorio secundario. - 1 baño completo de uso amoblado. - La lavandería cuenta con lavadero de fibra de vidrio y conexión para lavadora, puede adaptarse. - Intercomunicador. - El departamento cuenta con un sistema de ventanas de protección acústica, optimo aislamiento térmico y excelente protección de la humedad, frío y polvo, y se entrega con luminarias y terma. Seguridad. El Condominio cuenta con una excelente seguridad privada 24x7. Además de zona de parrillas, local para reuniones, parqueaderos de bicicletas, ciclovía dentro del condominio. Servicios: - Luz, y gas natural según consumo. - Mantenimiento S/. 110 soles aprox. - Arbitrios. precio alquiler incluye estacionamiento: S/ 1, 400 soles. (1 mes de adelanto y 1 de garantía). Contrato mínimo de 1 año. Requisitos: - sustento de ingresos. - no estar mal reportado en las centrales de riesgo. - no contar con antecedentes. restricciones: no mascotas. no mascotas. contacto: cristhian roncal. *981*293*854*"|https://www.adondevivir.com/propiedades/clasificado/alclapin-alquiler-de-departamento-en-el-rimac-148575117.html?n_src=Listado&n_pills=Seguridad&n_pg=1&n_pos=15|2026-03-18
adondevivir|departamentos|alquiler|Lima Norte|Independencia|"Pasaje 23 de mayo 109, Los Olivos
Los Olivos, Lima"|S/ 900|900||||"75 m² tot.
1 dorm.
1 baño"|75|1|||Alquiler de un Departamento. amplio Y acogedor departamento en alquiler. Distrito de los olivos. Pasaje 23 de mayo cuadra 1. Altura cuadra 13 Av. Universitaria, a 2 cuadras de plaza vea, a unas cuadras de tomas valle, zona altamente comercial. Departamento en 1er piso. Vista interna. Metraje: 75 mts. Distrito; Los Olivos. Características: No tiene pago de mantenimiento. Además cuenta con: Sala comedor. 01 Dormitorios. 01 baños completo. 01 Cocina con muebles bajos. 01 Estudio o almacén amplio. Area de lavanderia. Patio interno. Extranjeros: no. Mascotas de Preferencia No. El Monto del Alquiler de este Departamento es: *S/900. 00 soles* Un Mes de Alquiler y. Un Mes de Garantía. Nota. - Clientes con dni que tengan sustento de pago. Más información Y vídeo al 9. 9. 7. 8. 7. 7. 6. 1. 1|https://www.adondevivir.com/propiedades/clasificado/alclapin-amplio-departamento-en-alquiler-1er-piso.-146589433.html?n_src=Listado&n_pills=%C3%81rea+de+lavander%C3%ADa&n_pg=1&n_pos=16|2026-03-18
adondevivir|departamentos|alquiler|Lima Norte|Independencia|"Los Incas 118
Valdiviezo, San Martín de Porres"|S/ 1,700|1700||||"128 m² tot.
4 dorm.
3 baños"|128|4|3||Se alquila moderno y amplio departamento ubicado en la Urbanización Valdiviezo, en segundo piso con acceso independiente. Cuenta con excelente iluminación natural, buena distribución de ambientes y documentos en regla. Área total: 128 m² Ubicación: Segundo piso. Acceso independiente. condiciones: 2X1. Distribución: -Amplia sala – comedor con excelente iluminación. -Cocina moderna de concepto abierto, amoblada y con finos acabados. -2 dormitorios amplios con baño completo incorporado. -2 dormitorios medianos. -1 baño completo adicional. -1 baño de visita. -Lavandería con buena ventilación. -Balcón amplio. Equipamiento: -Cisterna. -Tanque elevado. -8 puntos de gas Calidda instalados. Ubicación estratégica: -A media cuadra de la Av. José Granda. -Frente al Colegio Fe y Alegría. -Cerca de la Municipalidad de San Martín de Porres. -A pocos minutos del Óvalo José Granda y Av. Universitaria. -Fácil acceso a transporte público, comercios y servicios. Ideal para familias que buscan amplitud, buena ubicación y un departamento listo para habitar. Contáctanos para mayor información o para agendar una visita.|https://www.adondevivir.com/propiedades/clasificado/alclapin-amplio-departamento-en-alquiler-urb.-valdiviezo-san-149262306.html?n_src=Listado&n_pills=%C3%81rea+de+lavander%C3%ADa&n_pg=1&n_pos=17|2026-03-18
adondevivir|departamentos|alquiler|Lima Norte|Independencia|"Jiron José Santos Atahualpa
Los Olivos, Lima"|S/ 1,600|1600|||100|"120 m² tot.
3 dorm.
1 baño"|120|3|||Entre las avenidas angelica gamarra, av. Beta Y av. Tomas valle. 3 dorm. / sala de estar / balcon / 120m2 / frente A parque. ¡bienvenidos A su nuevo hogar en los olivos! Imagínate despertar cada día con la vista al parque desde la comodidad de tu hogar. Este amplio departamento de 120m², ubicado en el 5to piso, es el lugar perfecto para que tu familia y tú disfruten de una vida tranquila y cómoda. Características: Sala: Espaciosa y bien iluminada. Comedor: Con balcón y excelente vista. Sala de estar/tv: Ideal para el entretenimiento familiar y momentos de relax. Baño de visita. 3 Dormitorios: Todos con amplios closets. Baño completo: Equipado con ducha. Patio/Lavandería: Con amplios closets para ropa blanca. Ventajas para familias con hijos estudiantes: Cercanía a colegios y universidades. Ambiente seguro y familiar. Espacios amplios y funcionales para el estudio y el descanso. Ubicación: Entre las Avenidas Angélica Gamarra, Av. Beta y Av. Tomás Valle. Cerca a centros comerciales, colegios, universidades, supermercados. ¡Super accesible! Ubicación: Los Olivos, Lima. A pocos minutos de tiendas, centros comerciales, colegios y servicios esenciales, de fácil acceso. Vistas: Disfruta de una hermosa vista al parque desde la comodidad de tu hogar. Contacto: Para más información y agendar una visita, por favor comunícate al 9. 6. 1. 8. 9. 7. 4. 1. 3|https://www.adondevivir.com/propiedades/clasificado/alclapin-departamento-de-120-m-sup2--con-3-dorm.-en-alquiler-145746005.html?n_src=Listado&n_pills=Frente+a+parque&n_pg=1&n_pos=18|2026-03-18
adondevivir|departamentos|alquiler|Lima Norte|Independencia|"Av. Carlos Izaguirre
Los Olivos, Lima"|S/ 2,000|2000|||200|"90 m² tot.
2 dorm.
3 baños
1 estac."|90|2|3|1|Moderno departamento de estreno con: 1 Habitación principal amoblado con baño privado. 1 Habitación secundaria amoblado con baño privado. Sala. Comedor americano. 1 baño de visita. 1 Estacionamiento. Área para lavandería. Ubicado en zona céntrica y segura. Cerca de centros comerciales y rutas de transporte público. Condiciones de Alquiler: Se alquila solo a peruanos. Presentar sustento de ingreso (boleta de pago). Contrato mínimo de 1 año. 1 mes de adelanto y 2 meses de garantía. No mascotas. Agenda tu visita enviando un wasapp.|https://www.adondevivir.com/propiedades/clasificado/alclappa-departamento-de-estreno-con-vista-panoramica-147522966.html?n_src=Listado&n_pills=%C3%81rea+de+lavander%C3%ADa&n_pg=1&n_pos=19|2026-03-18
adondevivir|departamentos|alquiler|Lima Norte|Independencia|"AVENIDA A - PRADERAS DEL RIMAC 225
Rímac, Lima"|S/ 1,600|1600|||140|"8183 m² tot.
3 dorm.
2 baños"|8183|3|2||Se alquila moderno departamento en primer piso ubicado en el Condominio Ecológico Praderas del Rímac, en Prolongación Av. Alcázar (Ex Polígono de Tiro), con fácil acceso a las avenidas Alcázar, Morro de Arica y Túpac Amaru. La zona cuenta con excelente conectividad, con paradero de la ruta 305 del Corredor Azul (Lomas del Rímac – Miraflores) y cercanía a supermercados, bancos, clínicas y diversos comercios. Próximamente se inaugurará el Strip Center “Lomas Plaza”, lo que incrementa la comodidad y valorización del entorno. El departamento cuenta con 65. 26 m² de área construida, 81. 83 m² de área ocupada y 16. 57 m² de jardín libre, ideal para disfrutar de un espacio exterior privado. Destaca por su excelente iluminación natural y distribución funcional. Dispone de sala-comedor con acceso al jardín, cocina equipada con muebles altos y bajos, campana extractora, gas natural y lavaplatos de acero inoxidable. Tiene 3 dormitorios y 2 baños completos con terma instalada. La zona de lavandería cuenta con lavadero y conexión para lavadora. Se entrega con luminarias instaladas y cuenta con intercomunicador conectado a la puerta principal y a la garita de seguridad. El condominio brinda áreas comunes como cancha deportiva, zona de juegos infantiles, zona de parrillas, salón para reuniones y parqueadero de bicicletas, además de seguridad privada 24/7 y control de acceso permanente. Servicios de luz, agua y gas natural según consumo. Mantenimiento aproximado: S/ 140.|https://www.adondevivir.com/propiedades/clasificado/alclapin-se-alquila-departamento-piso-1-en-praderas-del-rimac-149260931.html?n_src=Listado&n_pills=Ascensor&n_pg=1&n_pos=20|2026-03-18
adondevivir|departamentos|alquiler|Lima Norte|Independencia|"Av. A 240 Rimac
Rímac, Lima"|S/ 1,000 · USD 300|1000|300||100|"52 m² tot.
2 dorm.
1 baño"|52|2|||Alquilo departamento en los altos del rimac 240, Cuenta con 2 dormitorios, 1 baño, sala comedor, cocina y lavandería. Tiene gas natural en cocina y en therma. 52m², Piso 3, vista exterior (a hermosas áreas verdes) y 2 ascensores. Características del Departamento: -Sala comedor amplia y vista exterior. -Cocina abierta, con conexión de gas natural. -️ 2 dormitorios (no tienen closets) -1 Baño compartido. -Gas natural en cocina y lavandería. -Área de lavandería con therma a gas. - Intercomunicador. Características de la Zona: Condominio Los Altos del Rimac 240, en Prolongación de la Av. Alcázar. Rápido y fácil acceso a Av. Alcázar, Av. Morro de Arica, Túpac Amaru y otras. La ruta 305 del corredor o colectivos te dejan en la puerta del condominio. Condiciones: Precio: 1000 soles (no negociables) 1 año de alquiler (renovable) 1 mes de garantía y 1 mes de adelanto. Se verificará sustento de ingresos, historial crediticio y antecedentes. Consultas y visitas al 9. 8. 6. 8. 9. 7. 9. 9. 0|https://www.adondevivir.com/propiedades/clasificado/alclapin-departamento-de-52-m-sup2--con-2-habitaciones-en-149167491.html?n_src=Listado&n_pills=%C3%81rea+de+lavander%C3%ADa&n_pg=1&n_pos=21|2026-03-18
adondevivir|departamentos|alquiler|Lima Norte|Independencia|"LOS CACTUS 435 LOS OLIVOS
Los Olivos, Lima"|S/ 1,300|1300||||"65 m² tot.
2 dorm.
2 baños"|65|2|2||Buscas un departamento en estreno Y que estes en una urbanización cerrada Y que no pagues mantenimiento, Y con la seguridad 24/7?, este departamento es para ti. A 5 minutos de Megaplaza, cerca a Colegios emblemáticos Perú Japón y Jorge Basadre, cerca Av. Alisos, Av. Palmeras y la Av. Panamericana Norte, con acceso al metropolitano cerca a la estación del Naranjal. Presenta la siguiente distribución: amplia sala comedor, cocina cerrada con muebles altos y bajo, con espacio para cocina de 4 hornillas, área de lavandería, 2 dormitorios, pasadizo, 2 baño completo. *El departamento cuenta con conexión a gas Cálida. *Agua, luz independiente (contometro servicio de agua) y (medidor de luz) *Si necesitas estacionamiento, adicional a 180 soles. Área 65 m2. agenda ya tu visita! Requisitos: - dnis. - sustento de ingresos: Boletas de pago, pdts. - no estar reportado negativamente en centrales de riesgo. Condiciones: Contrato Notarial por un año. 1 mes de garantia. 1 mes de adelanto. Agenda tu visita, contactame ya!|https://www.adondevivir.com/propiedades/clasificado/alclapin-amplio-y-acogedor-departamento-en-estreno-65-m-3er-147227543.html?n_src=Listado&n_pills=%C3%81rea+de+lavander%C3%ADa&n_pg=1&n_pos=22|2026-03-18
adondevivir|departamentos|alquiler|Lima Norte|Independencia|"Manuel González Prada
Comas, Comas"|S/ 1,100 · USD 280|1100|280||120|"50 m² tot.
2 dorm.
1 baño"|50|2|||Https: //www. instagram. com/cano. sectorinmobiliario/ Departamento en Alquiler – Distrito de Comas - 50m2. - Características del departamento. - 2 dormitorios. - 1 baño completo. - Sala cómoda. - Cocina americana. - Lavandería incorporada en la cocina. - Ubicado en piso 16. - Buena iluminación y ventilación natural. Condiciones del alquiler. - Alquiler mensual: S/ 1, 100. - Mantenimiento: S/ 120. - Condición: 2 x 1 (dos meses de garantía y un mes de adelanto) - Ubicación y entorno. - A 5 minutos del Club Sincero Roca, cerca al Mall Plaza Comas y fácil acceso a la Av. Universitaria. Zona con comercios, transporte público y servicios.|https://www.adondevivir.com/propiedades/clasificado/alclapin-depa-en-comas-2dorm-1bano-50-m-sup2--piso16-148695936.html?n_src=Listado&n_pills=Guardian%C3%ADa%2FSeguridad+privada&n_pg=1&n_pos=23|2026-03-18
adondevivir|departamentos|alquiler|Lima Norte|Independencia|"Casuarinas de Naranjal L8 Mz D
San Martín de Porres, Lima"|S/ 1,000|1000||||"80 m² tot.
2 dorm.
1 baño"|80|2|||Ubicado en segundo piso por medio de escaleras cómodas y seguras, a una cuadra de la Av Naranjal. - Área 80 m2. - Amplia e iluminada sala comedor. - Dos dormitorios con capacidad para cama queen. - Un baño completo. - Cocina cerrada con mesones de cerámica. - Gas Calidda. - Terma a gas. - Área de lavandería y tendal en azotea. Condiciones. Precio: S/1, 000 incluye mantenimiento. 2x1 (un mes de adelanto y dos meses de garantía) Consumo de Gas y electricidad independiente. Contáctame para agendar tu visita!|https://www.adondevivir.com/propiedades/clasificado/alclapin-se-alquila-departamento-en-casuarinas-de-naranjal-san-148608474.html?n_src=Listado&n_pills=%C3%81rea+de+lavander%C3%ADa&n_pg=1&n_pos=24|2026-03-18
adondevivir|departamentos|alquiler|Lima Norte|Los Olivos|"Calle 4 Mz 177 Lote 3 AH Los Olivos al 100
Huandoy, Los Olivos"|S/ 1,200|1200||||"60 m² tot.
3 dorm.
1 baño"|60|3|||Departamento en Alquiler, excelente ubicación en Los Olivos, departamento cómodo a pocos minutos de las avenidas Huandoy, Marañón y Universitaria, en una zona tranquila y de fácil acceso a transporte público, comercios, mercados, colegios y universidades. El departamento cuenta con ambientes bien iluminados y ventilados, ideal para familia, pareja ó personas que buscan vivir en una zona céntrica del distrito. Características: Sala/ComedorCocina completa con reposteros altos y bajosBaño completo3 dormitorios cómodos con closetLavandería con tendalBuena iluminación naturalUbicación estratégica cerca a paraderos, supermercados, mercados, centros de estudio, etc. Cuenta con vista externa y se encuentra en un segundo piso1X1121% comprometidos en brindarte un servicio de excelencia.|https://www.adondevivir.com/propiedades/clasificado/alclapin-alquiler-de-departamento-en-los-olivos-149174629.html?n_src=Listado&n_pills=%C3%81rea+de+lavander%C3%ADa&n_pg=1&n_pos=1|2026-03-18
adondevivir|departamentos|alquiler|Lima Norte|Los Olivos|"JR. LOS Helenios 3843
Los Olivos, Lima"|S/ 1,500 · USD 448|1500|448|||"58 m² tot.
2 dorm.
1 baño"|58|2|||Alquiler de hermoso departamento frente de la municipaliad de los olivosubicado en Urb. Las palmeras, A cuadras de Mega Plaza, frente de la Municipalidad de Los Olivos Y A 5 minutos de plaza nortedescripción: -ac: 58 m2-Zonificación: rdmdistribución-Sala amplia, comedor2 dormitorios. - Cocina, amplia-1 baños, área de lavanderíaCaracterísticas generales- Colegios cercanos- Universidades- Centros comerciales como Mega Plaza y Plaza Norte. - Supermercados Metro, Plaza vea. - Centros de estudio, notaria, bancos, clínicas, restaurantes. - Documentos en regla. no esperes mas agenda una visita. R. U. C Ver datos|https://www.adondevivir.com/propiedades/clasificado/alclapin-alquiler-de-departamento-en-los-olivos-frente-la-149119367.html?n_src=Listado&n_pills=Guardian%C3%ADa%2FSeguridad+privada&n_pg=1&n_pos=2|2026-03-18
adondevivir|departamentos|alquiler|Lima Norte|Los Olivos|"Calle Agatas al 1400
Los Olivos, Los Olivos"|S/ 1,300|1300|||65|"75 m² tot.
2 dorm.
1 baño"|75|2|||Area: 75M25to piso**descripcion**sala comedor´cocina abiertaarea de lavanderia2 habitaciones grandes, ventiladas E iluminadas1 baño completo**area comun**area de tendal en el 5to pisoa 2 cdras. De av universitariaa 3 cdras del paradero del alimentador del metropolitanoa 2 cdra de av izaguirrerodeada de parquespago de alquiler mensual: S/ 1250 solescondicion: 2X1contometro para consumo de aguacaja propia de luzarbitrios municipales: S/ 150 anualmantenimiento: S/ 65 soles mensuales**no se aceptan mascotas**cochera opcional: S/300 soles mensuales**requisitos**presentar sustento de ingresosno estar resportado en infocorp|https://www.adondevivir.com/propiedades/clasificado/alclapin-se-alquila-departamento-de-estreno-los-olivos-149005305.html?n_src=Listado&n_pills=%C3%81rea+de+lavander%C3%ADa&n_pg=1&n_pos=3|2026-03-18
adondevivir|departamentos|alquiler|Lima Norte|Los Olivos|"mayolo 1406 los olivos
Los Olivos, Lima"|S/ 1,100|1100||||"56 m² tot.
3 dorm.
1 baño"|56|3|||9️⃣8️⃣5️⃣9️⃣8️⃣5️⃣2️⃣0️⃣6️⃣ Ubicación: Av. Antúnez de Mayolo N°1406, Los Olivos. Se encuentra en un 3er. Piso, ubicado al lado del bbva, Mercado Covida, Multilab, Plaza Vea, con rápido y fácil acceso al principales avenidas, Av. Panamericana Norte, Av. Atunez de Mayolo y Av. C. Izaguirre, cerca de colegios públicos, privados y universidades (Universidad Católica Sede Sapiens, senati, usil), Municipalidad Los Olivos, a pocos minutos del centro comercial Mega Plaza y Plaza Norte. Características Generales. Área Total: 56. 00m² Área Construcción: 56. 00m² Piso: 3. - Sala comedor amplia con ventilación natural y vista interna. - Cocina kitchenette con reposteros altos y bajos y campana. - 2 Habitaciones amplias con espacio para camas King y Queen. - Baño completo con ducha (terma eléctrica incluida). - Estudio/almacén. - Tendal y lavandería en azotea. Condiciones: - 1 de garantía 1 de adelanto. - No mascotas. ️️Agenda tu visita ¡ahora!|https://www.adondevivir.com/propiedades/clasificado/alclapin-alquilo-mini-departamento-av.-antunez-de-mayolo-los-147595521.html?n_src=Listado&n_pills=%C3%81rea+de+lavander%C3%ADa&n_pg=1&n_pos=4|2026-03-18
adondevivir|departamentos|alquiler|Lima Norte|Los Olivos|"Calle 6 de Enero
Los Olivos, Lima"|S/ 1,100|1100||||"80 m² tot.
2 dorm.
1 baño"|80|2|||Departamento en alquiler en un 1er piso. Ubicado En La Calle 06 de Enero, Altura de la Av. Angélica Gamarra y. la Av. Universitaria En Los Olivos, Cerca del Palacio de la Juventud, Parques, Colegios., comercios y transporte público. Características: - Área: 80 M2. - Sala-Comedor. - Cocina Cerrada. - 2 Dormitorios Amplios. - 1 Baño Completo. - 1 Patio Con Lavandería. - Piso: 1. - Precio De Alquiler: S. / 1, 100. - Servicio de Luz y Agua independiente y próximo a tener gas natural. - No mascotas. condiciones: - 1 Mes De Adelanto + 2 Meses De Garantía. - Contrato Mínimo 1 Año. - Mostrar Boletas De Ingreso. - Estar Bien En Infocorp. *Si Deseas Mayor Información Y Reservar Una Visita Contáctanos*|https://www.adondevivir.com/propiedades/clasificado/alclapin-se-alquila-departamento-en-1er-piso-en-los-olivos-148593629.html?n_src=Listado&n_pills=%C3%81rea+de+lavander%C3%ADa&n_pg=1&n_pos=5|2026-03-18
adondevivir|departamentos|alquiler|Lima Norte|Los Olivos|"Pasaje 23 de mayo 109, Los Olivos
Los Olivos, Lima"|S/ 900|900||||"75 m² tot.
1 dorm.
1 baño"|75|1|||Alquiler de un Departamento. amplio Y acogedor departamento en alquiler. Distrito de los olivos. Pasaje 23 de mayo cuadra 1. Altura cuadra 13 Av. Universitaria, a 2 cuadras de plaza vea, a unas cuadras de tomas valle, zona altamente comercial. Departamento en 1er piso. Vista interna. Metraje: 75 mts. Distrito; Los Olivos. Características: No tiene pago de mantenimiento. Además cuenta con: Sala comedor. 01 Dormitorios. 01 baños completo. 01 Cocina con muebles bajos. 01 Estudio o almacén amplio. Area de lavanderia. Patio interno. Extranjeros: no. Mascotas de Preferencia No. El Monto del Alquiler de este Departamento es: *S/900. 00 soles* Un Mes de Alquiler y. Un Mes de Garantía. Nota. - Clientes con dni que tengan sustento de pago. Más información Y vídeo al 9. 9. 7. 8. 7. 7. 6. 1. 1|https://www.adondevivir.com/propiedades/clasificado/alclapin-amplio-departamento-en-alquiler-1er-piso.-146589433.html?n_src=Listado&n_pills=Cerca+a+colegios&n_pg=1&n_pos=6|2026-03-18
adondevivir|departamentos|alquiler|Lima Norte|Los Olivos|"Jiron José Santos Atahualpa
Los Olivos, Lima"|S/ 1,600|1600|||100|"120 m² tot.
3 dorm.
1 baño"|120|3|||Entre las avenidas angelica gamarra, av. Beta Y av. Tomas valle. 3 dorm. / sala de estar / balcon / 120m2 / frente A parque. ¡bienvenidos A su nuevo hogar en los olivos! Imagínate despertar cada día con la vista al parque desde la comodidad de tu hogar. Este amplio departamento de 120m², ubicado en el 5to piso, es el lugar perfecto para que tu familia y tú disfruten de una vida tranquila y cómoda. Características: Sala: Espaciosa y bien iluminada. Comedor: Con balcón y excelente vista. Sala de estar/tv: Ideal para el entretenimiento familiar y momentos de relax. Baño de visita. 3 Dormitorios: Todos con amplios closets. Baño completo: Equipado con ducha. Patio/Lavandería: Con amplios closets para ropa blanca. Ventajas para familias con hijos estudiantes: Cercanía a colegios y universidades. Ambiente seguro y familiar. Espacios amplios y funcionales para el estudio y el descanso. Ubicación: Entre las Avenidas Angélica Gamarra, Av. Beta y Av. Tomás Valle. Cerca a centros comerciales, colegios, universidades, supermercados. ¡Super accesible! Ubicación: Los Olivos, Lima. A pocos minutos de tiendas, centros comerciales, colegios y servicios esenciales, de fácil acceso. Vistas: Disfruta de una hermosa vista al parque desde la comodidad de tu hogar. Contacto: Para más información y agendar una visita, por favor comunícate al 9. 6. 1. 8. 9. 7. 4. 1. 3|https://www.adondevivir.com/propiedades/clasificado/alclapin-departamento-de-120-m-sup2--con-3-dorm.-en-alquiler-145746005.html?n_src=Listado&n_pills=Cerca+a+colegios&n_pg=1&n_pos=7|2026-03-18
adondevivir|departamentos|alquiler|Lima Norte|Los Olivos|"Av. Carlos Izaguirre
Los Olivos, Lima"|S/ 2,000|2000|||200|"90 m² tot.
2 dorm.
3 baños
1 estac."|90|2|3|1|Moderno departamento de estreno con: 1 Habitación principal amoblado con baño privado. 1 Habitación secundaria amoblado con baño privado. Sala. Comedor americano. 1 baño de visita. 1 Estacionamiento. Área para lavandería. Ubicado en zona céntrica y segura. Cerca de centros comerciales y rutas de transporte público. Condiciones de Alquiler: Se alquila solo a peruanos. Presentar sustento de ingreso (boleta de pago). Contrato mínimo de 1 año. 1 mes de adelanto y 2 meses de garantía. No mascotas. Agenda tu visita enviando un wasapp.|https://www.adondevivir.com/propiedades/clasificado/alclappa-departamento-de-estreno-con-vista-panoramica-147522966.html?n_src=Listado&n_pills=%C3%81rea+de+lavander%C3%ADa&n_pg=1&n_pos=8|2026-03-18
adondevivir|departamentos|alquiler|Lima Norte|Los Olivos|"LOS CACTUS 435 LOS OLIVOS
Los Olivos, Lima"|S/ 1,300|1300||||"65 m² tot.
2 dorm.
2 baños"|65|2|2||Buscas un departamento en estreno Y que estes en una urbanización cerrada Y que no pagues mantenimiento, Y con la seguridad 24/7?, este departamento es para ti. A 5 minutos de Megaplaza, cerca a Colegios emblemáticos Perú Japón y Jorge Basadre, cerca Av. Alisos, Av. Palmeras y la Av. Panamericana Norte, con acceso al metropolitano cerca a la estación del Naranjal. Presenta la siguiente distribución: amplia sala comedor, cocina cerrada con muebles altos y bajo, con espacio para cocina de 4 hornillas, área de lavandería, 2 dormitorios, pasadizo, 2 baño completo. *El departamento cuenta con conexión a gas Cálida. *Agua, luz independiente (contometro servicio de agua) y (medidor de luz) *Si necesitas estacionamiento, adicional a 180 soles. Área 65 m2. agenda ya tu visita! Requisitos: - dnis. - sustento de ingresos: Boletas de pago, pdts. - no estar reportado negativamente en centrales de riesgo. Condiciones: Contrato Notarial por un año. 1 mes de garantia. 1 mes de adelanto. Agenda tu visita, contactame ya!|https://www.adondevivir.com/propiedades/clasificado/alclapin-amplio-y-acogedor-departamento-en-estreno-65-m-3er-147227543.html?n_src=Listado&n_pills=Cerca+a+colegios&n_pg=1&n_pos=9|2026-03-18
adondevivir|departamentos|alquiler|Lima Norte|Los Olivos|"Jr. Sta Eulalia 349
Los Olivos, Lima"|S/ 950 · USD 275|950|275|||"75 m² tot.
2 dorm.
1 baño"|75|2|||Alquiler de departamento sin amoblar excelente iluminación en Los Olivos2 Dormitorios1 Baño Completo3er Piso vista interna75 m2 de Área5 años de AntigüedadDescripción: 2 Dormitorios1 Baño completoSala y comedor amplioCocina ampliaÁrea de lavanderíavista al internaÁrea de Tendal: AzoteaEl Edificio: 3 pisos2 departamentos por pisoIntercomunicador: SiUbicación: Calle Santa Eulalia y 2 cuadras de la Av. Angelica GamarraA 3 cuadras de la Av. Universitaria Av. Tomas Valle y Av. BetaA10 Minutos de Av. Mayolo Av. Izaguirre y Municipalidad de los OlivosFácil acceso al transporte público y privadoMantenimiento: No pagaLuz: Contómetro independienteAgua: Según consumoGas Calidda: NoCondiciones: Contrato mínimo: 1 año. 1 mes de adelanto y 1 mes de garantía (1 x 1) (*) No permite mascotas(*) No extranjerosAgendamos visitas todos los días, no dejes pasar esta oportunidad! R. U. C Ver datos|https://www.adondevivir.com/propiedades/clasificado/alclapin-departamento-en-los-olivos-149290848.html?n_src=Listado&n_pills=%C3%81rea+de+lavander%C3%ADa&n_pg=1&n_pos=10|2026-03-18
adondevivir|departamentos|alquiler|Lima Norte|Los Olivos|"Aquia
Los Olivos, Lima"|S/ 1,300 · USD 388|1300|388|||"89 m² tot.
3 dorm.
2 baños"|89|3|2||Departamento 89 m² • 3 dorm • 1. 5 baños • precio incluye agua • Frente al Mercado de ProductoresVive cómodo y ahorra en el corazón de Los Olivos, en este amplio departamento de 89 m² en 2° piso. Ideal para familias que buscan espacio, luz natural y la comodidad de tener todo cerca. Cuenta con 3 dormitorios (sin closet, fácil opción para instalar roperos a su gusto), sala-comedor muy iluminada, cocina cerrada con muebles altos y bajos de madera, 1 baño completo + medio baño, y zona de lavandería. La ubicación es su mayor ventaja: frente al Mercado de Productores, en una zona altamente comercial donde el acceso a productos al por mayor y precios económicos hace que la vida diaria salga más barata. A solo 3 cuadras de Av. Universitaria, Los Alisos y Av. Naranjal, con colegios, parques, restaurantes y comercio zonal a pocos metros — ideal para familias que valoran movilidad, conveniencia y ahorro. características principales: - Área: 89 m²- Piso: 2°- Dormitorios: 3 (sin closets) - Baños: 1 completo + 1/2 baño de visita- Cocina: Cerrada con muebles altos y bajos de madera- Gas Cálida (medidor independiente) - Medidor de luz independiente- Sala-comedor: Muy iluminada- Lavandería independienteubicación- Frente al Mercado de Productores, Los Olivos- A 3 cuadras de Av. Universitaria, Los Alisos y Av. Naranjal- Cercano a colegios, parques, restaurantes y comercio mayorista (ahorro diario). escríbeme para agendar una visita! R. U. C Ver datos|https://www.adondevivir.com/propiedades/clasificado/alclapin-alquiler-departamento-los-olivos-148074741.html?n_src=Listado&n_pills=%C3%81rea+de+lavander%C3%ADa&n_pg=1&n_pos=11|2026-03-18
adondevivir|departamentos|alquiler|Lima Norte|Los Olivos|"Rio Huaura 5287, Los Olivos
Los Olivos, Lima"|S/ 1,100 · USD 314|1100|314|||"88 m² tot.
1 dorm.
1 baño"|88|1|||Local comercial en alquiler — Los Olivos -Dirección: Río Huaura 5287, Los Olivos, Lima--Área de terreno: 88. 00 m²-Área construida: 87. 00 m²-Pisos: 1-Baños: 1-Habitaciones: 1 (ideal como depósito/oficina privada) -Antigüedad: 15 años-Estacionamientos: no disponible Descripción breve: Espacio en planta baja con distribución funcional: ambiente principal para atención al público y una habitación privada que puede usarse como oficina o depósito. La superficie prácticamente útil y rectangular facilita la adaptación para diversos giros: tienda retail, minimarket, consultorio, salón de servicios, oficinas administrativas o centro de delivery. Por qué conviene: - Ubicación en distrito comercial de Los Olivos, con alto flujo peatonal y vehicular. - Superficie práctica y de fácil adecuación según tu rubro. - Opción competitiva para iniciar o expandir operaciones sin grandes obras. Disponible para visitas y evaluación de condiciones de alquiler. Solicita más información y coordina tu visita. T. C. 3. 50Tipo de cambio referencial, sujeto a variación diaria por fluctuación del mercado|https://www.adondevivir.com/propiedades/clasificado/alclapin-se-alquila-local-o-almacen-1er-piso-en-los-olivos-147099112.html?n_src=Listado&n_pg=1&n_pos=12|2026-03-18
adondevivir|departamentos|alquiler|Lima Norte|Los Olivos|"Av. Marañon Residencial, Los Olivos 15306, Perú
Los Olivos, Lima"|S/ 1,200 · USD 357|1200|357|||"90 m² tot.
3 dorm.
1 baño"|90|3|||Vive en una zona segura y tranquila, rodeada de comercios y con excelente conectividad. Este departamento flat sin amoblar es ideal para familias que buscan comodidad y buena ubicación.? Área: 90 m²? Distribución: 3 habitaciones con cortina1 baño completoSala ampliaCocina con reposteros altos y bajosVista internaEntrada independiente? Servicios y Condiciones: Luz: medidor independienteAgua: prorrateadoGas natural: medidor independienteContrato mínimo: 1 año1 mes de garantía + 1 mes de adelanto (1x1)? Beneficios: Excelente iluminación y ventilaciónUbicación estratégica en zona comercial Av. MarañonA solo 1par cuadras de vías principales como Av. Huandoy, A. Universsitaria y Av. Canta Callao? Agendamos visitas todos los días? ¡No dejes pasar esta oportunidad, tu nuevo hogar en Los Olivos te espera! R. U. C Ver datos|https://www.adondevivir.com/propiedades/clasificado/alclapin-alquiler-de-departamento-flat-sin-amoblar-en-los-148690605.html?n_src=Listado&n_pg=1&n_pos=13|2026-03-18
adondevivir|departamentos|alquiler|Lima Norte|Los Olivos|"Calle Polar
Los Olivos, Lima"|S/ 1,000|1000|||50|"50 m² tot.
1 dorm.
1 baño"|50|1|||9. 3. 3. 1. 6. 3. 3. 3. 1 – Katia Delgado! *933* *163* *331* Katia DelgadoTe presentamos 02 minidepartamentos de estreno de 50 m², ubicados en los pisos 3 y 4 (sin ascensor) de edificio familiar de 5 niveles, en zona estratégica de Los Olivos. Piso 3: S/1, 000Piso 4: S/950Ideales para parejas o estudiantesA 10 minutos de la Universidad César Vallejo, Universidad Privada del Norte, Universidad Tecnológica del Perú y colegio Innova Schools. Fácil acceso a Av. Próceres de Huandoy, Av. Central y Panamericana NorteExcelente conectividad a distintos puntos de Lima. Cercano a mercados, hipermercados, parques y comercios. Distribución• 1 habitación amplia con excelente ventilación• 1 baño completo con acabados modernos• Sala – comedor iluminada• Cocina con reposteros altos y bajos• Pisos cerámicos en todo el departamento• Puerta principal reforzada en metalÁreas comunes• Lavandería en azotea• Sistema de videovigilanciaServicios independientes• Luz con medidor propio• Gas natural independiente• Agua con contador• Mantenimiento: S/ 50. 00Mascota pequeña a evaluar. 01 garantía y 01 adelantoAgenda tu visita y conoce tu próximo hogar. Contacto: 9. 3. 3. 1. 6. 3. 3. 3. 1Contacto: *933* *163* *331*|https://www.adondevivir.com/propiedades/clasificado/alclapin-alquiler-minidepartamentos-de-estreno-1-habitacion-149078909.html?n_src=Listado&n_pills=%C3%81rea+de+lavander%C3%ADa&n_pg=1&n_pos=14|2026-03-18
adondevivir|departamentos|alquiler|Lima Norte|Los Olivos|"Calle Polar
Los Olivos, Lima"|S/ 1,200|1200|||50|"50 m² tot.
2 dorm.
1 baño"|50|2|||9. 3. 3. 1. 6. 3. 3. 3. 1 – Katia Delgado! Se alquilan 02 minidepartamentos de estreno de 50 m², ubicados en los pisos 3 y 4 (sin ascensor) de edificio familiar de 5 niveles, en zona estratégica de Los Olivos. Piso 3: S/1, 200Piso 4: S/1, 100A 10 minutos de la Universidad César Vallejo, Universidad Privada del Norte, Universidad Tecnológica del Perú y colegio Innova Schools. Fácil acceso a Av. Próceres de Huandoy, Av. Central y Panamericana NorteExcelente conectividad a distintos puntos de Lima. Cercano a mercados, hipermercados, parques y comercios. Distribución• 2 habitaciones con excelente ventilación• 1 baño completo con acabados modernos• Sala – comedor iluminada• Cocina con reposteros altos y bajos• Pisos cerámicos en todo el departamento• Puerta principal reforzada en metalÁreas comunes• Lavandería en azotea• Sistema de videovigilanciaServicios independientes• Luz con medidor propio• Gas natural independiente• Agua con contador• Mantenimiento: S/ 50. 00Vista interna. Ideal para parejas, familias pequeñas o estudiantes. Mascota pequeña a evaluar. 01 garantía y 01 adelantoAgenda tu visita y conoce tu próximo hogar. Contacto: 9. 3. 3. 1. 6. 3. 3. 3. 1|https://www.adondevivir.com/propiedades/clasificado/alclapin-alquiler-minidepartamentos-de-estreno-2-habitaciones-149078910.html?n_src=Listado&n_pills=%C3%81rea+de+lavander%C3%ADa&n_pg=1&n_pos=15|2026-03-18
adondevivir|departamentos|alquiler|Lima Norte|Los Olivos|"Lote 50, Av. Marañon Mz D, Los Olivos 15306, Perú
Los Olivos, Lima"|S/ 1,500 · USD 446|1500|446|||"120 m² tot.
4 dorm.
2 baños"|120|4|2||Vive en una zona segura y tranquila, rodeada de comercios y con excelente conectividad. Este departamento flat sin amoblar es ideal para familias que buscan comodidad y buena ubicación. Área: 1200 m² Distribución: 4 habitaciones con cortina2 baño completoSala ampliaCocina con reposteros altos y bajosVista internaEntrada independiente Servicios y Condiciones: Luz: medidor independienteAgua: prorrateadoGas natural: medidor independienteContrato mínimo: 1 año1 mes de garantía + 1 mes de adelanto (1x1) Beneficios: Excelente iluminación y ventilaciónUbicación estratégica en zona comercial Av. MarañonA solo 1par cuadras de vías principales como Av. Huandoy, A. Universsitaria y Av. Canta Callao Agendamos visitas todos los días ¡No dejes pasar esta oportunidad, tu nuevo hogar en Los Olivos te espera! R. U. C Ver datos|https://www.adondevivir.com/propiedades/clasificado/alclapin-alquiler-departamento-120-m-sup2--los-olivos-2do-149157939.html?n_src=Listado&n_pg=1&n_pos=16|2026-03-18
adondevivir|departamentos|alquiler|Lima Norte|Los Olivos|"Edificio E Condominio Parque El Naranjal
Los Olivos, Lima"|S/ 1,200 · USD 357|1200|357|||"61 m² tot.
2 dorm.
2 baños"|61|2|2||"Alquiler departamento – condominio parque naranjal | los olivos Vive seguro, bien ubicado y con excelente vista Máximo 2 personas (ideal persona sola o pareja) Departamento flat sin amoblar, ubicado en piso 8, dentro de un condominio ordenado, seguro y familiar. Excelente distribución, iluminación natural y áreas comunes pensadas para tu comodidad y entretenimiento. Calle Huasta – a 1 cuadra de Av. Naranjal, Av. Universitaria y Av. Alisos Características (61. 49 m² | Piso 8) 2 habitaciones 2 baños completos Sala comedor con balcón Cocina con reposteros bajos Vista interna Muy buena iluminación y ventilación Condominio Parque Naranjal Seguridad permanente Áreas comunes bien mantenidas Mesas de fulbito Salas de descanso o estudio Gimnasio Entorno tranquilo y familiar Servicios Luz independiente Agua independiente Mantenimiento: S/ 150 Condiciones Contrato mínimo 1 año 2 meses de garantía + 1 mes de adelanto No niños No mascotas Máximo 2 personas Beneficios clave Ubicación estratégica Piso alto = mayor tranquilidad Condominio seguro y organizado Agendamos visitas todos los díasNo dejes pasar esta oportunidad. R. U. C Ver datos"|https://www.adondevivir.com/propiedades/clasificado/alclapin-alquiler-departamento-61.49-m-sup2--condominio-148678672.html?n_src=Listado&n_pills=Gimnasio&n_pg=1&n_pos=17|2026-03-18
adondevivir|departamentos|alquiler|Lima Norte|Los Olivos|"JR. SOL DE ORO 2161
Los Olivos, Lima"|S/ 1,200|1200|||100|"70 m² tot.
2 dorm.
1 baño"|70|2|||Estrena tu nuevo hogar frente a Plaza Norte. Un departamento moderno, silencioso y bien distribuido, perfecto para quienes buscan comodidad, ubicación estratégica y un espacio listo para vivir desde el primer día. *Contáctate con Isabel Caraza 9. 9. 9. 9. 5. 5. 3. 8. 2* Características: -Departamento de estreno. -2 dormitorios amplios. -1 baño completo. -Sala comedor amplia. -Cocina funcional. -Lavandería. -Vista interna (ambiente tranquilo y sin ruido) Ubicación privilegiada: Frente a Plaza Norte, con acceso inmediato a avenidas principales, paraderos, comercios, bancos y servicios. Alquiler: S/. 1, 200. Condiciones: 2 garantías y 1 adelanto. ¿Te gustaría conocerlo? ¡Envíame un mensaje y coordinamos una visita! *Contáctate con Isabel Caraza 9. 9. 9. 9. 5. 5. 3. 8. 2*|https://www.adondevivir.com/propiedades/clasificado/alclapin-alquilo-departamento-los-olivos-frente-a-plaza-148375986.html?n_src=Listado&n_pills=%C3%81rea+de+lavander%C3%ADa&n_pg=1&n_pos=18|2026-03-18
adondevivir|departamentos|alquiler|Lima Norte|Los Olivos|"Jr. Sta Eulalia 349
Los Olivos, Lima"|S/ 950 · USD 275|950|275|||"75 m² tot.
2 dorm.
1 baño"|75|2|||Alquiler de departamento sin amoblar excelente iluminación en Los Olivos2 Dormitorios1 Baño Completo3er Piso vista interna75 m2 de Área5 años de AntigüedadDescripción: 2 Dormitorios1 Baño completoSala y comedor amplioCocina ampliaÁrea de lavanderíavista al internaÁrea de Tendal: AzoteaEl Edificio: 3 pisos2 departamentos por pisoIntercomunicador: SiUbicación: Calle Santa Eulalia y 2 cuadras de la Av. Angelica GamarraA 3 cuadras de la Av. Universitaria Av. Tomas Valle y Av. BetaA10 Minutos de Av. Mayolo Av. Izaguirre y Municipalidad de los OlivosFácil acceso al transporte público y privadoMantenimiento: No pagaLuz: Contómetro independienteAgua: Según consumoGas Calidda: NoCondiciones: Contrato mínimo: 1 año. 1 mes de adelanto y 1 mes de garantía (1 x 1) (*) No permite mascotas(*) No extranjerosAgendamos visitas todos los días, no dejes pasar esta oportunidad! R. U. C Ver datos|https://www.adondevivir.com/propiedades/clasificado/alclapin-departamento-en-los-olivos-149287090.html?n_src=Listado&n_pills=%C3%81rea+de+lavander%C3%ADa&n_pg=1&n_pos=19|2026-03-18
adondevivir|departamentos|alquiler|Lima Norte|Los Olivos|"Jr. Sol de Oro 2161
Trébol, Los Olivos"|S/ 1,200|1200|||100|"64 m² tot.
2 dorm.
1 baño"|64|2|||Vive en un departamento de estreno en pleno corazón de Los Olivos, a pasos de Plaza Norte y con todo al alcance. Ideal para quienes buscan comodidad, ubicación estratégica y un espacio moderno listo para estrenar. Características: - 2 dormitorios. - 1 baño. - Sala – comedor iluminada. - Cocina moderna. - Lavandería independiente. Ubicado a la altura del Centro Comercial Plaza Norte, zona estratégica con acceso a transporte, comercios y servicios varios. Cerca a la Av. Panamericano Norte, Av. Tomas Valle, Av. Angélica Gamarra, entre otras vías importantes. Condiciones: - Alquiler: S/. 1, 200 soles. - 2 garantías + 1 adelanto. Ideal para parejas, familias pequeñas o profesionales que buscan comodidad y excelente ubicación.|https://www.adondevivir.com/propiedades/clasificado/alclapin-alquilo-departamento-de-64-m-sup2--en-los-olivos-148374498.html?n_src=Listado&n_pills=%C3%81rea+de+lavander%C3%ADa&n_pg=1&n_pos=20|2026-03-18
adondevivir|departamentos|alquiler|Lima Norte|Los Olivos|"Calle Cajay URB LOS Naranjos LOS Olivos
Los Olivos, Lima"|S/ 1,900|1900|||50|"115 m² tot.
3 dorm."|115|3|||Flat de 115 m² ubicado en la urbanización Los Naranjos, en el distrito de Los Olivos. El inmueble cuenta con tres dormitorios, dos de ellos con baño completo incorporado, y un tercer baño completo que sirve para la habitación restante y visitas. Dispone además de una sala de estar que puede adaptarse como una habitación adicional, con espacio suficiente para una cama de plaza y media. El dormitorio principal permite una cama queen o king, mientras que los secundarios pueden albergar camas queen o de dos plazas. El departamento cuenta con un pequeño balcón, conexión de gas natural, therma a gas y puntos de conexión en baños y cocina. No cuenta con estacionamiento propio, pero existe la posibilidad de alquilar espacios en los alrededores. El mantenimiento tiene un costo de S/50 cada tres meses para el mantenimiento de las bombas de agua, y el pago de arbitrios es de aproximadamente S/180 anuales. Los servicios de agua, luz y gas se pagan de manera independiente. Excelente ubicación, a solo 5 minutos de MegaPlaza y 10 minutos del aeropuerto por la Av. Canta Callao. Se encuentra cerca de comercios y con fácil acceso a vías principales, lo que lo convierte en una opción práctica y bien situada.|https://www.adondevivir.com/propiedades/clasificado/alclapin-flat-de-115-m-sup2--en-alquiler-y-venta-148907335.html?n_src=Listado&n_pills=%C3%81rea+de+lavander%C3%ADa&n_pg=1&n_pos=21|2026-03-18
adondevivir|departamentos|alquiler|Lima Norte|Los Olivos|"Jirón Fitzcarrald
Los Olivos, Lima"|S/ 1,100|1100|||300|"70 m² tot.
2 dorm.
1 baño"|70|2|||Se alquila bonito departamento en Jr. Fitzcarral – Urb. Covida ii etapa, en tercer piso. Muy cerca a Av. Antúnez de Mayolo, donde encontrarás colegios, entidades. bancarias, iglesias, mercados, súper mercado plaza vea, restaurantes y comercio en general. El departamento cuenta con las siguientes características: Área: 70m2. Sala comedor Kitchenette. 2 dormitorios. 1 sala de estudio. 1 baño completo. Condiciones: 1 mes adelantado y 1 de garantía. Precio de alquiler: S/ 1100 (Un Mil Cien con 00/100 soles) Servicios de luz, agua y limpieza de áreas comunes: S/ 300 (Trescientos con 00/100 soles). Ideal para profesionales o parejas recién casados que buscan comodidad y acceso a todos los servicios en los Olivos.|https://www.adondevivir.com/propiedades/clasificado/alclapin-alquilo-departamento-en-fizcarrald-los-olivos-148665751.html?n_src=Listado&n_pills=Cerca+a+colegios&n_pg=1&n_pos=22|2026-03-18
adondevivir|departamentos|alquiler|Lima Norte|Los Olivos|"Jr. Aries & Jr. Libra
Los Olivos, Lima"|S/ 900 · USD 257|900|257|||"55 m² tot.
2 dorm.
1 baño"|55|2|||3er piso, zona tranquila, cerca a Plaza Vea de Antúnez de Mayolo (cdra. 4 de Aries y Revolucionarios). Ideal para familia o pareja con un niño. Características: Sala comedor con cocina kitchen2 dormitorios1 baño con thermaAmbientes ventilados e iluminadosSe acepta mascota pequeñAlquiler: S/ 900Condición: 1 mes de garantía + 1 mes de adelantoRequisito: Estar bien en sbs y contar con sustento de ingresos comprobable. Cerca a los parques Mariátegui y Los Tulipanes. T. C. 3. 50Tipo de cambio referencial, sujeto a variación diaria por fluctuación del mercado|https://www.adondevivir.com/propiedades/clasificado/alclapin-departamento-alquilo-mini-departamento-en-los-olivos-148464915.html?n_src=Listado&n_pg=1&n_pos=23|2026-03-18
adondevivir|departamentos|alquiler|Lima Norte|Los Olivos|"Pasaje Los Pensamientos
Los Olivos, Lima"|S/ 999|999||||"70 m² tot.
3 dorm.
1 baño"|70|3|||Alquiler de departamento en Los Olivos! 70m2, cuarto piso. Ubicado en calle Los Pensamientos, urbanización Huaytapallana, a una cuadra del cruce entre las avenidas Universitaria con Alisos. Consta de 3 dormitorios, 1 baño, sala comedor, área de cocina abierta, balcón, lavandería y tendal en la azotea. Mascota chica permitida. Cochera no disponible. Solicita vídeo al interno. Condiciones del trato: -S/1, 000 (1x1) -Pago de servicios por consumo propio. -Contar con ingresos sustentados con boleta o reporte tributario. -No registrar deudas vencidas al menos el titular que firma. *bel group real estate* www. brokerenlinea. com|https://www.adondevivir.com/propiedades/clasificado/alclapin-alquiler-3-dorm.-1-bano-4to-piso-sin-ascensor-148825136.html?n_src=Listado&n_pills=%C3%81rea+de+lavander%C3%ADa&n_pg=1&n_pos=24|2026-03-18
adondevivir|departamentos|alquiler|Lima Norte|Los Olivos|"CALLE ANTONIO MORENO
Los Olivos, Lima"|S/ 999|999|||150|"60 m² tot.
2 dorm.
1 baño"|60|2|||*Alquiler de departamento en Los Olivos! * 60m2, cuarto piso. Ubicado en la calle Antonio Moreno, a la espalda del parque villa sol, a 3 cuadras del cruce entre las Av. Palmera con Alfredo Mendiola. Consta de 2 dormitorios, 1 baño, sala comedor, área de cocina, lavandería y tendal en la azotea. Mascota no permitida. Cochera no disponible. Solicita vídeo al interno. *Condiciones del trato: * -S/1, 050 (2x1) -Mantenimiento S/150 y otros servicios por consumo. -Contar con ingresos sustentados con boleta o reporte tributario mayor a 3 veces del costo del alquiler. -No registrar deudas vencidas al menos el titular que firma. *bel group real estate* www. brokerenlinea. com|https://www.adondevivir.com/propiedades/clasificado/alclapin-alquiler-2-dorm.-1-bano-4to-piso-palmeras-con-148436717.html?n_src=Listado&n_pills=%C3%81rea+de+lavander%C3%ADa&n_pg=1&n_pos=25|2026-03-18
adondevivir|departamentos|alquiler|Lima Norte|Los Olivos|"Jr. Rio Tarica al 5100
Naranjal, Los Olivos"|S/ 1,800|1800|||110|"3 dorm.
2 baños"||3|2||"? Departamento en alquiler – residencial tárica | los olivos¿Buscas tranquilidad, seguridad y excelente ubicación? ? Este departamento en la Urb. Naranjal, espaldas de Montalvo, en Los Olivos, puede ser tu próximo hogar.? 2do piso | Zona residencial seguraDisfruta de ambientes cómodos, iluminados y con ventilación natural ideal para tu día a día:? Sala comedor amplia y acogedora? Cocina empotrada con gas natural? 1 dormitorio? 1 estudio (perfecto como home office o segundo dormitorio)? Dormitorio principal con baño privado? Excelente distribución y ventilación? Alquiler: S/ 1, 800? Mantenimiento: S/ 110Ideal para pareja, pequeña familia o profesional que trabaje desde casa? Agenda tu visita hoy mismo: Ver datos? No dejes pasar esta oportunidad? Guárdalo? Compártelo? Escríbenos por inbox#AlquilerLosOlivos #DepartamentoEnAlquiler #LimaNorte #ResidencialTarica #Inmuebles #ReelInmobiliariovymhouse"|https://www.adondevivir.com/propiedades/clasificado/alclapin-departamento-en-alquiler-148789427.html?n_src=Listado&n_pills=Ascensor&n_pg=1&n_pos=26|2026-03-18
adondevivir|departamentos|alquiler|Lima Norte|Los Olivos|"Jirón Fitzcarrald
Los Olivos, Lima"|S/ 600|600||||"20 m² tot.
1 dorm.
1 baño"|20|1|||¿Buscas un espacio propio, seguro y bien ubicado? Te presentamos este eficiente monoambiente de 20 m² en una zona clave de Los Olivos. Perfecto para estudiantes o profesionales que valoran la practicidad sin renunciar a la comodidad. Características Principales: Área total: 20 m2 perfectamente aprovechados. Ambiente Integrado: Sala-Comedor-cocina, ideal para crear un hogar acogedor. 01 Baño completo. Lavadero exclusivo: Un espacio destinado para tu lavadora, optimizando el área principal. Condiciones: 1 mes adelantado y 1 de garantía. Precio de alquiler: S/ 600 (Seis cientos y 00/100 soles) Servicios de luz, agua y limpieza de áreas comunes: S/ 200 (Doscientos y 00/100 soles). No lo pienses más. Este monoambiente es el punto de partida ideal para tu nueva vida independiente.|https://www.adondevivir.com/propiedades/clasificado/alclapin-alquilo-monoambiente-en-urb-covida-los-olivos-149058147.html?n_src=Listado&n_pg=1&n_pos=27|2026-03-18
adondevivir|departamentos|alquiler|Lima Norte|Los Olivos|"Parque Piscobamba
Los Naranjos, Los Olivos"|S/ 1,200 · USD 343|1200|343||40|"80 m² tot.
2 dorm.
1 baño"|80|2|||Contacto amy urrieta *9*3*8*9*2*2*3*3*0* ¡Tu nuevo hogar te espera frente al hermoso Parque Piscobamba! Se alquila amplio departamento de 80 m2 en el 3er piso, con una vista privilegiada al parque, ¡ideal para disfrutar de la naturaleza y la tranquilidad! Ubicado estratégicamente paralelo a la cuadra 15 de la Av. Naranjal, tendrás acceso a todo lo que necesitas: * Ubicación privilegiada: A minutos de los centros comerciales Mega Plaza y Plaza Norte, colegios, mercados, comercios y con fácil acceso a avenidas principales y transporte público. ¡Todo al alcance de tu mano! * Vista espectacular: Disfruta de la belleza del Parque Piscobamba desde la comodidad de tu hogar. ¡Ideal para relajarse y disfrutar del aire libre! * Ambientes luminosos: Amplia sala comedor con vista exterior al parque, perfecta para compartir momentos especiales con familiares y amigos. * Dos habitaciones: * Habitación principal con vista exterior al parque, ¡un despertar lleno de energía! * Habitación secundaria con vista interior, ideal para niños o como espacio de trabajo. * Comodidades: * Un baño completo para mayor comodidad. * Un baño de visitas para tus invitados. * Espaciosa cocina con lavadero, muebles altos y bajos y conexión a gas natural Calidda. * Lavandería en el mismo departamento con lavadero y conexión para lavadora. * Precio de alquiler: S/ 1, 200 soles (precio fijo no negociable) * Servicios adicionales (agua, luz, gas natural y arbitrios). *Mantenimiento S/40 soles mensuales por limpieza de áreas comunes* Condiciones: 1 mes de garantía + 1 mes de adelanto. Requisitos: * El departamento se mostrará previa cita. * El futuro inquilino debe contar con una evaluación financiera aceptable. ¡No pierdas esta oportunidad única de vivir en un lugar privilegiado, con todas las comodidades y una vista increíble! ¡Llama ahora a tu Agente Inmobiliario de confianza para programar una visita y descubrir tu nuevo hogar! **medidas|https://www.adondevivir.com/propiedades/clasificado/alclapin-departamento-los-naranjos-parque-piscobamba-147702688.html?n_src=Listado&n_pills=%C3%81rea+de+lavander%C3%ADa&n_pg=1&n_pos=28|2026-03-18
adondevivir|departamentos|alquiler|Lima Norte|Los Olivos|"HUACLLAN 4856 - LOS OLIVOS
Los Olivos, Lima"|S/ 1,200 · USD 354|1200|354||150|"67 m² tot.
3 dorm."|67|3|||Departamento en condominio!! Urb. Parque el naranjal. I. V. O. N. E. E. S. P. I. N. O. Z. A. 9. 6. 7. 2. 8. 4. 3. 9. 7. Excelente ubicación, cerca avenidas principales como, universitaria, Naranjal, Los alisos, Mercado productores. Con vista frente a parque, en primer piso. Sus amplias mamparas permiten una iluminación natural, caracteristicas. Primer piso. Área 67m2. Patio. Sala comedor. Cocina- lavandería. Área de computo. Dormitorio principal con baño y closet ideal cama Queen. Closet para ropa de cama. Segundo dormitorio con closet ideal cama plaza y media. Tercer dormitorio u oficina. Baño completo compartido/ visitas. Aéreas comunes: Zona de niños. Sala para reuniones. Mantenimiento 150 soles aprox. Requisitos para el alquiler: Presentar dni/Pasaporte. 3 ultimas boletas de pago. No estar en infocorp. Mes de adelanto + 2 meses de garantía por adelantado. Constancia de trabajo. cul ( Certificado único laboral) Independiente Tener garante. Condominio Parque Los olivos. Dirección: Jr. Huacllan 4834- 4856. Agenda tu visita.|https://www.adondevivir.com/propiedades/clasificado/alclapin-alquler-dpto.-3-dor.-los-olivos-148056586.html?n_src=Listado&n_pills=%C3%81rea+de+lavander%C3%ADa&n_pg=1&n_pos=29|2026-03-18
adondevivir|departamentos|alquiler|Lima Norte|Los Olivos|"Los Pinos Los Olivos
Los Olivos, Lima"|S/ 1,750|1750||||"80 m² tot.
3 dorm.
1 baño"|80|3|||Departamento en alquiler, ubicado en primer piso, frente a parque, en zona residencial consolidada de Los Olivos. Inmueble con ambientes funcionales, buena distribución y adecuada iluminación natural, ideal para uso familiar. La ubicación es uno de sus principales atributos: se encuentra cerca a Megaplaza, a pocos minutos de la Estación Naranjal del Metropolitano y aproximadamente a 3 minutos de la Municipalidad de Los Olivos. En el entorno inmediato hay colegios, restaurantes, comercios y fácil acceso a avenidas principales, lo que facilita la movilidad y las actividades diarias. Características del departamento: - 3 dormitorios. - 1 baño completo. - Sala funcional. - Cocina independiente. - Lavandería. - Buena iluminación natural. - Distribución práctica. - Contrato mínimo 1 año, condiciones 2 de garantía x 1 de adelanto|https://www.adondevivir.com/propiedades/clasificado/alclapin-departamento-en-alquiler-primer-piso-3-dorm.-los-149107975.html?n_src=Listado&n_pills=Frente+a+parque&n_pg=1&n_pos=30|2026-03-18
adondevivir|departamentos|alquiler|Lima Norte|Los Olivos|"Los Pinos Los Olivos
Los Olivos, Lima"|S/ 1,750|1750||||"80 m² tot.
3 dorm.
1 baño"|80|3|||Departamento en alquiler, ubicado en primer piso, frente a parque, en zona residencial consolidada de Los Olivos. Inmueble con ambientes funcionales, buena distribución y adecuada iluminación natural, ideal para uso familiar. La ubicación es uno de sus principales atributos: se encuentra cerca a Megaplaza, a pocos minutos de la Estación Naranjal del Metropolitano y aproximadamente a 3 minutos de la Municipalidad de Los Olivos. En el entorno inmediato hay colegios, restaurantes, comercios y fácil acceso a avenidas principales, lo que facilita la movilidad y las actividades diarias. Características del departamento: - 3 dormitorios. - 1 baño completo. - Sala funcional. - Cocina independiente. - Lavandería. - Buena iluminación natural. - Distribución práctica. - Contrato mínimo 1 año, condiciones 2 de garantía x 1 de adelanto|https://www.adondevivir.com/propiedades/clasificado/alclapin-departamento-en-alquiler-primer-piso-3-dorm.-los-149107975.html?n_src=Listado&n_pills=Frente+a+parque&n_pg=2&n_pos=1|2026-03-18
adondevivir|departamentos|alquiler|Lima Norte|Los Olivos|"Jirón Fitzcarrald
Los Olivos, Lima"|S/ 600|600||||"20 m² tot.
1 dorm.
1 baño"|20|1|||¿Buscas un espacio propio, seguro y bien ubicado? Te presentamos este eficiente monoambiente de 20 m² en una zona clave de Los Olivos. Perfecto para estudiantes o profesionales que valoran la practicidad sin renunciar a la comodidad. Características Principales: Área total: 20 m2 perfectamente aprovechados. Ambiente Integrado: Sala-Comedor-cocina, ideal para crear un hogar acogedor. 01 Baño completo. Lavadero exclusivo: Un espacio destinado para tu lavadora, optimizando el área principal. Condiciones: 1 mes adelantado y 1 de garantía. Precio de alquiler: S/ 600 (Seis cientos y 00/100 soles) Servicios de luz, agua y limpieza de áreas comunes: S/ 200 (Doscientos y 00/100 soles). No lo pienses más. Este monoambiente es el punto de partida ideal para tu nueva vida independiente.|https://www.adondevivir.com/propiedades/clasificado/alclapin-alquilo-monoambiente-en-urb-covida-los-olivos-149058147.html?n_src=Listado&n_pg=2&n_pos=2|2026-03-18
adondevivir|departamentos|alquiler|Lima Norte|Los Olivos|"Mz f Lote 41A
Los Olivos, Lima"|S/ 1,600 · USD 458|1600|458||20|"106 m² tot.
3 dorm.
2 baños"|106|3|2||Departamento amoblado en alquiler – excelente ubicación ¡Listo para mudarse, cómodo y frente a parque! ? Dirección: Mz F Lote 41A – Urb. Puerta de Pro Referencia: Frente al Parque 2025, a solo 1 cuadra de la Av. Dos de Octubre Área: 106 m²Piso: 3er piso (acceso por escaleras) Distribución y Equipamiento 3 habitaciones con clóset2 habitaciones amobladas con cama de 2 plazas 2 baños completos Sala – comedor amoblada, incluye tv Cocina totalmente equipada: CocinaCampana extractoraRefrigeradoraMicroondas Área de lavandería independienteLavadoraPatio interior Vista y entorno privilegiado, frente a parque, ideal para quienes buscan tranquilidad, iluminación natural y buena ventilación. Precio de alquiler: S/ 1, 600 Servicios independientes Mantenimiento: S/ 20 Ideal para familias, parejas o profesionales que buscan comodidad, amplitud y una ubicación estratégica. ¡Agenda tu visita y no pierdas esta oportunidad!|https://www.adondevivir.com/propiedades/clasificado/alclapin-departamento-amoblado-en-alquiler-excelente-148886052.html?n_src=Listado&n_pills=%C3%81rea+de+lavander%C3%ADa&n_pg=2&n_pos=3|2026-03-18
adondevivir|departamentos|alquiler|Lima Norte|Los Olivos|"Jirón Fitzcarrald
Los Olivos, Lima"|S/ 1,000|1000||||"58 m² tot.
1 dorm.
1 baño"|58|1|||Se alquila bonito minidepartamento en Jr. Fitzcarral – Urb. Covida ii etapa, primer piso y cerca a Av. Antúnez de Mayolo, donde encontraras entidades bancarias, iglesias, mercado covida, súper mercado plaza vea, restaurantes y comercio en general. Cuenta con las siguientes características: Área: 58m2. Sala - comedor. cocina cerrada. 01 dormitorio. 1 baño completo. Condiciones: 1 mes adelantado y 1 de garantía. Precio de alquiler: S/ 1000 (Un Mil y 00/100 soles) Servicios de luz, agua y limpieza de áreas comunes: S/ 200 (Doscientos con 00/100 soles). Ideal para profesionales que buscan comodidad y acceso a todos los servicios en los Olivos|https://www.adondevivir.com/propiedades/clasificado/alclapin-alquilo-minidepartamento-01-habitacion-urb-covida-149058025.html?n_src=Listado&n_pills=Cerca+a+colegios&n_pg=2&n_pos=4|2026-03-18
adondevivir|departamentos|alquiler|Lima Norte|Los Olivos|"Calle Agatas 370
Los Olivos, Lima"|S/ 1,350 · USD 402|1350|402|||"75 m² tot.
3 dorm.
1 baño"|75|3|||Se alquila amplio departamento en zona residencial de Los OlivosVive con tranquilidad y excelente ubicación en este departamento situado en una zona residencial y segura del distrito de Los Olivos, a pocas cuadras de las avenidas Izaguirre y Universitaria, con rápido acceso a transporte público, comercios, servicios y principales puntos del distrito. El inmueble se encuentra estratégicamente ubicado cerca de mercado, lavanderías y restaurantes, y a pasos del reconocido restaurante La Choza Náutica, en un entorno ideal para quienes valoran la comodidad y la buena conectividad sin renunciar a la tranquilidad. Características del departamento: Sala comedor amplia y bien iluminadaCocina cerrada3 dormitorios amplios y ventilados1 baño completoServicios básicos correctamente distribuidosCondiciones de alquiler: Precio: S/ 1, 350mensualesAgua: consumo dividido según número de habitantesLuz: medidor independienteCondiciones adicionales: No pet friendlyRequisito indispensable: dni vigente para la firma de contratoModalidad: 1x1 (un mes de adelanto y un mes de garantía) Ideal para personas o familias que buscan un espacio cómodo, bien ubicado y en un ambiente residencial tranquilo. Los Olivos – cerca de Av. Izaguirre y Av. Universitaria|https://www.adondevivir.com/propiedades/clasificado/alclapin-departamento-cerca-municipalidad-los-olivos-covida-148871986.html?n_src=Listado&n_pills=%C3%81rea+de+lavander%C3%ADa&n_pg=2&n_pos=5|2026-03-18
adondevivir|departamentos|alquiler|Lima Norte|Los Olivos|"Jr. Rio Tarica al 5100
Naranjal, Los Olivos"|S/ 1,800|1800|||110|"3 dorm.
2 baños"||3|2||"? Departamento en alquiler – residencial tárica | los olivos¿Buscas tranquilidad, seguridad y excelente ubicación? ? Este departamento en la Urb. Naranjal, espaldas de Montalvo, en Los Olivos, puede ser tu próximo hogar.? 2do piso | Zona residencial seguraDisfruta de ambientes cómodos, iluminados y con ventilación natural ideal para tu día a día:? Sala comedor amplia y acogedora? Cocina empotrada con gas natural? 1 dormitorio? 1 estudio (perfecto como home office o segundo dormitorio)? Dormitorio principal con baño privado? Excelente distribución y ventilación? Alquiler: S/ 1, 800? Mantenimiento: S/ 110Ideal para pareja, pequeña familia o profesional que trabaje desde casa? Agenda tu visita hoy mismo: Ver datos? No dejes pasar esta oportunidad? Guárdalo? Compártelo? Escríbenos por inbox#AlquilerLosOlivos #DepartamentoEnAlquiler #LimaNorte #ResidencialTarica #Inmuebles #ReelInmobiliariovymhouse"|https://www.adondevivir.com/propiedades/clasificado/alclapin-departamento-en-alquiler-148789427.html?n_src=Listado&n_pills=Ascensor&n_pg=2&n_pos=6|2026-03-18
adondevivir|departamentos|alquiler|Lima Norte|Los Olivos|"Calle Vitalino Becerra Mz Z Lt. 15 Villa Sol
Los Olivos, Lima"|S/ 1,300 · USD 372|1300|372|||"75 m² tot.
2 dorm.
1 baño"|75|2|||"Departamento en 2 do. Piso en La Mejor Zona Villa Sol - Los Olivos, con Acceso por Escaleras Amplias y Cómodas, a pasos de Hermosos e Inmensos Parques de la 4 ta. Y 2 da. Etapa de Villa Sol. Vive con Tranquilidad y Estilo en la Mejor Zona de Los Olivos, Villa Sol muy bien Ubicado, Ideal para Familias Profesionales o Estudiantes que buscan Calidad de vida. Éste Departamento de 75 M2. Cuenta con Vista Externa y Excelente Iluminación Natural, ofrece una Distribución Funcional y Ambientes Pensados para el Confort Diario. Cuenta con Sala y Comedor Amplios, Perfectos para compartir en Familia o Recibir Visitas; una Cocina Abierta, Moderna equipada con Reposteros Altos y Bajos que crea un Ambiente Acogedor y Práctico. El Departamento cuenta con Medidores Digitales Independientes de Luz y Agua, además Servicio de Internet ( Wifi) permitiéndote mudarte con todas las comodidades desde el primer día. Para tu Tranquilidad y la de Tú Familia la Calle cuenta con Vigilancia las 24 horas y Rejas de Seguridad. La ubicación es uno de sus mayores atractivos: A pasos de un Hermoso Parque y de la Prestigiosa Academia Saco Oliveros, Colegios Particulares y Estatales cercanos, y a pocos minutos de las Universidades upn y César Vallejo. Cerca de Supermercados, Mercados, Restaurantes, Boticas, Tiendas, Librerías, Spa, Licorerías, Etc. A solo 15 minutos del Centro Comercial Megaplaza. ""Un departamento que reúne ubicación, seguridad, amplitud y modernidad, listo para convertirse en tu nuevo hogar"" distribucion: -Sala y Comedor Amplios con Excelente Iluminacion Natural. -Moderna Cocina con Reposteros Altos y Bajos. -2 Dormitorios Comodos con Ropero. -1 Baños Completo. -1 Lavanderia Independiente. requisitos: -Modalidad 2x1 ( 2 Meses de Garantia + 1 Mes Adelantado) -Sustento de Ingresos ( Boletas, Recibos por Honorarios o Constancia de Trabajo) -Buen Historial Crediticio en Infocorp ( Indispensable) -Contrato Mínimo ( 1 Año) -No estar Reportado en Procesos Judiciales. Agenda tu visita y asegura hoy mismo este Excelente Departamento en Villa Sol!!"|https://www.adondevivir.com/propiedades/clasificado/alclapin--alquiler-departamento-luminoso-con-balcon-en-la-149183557.html?n_src=Listado&n_pills=Cerca+a+colegios&n_pg=2&n_pos=7|2026-03-18
adondevivir|departamentos|alquiler|Lima Norte|Los Olivos|"jiron Eleodoro Zevallos , urb. Villasol III etapa los olivos
Villa Sol Etapa Iii, Los Olivos"|S/ 1,600 · USD 500|1600|500|||"116 m² tot.
3 dorm.
2 baños"|116|3|2||Departamento de estreno en alquiler – urb. Villasol iii etapa, los olivos* Contacto: . 9. 0. 7. 5. 0. 6. 0. 8. 7. Descubre la comodidad y el estilo de vivir en este moderno departamento de estreno, ubicado en una de las zonas más residenciales y tranquilas de Los Olivos: *Urbanización Villasol – 3ª Etapa*. (Cerca a Centros Comerciales y a los colegios privados como Visionarios, Innova School, etc) Características destacadas: * * Área total: 116 m² * 4to Piso y 5to piso (sin ascensor) * 3 dormitorios, el principal con baño incorporado. * 2 baños completos. * Elegante sala con balcón y vista panorámica. * Comedor independiente y sala de estar. * Cocina moderna con gas natural. * Espacio exclusivo para oficina. * Lavandería privada. * Excelente iluminación y ventilación natural. * Ubicado en el 4to piso de edificio de 5 niveles. *Alquiler mensual: S/ 1, 800 negociable* *Condiciones: 1 mes de adelanto y 2 de garantía (o 2 de adelanto y 1 de garantía) *Mantenimiento: S/ 60 mensuales (incluye limpieza y cámaras de seguridad) *Gas Natural mensual. *Agua pago dividido. *Luz recibo independiente. *Nota importante: El inmueble se encuentra *disponible en alquiler mientras esté en proceso de venta*. En caso de concretarse la venta, se coordinará con anticipación la desocupación. Ideal para quienes buscan un *hogar moderno, luminoso y funcional*, en una ubicación segura y de fácil acceso. *Urbanización Villa sol iii Etapa – Los Olivos. Cerca A la panamericana norte, A unos pasos de la avenida universitaria) Contáctanos para más información o agendar una visita. ** *|https://www.adondevivir.com/propiedades/clasificado/alclapin-alquiler-de-departamento-los-olivos-urb.-villasol-147941044.html?n_src=Listado&n_pills=%C3%81rea+de+lavander%C3%ADa&n_pg=2&n_pos=8|2026-03-18
adondevivir|departamentos|alquiler|Lima Norte|Los Olivos|"HUACLLAN 4856 - LOS OLIVOS
Los Olivos, Lima"|S/ 1,200 · USD 354|1200|354||150|"67 m² tot.
3 dorm."|67|3|||Departamento en condominio!! Urb. Parque el naranjal. I. V. O. N. E. E. S. P. I. N. O. Z. A. 9. 6. 7. 2. 8. 4. 3. 9. 7. Excelente ubicación, cerca avenidas principales como, universitaria, Naranjal, Los alisos, Mercado productores. Con vista frente a parque, en primer piso. Sus amplias mamparas permiten una iluminación natural, caracteristicas. Primer piso. Área 67m2. Patio. Sala comedor. Cocina- lavandería. Área de computo. Dormitorio principal con baño y closet ideal cama Queen. Closet para ropa de cama. Segundo dormitorio con closet ideal cama plaza y media. Tercer dormitorio u oficina. Baño completo compartido/ visitas. Aéreas comunes: Zona de niños. Sala para reuniones. Mantenimiento 150 soles aprox. Requisitos para el alquiler: Presentar dni/Pasaporte. 3 ultimas boletas de pago. No estar en infocorp. Mes de adelanto + 2 meses de garantía por adelantado. Constancia de trabajo. cul ( Certificado único laboral) Independiente Tener garante. Condominio Parque Los olivos. Dirección: Jr. Huacllan 4834- 4856. Agenda tu visita.|https://www.adondevivir.com/propiedades/clasificado/alclapin-alquler-dpto.-3-dor.-los-olivos-148056586.html?n_src=Listado&n_pills=%C3%81rea+de+lavander%C3%ADa&n_pg=2&n_pos=9|2026-03-18
adondevivir|departamentos|alquiler|Lima Norte|Los Olivos|"Parque Piscobamba LOS Olivos
Los Naranjos, Los Olivos"|S/ 1,100 · USD 315|1100|315|||"75 m² tot.
2 dorm.
1 baño"|75|2|||Departamento en alquiler 1er piso, acceso directo A la calle - frente A parque**ubicación privilegiada Y excelente conectividad**Vive con la comodidad de una casa y la seguridad de un departamento. Ponemos en alquiler este departamento en un **Primer Piso con Puerta a Calle** características del departamento: Acceso Independiente: Directo a la calle. Distribución Funcional: Sala-Comedor con iluminación natural. Cocina cerrada con conexión a **Gas Natural** (ahorro y comodidad). 2 Habitaciones**1 Baño Completo**Área de Lavandería y Tendal** independiente. Servicios. Agua y luz adicional según consumo, no se paga mantenimientofrente al Parque Piscobamba: ** Disfruta de áreas verdes, ejercicio y recreación justo al salir de casa. A la altura de la cuadra 15 de la Av. Naranjal. Fácil Acceso. Pasando el Óvalo Huandoy, y a solo una cuadra antes de llegar a la Av. Canta Callao. Parada cercana del alimentador Bertello del Metropolitano que pasa por la Av. Naranjal, garantizando un rápido acceso al centro de Lima. **condiciones: * **Precio: ** S/1, 100 mensuales, condiciones 1 de garantía x 1 de adelanto* Ideal para pareja o familia pequeña, No mascotas (puede ser un gatito) **Contáctame ahora mismo para coordinar una visita: -|https://www.adondevivir.com/propiedades/clasificado/alclapin-se-alquila-departamento-parque-piscobamba-los-olivos-148369200.html?n_src=Listado&n_pills=%C3%81rea+de+lavander%C3%ADa&n_pg=2&n_pos=10|2026-03-18
adondevivir|departamentos|alquiler|Lima Norte|Puente Piedra|"Condominio Ciudad Verde
Puente Piedra, Lima"|S/ 900|900|||100|"61 m² tot.
3 dorm.
1 baño"|61|3|||Contacto: nathaly coscocel: 9*8*8*3*8*9*7*9*9Un lugar para que disfrutes de una vista inigualable, áreas verdes y de diversión para toda la familiaBello departamento ubicado frente a la escuela de oficiales en Puente Piedra, ubicado en el piso 9, en edificio con ascensor. Tiene 61m2 que se distribuyen en 3 dormitorios, 1 baño, sala comedor, balcón, cocina cerrada, área de lavado. El departamento tiene menos de 1 año de entrega y poco uso. Tiene Gas natural y viene con terma. Bonita vista a la escuela de oficiales, con mucha vegetación. El mantenimiento es de 100 soles ( incluye agua) Cuenta con áreas comunes como: tiendas, cancha de fulbito, área de juegos de niños, salones de eventos. Además de estar frente a la escuela de policias, a pocos minutos de Tottus de Puente Piedra, mercados, piscinas. contacto: nathaly coscocel: 9*8*8*3*8*9*7*9*9id: 1*1*5*9*2*1*3|https://www.adondevivir.com/propiedades/clasificado/alclapin-alquiler-de-departamento-en-puente-piedra-147935473.html?n_src=Listado&n_pills=%C3%81rea+de+lavander%C3%ADa&n_pg=1&n_pos=1|2026-03-18
adondevivir|departamentos|alquiler|Lima Norte|Puente Piedra|"Jr. de la Agricultura 244, Puente Piedra 15121, Perú
Puente Piedra, Lima"|S/ 1,000 · USD 296|1000|296|||"90 m² tot.
4 dorm.
3 baños"|90|4|3||Alquiler de departamento en puente piedra – 90 m² – 2do piso¿Buscas un hogar amplio, cómodo y bien ubicado? Este departamento flat sin amoblar es ideal para ti y tu familia. Ubicado en una zona segura, tranquila y rodeada de comercios, disfrutarás de una excelente calidad de vida con todo cerca. - Características del inmueble: Área total: 90 m²Piso: 2do pisoZonificación: rdm (Residencial de Densidad Media) 4 habitaciones amplias3 baños completosCocina independienteVista a la calleEntrada independienteExcelente iluminación y ventilación naturalAntigüedad: 5 añosNo cuenta con cochera-? Servicios: Luz: ProrrateadoAgua: ProrrateadoGas natural: SíMantenimiento: No- Ubicación estratégica: Av. Las Torres – Calle La Agricultura, Puente PiedraA solo 3 cuadras de la Panamericana NorteCerca de mercados, colegios, tiendas y transporte públicoZona residencial tranquila, con fácil acceso a avenidas principales? - No se aceptan mascotasCondiciones: Contrato mínimo: 1 año1 mes de garantía + 1 mes de adelanto (1x1) - Agendamos visitas todos los días. ¡No dejes pasar esta oportunidad de vivir en un lugar amplio, bien ubicado y listo para mudarte! Contáctame hoy y agenda tu visita ahora mismo. R. U. C Ver datos|https://www.adondevivir.com/propiedades/clasificado/alclapin-alquiler-departamento-flat-en-puente-piedra-de-90-148517898.html?n_src=Listado&n_pills=%C3%81rea+de+lavander%C3%ADa&n_pg=1&n_pos=2|2026-03-18
adondevivir|departamentos|alquiler|Lima Norte|Puente Piedra|"Avenida Buenos Aires
Puente Piedra, Lima"|S/ 800|800||||"38 m² tot.
1 dorm.
1 baño"|38|1|||"Oportunidad en Puente Piedra: Studio 38m² | Seguro, Iluminado y Céntrico | Incluido serviciostu nuevo espacio te espera Lindo Studio y/o Mini Departamento diseñado para personas que buscan independencia y confort. la propiedad: Área: 38m² en 3° pisoIluminación: Grandes ventanas y excelente luz natural. Diseño: Concepto abierto (Sala/Comedor/Cocina integrada) + Área de Dormitorio + Baño completo. Estilo: Colores claros, neutros y modernos. la zona (Todo a la mano): A 5 min: Tottus y Megamercado Huamantanga. A 8 min: Plaza Vea. Al lado: Tiendas Mass y transporte público constante (Cerca a la Pan. Norte). Servicios: Cerca a Municipalidad, Plaza de Armas, Hospitales y Farmacias. seguridad garantizada: Vigilancia permanente para tu tranquilidad. Precio: S/. 800 mensuales (Incluido servicios y mantenimiento de areas comunes) Contrato de 1 año¡No dejes pasar esta oportunidad! Contáctanos para enviarte video o agendar visita."|https://www.adondevivir.com/propiedades/clasificado/alclapin-moderno-y-acogedor-departamento-en-alquiler-149086669.html?n_src=Listado&n_pg=1&n_pos=3|2026-03-18
adondevivir|departamentos|alquiler|Lima Norte|Puente Piedra|"Vía Asoc. Jardines de Shangri-LA-LOT. AFDB MZ. B1 LT. 27 GRP Chillon
Chillon, Puente Piedra"|S/ 1,200|1200||||"120 m² tot.
3 dorm.
3 baños"|120|3|3||Departamento de 120 m² en alquiler en Asociación Jardines de Shangri Mz B1 Lt. 27 grp Chillón, ideal para familias. Cuenta con 3 recámaras, 3 baños y 2 balcones. Ubicado en el piso 2 de un edificio de 2 pisos, este inmueble ofrece acabados de lujo y un diseño funcional con sala y comedor. La cocina está con lindos acabados, el dormitorio principal cuenta con baño propio y de la misma manera el segundo dormitorio. Además, dispone de área de lavandería e ingreso independiente. En cuanto a la ubicación, la zona de Chillón es principalmente residencial, con un ambiente tranquilo y familiar. Encontrarás escuelas cercanas y parques para disfrutar al aire libre. El acceso es por camino de tierra, lo que le da un toque campestre. Cuenta con cerco de material noble para mayor seguridad. Disfruta de los servicios básicos como agua y luz, además de desagüe. Una excelente opción para quienes buscan comodidad y tranquilidad en un entorno familiar.|https://www.adondevivir.com/propiedades/clasificado/alclapin-departamento-de-120-m-sup2--con-3-recamaras-en-149230545.html?n_src=Listado&n_pills=%C3%81rea+de+lavander%C3%ADa&n_pg=1&n_pos=4|2026-03-18
adondevivir|departamentos|alquiler|Lima Norte|Puente Piedra|"Calle 4 Mz 177 Lote 3 AH Los Olivos al 100
Huandoy, Los Olivos"|S/ 1,200|1200||||"60 m² tot.
3 dorm.
1 baño"|60|3|||Departamento en Alquiler, excelente ubicación en Los Olivos, departamento cómodo a pocos minutos de las avenidas Huandoy, Marañón y Universitaria, en una zona tranquila y de fácil acceso a transporte público, comercios, mercados, colegios y universidades. El departamento cuenta con ambientes bien iluminados y ventilados, ideal para familia, pareja ó personas que buscan vivir en una zona céntrica del distrito. Características: Sala/ComedorCocina completa con reposteros altos y bajosBaño completo3 dormitorios cómodos con closetLavandería con tendalBuena iluminación naturalUbicación estratégica cerca a paraderos, supermercados, mercados, centros de estudio, etc. Cuenta con vista externa y se encuentra en un segundo piso1X1121% comprometidos en brindarte un servicio de excelencia.|https://www.adondevivir.com/propiedades/clasificado/alclapin-alquiler-de-departamento-en-los-olivos-149174629.html?n_src=Listado&n_pills=%C3%81rea+de+lavander%C3%ADa&n_pg=1&n_pos=1|2026-03-18
adondevivir|departamentos|alquiler|Lima Norte|Puente Piedra|"Jr. República de Panamá
San Martín de Porres, Lima"|S/ 3,500|3500|||350|"100 m² tot.
2 dorm.
3 baños
1 estac."|100|2|3|1|Hermoso y moderno departamento con las mejores areas sociales, piscina, gimnasio, sala de coworking, coffe room, pet spa, patio con juego para niños, lounge bar, estacionamiento de bicicletas, totalmente amoblado y equipado, inmejorable ubicacion dos dormitorios, tres baños, sala comedor, cocina, lavanderia, estacionamiento. Alquiler mensual S/3, 500 Cinthya Gil. 9. 5. 5. 5. 4. 3. 7. 4. 3. -. 9. 2. 5. 8. 0. 3. 3. 2. 6. Tenemos este y mas departamentos en alquiler amoblados sin amoblar con linea blanca. Comunicate con nosotros y encuentra el departamento ideal para ti! Hermoso y moderno departamento con las mejores areas sociales, piscina, gimnasio, sala de coworking, coffe room, pet spa, patio con juego para niños, lounge bar, estacionamiento de bicicletas, totalmente amoblado y equipado, inmejorable ubicacion dos dormitorios, tres baños, sala comedor, cocina, lavanderia, estacionamiento. Alquiler mensual S/3, 500 Cinthya Gil. 9. 5. 5. 5. 4. 3. 7. 4. 3. -. 9. 2. 5. 8. 0. 3. 3. 2. 6. Tenemos este y mas departamentos en alquiler amoblados sin amoblar con linea blanca. Comunicate con nosotros y encuentra el departamento ideal para ti! Hermoso y moderno departamento con las mejores areas sociales, piscina, gimnasio, sala de coworking, coffe room, pet spa, patio con juego para niños, lounge bar, estacionamiento de bicicletas, totalmente amoblado y equipado, inmejorable ubicacion dos dormitorios, tres baños, sala comedor, cocina, lavanderia, estacionamiento. Alquiler mensual S/3, 500 Cinthya Gil. 9. 5. 5. 5. 4. 3. 7. 4. 3. -. 9. 2. 5. 8. 0. 3. 3. 2. 6. Tenemos este y mas departamentos en alquiler amoblados sin amoblar con linea blanca. Comunicate con nosotros y encuentra el departamento ideal para ti!|https://www.adondevivir.com/propiedades/clasificado/alclapin-areas-sociales-piscina-gimnasio-zona-de-parrillas-147778523.html?n_src=Listado&n_pills=Gimnasio&n_pg=1&n_pos=2|2026-03-18
adondevivir|departamentos|alquiler|Lima Norte|Puente Piedra|"JR. LOS Helenios 3843
Los Olivos, Lima"|S/ 1,500 · USD 448|1500|448|||"58 m² tot.
2 dorm.
1 baño"|58|2|||Alquiler de hermoso departamento frente de la municipaliad de los olivosubicado en Urb. Las palmeras, A cuadras de Mega Plaza, frente de la Municipalidad de Los Olivos Y A 5 minutos de plaza nortedescripción: -ac: 58 m2-Zonificación: rdmdistribución-Sala amplia, comedor2 dormitorios. - Cocina, amplia-1 baños, área de lavanderíaCaracterísticas generales- Colegios cercanos- Universidades- Centros comerciales como Mega Plaza y Plaza Norte. - Supermercados Metro, Plaza vea. - Centros de estudio, notaria, bancos, clínicas, restaurantes. - Documentos en regla. no esperes mas agenda una visita. R. U. C Ver datos|https://www.adondevivir.com/propiedades/clasificado/alclapin-alquiler-de-departamento-en-los-olivos-frente-la-149119367.html?n_src=Listado&n_pills=Guardian%C3%ADa%2FSeguridad+privada&n_pg=1&n_pos=3|2026-03-18
adondevivir|departamentos|alquiler|Lima Norte|Puente Piedra|"Jiron Los Robles
San Martín de Porres, Lima"|S/ 1,400 · USD 400|1400|400|||"112 m² tot.
3 dorm.
1 baño"|112|3|||Este hermoso y amplio Departamento se encuentra ubicado en un 2ndo. Piso dentro de un Edificio de solo 3 pisos. Sin ascensor pero con una escalera descansada. El Departamento consta de: Sala Comedor amplia, luminosa y ventilada. 1 Baño para visitas. Cocina con área para la Lavandería. 3 Dormitorios amplios y 2 de ellos con clóset abierto. 1 Baño completo con ducha y Therma eléctrica. Cuarto de estudio con vista a la calle, con mueble tipo biblioteca y con escritorio plegable, ideal para profesionales Tiene su propio medidor individual de Luz. El Departamento se encuentra a la espalda de la Av. Pacasmayo y cerca de la Av. Canta Callao que cruza con Av. Faucett. Y de la Av. Los Dominicos y Av. Tomas Valle altura del Hospital Negreiros.|https://www.adondevivir.com/propiedades/clasificado/alclapin-alquiler-de-hermoso-departamento-en-san-martin-de-149076383.html?n_src=Listado&n_pills=Cerca+a+colegios&n_pg=1&n_pos=4|2026-03-18
adondevivir|departamentos|alquiler|Lima Norte|Puente Piedra|"Calle Agatas al 1400
Los Olivos, Los Olivos"|S/ 1,300|1300|||65|"75 m² tot.
2 dorm.
1 baño"|75|2|||Area: 75M25to piso**descripcion**sala comedor´cocina abiertaarea de lavanderia2 habitaciones grandes, ventiladas E iluminadas1 baño completo**area comun**area de tendal en el 5to pisoa 2 cdras. De av universitariaa 3 cdras del paradero del alimentador del metropolitanoa 2 cdra de av izaguirrerodeada de parquespago de alquiler mensual: S/ 1250 solescondicion: 2X1contometro para consumo de aguacaja propia de luzarbitrios municipales: S/ 150 anualmantenimiento: S/ 65 soles mensuales**no se aceptan mascotas**cochera opcional: S/300 soles mensuales**requisitos**presentar sustento de ingresosno estar resportado en infocorp|https://www.adondevivir.com/propiedades/clasificado/alclapin-se-alquila-departamento-de-estreno-los-olivos-149005305.html?n_src=Listado&n_pills=%C3%81rea+de+lavander%C3%ADa&n_pg=1&n_pos=5|2026-03-18
adondevivir|departamentos|alquiler|Lima Norte|Puente Piedra|"Condominio LA Rivera DE SAN Diego
San Martín de Porres, Lima"|S/ 950|950||||"69 m² tot.
3 dorm.
2 baños"|69|3|2||Alquilo lindo departamento en el Condominio La Rivera de San Diego - smp Cerca de la av. Canta Callao, Tottus, Av. 2 de octubre, 15 minutos de Real Plaza Pro y Panamericana Norte.. 3 amplios Dormitorios. 2 baños completos. Hermosa cocina amoblada. Lavandería y terma Solé incorporada. Sala y comedor con balcón. Ambiente para estudio? Áreas comunes: Sala de reuniones, juegos para niños, losa deportiva y Áreas verdes.? Seguridad 24 horas? Intercomunicador? Mantenimiento 120 soles (incluye agua) *Precio del alquiler: s/ 950 soles1x1 ( 1 mes de adelanto + 1 mes de garantía) Servicios aparte Presentar dni peruano Y sustento de ingresos. No mascotas. Visitas: Ver datos|https://www.adondevivir.com/propiedades/clasificado/alclapin-departamento-en-san-martin-de-porres-149178921.html?n_src=Listado&n_pills=Seguridad&n_pg=1&n_pos=6|2026-03-18
adondevivir|departamentos|alquiler|Lima Norte|Puente Piedra|"mayolo 1406 los olivos
Los Olivos, Lima"|S/ 1,100|1100||||"56 m² tot.
3 dorm.
1 baño"|56|3|||9️⃣8️⃣5️⃣9️⃣8️⃣5️⃣2️⃣0️⃣6️⃣ Ubicación: Av. Antúnez de Mayolo N°1406, Los Olivos. Se encuentra en un 3er. Piso, ubicado al lado del bbva, Mercado Covida, Multilab, Plaza Vea, con rápido y fácil acceso al principales avenidas, Av. Panamericana Norte, Av. Atunez de Mayolo y Av. C. Izaguirre, cerca de colegios públicos, privados y universidades (Universidad Católica Sede Sapiens, senati, usil), Municipalidad Los Olivos, a pocos minutos del centro comercial Mega Plaza y Plaza Norte. Características Generales. Área Total: 56. 00m² Área Construcción: 56. 00m² Piso: 3. - Sala comedor amplia con ventilación natural y vista interna. - Cocina kitchenette con reposteros altos y bajos y campana. - 2 Habitaciones amplias con espacio para camas King y Queen. - Baño completo con ducha (terma eléctrica incluida). - Estudio/almacén. - Tendal y lavandería en azotea. Condiciones: - 1 de garantía 1 de adelanto. - No mascotas. ️️Agenda tu visita ¡ahora!|https://www.adondevivir.com/propiedades/clasificado/alclapin-alquilo-mini-departamento-av.-antunez-de-mayolo-los-147595521.html?n_src=Listado&n_pills=Cerca+a+colegios&n_pg=1&n_pos=7|2026-03-18
adondevivir|departamentos|alquiler|Lima Norte|Puente Piedra|"Calle 6 de Enero
Los Olivos, Lima"|S/ 1,100|1100||||"80 m² tot.
2 dorm.
1 baño"|80|2|||Departamento en alquiler en un 1er piso. Ubicado En La Calle 06 de Enero, Altura de la Av. Angélica Gamarra y. la Av. Universitaria En Los Olivos, Cerca del Palacio de la Juventud, Parques, Colegios., comercios y transporte público. Características: - Área: 80 M2. - Sala-Comedor. - Cocina Cerrada. - 2 Dormitorios Amplios. - 1 Baño Completo. - 1 Patio Con Lavandería. - Piso: 1. - Precio De Alquiler: S. / 1, 100. - Servicio de Luz y Agua independiente y próximo a tener gas natural. - No mascotas. condiciones: - 1 Mes De Adelanto + 2 Meses De Garantía. - Contrato Mínimo 1 Año. - Mostrar Boletas De Ingreso. - Estar Bien En Infocorp. *Si Deseas Mayor Información Y Reservar Una Visita Contáctanos*|https://www.adondevivir.com/propiedades/clasificado/alclapin-se-alquila-departamento-en-1er-piso-en-los-olivos-148593629.html?n_src=Listado&n_pills=%C3%81rea+de+lavander%C3%ADa&n_pg=1&n_pos=8|2026-03-18
adondevivir|departamentos|alquiler|Lima Norte|Puente Piedra|"Jirón Bello Horizonte 1777
Av.peru, San Martín de Porres"|S/ 1,400|1400||||"65 m² tot.
4 dorm.
2 baños"|65|4|2||Alquilo minidepartamento en piso 2 de 55 M2 por piso. tipo duplex en casa multifamiliar con su respectiva azotea para tendal, referencia altura cudra 17 av peru (ref, puente dueñas), cerca A la linea amarilla, av argentina Y colonia, cuenta con: cuatros dormitorio. dos baños completos Y respectiva ducha. una cocina abierta cuenta con gas natural. un sala comedor. contar con sustento de ingreso. condiciones: un(01) mes garantia Y un (01) adelanto)|https://www.adondevivir.com/propiedades/clasificado/alclappa-alquilo-minidepartamento-en-casa-multifamiliar-149189041.html?n_src=Listado&n_pills=%C3%81rea+de+lavander%C3%ADa&n_pg=1&n_pos=9|2026-03-18
adondevivir|departamentos|alquiler|Lima Norte|Puente Piedra|"covite san martin de porres
Coviti, San Martín de Porres"|S/ 1,500 · USD 416|1500|416|||"140 m² tot.
3 dorm.
3 baños"|140|3|3||Área: 140m. Dormitorios: 3. Baños: 3. Cocina: 1 cerrada. Patio: 1. Lavandería: 1. Alquiler: S/. 1500 soles. Garantía: 2x1. Departamento en 1 piso con excelente estado con buena luz natural el piso todo enchapado en mayólica; sala comedor amplia; cocina toda enchapada en mayólica ; dormitorios 3 amplios (principal con baño incorporado) ; los baños todos enchapados en mayólica; lavandería y patio todo enchapado en mayólica. Departamento rodeado de centros de comercio y avenidas importantes. No se aceptan mascotas. Departamento muy aparente familia pequeña o adulto mayor. También se puede usar como oficina a puerta cerrada.|https://www.adondevivir.com/propiedades/clasificado/alclapin-gran-oportunidad-departamento-en-1-piso-en-san-martin-147806136.html?n_src=Listado&n_pills=%C3%81rea+de+lavander%C3%ADa&n_pg=1&n_pos=10|2026-03-18
adondevivir|departamentos|alquiler|Lima Norte|Puente Piedra|"Av. Francisco Bolognesi 195
Comas, Lima"|S/ 1,100|1100||||"60 m² tot.
2 dorm.
1 baño"|60|2|||Departamento en 1er piso – 60 m² Ubicado en Av. Gerardo Unger, a solo 1 minuto del mercado Unicachi. Este acogedor departamento es ideal para pareja o familia pequeña que busque comodidad y buena ubicación. Características del departamento (Primer Piso): * Ubicado en Av. Francisco Bolognesi 195. - Área: 60 m2. - Primer piso. - 2 habitaciones. - Sala amplia. - Comedor amplio. - Cocina con muebles altos y bajos. - Lavandería independiente. - Patio interno de aprox. 2 x 3 m (en una habitación, ideal como zona de juegos) - Servicios independizados (agua y luz) - No cuenta con gas cálida (proximamente) Ubicación: - A 1 minuto del mercado Unicachi. - A 5 minutos de la Comisaría de Santa Luzmila. - A 2 minutos del Mallplaza Comas. Precio: - Alquiler mensual: S/ 1, 100. Requisitos: - No extranjeros. - Sin moras en Infocorp. - Sustento de ingresos (planilla o pdt si es independiente) - Firma de contrato. - Se permite 1 mascota pequeña (menor a la altura de la rodilla) contacto: Para más información o agendar una visita: Christopher Núñez – Asesor Inmobiliario. 927*133*062|https://www.adondevivir.com/propiedades/clasificado/alclapin-departamento-en-alquiler-1er-piso-en-comas-estreno-149050460.html?n_src=Listado&n_pills=Cerca+a+colegios&n_pg=1&n_pos=11|2026-03-18
adondevivir|departamentos|alquiler|Lima Norte|Puente Piedra|"Avenida Condorcanqui 1582
Carabayllo, Lima"|S/ 680|680|||50|"60 m² tot.
2 dorm.
1 baño"|60|2|||Departamento de estreno, excelente ubicación. Vive la experiencia de estrenar tu hogar en este moderno departamento, que ha sido diseñado aprovechando cada espacio con comodidad y funcionalidad. 2 dormitorios, uno de ellos con vista exterior y un baño completo. Sala comedor muy iluminada con vista a calle, cocina tipo kitchenette, ideal para un estilo de vida practico y moderno. Ubicación privilegiada, en avenida principal, con rápido acceso a distintos comercios, restaurantes y entidades financieras, facilitando tu dia a dia.|https://www.adondevivir.com/propiedades/clasificado/alclapin-departamento-estreno!-alquiler-vista-calle-2-dorm.-148744547.html?n_src=Listado&n_pills=Cerca+a+colegios&n_pg=1&n_pos=12|2026-03-18
adondevivir|departamentos|alquiler|Lima Norte|Puente Piedra|"Pasaje 23 de mayo 109, Los Olivos
Los Olivos, Lima"|S/ 900|900||||"75 m² tot.
1 dorm.
1 baño"|75|1|||Alquiler de un Departamento. amplio Y acogedor departamento en alquiler. Distrito de los olivos. Pasaje 23 de mayo cuadra 1. Altura cuadra 13 Av. Universitaria, a 2 cuadras de plaza vea, a unas cuadras de tomas valle, zona altamente comercial. Departamento en 1er piso. Vista interna. Metraje: 75 mts. Distrito; Los Olivos. Características: No tiene pago de mantenimiento. Además cuenta con: Sala comedor. 01 Dormitorios. 01 baños completo. 01 Cocina con muebles bajos. 01 Estudio o almacén amplio. Area de lavanderia. Patio interno. Extranjeros: no. Mascotas de Preferencia No. El Monto del Alquiler de este Departamento es: *S/900. 00 soles* Un Mes de Alquiler y. Un Mes de Garantía. Nota. - Clientes con dni que tengan sustento de pago. Más información Y vídeo al 9. 9. 7. 8. 7. 7. 6. 1. 1|https://www.adondevivir.com/propiedades/clasificado/alclapin-amplio-departamento-en-alquiler-1er-piso.-146589433.html?n_src=Listado&n_pills=Cerca+a+colegios&n_pg=1&n_pos=13|2026-03-18
adondevivir|departamentos|alquiler|Lima Norte|Puente Piedra|"Los Incas 118
Valdiviezo, San Martín de Porres"|S/ 1,700|1700||||"128 m² tot.
4 dorm.
3 baños"|128|4|3||Se alquila moderno y amplio departamento ubicado en la Urbanización Valdiviezo, en segundo piso con acceso independiente. Cuenta con excelente iluminación natural, buena distribución de ambientes y documentos en regla. Área total: 128 m² Ubicación: Segundo piso. Acceso independiente. condiciones: 2X1. Distribución: -Amplia sala – comedor con excelente iluminación. -Cocina moderna de concepto abierto, amoblada y con finos acabados. -2 dormitorios amplios con baño completo incorporado. -2 dormitorios medianos. -1 baño completo adicional. -1 baño de visita. -Lavandería con buena ventilación. -Balcón amplio. Equipamiento: -Cisterna. -Tanque elevado. -8 puntos de gas Calidda instalados. Ubicación estratégica: -A media cuadra de la Av. José Granda. -Frente al Colegio Fe y Alegría. -Cerca de la Municipalidad de San Martín de Porres. -A pocos minutos del Óvalo José Granda y Av. Universitaria. -Fácil acceso a transporte público, comercios y servicios. Ideal para familias que buscan amplitud, buena ubicación y un departamento listo para habitar. Contáctanos para mayor información o para agendar una visita.|https://www.adondevivir.com/propiedades/clasificado/alclapin-amplio-departamento-en-alquiler-urb.-valdiviezo-san-149262306.html?n_src=Listado&n_pills=%C3%81rea+de+lavander%C3%ADa&n_pg=1&n_pos=14|2026-03-18
adondevivir|departamentos|alquiler|Lima Norte|Puente Piedra|"Jiron José Santos Atahualpa
Los Olivos, Lima"|S/ 1,600|1600|||100|"120 m² tot.
3 dorm.
1 baño"|120|3|||Entre las avenidas angelica gamarra, av. Beta Y av. Tomas valle. 3 dorm. / sala de estar / balcon / 120m2 / frente A parque. ¡bienvenidos A su nuevo hogar en los olivos! Imagínate despertar cada día con la vista al parque desde la comodidad de tu hogar. Este amplio departamento de 120m², ubicado en el 5to piso, es el lugar perfecto para que tu familia y tú disfruten de una vida tranquila y cómoda. Características: Sala: Espaciosa y bien iluminada. Comedor: Con balcón y excelente vista. Sala de estar/tv: Ideal para el entretenimiento familiar y momentos de relax. Baño de visita. 3 Dormitorios: Todos con amplios closets. Baño completo: Equipado con ducha. Patio/Lavandería: Con amplios closets para ropa blanca. Ventajas para familias con hijos estudiantes: Cercanía a colegios y universidades. Ambiente seguro y familiar. Espacios amplios y funcionales para el estudio y el descanso. Ubicación: Entre las Avenidas Angélica Gamarra, Av. Beta y Av. Tomás Valle. Cerca a centros comerciales, colegios, universidades, supermercados. ¡Super accesible! Ubicación: Los Olivos, Lima. A pocos minutos de tiendas, centros comerciales, colegios y servicios esenciales, de fácil acceso. Vistas: Disfruta de una hermosa vista al parque desde la comodidad de tu hogar. Contacto: Para más información y agendar una visita, por favor comunícate al 9. 6. 1. 8. 9. 7. 4. 1. 3|https://www.adondevivir.com/propiedades/clasificado/alclapin-departamento-de-120-m-sup2--con-3-dorm.-en-alquiler-145746005.html?n_src=Listado&n_pills=Frente+a+parque&n_pg=1&n_pos=15|2026-03-18
adondevivir|departamentos|alquiler|Lima Norte|Puente Piedra|"Av. Carlos Izaguirre
Los Olivos, Lima"|S/ 2,000|2000|||200|"90 m² tot.
2 dorm.
3 baños
1 estac."|90|2|3|1|Moderno departamento de estreno con: 1 Habitación principal amoblado con baño privado. 1 Habitación secundaria amoblado con baño privado. Sala. Comedor americano. 1 baño de visita. 1 Estacionamiento. Área para lavandería. Ubicado en zona céntrica y segura. Cerca de centros comerciales y rutas de transporte público. Condiciones de Alquiler: Se alquila solo a peruanos. Presentar sustento de ingreso (boleta de pago). Contrato mínimo de 1 año. 1 mes de adelanto y 2 meses de garantía. No mascotas. Agenda tu visita enviando un wasapp.|https://www.adondevivir.com/propiedades/clasificado/alclappa-departamento-de-estreno-con-vista-panoramica-147522966.html?n_src=Listado&n_pills=%C3%81rea+de+lavander%C3%ADa&n_pg=1&n_pos=16|2026-03-18
adondevivir|departamentos|alquiler|Lima Norte|Puente Piedra|"Héroes de la Paz
Carabayllo, Lima"|S/ 1,200|1200||||"113 m² tot.
3 dorm.
1 baño"|113|3|||"Alquiler Segundo Piso – 113 m² frente a Colegio Juan Pablo Peregrino | Residencial Lucyana – Carabayllo. Se alquila amplio espacio de 113 m² en segundo piso, ubicado frente al Colegio Juan Pablo Peregrino, en la zona residencial de Lucyana. Distribución: * Sala – comedor amplio con balcón. * 3 ambientes grandes (habitaciones / oficinas / consultorios) * Cocina espaciosa. * 1 baño. Ubicación estratégica cerca de la Avenida Universitaria, cerca a Mass, Boticas, Gimnasio. Con transporte permanente, paraderos cercanos y acceso al Metropolitano de Lima. La zona cuenta con mercados, bodegas, restaurantes, colegios e institutos, generando buen flujo de personas. Ideal para: * Vivienda. * Centro educativo o terapias de aprendizaje. * Consultorio psicológico o nutricional. * Cosmiatría / estética. * Home studio o negocio de servicios. Condiciones: * Abono de 2 meses de garantía + 1 mes de adelanto. * Contrato a un año. * Costo 1250 soles. Gran potencial comercial por estar en zona comercial frente a colegio."|https://www.adondevivir.com/propiedades/clasificado/alclapin-departamento-de-113-m-sup2--con-3-dorm.-en-alquiler-en-149260917.html?n_src=Listado&n_pills=Gimnasio&n_pg=1&n_pos=17|2026-03-18
adondevivir|departamentos|alquiler|Lima Norte|Puente Piedra|"LOS CACTUS 435 LOS OLIVOS
Los Olivos, Lima"|S/ 1,300|1300||||"65 m² tot.
2 dorm.
2 baños"|65|2|2||Buscas un departamento en estreno Y que estes en una urbanización cerrada Y que no pagues mantenimiento, Y con la seguridad 24/7?, este departamento es para ti. A 5 minutos de Megaplaza, cerca a Colegios emblemáticos Perú Japón y Jorge Basadre, cerca Av. Alisos, Av. Palmeras y la Av. Panamericana Norte, con acceso al metropolitano cerca a la estación del Naranjal. Presenta la siguiente distribución: amplia sala comedor, cocina cerrada con muebles altos y bajo, con espacio para cocina de 4 hornillas, área de lavandería, 2 dormitorios, pasadizo, 2 baño completo. *El departamento cuenta con conexión a gas Cálida. *Agua, luz independiente (contometro servicio de agua) y (medidor de luz) *Si necesitas estacionamiento, adicional a 180 soles. Área 65 m2. agenda ya tu visita! Requisitos: - dnis. - sustento de ingresos: Boletas de pago, pdts. - no estar reportado negativamente en centrales de riesgo. Condiciones: Contrato Notarial por un año. 1 mes de garantia. 1 mes de adelanto. Agenda tu visita, contactame ya!|https://www.adondevivir.com/propiedades/clasificado/alclapin-amplio-y-acogedor-departamento-en-estreno-65-m-3er-147227543.html?n_src=Listado&n_pills=Guardian%C3%ADa%2FSeguridad+privada&n_pg=1&n_pos=18|2026-03-18
adondevivir|departamentos|alquiler|Lima Norte|Puente Piedra|"MZ. 43 LOTE 23 URB. TORREBLANCA II ETAPA
Manuel Scorza, Carabayllo"|S/ 500 · USD 22,256|500|22256|||"33 m² tot.
2 dorm.
1 baño"|33|2|||Segundo Piso – Dpto A – 33. 17 m² – S/75, 000. “Tu Primer Depa Desde S/75, 000 en Torreblanca” “Precio Perfecto: 33 m² Inteligentes en el Segundo Piso” “La Mejor Entrada al Mercado Inmobiliario: S/75, 000”|https://www.adondevivir.com/propiedades/clasificado/veclapin--oportunidad-torreblanca-ii-ex-techo-propio-o-doral-148344288.html?n_src=Listado&n_pills=Seguridad&n_pg=1&n_pos=19|2026-03-18
adondevivir|departamentos|alquiler|Lima Norte|Puente Piedra|"Manuel González Prada
Comas, Comas"|S/ 1,100 · USD 280|1100|280||120|"50 m² tot.
2 dorm.
1 baño"|50|2|||Https: //www. instagram. com/cano. sectorinmobiliario/ Departamento en Alquiler – Distrito de Comas - 50m2. - Características del departamento. - 2 dormitorios. - 1 baño completo. - Sala cómoda. - Cocina americana. - Lavandería incorporada en la cocina. - Ubicado en piso 16. - Buena iluminación y ventilación natural. Condiciones del alquiler. - Alquiler mensual: S/ 1, 100. - Mantenimiento: S/ 120. - Condición: 2 x 1 (dos meses de garantía y un mes de adelanto) - Ubicación y entorno. - A 5 minutos del Club Sincero Roca, cerca al Mall Plaza Comas y fácil acceso a la Av. Universitaria. Zona con comercios, transporte público y servicios.|https://www.adondevivir.com/propiedades/clasificado/alclapin-depa-en-comas-2dorm-1bano-50-m-sup2--piso16-148695936.html?n_src=Listado&n_pills=Ascensor&n_pg=1&n_pos=20|2026-03-18
adondevivir|departamentos|alquiler|Lima Norte|Puente Piedra|"Casuarinas de Naranjal L8 Mz D
San Martín de Porres, Lima"|S/ 1,000|1000||||"80 m² tot.
2 dorm.
1 baño"|80|2|||Ubicado en segundo piso por medio de escaleras cómodas y seguras, a una cuadra de la Av Naranjal. - Área 80 m2. - Amplia e iluminada sala comedor. - Dos dormitorios con capacidad para cama queen. - Un baño completo. - Cocina cerrada con mesones de cerámica. - Gas Calidda. - Terma a gas. - Área de lavandería y tendal en azotea. Condiciones. Precio: S/1, 000 incluye mantenimiento. 2x1 (un mes de adelanto y dos meses de garantía) Consumo de Gas y electricidad independiente. Contáctame para agendar tu visita!|https://www.adondevivir.com/propiedades/clasificado/alclapin-se-alquila-departamento-en-casuarinas-de-naranjal-san-148608474.html?n_src=Listado&n_pills=%C3%81rea+de+lavander%C3%ADa&n_pg=1&n_pos=21|2026-03-18
adondevivir|departamentos|alquiler|Lima Norte|Puente Piedra|"Sta. Mercedes 308 al 300
San Martín de Porres, Lima"|S/ 1,000|1000||||"110 m² tot.
2 dorm.
1 baño"|110|2|||Contacto: narcelis mata cel: 9*1*7*1*9*9*6*2*9 Alquiler de Departamento en Av. Santa Mercedes, Urb. Palao (smp) Se ofrece en alquiler un cómodo departamento ubicado a pocos minutos de la Panamericana Norte, Av. Alfredo Mendiola, grifos, uni, británico, hospital clínica y universidad Cayetano Heredia, colegios, restaurantes, tiendas y Plaza Norte. Características principales: Área: 110 m²2 habitaciones (la principal con walking closet) 1 baño completo Vista exterior Cocina cerrada con muebles altos y bajos Sala-comedor amplia y acogedora Espacio adicional ideal para depósito Luz y agua con medidores independientes Se acepta 1 mascota pequeña con mucho gustoCondiciones: No se alquila a extranjeros Requiere 1 mes de adelanto y 1 mes de garantía Historial favorable en Infocorp y buen score crediticio Certiadulto vigente Últimas 3 boletas de pago Para independientes: ficha ruc e ingresos del último añocontacto: narcelis mata cel: 9*1*7*1*9*9*6*2*9 id: 1*1*3*5*3*4*0|https://www.adondevivir.com/propiedades/clasificado/alclapin-alquiler-departamento-en-av-santa-mercedes-urb-palao-146155118.html?n_src=Listado&n_pg=1&n_pos=22|2026-03-18
adondevivir|departamentos|alquiler|Lima Norte|Puente Piedra|"Av. Gerardo Unger 6227, Comas
Comas, Lima"|S/ 750 · USD 203|750|203|||"70 m² tot.
2 dorm.
2 baños"|70|2|2||Alquiler de Departamento en Tercer Piso en Una Excelente Ubicación en ComasUbicación: Av. Gerardo Unger 6232 Comas Entre Av. San Bernando y av. MetropolitanaDepartamento acogedor, con: -2 Habitaciones con closet-2 baños-1 Cocina-Sala / Comedor-Vista interna (no es vista calle) -Cuenta con gas Calidda-Zona de tendal en el ultimo piso (opcional) -No se permite perros. -Edificio tranquilo, sin bulla. -Frente a Mercado La Esperanza y el Vivero de plantasT. C. 3. 50Tipo de cambio referencial, sujeto a variación diaria por fluctuación del mercado|https://www.adondevivir.com/propiedades/clasificado/alclapin-alquiler-de-departamento-en-segundo-piso-en-una-146061051.html?n_src=Listado&n_pg=1&n_pos=23|2026-03-18
adondevivir|departamentos|alquiler|Lima Norte|Puente Piedra|"Av, Condorcanqui
Carabayllo, Lima"|S/ 750 · USD 203|750|203|||"76 m² tot.
2 dorm.
1 baño"|76|2|||Excelente oportunidad de alquiler en Carabayllo, Hermoso departamento de 76 m², con una impresionante vista panorámica de la Avenida Condorcanqui. Área: 76 M2Ubicado en el 3er piso con ingreso independiente (sin ascensor) 2 habitaciones - (ingresan camas de 2 plazas) CocinaLavandería con instalación con lavadora1 baño completoSala y comedor. Espacio para oficina, hall. Luz natural en todo el departamento. No se paga mantenimientoLuz independienteGas cálidaA tan solo 2 cuadras de la estación Metropolitano (troncal), cerca a la Av. Universitaria, Av. Chimpu Ocllo, colegio Innova School, Mercados, enace, Parques y másPrecio de alquiler. S/750. 00Modalidad 2x1No estar reportados en Infocorpsc. rp1R. U. C Ver datos|https://www.adondevivir.com/propiedades/clasificado/alclapin-departamento-en-alquiler-en-carabayllo-146492447.html?n_src=Listado&n_pills=%C3%81rea+de+lavander%C3%ADa&n_pg=1&n_pos=24|2026-03-18
adondevivir|departamentos|alquiler|Lima Norte|Puente Piedra|"Pasaje Abelardo Quiñones Lote 51A Comas
Comas, Lima"|S/ 600 · USD 169|600|169|||"40 m² tot.
1 dorm.
1 baño"|40|1|||Contamos con 2 habitaciones independientes con baño incorporado para estudiantes universitarios, esta ubicada cerca a la upn,, academias, referencias avenida Universitaria con BelaundeArea 40 m2Excelente iluminacionPatio tendalEspacio lavanderiaMas informacion, contactameR. U. C Ver datos|https://www.adondevivir.com/propiedades/clasificado/alclapin-alquilo-habitacion-exclusivo-estudiantes-147972721.html?n_src=Listado&n_pills=%C3%81rea+de+lavander%C3%ADa&n_pg=1&n_pos=25|2026-03-18
adondevivir|departamentos|alquiler|Lima Norte|Puente Piedra|"Jr. Sta Eulalia 349
Los Olivos, Lima"|S/ 950 · USD 275|950|275|||"75 m² tot.
2 dorm.
1 baño"|75|2|||Alquiler de departamento sin amoblar excelente iluminación en Los Olivos2 Dormitorios1 Baño Completo3er Piso vista interna75 m2 de Área5 años de AntigüedadDescripción: 2 Dormitorios1 Baño completoSala y comedor amplioCocina ampliaÁrea de lavanderíavista al internaÁrea de Tendal: AzoteaEl Edificio: 3 pisos2 departamentos por pisoIntercomunicador: SiUbicación: Calle Santa Eulalia y 2 cuadras de la Av. Angelica GamarraA 3 cuadras de la Av. Universitaria Av. Tomas Valle y Av. BetaA10 Minutos de Av. Mayolo Av. Izaguirre y Municipalidad de los OlivosFácil acceso al transporte público y privadoMantenimiento: No pagaLuz: Contómetro independienteAgua: Según consumoGas Calidda: NoCondiciones: Contrato mínimo: 1 año. 1 mes de adelanto y 1 mes de garantía (1 x 1) (*) No permite mascotas(*) No extranjerosAgendamos visitas todos los días, no dejes pasar esta oportunidad! R. U. C Ver datos|https://www.adondevivir.com/propiedades/clasificado/alclapin-departamento-en-los-olivos-149290848.html?n_src=Listado&n_pills=%C3%81rea+de+lavander%C3%ADa&n_pg=1&n_pos=26|2026-03-18
adondevivir|departamentos|alquiler|Lima Norte|San Martin de Porres|"Jr. República de Panamá
San Martín de Porres, Lima"|S/ 3,500|3500|||350|"100 m² tot.
2 dorm.
3 baños
1 estac."|100|2|3|1|Hermoso y moderno departamento con las mejores areas sociales, piscina, gimnasio, sala de coworking, coffe room, pet spa, patio con juego para niños, lounge bar, estacionamiento de bicicletas, totalmente amoblado y equipado, inmejorable ubicacion dos dormitorios, tres baños, sala comedor, cocina, lavanderia, estacionamiento. Alquiler mensual S/3, 500 Cinthya Gil. 9. 5. 5. 5. 4. 3. 7. 4. 3. -. 9. 2. 5. 8. 0. 3. 3. 2. 6. Tenemos este y mas departamentos en alquiler amoblados sin amoblar con linea blanca. Comunicate con nosotros y encuentra el departamento ideal para ti! Hermoso y moderno departamento con las mejores areas sociales, piscina, gimnasio, sala de coworking, coffe room, pet spa, patio con juego para niños, lounge bar, estacionamiento de bicicletas, totalmente amoblado y equipado, inmejorable ubicacion dos dormitorios, tres baños, sala comedor, cocina, lavanderia, estacionamiento. Alquiler mensual S/3, 500 Cinthya Gil. 9. 5. 5. 5. 4. 3. 7. 4. 3. -. 9. 2. 5. 8. 0. 3. 3. 2. 6. Tenemos este y mas departamentos en alquiler amoblados sin amoblar con linea blanca. Comunicate con nosotros y encuentra el departamento ideal para ti! Hermoso y moderno departamento con las mejores areas sociales, piscina, gimnasio, sala de coworking, coffe room, pet spa, patio con juego para niños, lounge bar, estacionamiento de bicicletas, totalmente amoblado y equipado, inmejorable ubicacion dos dormitorios, tres baños, sala comedor, cocina, lavanderia, estacionamiento. Alquiler mensual S/3, 500 Cinthya Gil. 9. 5. 5. 5. 4. 3. 7. 4. 3. -. 9. 2. 5. 8. 0. 3. 3. 2. 6. Tenemos este y mas departamentos en alquiler amoblados sin amoblar con linea blanca. Comunicate con nosotros y encuentra el departamento ideal para ti!|https://www.adondevivir.com/propiedades/clasificado/alclapin-areas-sociales-piscina-gimnasio-zona-de-parrillas-147778523.html?n_src=Listado&n_pills=Piscina&n_pg=1&n_pos=1|2026-03-18
adondevivir|departamentos|alquiler|Lima Norte|San Martin de Porres|"Jiron Los Robles
San Martín de Porres, Lima"|S/ 1,400 · USD 400|1400|400|||"112 m² tot.
3 dorm.
1 baño"|112|3|||Este hermoso y amplio Departamento se encuentra ubicado en un 2ndo. Piso dentro de un Edificio de solo 3 pisos. Sin ascensor pero con una escalera descansada. El Departamento consta de: Sala Comedor amplia, luminosa y ventilada. 1 Baño para visitas. Cocina con área para la Lavandería. 3 Dormitorios amplios y 2 de ellos con clóset abierto. 1 Baño completo con ducha y Therma eléctrica. Cuarto de estudio con vista a la calle, con mueble tipo biblioteca y con escritorio plegable, ideal para profesionales Tiene su propio medidor individual de Luz. El Departamento se encuentra a la espalda de la Av. Pacasmayo y cerca de la Av. Canta Callao que cruza con Av. Faucett. Y de la Av. Los Dominicos y Av. Tomas Valle altura del Hospital Negreiros.|https://www.adondevivir.com/propiedades/clasificado/alclapin-alquiler-de-hermoso-departamento-en-san-martin-de-149076383.html?n_src=Listado&n_pills=%C3%81rea+de+lavander%C3%ADa&n_pg=1&n_pos=2|2026-03-18
adondevivir|departamentos|alquiler|Lima Norte|San Martin de Porres|"Condominio LA Rivera DE SAN Diego
San Martín de Porres, Lima"|S/ 950|950||||"69 m² tot.
3 dorm.
2 baños"|69|3|2||Alquilo lindo departamento en el Condominio La Rivera de San Diego - smp Cerca de la av. Canta Callao, Tottus, Av. 2 de octubre, 15 minutos de Real Plaza Pro y Panamericana Norte.. 3 amplios Dormitorios. 2 baños completos. Hermosa cocina amoblada. Lavandería y terma Solé incorporada. Sala y comedor con balcón. Ambiente para estudio? Áreas comunes: Sala de reuniones, juegos para niños, losa deportiva y Áreas verdes.? Seguridad 24 horas? Intercomunicador? Mantenimiento 120 soles (incluye agua) *Precio del alquiler: s/ 950 soles1x1 ( 1 mes de adelanto + 1 mes de garantía) Servicios aparte Presentar dni peruano Y sustento de ingresos. No mascotas. Visitas: Ver datos|https://www.adondevivir.com/propiedades/clasificado/alclapin-departamento-en-san-martin-de-porres-149178921.html?n_src=Listado&n_pills=Guardian%C3%ADa%2FSeguridad+privada&n_pg=1&n_pos=3|2026-03-18
adondevivir|departamentos|alquiler|Lima Norte|San Martin de Porres|"Jirón Bello Horizonte 1777
Av.peru, San Martín de Porres"|S/ 1,400|1400||||"65 m² tot.
4 dorm.
2 baños"|65|4|2||Alquilo minidepartamento en piso 2 de 55 M2 por piso. tipo duplex en casa multifamiliar con su respectiva azotea para tendal, referencia altura cudra 17 av peru (ref, puente dueñas), cerca A la linea amarilla, av argentina Y colonia, cuenta con: cuatros dormitorio. dos baños completos Y respectiva ducha. una cocina abierta cuenta con gas natural. un sala comedor. contar con sustento de ingreso. condiciones: un(01) mes garantia Y un (01) adelanto)|https://www.adondevivir.com/propiedades/clasificado/alclappa-alquilo-minidepartamento-en-casa-multifamiliar-149189041.html?n_src=Listado&n_pills=%C3%81rea+de+lavander%C3%ADa&n_pg=1&n_pos=4|2026-03-18
adondevivir|departamentos|alquiler|Lima Norte|San Martin de Porres|"covite san martin de porres
Coviti, San Martín de Porres"|S/ 1,500 · USD 416|1500|416|||"140 m² tot.
3 dorm.
3 baños"|140|3|3||Área: 140m. Dormitorios: 3. Baños: 3. Cocina: 1 cerrada. Patio: 1. Lavandería: 1. Alquiler: S/. 1500 soles. Garantía: 2x1. Departamento en 1 piso con excelente estado con buena luz natural el piso todo enchapado en mayólica; sala comedor amplia; cocina toda enchapada en mayólica ; dormitorios 3 amplios (principal con baño incorporado) ; los baños todos enchapados en mayólica; lavandería y patio todo enchapado en mayólica. Departamento rodeado de centros de comercio y avenidas importantes. No se aceptan mascotas. Departamento muy aparente familia pequeña o adulto mayor. También se puede usar como oficina a puerta cerrada.|https://www.adondevivir.com/propiedades/clasificado/alclapin-gran-oportunidad-departamento-en-1-piso-en-san-martin-147806136.html?n_src=Listado&n_pills=%C3%81rea+de+lavander%C3%ADa&n_pg=1&n_pos=5|2026-03-18
adondevivir|departamentos|alquiler|Lima Norte|San Martin de Porres|"Los Incas 118
Valdiviezo, San Martín de Porres"|S/ 1,700|1700||||"128 m² tot.
4 dorm.
3 baños"|128|4|3||Se alquila moderno y amplio departamento ubicado en la Urbanización Valdiviezo, en segundo piso con acceso independiente. Cuenta con excelente iluminación natural, buena distribución de ambientes y documentos en regla. Área total: 128 m² Ubicación: Segundo piso. Acceso independiente. condiciones: 2X1. Distribución: -Amplia sala – comedor con excelente iluminación. -Cocina moderna de concepto abierto, amoblada y con finos acabados. -2 dormitorios amplios con baño completo incorporado. -2 dormitorios medianos. -1 baño completo adicional. -1 baño de visita. -Lavandería con buena ventilación. -Balcón amplio. Equipamiento: -Cisterna. -Tanque elevado. -8 puntos de gas Calidda instalados. Ubicación estratégica: -A media cuadra de la Av. José Granda. -Frente al Colegio Fe y Alegría. -Cerca de la Municipalidad de San Martín de Porres. -A pocos minutos del Óvalo José Granda y Av. Universitaria. -Fácil acceso a transporte público, comercios y servicios. Ideal para familias que buscan amplitud, buena ubicación y un departamento listo para habitar. Contáctanos para mayor información o para agendar una visita.|https://www.adondevivir.com/propiedades/clasificado/alclapin-amplio-departamento-en-alquiler-urb.-valdiviezo-san-149262306.html?n_src=Listado&n_pills=%C3%81rea+de+lavander%C3%ADa&n_pg=1&n_pos=6|2026-03-18
adondevivir|departamentos|alquiler|Lima Norte|San Martin de Porres|"Casuarinas de Naranjal L8 Mz D
San Martín de Porres, Lima"|S/ 1,000|1000||||"80 m² tot.
2 dorm.
1 baño"|80|2|||Ubicado en segundo piso por medio de escaleras cómodas y seguras, a una cuadra de la Av Naranjal. - Área 80 m2. - Amplia e iluminada sala comedor. - Dos dormitorios con capacidad para cama queen. - Un baño completo. - Cocina cerrada con mesones de cerámica. - Gas Calidda. - Terma a gas. - Área de lavandería y tendal en azotea. Condiciones. Precio: S/1, 000 incluye mantenimiento. 2x1 (un mes de adelanto y dos meses de garantía) Consumo de Gas y electricidad independiente. Contáctame para agendar tu visita!|https://www.adondevivir.com/propiedades/clasificado/alclapin-se-alquila-departamento-en-casuarinas-de-naranjal-san-148608474.html?n_src=Listado&n_pills=%C3%81rea+de+lavander%C3%ADa&n_pg=1&n_pos=7|2026-03-18
adondevivir|departamentos|alquiler|Lima Norte|San Martin de Porres|"Sta. Mercedes 308 al 300
San Martín de Porres, Lima"|S/ 1,000|1000||||"110 m² tot.
2 dorm.
1 baño"|110|2|||Contacto: narcelis mata cel: 9*1*7*1*9*9*6*2*9 Alquiler de Departamento en Av. Santa Mercedes, Urb. Palao (smp) Se ofrece en alquiler un cómodo departamento ubicado a pocos minutos de la Panamericana Norte, Av. Alfredo Mendiola, grifos, uni, británico, hospital clínica y universidad Cayetano Heredia, colegios, restaurantes, tiendas y Plaza Norte. Características principales: Área: 110 m²2 habitaciones (la principal con walking closet) 1 baño completo Vista exterior Cocina cerrada con muebles altos y bajos Sala-comedor amplia y acogedora Espacio adicional ideal para depósito Luz y agua con medidores independientes Se acepta 1 mascota pequeña con mucho gustoCondiciones: No se alquila a extranjeros Requiere 1 mes de adelanto y 1 mes de garantía Historial favorable en Infocorp y buen score crediticio Certiadulto vigente Últimas 3 boletas de pago Para independientes: ficha ruc e ingresos del último añocontacto: narcelis mata cel: 9*1*7*1*9*9*6*2*9 id: 1*1*3*5*3*4*0|https://www.adondevivir.com/propiedades/clasificado/alclapin-alquiler-departamento-en-av-santa-mercedes-urb-palao-146155118.html?n_src=Listado&n_pg=1&n_pos=8|2026-03-18
adondevivir|departamentos|alquiler|Lima Norte|San Martin de Porres|"Calle Mariscal Toribio Luzuriaga 258
Los Libertadores, San Martín de Porres"|S/ 2,200|2200||||"139 m² tot.
3 dorm.
2 baños"|139|3|2||Se alquila moderno departamento de estreno, ubicado en la Urb. Los Libertadores – San Martín de Porres, en una zona comercial estratégica, frente al Mercado Virgen de La Merced. Excelente conectividad y accesos rápidos a importantes vías como Av. Angélica Gamarra, Av. Tomás Valle y Av. Universitaria, además de cercanía a Metro, comercios, colegios y servicios esenciales. El departamento cuenta con acabados de buena calidad. *Contáctate con Carlos Lopez 9. 7. 0. 7. 0. 1. 4. 5. 5* área: 138. 95M² Distribución: - 3 Dormitorios. - 2 baños. - Sala comedor. - Cocina y baños con finos acabados. - Pisos de porcelanato. - Instalación de Gas Natural. precio alquiler: S/. 2, 200. 00. Ideal para familias jóvenes con hijos pequeños o de mediana edad que buscan comodidad, seguridad y una ubicación funcional para su día a día. ¡Todo lo que necesitas para vivir de la mejor manera! No pierdas la oportunidad. Contáctanos ahora para más información y agendar una visita. *Contáctate con Carlos Lopez 9. 7. 0. 7. 0. 1. 4. 5. 5*|https://www.adondevivir.com/propiedades/clasificado/alclapin-departamento-de-estreno-en-alquiler-de-138-m-sup2-148627584.html?n_src=Listado&n_pills=%C3%81rea+de+lavander%C3%ADa&n_pg=1&n_pos=9|2026-03-18
adondevivir|departamentos|alquiler|Lima Norte|San Martin de Porres|"Av. Central, Lima 15112, Perú
San Martín de Porres, Lima"|S/ 850 · USD 252|850|252|||"100 m² tot.
3 dorm.
1 baño"|100|3|||Alquiler de Departamento en Estreno 100m2Urbanización Manizales Smp2do piso3 Habitaciones1 sala comedor1 cocina-lavanderia1 bañose permite 1 mascota pequeñacuenta con gas caliddaLuz cuenta con medidor internoaguaCerca al grifo Olimpocerca a la Prolongación Naranjal con PacasmayoFrente a loza deportivaPrecio: S/850. 001 mes de garantía 1 mes de adelanto. R. U. C Ver datos|https://www.adondevivir.com/propiedades/clasificado/alclapin-alquiler-de-departamento-en-estreno-2do-piso-100-148560441.html?n_src=Listado&n_pills=%C3%81rea+de+lavander%C3%ADa&n_pg=1&n_pos=10|2026-03-18
adondevivir|departamentos|alquiler|Lima Norte|San Martin de Porres|"Sta. Alicia 6458 al 6400
San Martín de Porres, Lima"|S/ 900|900||||"56 m² tot.
2 dorm.
1 baño"|56|2|||Contacto: carla picklingcel: 9*2*7*9*9*6*6*7*3¡Vive en una zona estratégica de San Martín de Porres! Este acogedor departamento en segundo piso, con excelente distribución e iluminación, es perfecto para quienes buscan comodidad y una ubicación realmente privilegiada. Características destacadas: 2 dormitorios amplios y luminosos1 baño completoSala y comedor integradosCocina práctica y ventiladaAmbientes cómodos y listos para mudarteUbicación estratégica: A la altura de la cuadra 21 de la Panamericana NorteCerca de la Urbanización Santa RosaEn la zona residencial de San Martín de PorresCercano a avenidas principales, transporte público, comercios y serviciosUn departamento ideal para quienes buscan vivir bien, en una zona de alta conectividad y demanda. ¡No dejes pasar esta oportunidad! Contáctame para agendar una visita. contacto: carla picklingcel: 9*2*7*9*9*6*6*7*3id: 1*1*6*4*6*1*5|https://www.adondevivir.com/propiedades/clasificado/alclapin-alquiler-departamento-en-san-martin-de-porres-148341721.html?n_src=Listado&n_pills=%C3%81rea+de+lavander%C3%ADa&n_pg=1&n_pos=11|2026-03-18
adondevivir|departamentos|alquiler|Lima Norte|San Martin de Porres|"Urb Los Robles de Santa Rosa
Los Robles De Santa Rosa, San Martín de Porres"|S/ 1,000 · USD 264|1000|264|||"75 m² tot.
3 dorm.
1 baño"|75|3|||Alquiler de departamento en san martin de porres3 Dormitorios, 1 Baño4to Piso, 75 m2 ÁreaPor estrenarDescripción: 3 Dormitorios1 Baño compartido entre habitaciones y visitasSala y comedor amplioCocinaVista exterior (vista al parque) Luz: Medidor independienteAgua: CompartidoEl Edificio: 5 pisos3 departamentos por pisoAzotea para tendalUbicación: Av. Pacasmayo a 3 cuadras de Av. Canta CallaoFácil acceso al transporte público y privadoPrecio: S/ 1000 solesCondiciones: Contrato mínimo: 1 año. 1 mes de adelanto y 1 de garantía (1 x 1) R. U. C Ver datos|https://www.adondevivir.com/propiedades/clasificado/alclapin-departamento-en-av-pacasmayo-142626167.html?n_src=Listado&n_pg=1&n_pos=12|2026-03-18
adondevivir|departamentos|alquiler|Lima Norte|San Martin de Porres|"Sta. Alicia 6458 al 6400
San Martín de Porres, Lima"|S/ 900|900||||"56 m² tot.
2 dorm.
1 baño"|56|2|||Contacto: carla picklingcel: 9*2*7*9*9*6*6*7*3¡Disfruta de un departamento práctico, iluminado y con una ubicación envidiable en San Martín de Porres! Ideal para parejas, familias pequeñas o quienes desean vivir en un lugar con gran conectividad. Características del departamento: 2 dormitorios con buena iluminación1 baño completoSala y comedor integradosCocina funcionalAmbientes ventilados y listos para implementar a tu estiloUbicación estratégica: A la altura de la cuadra 21 de la Panamericana NorteCerca de la Urbanización Santa RosaZona residencial de San Martín de PorresAcceso inmediato a avenidas principales, transporte público, mercados y comerciosUn departamento cómodo, práctico y con todo lo necesario para una vida tranquila en una zona de alta demanda. ¡Aprovecha esta oportunidad! Contáctame para coordinar una visita antes de que se alquile. contacto: carla picklingcel: 9*2*7*9*9*6*6*7*3id: 1*1*6*4*6*1*8|https://www.adondevivir.com/propiedades/clasificado/alclapin-alquiler-de-departamento-en-san-martin-de-porres-148341798.html?n_src=Listado&n_pills=%C3%81rea+de+lavander%C3%ADa&n_pg=1&n_pos=13|2026-03-18
adondevivir|departamentos|alquiler|Lima Norte|San Martin de Porres|"0051, San Martín de Porres 15109, Perú
San Martín de Porres, Lima"|S/ 1,100 · USD 327|1100|327|||"70 m² tot.
2 dorm.
1 baño"|70|2|||Alquiler De Departamento Flat – San Martín De Porres 70M² Ubicación privilegiada: Frente a parque, en zona segura y tranquila, rodeada de comercios y con fácil acceso a Av. Pacasmayo, Av. Dominicos y Av. Tomas ValleCaracterísticas del Departamento (70 m² – 1er Piso) 2 habitaciones iluminadas 1 baño completoEntrada independiente Vista a la calle Cocina con reposteros altos y bajos Excelente ventilación e iluminación natural Servicios independientes: Luz Agua Gas natural ¡Sin mantenimiento! Se acepta 1 mascota pequeña Cochera: Puede parquear libre al frontis Condiciones: Contrato mínimo: 1 año1 mes de garantía + 1 mes de adelanto (1x1) Ideal para quienes buscan comodidad, seguridad y un espacio práctico en una excelente zona de smp. Agenda tu visita hoy mismo y no dejes pasar esta oportunidadR. U. C Ver datos|https://www.adondevivir.com/propiedades/clasificado/alclapin-alquiler-de-departamento-flat-san-martin-de-porres-147440524.html?n_src=Listado&n_pills=%C3%81rea+de+lavander%C3%ADa&n_pg=1&n_pos=14|2026-03-18
adondevivir|departamentos|alquiler|Lima Norte|San Martin de Porres|"las Brizas al 831
San Martín de Porres, Lima"|S/ 1,000 · USD 300|1000|300|||"41 m² tot.
1 dorm.
1 baño"|41|1|||Contactar: Kely Navarro Diaz9. 0. 2. 5. 2. 0. 4. 1. 0. Se alquila departamento 1piso – San Martín de Porres. modernos acabados, espacio optimos diseñada para tu nuevo hogar, listo para ocupar. Muy buena iluminacion, frente A un parque. Con gas calidad, agua Y luz. lote 33 de la manzana B con frente a calle las brisas. Urbanización Cayetano Heredia – 1er 41. 03 m²? Modernos acabados, lista para ocupar. Incluye: 1 habiente Cocina amplia. Lavandería. Ingreso independiente. Ideal para: Estudiantes, pareja joven. - No a extranjeros. - No se aceptan familias con mascotas. Alquiler: S/1, 000 (1x1) Arbitrios: S/41 mensuales Servicios (agua/luz): según consumo. Contáctanos Kely Navarro DíazVer datos|https://www.adondevivir.com/propiedades/clasificado/alclapin-se-alquila-minidepartamento-1piso-san-martin-de-148292281.html?n_src=Listado&n_pills=%C3%81rea+de+lavander%C3%ADa&n_pg=1&n_pos=15|2026-03-18
adondevivir|departamentos|alquiler|Lima Norte|San Martin de Porres|"Los Poncianos, Lima 15112, Perú
San Martín de Porres, Lima"|S/ 800 · USD 238|800|238|||"80 m² tot.
2 dorm.
1 baño"|80|2|||Ubicación privilegiada: en zona segura y tranquila, rodeada de comercios y con fácil acceso a Av. San Jose con Av. Canta Callao Características del Departamento (80 m² – 4to Piso) 2 habitaciones amplias iluminadas 1 baño completos Entrada independienteVista a la calle Cocina Excelente ventilación e iluminación natural Servicios independientes: Luz Agua ¡Sin mantenimiento! No se acepta mascota Cochera: No Condiciones: Contrato mínimo: 1 año1 mes de garantía + 1 mes de adelanto (1x1) Ideal para quienes buscan comodidad, seguridad y un espacio práctico en una excelente zona de smp. Agenda tu visita hoy mismo y no dejes pasar esta oportunidadR. U. C Ver datos|https://www.adondevivir.com/propiedades/clasificado/alclapin-alquiler-de-departamento-flat-san-martin-de-porres-148656840.html?n_src=Listado&n_pg=1&n_pos=16|2026-03-18
adondevivir|departamentos|alquiler|Lima Norte|San Martin de Porres|"Av. Tantamayo, Lima 15113, Perú
San Martín de Porres, Lima"|S/ 650 · USD 192|650|192|||"70 m² tot.
2 dorm.
1 baño"|70|2|||Departamento ubicado en edificio de 6 pisos, en prolongacion Paramonga a dos cuadras de la avenida TantamayoArea 70 m2Cuenta conSala comedorCocina con punto gas natural2 habitacionesPasadizoTendal en azoteaLuz y agua con contometroCada piso cuenta con camarasIngreso y salida independientePrecios/6501x1RequisitosEncontrarse bien en el sistema financieroSustentar ingresosContactateR. U. C Ver datos|https://www.adondevivir.com/propiedades/clasificado/alclapin-alquiler-de-departamento-en-piso-3-en-san-martin-de-148469875.html?n_src=Listado&n_pg=1&n_pos=17|2026-03-18
adondevivir|departamentos|alquiler|Lima Norte|San Martin de Porres|"Dominicos, San Martín de Porres 15112, Perú
San Martín de Porres, Lima"|"S/ 630 · USD 182
11%"|630|182|11%||"60 m² tot.
1 dorm.
1 baño"|60|1|||Características del departamento (2° Piso – 60 m²) 1 Dormitorio amplio 1 Baño completo 1 Medio baño (para visitas) Sala – comedor amplia y bien iluminadaCocina funcional Área de lavandería Vista interior Moderno, cómodo y exclusivo el edificio Solo 2 pisos 2 departamentos por piso Ambiente tranquilo y privado servicios independientes Luz – Medidor independiente Agua – Medidor independiente Gas Natural – Medidor independiente condicionescontrato mínimo: 1 añoModalidad: 1 x 1 (1 mes de garantía + 1 mes de adelanto) Ubicado en San Martín de PorresEn plena Av. Canta Callao cruce con Av. DominicosA 1 cuadra de Av. Carlos Izaguirre, Av. Pacasmayo y TottusA 5 minutos de Av. Néstor Gambetta - Bertello, Av. Elmer Faucett y del Aeropuerto Internacional Jorge ChávezA 10 minutos de Av. Tomás Valle y Av. UniversitariaExcelente conectividad y fácil acceso a transporte público y privado. Agendamos visitas todos los díasNo dejes pasar esta oportunidad de vivir en una zona estratégica y bien conectada. Contáctame y agenda tu visita hoy mismo. R. U. C Ver datos|https://www.adondevivir.com/propiedades/clasificado/alclapin-alquiler-departamento-moderno-y-exclusivo-60-m-sup2-149156399.html?n_src=Listado&n_pills=%C3%81rea+de+lavander%C3%ADa&n_pg=1&n_pos=18|2026-03-18
adondevivir|departamentos|alquiler|Lima Norte|San Martin de Porres|"2vvp+f84, San Martín de Porres 15112
San Martín de Porres, Lima"|S/ 750 · USD 214|750|214|||"90 m² tot.
3 dorm.
1 baño"|90|3|||Moderno departamento totalmente de estrenoExcelente ubicación en zona segura y de fácil accesoIdeal para familia, pareja o profesionalesCerca de avenidas principales, comercios y transporteSala – comedor amplia y bien iluminadaCocina moderna3 dormitorios cómodos1 baño completoAcabados nuevosZona tranquilaVive en un departamento nuevo, cómodo y funcionalDisponible para entrega inmediataVisitas previa coordinaciónAgenda tu visita hoy mismoTe acompaño en todo el proceso para que alquiles con seguridad y confianzaR. U. C Ver datos|https://www.adondevivir.com/propiedades/clasificado/alclapin-departamento-en-san-martin-de-porres-149235021.html?n_src=Listado&n_pg=1&n_pos=19|2026-03-18
adondevivir|departamentos|alquiler|Lima Norte|San Martin de Porres|"PASAJE LOS VENCEDORES, MANZANA O, LOTE 19, SAN MARTIN DE PORRES
Los Vencedores, San Martín de Porres"|S/ 1,100|1100|||50|"54 m² tot.
2 dorm.
1 baño"|54|2|||Ubicación estratégica: A solo pasos de Plaza Norte, frente al Parque Los Vencedores y con acceso rápido a la Av. Panamericana Norte, Av. Túpac Amaru, Av. Angelica Gamarra y Tomás Valle. Cerca a Centros de Estudios como senati, upch, Colegios, Universidades, Aeropuerto, Terrapuerto. Características de los departamentos: Área: 54m2 (vista interior) 2 dormitorios. 1 baño completo. Sala - comedor amplia y luminoso con piso de porcelanato. Cocina abierta funcional. Lavandería. Se aceptan macotas que no sean perros. Paga mantenimiento y arbitrios aprox S/ 75 soles. Los departamentos cuentan con pisos de porcelanato, fácil de limpiar, excelente iluminación y ventilación. Ubicado en el 4to piso, cocina con muebles altos y bajos y campana extractora, sin ascensor y frente a Parque. Acabados de primera. Los baños cuentan con ducha y terma eléctrica. Vive cerca de lugares de diversión, de centros de estudios superiores, de colegios de prestigio, a unos pasos de un mercado mayorista, ahorra tiempo y disfruta más tu día.|https://www.adondevivir.com/propiedades/clasificado/alclapin-dptos-02-dorm-4to-piso-espalda-plaza-norte-en-146081936.html?n_src=Listado&n_pills=%C3%81rea+de+lavander%C3%ADa&n_pg=1&n_pos=20|2026-03-18
adondevivir|departamentos|alquiler|Lima Norte|San Martin de Porres|"San Diego
San Martín de Porres, Lima"|S/ 1,100 · USD 317|1100|317|||"120 m² tot.
3 dorm.
2 baños"|120|3|2||¡Oportunidad en San Martín de Porres! Departamento tipo flat con amplitud realSi buscas espacio de verdad, buena distribución y ubicación estratégica… este depa te va a encantar. Ubicación: Av. San Diego de Alcalá cdra., San Martín de Porres – LimaPiso: 3° pisoÁrea construida: 120 m²3 dormitorios amplios2 baños completosAntigüedad: 10 añosExcelente iluminación natural y ventilación cruzada¿Por qué este departamento es una buena jugada? Sala y comedor con espacio real para decorar sin sacrificar comodidad. Cocina funcional con área para comedor diario (ideal para desayunos en familia o reuniones casuales). Dormitorios cómodos, perfectos para familia o profesionales que trabajan desde casa. Distribución inteligente que brinda privacidad y amplitud. Zona con fácil acceso a transporte, comercios, colegios y servicios. Un punto estratégico para vivir o incluso como inversión para renta. Agenda tu visita y descubre el potencial en persona. Porque las buenas oportunidades no esperan… y los 120 m² bien aprovechados, menos aúnR. U. C Ver datos|https://www.adondevivir.com/propiedades/clasificado/alclapin-se-alquila-departamento-de-120-m-sup2--en-san-diego-149221878.html?n_src=Listado&n_pg=1&n_pos=21|2026-03-18
adondevivir|departamentos|alquiler|Lima Norte|San Martin de Porres|"Los Tamarindos 131
San Martín de Porres, Lima"|S/ 1,500 · USD 445|1500|445||80|"120 m² tot.
2 dorm.
1 baño"|120|2|||Ideal para familias. Cuenta con 100 m² de superficie construida y 120 m² de superficie total. Dispone de una distribución funcional con sala, comedor y cocina, 2 dormitorios y 1 baño. La zona ofrece fácil acceso a transporte público y avenidas principales, facilitando la movilidad hacia otros puntos de la ciudad. En los alrededores, se encuentran diversos comercios y servicios como supermercados, farmacias y bancos, que simplifican las actividades cotidianas. También hay centros educativos cercanos. Distribución: - Sala - comedor. - Cocina cerrada. - Dos dormitorios. - Un baño. - Un patio. otros: - Conchera costo adicional. visita previa cita.|https://www.adondevivir.com/propiedades/clasificado/alclapin-alquiler-departamento-en-san-martin-de-porres-148913960.html?n_src=Listado&n_pg=1&n_pos=22|2026-03-18
adondevivir|departamentos|alquiler|Lima Norte|San Martin de Porres|"Residencial Montecarlo mz I Lt 04
Montecarlo Et.1, San Martín de Porres"|S/ 1,300 · USD 386|1300|386|||"80 m² tot.
2 dorm.
1 baño"|80|2|||Departamento De Estreno En Alquiler – Zona Residencial De San Martín De PorresVive con comodidad, conectividad y tranquilidad en este departamento de estreno de 80 m², ubicado en 3er piso, dentro de una de las mejores zonas residenciales de San Martín de Porres. Ubicación estratégica: A pocas cuadras de las avenidas Carlos Izaguirre, Santa Rosa, Daniel Alcides Carrión y Av. 12 de Octubre. A solo 15 minutos de MegaPlaza y Plaza Lima Norte. Cercano a paraderos del Metropolitano (rutas Antúnez de Mayolo y Carlos Izaguirre). Zona rodeada de parques y colegios. Características del departamento: Área: 80 m²2 dormitorios con vista externa1 baño completoCocina moderna con muebles bajosExcelente iluminación y ventilación naturalAcceso por escaleras amplias y cómodasConstrucción de 3 años, en estado impecableNo se aceptan mascotas. Beneficio adicional clave: El edificio cuenta con pozo de agua y bomba propia, lo que garantiza abastecimiento de agua durante todo el año, brindando independencia ante cortes del servicio público y mayor tranquilidad para los residentes. Condiciones de alquiler: • Sustento de ingresos• Evaluación en Infocorp• 1 mes de adelanto + 1 mes de garantíaPagos adicionales: • Mantenimiento• Pago municipal• Servicios de luz, agua y gasAgenda tu visita y conoce tu próximo hogar. R. U. C Ver datos|https://www.adondevivir.com/propiedades/clasificado/alclapin-departamento-en-montecarlo-et.1-148622803.html?n_src=Listado&n_pg=1&n_pos=23|2026-03-18
adondevivir|departamentos|alquiler|Lima Norte|San Martin de Porres|"Av Platinos Mz G Lt 5
San Martín de Porres, Lima"|S/ 850 · USD 232|850|232|||"60 m² tot.
2 dorm.
2 baños"|60|2|2||Alquilo departamento av platinos+ sala comedor+ cocina americana+ 2 habitaciones+ 2 baños 1 de visita Y 1 en habitacion principal+ lavanderia+ conexion A gas naturaledificio cercano Y centrico A zona comercialav alisos / av universitaria / av olivosmercado de productores A unas cuadrasr. U. C Ver datos|https://www.adondevivir.com/propiedades/clasificado/alclapin-departamento-en-alquiler-av-platinos-a-unos-pasos-de-147384436.html?n_src=Listado&n_pills=%C3%81rea+de+lavander%C3%ADa&n_pg=1&n_pos=24|2026-03-18
adondevivir|departamentos|alquiler|Lima Norte|San Martin de Porres|"Mz C Lote 13 Los Robles de Santa Rosa
Los Robles De Santa Rosa, San Martín de Porres"|S/ 950 · USD 272|950|272|||"75 m² tot.
3 dorm.
1 baño"|75|3|||Alquiler de moderno departamento ubicado en San Martin de Porres. Este departamento ubicado en 5to piso de estreno y cuenta con las siguientes características: Ubicación: A una cuadra de Av. Pacasmayo - San Martin de Porres, con fácil acceso a una avenida principal, lo que facilita el transporte y conectividad con otras zonas de la ciudad. Habitaciones: Dispone de 3 habitaciones, lo que brinda espacio suficiente para una familia o un grupo de personas que busquen compartir el lugar. Baño: El departamento cuenta con un baño completo. Sala comedor: Espaciosa área de sala comedor, ideal para disfrutar de momentos en familia o con amigos. Cocina: La cocina es al aire, moderna lo que brinda comodidad y calidad en el uso de sus equipos. Precio: El alquiler mensual es de S/900 soles. Condiciones: Un mes de garantía y un mes de adelanto (1x1) Servicios son aparte; luz medidor independiente y agua se comparte con los demás departamentos*buen historial crediticio**no se aceptan mascotas*R. U. C Ver datos|https://www.adondevivir.com/propiedades/clasificado/alclapin-departamento-en-alquiler-en-smp-cerca-a-av-pacasmayo-148457218.html?n_src=Listado&n_pg=1&n_pos=25|2026-03-18
adondevivir|departamentos|alquiler|Lima Norte|San Martin de Porres|"Calle Mariscal Toribio Luzuriaga 258
Los Libertadores, San Martín de Porres"|S/ 1,500|1500||||"94 m² tot.
2 dorm.
2 baños"|94|2|2||Se alquila moderno departamento de estreno, ubicado en la Urb. Los Libertadores – San Martín de Porres, en una zona comercial estratégica, frente al Mercado Virgen de La Merced. Excelente conectividad y accesos rápidos a importantes vías como Av. Angélica Gamarra, Av. Tomás Valle y Av. Universitaria, además de cercanía a Metro, comercios, colegios y servicios esenciales. *Contáctate con Carlos Lopez 9. 7. 0. 7. 0. 1. 4. 5. 5* área: 94. 10M² Distribución: - 2 Dormitorios. - 2 baños. - Sala comedor. - Cocina y baños con finos acabados. - Pisos de porcelanato. Instalación de Gas Natural. precio alquiler: S/. 1, 500. 00. Ideal para familias jóvenes con hijos pequeños o de mediana edad que buscan comodidad, seguridad y una ubicación funcional para su día a día. ¡Todo lo que necesitas para vivir de la mejor manera! No pierdas la oportunidad. Contáctanos ahora para más información y agendar una visita. *Contáctate con Carlos Lopez 9. 7. 0. 7. 0. 1. 4. 5. 5*|https://www.adondevivir.com/propiedades/clasificado/alclapin-departamento-de-estreno-en-alquiler-de-94-m-sup2-148627913.html?n_src=Listado&n_pills=Frente+a+parque&n_pg=1&n_pos=26|2026-03-18
adondevivir|departamentos|alquiler|Lima Norte|San Martin de Porres|"Jr. Sao Paulo 1682
San Martín de Porres, Lima"|S/ 1,200 · USD 357|1200|357|||"50 m² tot.
3 dorm.
1 baño"|50|3|||El edificio se encuentra a la altura de la cuadra 16 de la Av. Perú; en el Jr. Sao Paulo. A unas cuadras del cruce de Av. Dueñas y Av. Perú, a 3 cuadras del mercado Dueñas, cerca a la Municipalidad de smp, Reniec, Bancos, y comercio en general. Con salidas a la Av. Perú y Av. Lima, Av. Habich y Av. José Granda. El departamento se encuentra en el piso 2, con vista exterior y entrada independiente, de un edificio de 3 pisos. El departamento cuenta con: Sala – comedor; ambiente fresco y acogedor. Cocina/ lavandería: Abierta, con muebles altos y bajos - Con gas cálida. Cuenta con un baño completo. La ducha tiene terma a gas nueva. Este departamento tiene 3 dormitorios: El dormitorio principal cuenta con closet amplio, con espacio para cama de 2 plazas y tiene balcón con vista a la calle. El segundo dormitorio cuenta con closet, espacio para cama de 2 plazas y tiene vista a la calle. El tercer dormitorio o estudio, cuenta con espacio para cama de 1. 5 plazas sin closet y tiene vista interior. Cuenta con espacio en la azotea, para tender ropa. Pago de mantenimiento: S/0. 0El pago por servicio de agua y arbitrios está incluido en la renta mensual.? Se maneja: 2 meses de garantía x 1 mes de adelantoEste acogedor y bien distribuido departamento espera por ti. R. U. C Ver datos|https://www.adondevivir.com/propiedades/clasificado/alclapin-acogedor-departamento-con-balcon-y-excelente-148907852.html?n_src=Listado&n_pills=%C3%81rea+de+lavander%C3%ADa&n_pg=1&n_pos=27|2026-03-18
adondevivir|departamentos|alquiler|Lima Norte|San Martin de Porres|"Av Alisos 15 1
Rosario Del Norte, San Martín de Porres"|S/ 3,850 · USD 1,100|3850|1100|||"87 m² tot.
2 dorm.
1 baño"|87|2|||¡tu departamento de estreno en smp! Vive con Comodidad y Conexión? Se venden dos exclusivos departamentos de estreno ubicados estratégicamente en la Av. Los Alisos con Av. Universitaria, en el corazón de San Martín de Porres. Disfrute de una ubicación privilegiada a un paso de importantes avenidas, colegios, universidades y una vibrante zona comercial.? Características de los Departamentos:? Ambos departamentos están diseñados para ofrecer un estilo de vida moderno y funcional: *? Cocina Tipo Americana: Espacio integrado y funcional, equipada con elegantes muebles altos y bajos para un óptimo almacenamiento. *? Lavandería: Área separada con todas las conexiones listas para lavadora y secadora. *? Dormitorios: 2 habitaciones amplias. *? Baños: 1 baño completo.? Opciones Disponibles:? 1. Departamento de Estreno (Piso 4)? Área Total: 87. 94 m2? Ubicación: 4to Piso? Detalles Adicionales: Sala-Comedor con vista externa que garantiza excelente iluminación. Ideal para quienes buscan más amplitud y disfrutar de una vista despejada.? Inversión Inteligente? Asegure su propiedad con un excelente precio de introducción:? Usd 1, 100 X m2? ¡precio negociable! Presente su mejor oferta y conviértase en propietario.? ¡No pierda esta oportunidad! Estos departamentos son la combinación perfecta de ubicación, diseño moderno y precio.? Ys-19|https://www.adondevivir.com/propiedades/clasificado/alclapin-departamento-rosario-del-norte-148831692.html?n_src=Listado&n_pills=%C3%81rea+de+lavander%C3%ADa&n_pg=1&n_pos=28|2026-03-18
adondevivir|departamentos|alquiler|Lima Norte|San Martin de Porres|"Av Alisos 15 1
Rosario Del Norte, San Martín de Porres"|S/ 3,850 · USD 1,100|3850|1100|||"85 m² tot.
2 dorm.
1 baño"|85|2|||¡tu departamento de estreno en smp! Vive con Comodidad y Conexión? Se venden dos exclusivos departamentos de estreno ubicados estratégicamente en la Av. Los Alisos con Av. Universitaria, en el corazón de San Martín de Porres. Disfrute de una ubicación privilegiada a un paso de importantes avenidas, colegios, universidades y una vibrante zona comercial.? Características de los Departamentos:? Ambos departamentos están diseñados para ofrecer un estilo de vida moderno y funcional: *? Cocina Tipo Americana: Espacio integrado y funcional, equipada con elegantes muebles altos y bajos para un óptimo almacenamiento. *? Lavandería: Área separada con todas las conexiones listas para lavadora y secadora. *? Dormitorios: 2 habitaciones amplias. *? Baños: 1 baño completo. Opciones Disponibles:? 2. Departamento de Estreno (Piso 3)? Área Total: 85. 11 m2? Ubicación: 3er Piso, N° 301? Detalles Adicionales: Distribución eficiente con 2 dormitorios y 1 baño completo.? Inversión Inteligente? Asegure su propiedad con un excelente precio de introducción:? Usd 1, 100 X m2? ¡precio negociable! Presente su mejor oferta y conviértase en propietario.? ¡No pierda esta oportunidad! Estos departamentos son la combinación perfecta de ubicación, diseño moderno y precio.? Ys-19B|https://www.adondevivir.com/propiedades/clasificado/alclapin-departamento-rosario-del-norte-148831699.html?n_src=Listado&n_pills=%C3%81rea+de+lavander%C3%ADa&n_pg=1&n_pos=29|2026-03-18
adondevivir|departamentos|alquiler|Lima Norte|San Martin de Porres|"Los Rosales De Lima
San Martín de Porres, Lima"|S/ 1,600 · USD 448|1600|448|||"80 m² tot.
7 dorm.
6 baños"|80|7|6||Alquilo amplio duplexcuenta con 6 dormitorios6 baños, ala comedor, cocina, lavanderia, cuenta con servicios basicos Y gas calidaubicado en piso 2 Y 3. cerca A unos minutos A la municipalidad de los olivos, mini marktes, agentes, entre otros R. U. C Ver datos|https://www.adondevivir.com/propiedades/clasificado/alclapin-alquilo-duplex-147189163.html?n_src=Listado&n_pills=%C3%81rea+de+lavander%C3%ADa&n_pg=1&n_pos=30|2026-03-18
adondevivir|departamentos|alquiler|Lima Norte|San Martin de Porres|"Av. Tantamayo, Lima 15113, Perú
San Martín de Porres, Lima"|S/ 650 · USD 192|650|192|||"70 m² tot.
2 dorm.
1 baño"|70|2|||Departamento ubicado en edificio de 6 pisos, en prolongacion Paramonga a dos cuadras de la avenida TantamayoArea 70 m2Cuenta conSala comedorCocina con punto gas natural2 habitacionesPasadizoTendal en azoteaLuz y agua con contometroCada piso cuenta con camarasIngreso y salida independientePrecios/6501x1RequisitosEncontrarse bien en el sistema financieroSustentar ingresosContactateR. U. C Ver datos|https://www.adondevivir.com/propiedades/clasificado/alclapin-alquiler-de-departamento-en-piso-3-en-san-martin-de-148469875.html?n_src=Listado&n_pg=2&n_pos=1|2026-03-18
adondevivir|departamentos|alquiler|Lima Norte|San Martin de Porres|"Calle 10
Cesar Vallejo, San Martín de Porres"|S/ 1,499|1499||||"93 m² tot.
3 dorm.
2 baños"|93|3|2||*Alquiler de departamento en San Martin de Porres! * 93m2, cuarto piso, sin ascensor. *semi estreno*. Ubicada en la calle 10, cerca del cruce entre las Av. Universitaria con Carlos Izaguirre. Consta de 3 dormitorios, 2 baños, sala comedor, cocina, y área de lavandería. Mascota chica permitida. Solicita vídeo al interno. *Condiciones del trato: * -S/1, 500 (1x1) -Pago de servicios por consumo propio. -Contar con ingresos sustentados con boleta o reporte tributario para calificar para el alquiler. -No registrar deudas vencidas al menos el titular que firma. *bel group real estate* www. brokerenlinea. com|https://www.adondevivir.com/propiedades/clasificado/alclapin-alquiler-3-dormitoris-2-banos-super-amplio-semi-148983978.html?n_src=Listado&n_pills=%C3%81rea+de+lavander%C3%ADa&n_pg=2&n_pos=2|2026-03-18
adondevivir|departamentos|alquiler|Lima Norte|San Martin de Porres|"Las Dalias al 100
San Martín de Porres, Lima"|S/ 290|290||||20 m² tot.|20||||Se alquila habitacion de 18M2ubicada en el 3er pisocon cama Y closettherma A gas que alimenta el bañoprecio de alquiler S/ 290 soles incluye servicios baño compartido solo con 1 habitacion mas. 1X1no se aceptan mascotasacceso independiente **ubicado**calle las dalias cdra. 1**referencia**A 5 cuadras de la av lima (colegio fe Y alegria) A 6 cuadra de la av. Luna pizarro|https://www.adondevivir.com/propiedades/clasificado/alclapin-habitacion-en-alquiler-149082648.html?n_src=Listado&n_pg=2&n_pos=3|2026-03-18
adondevivir|departamentos|alquiler|Lima Norte|San Martin de Porres|"2V5R+QV2, San Martín de Porres 15
San Martín de Porres, Lima"|S/ 1,000|1000||||"100 m² tot.
2 dorm.
1 baño"|100|2|||Departamento Flat en Alquiler – San Martín de Porres. Se alquila acogedor y funcional departamento flat en alquiler, ubicado en el distrito de San Martín de Porres, en una excelente zona entre la avenida Dominicos y la avenida Canta Callao, muy cerca de la avenida Carlos Izaguirre, con fácil acceso a principales vías y transporte público. La zona cuenta con una amplia oferta de tiendas comerciales, grifos, farmacias, supermercados, restaurantes y otros servicios esenciales, lo que la convierte en una ubicación práctica y conveniente. El departamento dispone de: Sala comedor. 2 habitaciones amplias, bien ventiladas. 1 baño completo. Cocina con buena iluminación natural. Contáctame para más información o para agendar una visita.|https://www.adondevivir.com/propiedades/clasificado/alclapin-departamento-flat-en-alquiler-148479947.html?n_src=Listado&n_pg=2&n_pos=4|2026-03-18
adondevivir|departamentos|alquiler|Lima Norte|San Martin de Porres|"Calle Santa Carmela 224
Palao, San Martín de Porres"|"S/ 2,800
6%"|2800||6%||"170 m² tot.
3 dorm.
2 baños"|170|3|2||Departamento en alquiler ubicado en Palao, ideal para familias. Cuenta con 170 m² de superficie construida. Dispone de 3 dormitorios y 2 baños, ofreciendo un espacio cómodo y funcional. El hall de ingreso da la bienvenida a un ambiente bien distribuido. La propiedad incluye servicios básicos como agua y luz, además de desagüe. Se encuentra en el primer piso, facilitando el acceso. Palao es una zona residencial tranquila, con fácil acceso a transporte público y avenidas principales. En sus alrededores se encuentran diversos comercios, mercados locales y servicios educativos, como colegios y centros de estudio. También cuenta con áreas verdes y parques cercanos, ideales para actividades al aire libre. La zona ofrece un ambiente seguro y familiar. Condiciones 2 de garantía x 1 de adelanto|https://www.adondevivir.com/propiedades/clasificado/alclapin-alquilo-departamento-en-palao-san-martin-de-porres-149037789.html?n_src=Listado&n_pg=2&n_pos=5|2026-03-18
adondevivir|departamentos|alquiler|Lima Norte|San Martin de Porres|"Mz C Lote 11
San Juan De Dios, San Martín de Porres"|S/ 700 · USD 205|700|205|||"70 m² tot.
2 dorm.
1 baño"|70|2|||Agente Mike Cadenas telefo 974*624*682Exclusivo departamento en Piso 5 en Urb Montecarlo etapa 1 a 1 cdra del cruce de av. Izaguirre y 12 de Octubre y a ½ cdra de av Daniel A. Carrión, cerca a Mercados, Markets, parque, pollerías, canchas deportivas, seguridad las 24 horasÁrea 70m2Piso 5Distribución: Sala- comedor vista CalleCocina tipo kitchenette en mayólica y con gas naturalZona de Lavandería1er Dormitorio principal amplio para cama de 2 plazas vista interna2do Dormitorio con vista interna1 baño completo compartidoLimpieza 10 soles mensualesRenta mensual de S/ 700 SolesCondiciones: • 1 x 1 (mes de adelanto y mes de garantía) • No mascotas• Contrato 1 año con firma en NotariaRequisitos: • Interesados tener buen comportamiento la Central de Riesgo• sustentar ingresos (3 ultimas boletas de pago o independiente 3 últimos Pdts o Recibo por Honorario) • Antecedentes penales y policialesBeneficios: - Gas natural con medidor propio- agua y luz independiente con Contómetro- Zona de tendal en el ultimo pisoVivir en una de la zona más segura y tranquila de smp cerca a parques, zona de juegos para niños, canchas deportivas, bodegas, pollerías, lavanderías, etc. Contacto: Mike CadenasTelefono: 974*624*682|https://www.adondevivir.com/propiedades/clasificado/alclapin-alquiler-departamento-san-martin-de-porres-urb.-san-148739235.html?n_src=Listado&n_pills=%C3%81rea+de+lavander%C3%ADa&n_pg=2&n_pos=6|2026-03-18
adondevivir|departamentos|alquiler|Lima Norte|San Martin de Porres|"2W46+4XJ San Martín de Porres
San Martín de Porres, Lima"|S/ 900|900||||"70 m² tot.
3 dorm.
1 baño"|70|3|||"Área: 70 m2. 4to piso. vista externa y vista interna. Distribución. 3 habitaciones. 1 sala comedor. 1 cocina (gas de calidda) 1 baño completo. Área de lavandería. Intercomunicador. Zona de tendal en el 5to piso. Ingreso independiente. Precio: 900 soles negociables. Contrato mínimo un año. Condiciones 1 mes de garantía y 1 mes de renta adelantada. Tenemos departamentos 3 departamentos disponibles. 4to piso vista externa. 4to piso vista interna. 3er piso vista interna. Ubicado a espaldas de la Av. Daniel Alcides Carrión y una cuadra de la Av. Santiago Antúnez de Mayolo y Av. Universitaria, 2 minutos Parroquia ""Nuestra Señora de las Misiones "" - Capilla "" Cristo Salvador, cerca de parques, colegios y mas. Agenda tu visita al: 9-4-4-2-7-3-0-5-9. 9-4-1-1-3-8-5-9-1. lima house inmobiliaria"|https://www.adondevivir.com/propiedades/clasificado/alclapin-alquiler-de-departamentos-de-estreno-en-san-martin-de-149012956.html?n_src=Listado&n_pills=Guardian%C3%ADa%2FSeguridad+privada&n_pg=2&n_pos=7|2026-03-18
adondevivir|departamentos|alquiler|Lima Norte|San Martin de Porres|"2W46+4XJ San Martín de Porres
San Martín de Porres, Lima"|S/ 800|800||||"70 m² tot.
2 dorm.
2 baños"|70|2|2||"Área: 70 m2. 2do piso. Vista interna. Distribución. 2 habitaciones. 1 sala comedor. 1 cocina (gas de calidda) 2 baños completos. Área de lavandería. Intercomunicador. Zona de tendal en el 5to piso. Ingreso independiente. Precio: 800 soles negociables. Contrato mínimo un año. Condiciones 1 mes de garantía y 1 mes de renta adelantada. Ubicado a espaldas de la Av. Daniel Alcides Carrión y una cuadra de la Av. Santiago Antúnez de Mayolo y Av. Universitaria, 2 minutos Parroquia ""Nuestra Señora de las Misiones "" - Capilla "" Cristo Salvador, cerca de parques, colegios y mas. Agenda tu visita al: 9-4-4-2-7-3-0-5-9. 9-4-1-1-3-8-5-9-1. lima house inmobiliaria"|https://www.adondevivir.com/propiedades/clasificado/alclapin-alquiler-de-departamento-de-estreno-en-san-martin-de-149027304.html?n_src=Listado&n_pills=Cerca+a+colegios&n_pg=2&n_pos=8|2026-03-18
adondevivir|departamentos|alquiler|Lima Norte|San Martin de Porres|"Jr. Max Uhle 2484
San Martín de Porres, Lima"|S/ 1,200|1200||||"75 m² tot.
2 dorm.
1 baño"|75|2|||75mt2 vista externa. el dpto esta ubicado en el 2to piso. ️sala comerdor amplia, bien iluninada. 2 dormitorios 1 con closet. 1 baño con mampara de vidrio. linda cocina con muebles altos Y bajos estilo americana, cuenta con una refrigeradora Y cocina de 4 hornillas. zona de lavanderia. *todos los servicios son independientes, no incluye en el pago mensual. *instalación de terma. *cuenta con gas calida. *camara de seguridad en todo el edificio. intercomunicador con pantalla. *contrato un año minimo. modalida de pago 2×1. un mes de adelanto 2 garantia. Jr max uhler 2484 san martin, esta A la altira de la 24 de jose granda A la espalda en. san martin. no mascotas. Tl para citas. 9*9*9 *0*7*3 *6*1*5|https://www.adondevivir.com/propiedades/clasificado/alclapin-alquiler-departamento-2do-piso-vista-externa-148837082.html?n_src=Listado&n_pills=%C3%81rea+de+lavander%C3%ADa&n_pg=2&n_pos=9|2026-03-18
adondevivir|departamentos|alquiler|Lima Norte|San Martin de Porres|"Mz A Lt 29 Urb Boulevard de Naranjal Piso 2
San Martín de Porres, Lima"|S/ 850 · USD 300|850|300||150|"60 m² tot.
2 dorm.
1 baño"|60|2|||Alquiler de departamento moderno en segundo piso, con espacios ideales para ti. Estilo moderno, con vista exterior, habitaciones amplias donde puedes poner hasta una cama king!. *características: - 60 Mt2- Segundo Piso- Sala, Comedor- Baño completo- Cocina con instalación de gas naturalcondiciones de alquiler: - Se admite una mascota pequeña (gato, loro, hámster) - Servicios (luz y gas natural). - Servicio de agua. - Precio de alquiler: S/ 850. 00- Condiciones: 1 mes de garantía, un mes adelantado- Contrato mínimo: 1 año (legalizado en notaría) requisitos: - no estar reportado negativamente en centrales de riesgo- no contar con antecedentes policiales- tener sustento documentado de ingreso|https://www.adondevivir.com/propiedades/clasificado/alclapin-alquiler-de-departamento-en-san-martin-de-porres-148345312.html?n_src=Listado&n_pg=2&n_pos=10|2026-03-18
adondevivir|departamentos|alquiler|Lima Norte|San Martin de Porres|"Jose Santos Chocano
San Pedro De Garagay, San Martín de Porres"|S/ 1,250|1250|||99|"75 m² tot.
3 dorm.
2 baños"|75|3|2||*Alquiler de departamento en San Martin de Porres! * 75m2, sexto piso, sin ascensor, vista exterior. Ubicado en la Av. Santos Chocano, a 3 cuadras del cruce con la Av. Izaguirre. Consta de 3 dormitorios, 2 baños, sala comedor, cocina americana con hornillas empotradas, lavandería y tendal en la azotea. Mascota chica permitida. Cochera no disponible. Solicita vídeo al interno. *Condiciones del trato: * -S/1, 300 (1x1) -Mantenimiento S/100 aprox con agua y pago de servicios por consumo. -Contar con ingresos sustentados con boleta o reporte tributario. -No registrar deudas vencidas al menos el titular que firma. *bel group real estate* www. brokerenlinea. com|https://www.adondevivir.com/propiedades/clasificado/alclapin-alquiler-3-dorm.-2-banos-con-terraza-piso-6-sin-149148633.html?n_src=Listado&n_pills=%C3%81rea+de+lavander%C3%ADa&n_pg=2&n_pos=11|2026-03-18
adondevivir|departamentos|alquiler|Lima Norte|San Martin de Porres|"Av. José Granda 24
Condevilla Señor, San Martín de Porres"|S/ 800 · USD 225|800|225|||"75 m² tot.
2 dorm.
1 baño"|75|2|||Contactame para mayores detalles enrique caballero medina 9. 5. 3. 0. 5. 9. 1. 2. 5. vive Y disfruta en un ambiente excelente Y seguro ubicado en la misma avenida A dos cudras de la av. Universitaria Y proximo A la A V. Evitamiento. * detalles del departamento * * area 75 M2, ubicado en el 3° piso ingreso independiente. * sal comedor cocina con muebles altoa Y bajos. * 02 habitaciones amplias con ventanas espaciosas con vista exterior. * baño propio completo. * lavadero con conexion A la lavadora. * sisitem de tendido en la azotea. * condiciones * * alquiler 800 mensuual garantia 1X1 servicios aparte|https://www.adondevivir.com/propiedades/clasificado/alclapin-alquiler-dpto.-acogedor-y-funcional-2-habitaciones-75-149264992.html?n_src=Listado&n_pills=%C3%81rea+de+lavander%C3%ADa&n_pg=2&n_pos=12|2026-03-18
adondevivir|departamentos|alquiler|Lima Norte|Ancon|"MALECON SAN MARTIN
Ancón, Lima"|S/ 31,320 · USD 200,000|31320|200000||500|"250 m² tot.
3 baños"|250||3||Alquiler la temporada hasta semana santa $ 9, 0000 dolares! Malecón San Martin. Edificio Ancon I. 8A. 250 mts2 (Es grande 250 mt y tiene una tremenda terraza, 12 x 4 aprox. 4 dorms / 3 baños. Sala comedor de diario, terraza amplia con comedor, en la mejor ubicación del balneario. 2 dormitorios c baño de servicio. Preciosa vista! El edificio es antiguo pero está bien mantenido, incluso el ascensor lo cambiaron hace poco. -El mantenimiento es. S/1500 trimestral. precio de venta $200, 000|https://www.adondevivir.com/propiedades/clasificado/veclapin-vendo-alquilo-la-temporada-departamento-con-vista-al-146526663.html?n_src=Listado&n_pills=Ascensor&n_pg=1&n_pos=1|2026-03-18
adondevivir|departamentos|alquiler|Lima Norte|Ancon|"Malecon San Martin
Ancón, Lima"|S/ 10,000 · USD 3,000|10000|3000||550|"275 m² tot.
4 dorm.
3 baños
1 estac."|275|4|3|1|Se alquila lindo dpto amoblado y equipado con vista panoramica frente al mar. Malecón San Martin. A. t 260 m2. Piso 9. Amplia sala, comedor independiente, terraza con vista al mar. 4 dormitorios con 3 baños completos. 1er dormitorio principal con vista al mar, cama king, closet, tv y baño incorporado. 2do dormitorio con cama queen y baño fuera. 3er dormt cama king y cama 11/2 plaza con baño fuera. 4to dorm. Cama queen. Cocina completa con línea blanca y alacena. Lavandería con lavadora. 1 cuarto y baño de servicio. Ascensor. Vigilancia 24 horas. Se aceptan mascotas pequeñas. Mantenimiento: 550 soles. Precio alquiler. Ver datos dólares mes. Precio alquiler con cochera: 3350 dólares|https://www.adondevivir.com/propiedades/clasificado/alclapin-alquilo-lindo-dpt-con-vista-al-mar.-malecon-san-martin-148545837.html?n_src=Listado&n_pills=Ascensor&n_pg=1&n_pos=2|2026-03-18
adondevivir|departamentos|alquiler|Lima Norte|Ancon|"Avenida Condorcanqui 1582
Carabayllo, Lima"|S/ 680|680|||50|"60 m² tot.
2 dorm.
1 baño"|60|2|||Departamento de estreno, excelente ubicación. Vive la experiencia de estrenar tu hogar en este moderno departamento, que ha sido diseñado aprovechando cada espacio con comodidad y funcionalidad. 2 dormitorios, uno de ellos con vista exterior y un baño completo. Sala comedor muy iluminada con vista a calle, cocina tipo kitchenette, ideal para un estilo de vida practico y moderno. Ubicación privilegiada, en avenida principal, con rápido acceso a distintos comercios, restaurantes y entidades financieras, facilitando tu dia a dia.|https://www.adondevivir.com/propiedades/clasificado/alclapin-departamento-estreno!-alquiler-vista-calle-2-dorm.-148744547.html?n_src=Listado&n_pills=Cerca+a+colegios&n_pg=1&n_pos=1|2026-03-18
adondevivir|departamentos|alquiler|Lima Norte|Ancon|"6R4Q+4RP
Santa Rosa, Lima"|S/ 1,000|1000||||"71 m² tot.
3 dorm.
2 baños"|71|3|2||¿Buscas un espacio moderno, cómodo y bien conectado hacia el sur con Lima y al norte con Chancay? Este acogedor departamento de 71 m² es ideal para una pareja con 3 hijos que valore la tranquilidad y la cercanía a la costa. Distribución inteligente: * Dormitorio principal con baño incorporado. * 2 dormitorios que comparten con el baño de visitas. * La cocina es de tipo americana con muebles altos y bajos y una amplia mesada. * Sala-comedor con balcón. Este es un lugar perfecto para comer, relajarse y gozar de una linda vista al mar. * Área de lavandería amplio con suficiente espacio para una lava-seca, cuenta con lavadero de ropa. Ubicación privilegiada: Ubicado en el corazón de Santa Rosa, estarás a un paso del Kartódromo y muy cerca del Balneario de Santa Rosa, perfecto para disfrutar de la brisa marina. Además, cuenta con una conectividad excelente: a solo 428 metros de la Carretera Panamericana Norte, facilitando tus traslados diarios. Condiciones de alquiler: La renta no incluye arbitrios, mantenimiento, agua, luz, gas, internet y otros. Mantenimiento y arbitrios: S/50. 2 meses de garantía y 1 mes de adelanto. No estar en la lista de infocorp. 3 últimas boletas o recibos por honorarios. Contáctame hoy mismo para programar una visita.|https://www.adondevivir.com/propiedades/clasificado/alclapin-alquilo-depa-3-dorm.-cerca-al-kartodromo-y-balneario-149199702.html?n_src=Listado&n_pills=%C3%81rea+de+lavander%C3%ADa&n_pg=1&n_pos=2|2026-03-18
adondevivir|departamentos|alquiler|Lima Norte|Ancon|"Héroes de la Paz
Carabayllo, Lima"|S/ 1,200|1200||||"113 m² tot.
3 dorm.
1 baño"|113|3|||"Alquiler Segundo Piso – 113 m² frente a Colegio Juan Pablo Peregrino | Residencial Lucyana – Carabayllo. Se alquila amplio espacio de 113 m² en segundo piso, ubicado frente al Colegio Juan Pablo Peregrino, en la zona residencial de Lucyana. Distribución: * Sala – comedor amplio con balcón. * 3 ambientes grandes (habitaciones / oficinas / consultorios) * Cocina espaciosa. * 1 baño. Ubicación estratégica cerca de la Avenida Universitaria, cerca a Mass, Boticas, Gimnasio. Con transporte permanente, paraderos cercanos y acceso al Metropolitano de Lima. La zona cuenta con mercados, bodegas, restaurantes, colegios e institutos, generando buen flujo de personas. Ideal para: * Vivienda. * Centro educativo o terapias de aprendizaje. * Consultorio psicológico o nutricional. * Cosmiatría / estética. * Home studio o negocio de servicios. Condiciones: * Abono de 2 meses de garantía + 1 mes de adelanto. * Contrato a un año. * Costo 1250 soles. Gran potencial comercial por estar en zona comercial frente a colegio."|https://www.adondevivir.com/propiedades/clasificado/alclapin-departamento-de-113-m-sup2--con-3-dorm.-en-alquiler-en-149260917.html?n_src=Listado&n_pills=Gimnasio&n_pg=1&n_pos=3|2026-03-18
adondevivir|departamentos|alquiler|Lima Norte|Ancon|"MZ. 43 LOTE 23 URB. TORREBLANCA II ETAPA
Manuel Scorza, Carabayllo"|S/ 500 · USD 22,256|500|22256|||"33 m² tot.
2 dorm.
1 baño"|33|2|||Segundo Piso – Dpto A – 33. 17 m² – S/75, 000. “Tu Primer Depa Desde S/75, 000 en Torreblanca” “Precio Perfecto: 33 m² Inteligentes en el Segundo Piso” “La Mejor Entrada al Mercado Inmobiliario: S/75, 000”|https://www.adondevivir.com/propiedades/clasificado/veclapin--oportunidad-torreblanca-ii-ex-techo-propio-o-doral-148344288.html?n_src=Listado&n_pills=Cerca+a+colegios&n_pg=1&n_pos=4|2026-03-18
adondevivir|departamentos|alquiler|Lima Norte|Ancon|"Condominio Ciudad Verde
Puente Piedra, Lima"|S/ 900|900|||100|"61 m² tot.
3 dorm.
1 baño"|61|3|||Contacto: nathaly coscocel: 9*8*8*3*8*9*7*9*9Un lugar para que disfrutes de una vista inigualable, áreas verdes y de diversión para toda la familiaBello departamento ubicado frente a la escuela de oficiales en Puente Piedra, ubicado en el piso 9, en edificio con ascensor. Tiene 61m2 que se distribuyen en 3 dormitorios, 1 baño, sala comedor, balcón, cocina cerrada, área de lavado. El departamento tiene menos de 1 año de entrega y poco uso. Tiene Gas natural y viene con terma. Bonita vista a la escuela de oficiales, con mucha vegetación. El mantenimiento es de 100 soles ( incluye agua) Cuenta con áreas comunes como: tiendas, cancha de fulbito, área de juegos de niños, salones de eventos. Además de estar frente a la escuela de policias, a pocos minutos de Tottus de Puente Piedra, mercados, piscinas. contacto: nathaly coscocel: 9*8*8*3*8*9*7*9*9id: 1*1*5*9*2*1*3|https://www.adondevivir.com/propiedades/clasificado/alclapin-alquiler-de-departamento-en-puente-piedra-147935473.html?n_src=Listado&n_pills=%C3%81rea+de+lavander%C3%ADa&n_pg=1&n_pos=5|2026-03-18
adondevivir|departamentos|alquiler|Lima Norte|Ancon|"Av, Condorcanqui
Carabayllo, Lima"|S/ 750 · USD 203|750|203|||"76 m² tot.
2 dorm.
1 baño"|76|2|||Excelente oportunidad de alquiler en Carabayllo, Hermoso departamento de 76 m², con una impresionante vista panorámica de la Avenida Condorcanqui. Área: 76 M2Ubicado en el 3er piso con ingreso independiente (sin ascensor) 2 habitaciones - (ingresan camas de 2 plazas) CocinaLavandería con instalación con lavadora1 baño completoSala y comedor. Espacio para oficina, hall. Luz natural en todo el departamento. No se paga mantenimientoLuz independienteGas cálidaA tan solo 2 cuadras de la estación Metropolitano (troncal), cerca a la Av. Universitaria, Av. Chimpu Ocllo, colegio Innova School, Mercados, enace, Parques y másPrecio de alquiler. S/750. 00Modalidad 2x1No estar reportados en Infocorpsc. rp1R. U. C Ver datos|https://www.adondevivir.com/propiedades/clasificado/alclapin-departamento-en-alquiler-en-carabayllo-146492447.html?n_src=Listado&n_pills=%C3%81rea+de+lavander%C3%ADa&n_pg=1&n_pos=6|2026-03-18
adondevivir|departamentos|alquiler|Lima Norte|Ancon|"Calle las Araucarias
Carabayllo, Lima"|S/ 700 · USD 180|700|180|||"90 m² tot.
3 dorm.
2 baños"|90|3|2||¡Tu Nuevo Hogar en San Antonio De Carabayllo te Está Esperando! ¡No te pierdas esta increíble oportunidad de alquilar un departamento que lo tiene todo! Ubicado estratégicamente en Santa Antonio de Carabayllo este encantador hogar ofrece la combinación perfecta de tranquilidad y seguridad. Imagina despertarte cada mañana en un entorno rodeado de parques y colegios. Descripción: -Área Construida: 89. 90m2 -Antigüedad: estreno - 3 dormitorios habitación principal con baño- 2 baños -Cocina: americana -Sala / Comedor -Lavadero -Balcón Beneficios para Ti y tu Familia: Seguridad y tranquilidad para tus seres queridosRodeado de parques para ejercitarse y pasar momentos familiares inolvidablesDepartamentos de estreno con diseño moderno y listos para habitarClima ideal y calido todos los dias del año. Ubicación: -Calle las Araucarias 283 a 3 cuadras de la Av. Las Palmeras-A 8 minutos del Ovalo de Puente Piedra -Urbanización segura rodeado de parques, colegios como Innova School, Saco Oliveros y de fácil acceso transporte público y privado. gw-fw -rp2¡Haz de Este Departamento tu Nuevo Hogar! ¡No dejes pasar esta oportunidad única de vivir en un lugar que se adapta a tu estilo de vida universitario o familiar! Contáctanos ahora para más detalles y asegura tu departamento en San Antonio de Carabayllo. Contactame: 9. 5. 8. 9. 2. 6. 0. 5. 2. - Gean Pierre Wilson R. U. C Ver datos|https://www.adondevivir.com/propiedades/clasificado/alclapin-alquiler-de-departamento-en-san-antonio-de-carabayllo-144552077.html?n_src=Listado&n_pills=%C3%81rea+de+lavander%C3%ADa&n_pg=1&n_pos=7|2026-03-18
adondevivir|departamentos|alquiler|Lima Norte|Ancon|"Calle Perales al 100
Carabayllo, Lima"|S/ 850 · USD 252|850|252|||"55 m² tot.
3 dorm.
1 baño"|55|3|||Alquilo departamento 850 soles incluido mantenimiento*? estreno? *condominio club - valle grande carabayllo”? ubicado a 5 min de tottus, plaza vea, promart del ovalo puente piedra. Universidades, colegios y más. cuenta con: - 3 dormitorios- sala, comedor, cocina- lavanderia- intercomunicador- medidor de luz independiente- 01 baño- piso 1-áreas comunes: -? Piscina? -? Hobby- Sala de reuniones-? Zona de Juegos para niños- seguridad? 24 horas-? Condominio Privadoprecio del alquiler 850 soles incluido mantenimiento. Acceso a las áreas comunes: como piscina, juego para niños, sala de reuniones. no esperes mas agenda tu visitar. U. C Ver datos|https://www.adondevivir.com/propiedades/clasificado/alclapin-alquiler-de-departamento-en-carabayllo-en-1er-piso-148749149.html?n_src=Listado&n_pills=Parrilla&n_pg=1&n_pos=8|2026-03-18
adondevivir|departamentos|alquiler|Lima Norte|Ancon|"Av. Chillón Trapiche & Av.u
Carabayllo, Lima"|S/ 650 · USD 193|650|193|||"55 m² tot.
2 dorm.
1 baño"|55|2|||En el mejor clima del cono norte para vivir! Vivir en la Urb. Santo Domingo, Carabayllo, se percibe como una experiencia mixta: es un lugar con áreas verdes, parques bien cuidados y un ambiente que busca ser más tranquilo, ideal para familias, con acceso a servicios básicos y transporte (cerca al Metropolitano, Av Universitaria, Av Trapiche, cerca av Panamericana Norte y Av Tupac Amaru fácil acceso de salidas para los cono Norte y Sur), rodeado de casas y departamentos modernos y potencial, rodeado de parques Y todo comercio, bancos, universidades, colegios, supermercados, clínicas, centro comerciales, Mall, mercado grandes etc etccaracteriticas02 Habitaciones01 bañoCocina con gas caliddalavanderíasala comedor con vista externa, ubicado en el 3er piso dpto bla calle se encuentra enrejado con vigilante 24/7modalidad de pago: 2X1 (2 de garantía y uno de renta) precio de alquiler650 nuevos soles* condiciones: - Mostrar sustento de Ingresos- Mostar sus antecedentes penales- No mascotas- No extranjero- No estar reportado en Infocorpagendamos visita con un día de anticipación! R. U. C Ver datos|https://www.adondevivir.com/propiedades/clasificado/alclapin-alquiler-dpto-urb-santo-domingo-148574941.html?n_src=Listado&n_pills=%C3%81rea+de+lavander%C3%ADa&n_pg=1&n_pos=9|2026-03-18
adondevivir|departamentos|alquiler|Lima Norte|Ancon|"Jr. de la Agricultura 244, Puente Piedra 15121, Perú
Puente Piedra, Lima"|S/ 1,000 · USD 296|1000|296|||"90 m² tot.
4 dorm.
3 baños"|90|4|3||Alquiler de departamento en puente piedra – 90 m² – 2do piso¿Buscas un hogar amplio, cómodo y bien ubicado? Este departamento flat sin amoblar es ideal para ti y tu familia. Ubicado en una zona segura, tranquila y rodeada de comercios, disfrutarás de una excelente calidad de vida con todo cerca. - Características del inmueble: Área total: 90 m²Piso: 2do pisoZonificación: rdm (Residencial de Densidad Media) 4 habitaciones amplias3 baños completosCocina independienteVista a la calleEntrada independienteExcelente iluminación y ventilación naturalAntigüedad: 5 añosNo cuenta con cochera-? Servicios: Luz: ProrrateadoAgua: ProrrateadoGas natural: SíMantenimiento: No- Ubicación estratégica: Av. Las Torres – Calle La Agricultura, Puente PiedraA solo 3 cuadras de la Panamericana NorteCerca de mercados, colegios, tiendas y transporte públicoZona residencial tranquila, con fácil acceso a avenidas principales? - No se aceptan mascotasCondiciones: Contrato mínimo: 1 año1 mes de garantía + 1 mes de adelanto (1x1) - Agendamos visitas todos los días. ¡No dejes pasar esta oportunidad de vivir en un lugar amplio, bien ubicado y listo para mudarte! Contáctame hoy y agenda tu visita ahora mismo. R. U. C Ver datos|https://www.adondevivir.com/propiedades/clasificado/alclapin-alquiler-departamento-flat-en-puente-piedra-de-90-148517898.html?n_src=Listado&n_pills=%C3%81rea+de+lavander%C3%ADa&n_pg=1&n_pos=10|2026-03-18
adondevivir|departamentos|alquiler|Lima Norte|Ancon|"Av. Chillón Trapiche & Av.u
Carabayllo, Lima"|S/ 550 · USD 163|550|163|||"45 m² tot.
2 dorm.
1 baño"|45|2|||En el mejor clima del cono norte para vivir! Vivir en la Urb. Santo Domingo, Carabayllo, se percibe como una experiencia mixta: es un lugar con áreas verdes, parques bien cuidados y un ambiente que busca ser más tranquilo, ideal para familias, con acceso a servicios básicos y transporte (cerca al Metropolitano, Av Universitaria, Av Trapiche, cerca av Panamericana Norte y Av Tupac Amaru fácil acceso de salidas para los cono Norte y Sur), rodeado de casas y departamentos modernos y potencial, rodeado de parques Y todo comercio, bancos, universidades, colegios, supermercados, clínicas, centro comerciales, Mall, mercado grandes etc etccaracteriticas02 Habitaciones01 bañoCocina con gas caliddalavanderíasala comedor con vista externa, ubicado en el 3er piso dpto ala calle se encuentra enrejado con vigilante 24/7modalidad de pago: 2X1 (2 de garantía y uno de renta) precio de alquiler550 nuevos soles* condiciones: - Mostrar sustento de Ingresos- Mostar sus antecedentes penales- No mascotas- No extranjero- No estar reportado en Infocorpagendamos visita con un día de anticipación! R. U. C Ver datos|https://www.adondevivir.com/propiedades/clasificado/alclapin-alquiler-en-la-mejor-zona-del-cono-norte-148586792.html?n_src=Listado&n_pills=%C3%81rea+de+lavander%C3%ADa&n_pg=1&n_pos=11|2026-03-18
adondevivir|departamentos|alquiler|Lima Norte|Ancon|"Valle Grande Condominio Club
Carabayllo, Lima"|S/ 1,350 · USD 402|1350|402|||"50 m² tot.
3 dorm.
1 baño"|50|3|||Torre gcondominio Valle Grande CarabaylloEtapa 1Se alquila un lindo departamento ubicado dentro de Condominio Valle Grande en Carabayllo, a unos minutos del Ovalo de Puente PiedraPiso 5 con excelente vista a la piscina? Sin ascensorEscaleras amplias para subirEl departamento se alquila amobladoDescripciónSala comedorCocina con repostería alta y baja - lavanderia3 habitacionesEl departamento cuenta conCocina de 4 hornillas marca MabeLavadoraFreidora de aireFrigiderLicuadoraMenajeUna cama completa de plaza y mediaUn colchón de 2 plazasMesita en la habitaciónMesita de centro en salaZapatera con espejoMueble cómoda pequeñaTelevisor de 55 pulgadasMueble completo de sala donde esta ubicado el televisorEquipo de sonidoMuebles de cuero modularEl Condominio cuenta conVigilancia permanente Una linda piscinaGimnasioJuego para niñosMinimarketServicios de luz independientePago de mantenimientoS/110 incluye aguaEn Exclusiva6 mesesAntigüedad 5 añosPrecioS/1, 3501x1R. U. C Ver datos|https://www.adondevivir.com/propiedades/clasificado/alclapin-se-alquila-departamento-de-50-m-sup2--en-estreno-149224459.html?n_src=Listado&n_pills=Gimnasio&n_pg=1&n_pos=12|2026-03-18
adondevivir|departamentos|alquiler|Lima Norte|Ancon|"Avenida Buenos Aires
Puente Piedra, Lima"|S/ 800|800||||"38 m² tot.
1 dorm.
1 baño"|38|1|||"Oportunidad en Puente Piedra: Studio 38m² | Seguro, Iluminado y Céntrico | Incluido serviciostu nuevo espacio te espera Lindo Studio y/o Mini Departamento diseñado para personas que buscan independencia y confort. la propiedad: Área: 38m² en 3° pisoIluminación: Grandes ventanas y excelente luz natural. Diseño: Concepto abierto (Sala/Comedor/Cocina integrada) + Área de Dormitorio + Baño completo. Estilo: Colores claros, neutros y modernos. la zona (Todo a la mano): A 5 min: Tottus y Megamercado Huamantanga. A 8 min: Plaza Vea. Al lado: Tiendas Mass y transporte público constante (Cerca a la Pan. Norte). Servicios: Cerca a Municipalidad, Plaza de Armas, Hospitales y Farmacias. seguridad garantizada: Vigilancia permanente para tu tranquilidad. Precio: S/. 800 mensuales (Incluido servicios y mantenimiento de areas comunes) Contrato de 1 año¡No dejes pasar esta oportunidad! Contáctanos para enviarte video o agendar visita."|https://www.adondevivir.com/propiedades/clasificado/alclapin-moderno-y-acogedor-departamento-en-alquiler-149086669.html?n_src=Listado&n_pg=1&n_pos=13|2026-03-18
adondevivir|departamentos|alquiler|Lima Norte|Ancon|"Av. Condorcanqui
Carabayllo, Lima"|S/ 800 · USD 217|800|217|||"76 m² tot.
2 dorm.
1 baño"|76|2|||Excelente oportunidad de alquiler en Carabayllo, Hermoso departamento de 76 m², con una impresionante vista panorámica de la Avenida Condorcanqui. Área: 76 M2Ubicado en el 2do piso con ingreso independiente2 habitaciones - La Principal con closet de madera (ingresan camas de 2 plazas) Cocina implementada con muebles de madera altos y bajoLavandería con instalación con lavadora1 baño completoSala y comedor. Espacio para oficina, hall. Aceptan mascotas. Luz natural en todo el departamento. No se paga mantenimientoLuz y agua independienteA tan solo 2 cuadras de la estación Metropolitano (troncal), cerca a la Av. Universitaria, Av. Chimpu Ocllo, colegio Innova School, Mercados, parques y másPrecio de alquiler. S/8002x1R. U. C Ver datos|https://www.adondevivir.com/propiedades/clasificado/alclapin-alquiler-en-carabayllo-confortable-departamento-de-76-147385231.html?n_src=Listado&n_pills=%C3%81rea+de+lavander%C3%ADa&n_pg=1&n_pos=14|2026-03-18
adondevivir|departamentos|alquiler|Lima Norte|Ancon|"JOSE DE LA RIVA AGüERO 208 URB. LOS PROCERES VENTANILLA, CALLAO,
Los Proceres, Ventanilla"|S/ 1,500|1500||||"100 m² tot.
3 dorm.
2 baños"|100|3|2||Departamento independiente en los proceres, ventanilla, Ac: 100 m², S/1, 500, 3d, 1 B, 3cer piso. se alquila dpto en 3cer piso, con escalera de caracol, sala, comedor con vista A la calle, cocina abierta con muebles abajo, campana extractora, lavanderia amplia, 3 dormitorios ppl con baño incorporado con ducha, 1 baño de visita, con ducha para los otros 2 dormitorios, precio A tratar. se alquila para departamento solo para pareja con hijos grandes, no mascota. departamente recien pintado Y remodelado nuevo. no se acepta reuniones donde ocaciones bulla, lugar tranquilo, pasa mucha movilidad en la paralelas de la casa. calle tranquila. hay estacionamientos libres. los servicos de luz agua, internet Y arbitrios son aparte. la direccion es: av. Jose de la arriba aguero 208, urbanizacion los proceres, ventanilla, altura de la cuadra 25 de satelite, cerca al parque virgen de fatima. cominucarse con rosmery reyes Ver datos|https://www.adondevivir.com/propiedades/clasificado/alclapin-av-jose-de-la-riva-aguero-208-dpto-3cer-piso-ac:100-143991254.html?n_src=Listado&n_pills=%C3%81rea+de+lavander%C3%ADa&n_pg=1&n_pos=15|2026-03-18
adondevivir|departamentos|alquiler|Lima Norte|Ancon|"Edificio Monopoly 44
Santo Domingo, Carabayllo"|S/ 650|650|||20|"35 m² tot.
1 dorm.
1 baño"|35|1|||Departamento equipado de 1 dorm, estilo Flat con acabados A1 (fotos reales) Cuarto piso, entrada independiente, Ideal para personas trabajadoras solas O parejas, no bebes, no niños, no mascotas. •distribucion: 1Dormitorio amplio, 1Baño completo, sala Kitchenette. Sala de lavanderia y patio de tendal (ubicado en el 5to piso). •acabados: Acabados de primera, piso cerámico en todos los ambientes, cortinas y luminarias instaladas en todos los ambientes con focos led, Kitchenette con posa de lavado de acero inoxidable, cocina de 2 hornillas, campana extractora, microondas, refrigeradora, mesa con 2 sillas. •servicios: Completos luz, agua, cámaras de seguridad las 24 horas del día y los 7 días de la semana. •areas comunes: Sala de Lavandería (equipado con 4 máquinas de lavadoras de ropa), patio de tendal techado con fribraforte. •ubicación: Jirón San Matías Lt. 14 Mz F Urb. Santo Domingo 11ava Etapa (a unas cuadras del último paradero del Metropolitano Alimentadora Norte Santo Domingo, cerca al terminal chimpu ocllo a 2 Cdras. De la Av. Trapiche). •alquiler: S/. 650 soles (agua y luz), Mantenimiento s/20 soles, condiciones: 1 mes de garantía + 1 mes adelantado (1 x 1) contrato minimo por 1 año. contacto: Srta. Lucy Ver datos|https://www.adondevivir.com/propiedades/clasificado/alclapin-el-lugar-tranquilo-y-comodo-para-vivir.-145550647.html?n_src=Listado&n_pills=Seguridad&n_pg=1&n_pos=16|2026-03-18
adondevivir|departamentos|alquiler|Lima Norte|Ancon|"Valle Grande Condominio Club, Carabayllo
Vista Alegre De Carabayllo, Carabayllo"|S/ 600 · USD 158|600|158||120|"65 m² tot.
3 dorm.
1 baño"|65|3|||Departamento en Alquiler en Carabayllo! Ubicado en Valle Grande Condominio Club - Carabayllo seguro ideal para tu familia. Cuarto Piso Características del Departamento 3 habitaciones Sala y comedor amplios Cocina funcional Área de lavandería 1 baño completo con ducha Vigilancia 24 horas para tu tranquilidad Condiciones de Alquiler Precio mensual: S/ 800 Condiciones: 1 mes de adelanto + 1 mes de garantía Mantenimiento: S/ 100 (aproximadamente, incluye el agua) ¡No pierdas esta increíble oportunidad de vivir en un lugar cómodo y seguro! Contáctame para más información y coordinar una visita ¡contacta ahora! 96*09 *49 *456 con berardo porras o escribeme al WhatsApp para coordinar una visita. ¡No dejes pasar esta Oportunidad!|https://www.adondevivir.com/propiedades/clasificado/alclapin-dpto-en-alquiler-en-valle-grande-condominio-club-148871347.html?n_src=Listado&n_pills=Guardian%C3%ADa%2FSeguridad+privada&n_pg=1&n_pos=17|2026-03-18
adondevivir|departamentos|alquiler|Lima Norte|Ancon|"Los Perales 275
Carabayllo, Lima"|S/ 700|700|||1|"75 m² tot.
3 dorm.
1 baño"|75|3|||Contactar al: 98 28 19 5 86. Características del Departamento: escaleras piso 4 (no mascotas) 3 habitaciones. ️ Sala y comedor. ️ Cocina funcional. Área de lavandería. 1 baño completo con ducha. Amenidades del Condominio. Vigilancia 24 horas para tu tranquilidad. ️ Piscina para disfrutar en familia. Área de juegos para niños. Condiciones de Alquiler. Precio mensual: S/ 700 incluye mantenimiento y agua. Condiciones: 1 mes de adelanto + 1 mes de garantía. ¡No pierdas esta increíble oportunidad de vivir en un lugar cómodo y seguro! Observación: No cuenta con ascensor, sustento de ingresos u boletas y dni. Contáctame para más información y coordinar una visita ️ Ver datos. requisito: dni solo peruanos no extranjeros Y boletas de ingreso. (no estar reportado en sistema financiero) condiciones 1 de garantia Y 1 adelanto (no es negociable)|https://www.adondevivir.com/propiedades/clasificado/alclapin-se-alquila-departamento-de-estreno-3-dorm.-en-148737438.html?n_src=Listado&n_pills=%C3%81rea+de+lavander%C3%ADa&n_pg=1&n_pos=18|2026-03-18
adondevivir|departamentos|alquiler|Lima Norte|Ancon|"Valle grande 3
Carabayllo, Lima"|S/ 600 · USD 178|600|178||110|"65 m² tot.
3 dorm.
1 baño"|65|3|||Estrena tu nuevo hogar en carabayllo - seguridad Y tranquilidad A un precio de ocasion! Se alquila impecable departamento en el Condominio Valle Grande 3. Ubicado en una zona residencial privilegiada por su clima y lejanía del bullicio urbano. Ideal para familias que valoran la paz y la seguridad. Características del inmueble (Piso 4 - Vista Exterior): Estado: 100% de estreno (Pisos cerámicos nuevos). 3 Dormitorios: Con excelente iluminación natural. Sala-Comedor: Amplia y ventilada. Cocina: Equipada con muebles altos y bajos. Lavandería integrada. 1 Baño Completo: Grifería y sanitarios nuevos. Sobre el condominio: Disfruta de vivir en un entorno cerrado con pórtico de ingreso, seguridad y áreas verdes interiores. Mantenimiento muy accesible (S/. 110 soles aprox.). Nota: El condominio cuenta con escaleras amplias (no ascensor). Condiciones de alquiler: Renta Mensual: S/. 700. 00. Ahora S/. 600. 00. Contrato: Mínimo 1 año. Modalidad: 1 mes de garantía x 1 mes de adelanto (1x1). Requisito: Sustento de ingresos y estar bien en el sistema financiero (Infocorp/Sentinel). ¿Listo para mudarte? Contáctanos al 9. 5. 9. 2. 0. 2. 4. 7. 5. Para agendar una visita.|https://www.adondevivir.com/propiedades/clasificado/alclapin-alquiler-depa-de-estreno-3-dorm-condominio-valle-148501387.html?n_src=Listado&n_pills=Seguridad&n_pg=1&n_pos=19|2026-03-18
adondevivir|departamentos|alquiler|Lima Norte|Ancon|"Calle 5
Santo Domingo, Carabayllo"|S/ 850 · USD 255|850|255|||"100 m² tot.
2 dorm.
1 baño"|100|2|||¡Excelente oportunidad de alquiler! Se alquila hermoso departamento de estreno 100 m², en el piso 4, ubicado en la mejor zona de Carabayllo, en la Urb. De Santo Domingo vi Etapa. Este departamento cuenta con las siguientes características: 2 dormitorios amplios, perfectos para tu comodidad. Sala y comedor bien iluminados, con espacios abiertos. Cocina moderna con reposteros altos y bajos, ideal para almacenar todos tus utensilios, espacio para Lavandería. Vista espectacular a un parque, lo que te brindará tranquilidad y un entorno natural. La ubicación es inmejorable, cerca de todo tipo de comercios, colegios y transporte público, lo que te garantiza fácil acceso. No pierdas la oportunidad de vivir en una de las mejores zonas de Carabayllo. ¡Contáctanos para más información y agendar una visita! Visitas: los dias sabados Y domingos. requisitos importantes para el alquiler: 2 meses de Garantía. 1 mes de adelanto. no estar reportados en la central de riesgos. Ingresos demostrables con boletas de pago|https://www.adondevivir.com/propiedades/clasificado/alclapin-dpto-en-alquiler-urb.-sto-domingo-iv-carabayllo-148941613.html?n_src=Listado&n_pills=%C3%81rea+de+lavander%C3%ADa&n_pg=1&n_pos=20|2026-03-18
adondevivir|departamentos|alquiler|Lima Norte|Ancon|"Vía Asoc. Jardines de Shangri-LA-LOT. AFDB MZ. B1 LT. 27 GRP Chillon
Chillon, Puente Piedra"|S/ 1,200|1200||||"120 m² tot.
3 dorm.
3 baños"|120|3|3||Departamento de 120 m² en alquiler en Asociación Jardines de Shangri Mz B1 Lt. 27 grp Chillón, ideal para familias. Cuenta con 3 recámaras, 3 baños y 2 balcones. Ubicado en el piso 2 de un edificio de 2 pisos, este inmueble ofrece acabados de lujo y un diseño funcional con sala y comedor. La cocina está con lindos acabados, el dormitorio principal cuenta con baño propio y de la misma manera el segundo dormitorio. Además, dispone de área de lavandería e ingreso independiente. En cuanto a la ubicación, la zona de Chillón es principalmente residencial, con un ambiente tranquilo y familiar. Encontrarás escuelas cercanas y parques para disfrutar al aire libre. El acceso es por camino de tierra, lo que le da un toque campestre. Cuenta con cerco de material noble para mayor seguridad. Disfruta de los servicios básicos como agua y luz, además de desagüe. Una excelente opción para quienes buscan comodidad y tranquilidad en un entorno familiar.|https://www.adondevivir.com/propiedades/clasificado/alclapin-departamento-de-120-m-sup2--con-3-recamaras-en-149230545.html?n_src=Listado&n_pills=Cerca+a+colegios&n_pg=1&n_pos=21|2026-03-18
adondevivir|departamentos|alquiler|Lima Norte|Ancon|"Avenida Amador Merino Reyna 340
Carabayllo, Lima"|S/ 3,450 · USD 999|3450|999||250|"46 m² tot.
1 dorm.
1 baño"|46|1|||Vive conectado en San Isidro. Descubre este hermoso edificio único en San Isidro que combina conectividad, recreación y vida urbana, ubicados en el centro financiero de Lima, con áreas comunes pensadas para tu estilo de vida y acabados de alta calidad. El dpto esta super bien distribuidos con diseño eficiente. Tiene una ubicación estratégica, a pasos de todo. Disfruta de la comodidad de tener todo cerca: oficinas, restaurantes, parques y vías principales. Tenemos 2 dptos hermoso amoblados y equipados de primera, tal cual se muestra en las fotos. Disponibles en piso 2 y 13. Balcon, vista exterior y parte interior, Amplia sala comedor, cocina implementada con tablero de cuarzo, area de lavanderia, baño implementado con puertas de vidrio templado, espejos, repisas y mas. Reserva una cita|https://www.adondevivir.com/propiedades/clasificado/alclapin-hermoso-dpto-equipado-en-el-centro-financiero-149281314.html?n_src=Listado&n_pills=Seguridad&n_pg=1&n_pos=22|2026-03-18
adondevivir|departamentos|alquiler|Lima Norte|Ancon|"SAN ANTONIO DE CARABAYLLO
San Antonio, Carabayllo"|S/ 600|600|||50|"85 m² tot.
3 dorm.
2 baños
1 estac."|85|3|2|1|¡El mejor departamento en alquiler en San Antonio de Carabayllo! Vive con comodidad, estilo y una ubicación inigualable. Frente a parque y a solo 3 minutos del Óvalo Huamantanga, estarás cerca de Plaza Vea, Metro, colegios y bancos. Características que te encantarán: Amplia sala con balcón️ 3 dormitorios con clóset️ Cocina moderna con muebles altos y bajos en melamine. Finos acabados y piso de porcelanato. estacionamiento opcional. Departamentos disponibles: 3er, 4to y 5to piso. No se aceptan Mascotas. Precio desde: S/600 + estacionamiento por S/200. ¡Tu nuevo hogar está aquí! Contáctenos y agenda una visita ahora. * Contactar Raúl Franco Ver datos *|https://www.adondevivir.com/propiedades/clasificado/alclapin-alquiler-departamento-san-antonio-de-carabayllo-143266421.html?n_src=Listado&n_pills=Frente+a+parque&n_pg=1&n_pos=23|2026-03-18
adondevivir|departamentos|alquiler|Lima Norte|Ancon|"AV LOS GALLINAZOS
Costa Del Sol, Carabayllo"|S/ 1,200 · USD 320|1200|320|||"75 m² tot.
3 dorm.
2 baños"|75|3|2||Departamentos en Alquiler – Edificio Moderno en Carabayllo. - Ubicación: Urb. El Sol de Carabayllo – Zona tranquila y de fácil acceso. Edificio de 4 pisos. 2 departamentos por piso (8 en total) Sin ascensor. - Área de cada departamento: 75 m² - Ventanas antisísmicas para mayor seguridad y confort. - Distribución de cada departamento: * 3 dormitorios. * 1 baño completo en el dormitorio principal. * 1 baño completo compartido. * Sala y comedor amplios e iluminados. * Cocina independiente. * Lavandería. - Ideal para familias o parejas. - Edificio seguro y bien distribuido. - Servicios independientes. - Disponibilidad inmediata. Contáctanos para agendar una visita. Leslie Fajardo Ver datos.. . . #inmuebles #alquiler #departamentoencarabayllo #carabayllo #departamentoenalquiler. #urbelsolcarabayllo #inmobiliaria #departamento|https://www.adondevivir.com/propiedades/clasificado/alclapin-depa-en-alquiler-3dorm-2banos-1-2-3-4-piso-sin-147224180.html?n_src=Listado&n_pills=%C3%81rea+de+lavander%C3%ADa&n_pg=1&n_pos=24|2026-03-18
adondevivir|departamentos|alquiler|Lima Norte|Ancon|"PARQUE RAMON CASTILLA
Carabayllo, Lima"|S/ 1,600|1600|||1|"145 m² tot.
3 dorm.
2 baños"|145|3|2||Alquiler de Departamento de 145mtr2 en Carabayllo – Frente a Parque Ramón Castilla. Se alquila amplio y cómodo departamento en Carabayllo, con excelente ubicación frente al parque Ramón Castilla y a solo dos cuadras de la avenida Universitaria. Zona tranquila, residencial y con fácil acceso a mercados, tiendas y servicios. Características: • 3 dormitorios (2 de ellos súper amplios, entra cama king/queen sin problema) • 2 baños completos. • Sala comedor amplia con vista al parque. • Pisos de parquet en excelente estado. • Cocina cerrada e independiente. • Ingreso totalmente independiente. • Estacionamiento externo disponible. Ubicado en el 3er piso, bien iluminado y ventilado. Precio de alquiler: S/ 1, 600 (negociable ligeramente) Ideal para familias que buscan comodidad, seguridad y una zona céntrica. Ubicación: Frente al Parque Ramón Castilla, Carabayllo.|https://www.adondevivir.com/propiedades/clasificado/alclapin-alquilo-amplio-departamento-u-oficina-145-m-sup2-147608493.html?n_src=Listado&n_pills=Frente+a+parque&n_pg=1&n_pos=25|2026-03-18
adondevivir|departamentos|alquiler|Lima Norte|Ancon|"6R4Q+4RP Santa Rosa
Santa Rosa, Lima"|S/ 850|850||||"32 m² tot.
1 dorm.
1 baño"|32|1|||¿Buscas un espacio moderno, cómodo y bien conectado? Este acogedor mini departamento de 32 m² es ideal para una persona sola o pareja que valore la tranquilidad y la cercanía a la costa. Distribución inteligente: - 1 Dormitorio iluminado. - 1 Baño completo con acabados modernos. - Sala-comedor integrada para optimizar cada metro cuadrado. - Kitchenette funcional. Ubicación privilegiada: Ubicado en el corazón de Santa Rosa, estarás a un paso del Kartódromo y muy cerca del Balneario de Santa Rosa, perfecto para disfrutar de la brisa marina. Además, cuenta con una conectividad excelente: a solo 428 metros de la Carretera Panamericana Norte, facilitando tus traslados diarios. Condiciones de alquiler: La renta no incluye arbitrios, mantenimiento, agua, luz, gas, internet y otros. Mantenimiento y arbitrios: S/50. 2 meses de garantía y 1 mes de adelanto. No estar en la lista de infocorp. 3 últimas boletas o recibos por honorarios. Contáctame hoy mismo para programar una visita.|https://www.adondevivir.com/propiedades/clasificado/alclapin-alquilo-mini-depa-cerca-al-kartodromo-y-balneario-de-148995947.html?n_src=Listado&n_pg=1&n_pos=26|2026-03-18
adondevivir|departamentos|alquiler|Lima Norte|Ancon|"Avenida Jorge Basadre
San Antonio, Carabayllo"|S/ 600|600||||"75 m² tot.
3 dorm.
2 baños
1 estac."|75|3|2|1|Desde S/ 600 mensuales. Estacionamiento opcional desde S/ 150. Ubicación: Urbanización San Antonio – Carabayllo. Área: 75 m² Vive cómodo, seguro y cerca de todo. Disfruta de un amplio departamento en una zona estratégica, ubicado a solo 5 minutos del Óvalo Huamantanga, cerca de Plaza Vea, Metro, colegios, bancos, mercados y transporte público. Caracteristicas del departamento. Amplia sala bien iluminada. 3 dormitorios. 2 baños. Cocina con muebles bajos de madera color natural. Gas Calidda instalado. Escaleras amplias y cómodas. Acabados: Piso de porcelanato en áreas sociales. Cerámicos en dormitorios, cocina y baños. Estacionamiento opcional (ubicado fuera del edificio) Precios de alquiler. Departamento 2° piso: desde S/ 600 Dpto de 2 dormitorios. Departamento 3° piso: S/ 800 dpto de 3 dormitorios. Estacionamiento: desde S/ 150 (se alquila por separado) Condiciones. 1 mes de adelanto + 1 mes de garantía. No estar reportado en Infocorp. Presentar referencias personales. No se permiten mascotas. ¡Tu nuevo hogar te espera! Agenda tu visita hoy mismo y conoce tu próximo departamento. Contáctanos para más información o visitas.|https://www.adondevivir.com/propiedades/clasificado/alclapin-alquiler-departamento-en-san-antonio-de-carabayllo-149226532.html?n_src=Listado&n_pills=Cerca+a+colegios&n_pg=1&n_pos=27|2026-03-18
adondevivir|departamentos|alquiler|Lima Norte|Ancon|"MZ. 43 LOTE 23 URB. TORREBLANCA II ETAPA
Manuel Scorza, Carabayllo"|S/ 1,000 · USD 46,000|1000|46000|||"88 m² tot.
2 dorm.
1 baño
1 estac."|88|2||1|¡Una oportunidad única para vivir, invertir o generar renta en uno de los puntos con mayor proyección de Carabayllo! Se vende todo el inmueble de cuatro niveles, ubicado en Mz. 43 Lote 23 – Urb. Torreblanca ii Etapa (ex techo propio O doral de torrelanca) km 24 av. Tupac Amaru, con múltiples unidades independientes ideales para vivienda familiar, alquiler permanente o proyectos inmobiliarios. Distribución del inmueble. Primer Piso – 88. 37 m² Precio: usd 46, 000. Amplio, funcional y con excelente potencial para vivienda familiar o negocio.|https://www.adondevivir.com/propiedades/clasificado/veclapin-oportunidad-en-torreblanca-edificio-completo-con-148341723.html?n_src=Listado&n_pg=1&n_pos=28|2026-03-18
adondevivir|departamentos|alquiler|Lima Norte|Santa Rosa|"6R4Q+4RP
Santa Rosa, Lima"|S/ 1,000|1000||||"71 m² tot.
3 dorm.
2 baños"|71|3|2||¿Buscas un espacio moderno, cómodo y bien conectado hacia el sur con Lima y al norte con Chancay? Este acogedor departamento de 71 m² es ideal para una pareja con 3 hijos que valore la tranquilidad y la cercanía a la costa. Distribución inteligente: * Dormitorio principal con baño incorporado. * 2 dormitorios que comparten con el baño de visitas. * La cocina es de tipo americana con muebles altos y bajos y una amplia mesada. * Sala-comedor con balcón. Este es un lugar perfecto para comer, relajarse y gozar de una linda vista al mar. * Área de lavandería amplio con suficiente espacio para una lava-seca, cuenta con lavadero de ropa. Ubicación privilegiada: Ubicado en el corazón de Santa Rosa, estarás a un paso del Kartódromo y muy cerca del Balneario de Santa Rosa, perfecto para disfrutar de la brisa marina. Además, cuenta con una conectividad excelente: a solo 428 metros de la Carretera Panamericana Norte, facilitando tus traslados diarios. Condiciones de alquiler: La renta no incluye arbitrios, mantenimiento, agua, luz, gas, internet y otros. Mantenimiento y arbitrios: S/50. 2 meses de garantía y 1 mes de adelanto. No estar en la lista de infocorp. 3 últimas boletas o recibos por honorarios. Contáctame hoy mismo para programar una visita.|https://www.adondevivir.com/propiedades/clasificado/alclapin-alquilo-depa-3-dorm.-cerca-al-kartodromo-y-balneario-149199702.html?n_src=Listado&n_pills=%C3%81rea+de+lavander%C3%ADa&n_pg=1&n_pos=1|2026-03-18
adondevivir|departamentos|alquiler|Lima Norte|Santa Rosa|"6R4Q+4RP Santa Rosa
Santa Rosa, Lima"|S/ 850|850||||"32 m² tot.
1 dorm.
1 baño"|32|1|||¿Buscas un espacio moderno, cómodo y bien conectado? Este acogedor mini departamento de 32 m² es ideal para una persona sola o pareja que valore la tranquilidad y la cercanía a la costa. Distribución inteligente: - 1 Dormitorio iluminado. - 1 Baño completo con acabados modernos. - Sala-comedor integrada para optimizar cada metro cuadrado. - Kitchenette funcional. Ubicación privilegiada: Ubicado en el corazón de Santa Rosa, estarás a un paso del Kartódromo y muy cerca del Balneario de Santa Rosa, perfecto para disfrutar de la brisa marina. Además, cuenta con una conectividad excelente: a solo 428 metros de la Carretera Panamericana Norte, facilitando tus traslados diarios. Condiciones de alquiler: La renta no incluye arbitrios, mantenimiento, agua, luz, gas, internet y otros. Mantenimiento y arbitrios: S/50. 2 meses de garantía y 1 mes de adelanto. No estar en la lista de infocorp. 3 últimas boletas o recibos por honorarios. Contáctame hoy mismo para programar una visita.|https://www.adondevivir.com/propiedades/clasificado/alclapin-alquilo-mini-depa-cerca-al-kartodromo-y-balneario-de-148995947.html?n_src=Listado&n_pg=1&n_pos=2|2026-03-18
adondevivir|departamentos|alquiler|Lima Norte|Santa Rosa|"MALECON SAN MARTIN
Ancón, Lima"|S/ 31,320 · USD 200,000|31320|200000||500|"250 m² tot.
3 baños"|250||3||Alquiler la temporada hasta semana santa $ 9, 0000 dolares! Malecón San Martin. Edificio Ancon I. 8A. 250 mts2 (Es grande 250 mt y tiene una tremenda terraza, 12 x 4 aprox. 4 dorms / 3 baños. Sala comedor de diario, terraza amplia con comedor, en la mejor ubicación del balneario. 2 dormitorios c baño de servicio. Preciosa vista! El edificio es antiguo pero está bien mantenido, incluso el ascensor lo cambiaron hace poco. -El mantenimiento es. S/1500 trimestral. precio de venta $200, 000|https://www.adondevivir.com/propiedades/clasificado/veclapin-vendo-alquilo-la-temporada-departamento-con-vista-al-146526663.html?n_src=Listado&n_pills=Ascensor&n_pg=1&n_pos=1|2026-03-18
adondevivir|departamentos|alquiler|Lima Norte|Santa Rosa|"Jr. Bruselas Mz. B17 Lote
Ventanilla, Callao"|S/ 800|800||||"75 m² tot.
3 dorm.
1 baño"|75|3|||Alquiler de Departamentos ventanilla. 1er piso 3 habitaciones, 2 baños S/. 1, 200. 2do piso 2 habitaciones 1 baño S/. 800. Se alquila departamento ubicado en el Jr. Bruselas, a espaldas del colegio 4010, cerca al Puente Oquendo y al Politécnico de la Universidad Federico Villarreal. Características del inmueble: Área total: 70 m² Sala comedor. Cocina. Un baño completo. Un baño de visita. Medidor de agua y luz independiente. Condiciones de alquiler: 1 mes de garantía + 1 mes de adelanto. Contrato mínimo de 1 año. no mascotas de ningun tipo. requisitos: Optimo record crediticio. Sustento de Ingresos (boletas de pago) que garanticen el cumplimiento de la renta. Informes y visitas al número: Ver datos|https://www.adondevivir.com/propiedades/clasificado/alclapin-alquiler-de-departamentos-en-ventanilla-callao-146536414.html?n_src=Listado&n_pg=1&n_pos=2|2026-03-18
adondevivir|departamentos|alquiler|Lima Norte|Santa Rosa|"Malecon San Martin
Ancón, Lima"|S/ 10,000 · USD 3,000|10000|3000||550|"275 m² tot.
4 dorm.
3 baños
1 estac."|275|4|3|1|Se alquila lindo dpto amoblado y equipado con vista panoramica frente al mar. Malecón San Martin. A. t 260 m2. Piso 9. Amplia sala, comedor independiente, terraza con vista al mar. 4 dormitorios con 3 baños completos. 1er dormitorio principal con vista al mar, cama king, closet, tv y baño incorporado. 2do dormitorio con cama queen y baño fuera. 3er dormt cama king y cama 11/2 plaza con baño fuera. 4to dorm. Cama queen. Cocina completa con línea blanca y alacena. Lavandería con lavadora. 1 cuarto y baño de servicio. Ascensor. Vigilancia 24 horas. Se aceptan mascotas pequeñas. Mantenimiento: 550 soles. Precio alquiler. Ver datos dólares mes. Precio alquiler con cochera: 3350 dólares|https://www.adondevivir.com/propiedades/clasificado/alclapin-alquilo-lindo-dpt-con-vista-al-mar.-malecon-san-martin-148545837.html?n_src=Listado&n_pills=Seguridad&n_pg=1&n_pos=3|2026-03-18
adondevivir|departamentos|alquiler|Lima Norte|Santa Rosa|"JOSE DE LA RIVA AGüERO 208 URB. LOS PROCERES VENTANILLA, CALLAO,
Los Proceres, Ventanilla"|S/ 1,500|1500||||"100 m² tot.
3 dorm.
2 baños"|100|3|2||Departamento independiente en los proceres, ventanilla, Ac: 100 m², S/1, 500, 3d, 1 B, 3cer piso. se alquila dpto en 3cer piso, con escalera de caracol, sala, comedor con vista A la calle, cocina abierta con muebles abajo, campana extractora, lavanderia amplia, 3 dormitorios ppl con baño incorporado con ducha, 1 baño de visita, con ducha para los otros 2 dormitorios, precio A tratar. se alquila para departamento solo para pareja con hijos grandes, no mascota. departamente recien pintado Y remodelado nuevo. no se acepta reuniones donde ocaciones bulla, lugar tranquilo, pasa mucha movilidad en la paralelas de la casa. calle tranquila. hay estacionamientos libres. los servicos de luz agua, internet Y arbitrios son aparte. la direccion es: av. Jose de la arriba aguero 208, urbanizacion los proceres, ventanilla, altura de la cuadra 25 de satelite, cerca al parque virgen de fatima. cominucarse con rosmery reyes Ver datos|https://www.adondevivir.com/propiedades/clasificado/alclapin-av-jose-de-la-riva-aguero-208-dpto-3cer-piso-ac:100-143991254.html?n_src=Listado&n_pills=%C3%81rea+de+lavander%C3%ADa&n_pg=1&n_pos=4|2026-03-18
