fuente|inmueble|operacion|zona|distrito|direccion|precio|soles|dolares|variacion|mantenimiento|caracteristica|area|dormitorio|baños|estacionamientos|detalle|enlace|fecha
urbania|departamentos|alquiler|Lima Norte|Carabayllo|"Avenida Condorcanqui 1582
Carabayllo, Lima"|S/ 680|680|||50|"60 m² tot.
2 dorm.
1 baño"|60|2|||Departamento de estreno, excelente ubicación. Vive la experiencia de estrenar tu hogar en este moderno departamento, que ha sido diseñado aprovechando cada espacio con comodidad y funcionalidad. 2 dormitorios, uno de ellos con vista exterior y un baño completo. Sala comedor muy iluminada con vista a calle, cocina tipo kitchenette, ideal para un estilo de vida practico y moderno. Ubicación privilegiada, en avenida principal, con rápido acceso a distintos comercios, restaurantes y entidades financieras, facilitando tu dia a dia.|https://urbania.pe/inmueble/clasificado/alclapin-alquiler-de-departamento-en-carabayllo-lima-2-dormitorios-148744417?n_src=Listado&n_pills=Cerca+a+colegios&n_pg=1&n_pos=1|2026-02-01
urbania|departamentos|alquiler|Lima Norte|Carabayllo|"Edificio Monopoly 44
Santo Domingo, Carabayllo"|S/ 650|650|||20|"35 m² tot.
1 dorm.
1 baño"|35|1|||Departamento equipado de 1 dorm, estilo Flat con acabados A1 (fotos reales) Cuarto piso, entrada independiente, Ideal para personas trabajadoras solas O parejas, no bebes, no niños, no mascotas. •distribucion: 1Dormitorio amplio, 1Baño completo, sala Kitchenette. Sala de lavanderia y patio de tendal (ubicado en el 5to piso). •acabados: Acabados de primera, piso cerámico en todos los ambientes, cortinas y luminarias instaladas en todos los ambientes con focos led, Kitchenette con posa de lavado de acero inoxidable, cocina de 2 hornillas, campana extractora, microondas, refrigeradora, mesa con 2 sillas. •servicios: Completos luz, agua, cámaras de seguridad las 24 horas del día y los 7 días de la semana. •areas comunes: Sala de Lavandería (equipado con 4 máquinas de lavadoras de ropa), patio de tendal techado con fribraforte. •ubicación: Jirón San Matías Lt. 14 Mz F Urb. Santo Domingo 11ava Etapa (a unas cuadras del último paradero del Metropolitano Alimentadora Norte Santo Domingo, cerca al terminal chimpu ocllo a 2 Cdras. De la Av. Trapiche). •alquiler: S/. 650 soles (agua y luz), Mantenimiento s/20 soles, condiciones: 1 mes de garantía + 1 mes adelantado (1 x 1) contrato minimo por 1 año. contacto: Srta. Lucy Ver datos|https://urbania.pe/inmueble/clasificado/alclapin-alquiler-de-departamento-en-santo-domingo-carabayllo-1-dormitorio-65048791?n_src=Listado&n_pills=Seguridad&n_pg=1&n_pos=2|2026-02-01
urbania|departamentos|alquiler|Lima Norte|Carabayllo|"Av, Condorcanqui
Carabayllo, Lima"|S/ 750 · USD 203|750|203|||"76 m² tot.
2 dorm.
1 baño"|76|2|||Excelente oportunidad de alquiler en Carabayllo, Hermoso departamento de 76 m², con una impresionante vista panorámica de la Avenida Condorcanqui. Área: 76 M2Ubicado en el 3er piso con ingreso independiente (sin ascensor) 2 habitaciones - (ingresan camas de 2 plazas) CocinaLavandería con instalación con lavadora1 baño completoSala y comedor. Espacio para oficina, hall. Luz natural en todo el departamento. No se paga mantenimientoLuz independienteGas cálidaA tan solo 2 cuadras de la estación Metropolitano (troncal), cerca a la Av. Universitaria, Av. Chimpu Ocllo, colegio Innova School, Mercados, enace, Parques y másPrecio de alquiler. S/750. 00Modalidad 2x1No estar reportados en Infocorpsc. rp1R. U. C Ver datos|https://urbania.pe/inmueble/clasificado/alclapin-alquiler-de-departamento-en-carabayllo-lima-2-dormitorios-146492431?n_src=Listado&n_pills=%C3%81rea+de+lavander%C3%ADa&n_pg=1&n_pos=3|2026-02-01
urbania|departamentos|alquiler|Lima Norte|Carabayllo|"Calle os Perales
Carabayllo, Lima"|S/ 730 · USD 200|730|200|||"55 m² tot.
3 dorm.
1 baño"|55|3|||Alquilo departamen en carbayllocondominio club - valle grande carabayllo”? ubicado a 5 min de tottus, plaza vea, promart del ovalo puente piedra. Universidades, colegios y más. cuenta: - 3 dormitorios- sala, comedor, cocina- lavanderia- intercomunicador- medidor de luz independiente- 01 baño- piso 3-áreas comunes: - Piscina - - Hobby- Sala de reuniones- Zona de Juegos para niños - Estacionamiento de bicicletas interno- Estacionamiento de vehículos externo- seguridad? 24 horas - Condominio Privado precio del alquiler 750 soles incluido mantenimiento. Acceso a las áreas comunes: como piscina. no esperes mas agenda tu visita R. U. C Ver datos|https://urbania.pe/inmueble/clasificado/alclapin-alquiler-de-departamento-en-carabayllo-lima-3-dormitorios-143132662?n_src=Listado&n_pills=Gimnasio&n_pg=1&n_pos=4|2026-02-01
urbania|departamentos|alquiler|Lima Norte|Carabayllo|"Av. Condorcanqui
Carabayllo, Lima"|S/ 800 · USD 217|800|217|||"76 m² tot.
2 dorm.
1 baño"|76|2|||Excelente oportunidad de alquiler en Carabayllo, Hermoso departamento de 76 m², con una impresionante vista panorámica de la Avenida Condorcanqui. Área: 76 M2Ubicado en el 2do piso con ingreso independiente2 habitaciones - La Principal con closet de madera (ingresan camas de 2 plazas) Cocina implementada con muebles de madera altos y bajoLavandería con instalación con lavadora1 baño completoSala y comedor. Espacio para oficina, hall. Aceptan mascotas. Luz natural en todo el departamento. No se paga mantenimientoLuz y agua independienteA tan solo 2 cuadras de la estación Metropolitano (troncal), cerca a la Av. Universitaria, Av. Chimpu Ocllo, colegio Innova School, Mercados, parques y másPrecio de alquiler. S/8002x1R. U. C Ver datos|https://urbania.pe/inmueble/clasificado/alclapin-alquiler-de-departamento-en-carabayllo-lima-2-dormitorios-147385228?n_src=Listado&n_pills=%C3%81rea+de+lavander%C3%ADa&n_pg=1&n_pos=5|2026-02-01
urbania|departamentos|alquiler|Lima Norte|Carabayllo|"Calle Perales al 100
Carabayllo, Lima"|S/ 850 · USD 252|850|252|||"55 m² tot.
3 dorm.
1 baño"|55|3|||Alquilo departamento 850 soles incluido mantenimiento*? estreno? *condominio club - valle grande carabayllo”? ubicado a 5 min de tottus, plaza vea, promart del ovalo puente piedra. Universidades, colegios y más. cuenta con: - 3 dormitorios- sala, comedor, cocina- lavanderia- intercomunicador- medidor de luz independiente- 01 baño- piso 1-áreas comunes: -? Piscina? -? Hobby- Sala de reuniones-? Zona de Juegos para niños- seguridad? 24 horas-? Condominio Privadoprecio del alquiler 850 soles incluido mantenimiento. Acceso a las áreas comunes: como piscina, juego para niños, sala de reuniones. no esperes mas agenda tu visitar. U. C Ver datos|https://urbania.pe/inmueble/clasificado/alclapin-alquiler-de-departamento-en-carabayllo-lima-3-dormitorios-148749146?n_src=Listado&n_pills=Piscina&n_pg=1&n_pos=6|2026-02-01
urbania|departamentos|alquiler|Lima Norte|Carabayllo|"Calle las Araucarias
Carabayllo, Lima"|S/ 700 · USD 180|700|180|||"90 m² tot.
3 dorm.
2 baños"|90|3|2||¡Tu Nuevo Hogar en San Antonio De Carabayllo te Está Esperando! ¡No te pierdas esta increíble oportunidad de alquilar un departamento que lo tiene todo! Ubicado estratégicamente en Santa Antonio de Carabayllo este encantador hogar ofrece la combinación perfecta de tranquilidad y seguridad. Imagina despertarte cada mañana en un entorno rodeado de parques y colegios. Descripción: -Área Construida: 89. 90m2 -Antigüedad: estreno - 3 dormitorios habitación principal con baño- 2 baños -Cocina: americana -Sala / Comedor -Lavadero -Balcón Beneficios para Ti y tu Familia: Seguridad y tranquilidad para tus seres queridosRodeado de parques para ejercitarse y pasar momentos familiares inolvidablesDepartamentos de estreno con diseño moderno y listos para habitarClima ideal y calido todos los dias del año. Ubicación: -Calle las Araucarias 283 a 3 cuadras de la Av. Las Palmeras-A 8 minutos del Ovalo de Puente Piedra -Urbanización segura rodeado de parques, colegios como Innova School, Saco Oliveros y de fácil acceso transporte público y privado. gw-fw -rp2¡Haz de Este Departamento tu Nuevo Hogar! ¡No dejes pasar esta oportunidad única de vivir en un lugar que se adapta a tu estilo de vida universitario o familiar! Contáctanos ahora para más detalles y asegura tu departamento en San Antonio de Carabayllo. Contactame: 9. 5. 8. 9. 2. 6. 0. 5. 2. - Gean Pierre Wilson R. U. C Ver datos|https://urbania.pe/inmueble/clasificado/alclapin-alquiler-de-departamento-en-carabayllo-lima-3-dormitorios-144552061?n_src=Listado&n_pills=%C3%81rea+de+lavander%C3%ADa&n_pg=1&n_pos=7|2026-02-01
urbania|departamentos|alquiler|Lima Norte|Carabayllo|"Urb. San Antonio de Carabayllo
Carabayllo, Lima"|S/ 780 · USD 210|780|210|||"60 m² tot.
3 dorm.
3 baños
1 estac."|60|3|3|1|¡Oportunidad única en Carabayllo! Área: 60 m2direccion: Av. Las Casuarinas Mz. F1 Lote 1 Urb. San Antonio de Carabayllo, distrito de Carabayllo, provincia y distrito de Limadepartamento* hall* sala* cocina con desayunador* 2 dormitorios con baño* 1 dormitorio* 1 baño completocondiciones: 1x1servicios independientes: agua y luzpago % de arbitriosA solo 5 minutos del óvalo de Puente Piedra y cerca de centros comerciales como Plaza Vea, Rocky, Promart, Maestro, Grifo Huaman tanga, Club Campestres de Sonia Morales, restaurantes, colegios y Casa Hacienda El Fortín, esta propiedad de 60 m² es ideal para departamento. Ubicada estratégicamente en Av. Las Casuarinas y Av. José Saco RojasUna opción perfecta para vivir o emprender. ¡Contáctanos y descubre tu próxima inversión en una ubicación privilegiada! R. U. C Ver datos|https://urbania.pe/inmueble/clasificado/alclapin-alquiler-de-departamento-en-carabayllo-lima-3-dormitorios-144972535?n_src=Listado&n_pg=1&n_pos=8|2026-02-01
urbania|departamentos|alquiler|Lima Norte|Carabayllo|"Av. Chillón Trapiche & Av.u
Carabayllo, Lima"|S/ 550 · USD 163|550|163|||"45 m² tot.
2 dorm.
1 baño"|45|2|||En el mejor clima del cono norte para vivir! Vivir en la Urb. Santo Domingo, Carabayllo, se percibe como una experiencia mixta: es un lugar con áreas verdes, parques bien cuidados y un ambiente que busca ser más tranquilo, ideal para familias, con acceso a servicios básicos y transporte (cerca al Metropolitano, Av Universitaria, Av Trapiche, cerca av Panamericana Norte y Av Tupac Amaru fácil acceso de salidas para los cono Norte y Sur), rodeado de casas y departamentos modernos y potencial, rodeado de parques Y todo comercio, bancos, universidades, colegios, supermercados, clínicas, centro comerciales, Mall, mercado grandes etc etccaracteriticas02 Habitaciones01 bañoCocina con gas caliddalavanderíasala comedor con vista externa, ubicado en el 3er piso dpto ala calle se encuentra enrejado con vigilante 24/7modalidad de pago: 2X1 (2 de garantía y uno de renta) precio de alquiler550 nuevos soles* condiciones: - Mostrar sustento de Ingresos- Mostar sus antecedentes penales- No mascotas- No extranjero- No estar reportado en Infocorpagendamos visita con un día de anticipación! R. U. C Ver datos|https://urbania.pe/inmueble/clasificado/alclapin-alquiler-de-departamento-en-carabayllo-lima-2-dormitorios-148586781?n_src=Listado&n_pills=%C3%81rea+de+lavander%C3%ADa&n_pg=1&n_pos=9|2026-02-01
urbania|departamentos|alquiler|Lima Norte|Carabayllo|"Av. Chillón Trapiche & Av.u
Carabayllo, Lima"|S/ 650 · USD 193|650|193|||"55 m² tot.
2 dorm.
1 baño"|55|2|||En el mejor clima del cono norte para vivir! Vivir en la Urb. Santo Domingo, Carabayllo, se percibe como una experiencia mixta: es un lugar con áreas verdes, parques bien cuidados y un ambiente que busca ser más tranquilo, ideal para familias, con acceso a servicios básicos y transporte (cerca al Metropolitano, Av Universitaria, Av Trapiche, cerca av Panamericana Norte y Av Tupac Amaru fácil acceso de salidas para los cono Norte y Sur), rodeado de casas y departamentos modernos y potencial, rodeado de parques Y todo comercio, bancos, universidades, colegios, supermercados, clínicas, centro comerciales, Mall, mercado grandes etc etccaracteriticas02 Habitaciones01 bañoCocina con gas caliddalavanderíasala comedor con vista externa, ubicado en el 3er piso dpto bla calle se encuentra enrejado con vigilante 24/7modalidad de pago: 2X1 (2 de garantía y uno de renta) precio de alquiler650 nuevos soles* condiciones: - Mostrar sustento de Ingresos- Mostar sus antecedentes penales- No mascotas- No extranjero- No estar reportado en Infocorpagendamos visita con un día de anticipación! R. U. C Ver datos|https://urbania.pe/inmueble/clasificado/alclapin-alquiler-de-departamento-en-carabayllo-lima-2-dormitorios-148574939?n_src=Listado&n_pills=%C3%81rea+de+lavander%C3%ADa&n_pg=1&n_pos=10|2026-02-01
urbania|departamentos|alquiler|Lima Norte|Carabayllo|"MZ. 43 LOTE 23 URB. TORREBLANCA II ETAPA
Manuel Scorza, Carabayllo"|S/ 500 · USD 22,256|500|22256|||"33 m² tot.
2 dorm.
1 baño"|33|2|||Segundo Piso – Dpto A – 33. 17 m² – S/75, 000. “Tu Primer Depa Desde S/75, 000 en Torreblanca” “Precio Perfecto: 33 m² Inteligentes en el Segundo Piso” “La Mejor Entrada al Mercado Inmobiliario: S/75, 000”|https://urbania.pe/inmueble/clasificado/veclapin-venta-de-departamento-en-manuel-scorza-carabayllo-2-dormitorios-148344205?n_src=Listado&n_pills=Seguridad&n_pg=1&n_pos=11|2026-02-01
urbania|departamentos|alquiler|Lima Norte|Carabayllo|"AV LOS GALLINAZOS
Costa Del Sol, Carabayllo"|S/ 1,200 · USD 320|1200|320|||"75 m² tot.
3 dorm.
2 baños"|75|3|2||Departamentos en Alquiler – Edificio Moderno en Carabayllo. - Ubicación: Urb. El Sol de Carabayllo – Zona tranquila y de fácil acceso. Edificio de 4 pisos. 2 departamentos por piso (8 en total) Sin ascensor. - Área de cada departamento: 75 m² - Ventanas antisísmicas para mayor seguridad y confort. - Distribución de cada departamento: * 3 dormitorios. * 1 baño completo en el dormitorio principal. * 1 baño completo compartido. * Sala y comedor amplios e iluminados. * Cocina independiente. * Lavandería. - Ideal para familias o parejas. - Edificio seguro y bien distribuido. - Servicios independientes. - Disponibilidad inmediata. Contáctanos para agendar una visita. Leslie Fajardo Ver datos.. . . #inmuebles #alquiler #departamentoencarabayllo #carabayllo #departamentoenalquiler. #urbelsolcarabayllo #inmobiliaria #departamento|https://urbania.pe/inmueble/clasificado/alclapin-alquiler-de-departamento-en-costa-del-sol-carabayllo-3-dormitorios-147224143?n_src=Listado&n_pills=Cerca+a+colegios&n_pg=1&n_pos=12|2026-02-01
urbania|departamentos|alquiler|Lima Norte|Carabayllo|"VALLE GRANDE CONDOMINIO CLUB, CARABAYLLO
Vista Alegre De Carabayllo, Carabayllo"|S/ 600 · USD 158|600|158||120|"65 m² tot.
3 dorm.
1 baño"|65|3|||Departamento en Alquiler en Carabayllo! Ubicado en Valle Grande Condominio Club - Carabayllo. seguro ideal para tu familia. Cuarto Piso. Características del Departamento. 3 habitaciones. Sala y comedor amplios. Cocina funcional. Área de lavandería. 1 baño completo con ducha. Vigilancia 24 horas para tu tranquilidad. Condiciones de Alquiler. Precio mensual: S/ 800. Condiciones: 1 mes de adelanto + 1 mes de garantía. Mantenimiento: S/ 100 (aproximadamente, incluye el agua) ¡No pierdas esta increíble oportunidad de vivir en un lugar cómodo y seguro! Contáctame para más información y coordinar una visita. ¡contacta ahora! 96*09 *49 *456 con berardo porras o escribeme al WhatsApp para coordinar una visita. ¡No dejes pasar esta Oportunidad!|https://urbania.pe/inmueble/clasificado/alclapin-alquiler-de-departamento-en-vista-alegre-de-carabayllo-carabayllo-3-dormitorios-147162727?n_src=Listado&n_pills=Guardian%C3%ADa%2FSeguridad+privada&n_pg=1&n_pos=13|2026-02-01
urbania|departamentos|alquiler|Lima Norte|Carabayllo|"PARQUE RAMON CASTILLA
Carabayllo, Lima"|S/ 1,600|1600|||1|"145 m² tot.
3 dorm.
2 baños"|145|3|2||Alquiler de Departamento de 145mtr2 en Carabayllo – Frente a Parque Ramón Castilla. Se alquila amplio y cómodo departamento en Carabayllo, con excelente ubicación frente al parque Ramón Castilla y a solo dos cuadras de la avenida Universitaria. Zona tranquila, residencial y con fácil acceso a mercados, tiendas y servicios. Características: • 3 dormitorios (2 de ellos súper amplios, entra cama king/queen sin problema) • 2 baños completos. • Sala comedor amplia con vista al parque. • Pisos de parquet en excelente estado. • Cocina cerrada e independiente. • Ingreso totalmente independiente. • Estacionamiento externo disponible. Ubicado en el 3er piso, bien iluminado y ventilado. Precio de alquiler: S/ 1, 600 (negociable ligeramente) Ideal para familias que buscan comodidad, seguridad y una zona céntrica. Ubicación: Frente al Parque Ramón Castilla, Carabayllo.|https://urbania.pe/inmueble/clasificado/alclapin-alquiler-de-departamento-en-carabayllo-lima-3-dormitorios-147608281?n_src=Listado&n_pills=Frente+a+parque&n_pg=1&n_pos=14|2026-02-01
urbania|departamentos|alquiler|Lima Norte|Carabayllo|"Avenida 3 12
Carabayllo, Lima"|S/ 550 · USD 163|550|163|||"40 m² tot.
1 dorm.
1 baño"|40|1|||2 Departamentos disponibles en una propiedad de 4 pisos, ubicada en Av. 3, Urb. Esmeralda, Carabayllo (Cruce con Camino Real)? Frente al Colegio prolog? A una cuadra de la posta médica? Accesos rápidos a Av. Belaúnde y Puente PiedraVarias líneas de transporte, incluyendo rutas alimentadoras del MetropolitanoZona iluminada y seguraFrontis con cámara de seguridadGas natural instaladoEdificio de 4 pisos + azoteadepartamentos disponiblesdepartamento 1 — 1 dormitorio (40 m²): Ubicado en tercer pisoBalcón con vista a la calleHabitación semi-amoblada con armario empotradoHabitación tiene Luminaria con ventilador a control remotoCocina equipada: cocina, refrigeradora nueva, campana extractora, muebles altos y bajos los cuales son nuevos. Cocina abierta-comedorSala ampliaBaño completo con terma habilitadaAcabados en mayólicaCortinas incluidasIdeal para persona sola o parejaIngreso independienteAcceso a la azotea para tendalescceso a la azotea para tendalesprecio de alquiler: S/550. 00______________________________________________departamento 2 — 2 dormitorios (65 m²) Ubicado en tercer pisoSala amplia y luminosaCocina equipada con cocina, refrigeradora nueva, campana extractora y muebles altos y bajos nuevosCocina abierta-comedor2 dormitorios con armario inlcuidoDormitorio principal con baño incorporadoÁrea de lavandería independienteBaño adicional con terma habilitadaPisos de mayólicaCortinas en sala y habitacionesIngreso independienteAcceso a la azotea para tendalescceso a la azotea para tendalesprecio de alquiler: S/700. 00_________________________________________________condiciones importantesingreso independienteAcceso a azotea para tendalesNo se permiten mascotasNo extranjerosPagos a cargo del inquilino: Agua, Luz y gas naturalrequisitos para visita E ingresopresentar dnipresentar cul o certificado de adultoSustento de ingresosBuen perfil financiero (no reportado en infocorp/ Sentinel) Garantía: 2 × 1 (dos meses de garantía por un mes de adelanto) Agenda tu visita hoy mismo! No te quedes sin estos hermosos departamentos. No encontrarás otro igualContactame para agendar visita! augusto carbajal 9*1*7*8*2*0*5*1*7|https://urbania.pe/inmueble/clasificado/alclapin-alquiler-de-departamento-en-carabayllo-lima-1-dormitorio-148661143?n_src=Listado&n_pills=%C3%81rea+de+lavander%C3%ADa&n_pg=1&n_pos=15|2026-02-01
urbania|departamentos|alquiler|Lima Norte|Carabayllo|"Valle grande 3
Carabayllo, Lima"|S/ 700 · USD 209|700|209||110|"65 m² tot.
3 dorm.
1 baño"|65|3|||Estrena tu nuevo hogar en carabayllo - seguridad Y tranquilidad! Se alquila impecable departamento en el Condominio Valle Grande 3. Ubicado en una zona residencial privilegiada por su clima y lejanía del bullicio urbano. Ideal para familias que valoran la paz y la seguridad. Características del inmueble (Piso 4 - Vista Exterior): Estado: 100% de estreno (Pisos cerámicos nuevos). 3 Dormitorios: Con excelente iluminación natural. Sala-Comedor: Amplia y ventilada. Cocina: Equipada con muebles altos y bajos. Lavandería integrada. 1 Baño Completo: Grifería y sanitarios nuevos. Sobre el condominio: Disfruta de vivir en un entorno cerrado con pórtico de ingreso, seguridad y áreas verdes interiores. Mantenimiento muy accesible (S/. 110 soles aprox.). Nota: El condominio cuenta con escaleras amplias (no ascensor). Condiciones de alquiler: Renta Mensual: S/. 700. 00. Contrato: Mínimo 1 año. Modalidad: 1 mes de garantía x 1 mes de adelanto (1x1). Requisito: Sustento de ingresos y estar bien en el sistema financiero (Infocorp/Sentinel). ¿Listo para mudarte? Contáctanos al 9. 5. 9. 2. 0. 2. 4. 7. 5. Para agendar una visita.|https://urbania.pe/inmueble/clasificado/alclapin-alquiler-de-departamento-en-carabayllo-lima-3-dormitorios-148501373?n_src=Listado&n_pills=%C3%81rea+de+lavander%C3%ADa&n_pg=1&n_pos=16|2026-02-01
urbania|departamentos|alquiler|Lima Norte|Carabayllo|"Los Perales 275
Carabayllo, Lima"|S/ 600|600|||150|"75 m² tot.
3 dorm.
1 baño"|75|3|||Contactar al: 98 28 19 5 86. Características del Departamento: escaleras piso 4 (no mascotas) 3 habitaciones. ️ Sala y comedor. ️ Cocina funcional. Área de lavandería. 1 baño completo con ducha. Amenidades del Condominio. Vigilancia 24 horas para tu tranquilidad. ️ Piscina para disfrutar en familia. Área de juegos para niños. Condiciones de Alquiler. Precio mensual: S/ 600. Condiciones: 1 mes de adelanto + 1 mes de garantía. Mantenimiento: S/ 125 (aproximadamente, incluye el agua) ¡No pierdas esta increíble oportunidad de vivir en un lugar cómodo y seguro! Observación: No cuenta con ascensor, sustento de ingresos u boletas y dni. Contáctame para más información y coordinar una visita ️ Ver datos. requisito: dni solo peruanos no extranjeros Y boletas de ingreso. (no estar reportado en sistema financiero) condiciones 1 de garantia Y 1 adelanto (no es negociable)|https://urbania.pe/inmueble/clasificado/alclapin-alquiler-de-departamento-en-carabayllo-lima-3-dormitorios-148737192?n_src=Listado&n_pills=Seguridad&n_pg=1&n_pos=17|2026-02-01
urbania|departamentos|alquiler|Lima Norte|Carabayllo|"AV MARIANO CONDORCANQUI 1341 CARABAYLLO
Carabayllo, Lima"|S/ 500|500|||20|"32 m² tot.
2 dorm.
1 baño"|32|2|||Departamento ubicado en el 2do piso. **kitchennet amoblado con muebles altos Y bajos. **conexion ya instalada para colocar lavadora. **baño completo con therma sole para la ducha. **gas calidda para la cocina. **dos habitaciones (cabe recalcar que las habitaciones son para cama plaza Y media) ubicacion: av mariano condorcanqui 1341, urb. Santo domingo - carabayllo. Precio de alquiler: S/ 500 soles. 1X1. servicios no incluidos en el monto de alquiler.|https://urbania.pe/inmueble/clasificado/alclapin-alquiler-de-departamento-en-carabayllo-lima-2-dormitorios-145688080?n_src=Listado&n_pg=1&n_pos=18|2026-02-01
urbania|departamentos|alquiler|Lima Norte|Carabayllo|"SAN ANTONIO DE CARABAYLLO
San Antonio, Carabayllo"|S/ 600|600|||50|"85 m² tot.
3 dorm.
2 baños
1 estac."|85|3|2|1|¡El mejor departamento en alquiler en San Antonio de Carabayllo! Vive con comodidad, estilo y una ubicación inigualable. Frente a parque y a solo 3 minutos del Óvalo Huamantanga, estarás cerca de Plaza Vea, Metro, colegios y bancos. Características que te encantarán: Amplia sala con balcón️ 3 dormitorios con clóset️ Cocina moderna con muebles altos y bajos en melamine. Finos acabados y piso de porcelanato. estacionamiento opcional. Departamentos disponibles: 3er, 4to y 5to piso. No se aceptan Mascotas. Precio desde: S/600 + estacionamiento por S/250. ¡Tu nuevo hogar está aquí! Contáctenos y agenda una visita ahora. * Contactar Raúl Franco Ver datos *|https://urbania.pe/inmueble/clasificado/alclapin-alquiler-de-departamento-en-san-antonio-carabayllo-3-dormitorios-143266408?n_src=Listado&n_pills=Frente+a+parque&n_pg=1&n_pos=19|2026-02-01
urbania|departamentos|alquiler|Lima Norte|Carabayllo|"MZ. 43 LOTE 23 URB. TORREBLANCA II ETAPA
Manuel Scorza, Carabayllo"|S/ 1,000 · USD 46,000|1000|46000|||"88 m² tot.
2 dorm.
1 baño
1 estac."|88|2||1|¡Una oportunidad única para vivir, invertir o generar renta en uno de los puntos con mayor proyección de Carabayllo! Se vende todo el inmueble de cuatro niveles, ubicado en Mz. 43 Lote 23 – Urb. Torreblanca ii Etapa (ex techo propio O doral de torrelanca) km 24 av. Tupac Amaru, con múltiples unidades independientes ideales para vivienda familiar, alquiler permanente o proyectos inmobiliarios. Distribución del inmueble. Primer Piso – 88. 37 m² Precio: usd 46, 000. Amplio, funcional y con excelente potencial para vivienda familiar o negocio.|https://urbania.pe/inmueble/clasificado/veclapin-venta-de-departamento-en-manuel-scorza-carabayllo-2-dormitorios-148341665?n_src=Listado&n_pg=1&n_pos=20|2026-02-01
urbania|departamentos|alquiler|Lima Norte|Comas|"CALLE REPUBLICA DE COLOMBIA 643 - COMAS
El Alamo, Comas"|S/ 2,500|2500|||100|"238 m² tot.
4 dorm.
2 baños
1 estac."|238|4|2|1|**caracteristicas** Area: 120 m2 por piso. de estreno. duplex Piso: 1 y 2. 4 dormitorios. 2 baño amplios completos. Amplia Cocina amoblada (incluye campana extractora) , espacio para comedor de diario. Sala y comedor amplia. Area de Lavandería. Intercomunicador. Cuenta con gas natural para cocina y Terma eléctrica en piso 2. el edificio: Edificio de 3 pisos. Cuenta con azotea. Amplio jardín delantero con lindo cerco de madera. Cochera cerrada, espacio para estacionar 2 autos mas. Lindo frontis de la propiedad de estreno. Tendal propio y también en azotea. **ubicacion** Ubicado en urb. El álamo en Comas. A un paso de la Universidad San Martín de Porres sede Comas. A un paso de Av. Trapiche y Pan. Norte. A 5 minutos de la Av. Universitaria. Cerca de universidades utp- Científica- utp- Cesar Vallejo. Cerca de Hipermercado unno. precio de alquiler: S/. 2, 500 soles. Mantenimiento: s/. 100 soles. Servicios de luz y gas según consumo. condicion de alquiler: 1X1. contrato minimo: 1 año. demostrar sustento de ingresos. no estar reportado en infocorp. no mascotas|https://urbania.pe/inmueble/clasificado/alclapin-alquiler-de-departamento-en-el-alamo-comas-4-dormitorios-148508407?n_src=Listado&n_pills=%C3%81rea+de+lavander%C3%ADa&n_pg=1&n_pos=1|2026-02-01
urbania|departamentos|alquiler|Lima Norte|Comas|"Av. Manuel Gonzales Prada 1085 Condominio Acacias
El Retablo, Comas"|S/ 1,220 · USD 275|1220|275||120|"58 m² tot.
3 dorm.
1 baño
1 estac."|58|3||1|Alquiler Departamento de estreno condominio Acacias S/ 1, 220. Se Alquila Departamento en Condominio Acacias en Comas. Acabados modernos y todo por estrenar. A un paso de la Universidad San Martín de Porres sede Comas. Cerca a la Av. Trapiche y Pan. Norte y Mall de Comas. A 5 minutos de la Av. Universitaria. Cerca de universidades utp- Científica- utp- Cesar Vallejo. Area total: 58 m2.  Piso: 8.  3 dormitorios con closets.  1 baño completo.  Cocina con muebles altos y bajos (incluye cocina, refrigeradora y campana extractora)  Sala Comedor.  Área de Lavandería con therma a gas.  Intercomunicador.  Terma a gas natural. Monto por Alquiler: S/. 1, 220 soles. Mantenimiento S/120 soles aproximadamente (incluye el agua de su consumo) Áreas comunes:  Juegos infantiles.  Salón de usos múltiples con gran ️terraza.  Sala de Coworking.  Gimnasio. Condiciones de alquiler.  Solvencia económica comprobada.  dni vigente.  1 meses de garantía + 1 mes de adelanto.  Contrato mínimo: 1 año.  Agenda tu visita hoy mismo y vive en un lugar cómodo, seguro y bien ubicado. Aimeé 9. 4. 6. 8. 5. 1. 0. 8. 3.|https://urbania.pe/inmueble/clasificado/alclapin-alquiler-de-departamento-en-el-retablo-comas-3-dormitorios-147299234?n_src=Listado&n_pills=Ascensor&n_pg=1&n_pos=2|2026-02-01
urbania|departamentos|alquiler|Lima Norte|Comas|"AV RETABLO Y AV MICAELA BASTIDAS
Comas, Lima"|S/ 2,000|2000||||"160 m² tot.
4 dorm.
2 baños
1 estac."|160|4|2|1|Contactame para mayor información al 9. 8. 7. 3. 7. 4. 0. 1. 9 paola aguirre. alquilo departamento en 1er piso independiente con 160 M2 en calle las almendras en comas, A media cuadra de av retablo Y A una cuadra de av micaela bastidas, en comas, rodeado de comercios diversos. El departamento cuenta con: - amplia sala comedor. - 04 dormitorios. - 02 patios internos, 1 con gras sintetico. -cocina con mubeles altos Y bajos. - lavanderia con espacio para tendal. - 02 baños completos. - 01 cochera. costo 2, 000 soles. trato 2X1 (2 de garantia Y 1 de adelanto) contrato minimo de 1 año. luz independiente. agua compartida. ** no se paga mantenimiento** ven Y conoce los beneficios de vivir O trabajar en esta zona centrica de comas! Agenda tu visita al 9. 8. 7. 3. 7. 4. 0. 1. 9. Paola aguirre|https://urbania.pe/inmueble/clasificado/alclapin-alquiler-de-departamento-en-comas-lima-4-dormitorios-148563701?n_src=Listado&n_pills=Cerca+a+colegios&n_pg=1&n_pos=3|2026-02-01
urbania|departamentos|alquiler|Lima Norte|Comas|"Av. Micaela Bastidas & Universitaria
Comas, Lima"|S/ 2,000|2000||||"160 m² tot.
4 dorm.
2 baños
1 estac."|160|4|2|1|*sólo clientes directos / no agentes* *Muy Amplio Departamento tipo casa, ubicado en 1er Piso, para uso de Vivienda u Oficina a puerta cerrada, en Alquiler - Comas* (Interesados dejar su Telf.) *contacto: 9. 9. 2. 8. 6. 6. 8. 2. 1. * *160m2 distribuidos en: Sala - Comedor con Jardín Sintético, Área de Cocina, Área de Lavandería con Tendal, 4 Dormitorios (3 de ellos con ropero), 2 Baños completos, y Patio Trasero* *El Alquiler incluye Cochera* *costo mensual: 2, 000 soles* *no paga mantenimiento* *condicion: 2x1* *contrato mínimo por un año* *Se acepta 1 mascota* *sólo personas con dni * *Ubicado en el cuadrante de Universitaria, Micaela Bastidas y El Retablo; a unos minutos de Metro de Belaunde* *sólo se responderá A quienes dejen su número de contacto. Gracias*|https://urbania.pe/inmueble/clasificado/alclapin-alquiler-de-departamento-en-comas-lima-4-dormitorios-148519174?n_src=Listado&n_pills=Cerca+a+colegios&n_pg=1&n_pos=4|2026-02-01
urbania|departamentos|alquiler|Lima Norte|Comas|"Magnolias Club Residencial
El Retablo, Comas"|S/ 1,250 · USD 372|1250|372||120|"75 m² tot.
3 dorm.
2 baños"|75|3|2||"¿Buscabas en Las Magnolias y todo estaba alquilado? ¡Esta es tu señal! Acabamos de reicbir la unidad más completa del condominio, ideal para familias que priorizan seguridad, conectividad y confort. Ubicado a un paso del Mall Plaza Comas, Plaza Vea y Metro, con salida directa a la Av. Universitaria y Av. Retablo. ¡Vive cerca de todo y ahorra tiempo para lo que realmente importa! Distribución pensada en tu familia (75m²) Este departamento no es solo metros cuadrados, es calidad de vida: Zona Social: Sala-comedor amplia con iluminación natural y balcón privado con vista al parque (incluye rollers). Cocina de Chef: Tableros de granito, muebles altos/bajos, Terma a Gas Natural (Cálidda). ¡Ahorra hasta un 70% en energía! 3 Dormitorios: Con acabados de primera y cortinas Roller instaladas. Espacio Flex: ¿Home Office o sala de tv? Tú decides. El espacio perfecto para la productividad o el descanso. Servicios: 2 baños completos con acabados de alta gama y lavandería independiente con terma a gas instalada. Ive en un ""club house"" privado. Olvídate de pagar membresías externas. Aquí lo tienes todo incluido: Piscinas (adultos y niños) y Gimnasio totalmente equipado. Cancha de fulbito, sala de billar y zona de parrillas para tus fines de semana. Para los más pequeños: Guardería y juegos infantiles seguros. Seguridad Total: Vigilancia 24/7, cámaras, ingreso digital y sistema contra incendios. Condiciones Y requisitos. Renta Mensual: S/ 1, 250. Mantenimiento: S/ 120 aprox. Modalidad: 2 meses de garantía x 1 mes de adelanto (2x1). Pet Friendly: ¡Tu mascota es bienvenida! Perfil solicitado: Reporte impecable en Infocorp y sustento de ingresos (boletas o pdt). ¡que no te ganen esta vez! Las unidades en este condominio se alquilan en tiempo récord. Escríbeme ahora mismo por WhatsApp para agendar tu visita antes de que alguien más se mude al hogar de tus sueños."|https://urbania.pe/inmueble/clasificado/alclapin-alquiler-de-departamento-en-el-retablo-comas-3-dormitorios-148827390?n_src=Listado&n_pills=%C3%81rea+de+lavander%C3%ADa&n_pg=1&n_pos=5|2026-02-01
urbania|departamentos|alquiler|Lima Norte|Comas|"CONDOMINIO TORRES DEL CAMPO COMAS
Comas, Lima"|S/ 1,000|1000|||125|"70 m² tot.
3 dorm.
2 baños"|70|3|2||️Area: 70 m2. ️Piso: 6. ️3 dormitorios. ️2 baños completos. ️Cocina con muebles con gas natural (incluye cocina y campana extractora) ️Sala y comedor. ️Area de Lavandería. Intercomunicador. Terma a gas natural. Vista exterior. el condominio: Edificio de 12 pisos. Cuenta con 2 ascensores. 8 departamentos por piso. ️Juegos infantiles. ️Salón con área de parrilla con ️terraza. ️Tiendas Máss y Tambo- Bodegas y agentes bancarios. ubicacion: A un paso del Mall de Comas. A un paso de la Universidad San Martín de Porres sede Comas. Cerca a la Av. Trapiche y Pan. Norte. A 5 minutos de la Av. Universitaria. Cerca de universidades utp- Científica- utp- Cesar Vallejo. Servicios según consumo. condicion de alquiler: 1X1. servicios según consumo. contrato minimo: 1 año|https://urbania.pe/inmueble/clasificado/alclapin-alquiler-de-departamento-en-comas-lima-3-dormitorios-148705974?n_src=Listado&n_pills=Seguridad&n_pg=1&n_pos=6|2026-02-01
urbania|departamentos|alquiler|Lima Norte|Comas|"Manuel González Prada
Comas, Comas"|S/ 1,100 · USD 280|1100|280||120|"50 m² tot.
2 dorm.
1 baño"|50|2|||Https: //www. instagram. com/cano. sectorinmobiliario/ Departamento en Alquiler – Distrito de Comas - 50m2. - Características del departamento. - 2 dormitorios. - 1 baño completo. - Sala cómoda. - Cocina americana. - Lavandería incorporada en la cocina. - Ubicado en piso 16. - Buena iluminación y ventilación natural. Condiciones del alquiler. - Alquiler mensual: S/ 1, 100. - Mantenimiento: S/ 120. - Condición: 2 x 1 (dos meses de garantía y un mes de adelanto) - Ubicación y entorno. - A 5 minutos del Club Sincero Roca, cerca al Mall Plaza Comas y fácil acceso a la Av. Universitaria. Zona con comercios, transporte público y servicios.|https://urbania.pe/inmueble/clasificado/alclapin-alquiler-de-departamento-en-comas-comas-2-dormitorios-148695881?n_src=Listado&n_pills=Seguridad&n_pg=1&n_pos=7|2026-02-01
urbania|departamentos|alquiler|Lima Norte|Comas|"Av. Sangarara 600
Comas, Lima"|S/ 800|800|||50|"55 m² tot.
2 dorm.
1 baño"|55|2|||Alquiler de Departamento de estreno: 2 dormitorios con closet incorporado, sala-comedor, cocina con muebles altos y bajos, lavandería y baño amplio. Vista interna. Ubicado en el 3er piso de Condominio de 5 pisos, con amplias escaleras y ascensor. Se encuentra cerca a centros comerciales y financieros (Mall de Comas, Mall Plaza Real y Mercado Unicachi) y principales Colegios (Innova Schools) y Universidades (San Martín, Científica del Sur, upn, Cesar Vallejo, utp). A 4 cuadras a la Estación Los Incas del Metropolitano y al Parque Sinchi Roca, a 2 cuadras de Av. Retablo, y muy cerca a la Av. Trapiche, Universitaria, y Panamericana Norte. Precio S/ 800. condicion de alquiler: 2X1. contrato minimo: 1 año. demostrar sustento de ingresos. no estar reportado en infocorp. no mascotas. Trato directo # 9. 5. 2. 8. 9. 7. 9. 6. 8.|https://urbania.pe/inmueble/clasificado/alclappa-alquiler-de-departamento-en-comas-lima-2-dormitorios-148563660?n_src=Listado&n_pills=Cerca+a+colegios&n_pg=1&n_pos=8|2026-02-01
urbania|departamentos|alquiler|Lima Norte|Comas|"Paita 212
San Felipe, Comas"|S/ 1,450|1450||||"103 m² tot.
3 dorm.
1 baño"|103|3|||Alquilo bello departamento ubicado a una cuadra de la Av. Universitaria en la Urb. San Felipe Comas. Es una urbanización consolidada cuenta con Centro bancario, Restaurantes, Boticas y farmacias. Características: o Es un departamento muy espacioso bien iluminado y ventilado. O Recibidor, Sala, comedor, cocina abierta con muebles altos y bajos, sala de estar, 3 dormitorios, y una linda lavandería con muebles. O Edificio de solo 3 pisos. O Cuenta con un baño completo. o Es un departamento de estreno. O Alquiler en S/1450 soles.|https://urbania.pe/inmueble/clasificado/alclapin-alquiler-de-departamento-en-san-felipe-comas-3-dormitorios-66792618?n_src=Listado&n_pills=%C3%81rea+de+lavander%C3%ADa&n_pg=1&n_pos=9|2026-02-01
urbania|departamentos|alquiler|Lima Norte|Comas|"AV. A CON AV. Micaela Bastidas Condominio LOS Laureles
El Retablo, Comas"|S/ 1,100|1100|||100|"60 m² tot.
3 dorm.
1 baño"|60|3|||"Lindo depa ideal para persona sola que hace home ofiice o pareja que trabaja en el centro comercial del cono norte. Ventilado e iluminado, con vista a áreas verdes del condominio. Linda cocina moderna, abierta con muebles altos y bajos. Lavandería con tendal y terma a gas. * Dormitorio principal con closet y rack para tv instalado. * 2 dormitorios para estudio sin closet. * 1 Baño completo. Sala comedor con mueble, acogedor con rack para tv. Edificio con administración y ascensores en funcionamiento. Condominio con áreas verdes, cancha para deporte, tienda de abarrotes, lavandería y libreria. Cerca a Universidad San Martin, Centro comercial de Comas y Mercado Unicachi. Fácil acceso para ingresar y salir del condominio. Condiciones: 2 x1. Arriendo: 1, 100 (Incluye pago de impuesto por arrendamiento y arbitrios) Incluye: cocina, campana extractora, joro, lava seca, tendal para subir y bajar, centro de entretenimiento y tv 45 "", sofá cama 2 plazas. Muebles y sillas para el comedor (falta mesa redonda o cuadrada), tv, closet de 2 puertas, 2 mesas de noche y mueble organizador sobre cabecera. Capacidad para cama 2 plazas a 2. 5 plazas. Otros pagos adicionales: Mantenimiento de áreas comunes 100 soles+ agua, luz y gas según consumo. Cel 9 9 88- 37 112"|https://urbania.pe/inmueble/clasificado/alclapin-alquiler-de-departamento-en-el-retablo-comas-3-dormitorios-148327719?n_src=Listado&n_pills=Guardian%C3%ADa%2FSeguridad+privada&n_pg=1&n_pos=10|2026-02-01
urbania|departamentos|alquiler|Lima Norte|Comas|"Av. Micaela Bastidas & Av Retablo
Comas, Lima"|S/ 750 · USD 211|750|211|||"50 m² tot.
1 dorm.
1 baño"|50|1|||El departamento se encuentra en remodelacion para el estreno! (enuna semana terminamos) eres pareja Joven o de familia pequeña? Buscas privacidad?, y no vivir mas con los papas? Pues tenemos la opción para uds! Con buena ubicación frente al parque, y muy cerca a Colegios, Academias, Universidades, Mall de Comas, supermercados, mercados mayorista y minoristas, boticas, hospitales, clínicas, centro comerciales, bancos, canchas sintéticas, o campos deportivos, salidas rápidas para la Av el Retablo, Av Universitaria, Av Trapiche, Av Tupac, Av Panamericana y sobretodo muy cerca a las estaciones del metropoliotano! Y mucho más! La entrega sera en una semana porque esta en remodelacion el departamento. no tiene ascensor-*departamento en el 5to. Piso vista del sunset! * 2 habitaciones*1 baño completo*Sala Comedor*Lavandería*siiiii se aceptan mascotas medianas Y educadasarea: 50 m2 5T0 piso*Servicio independiente con contrómetroPrecio de Alquiler: 750 solescondiciones: 2 x 1R. U. C Ver datos|https://urbania.pe/inmueble/clasificado/alclapin-alquiler-de-departamento-en-comas-lima-1-dormitorio-146921386?n_src=Listado&n_pills=%C3%81rea+de+lavander%C3%ADa&n_pg=1&n_pos=11|2026-02-01
urbania|departamentos|alquiler|Lima Norte|Comas|"Polleria El Caporal
Comas, Lima"|S/ 950 · USD 281|950|281|||"75 m² tot.
2 dorm.
1 baño"|75|2|||Edificio de 4 pisos, cuenta con departamentos en alquiler en Estreno, esta ubicado cerca a Condominios de Retablo, a una cuadra de avenida TrapicheEl departamento esta ubicado en el Piso 3 cuenta conSala comedorIntercomunicadorCocina con reposteria bajaPunto de gas natural para instalar en cocinaBañoluzAguaTendal en azoteaMantenimiento S/25. 001x1Requisitos: Estar optimo en el sisitema financieroDemostrar sus ingresosAgenda una visitaContactameR. U. C Ver datos|https://urbania.pe/inmueble/clasificado/alclapin-alquiler-de-departamento-en-comas-lima-2-dormitorios-148178760?n_src=Listado&n_pg=1&n_pos=12|2026-02-01
urbania|departamentos|alquiler|Lima Norte|Comas|"Jiron Tarma 588
Comas, Lima"|S/ 950 · USD 257|950|257|||"86 m² tot.
3 dorm.
1 baño"|86|3|||Vive en un departamento amplio, cómodo y bien distribuido en el corazón de Comas. Con un metraje de 86. 24 m², este inmueble te ofrece los espacios ideales para tu familia, en una zona altamente comercial y rodeada de todo lo que necesitas en tu día a día. Alquiler: S/ 950 (2x1) Servicios: No incluye luz ni aguaDistribución del departamento: 3 dormitorios iluminados, con espacio suficiente para camas y muebles1 baño completo con buen acabadoSala–comedor amplia, perfecta para reuniones familiaresCocina kitchenette con muebles altos y bajos (no cuenta con gas cálida) Área de lavandería independienteUbicación privilegiada: A pocos pasos de la Municipalidad de ComasMuy cerca de colegios particulares y estatalesRodeado de bancos y comerciosPróximo al Mercado Central de ComasEn una zona altamente comercial, con todo a la manoBeneficios: Ubicado en segundo piso, con acceso independienteAmbientes con excelente iluminación y ventilación naturalMetraje amplio (86. 24 m²) a un precio muy accesible¡No dejes pasar esta oportunidad! Agenda tu visita y descubre tu nuevo hogar en Comas. T. C. 3. 70Tipo de cambio referencial, sujeto a variación diaria por fluctuación del mercado|https://urbania.pe/inmueble/clasificado/alclapin-alquiler-de-departamento-en-comas-lima-3-dormitorios-147378880?n_src=Listado&n_pills=%C3%81rea+de+lavander%C3%ADa&n_pg=1&n_pos=13|2026-02-01
urbania|departamentos|alquiler|Lima Norte|Comas|"Av. Gerardo Unger 6227, Comas
Comas, Lima"|S/ 750 · USD 203|750|203|||"70 m² tot.
2 dorm.
2 baños"|70|2|2||Alquiler de Departamento en Tercer Piso en Una Excelente Ubicación en ComasUbicación: Av. Gerardo Unger 6232 Comas Entre Av. San Bernando y av. MetropolitanaDepartamento acogedor, con: -2 Habitaciones con closet-2 baños-1 Cocina-Sala / Comedor-Vista interna (no es vista calle) -Cuenta con gas Calidda-Zona de tendal en el ultimo piso (opcional) -No se permite perros. -Edificio tranquilo, sin bulla. -Frente a Mercado La Esperanza y el Vivero de plantasT. C. 3. 50Tipo de cambio referencial, sujeto a variación diaria por fluctuación del mercado|https://urbania.pe/inmueble/clasificado/alclapin-alquiler-de-departamento-en-comas-lima-2-dormitorios-146061029?n_src=Listado&n_pg=1&n_pos=14|2026-02-01
urbania|departamentos|alquiler|Lima Norte|Comas|"C. C 250, Comas 15314, Perú
Comas, Lima"|S/ 1,100 · USD 312|1100|312|||"63 m² tot.
2 dorm.
2 baños"|63|2|2||Alquiler de Departamento – 63 m² en ComasModerno departamento en excelente ubicación, a pocos minutos del Mall Plaza Comas, Mercado Unicachi, colegios y amplias áreas verdes. Con rápido acceso a la Av. Panamericana Norte y Av. Universitaria. Características: Área: 63 m²Ambientes bien distribuidos y funcionalesCondición: 1x1No se permiten mascotasIdeal para parejas sin hijos Beneficios adicionales: Terraza con vista panorámicaÁrea multiusosZona de parrillas Estacionamiento para bicicletas Un espacio cómodo, seguro y con todo lo que necesitas cerca. Contáctame para coordinar una visita. R. U. C Ver datos|https://urbania.pe/inmueble/clasificado/alclapin-alquiler-de-departamento-en-comas-lima-2-dormitorios-147536126?n_src=Listado&n_pg=1&n_pos=15|2026-02-01
urbania|departamentos|alquiler|Lima Norte|Comas|"Jiron 14 107, Comas 15316, Perú
Comas, Lima"|S/ 800 · USD 238|800|238|||"40 m² tot.
1 dorm.
1 baño"|40|1|||Departamento en Edificio de 4 pisosAcogedor en Estreno, muy cerca a los Condominios de Retablo Comas, a una cuadra de la avenida Trapiche. Ubicado en el Piso 3Area 45 m2Sala comedorCocina para conectar punto de gas naturalLuz, agua y gasTendal en la azoteacontrato por 12 meses1x1RequisitosEstar optimo en el siatema financieroDemostrar sus ingresosContactame y agendaR. U. C Ver datos|https://urbania.pe/inmueble/clasificado/alclapin-alquiler-de-departamento-en-comas-lima-1-dormitorio-148180094?n_src=Listado&n_pg=1&n_pos=16|2026-02-01
urbania|departamentos|alquiler|Lima Norte|Comas|"Av. Jose Santos Chocano 215, Comas 15326, Perú
Comas, Lima"|S/ 800 · USD 237|800|237|||"160 m² tot.
4 dorm.
3 baños"|160|4|3||Se alquila lindo Y amplio departamento flat en avenida frente A colegios Y posta medica. con doble frentedescripcion. se encuentra en un 2do piso. vista externaarea 160 mtsamplia sala - comedor3 habitaciones con closets, dormitorio principal con baño completo Y closetcocina semi cerrada Y con comedor de diariolavanderiacuarto de estudiono incluye servicios basicosubicacion. Avenida jose santos chocanor. U. C Ver datos|https://urbania.pe/inmueble/clasificado/alclapin-alquiler-de-departamento-en-comas-lima-4-dormitorios-148508630?n_src=Listado&n_pills=%C3%81rea+de+lavander%C3%ADa&n_pg=1&n_pos=17|2026-02-01
urbania|departamentos|alquiler|Lima Norte|Comas|"El Alamo 362, Comas 15316, Perú
Comas, Lima"|S/ 900 · USD 267|900|267|||"75 m² tot.
2 dorm.
1 baño"|75|2|||Edificio de 4 pisos en estrenoacogedor Y elegante departamento te espera. Cuenta con departamento de 75 m2 en Piso 2, ubicado a unos minutos de los Condominio de Retablo, a una cuadra de la avenidaTrapicheSalaComedorCocina con reposteros bajosPunto de gas natural para conectarBañoTendal en azotea1x1LuzAguaMantenimiento S/25. 00RequisitosEstar optimo en el sistema financieroDemostrar sus ingresosContactame y visitaR. U. C Ver datos|https://urbania.pe/inmueble/clasificado/alclapin-alquiler-de-departamento-en-comas-lima-2-dormitorios-148180037?n_src=Listado&n_pg=1&n_pos=18|2026-02-01
urbania|departamentos|alquiler|Lima Norte|Comas|"3wfp+qf7, Comas 15316, Perú
Comas, Lima"|S/ 800 · USD 238|800|238|||"40 m² tot.
1 dorm.
1 baño"|40|1|||Edificio de 4 pisosdepartamento en Estreno lindo, acogedor cerca a los Condominios de Retablo a una cuadra de la avenida Trapichedisponible en el Piso 2 conArea de 45 m2Sala comedor1 dormitorioCocina lista para instalar punto de gas naturalIdeal para personas solas o parejasLuzAguaTendal en azotea1x1Mantenimiento S/25. 00Requisitos: Estar optimo en el sistema financieroDemostrar sus ingresosContactame y agenda tu visitaR. U. C Ver datos|https://urbania.pe/inmueble/clasificado/alclapin-alquiler-de-departamento-en-comas-lima-1-dormitorio-148178696?n_src=Listado&n_pg=1&n_pos=19|2026-02-01
urbania|departamentos|alquiler|Lima Norte|Comas|"Cond. Los Molles
Comas, Lima"|S/ 850 · USD 221|850|221|||"58 m² tot.
3 dorm.
1 baño"|58|3|||Departamento en alquiler en Cond. Los Molles - Comas 59. 69 mts2 5to piso 3 dormitorios1 BañoSala, comedor, cocina, lavandería con tendalesTiene ascensorVigilancia 24/7Sala para eventoParrillaLoza para fútbolJuegos para niñosespacio para skateA un paso del Colegio Innova School, Cerca a tambo, metro, colegio upna 2 cdras de RetabloA 3 cdras de universitariaA 5min de UnicachiA 5min de Mall aventura plaza ComasPrecio: Alquiler: S/ 850mantenimiento: S/ 1201 x 1(*) No mascota(*) No extranjeroR. U. C Ver datos|https://urbania.pe/inmueble/clasificado/alclapin-alquiler-de-departamento-en-comas-lima-3-dormitorios-141587796?n_src=Listado&n_pills=%C3%81rea+de+lavander%C3%ADa&n_pg=1&n_pos=20|2026-02-01
urbania|departamentos|alquiler|Lima Norte|Comas|"Av. Victor Andrés Belaunde 890, Comas 15312, Perú
Comas, Lima"|S/ 600 · USD 169|600|169|||"40 m² tot.
1 dorm.
1 baño"|40|1|||Habiataciones acogedoras en Comas — listo para alquilar Dirección: Pasaje Quiñones referencia costado de la Academia Aduni, Av. Víctor Andrés Belaunde con Av Universitaria Comas Edificio: 3 pisos Área construida: 40 m² Área de terreno: No disponible Habitaciones: 1 Baños: 1 Estacionamientos: No disponible Antigüedad: 8 añosDescripción breve: Luminoso departamento de 40 m², ideal para persona sola, que busca comodidad y buena ubicación. Dormitorio independiente, perfecto para quienes trabajan o estudian cerca de la zona. Acabados prácticos y mantenimiento en buen estado. ¿Por qué te conviene? - Ubicación sobre avenida principal, con acceso rápido a transporte y servicios. - Tamaño funcional: fácil de mantener y amoblado según necesidades. - Zona con comercios, mercados y opciones de alimentación y servicios a pocos minutos. Interesados: agenda una visitaR. U. C Ver datos|https://urbania.pe/inmueble/clasificado/alclapin-alquiler-de-departamento-en-comas-lima-1-dormitorio-147676877?n_src=Listado&n_pg=1&n_pos=21|2026-02-01
urbania|departamentos|alquiler|Lima Norte|Comas|"Mama Ocllo 138
Comas, Lima"|S/ 1,300 · USD 351|1300|351|||"100 m² tot.
3 dorm.
2 baños"|100|3|2||Departamento de estreno en el 2do pisocuenta con 3 dormitorios amplios2 baños completosSala Comedor iluminada y amplia cocina con resposteros altos y bajos LavanderiaT. C. 3. 50Tipo de cambio referencial, sujeto a variación diaria por fluctuación del mercado|https://urbania.pe/inmueble/clasificado/alclapin-alquiler-de-departamento-en-comas-lima-3-dormitorios-147077684?n_src=Listado&n_pills=%C3%81rea+de+lavander%C3%ADa&n_pg=1&n_pos=22|2026-02-01
urbania|departamentos|alquiler|Lima Norte|Comas|"Jiron Tarma 584
Comas, Lima"|S/ 850 · USD 230|850|230|||"80 m² tot.
2 dorm.
1 baño"|80|2|||Se alquila acogedor departamento en primer piso, ideal para quienes buscan comodidad, fácil acceso y una ubicación estratégica en una de las zonas más dinámicas de Comas. Este espacio es perfecto para parejas, familias pequeñas o profesionales que desean vivir en un ambiente práctico y bien conectado. Precio de alquiler: S/ 850 soles (2x1) Servicios: Luz y agua se pagan aparteCaracterísticas del inmueble: 2 dormitorios cómodos y ventilados1 baño completoSala – comedor amplio e iluminadoCocina tipo kitchenette con gas cálidaMuebles altos y bajos para almacenamientoÁrea de lavandería independienteUbicación y entorno: A pocos pasos de la Municipalidad de ComasCerca de colegios particulares y estatalesRodeado de bancos para mayor comodidadMuy próximo al Mercado Central de ComasZona altamente comercial con acceso a todo tipo de serviciosBeneficios: Primer piso de fácil accesoAmbientes ventilados y con buena iluminaciónPrecio accesible y excelente relación calidad–ubicaciónEste departamento combina comodidad, ubicación privilegiada y cercanía a todo lo que necesitas para convertirse en tu próximo hogar. T. C. 3. 70Tipo de cambio referencial, sujeto a variación diaria por fluctuación del mercado|https://urbania.pe/inmueble/clasificado/alclapin-alquiler-de-departamento-en-comas-lima-2-dormitorios-147378766?n_src=Listado&n_pills=%C3%81rea+de+lavander%C3%ADa&n_pg=1&n_pos=23|2026-02-01
urbania|departamentos|alquiler|Lima Norte|Comas|"AV. A CON AV. Micaela Bastidas Condominio LOS Laureles Dpto 1202 Piso 12 (edificio 4) Alquiler Economico
Comas, Lima"|S/ 850|850|||100|"51 m² tot.
3 dorm.
1 baño"|51|3|||Departamento en piso 12 Ubicado en el nuevo condominio los laureles primera etapavive en este cómodo departamento de 3 dormitorios, ideal para familias que disfrutan de una vida tranquila y segura. Muy cerca a centros comerciales y avenidas principales para poder trasladarte sin problemas. Buscas privacidad y tranquilidad. Además de fácil y rápido acceso! Este departamento cuenta con acabados funcionales, pensados para proporcionar un ambiente cómodo y práctico. Características: 3 dormitorios cómodos y bien ventiladosSala comedor con amplia ventana que permite el ingreso de iluminación natural y constante ventilaciónCocina con Isla mueble Lavandería con Tendal1 Baño completo con ventilación internaav. Retablo - av universitaria (avenidas cercanas) trato 1 mes de garantia Y 1 mes de adelanto R. U. C Ver datos|https://urbania.pe/inmueble/clasificado/alclapin-alquiler-de-departamento-en-comas-lima-3-dormitorios-148541490?n_src=Listado&n_pills=Seguridad&n_pg=1&n_pos=24|2026-02-01
urbania|departamentos|alquiler|Lima Norte|Comas|"los Geranios Comas
Comas, Lima"|S/ 700 · USD 260|700|260||120|"48 m² tot.
2 dorm."|48|2|||Minelly aspajo 9 5 9 8 8 4 7 3 3 Si estás buscando un lugar tranquilo, muy seguro, muy cerca de las avenidas más importantes Universitaria, El retablo y Los Ángeles y de las mejores instituciones educativas de la zona, tales como la upn Y, y de colegios como Saco Oliveros Humtec, San Vicente y otros, a un paso del Mall Plaza Comas pues ya lo encontraste. Muy cerca del nuevo Mall de Comas y de Metro. Descripción: El departamento es bien iluminado, con ventilación cruzada, con una distribución muy funcional. Cuenta con una sala comedor muy iluminada, una cocina abierta, cuenta con instalación de gas Calidda, tres habitaciones, 1 baño completo. El departamento se encuentra en el piso trece, el edificio cuenta con dos ascensores y está dentro del Condominio Los Girasoles 1era etapa. El Condominio cuenta con vigilancia privada 24/7. Condiciones (solicitado por el propietario): - El departamento se mostrará previa cita. - El futuro inquilino debe contar con aceptable evaluación financiera y respaldo (no debe estar sobre endeudado). - Se solicitará que demuestre solvencia económica, el costo del alquiler no debe superar el 35% de los ingresos del inquilino (sólo con planilla o pdt) - dni (Exclusivamente) - 2 meses de garantía x 1 de adelanto. - Contrato mínimo de un año. - no se aceptan mascotas - Se rechazarán propuestas que no se ajusten a este perfil.|https://urbania.pe/inmueble/clasificado/alclapin-alquiler-de-departamento-en-comas-lima-2-dormitorios-147790020?n_src=Listado&n_pills=Ascensor&n_pg=1&n_pos=25|2026-02-01
urbania|departamentos|alquiler|Lima Norte|Comas|"Condominio Los Girasoles
El Retablo, Comas"|S/ 800|800|||95|"55 m² tot.
3 dorm.
1 baño"|55|3|||Contacto: isabel manrique - celular: *983*649*723* Si estás buscando un lugar tranquilo, muy seguro, muy cerca de las avenidas más importantes Universitaria, El retablo y Los Ángeles y de las mejores instituciones educativas de la zona, tales como la upn Y, y de colegios como Saco Oliveros Humtec, San Vicente y otros, a un paso del Mall Plaza Comas pues ya lo encontraste. Muy cerca del nuevo Mall de Comas y de Metro. Descripción: El departamento es bien iluminado, con ventilación cruzada, con una distribución muy funcional. Cuenta con una sala comedor muy iluminada, una cocina abierta, cuenta con instalación de gas Calidda, tres habitaciones, 1 baño completo. El departamento se encuentra en el piso trece, el edificio cuenta con dos ascensores y está dentro del Condominio Los Girasoles 1era etapa. El Condominio cuenta con vigilancia privada 24/7. Condiciones (solicitado por el propietario): - El departamento se mostrará previa cita. - El futuro inquilino debe contar con aceptable evaluación financiera y respaldo (no debe estar sobre endeudado). - Se solicitará que demuestre solvencia económica, el costo del alquiler no debe superar el 35% de los ingresos del inquilino (sólo con planilla o pdt) - dni (Exclusivamente) - 2 meses de garantía x 1 de adelanto. - Contrato mínimo de un año. - Sólo mascota pequeña- Se rechazarán propuestas que no se ajusten a este perfil. Cualquier duda y/o para programar una visita no dudes en llamar a tu Agente Inmobiliario de confianza.|https://urbania.pe/inmueble/clasificado/alclapin-alquiler-de-departamento-en-el-retablo-comas-3-dormitorios-147787686?n_src=Listado&n_pills=%C3%81rea+de+lavander%C3%ADa&n_pg=1&n_pos=26|2026-02-01
urbania|departamentos|alquiler|Lima Norte|Comas|"Condominio Los Laureles 2da Etapa
Comas, Lima"|S/ 900 · USD 267|900|267|||"50 m² tot.
3 dorm.
1 baño"|50|3|||Te presentamos un departamento para alquilarloArea 50 m2En muy buen estadoPiso 5 con vista a la avenidaDistribucion: Sala comedorCocina con reposteros altos y bajosPunto de gas naturalTherma3 habitacionesBañoEl Condominio esta ubiicado a una cuadra de la avenida Micalela en Retablo, a tres cuadra del nuevo Hiper mercado precio uno, y mucho comercio mas. al interior cuenta con minimarketsSalon para reuniones, eventos para los sociosParques, juegos infantilesRequisitosEstar optimo en el sistema financieroSustentar sus ingresosPrecioS/900. 001x1No mascotasContactame y reservaloR. U. C Ver datos|https://urbania.pe/inmueble/clasificado/alclapin-alquiler-de-departamento-en-comas-lima-3-dormitorios-148497859?n_src=Listado&n_pg=1&n_pos=27|2026-02-01
urbania|departamentos|alquiler|Lima Norte|Comas|"Av. Manuel Gonzales Prada 1213 - 1215
Santa Luzmila, Comas"|S/ 800 · USD 252|800|252||100|"51 m² tot.
3 dorm.
1 baño"|51|3|||"Alquilo departamento de estreno – comas | Condominio Los Laureles 4ta Etapa. -3 habitaciones | 1 baño | 51. 10 m² | Piso 20 | Disponibilidad inmediata. -Cocina equipada, sala–comedor, lavandería con tendal, terma a gas. -Vista al parque interno. -Condominio con: zona de parrilla, juegos para niños, parque interno, 2 ascensores, seguridad 24/7, cámaras de videovigilancia. -Cerca a Av. Retablo, Av. Universitaria, Av. Trapiche, Estación Micaela Bastidas del Metropolitano y Mall de Comas. -Mantenimiento: 90–100 soles (incluye agua). -Renta: 800 soles mensuales. -Se solicita 1 mes de adelanto y 1 mes de garantía. -Contrato Notarial. -Requisitos indispensables: no tener reporte negativo en infocorp. no tener antecedentes policiales ni penales. Consultar con el Agente Inmobiliario encargado para mayor información Ver datos."|https://urbania.pe/inmueble/clasificado/alclapin-alquiler-de-departamento-en-santa-luzmila-comas-3-dormitorios-148368442?n_src=Listado&n_pills=Ascensor&n_pg=1&n_pos=28|2026-02-01
urbania|departamentos|alquiler|Lima Norte|Comas|"Av. Micaela Bastidas &amp; Av Retablo
Comas, Lima"|S/ 800 · USD 225|800|225|||"60 m² tot.
2 dorm.
2 baños"|60|2|2||Eres pareja Joven o de familia pequeña? Buscas privacidad?, y no vivir mas con los papas? Pues tenemos la opción para uds! Con buena ubicación frente al parque, y muy cerca a Colegios, Academias, Universidades, Mall de Comas, supermercados, mercados mayorista y minoristas, boticas, hospitales, clínicas, centro comerciales, bancos, canchas sintéticas, o campos deportivos, salidas rápidas para la Av el Retablo, Av Universitaria, Av Trapiche, Av Tupac, Av Panamericana y sobretodo muy cerca a las estaciones del metropoliotano! Y mucho más! *departamento en el 4to. Piso vista interna* 2 habitaciones*2 baño completo*Sala Comedor*Lavandería*siiiii se aceptan mascotas medianas Y educadasarea: 60 m2 4to piso vista interna*Servicio independiente con contrómetroPrecio de Alquiler: 800 solescondiciones: 2 x 1R. U. C Ver datos|https://urbania.pe/inmueble/clasificado/alclapin-alquiler-de-departamento-en-comas-lima-2-dormitorios-146921402?n_src=Listado&n_pills=%C3%81rea+de+lavander%C3%ADa&n_pg=1&n_pos=29|2026-02-01
urbania|departamentos|alquiler|Lima Norte|Comas|"Manuel González Prada 1083
Comas, Lima"|S/ 950 · USD 282|950|282|||"50 m² tot.
3 dorm.
1 baño"|50|3|||Departamento ideal para personas que gustan de la tranquilidad y seguridad, te comparto este hermoso depa Piso 16Área 50 m2Balcón internoSala comedorCocina con repostería alta y bajaPunto de gas natural3 dormitoriosBañoThermaAl interior del Condominio cuenta con-Salón para reuniones-Salón para juegos educativos para niños-GimnasioUbicacion estratégica Cerca al Mall de Comas, accesible a todo destino. Pago mensualS/950MantenimientoS/120 solo vigilanciaServicios de luz, agua y gas natural es independiente2x1Requisitos: Estar óptimo en el sistema financieroSustentar sus ingresosSolo peruanosNo mascotasAgenda tu visitaR. U. C Ver datos|https://urbania.pe/inmueble/clasificado/alclapin-alquiler-de-departamento-en-comas-lima-3-dormitorios-148560534?n_src=Listado&n_pills=Gimnasio&n_pg=1&n_pos=30|2026-02-01
urbania|departamentos|alquiler|Lima Norte|Comas|"Pasaje Abelardo Quiñones Lote 51A Comas
Comas, Lima"|S/ 600 · USD 169|600|169|||"40 m² tot.
1 dorm.
1 baño"|40|1|||Contamos con 2 habitaciones independientes con baño incorporado para estudiantes universitarios, esta ubicada cerca a la upn,, academias, referencias avenida Universitaria con BelaundeArea 40 m2Excelente iluminacionPatio tendalEspacio lavanderiaMas informacion, contactameR. U. C Ver datos|https://urbania.pe/inmueble/clasificado/alclapin-alquiler-de-departamento-en-comas-lima-1-dormitorio-147971761?n_src=Listado&n_pills=%C3%81rea+de+lavander%C3%ADa&n_pg=2&n_pos=1|2026-02-01
urbania|departamentos|alquiler|Lima Norte|Comas|"JR Talara
Comas, Lima"|S/ 750 · USD 223|750|223|||"150 m² tot.
2 dorm.
1 baño"|150|2|||Alquiler de Departamento en Comas – 3er Piso, Listo para Mudarse Ubicado en el tercer piso, este departamento ofrece la combinación perfecta de comodidad, amplitud y buena ubicación. Distribución del inmueble: Sala amplia y comedor ideales para disfrutar en familia Cocina práctica lista para equiparBaño completo2 dormitorios cómodos y ventiladosEste espacio destaca por su iluminación natural y su diseño funcional que brinda confort en cada ambiente. Ideal para familias o parejas que buscan vivir en una zona céntrica de Comas, cerca de comercios, transporte y todos los servicios necesarios. R. U. C Ver datos|https://urbania.pe/inmueble/clasificado/alclapin-alquiler-de-departamento-en-comas-lima-2-dormitorios-148541321?n_src=Listado&n_pg=2&n_pos=2|2026-02-01
urbania|departamentos|alquiler|Lima Norte|Comas|"Los Geranios 2
Comas, Lima"|S/ 1,100|1100|||100|"55 m² tot.
3 dorm.
1 baño"|55|3|||Area: 55 m2. ️Piso: 1. ️3 dormitorios. ️1 baño completo. ️Cocina con muebles altos con gas natural. ️Sala y comedor. ️Area de Lavandería. Intercomunicador. Terma a gas natural. el condominio: Edificio de 22 pisos. Cuenta con 2 ascensores modernos. 8 departamentos por piso. ️Salón de usos múltiples con gran ️terraza. ubicacion: A un paso del Mall de Comas. A un paso de la Universidad San Martín de Porres sede Comas. Cerca a la Av. Trapiche y Pan. Norte. A 5 minutos de la Av. Universitaria. Cerca de universidades utp- Científica- utp- Cesar Vallejo. precio de alquiler: S/. 1, 100 soles. Mantenimiento: s/. 100 soles. Servicios según consumo. condicion de alquiler: 1X1. servicios según consumo. contrato minimo: 1 año|https://urbania.pe/inmueble/clasificado/alclapin-alquiler-de-departamento-en-comas-lima-3-dormitorios-148647856?n_src=Listado&n_pills=%C3%81rea+de+lavander%C3%ADa&n_pg=2&n_pos=3|2026-02-01
urbania|departamentos|alquiler|Lima Norte|Comas|"asuncion 425
Comas, Lima"|S/ 1,500 · USD 428|1500|428|||"140 m² tot.
2 dorm.
2 baños"|140|2|2||"S/. 1, 500 | 146 m² | Piso 2. Amplio, moderno y luminoso departamento con finos acabados y excelente ventilación. Características: Sala-comedor amplia e iluminada. 2 dormitorios (principal con baño completo) 2 baños completos. Cocina de concepto abierto. Zona de lavandería. Pisos de porcelanato. Condiciones: 2 meses de adelanto + 1 mes de garantía. Contrato anual notarial. Mantenimiento: S/. 0. 00. Ubicación estratégica: Cerca de Av. Túpac Amaru, Av. Universitaria, Av. El Parral y Estación México del Metropolitano. A minutos de universidades upn, ucv, utp y uch. Visitas: Lunes a domingo de 11 a. M. A 3 p. M. (previa coordinación 24 h antes)."|https://urbania.pe/inmueble/clasificado/alclapin-alquiler-de-departamento-en-comas-lima-2-dormitorios-147899890?n_src=Listado&n_pills=%C3%81rea+de+lavander%C3%ADa&n_pg=2&n_pos=4|2026-02-01
urbania|departamentos|alquiler|Lima Norte|Comas|"C. Brasilia
Comas, Lima"|S/ 1,400 · USD 400|1400|400|||"98 m² tot.
2 dorm.
2 baños"|98|2|2||¡Bello y moderno departamento en alquiler en Comas – Urb. El Parral, ideal para quienes buscan confort y buena ubicación! Con un área de 98 m² y ubicado en el 2° piso, este amplio departamento ofrece espacios bien distribuidos, acabados de calidad y excelente iluminación natural. Sala-comedor amplia con pisos de porcelanato, moderna y ventilada. 2 dormitorios, el principal con baño completo incorporado. 2 baños completos con acabados elegantes. Cocina cerrada, práctica y funcional. Zona de lavandería independiente. Ubicación estratégica, con fácil acceso a Av. Túpac Amaru, Av. Universitaria, Av. México, Av. El Parral y Av. Carabayllo. Cerca de universidades (upn, ucv, utp, uch), colegios, tiendas y la estación México del Metropolitano. Condiciones: 2 meses de adelanto + 1 de garantía, contrato notarial por un año. Disfruta de un hogar moderno, luminoso y bien ubicado en una zona tranquila y con todo a tu alcance.|https://urbania.pe/inmueble/clasificado/alclapin-alquiler-de-departamento-en-comas-lima-2-dormitorios-147825441?n_src=Listado&n_pills=%C3%81rea+de+lavander%C3%ADa&n_pg=2&n_pos=5|2026-02-01
urbania|departamentos|alquiler|Lima Norte|Comas|"MICAELA BASTIDAS
Comas, Lima"|S/ 1,200|1200|||130|"61 m² tot.
3 dorm.
1 baño"|61|3|||Av. Micaela Bastidas, es de la Av. Universitaria con Micaela bastidas a la izquierda como 4 cuadras. Condominio las Praderas en los edificios de Retablo. Ubicado a minutos de las avenidas principales de Comas. A 3 minutos del Mall de Comas, Av. Belaunde y Mercado Unicachi. A 4 Cdras de la Av. Universitaria. Características del departamento: - Ubicado en primer piso. - Área total: 61 m² - 3 habitaciones iluminadas. - 1 baño completo. - Sala – comedor. - Cocina con reposteros. - Lavandería y tendal interno (patio interno del dpto) áreas comunes: - Zona de parrilla. - Sala sum para reuniones. - Área de juegos infantiles. condiciones de alquiler. - Precio de alquiler: S/1, 200 incluido mantenimiento. - Condiciones: 1x1 (1 mes de garantía + 1 mes de adelanto) - Servicios: Luz: según consumo (medidor independiente) Agua: según consumo. Gas natural: según consumo. - Contrato mínimo: 1 año|https://urbania.pe/inmueble/clasificado/alclapin-alquiler-de-departamento-en-comas-lima-3-dormitorios-148557047?n_src=Listado&n_pills=%C3%81rea+de+lavander%C3%ADa&n_pg=2&n_pos=6|2026-02-01
urbania|departamentos|alquiler|Lima Norte|Comas|"Calle 2 203
Comas, Lima"|S/ 850|850|||100|"62 m² tot.
3 dorm.
1 baño"|62|3|||¿Buscas comodidad, seguridad y excelente ubicación? Este departamento en condominio residencial villa jacarandá con 3 habitaciones, 62. 2 m², ubicado en el piso 13, es ideal para ti y tu familia. - características: Sala – comedor con buena iluminación. Cocina con muebles altos y bajos. 3 habitaciones. 1 baño. Terma a gas natural. Además es pet friendly (tu mascotita educada es bienvenida) Edificio con 2 ascensores. el condominio cuenta con: Gimnasio al aire libre. Sala de usos múltiples. Zona de juegos para niños. Losa deportiva. Minimarket y más. Ubicación privilegiada: ́A solo unos minutos de la Estación Belaunde del Metropolitano, a minutos del Mall de Comas. Rodeado de colegios, Universidades y con fácil acceso a principales avenidas. - alquiler: S/. 850. Mantenimiento adicional: S/ 100 aprox. (Incluye seguridad 24/7 y áreas comunes) condiciones: 1 mes de garantía. 1 mes de adelanto. Los interesados deberán: Contar con sustento de ingresos. No estar reportados en centrales de riesgo (Infocorp) ¿Deseas conocer más? Contáctanos…|https://urbania.pe/inmueble/clasificado/alclapin-alquiler-de-departamento-en-comas-lima-3-dormitorios-148669629?n_src=Listado&n_pills=Cerca+a+colegios&n_pg=2&n_pos=7|2026-02-01
urbania|departamentos|alquiler|Lima Norte|Comas|"Jirón Toribio Rodriguez de Mendoza 170
San Agustin, Comas"|S/ 1,100|1100||||"80 m² tot.
3 dorm.
1 baño"|80|3|||Puede ser para casa habitacion O consultorio- oficina. ️Piso: 1. ️3 dormitorios. ️1 baño completo. ️Sala y comedor. ️Area de Lavandería y cocina. ️Area de tendal en azotea. el inmueble: ️Casa de 1 piso más azotea. ️Espacio para ingreso de moto. ️Cuenta con reja de ingreso. Servicios independientes según consumo. ️Condicion de alquiler: 1X1. ️Contrato minimo: 1 año. **se acepta mascotas** ubicacion: Frente a parque. A un paso del Mall de Comas. A un paso de la Universidad San Martín de Porres sede Comas. Cerca a la Av. Trapiche y Pan. Norte. A 5 minutos de la Av. Universitaria. Cerca de universidades utp- Científica- utp- Cesar Vallejo|https://urbania.pe/inmueble/clasificado/alclapin-alquiler-de-departamento-en-san-agustin-comas-3-dormitorios-148671611?n_src=Listado&n_pills=%C3%81rea+de+lavander%C3%ADa&n_pg=2&n_pos=8|2026-02-01
urbania|departamentos|alquiler|Lima Norte|Comas|"CALLE LOS GERANIOS 131
El Retablo Ii, Comas"|S/ 1,000|1000|||130|"50 m² tot.
2 dorm.
1 baño
1 estac."|50|2||1|Departamento en piso 12, vista externa – av. Los geranios, comas. Ubicado a pocos minutos de las avenidas principales de Comas. A 5 minutos del Mall de Comas, Av. Belaunde y Mercado Unicachi. A 8 minutos de la Av. Universitaria. El edificio cuenta con dos ascensores y está dentro del Condominio Los Girasoles 1era etapa. El Condominio cuenta con vigilancia privada 24/7. Zona con acceso a restaurantes, bodegas, panaderías, minimarkets y transporte público. Características del departamento: - Ubicado en piso 12. - Área total: 50 m² - 2 habitaciones iluminadas. - 1 baño completo. - Sala – comedor (con mueble de entretenimiento) - Cocina equipada (cocina, refrigeradora y mesa) - Lavandería y tendal interno. - Cochera adicional (S/220) áreas comunes: - Zona de parrilla. - Sala sum para reuniones. - Área de juegos infantiles. condiciones de alquiler. - Precio de alquiler: S/1, 000. - Condiciones: 1x1 (1 mes de garantía + 1 mes de adelanto) - Servicios: Luz: según consumo (medidor independiente) Agua: según consumo. Gas natural: según consumo. - Contrato mínimo: 1 año (notariado) - Mantenimiento aproximado: S/130. requisitos: - No estar reportado en infocorp. - El futuro inquilino debe contar con aceptable evaluación financiera y respaldo (no debe estar sobre endeudado). - Contar con dni o Carnet de Extranjería. - dni (Exclusivamente) - No contar con antecedentes policiales. - Sustento documentado de ingresos (planilla, recibos por honorarios o pdt) contacto: Para más información o agendar una visita: Christopher Núñez – Asesor Inmobiliario. Ver datos|https://urbania.pe/inmueble/clasificado/alclapin-alquiler-de-departamento-en-el-retablo-ii-comas-2-dormitorios-148511848?n_src=Listado&n_pills=Seguridad&n_pg=2&n_pos=9|2026-02-01
urbania|departamentos|alquiler|Lima Norte|Comas|"SAN Jorge, SAN Carlos, Comas
San Carlos Et.1, Comas"|S/ 1,300 · USD 370|1300|370||40|"99 m² tot.
4 dorm."|99|4|||Departamento amplio de 4 hbs nuevo! Listo para mudarte y personalizar los espacios a tu gusto! Ubicado en la tranquila zona de San Carlos Etapa 1 en Comas, este departamento flat te ofrece el equilibrio perfecto entre vida urbana y tranquilidad, con total accesibilidad a Avenidas Principales como Avenida Tupac Amaru, Av. San Felipe y Av. Universitaria. * A un par de cuadras del Hospital Sergio Bernales, * Rodeado de parques e Instituciones Educativas estatales y privadas y locales comerciales, tales como Farmacias, viveros, tiendas, restaurantes, agentes, paraderos del Metropolitano, etc. Características del Departamento: * Piso: 3* Departamento Flat Independizado* Área Construida: 100. 8 m²* La construcción y acondicionamiento excelente estado. * Tiene buena iluminación y circulación de aire, --Balcón con hermosa vista panorámica. * Pisos de Porcelanato. -Ofrece Sala y comedor amplios-Nuevos y finos acabados en la cocina con granito en las encimeras y almacenamiento con muebles aéreos y bajos de madera cedro. -2 Baños completos en finos acabados de porcelanato, vidrio y almacenamiento de madera cedro. -1 baño de visita (medio baño) -1 Dormitorio Principal con baño completo con acabados A1-2do Dormitorio-1 Habitación estudio (opcional para dormitorio) -Área de lavandería con puntos listos para instalar lavadora, terma, etc. -Intercomunicador- Cochera disponible dentro de la propiedad costo de alquiler mensual a S/250valor de alquiler S/1300cocheras/250 mensualesmantenimientoaprox 50 soles, lo que incluye alumbrado de escalera y limpieza, además el cercado eléctrico del frontiscosto por servicioselectricidad medidor independienteAgua un solo medidor para todo el edificio un aproximado de 60 soles mensuales por departamentorequisitos: Solo PeruanosNo estar registrado en centrales de riesgo. Sustentar ingresos con boletas de pago o recibos por honorarios. Presentar nombre y dni para agendar visitaPresentar Certiadulto o cul. En caso de empresas contar con sustento financiero: Razón Social y ruc de la empresaEstado Financiero de los últimos 6 mesesDeclaraciones de impuestos: pdt mensual (igv – Renta) y Declaración anual de renta Ver datosNombre y dni del Representante Legal de la empresaVigencia de Poder del representante Legal de la empresacondiciones: Garantía: 1 mes de garantía y 1 mes de adelanto. Servicios: Agua y luz aparte del costo de alquiler. Costo de mantenimiento y alumbrado de reas comunes aparte de la renta¡Contáctame para más información y para agendar una cita! asesora inmobiliarialilly torrejonc. 9*2*8*5*0*9*7*5*3|https://urbania.pe/inmueble/clasificado/alclapin-alquiler-de-departamento-en-san-carlos-et1-comas-4-dormitorios-147406916?n_src=Listado&n_pills=%C3%81rea+de+lavander%C3%ADa&n_pg=2&n_pos=10|2026-02-01
urbania|departamentos|alquiler|Lima Norte|Comas|"3WFR+63H
Comas, Lima"|S/ 1,100|1100||||"67 m² tot.
3 dorm.
2 baños"|67|3|2||Contacto: rosa carranza // cel: 942*457*358. Departamento Flat en Comas — Cómodo y funcional. Características principales: Edificio: 3 pisos. Área construida: 67. 62 m² Habitaciones: 3. Baños: 2. Antigüedad: 10 años. Descripción: Ambientes bien distribuidos y aprovechables que ofrecen comodidad para una familia o parejas que buscan espacio práctico. Sala-comedor con buena iluminación natural, cocina funcional y dormitorios con suficiente espacio para muebles. Ubicación y ventajas: - Zona con acceso a transporte y servicios cercanos. - Ideal para quienes buscan una opción lista para habitar y fácil de mantener. ¿Quieres conocerlo? Agenda una visita y comprueba por ti mismo el potencial de este departamento.|https://urbania.pe/inmueble/clasificado/alclapin-alquiler-de-departamento-en-comas-lima-3-dormitorios-148766211?n_src=Listado&n_pg=2&n_pos=11|2026-02-01
urbania|departamentos|alquiler|Lima Norte|Comas|"Condominio Los Laureles, Comas
Comas, Lima"|S/ 950 · USD 269|950|269||100|"51 m² tot.
3 dorm.
1 baño
1 estac."|51|3||1|Alquilo departamento en primer piso en Condominio Los Laureles, Primera Etapa, Comas, ubicada en la Av. A y Av. Micaela Bastidas. Contacto: abel javá cárdenas celular: 952*364*432 id: 1 1 5 4 1 6 7ubicación estratégica: Cerca de Mall Plaza Comas, Real Plaza Pro, Plaza Vea Comas, Universidad del Norte, colegios, Club Zonal Sinchi Roca y más. Todo lo que necesitas, a minutos de casa. Características del departamento (51 m²) • Departamento en primer piso, de 51m2. Ideal para la convivencia familiar. • Sala-comedor con excelente iluminación natural y cortinas enrollables. • Cocina con gas de Cálidda, ventana con cortinas enrollables. • Zona de lavandería. • 3 dormitorios con ventanas y cortinas enrollables. • 1 baño completo en perfectas condiciones con agua caliente. • Iluminación led. • Intercomunicador y caja de luz. • Servicio de agua y luz en perfecto estado. • Estacionamiento para moto o bicicleta, con pagos aparte en caso de alquilar. • Condominio con áreas verdes, juegos para niños, asientos, bodega, seguridad y vigilancia 24/7. Precio de alquiler: S/. 950 Soles mensual• Departamento: S/ 950• De alquilar Cochera para moto/bicicleta se añadirá el monto de: S/ 100 Soles• Mantenimiento aprox. S/ 100 (incluye agua, limpieza, vigilancia y mantenimiento de áreas comunes). • 1 mes de adelanto + 2 meses de garantía. • Contrato mínimo: 1 año. • Preferible sin mascotas. Vive en un condominio seguro, con comodidades y rodeado de todo lo que tu familia necesita. Contacto: abel javá cárdenas. Celular: 952*364*432|https://urbania.pe/inmueble/clasificado/alclapin-alquiler-de-departamento-en-comas-lima-3-dormitorios-147530287?n_src=Listado&n_pills=Guardian%C3%ADa%2FSeguridad+privada&n_pg=2&n_pos=12|2026-02-01
urbania|departamentos|alquiler|Lima Norte|Comas|"MANUEL BARCENA
Comas, Lima"|S/ 999|999|||50|"90 m² tot.
2 dorm.
2 baños"|90|2|2||*Alquiler de amplio departamento en Comas! * 90m2, segundo piso. Ubicado en la calle Manuel Bárcena, a dos cuadras del cruce entre las Av. Universitaria y 22 de Agosto, con fácil acceso a todas las universidades Lima norte. Consta de 2 dormitorios, 2 baños, sala comedor, cocina abierta y zona de lavandería. Mascota permitida. Cochera no disponible. Solicita vídeo al interno. *Condiciones del trato: * -S/1, 000 (1x1) -Pago de servicios por consumo propio. -Contar con ingresos sustentados con boleta o reporte tributario mayor a 3 veces del valor del alquiler. -No registrar deudas vencidas ni denuncias al menos el titular que firma. solo whatsapp. -kissy: Ver datos. -camila: Ver datos. -deysi: Ver datos. broker en linea group|https://urbania.pe/inmueble/clasificado/alclapin-alquiler-de-departamento-en-comas-lima-2-dormitorios-148407890?n_src=Listado&n_pills=%C3%81rea+de+lavander%C3%ADa&n_pg=2&n_pos=13|2026-02-01
urbania|departamentos|alquiler|Lima Norte|Comas|"AVENIDA 21, N° , FUNDO CHACRACERRO LOS PARQUES DE COMAS
Comas, Lima"|S/ 750|750|||87|"50 m² tot.
1 baño"|50||||Se alquila departamento en segundo piso con asensor, en condominio los girasoles, cerrado con vigilancia 24/7, en comas, 50M2, sala, comedor, cocina, lavandería, 03 habitaciones, M01 baño completo, con áreas comunes, vigilancia, frente A parque, cerca A universidad upn Y otras, colegios Y comercio. El mantenimiento incluye agua común, vigilancia, therma, gas calidda. Contacto yamile Ver datos|https://urbania.pe/inmueble/clasificado/alclapin-alquiler-de-departamento-en-comas-lima-148037812?n_src=Listado&n_pills=Guardian%C3%ADa%2FSeguridad+privada&n_pg=2&n_pos=14|2026-02-01
urbania|departamentos|alquiler|Lima Norte|Comas|"Avenida Micaela Bastidas
Comas, Lima"|S/ 990|990|||119|"70 m² tot.
3 dorm.
2 baños"|70|3|2||Alquiler de departamento en Comas! 70m2, octavo piso. Ubicado en el cruce entre las Av. Republica de Israel y Micaela Bastidas, exactamente en el condominio Torres Las Praderas. Consta de 3 dormitorios, 2 baños, sala comedor, área de cocina y lavandería con terma y gas natural instalada. Mascota chica permitida. Cochera no disponible. Solicita vídeo al interno. Condiciones del trato: -S/1, 000 (1x1) -Mantenimiento S/120 aprox y otros servicios por consumo propio. -Contar con ingresos sustentados con boleta o reporte tributario. -No registrar deudas vencidas al menos el titular que firma. solo whatsapp. -kissy: Ver datos. -camila: Ver datos. -nelsy: Ver datos. -deysi: Ver datos. broker en linea group|https://urbania.pe/inmueble/clasificado/alclapin-alquiler-de-departamento-en-comas-lima-3-dormitorios-148780289?n_src=Listado&n_pills=%C3%81rea+de+lavander%C3%ADa&n_pg=2&n_pos=15|2026-02-01
urbania|departamentos|alquiler|Lima Norte|Comas|"Comas
Comas, Comas"|S/ 1,250 · USD 372|1250|372|||"55 m² tot.
1 baño"|55||||Departamento en estreno Y semiamoblado villa residencial las acacias comasdisfruta de la comodidad y estilo de vida que mereces en este moderno departamento de 55 m², ubicado en el exclusivo Condominio Villa Residencial Las Acacias, Comas, con acceso fácil a las principales avenidas como Belaúnde, Micaela Bastidas y Universitaria — rodeado de colegios, guarderías, mercados, supermercados (incluido Uno), farmacias, restaurantes y comercios diversos. características:? 55 m² totalmente nuevo y de estreno, con todos los electrodomésticos en cajas? Amoblado con línea blanca incluida, esto es: Cocina, campana extractora, refrigeradora y horno microondas.? 3 dormitorios con closets empotrados en cada uno? Kitchenette con muebles altos y bajos, cuenta con isla funcional ya que tiene espacios de almacenamiento. Cocina cuenta con muebles altos y bajos? Un baño completo moderno? Intercomunicador y ascensor al 8º piso? Instalaciones completas de agua, desagüe y gas naturalÁrea de lavandería con terma nueva, lavadero y puntos de agua listos para lavadora, ademas que tiene mueble empotrado alto que permite usarse de almacenamiento. excelentes areas comunesgimnasioPiscinaPet roomAnfiteatroSala de reuniones y coworkingSala para niños y jóvenesCircuito de footingCocheraLocales comerciales dentro del condominioseguridad Y comodidad garantizada: Ingreso controlado, vigilancia y espacio familiar en una zona con alta demanda residencial y comercial. Ideal para familias y profesionales, este departamento en estreno está listo para ocupar y ofrece una calidad de vida superior en uno de los desarrollos más completos del norte de Lima. precio de lanzamiento (tiempo limitado) Renta mensual S/1250 con línea blanca en cocina Renta Mensual S/1000 sin línea blanca en cocina Mantenimiento S/80 (aprox) + consumo de aguaConsumo de electricidad y Gas Natural deacuerdo a recibos. condiciones Y requisitos: Documento de identidad vigente (dni) Sustento de ingresos (boletas de pago, contrato de trabajo o ruc) Buena calificación en centrales de riesgo (Infocorp u otra) Uso exclusivamente residencial. Solo peruanos1 x 1 para ingreso (1 mes de adelanto + 1 mese de garantía) no te quedes sin la oportunidad de habitar este departamentocomunícate hoy mismo y agenda tu visita. lilly torrejonasesora Inmobiliaria re/max power expo9*2*8*5*0*9*7*5*3idVer datos|https://urbania.pe/inmueble/clasificado/alclapin-alquiler-de-departamento-en-comas-comas-148710031?n_src=Listado&n_pills=Gimnasio&n_pg=2&n_pos=16|2026-02-01
urbania|departamentos|alquiler|Lima Norte|Comas|"Av. Tupac Amaru 3542
La Pascana, Comas"|S/ 1,400|1400||||"45 m² tot.
1 baño"|45||||Contacto: ruth burga* numero: 996*222*084 id: Ver datos Oportunidad única para emprender tu negocio en Comas! Ubicado estratégicamente plena la Av. Túpac Amaru 3542, te presentamos este magnífico local en 2do piso, idóneo para que des vida a tu visión comercial. Características: - Área de Terreno: 45. 00 m2 - Área Construida: 45. 00 m2 - Funcional almacén para optimizar tu gestión de productos. - Baño: 1, facilitando la comodidad de tus clientes y empleados. - Antigüedad: 3 años, asegurando instalaciones modernas y en excelente estado. usos: - Oficinas- Consultorios- Spa- Barberia- Estetica- - Centro de terapias- Y mucho mas. cerca de: - Paradero Pascana- Tiendas- Restaurantes- Bancos- Institutos y mascondiciones: - 2 meses de Garantía- 1 mes de Adelanto- Contrato mínimo: 1 añoEste espacio no incluye estacionamientos, pero su ubicación es de fácil acceso y alta visibilidad para peatones y tráfico vehicular, ¡ideal para que tu negocio florezca! No dejes pasar esta oportunidad de hacer crecer tu marca en un punto estratégico de Comas. ¡Esperamos tu consulta para brindarte más información! Contacto: ruth burga numero: Ver datos id: Ver datos|https://urbania.pe/inmueble/clasificado/alclapin-alquiler-de-departamento-en-la-pascana-comas-147406627?n_src=Listado&n_pg=2&n_pos=17|2026-02-01
urbania|departamentos|alquiler|Lima Norte|Comas|"CONDOMINIO LOS LAURELES
Comas, Lima"|S/ 890|890|||119|"55 m² tot.
3 dorm.
1 baño"|55|3|||*Alquiler de departamento en Comas! * 55m2, sexto piso. Ubicado en la Av. A, cruce con la Av. Micaela Bastidas, el condominio los Laureles, primera etapa. Consta de 2 dormitorios, 1 habitación chica libre uso, 1 baño, sala comedor, área de cocina (reposteros colocados actualmente) y lavandería con terma a gas natural instalada. Mascota chica permitida. Cochera no disponible. Solicita vídeo al interno. *Condiciones del trato: * -S/900 (1x1) -Mantenimiento S/120 aprox y otros servicios por consumo. -Contar con ingresos sustentados con boleta o reporte tributario. -No registrar deudas vencidas ni denuncias al menos el titular que firma. solo whatsapp. -kissy: Ver datos. -camila: Ver datos. -deysi: Ver datos. broker en linea group|https://urbania.pe/inmueble/clasificado/alclapin-alquiler-de-departamento-en-comas-lima-3-dormitorios-148446006?n_src=Listado&n_pills=%C3%81rea+de+lavander%C3%ADa&n_pg=2&n_pos=18|2026-02-01
urbania|departamentos|alquiler|Lima Norte|Comas|"c. brasilia
Comas, Lima"|S/ 1,200 · USD 343|1200|343|||"102 m² tot.
2 dorm.
2 baños"|102|2|2||"S/. 1, 400 | 98 m² | Piso 2. Moderno y elegante departamento con finos acabados, excelente iluminación y ventilación. Características: Sala-comedor amplia e iluminada. 2 dormitorios (principal con baño) 2 baños completos. Cocina cerrada. Zona de lavandería. Pisos de porcelanato. Condiciones: 2 meses de adelanto + 1 mes de garantía. Contrato anual notarial. Mantenimiento: S/. 0. 00. Ubicación estratégica: Cerca a Av. Túpac Amaru, Av. Universitaria, Av. El Parral y Estación México del Metropolitano. A minutos de upn, ucv, utp y uch. Visitas: Lunes a domingo, de 11 a. M. A 3 p. M. (previa coordinación 24 h antes). Alquila este encantador departamento y vive con estilo en Comas."|https://urbania.pe/inmueble/clasificado/alclapin-alquiler-de-departamento-en-comas-lima-2-dormitorios-147899755?n_src=Listado&n_pills=%C3%81rea+de+lavander%C3%ADa&n_pg=2&n_pos=19|2026-02-01
urbania|departamentos|alquiler|Lima Norte|Comas|"Avenida Micaela Bastidas
Comas, Lima"|S/ 950|950|||119|"65 m² tot.
3 dorm.
2 baños"|65|3|2||*Alquiler de departamento en Comas! * 65m2, piso 12. Ubicado entre las Av. Republica de Israel y Micaela Bastidas, el condominio Torres Las Praderas. Consta de 3 dormitorios, 2 baños, sala comedor, cocina con reposteros y lavandería con terma y gas natural instalada. Mascota solo gato permitida. Cochera no disponible. Solicita vídeo al interno. *Condiciones del trato: * -S/950 (1x1) -Mantenimiento S/120 aprox. Y otros servicios por consumo propio. -Contar con ingresos sustentados con boleta o reporte tributario. -No registrar deudas vencidas al menos el titular que firma. solo whatsapp. -kissy: Ver datos. -camila: Ver datos. -nelsy: Ver datos. broker en linea group|https://urbania.pe/inmueble/clasificado/alclapin-alquiler-de-departamento-en-comas-lima-3-dormitorios-148825461?n_src=Listado&n_pills=%C3%81rea+de+lavander%C3%ADa&n_pg=2&n_pos=20|2026-02-01
urbania|departamentos|alquiler|Lima Norte|Independencia|"Jiron sinchi
Independencia, Lima"|S/ 850|850||||"33 m² tot.
1 dorm.
1 baño"|33|1|||Se alquila mini departamento ubicado en el distrito de Independencia, dentro de una zona urbana con fácil acceso a transporte público, comercios y servicios esenciales. Características del inmueble: Área total y techada: 33 m² Ubicado en el segundo piso. Vista a la calle. Antigüedad: 10 años. Ventana con cortina. Se acepta mascota pequeña. Distribución: Sala comedor. Cocina tipo kitchenette con reposteros altos y bajos. Espacio para lavadora. Un dormitorio (sin clóset) Un baño completo. Tendedero en la azotea. Seguridad: Edificio con cámaras de vigilancia. Condiciones económicas: Precio de alquiler: S/ 850 mensuales. El precio incluye los servicios de agua y luz. Condición de contrato: 1 mes de garantía y 1 mes de adelanto. Ubicación y entorno: A 10 minutos de la Av. Túpac Amaru. A 2 minutos de la Av. Coricancha. Cerca al Instituto Peruano del Deporte. Próximo al Centro de Salud Tahuantinsuyo Alto. Cercano al Mercado Central de Payet, tiendas, comercios y restaurantes. Parques y canchas deportivas en los alrededores. Acceso a transporte público (alimentadores, microbuses, combis y colectivos) Información adicional: Visitas con 24 horas de anticipación, previa coordinación con los propietarios. Contáctame para más información y agenda tu visita.|https://urbania.pe/inmueble/clasificado/alclapin-alquiler-de-departamento-en-independencia-lima-1-dormitorio-148634421?n_src=Listado&n_pg=1&n_pos=1|2026-02-01
urbania|departamentos|alquiler|Lima Norte|Independencia|"Jirón Sinchi
Independencia, Lima"|S/ 850|850||||"33 m² tot.
1 dorm.
1 baño"|33|1|||Se alquila mini departamento ubicado en el distrito de Independencia, en una zona urbana con fácil acceso a transporte público, comercios y servicios esenciales. Características del inmueble: Área total y techada: 33 m² Ubicado en el segundo piso. Vista a la calle. Antigüedad: 10 años. Ventana con cortina. Se acepta mascota pequeña. Distribución: Sala comedor. Cocina tipo kitchenette con reposteros altos y bajos. Espacio para lavadora. Un dormitorio (sin clóset) Un baño completo. Tendedero en la azotea. Seguridad: Edificio con cámaras de vigilancia. Condiciones económicas: Precio de alquiler: S/ 850 mensuales. El precio incluye los servicios de agua y luz. Condición de contrato: 1 mes de garantía y 1 mes de adelanto. Ubicación y entorno: A 10 minutos de la Av. Túpac Amaru. A 2 minutos de la Av. Coricancha. Cerca al Instituto Peruano del Deporte. Próximo al Centro de Salud Tahuantinsuyo Alto. Cercano al Mercado Central de Payet, tiendas, comercios y restaurantes. Parques y canchas deportivas en los alrededores. Acceso a transporte público (alimentadores, microbuses, combis y colectivos) Información adicional: Visitas con 24 horas de anticipación, previa coordinación con los propietarios. Contáctame para más información y agenda tu visita.|https://urbania.pe/inmueble/clasificado/alclapin-alquiler-de-departamento-en-independencia-lima-1-dormitorio-148635114?n_src=Listado&n_pg=1&n_pos=2|2026-02-01
urbania|departamentos|alquiler|Lima Norte|Independencia|"Calle Los Melocotones
El Naranjal Industrial, Independencia"|S/ 1,900|1900||||"160 m² tot.
4 dorm."|160|4|||Opción 1 – 3er Piso. 4 dormitorios (principal con baño privado y tina) 2 baños en total. Cocina, sala, comedor. Área de lavandería + azotea para tender. Excelente luz natural. S/1, 900 mensual (incluye agua, luz y mantenimiento) opción 2 – 4to Piso (Nuevo) 4 dormitorios. 1 baño completo. Acabados modernos y detalles decorativos de calidad. Cocina, sala, comedor. Área de lavandería + azotea para tender. Departamento nuevo, buena ventilación. S/2, 300 mensual (incluye agua, luz y mantenimiento) Condiciones: Máximo 4 personas. Profesionales con ingresos comprobables. No se aceptan mascotas. Contrato mínimo: 1 año. 2 meses de garantía. Departamentos disponibles para mudanza inmediata. ¿Interesado? Completa el formulario de preselección. Los perfiles que cumplan con los requisitos serán invitados a visitar el departamento el domingo por la mañana. ️ Respondemos en un máximo de 24 horas. WhatsApp: Ver datos|https://urbania.pe/inmueble/clasificado/alclappa-alquiler-de-departamento-en-el-naranjal-industrial-independencia-4-dormitorios-147026525?n_src=Listado&n_pills=%C3%81rea+de+lavander%C3%ADa&n_pg=1&n_pos=3|2026-02-01
urbania|departamentos|alquiler|Lima Norte|Independencia|"Los Melocotones
Independencia, Lima"|S/ 900 · USD 257|900|257||1|"77 m² tot.
2 dorm.
1 baño"|77|2|||Se alquila departamento en 2do piso, de 78m² ubicado en Calle Los Melocotones, a una cuadra de Av. Las Almendras, cerca a Hiraoka, plaza Vea y Metro de Izaguirre, estación Izaguirre del Metropolitano, mercado, restaurant, colegios, parroquia, poder judicial, bancos, Cineplanet norte, parques, etc. Área: 78m² Distribución: * Sala comedor. * 2 habitaciones. * Cocina. * 1 baño. * Lavandería en azotea. * Balcón. Cuenta con medidores independientes de agua, luz y gas Calidda. Precio de alquiler S/ 900. Requisitos: Contar con sustenton de ingresos y estar bien en infocorp. Condiciones: 2 meses de garantia mas 1 mes de adelanto. Contrato mínimo un año. 9. 9. 3. 9. 4. 9. 4. 3. 1|https://urbania.pe/inmueble/clasificado/alclapin-alquiler-de-departamento-en-independencia-lima-2-dormitorios-141974657?n_src=Listado&n_pills=Cerca+a+colegios&n_pg=1&n_pos=4|2026-02-01
urbania|departamentos|alquiler|Lima Norte|Los Olivos|"JR HUSCAR
Covida, Los Olivos"|"S/ 3,000
6%"|3000||6%|60|"180 m² tot.
4 dorm.
4 baños"|180|4|4||Amplio y exclusivo departamento dúplex de 180 m², ubicado en quinto piso, con ascensor directo a la sala, en una de las zonas más consolidadas y residenciales de Los Olivos. Ideal para familias que buscan espacio, comodidad y ubicación privilegiada. Ubicación estratégica. - Frente a parque. - A pocas cuadras de la Municipalidad de Los Olivos. - Cerca de colegios particulares, bancos y servicios. - A cuadras del Mercado Covida y Plaza Covida. - A 1 cuadra de Av. Antúnez de Mayolo y Av. Carlos Izaguirre. - Fácil acceso a transporte y vías principales. Distribución funcional. Primer nivel: - Sala comedor amplia e iluminada. - Cocina amoblada con: o Muebles altos y bajos. o Mesa de granito. o Horno y campana extractora. - Baño completo de visitas. - Dormitorio principal con: o Baño completo. o Closet. o Ducha española. - Segundo dormitorio con closet. - Tercer dormitorio con closet. Segundo nivel: - Cuarto dormitorio muy amplio, con closet y baño completo. - Terraza ideal para reuniones o zona de descanso. - Lavandería. - Medio baño. Características adicionales. - Ascensor directo a la sala. - Intercomunicador con video cámara. - Puerta eléctrica. - Excelente iluminación y ventilación natural. Área total: 180 m² Piso: 5. Agenda tu visita y conoce este dúplex frente a parque en Los Olivos. Una propiedad amplia, bien ubicada y lista para mudarte.|https://urbania.pe/inmueble/clasificado/alclapin-alquiler-de-departamento-en-covida-los-olivos-4-dormitorios-148560551?n_src=Listado&n_pills=Cerca+a+colegios&n_pg=1&n_pos=1|2026-02-01
urbania|departamentos|alquiler|Lima Norte|Los Olivos|"Calle 6 de Enero
Los Olivos, Lima"|S/ 1,100|1100||||"80 m² tot.
2 dorm.
1 baño"|80|2|||Departamento en alquiler en un 1er piso. Ubicado En La Calle 06 de Enero, Altura de la Av. Angélica Gamarra y. la Av. Universitaria En Los Olivos, Cerca del Palacio de la Juventud, Parques, Colegios., comercios y transporte público. Características: - Área: 80 M2. - Sala-Comedor. - Cocina Cerrada. - 2 Dormitorios Amplios. - 1 Baño Completo. - 1 Patio Con Lavandería. - Piso: 1. - Precio De Alquiler: S. / 1, 100. - Servicio de Luz y Agua independiente y próximo a tener gas natural. - No mascotas. condiciones: - 1 Mes De Adelanto + 2 Meses De Garantía. - Contrato Mínimo 1 Año. - Mostrar Boletas De Ingreso. - Estar Bien En Infocorp. *Si Deseas Mayor Información Y Reservar Una Visita Contáctanos*|https://urbania.pe/inmueble/clasificado/alclapin-alquiler-de-departamento-en-los-olivos-lima-2-dormitorios-148593324?n_src=Listado&n_pills=%C3%81rea+de+lavander%C3%ADa&n_pg=1&n_pos=2|2026-02-01
urbania|departamentos|alquiler|Lima Norte|Los Olivos|"Av. Universitaria 4518, Los Olivos
Los Olivos, Lima"|S/ 1,800 · USD 530|1800|530||200|"70 m² tot.
3 dorm.
2 baños"|70|3|2||Alquilo moderno departamento en condominio, con ascensor, cochera y vista a la calle. Ingreso, cocina y lavandería, sala comedor con vista a la calle. 3 dormitorios, el principal con baño incorporado y vista a la calle. Uno de los dormitorios secundarios mira a la calle y comparte baño completo con el otro dormitorio secundario que tiene vista interna. Condominio con áreas de recreación. solicita el video de la propiedad. @housebrokerperu. Contáctanos|https://urbania.pe/inmueble/clasificado/alclapin-alquiler-de-departamento-en-los-olivos-lima-3-dormitorios-148049759?n_src=Listado&n_pills=%C3%81rea+de+lavander%C3%ADa&n_pg=1&n_pos=3|2026-02-01
urbania|departamentos|alquiler|Lima Norte|Los Olivos|"Calle Rubí
Los Olivos, Lima"|S/ 2,200|2200||||"134 m² tot.
4 dorm.
3 baños"|134|4|3||Alquilo acogedor departamento a dos cuadras de av. Izaguirre. Excelente ubicación: cerca de avenidas principales, colegios, parques, restaurantes, mercado Covida, etc. Edificio de tres pisos y solo un departamento por piso. El departamento se encuentra en 2do piso y cuenta con 134mt2 bien distribuidos en: amplia sala comedor con vista a la calle, cocina con reposteros altos y bajos, 3 dormitorios amplios que comparten dos baños completos, family room o estudio (o 5to dormitorio) y un cuarto independiente con baño completo separado al ingreso del departamento. En el último piso cuenta con área de tendal y contará con instalación de gas natural. El departamento cuenta con luz y agua independiente. No se paga mantenimiento. 134mt2. S/2, 200 soles (1 de garantía y 1 de adelanto). Contacto: Carlos Flores Ver datos|https://urbania.pe/inmueble/clasificado/alclapin-alquiler-de-departamento-en-los-olivos-lima-4-dormitorios-148695928?n_src=Listado&n_pills=%C3%81rea+de+lavander%C3%ADa&n_pg=1&n_pos=4|2026-02-01
urbania|departamentos|alquiler|Lima Norte|Los Olivos|"Azucenas 3930 los olivos
Covida Etapa Ii, Los Olivos"|S/ 1,150 · USD 313|1150|313|||"75 m² tot.
1 dorm.
1 baño"|75|1|||Para persona sola, O para oficina administrativa A puerta cerrada. Alquiler exclusivo para personas peruanas, con ingresos demostrables, justificables. Alquiler de lindo dpto que puede ser vivienda O puede usarse como oficina administrativa O consultorio, ubicado en la mejor zona de los olivos, altura cuadra 9 de av. Carlos izaguirre, A pocos metros de la municipalidad de los olivos Y de la av. Las palmeras, ubicado en el 2do piso sin ascensor, escaleras reposadas, edificio seguro en la mejor zona de los olivos, en un edificio de 4 pisos, zona residencial, rodeada de parques, Y acceso A vías rápidas, clínica, super mercados, bancos, colegios, universidades Y demás centros comerciales! Ideal para personas que buscan tranquilidad Y vivir en una zona residencial Y tranquila. Descripción de departamento: amplio Y elegante dpto, muy luminoso Y ventilado. -sala comedor amplia E iluminada con piso de cerámico para rápida limpieza. -cocina amplia Y luminosa, con muebles altos Y bajos, con muebles altos Y bajos, con finos acabados. -medio baño de visita. -1 baño completo con rapiducha tipo teléfono, dentro de la habitación principal. -1 habitación pequeña, no entran camas grandes, cuenta con clóset ( de piso A techo), Y con piso cerámico. Costo del alquiler S/. 1, 150. 00 (precio final no negociable, ya incluye servicios, menos internet, ni cable.) incluye servicios de agua, luz Y arbitrios del inmueble. Contrato mínimo 1 año. Modalidad: 2x1 ( 1 mes de adelanto + 2 meses de garantia) - solo para personas con dni. -se podría permitir una (01) sola mascota pequeña. Ingresos demostrables, Y justificables, estar bien en la central de riesgo infocorp. ¿esta linda verdad? ¡agendemos visita de manera anticipada, al 9. 2. 2. 5. 0. 2. 6. 4. 3 sue! :) ¡vive en confort Y armonía!|https://urbania.pe/inmueble/clasificado/alclapin-alquiler-de-departamento-en-covida-etapa-ii-los-olivos-1-dormitorio-143366851?n_src=Listado&n_pills=%C3%81rea+de+lavander%C3%ADa&n_pg=1&n_pos=5|2026-02-01
urbania|departamentos|alquiler|Lima Norte|Los Olivos|"Mz. F Lote 10 Urb. Angélica Gamarra
Los Olivos, Lima"|"S/ 1,500
16%"|1500||16%||"120 m² tot.
3 dorm.
1 baño"|120|3|||Contacto: bertha pachas // cel: 945*092*466. Descubre tu próximo hogar frente a un parque. Características destacadas: - 3 cómodas habitaciones para tu descanso, 2 de ellas con closets. - 1 baño completo, -- Sala – comedor, - Cocina con reposteros altos y bajos. - Áreas verdes alrededor para disfrutar de la naturaleza. Área Construida: 120 m2. Antigüedad: 15 Años. Alrededor de todo lo que necesitas: La ubicación es perfecta para disfrutar de la cercanía a centros comerciales, restaurantes y parques. No te pierdas la oportunidad de vivir en este encantador departamento. ¡El lugar perfecto para crear tu nuevo hogar! *No esperes más, programa una visita *|https://urbania.pe/inmueble/clasificado/alclapin-alquiler-de-departamento-en-los-olivos-lima-3-dormitorios-147375706?n_src=Listado&n_pg=1&n_pos=6|2026-02-01
urbania|departamentos|alquiler|Lima Norte|Los Olivos|"mayolo 1406 los olivos
Los Olivos, Lima"|S/ 1,100|1100||||"56 m² tot.
2 dorm.
1 baño"|56|2|||9️⃣8️⃣5️⃣9️⃣8️⃣5️⃣2️⃣0️⃣6️⃣ Ubicación: Av. Antúnez de Mayolo N°1406, Los Olivos. Se encuentra en un 3er. Piso, ubicado al lado del bbva, Mercado Covida, Multilab, Plaza Vea, con rápido y fácil acceso al principales avenidas, Av. Panamericana Norte, Av. Atunez de Mayolo y Av. C. Izaguirre, cerca de colegios públicos, privados y universidades (Universidad Católica Sede Sapiens, senati, usil), Municipalidad Los Olivos, a pocos minutos del centro comercial Mega Plaza y Plaza Norte. Características Generales. Área Total: 56. 00m² Área Construcción: 56. 00m² Piso: 3. - Sala comedor amplia con ventilación natural y vista interna. - Cocina kitchenette con reposteros altos y bajos y campana. - 2 Habitaciones amplias con espacio para camas King y Queen. - Baño completo con ducha (terma eléctrica incluida). - Estudio/almacén. - Tendal y lavandería en azotea. Condiciones: - 1 de garantía 1 de adelanto. - No mascotas. ️️Agenda tu visita ¡ahora!|https://urbania.pe/inmueble/clasificado/alclapin-alquiler-de-departamento-en-los-olivos-lima-2-dormitorios-147595459?n_src=Listado&n_pills=%C3%81rea+de+lavander%C3%ADa&n_pg=1&n_pos=7|2026-02-01
urbania|departamentos|alquiler|Lima Norte|Los Olivos|"LOS CACTUS 435 LOS OLIVOS
Los Olivos, Lima"|S/ 1,500|1500||||"80 m² tot.
3 dorm.
1 baño"|80|3|||Buscas un departamento Y que estes en una urbanización cerrada Y que no pagues mantenimiento, Y con la seguridad 24/7, este departamento es para ti. A 5 minutos de Megaplaza, cerca a Colegios emblemáticos Perú Japón y Jorge Basadre, cerca Av. Alisos, Av. Palmeras y la Av. Panamericana Norte, con acceso al metropolitano cerca a la estación del Naranjal. Presenta la siguiente distribución: amplia sala comedor, cocina cerrada con muebles altos y bajo, con espacio para cocina de 4 hornillas, área de lavandería y tendal, 3 dormitorios, 1 baño completo. Y medio baño. *El departamento cuenta con conexión a gas Cálida. *Agua, luz independiente (contometro servicio de agua) y (medidor de luz) *Si necesitas estacionamiento, adicional a 180 soles. Área 80 m2. agenda ya tu visita! Requisitos: - dnis. - sustento de ingresos: Boletas de pago, pdts. - no estar reportado negativamente en centrales de riesgo. Condiciones: Contrato Notarial por un año. 1 mes de garantia. 1 mes de adelanto. Agenda tu visita, contactame ya!|https://urbania.pe/inmueble/clasificado/alclapin-alquiler-de-departamento-en-los-olivos-lima-3-dormitorios-148451996?n_src=Listado&n_pills=Guardian%C3%ADa%2FSeguridad+privada&n_pg=1&n_pos=8|2026-02-01
urbania|departamentos|alquiler|Lima Norte|Los Olivos|"Calle Bulgaria con Calle Polonia
San Elias, Los Olivos"|S/ 1,250 · USD 375|1250|375||50|"74 m² tot.
2 dorm.
2 baños"|74|2|2||Departamento en alquiler en san elias, A unos pasos del mercado villasol, los olivos. Contáctanos para más información o coordinar una visita personalizada con tu agente de confianza, Zhander Morales al 9. 4. 3. 7. 4. 8. 3. 3. 1 o al 9. 7. 4. 3. 9. 7. 5. 0. 8. Moderno y acogedor departamento ubicado en la Calle Bulgaria, Los Olivos, a pocos pasos del Mercado de Villa Sol. Rodeado de Universidades, Colegios, Restaurantes, Gimnasios, Panaderías, Centros Comerciales y cerca de entidades del Estado como sunat, reniec y sunarp. Además, cuenta con excelente conectividad a las avenidas Santa Elvira, Central y la Panamericana Norte, lo que garantiza fácil acceso a cualquier punto de la ciudad. La distribución del departamento 74 m2, de es el siguiente: Sala, comedor y cocina integradas en un moderno concepto abierto. 2 dormitorios amplios con buena iluminación natural. 2 baños completos, cómodos y funcionales. Servicios básicos incluidos: agua, luz y gas Cálidda. Mantenimiento: S/ 140 mensuales, que incluye limpieza y mantenimiento de áreas comunes. Entorno tranquilo, seguro y con excelente ventilación. Este departamento ofrece comodidad, ubicación estratégica, cerca a parque, y todos los servicios esenciales, ideal para familias, parejas o profesionales que buscan vivir cerca de todo. Vive con comodidad y disfruta de la mejor ubicación en Los Olivos.|https://urbania.pe/inmueble/clasificado/alclapin-alquiler-de-departamento-en-san-elias-los-olivos-2-dormitorios-147956457?n_src=Listado&n_pills=Gimnasio&n_pg=1&n_pos=9|2026-02-01
urbania|departamentos|alquiler|Lima Norte|Los Olivos|"Los Cafetales 4020
Los Olivos, Lima"|"S/ 1,300
13%"|1300||13%||"75 m² tot.
2 dorm.
1 baño"|75|2|||Departamento de 75 m² en segundo piso, con 10 metros de vista directa a la calle (sala de 6. 5 m y dormitorio principal de 3. 5 m), ideal para quienes disfrutan de buena iluminación, ventilación y seguridad. Cuenta con acogedora sala-comedor, dos dormitorios, cocina amoblada, baño completo y área de lavandería con tendal y ventilación. Ubicado a solo cuatro cuadras detrás de la Iglesia Santa María de la Providencia de la Urbanización Las Palmeras. Los servicios de agua, luz y gas natural cuentan con recibos independientes de Sedapal, Edelnor y Calidda. La calle es cerrada y segura, resguardada por dos rejas en ambos extremos. Alquiler: S/ 1, 300 mensuales, modalidad 1x1. No se paga servicio de mantenimiento del edificio. Más información al celular Ver datos o por WhatsApp en el enlace: Ver datos. Sra. Edica Rojas|https://urbania.pe/inmueble/clasificado/alclappa-alquiler-de-departamento-en-los-olivos-lima-2-dormitorios-91321995?n_src=Listado&n_pills=%C3%81rea+de+lavander%C3%ADa&n_pg=1&n_pos=10|2026-02-01
urbania|departamentos|alquiler|Lima Norte|Los Olivos|"Mitobamba
Los Olivos, Lima"|S/ 1,100 · USD 308|1100|308|||"75 m² tot.
3 dorm.
1 baño"|75|3|||¡Vive con comodidad y seguridad en Los Olivos! Se alquila amplio y bien iluminado departamento de 75 m², ubicado en el 4to piso, en zona residencial segura con vigilancia, rejas de ingreso y ambiente tranquilo. A solo 1 cuadra de la Av. Huandoy, cerca de colegios, mercados, paraderos y más. Características: 3 habitaciones espaciosas y ventiladas1 baño completoSala y comedor amplios, con excelente iluminación natural y vista a la calleCocina independienteÁrea de lavandería funcional, ubicada junto a la cocinaEdificio seguro, con acceso controlado Ideal para familias que buscan un hogar cómodo, bien ubicado y en una zona segura. Se acepta mascota raza pequeña ¡Agenda tu visita ahora y conoce tu próximo hogar! R. U. C Ver datos|https://urbania.pe/inmueble/clasificado/alclapin-alquiler-de-departamento-en-los-olivos-lima-3-dormitorios-147804150?n_src=Listado&n_pills=%C3%81rea+de+lavander%C3%ADa&n_pg=1&n_pos=11|2026-02-01
urbania|departamentos|alquiler|Lima Norte|Los Olivos|"Jr. Aries & Jr. Libra
Los Olivos, Lima"|S/ 900 · USD 257|900|257|||"55 m² tot.
2 dorm.
1 baño"|55|2|||3er piso, zona tranquila, cerca a Plaza Vea de Antúnez de Mayolo (cdra. 4 de Aries y Revolucionarios). Ideal para familia o pareja con un niño. Características: Sala comedor con cocina kitchen2 dormitorios1 baño con thermaAmbientes ventilados e iluminadosSe acepta mascota pequeñAlquiler: S/ 900Condición: 1 mes de garantía + 1 mes de adelantoRequisito: Estar bien en sbs y contar con sustento de ingresos comprobable. Cerca a los parques Mariátegui y Los Tulipanes. T. C. 3. 50Tipo de cambio referencial, sujeto a variación diaria por fluctuación del mercado|https://urbania.pe/inmueble/clasificado/alclapin-alquiler-de-departamento-en-los-olivos-lima-2-dormitorios-148464898?n_src=Listado&n_pg=1&n_pos=12|2026-02-01
urbania|departamentos|alquiler|Lima Norte|Los Olivos|"Av. Rio Marañon Mz. D - Lote 52 Residencial, Los Olivos 15306, Perú
Los Olivos, Lima"|S/ 1,300 · USD 386|1300|386|||"90 m² tot.
3 dorm.
1 baño"|90|3|||Alquiler Departamento 90 M² – Los Olivos (2Do Piso) Vive en una zona segura y tranquila, rodeada de comercios y con excelente conectividad. Este departamento flat sin amoblar es ideal para familias que buscan comodidad y buena ubicación. Área: 90 m² Av. Marañón (a 1 cuadra de Av. Canta Callao y Av. Huandoy) Distribución: 3 habitaciones1 baño completoSala – comedor iluminadoCocina con reposteros altos y bajosVista internaEntrada independiente Servicios y Condiciones: Luz: medidor independienteGas natural: medidor independienteAgua: prorrateadoSin mantenimientoContrato mínimo: 1 año1 mes de garantía + 1 mes de adelanto (1x1) Beneficios: Excelente iluminación y ventilaciónUbicación estratégica en zona comercialA solo 1 cuadra de vías principales Agendamos visitas todos los días ¡No dejes pasar esta oportunidad, tu nuevo hogar en Los Olivos te espera! Mas Informacion: Paul Castro: 9. 3. 6. 6. 8. 8. 7. 6. 7R. U. C Ver datos|https://urbania.pe/inmueble/clasificado/alclapin-alquiler-de-departamento-en-los-olivos-lima-3-dormitorios-148690582?n_src=Listado&n_pg=1&n_pos=13|2026-02-01
urbania|departamentos|alquiler|Lima Norte|Los Olivos|"Av Carlos Izaguirre 1385 Los Olivos
Los Olivos, Lima"|S/ 1,800 · USD 534|1800|534|||"140 m² tot.
4 dorm.
2 baños"|140|4|2||Alquilo Departamento 140m2 en el Distrito de los OlivosAlquiler de Departamento 3er Piso4 habitaciones2 bañosSala ComedorCocina con muebles altos y bajosLavanderíaServicios: Luz IndependienteAgua según consumoGas Calidda IndependientePrecio S/1, 8001 mes de Garantía1 mes de AdelantoAgenda tú visita YaR. U. C Ver datos|https://urbania.pe/inmueble/clasificado/alclapin-alquiler-de-departamento-en-los-olivos-lima-4-dormitorios-148587508?n_src=Listado&n_pills=%C3%81rea+de+lavander%C3%ADa&n_pg=1&n_pos=14|2026-02-01
urbania|departamentos|alquiler|Lima Norte|Los Olivos|"Calle Cajay URB LOS Naranjos LOS Olivos
Los Olivos, Lima"|S/ 1,900|1900|||50|"115 m² tot.
3 dorm."|115|3|||Flat de 115 m² ubicado en la urbanización Los Naranjos, en el distrito de Los Olivos. El inmueble cuenta con tres dormitorios, dos de ellos con baño completo incorporado, y un tercer baño completo que sirve para la habitación restante y visitas. Dispone además de una sala de estar que puede adaptarse como una habitación adicional, con espacio suficiente para una cama de plaza y media. El dormitorio principal permite una cama queen o king, mientras que los secundarios pueden albergar camas queen o de dos plazas. El departamento cuenta con un pequeño balcón, conexión de gas natural, therma a gas y puntos de conexión en baños y cocina. No cuenta con estacionamiento propio, pero existe la posibilidad de alquilar espacios en los alrededores. El mantenimiento tiene un costo de S/50 cada tres meses para el mantenimiento de las bombas de agua, y el pago de arbitrios es de aproximadamente S/180 anuales. Los servicios de agua, luz y gas se pagan de manera independiente. Excelente ubicación, a solo 5 minutos de MegaPlaza y 10 minutos del aeropuerto por la Av. Canta Callao. Se encuentra cerca de comercios y con fácil acceso a vías principales, lo que lo convierte en una opción práctica y bien situada.|https://urbania.pe/inmueble/clasificado/alclapin-alquiler-de-departamento-en-los-olivos-lima-3-dormitorios-148180423?n_src=Listado&n_pills=%C3%81rea+de+lavander%C3%ADa&n_pg=1&n_pos=15|2026-02-01
urbania|departamentos|alquiler|Lima Norte|Los Olivos|"Jirón Fitzcarrald
Los Olivos, Lima"|S/ 1,100|1100|||300|"70 m² tot.
2 dorm.
1 baño"|70|2|||Se alquila bonito departamento en Jr. Fitzcarral – Urb. Covida ii etapa, en tercer piso. Muy cerca a Av. Antúnez de Mayolo, donde encontrarás colegios, entidades. bancarias, iglesias, mercados, súper mercado plaza vea, restaurantes y comercio en general. El departamento cuenta con las siguientes características: Área: 70m2. Sala comedor Kitchenette. 2 dormitorios. 1 sala de estudio. 1 baño completo. Condiciones: 1 mes adelantado y 1 de garantía. Precio de alquiler: S/ 1100 (Un Mil Cien con 00/100 soles) Servicios de luz, agua y limpieza de áreas comunes: S/ 300 (Trescientos con 00/100 soles). Ideal para profesionales o parejas recién casados que buscan comodidad y acceso a todos los servicios en los Olivos.|https://urbania.pe/inmueble/clasificado/alclapin-alquiler-de-departamento-en-los-olivos-lima-2-dormitorios-148665593?n_src=Listado&n_pills=Cerca+a+colegios&n_pg=1&n_pos=16|2026-02-01
urbania|departamentos|alquiler|Lima Norte|Los Olivos|"Aquia
Los Olivos, Lima"|S/ 1,400 · USD 416|1400|416|||"89 m² tot.
3 dorm.
2 baños"|89|3|2||Departamento 89 m² • 3 dorm • 1. 5 baños • precio incluye agua • Frente al Mercado de ProductoresVive cómodo y ahorra en el corazón de Los Olivos, en este amplio departamento de 89 m² en 2° piso. Ideal para familias que buscan espacio, luz natural y la comodidad de tener todo cerca. Cuenta con 3 dormitorios (sin closet, fácil opción para instalar roperos a su gusto), sala-comedor muy iluminada, cocina cerrada con muebles altos y bajos de madera, 1 baño completo + medio baño, y zona de lavandería. La ubicación es su mayor ventaja: frente al Mercado de Productores, en una zona altamente comercial donde el acceso a productos al por mayor y precios económicos hace que la vida diaria salga más barata. A solo 3 cuadras de Av. Universitaria, Los Alisos y Av. Naranjal, con colegios, parques, restaurantes y comercio zonal a pocos metros — ideal para familias que valoran movilidad, conveniencia y ahorro. características principales: - Área: 89 m²- Piso: 2°- Dormitorios: 3 (sin closets) - Baños: 1 completo + 1/2- Cocina: Cerrada con muebles altos y bajos de madera- Sala-comedor: Muy iluminada- Lavandería independienteubicación- Frente al Mercado de Productores, Los Olivos- A 3 cuadras de Av. Universitaria, Los Alisos y Av. Naranjal- Cercano a colegios, parques, restaurantes y comercio mayorista (ahorro diario). escríbeme para agendar una visita! R. U. C Ver datos|https://urbania.pe/inmueble/clasificado/alclapin-alquiler-de-departamento-en-los-olivos-lima-3-dormitorios-148074730?n_src=Listado&n_pills=%C3%81rea+de+lavander%C3%ADa&n_pg=1&n_pos=17|2026-02-01
urbania|departamentos|alquiler|Lima Norte|Los Olivos|"Jr. Bulgaria 133
Los Olivos, Lima"|S/ 2,000 · USD 571|2000|571|||"115 m² tot.
3 dorm.
2 baños"|115|3|2||2do piso en alquiler, departamento de 3 habitaciones, 2 baños, amplia salacomedor, cocina kitchenette abierta en porcelanato negro con gavetas altas Y bajas, 3 puntos de gas calidda para la cocina, terma, lavanderia,. excelente iluminacion led, marcos de las ventanas en aluminio, puertas Y manijas de calidad, ecelentes acabados, pisos de ceramicos en todos los ambientes. muy cerca A centros comerciales, mercados, centros de abasto, paraderos del metropolitano, avenidas, hospitales, etc. separe su cita. T. C. 3. 50Tipo de cambio referencial, sujeto a variación diaria por fluctuación del mercado|https://urbania.pe/inmueble/clasificado/alclapin-alquiler-de-departamento-en-los-olivos-lima-3-dormitorios-148734628?n_src=Listado&n_pills=%C3%81rea+de+lavander%C3%ADa&n_pg=1&n_pos=18|2026-02-01
urbania|departamentos|alquiler|Lima Norte|Los Olivos|"Ciro Alegria
Los Olivos, Lima"|S/ 800 · USD 239|800|239|||"70 m² tot.
2 dorm.
2 baños"|70|2|2||Alquilo departamento – 2do piso Pro Lima, Los Olivos 2 habitaciones 2 baños Lavandería Kitchenette americano Sala – comedor Ubicación privilegiada: A unas cuadras del Mercado Acobamba, zona Pro Lima. Precio: S/ 800 Condiciones: 1 garantía + 1 mensualidad Estar en verde en Infocorp Demostrar ingresos Ideal para familia o pareja¡Agenda tu visita y no dejes pasar esta oportunidad! R. U. C Ver datos|https://urbania.pe/inmueble/clasificado/alclapin-alquiler-de-departamento-en-los-olivos-lima-2-dormitorios-148813251?n_src=Listado&n_pills=%C3%81rea+de+lavander%C3%ADa&n_pg=1&n_pos=19|2026-02-01
urbania|departamentos|alquiler|Lima Norte|Los Olivos|"Edificio E Condominio Parque El Naranjal
Los Olivos, Lima"|S/ 1,200 · USD 357|1200|357|||"61 m² tot.
2 dorm.
2 baños"|61|2|2||"Alquiler departamento – condominio parque naranjal | los olivos Vive seguro, bien ubicado y con excelente vista Máximo 2 personas (ideal persona sola o pareja) Departamento flat sin amoblar, ubicado en piso 8, dentro de un condominio ordenado, seguro y familiar. Excelente distribución, iluminación natural y áreas comunes para tu día a día. Calle Huasta – a 1 cuadra de Av. Naranjal, Av. Universitaria y Av. Alisos Características (61. 49 m² | Piso 8) 2 habitaciones 2 baños completos Sala comedor con balcón Cocina con reposteros bajos Vista interna Muy buena iluminación y ventilación Condominio Parque Naranjal Seguridad permanente Áreas comunes Entorno tranquilo y bien mantenido Servicios Luz independiente Agua independiente Gas natural Mantenimiento: S/ 150 Condiciones Contrato mínimo 1 año 2 meses garantía + 1 adelanto No niños No mascotas Máximo 2 personas Beneficios clave Ubicación estratégica Piso alto = más tranquilidad Condominio seguro y organizado Agendamos visitas todos los díasNo dejes pasar esta oportunidad. Más información: Paul Castro – 9. 3. 6. 6. 8. 8. 7. 6. 7R. U. C Ver datos"|https://urbania.pe/inmueble/clasificado/alclapin-alquiler-de-departamento-en-los-olivos-lima-2-dormitorios-148678670?n_src=Listado&n_pg=1&n_pos=20|2026-02-01
urbania|departamentos|alquiler|Lima Norte|Los Olivos|"Calle Polar - Los Olivos
Los Olivos, Lima"|S/ 1,000|1000||||"50 m² tot.
1 dorm.
1 baño"|50|1|||Renso grandez** 9*0*0 ** 7*6*9 ** 4*6*0 **alquiler de departamentos de estreno – los olivosurb. San Roque – Calle PolarVive en un departamento moderno de estreno, en una zona tranquila, segura y con excelente conectividad en Los Olivos. Ideal para parejas, familias pequeñas o estudiantes. Departamentos disponibles en 3er y 4to pisopiso 3-2 departamentos de 1 dormitorioS/ 1, 000 mensuales cada uno-1 departamento de 2 dormitoriosS/ 1, 200 mensualespiso 42 departamentos de 1 dormitorioS/ 950 mensuales cada uno1 departamento de 2 dormitoriosS/ 1, 100 mensualesCondiciones*Mantenimiento: S/ 50*Servicios: no incluidos*1 mes de garantía + 1 mes de adelanto* Sustento de ingresos (3 últimas boletas) * Historial crediticio limpioNo se aceptan mascotasIdeal para parejas con 1 hijoOpción para estudiantes (máx. 2 personas) Características generales* Departamentos bien iluminados (vista interior o exterior) * Sala – comedor acogedora* Cocina funcional con muebles altos y bajos (mesada incluida) * Baño completo con acabados modernos* Conexión a gas natural Calidda* Puerta principal reforzada de metal* Área de lavandería independiente en azotea* Sistema de videovigilancia en áreas comunesUbicación estratégicaA solo 10 minutos de: * utp, upn, Universidad César Vallejo* Innova School* Piscina Municipal temperadaCerca de: * Mallplaza Comas* Real Plaza Pro* Tottus Canta CallaoAccesos rápidos a: * Av. Canta Callao* Av. Central* Av. Huandoy* Panamericana NorteAgenda tu visitaNo dejes pasar esta oportunidad de vivir en un departamento moderno y bien ubicado. renso grandez** 9*0*0 ** 7*6*9 ** 4*6*0 **|https://urbania.pe/inmueble/clasificado/alclapin-alquiler-de-departamento-en-los-olivos-lima-1-dormitorio-148528313?n_src=Listado&n_pills=Seguridad&n_pg=1&n_pos=21|2026-02-01
urbania|departamentos|alquiler|Lima Norte|Los Olivos|"JR. LOS Helenios 3843
Los Olivos, Lima"|S/ 1,700 · USD 507|1700|507|||"58 m² tot.
2 dorm.
1 baño"|58|2|||Alquiler de hermoso departamento frente de la municipaliad de los olivosubicado en Urb. Las palmeras, A cuadras de Mega Plaza, frente de la Municipalidad de Los Olivos Y A 5 minutos de plaza nortedescripción: -ac: 58 m2-Zonificación: rdmdistribución-Sala amplia, comedor2 dormitorios. - Cocina, amplia-1 baños, área de lavanderíaCaracterísticas generales- Colegios cercanos- Universidades- Centros comerciales como Mega Plaza y Plaza Norte. - Supermercados Metro, Plaza vea. - Centros de estudio, notaria, bancos, clínicas, restaurantes. - Documentos en regla. no esperes mas agenda una visita. R. U. C Ver datos|https://urbania.pe/inmueble/clasificado/alclapin-alquiler-de-departamento-en-los-olivos-lima-2-dormitorios-148826850?n_src=Listado&n_pills=%C3%81rea+de+lavander%C3%ADa&n_pg=1&n_pos=22|2026-02-01
urbania|departamentos|alquiler|Lima Norte|Los Olivos|"Rio Huaura 5287, Los Olivos
Los Olivos, Lima"|S/ 1,100 · USD 314|1100|314|||"88 m² tot.
1 dorm.
1 baño"|88|1|||Local comercial en alquiler — Los Olivos -Dirección: Río Huaura 5287, Los Olivos, Lima--Área de terreno: 88. 00 m²-Área construida: 87. 00 m²-Pisos: 1-Baños: 1-Habitaciones: 1 (ideal como depósito/oficina privada) -Antigüedad: 15 años-Estacionamientos: no disponible Descripción breve: Espacio en planta baja con distribución funcional: ambiente principal para atención al público y una habitación privada que puede usarse como oficina o depósito. La superficie prácticamente útil y rectangular facilita la adaptación para diversos giros: tienda retail, minimarket, consultorio, salón de servicios, oficinas administrativas o centro de delivery. Por qué conviene: - Ubicación en distrito comercial de Los Olivos, con alto flujo peatonal y vehicular. - Superficie práctica y de fácil adecuación según tu rubro. - Opción competitiva para iniciar o expandir operaciones sin grandes obras. Disponible para visitas y evaluación de condiciones de alquiler. Solicita más información y coordina tu visita. T. C. 3. 50Tipo de cambio referencial, sujeto a variación diaria por fluctuación del mercado|https://urbania.pe/inmueble/clasificado/alclapin-alquiler-de-departamento-en-los-olivos-lima-1-dormitorio-147099099?n_src=Listado&n_pg=1&n_pos=23|2026-02-01
urbania|departamentos|alquiler|Lima Norte|Los Olivos|"calle vitalino becerra
Villa Sol, Los Olivos"|"S/ 1,400
12%"|1400||12%||"92 m² tot.
3 dorm.
2 baños"|92|3|2||"Ubicado en el 4 to. Piso, con Acceso por Escaleras Amplias y Cómodas. Vive con Tranquilidad y Estilo en la Mejor Zona de Los Olivos - Villa Sol Estrenando un Departamento Amplio de 92 M2, Moderno y muy bien Ubicado, Ideal para Familias, Profesionales o Estudiantes que buscan calidad de vida. Este Departamento de Estreno con Vista Externa y Excelente Iluminación Natural, ofrece una Distribución Funcional y Ambientes Pensados para el Confort Diario. Cuenta con Sala y Comedor Amplios, Perfectos para compartir en Familia o recibir visitas; una Cocina Abierta, Moderna Equipada con Reposteros Altos y Bajos, Campana Extractora y Gas Cálidda, que crea un Ambiente Acogedor y Práctico. Dispone de 3 Dormitorios Cómodos, 2 Baños Completos con Terma Eléctrica, una Sala de Estudio Ideal para Home Office o Área de Lectura, y Lavandería Independiente, brindando orden y privacidad en cada espacio. El Departamento cuenta con Medidores Digitales Independientes de Luz y Agua, además Servicio de Internet ( Wifi) y Cable hd con Canales Nacionales, permitiéndote mudarte con todas las comodidades desde el primer día. Para tu tranquilidad y la de tu familia, el inmueble incluye portero automático, vigilancia permanente en toda la urbanización y rejas de seguridad. La ubicación es uno de sus mayores atractivos: A pasos de un Hermoso Parque y de la Prestigiosa Academia Saco Oliveros, Colegios Particulares y Estatales cercanos, y a pocos minutos de las Universidades upn y César Vallejo. Cerca de Mercados, Restaurantes, Boticas, Tiendas, Librerías, Etc. A solo 15 minutos del Centro Comercial Megaplaza. ""Un departamento que reúne ubicación, seguridad, amplitud y modernidad, listo para convertirse en tu nuevo hogar"" distribucion: -Sala y Comedor Amplios con Excelente Iluminacion Natural. -Moderna Cocina Abierta con Reposteros Altos y Bajos + Campana Extractora y Gas Cálidda. -3 Dormitorios Comodos y Ventilados. -2 Baños Completos con Terma Electrica. -1 Sala de Estudio. -1 Lavanderia Independiente. requisitos: -Modalidad 2x1 ( 2 Meses de Garantia + 1 Mes Adelantado) -Sustento de Ingresos ( Boletas, Recibos por Honorarios o Constancia de Trabajo) -Buen Historial Crediticio en Infocorp ( Indispensable) -Contrato Mínimo ( 1 Año) -No estar Reportado en Procesos Judiciales. Agenda tu visita y asegura hoy mismo este Excelente Departamento en Villa Sol!!"|https://urbania.pe/inmueble/clasificado/alclapin-alquiler-de-departamento-en-villa-sol-los-olivos-3-dormitorios-148565758?n_src=Listado&n_pills=Seguridad&n_pg=1&n_pos=24|2026-02-01
urbania|departamentos|alquiler|Lima Norte|Los Olivos|"jiron Eleodoro Zevallos , urb. Villasol III etapa los olivos
Villa Sol Etapa Iii, Los Olivos"|S/ 1,600 · USD 500|1600|500|||"116 m² tot.
3 dorm.
2 baños"|116|3|2||Departamento de estreno en alquiler – urb. Villasol iii etapa, los olivos* Contacto: . 9. 0. 7. 5. 0. 6. 0. 8. 7. Descubre la comodidad y el estilo de vivir en este moderno departamento de estreno, ubicado en una de las zonas más residenciales y tranquilas de Los Olivos: *Urbanización Villasol – 3ª Etapa*. (Cerca a Centros Comerciales y a los colegios privados como Visionarios, Innova School, etc) Características destacadas: * * Área total: 116 m² * 4to Piso y 5to piso (sin ascensor) * 3 dormitorios, el principal con baño incorporado. * 2 baños completos. * Elegante sala con balcón y vista panorámica. * Comedor independiente y sala de estar. * Cocina moderna con gas natural. * Espacio exclusivo para oficina. * Lavandería privada. * Excelente iluminación y ventilación natural. * Ubicado en el 4to piso de edificio de 5 niveles. *Alquiler mensual: S/ 1, 800 negociable* *Condiciones: 1 mes de adelanto y 2 de garantía (o 2 de adelanto y 1 de garantía) *Mantenimiento: S/ 60 mensuales (incluye limpieza y cámaras de seguridad) *Gas Natural mensual. *Agua pago dividido. *Luz recibo independiente. *Nota importante: El inmueble se encuentra *disponible en alquiler mientras esté en proceso de venta*. En caso de concretarse la venta, se coordinará con anticipación la desocupación. Ideal para quienes buscan un *hogar moderno, luminoso y funcional*, en una ubicación segura y de fácil acceso. *Urbanización Villa sol iii Etapa – Los Olivos. Cerca A la panamericana norte, A unos pasos de la avenida universitaria) Contáctanos para más información o agendar una visita. ** *|https://urbania.pe/inmueble/clasificado/alclapin-alquiler-de-departamento-en-villa-sol-etapa-iii-los-olivos-3-dormitorios-147940959?n_src=Listado&n_pills=%C3%81rea+de+lavander%C3%ADa&n_pg=1&n_pos=25|2026-02-01
urbania|departamentos|alquiler|Lima Norte|Los Olivos|"Calle Los Castaños 1317
Los Olivos, Lima"|S/ 800 · USD 240|800|240||100|"40 m² tot.
1 dorm.
1 baño"|40|1|||Alquiler de Mini Departamento 1 Dormitorio – Los Olivos. Más info o visitas al 9. 0. 4. 1. 6. 0. 9. 8. 7. Dirección: Ca. Los Castaños 1317, 4to piso – Los Olivos. Ubicado en zona residencial, cerca de avenidas principales, mercados y transporte. Características del mini departamento: 1 dormitorio. Sala y comedor bien distribuidos. Cocina con muebles altos y bajos. Baño completo propio con terma. Gas natural instalado. Buena iluminación. Piso 4 (sin ascensor) no mascotas. Precio de alquiler: S/ 800. Mantenimiento: S/100 (incluye consumo de agua) Condiciones: (2x1)|https://urbania.pe/inmueble/clasificado/alclapin-alquiler-de-departamento-en-los-olivos-lima-1-dormitorio-148682634?n_src=Listado&n_pg=1&n_pos=26|2026-02-01
urbania|departamentos|alquiler|Lima Norte|Los Olivos|"Parque Piscobamba
Los Naranjos, Los Olivos"|S/ 1,200 · USD 343|1200|343||40|"80 m² tot.
2 dorm.
1 baño"|80|2|||Contacto amy urrieta *9*3*8*9*2*2*3*3*0* ¡Tu nuevo hogar te espera frente al hermoso Parque Piscobamba! Se alquila amplio departamento de 80 m2 en el 3er piso, con una vista privilegiada al parque, ¡ideal para disfrutar de la naturaleza y la tranquilidad! Ubicado estratégicamente paralelo a la cuadra 15 de la Av. Naranjal, tendrás acceso a todo lo que necesitas: * Ubicación privilegiada: A minutos de los centros comerciales Mega Plaza y Plaza Norte, colegios, mercados, comercios y con fácil acceso a avenidas principales y transporte público. ¡Todo al alcance de tu mano! * Vista espectacular: Disfruta de la belleza del Parque Piscobamba desde la comodidad de tu hogar. ¡Ideal para relajarse y disfrutar del aire libre! * Ambientes luminosos: Amplia sala comedor con vista exterior al parque, perfecta para compartir momentos especiales con familiares y amigos. * Dos habitaciones: * Habitación principal con vista exterior al parque, ¡un despertar lleno de energía! * Habitación secundaria con vista interior, ideal para niños o como espacio de trabajo. * Comodidades: * Un baño completo para mayor comodidad. * Un baño de visitas para tus invitados. * Espaciosa cocina con lavadero, muebles altos y bajos y conexión a gas natural Calidda. * Lavandería en el mismo departamento con lavadero y conexión para lavadora. * Precio de alquiler: S/ 1, 200 soles (precio fijo no negociable) * Servicios adicionales (agua, luz, gas natural y arbitrios). *Mantenimiento S/40 soles mensuales por limpieza de áreas comunes* Condiciones: 1 mes de garantía + 1 mes de adelanto. Requisitos: * El departamento se mostrará previa cita. * El futuro inquilino debe contar con una evaluación financiera aceptable. ¡No pierdas esta oportunidad única de vivir en un lugar privilegiado, con todas las comodidades y una vista increíble! ¡Llama ahora a tu Agente Inmobiliario de confianza para programar una visita y descubrir tu nuevo hogar! **medidas|https://urbania.pe/inmueble/clasificado/alclapin-alquiler-de-departamento-en-los-naranjos-los-olivos-2-dormitorios-147702656?n_src=Listado&n_pills=%C3%81rea+de+lavander%C3%ADa&n_pg=1&n_pos=27|2026-02-01
urbania|departamentos|alquiler|Lima Norte|Los Olivos|"Parque Piscobamba LOS Olivos
Los Naranjos, Los Olivos"|S/ 1,100 · USD 315|1100|315|||"75 m² tot.
2 dorm.
1 baño"|75|2|||Departamento en alquiler 1er piso, acceso directo A la calle - frente A parque**ubicación privilegiada Y excelente conectividad**Vive con la comodidad de una casa y la seguridad de un departamento. Ponemos en alquiler este departamento en un **Primer Piso con Puerta a Calle** características del departamento: Acceso Independiente: Directo a la calle. Distribución Funcional: Sala-Comedor con iluminación natural. Cocina cerrada con conexión a **Gas Natural** (ahorro y comodidad). 2 Habitaciones**1 Baño Completo**Área de Lavandería y Tendal** independiente. Servicios. Agua y luz adicional según consumo, no se paga mantenimientofrente al Parque Piscobamba: ** Disfruta de áreas verdes, ejercicio y recreación justo al salir de casa. A la altura de la cuadra 15 de la Av. Naranjal. Fácil Acceso. Pasando el Óvalo Huandoy, y a solo una cuadra antes de llegar a la Av. Canta Callao. Parada cercana del alimentador Bertello del Metropolitano que pasa por la Av. Naranjal, garantizando un rápido acceso al centro de Lima. **condiciones: * **Precio: ** S/1, 100 mensuales, condiciones 1 de garantía x 1 de adelanto* Ideal para pareja o familia pequeña, No mascotas (puede ser un gatito) **Contáctame ahora mismo para coordinar una visita: -|https://urbania.pe/inmueble/clasificado/alclapin-alquiler-de-departamento-en-los-naranjos-los-olivos-2-dormitorios-148369193?n_src=Listado&n_pills=%C3%81rea+de+lavander%C3%ADa&n_pg=1&n_pos=28|2026-02-01
urbania|departamentos|alquiler|Lima Norte|Los Olivos|"HUACLLAN 4856 - LOS OLIVOS
Los Olivos, Lima"|S/ 1,200 · USD 354|1200|354||150|"67 m² tot.
3 dorm."|67|3|||Departamento en condominio!! Urb. Parque el naranjal. I. V. O. N. E. E. S. P. I. N. O. Z. A. 9. 6. 7. 2. 8. 4. 3. 9. 7. Excelente ubicación, cerca avenidas principales como, universitaria, Naranjal, Los alisos, Mercado productores. Con vista frente a parque, en primer piso. Sus amplias mamparas permiten una iluminación natural, caracteristicas. Primer piso. Área 67m2. Patio. Sala comedor. Cocina- lavandería. Área de computo. Dormitorio principal con baño y closet ideal cama Queen. Closet para ropa de cama. Segundo dormitorio con closet ideal cama plaza y media. Tercer dormitorio u oficina. Baño completo compartido/ visitas. Aéreas comunes: Zona de niños. Sala para reuniones. Mantenimiento 150 soles aprox. Requisitos para el alquiler: Presentar dni/Pasaporte. 3 ultimas boletas de pago. No estar en infocorp. Mes de adelanto + 2 meses de garantía por adelantado. Constancia de trabajo. cul ( Certificado único laboral) Independiente Tener garante. Condominio Parque Los olivos. Dirección: Jr. Huacllan 4834- 4856. Agenda tu visita.|https://urbania.pe/inmueble/clasificado/alclapin-alquiler-de-departamento-en-los-olivos-lima-3-dormitorios-148056572?n_src=Listado&n_pills=%C3%81rea+de+lavander%C3%ADa&n_pg=1&n_pos=29|2026-02-01
urbania|departamentos|alquiler|Lima Norte|Los Olivos|"LOS CACTUS 435 LOS OLIVOS
Los Olivos, Lima"|S/ 1,300|1300||||"65 m² tot.
2 dorm.
2 baños"|65|2|2||Buscas un departamento en estreno Y que estes en una urbanización cerrada Y que no pagues mantenimiento, Y con la seguridad 24/7?, este departamento es para ti. A 5 minutos de Megaplaza, cerca a Colegios emblemáticos Perú Japón y Jorge Basadre, cerca Av. Alisos, Av. Palmeras y la Av. Panamericana Norte, con acceso al metropolitano cerca a la estación del Naranjal. Presenta la siguiente distribución: amplia sala comedor, cocina cerrada con muebles altos y bajo, con espacio para cocina de 4 hornillas, área de lavandería, 2 dormitorios, pasadizo, 2 baño completo. *El departamento cuenta con conexión a gas Cálida. *Agua, luz independiente (contometro servicio de agua) y (medidor de luz) *Si necesitas estacionamiento, adicional a 180 soles. Área 65 m2. agenda ya tu visita! Requisitos: - dnis. - sustento de ingresos: Boletas de pago, pdts. - no estar reportado negativamente en centrales de riesgo. Condiciones: Contrato Notarial por un año. 1 mes de garantia. 1 mes de adelanto. Agenda tu visita, contactame ya!|https://urbania.pe/inmueble/clasificado/alclapin-alquiler-de-departamento-en-los-olivos-lima-2-dormitorios-147225519?n_src=Listado&n_pills=%C3%81rea+de+lavander%C3%ADa&n_pg=1&n_pos=30|2026-02-01
urbania|departamentos|alquiler|Lima Norte|Los Olivos|"Calle Toribio Rodríguez de Mendoza 2082
EL TRÉBOL 3 Etapa, Los Olivos"|S/ 1,300|1300||||"110 m² tot.
3 dorm.
2 baños"|110|3|2||Departamento de 03 dormitorios, sala -comedor, dos baños completos, cocina amoblada abierta, area de lavanderia, pequeña sala de estudio adicional|https://urbania.pe/inmueble/clasificado/alclappa-alquiler-de-departamento-en-el-trebol-3-etapa-los-olivos-3-dormitorios-148805708?n_src=Listado&n_pills=%C3%81rea+de+lavander%C3%ADa&n_pg=2&n_pos=1|2026-02-01
urbania|departamentos|alquiler|Lima Norte|Los Olivos|"Pasaje 23 de mayo 109, Los Olivos
Los Olivos, Lima"|S/ 900|900||||"75 m² tot.
1 dorm.
1 baño"|75|1|||Alquiler de un Departamento. amplio Y acogedor departamento en alquiler. Distrito de los olivos. Pasaje 23 de mayo cuadra 1. Altura cuadra 13 Av. Universitaria, a 2 cuadras de plaza vea, a unas cuadras de tomas valle, zona altamente comercial. Departamento en 1er piso. Vista interna. Metraje: 75 mts. Distrito; Los Olivos. Características: No tiene pago de mantenimiento. Además cuenta con: Sala comedor. 01 Dormitorios. 01 baños completo. 01 Cocina con muebles bajos. 01 Estudio o almacén amplio. Area de lavanderia. Patio interno. Extranjeros: no. Mascotas de Preferencia No. El Monto del Alquiler de este Departamento es: *S/900. 00 soles* Un Mes de Alquiler y. Un Mes de Garantía. Nota. - Clientes con dni que tengan sustento de pago. Más información Y vídeo al 9. 9. 7. 8. 7. 7. 6. 1. 1|https://urbania.pe/inmueble/clasificado/alclapin-alquiler-de-departamento-en-los-olivos-lima-1-dormitorio-146589326?n_src=Listado&n_pills=%C3%81rea+de+lavander%C3%ADa&n_pg=2&n_pos=2|2026-02-01
urbania|departamentos|alquiler|Lima Norte|Los Olivos|"Jirón José Santos Atahualpa 901
EL TRÉBOL 3 Etapa, Los Olivos"|S/ 1,600|1600||||"110 m² tot.
3 dorm.
2 baños"|110|3|2||Alquilo Departamento en Tercer Piso de 110m2. Ubicado estratégicamente, con fácil acceso avenidas principales( Av Angelica Gamarra, Av Tomas Valle, 5 min de Plaza Norte, Estación Metropolitano Tomas Valle. 3 dormitorios. 2 baños. Sala y comedor. Cocina. Lavanderia, Terma. Conexion a gas natrural Calidda. Finos acabados, pisos de porcelanato. Contrato por 1 año. Precio de Alquiler S/1650 (no incluyen servicios). Citas 9*7*9*0*2*3*0*5*0 o 9*7*9*0*2*3*0*0*1|https://urbania.pe/inmueble/clasificado/alclappa-alquiler-de-departamento-en-el-trebol-3-etapa-los-olivos-3-dormitorios-65312491?n_src=Listado&n_pills=%C3%81rea+de+lavander%C3%ADa&n_pg=2&n_pos=3|2026-02-01
urbania|departamentos|alquiler|Lima Norte|Los Olivos|"PASAJE LA QUIMICA URBANIZACION CUETO FERNANDINI
Los Olivos, Lima"|S/ 600|600||||"32 m² tot.
1 dorm.
1 baño"|32|1|||Cuenta con habitación, lavandería, cocina, sala, baño privado. No incluye servicios. persona solas O pareja sin hijos, respetar reglas de convivencia entre inquilinos no animales, ni fiestas ni cigarrillos ni licor C. 9. 7. 5. 1. 8. 6. 9. 3. 7 C. 9. 8. 7. 4. 0. 4. 7. 4. 1. cerca centro educativo inicial bartolome herrera|https://urbania.pe/inmueble/clasificado/alclappa-alquiler-de-departamento-en-los-olivos-lima-1-dormitorio-13329622?n_src=Listado&n_pills=%C3%81rea+de+lavander%C3%ADa&n_pg=2&n_pos=4|2026-02-01
urbania|departamentos|alquiler|Lima Norte|Los Olivos|"Pasaje Los Pensamientos
Los Olivos, Lima"|S/ 1,090|1090||||"70 m² tot.
3 dorm.
1 baño"|70|3|||Alquiler de departamento en Los Olivos! 70m2, cuarto piso. Ubicado en calle Los Pensamientos, urbanización Huaytapallana, a una cuadra del cruce entre las avenidas Universitaria con Alisos. Consta de 3 dormitorios, 1 baño, sala comedor, área de cocina abierta, balcón, lavandería y tendal en la azotea. Mascota chica permitida. Cochera no disponible. Solicita vídeo al interno. Condiciones del trato: -S/1, 100 (1x1) y S/1, 000 (1x1) hay dos disponibles. -Pago de servicios por consumo propio. -Contar con ingresos sustentados con boleta o reporte tributario. -No registrar deudas vencidas al menos el titular que firma. solo whatsapp. -kissy: Ver datos. -camila: Ver datos. -nelsy: Ver datos. broker en linea group|https://urbania.pe/inmueble/clasificado/alclapin-alquiler-de-departamento-en-los-olivos-lima-3-dormitorios-148825114?n_src=Listado&n_pills=%C3%81rea+de+lavander%C3%ADa&n_pg=2&n_pos=5|2026-02-01
urbania|departamentos|alquiler|Lima Norte|Los Olivos|"JIRON LIBRA
Los Olivos, Lima"|S/ 1,390|1390||||"90 m² tot.
3 dorm.
1 baño"|90|3|||Alquiler de departamento en Los Olivos! 90m2 aprox., segundo piso. Ubicado en Jr. Libra, a 4 cuadras del mercado covida de la Av. Antúnez de Mayolo. La distribución consta de 3 dormitorios, 1 baño, sala comedor, cocina con gas natural instalada y zona de lava seca. Mascota chica permitida. Cochera no disponible. Solicita vídeo al interno. Condiciones del trato. -S/1, 400 (1x1) -Pago de servicios por consumo propio. -Contar con ingresos sustentados con boleta o reporte tributario. -No registrar deudas vencidas al menos el titular que firma. solo whatsapp. -kissy: Ver datos. -camila: Ver datos. -deysi: Ver datos. broker en linea group|https://urbania.pe/inmueble/clasificado/alclapin-alquiler-de-departamento-en-los-olivos-lima-3-dormitorios-148255805?n_src=Listado&n_pg=2&n_pos=6|2026-02-01
urbania|departamentos|alquiler|Lima Norte|Los Olivos|"Calle Pariahuanca 643
Parque Del Naranjal, Los Olivos"|S/ 1,000|1000||||"58 m² tot.
2 dorm.
1 baño"|58|2|||Se alquila hermoso departamento en los olivos en 4° piso. alquiler: *para 1 sola persona: S/ 1000. *para 2-3 personas: S/ 1100. en zona céntrica, cerca A tienda mass, inkafarma, colegios, restaurantes, mercado. Área: 58 metros cuadrados. Cuenta con: 2 dormitorios ambos con closets. Sala comedor. Cocina con reposteros altos y bajos, gas Calidda. Baño completo. Lavandería con tendal. Intercomunicador con portero eléctrico. no mascotas. No aparecer en las centrales de riesgo en rojo. Requisitos: Un mes y medio de garantía. El alquiler se paga el mes adelantado. Sustento de ingresos (boleta de pago o ruc) 9*2*3*5*2*0*2*6*4|https://urbania.pe/inmueble/clasificado/alclappa-alquiler-de-departamento-en-parque-del-naranjal-los-olivos-2-dormitorios-148749674?n_src=Listado&n_pills=%C3%81rea+de+lavander%C3%ADa&n_pg=2&n_pos=7|2026-02-01
urbania|departamentos|alquiler|Lima Norte|Los Olivos|"Jr. Rio Tarica al 5100
Naranjal, Los Olivos"|S/ 2,200|2200|||110|"3 dorm.
2 baños"||3|2||Departamento en Alquiler en Los Olivos - Un Espacio Moderno y FuncionalDescubra este departamento de 80 m², estratégicamente ubicado en el cuarto piso de la Residencial Tárica, en la urbanización Naranjal de Los Olivos. Este moderno y funcional departamento ofrece una experiencia de vida en una zona residencial tranquila y segura, ideal para quienes buscan comodidad y conveniencia. **Distribución y Características: **- Sala - comedor espaciosa, perfecta para el entretenimiento y el descanso. - Kitchenette con muebles altos y bajos, equipada con una cocina empotrada, que optimiza el espacio y ofrece comodidad en su uso diario. - Área de lavandería para su conveniencia. - Un dormitorio principal que cuenta con closet y baño incorporado, proporcionando privacidad y confort. - Un dormitorio secundario con closet, ideal para visitas o como espacio adicional. - Un estudio con closet, versátil y adecuado para ser utilizado como un tercer dormitorio. - Baño completo adicional que complementa la funcionalidad del espacio. **Beneficios Adicionales: **- Instalación de gas natural en cocina y duchas, garantizando un suministro eficiente y seguro. - Excelente iluminación y ventilación, lo que aporta un ambiente fresco y acogedor. - Mantenimiento mensual de S/ 110, que incluye seguridad, limpieza, y servicios de luz y agua en áreas comunes, permitiéndole disfrutar de un entorno bien cuidado y seguro. - Se aceptan mascotas, permitiendo que sus amigos de cuatro patas sean parte de su hogar. Ubicado entre las avenidas Las Palmeras y Naranjal, y a espaldas de Montalvo, este departamento ofrece una accesibilidad inmejorable a las principales vías y servicios de la zona. No pierda la oportunidad de vivir en un lugar que combina modernidad, funcionalidad y ubicación estratégica. Para informes y visitas, comuníquese al Ver datos. ¡Descubra su nuevo hogar en Los Olivos! vymhouse|https://urbania.pe/inmueble/clasificado/alclapin-alquiler-de-departamento-en-naranjal-los-olivos-3-dormitorios-148789338?n_src=Listado&n_pills=Ascensor&n_pg=2&n_pos=8|2026-02-01
urbania|departamentos|alquiler|Lima Norte|Los Olivos|"Las Chirimoyas
Micaela Bastidas, Los Olivos"|S/ 1,700|1700||||"160 m² tot.
3 dorm.
2 baños"|160|3|2||Moderno, iluminado Y amplio dpto, 3 dormitorios 2 baños, Cocina empotrada con muebles altos y bajos, Sala, Comedor, Lavandería en azotea, terma. Cerca al Megaplaza, Colegios, mercados. No se aceptan mascotas,|https://urbania.pe/inmueble/clasificado/alclappa-alquiler-de-departamento-en-micaela-bastidas-los-olivos-3-dormitorios-148604284?n_src=Listado&n_pills=%C3%81rea+de+lavander%C3%ADa&n_pg=2&n_pos=9|2026-02-01
urbania|departamentos|alquiler|Lima Norte|Los Olivos|"CALLE ANTONIO MORENO
Los Olivos, Lima"|S/ 1,049|1049|||150|"60 m² tot.
2 dorm.
1 baño"|60|2|||*Alquiler de departamento en Los Olivos! * 60m2, cuarto piso. Ubicado en la calle Antonio Moreno, a la espalda del parque villa sol, a 3 cuadras del cruce entre las Av Palmera con Alfredo Mendiola. Consta de 2 dormitorios, 1 baño, sala comedor, área de cocina, lavandería y tendal en la azotea. Mascota no permitida. Cochera no disponible. Solicita vídeo al interno. *Condición de pago: * -S/1, 050 (2x1) -Mantenimiento S/150 y otros servicios por consumo. -Contar con ingresos sustentados con boleta o reporte tributario mayor a 3 veces del costo del alquiler. -No registrar deudas vencidas al menos el titular que firma. solo whatsapp. -kissy: Ver datos. -camila: Ver datos. -deysi: Ver datos. broker en linea group|https://urbania.pe/inmueble/clasificado/alclapin-alquiler-de-departamento-en-los-olivos-lima-2-dormitorios-148436675?n_src=Listado&n_pills=%C3%81rea+de+lavander%C3%ADa&n_pg=2&n_pos=10|2026-02-01
urbania|departamentos|alquiler|Lima Norte|Los Olivos|"Av. Alfredo Mendiola 6551
Los Olivos, Lima"|S/ 1,200|1200|||100|"75 m² tot.
3 dorm.
2 baños"|75|3|2||Alquiler Departamento Los Olivos 74. 67 m² contacto: uriel. departamento 2do piso. Alquiler de Departamento en una ubicación panamericana norte de Los Olivos. Este lindo limpio departamento, con acabados modernos, ofrece un estilo de vida cómodo y la mejor vida Con 74. 67m2 de área total. Este departamento es perfecto para quienes buscan comodidad, modernidad y seguridad. Características Principales: ubuicado 2do piso. • Ampla Sala con balcón y Comedor. • 3 dormitorios, 2 baños completos. • Cocina y lavandería moderna con muebles altos y bajos en perfectas condiciones. • 2 baños completos, uno en la habitación principal. • Área de servicio adicional en el decimo piso, en una zona común espacio para tender la ropa independiente su area designada. Detalles Especiales: El departamento está muy cuidado, tiene instalaciones de Gas Cálida, para la terma y cocina. Tiene un moderno ascensor. No tiene Estacionamiento. No se aceptan mascotas. un mes de renta y dos meses (2) garantia ( negocio directo con ( dueño) El condominio tiene vigilancia particular las 24 horas los 7 días de la semana. En el hall de ingreso del departamento hay una cámara de vigilancia. El mantenimiento mensual es de S/ 100 soles, lo que incluye el agua, luz y limpieza de las áreas comunes y mantenimiento del ascensor. Situado en una zona muy segura que colinda con la Avenida Alfredo Mendiola, ofreciendo conveniencia y acceso muy rápido a servicios públicos. La ubicación estratégica del departamento permite un fácil acceso a importantes Universidades: • Cesar Vallejo. • utp. • Universidad de Ciencias y Humanidades Universidad Científica del Sur. Además, disfruta de la proximidad de importantes centros comerciales como: • Tottus de la Panamericana Norte. • Real Plaza Pro, Centro Bancario, Plaza Vea. • Mercado Unicachi Pro. • Mega Plaza a 5 minutos. Al rentar el departamento usted se sentira muy satisfecho de elegir un departamento cerca ala panamericana norte y centro comerciales y vivira seguro las 24 horas.|https://urbania.pe/inmueble/clasificado/alclappa-alquiler-de-departamento-en-los-olivos-lima-3-dormitorios-146608924?n_src=Listado&n_pills=Cerca+a+colegios&n_pg=2&n_pos=11|2026-02-01
urbania|departamentos|alquiler|Lima Norte|Los Olivos|"Jr. Daniel Hernandez 459
Covida, Los Olivos"|S/ 1,250|1250||||"60 m² tot.
1 dorm.
1 baño"|60|1|||"Se alquila mini departamento en 2do piso, en el corazón de los Olivos, con una ventaja difícil de encontrar: vista directa al Parque Esmeralda, ideal para quienes valoran un estilo de vida activo: trote, caminatas, ejercicios al aire libre y descanso mental, con el parque abierto 24 horas. Ambientes: • 1 Sala. • 1 Dormitorio amplio con vistas al parque. • 1 Cocina enchapada. • 1 Baño amplio. • Doble puerta de ingreso. Seguridad: cerco eléctrico 24 horas. Ubicación: zona céntrica, cerca de Av. Carlos Izaguirre y Av. Antúnez de Mayolo. Incluye servicios: Cable Movistar estándar, agua Sedapal, luz Enel (no cocinas ni hervidores eléctricos), Wi-Fi fibra 1000 mb (2. 4 y 5 ghz) hasta 3 conexiones, ideal para streaming. Condiciones: 1 mes de adelanto + 1 mes de garantía | Contrato 1 año. Alquiler del Mini departamento: S/. 1, 250. 00 soles. Uso: solo vivienda | Ideal para pareja sin hijos y sin mascotas. Sin cochera / no se aceptan vehículos ni motorizados (se indican cocheras cercanas si se cuenta con auto). Visitas: previa cita de 9: 00 a. m. A 5: 00 p. m. Previa coordinación. Celular Ver datos. WhatsApp Ver datos"|https://urbania.pe/inmueble/clasificado/alclappa-alquiler-de-departamento-en-covida-los-olivos-1-dormitorio-148584509?n_src=Listado&n_pills=Frente+a+parque&n_pg=2&n_pos=12|2026-02-01
urbania|departamentos|alquiler|Lima Norte|Los Olivos|"calle agatas 370
Los Olivos, Lima"|S/ 1,350 · USD 402|1350|402|||"75 m² tot.
3 dorm.
1 baño"|75|3|||Se alquila amplio departamento en zona residencial de Los Olivos. Vive con tranquilidad y excelente ubicación en este departamento situado en una zona residencial y segura del distrito de Los Olivos, a pocas cuadras de las avenidas Izaguirre y Universitaria, con rápido acceso a transporte público, comercios, servicios y principales puntos del distrito. El inmueble se encuentra estratégicamente ubicado cerca de mercado, lavanderías y restaurantes, y a pasos del reconocido restaurante La Choza Náutica, en un entorno ideal para quienes valoran la comodidad y la buena conectividad sin renunciar a la tranquilidad. Características del departamento: Sala comedor amplia y bien iluminada. Cocina cerrada. 3 dormitorios amplios y ventilados. 1 baño completo. Servicios básicos correctamente distribuidos. Condiciones de alquiler: Precio: S/ 1, 350mensuales. Agua: consumo dividido según número de habitantes. Luz: medidor independiente. Condiciones adicionales: No pet friendly. Requisito indispensable: dni vigente para la firma de contrato. Modalidad: 1x1 (un mes de adelanto y un mes de garantía) Ideal para personas o familias que buscan un espacio cómodo, bien ubicado y en un ambiente residencial tranquilo. Los Olivos – cerca de Av. Izaguirre y Av. Universitaria|https://urbania.pe/inmueble/clasificado/alclapin-alquiler-de-departamento-en-los-olivos-lima-3-dormitorios-148573786?n_src=Listado&n_pills=%C3%81rea+de+lavander%C3%ADa&n_pg=2&n_pos=13|2026-02-01
urbania|departamentos|alquiler|Lima Norte|Puente Piedra|"Jr. de la Agricultura 244, Puente Piedra 15121, Perú
Puente Piedra, Lima"|S/ 1,000 · USD 296|1000|296|||"90 m² tot.
4 dorm.
3 baños"|90|4|3||? Alquiler de departamento en puente piedra – 90 m² – 2do piso¿Buscas un hogar amplio, cómodo y bien ubicado? Este departamento flat sin amoblar es ideal para ti y tu familia. Ubicado en una zona segura, tranquila y rodeada de comercios, disfrutarás de una excelente calidad de vida con todo cerca. -? Características del inmueble: Área total: 90 m²Piso: 2do pisoZonificación: rdm (Residencial de Densidad Media) 4 habitaciones amplias3 baños completosCocina independienteVista a la calleEntrada independienteExcelente iluminación y ventilación naturalAntigüedad: 5 añosNo cuenta con cochera-? Servicios: Luz: ProrrateadoAgua: ProrrateadoGas natural: SíMantenimiento: No-? Ubicación estratégica: Av. Las Torres – Calle La Agricultura, Puente PiedraA solo 3 cuadras de la Panamericana NorteCerca de mercados, colegios, tiendas y transporte públicoZona residencial tranquila, con fácil acceso a avenidas principales? -? No se aceptan mascotas? Condiciones: Contrato mínimo: 1 año1 mes de garantía + 1 mes de adelanto (1x1) -? Agendamos visitas todos los días. ¡No dejes pasar esta oportunidad de vivir en un lugar amplio, bien ubicado y listo para mudarte!? Contáctame hoy y agenda tu visita ahora mismo. Más informaciónPaul CastroVer datosR. U. C Ver datos|https://urbania.pe/inmueble/clasificado/alclapin-alquiler-de-departamento-en-puente-piedra-lima-4-dormitorios-148517891?n_src=Listado&n_pills=%C3%81rea+de+lavander%C3%ADa&n_pg=1&n_pos=1|2026-02-01
urbania|departamentos|alquiler|Lima Norte|Puente Piedra|"LAS Hiedras al 100
Puente Piedra, Puente Piedra"|S/ 700 · USD 206|700|206|||"61 m² tot.
3 dorm.
1 baño"|61|3|||Alquiler de hermoso departamento en 9no piso condominio ciudad verde, ubicada frente A la escuela tecnica de la policía, A una cuadra de la panamericana norte, cerca al colegio corazones marianos del norte, del colegio militar marianistas, del centro de salud los sureños, del mercado cruz de mayo, A 20 min del real plaza de pro, de tottus Y varios colegios de educación inicial Y A minutos del ovalo de puente piedra. muy cerca hay grifo de gasolina Y cocherasconsta de sala comedor, 3 dormitorios, un baño, cocina amoblada ylavandería ascensorgas cáliddavigilancia 24/7pago 2 X 1 Consultar con el Agente Inmobiliario encargado para mayor información Ver datos.|https://urbania.pe/inmueble/clasificado/alclapin-alquiler-de-departamento-en-puente-piedra-puente-piedra-3-dormitorios-147824511?n_src=Listado&n_pills=Seguridad&n_pg=1&n_pos=2|2026-02-01
urbania|departamentos|alquiler|Lima Norte|Puente Piedra|"Condominio Ciudad Verde
Puente Piedra, Lima"|S/ 900|900|||100|"61 m² tot.
3 dorm.
1 baño"|61|3|||Contacto: nathaly coscocel: 9*8*8*3*8*9*7*9*9Un lugar para que disfrutes de una vista inigualable, áreas verdes y de diversión para toda la familiaBello departamento ubicado frente a la escuela de oficiales en Puente Piedra, ubicado en el piso 9, en edificio con ascensor. Tiene 61m2 que se distribuyen en 3 dormitorios, 1 baño, sala comedor, balcón, cocina cerrada, área de lavado. El departamento tiene menos de 1 año de entrega y poco uso. Tiene Gas natural y viene con terma. Bonita vista a la escuela de oficiales, con mucha vegetación. El mantenimiento es de 100 soles ( incluye agua) Cuenta con áreas comunes como: tiendas, cancha de fulbito, área de juegos de niños, salones de eventos. Además de estar frente a la escuela de policias, a pocos minutos de Tottus de Puente Piedra, mercados, piscinas. contacto: nathaly coscocel: 9*8*8*3*8*9*7*9*9id: 1*1*5*9*2*1*3|https://urbania.pe/inmueble/clasificado/alclapin-alquiler-de-departamento-en-puente-piedra-lima-3-dormitorios-147935114?n_src=Listado&n_pills=%C3%81rea+de+lavander%C3%ADa&n_pg=1&n_pos=3|2026-02-01
urbania|departamentos|alquiler|Lima Norte|Puente Piedra|"Condominio Ciudad Verde
Puente Piedra, Lima"|S/ 850|850||||"64 m² tot.
3 dorm.
1 baño"|64|3|||Contacto: sara carrascalcel: 9*2*3*9*8*8*9*6*0Descripción completa¡Tu nuevo hogar te espera en Ciudad Verde, Puente Piedra! Vive como siempre has querido en este precioso departamento de estreno ubicado en la 6ª Etapa del Condominio Ciudad Verde, frente a la Escuela Técnico Superior pnp, con todas las comodidades que buscas. Características del inmueble: Área: 63. 84 m², distribución eficiente y muy bien iluminadaSala-comedor acogedora, ideal para disfrutar en familia o con amigosCocina moderna con lavandería incluida: cómoda, funcional y elegante3 habitaciones que te brindan espacio suficiente para dormitorios, oficina o sala de hobby1 baño completoGas cálida, ideal para mayor confort en cualquier estaciónPiso 8: más privacidad, mejor vista y menos ruido de calleSin cochera, pero lo compensa con ubicación, servicios y entornoÁreas comunes excelentes: seguridad, limpieza, jardines, administración, etc. Mantenimiento S/. 120. 00 aprox. Mensual, incluye: agua del departamento, agua común, luz común, energía para bombas de agua, fondo de contingencia, administración, seguridad, limpieza y jardinería. No se aceptan mascotas. Se pide modalidad 2×1 + buen historial crediticio y demostración de ingresosIdeal para ti si: Si eres profesional joven, pareja, o pequeños grupos familiares que buscan tranquilad, seguridad, espacio moderno y accesibilidad—y valoras vivir en un condominio bien planificado, con áreas comunes agradables y ubicación estratégica. Además, si te interesa estar cerca de transporte, servicios, colegios y con la comodidad de vivir en estreno, este departamento es para ti. Ventajas de Ciudad Verde: Conoce el proyecto: espacios verdes, vías principales bien conectadas, ambientes familiares, zonas comunes muy bien cuidadas; todo dentro de un plan urbanístico con visión de futuro. (Más detalles en) Contáctame hoy mismo para verlo: no dejes pasar esta oportunidad. ¡Este departamento no se quedará libre mucho tiempo! contacto: sara carrascalcel: 9*2*3*9*8*8*9*6*0id: 1*1*5*7*8*0*4|https://urbania.pe/inmueble/clasificado/alclapin-alquiler-de-departamento-en-puente-piedra-lima-3-dormitorios-147805515?n_src=Listado&n_pills=%C3%81rea+de+lavander%C3%ADa&n_pg=1&n_pos=4|2026-02-01
urbania|departamentos|alquiler|Lima Norte|San Martin de Porres|"Jr. República de Panamá
San Martín de Porres, Lima"|S/ 3,500|3500|||350|"100 m² tot.
2 dorm.
3 baños
1 estac."|100|2|3|1|Hermoso y moderno departamento con las mejores areas sociales, piscina, gimnasio, sala de coworking, coffe room, pet spa, patio con juego para niños, lounge bar, estacionamiento de bicicletas, totalmente amoblado y equipado, inmejorable ubicacion dos dormitorios, tres baños, sala comedor, cocina, lavanderia, estacionamiento. Alquiler mensual S/3, 500 Cinthya Gil. 9. 5. 5. 5. 4. 3. 7. 4. 3. -. 9. 2. 5. 8. 0. 3. 3. 2. 6. Tenemos este y mas departamentos en alquiler amoblados sin amoblar con linea blanca. Comunicate con nosotros y encuentra el departamento ideal para ti! Hermoso y moderno departamento con las mejores areas sociales, piscina, gimnasio, sala de coworking, coffe room, pet spa, patio con juego para niños, lounge bar, estacionamiento de bicicletas, totalmente amoblado y equipado, inmejorable ubicacion dos dormitorios, tres baños, sala comedor, cocina, lavanderia, estacionamiento. Alquiler mensual S/3, 500 Cinthya Gil. 9. 5. 5. 5. 4. 3. 7. 4. 3. -. 9. 2. 5. 8. 0. 3. 3. 2. 6. Tenemos este y mas departamentos en alquiler amoblados sin amoblar con linea blanca. Comunicate con nosotros y encuentra el departamento ideal para ti! Hermoso y moderno departamento con las mejores areas sociales, piscina, gimnasio, sala de coworking, coffe room, pet spa, patio con juego para niños, lounge bar, estacionamiento de bicicletas, totalmente amoblado y equipado, inmejorable ubicacion dos dormitorios, tres baños, sala comedor, cocina, lavanderia, estacionamiento. Alquiler mensual S/3, 500 Cinthya Gil. 9. 5. 5. 5. 4. 3. 7. 4. 3. -. 9. 2. 5. 8. 0. 3. 3. 2. 6. Tenemos este y mas departamentos en alquiler amoblados sin amoblar con linea blanca. Comunicate con nosotros y encuentra el departamento ideal para ti!|https://urbania.pe/inmueble/clasificado/alclapin-alquiler-de-departamento-en-san-martin-de-porres-lima-2-dormitorios-147778464?n_src=Listado&n_pills=Guardian%C3%ADa%2FSeguridad+privada&n_pg=1&n_pos=1|2026-02-01
urbania|departamentos|alquiler|Lima Norte|San Martin de Porres|"Zarzamoras
Los Jardines, San Martín de Porres"|S/ 1,500|1500|||100|"100 m² tot.
2 dorm.
1 baño"|100|2|||Celular/Whatsapp: (51) 990*369*141. Alquilo exclusivo y amplio departamento, muy bien ubicado, iluminado y ventilado, con bien ubicado a 5 minutos del C. C. Plaza Norte, cerca a la Universidad Cayetano Heredia, a la altura de la estación El Milagro del Metropolitano y El Británico por la Panamericana Norte.|https://urbania.pe/inmueble/clasificado/alclapin-alquiler-de-departamento-en-los-jardines-san-martin-de-porres-2-dormitorios-141967101?n_src=Listado&n_pills=Cerca+a+colegios&n_pg=1&n_pos=2|2026-02-01
urbania|departamentos|alquiler|Lima Norte|San Martin de Porres|"Casuarinas de Naranjal L8 Mz D
San Martín de Porres, Lima"|S/ 1,000|1000||||"80 m² tot.
2 dorm.
1 baño"|80|2|||Ubicado en segundo piso por medio de escaleras cómodas y seguras, a una cuadra de la Av Naranjal. - Área 80 m2. - Amplia e iluminada sala comedor. - Dos dormitorios con capacidad para cama queen. - Un baño completo. - Cocina cerrada con mesones de cerámica. - Gas Calidda. - Terma a gas. - Área de lavandería y tendal en azotea. Condiciones. Precio: S/1, 000 incluye mantenimiento. 1x1 (un mes de adelanto y un mes de garantía) Consumo de Gas y electricidad independiente. Contáctame para agendar tu visita!|https://urbania.pe/inmueble/clasificado/alclapin-alquiler-de-departamento-en-san-martin-de-porres-lima-2-dormitorios-148608464?n_src=Listado&n_pills=%C3%81rea+de+lavander%C3%ADa&n_pg=1&n_pos=3|2026-02-01
urbania|departamentos|alquiler|Lima Norte|San Martin de Porres|"Inmaculada 194
San Martín de Porres, Lima"|S/ 800|800||||"90 m² tot.
3 dorm.
2 baños"|90|3|2||Departamento de 90 m², ubicado en 5to piso con vista panorámica, amplio y bien ventilado. 3 habitaciones. 2 baños completos. Sala comedor grande. Cocina abierta con muebles altos. Ubicado cerca a la Panamericana Norte, óvalo Infantas y universidades como utp y Vallejo. Precio de alquiler: S/ 800. Modalidad: 1x1|https://urbania.pe/inmueble/clasificado/alclapin-alquiler-de-departamento-en-san-martin-de-porres-lima-3-dormitorios-147706962?n_src=Listado&n_pills=%C3%81rea+de+lavander%C3%ADa&n_pg=1&n_pos=4|2026-02-01
urbania|departamentos|alquiler|Lima Norte|San Martin de Porres|"covite san martin de porres
Coviti, San Martín de Porres"|S/ 1,500 · USD 416|1500|416|||"140 m² tot.
3 dorm.
3 baños"|140|3|3||Área: 140m. Dormitorios: 3. Baños: 3. Cocina: 1 cerrada. Patio: 1. Lavandería: 1. Alquiler: S/. 1500 soles. Garantía: 2x1. Departamento en 1 piso con excelente estado con buena luz natural el piso todo enchapado en mayólica; sala comedor amplia; cocina toda enchapada en mayólica ; dormitorios 3 amplios (principal con baño incorporado) ; los baños todos enchapados en mayólica; lavandería y patio todo enchapado en mayólica. Departamento rodeado de centros de comercio y avenidas importantes. No se aceptan mascotas. Departamento muy aparente familia pequeña o adulto mayor. También se puede usar como oficina a puerta cerrada.|https://urbania.pe/inmueble/clasificado/alclapin-alquiler-de-departamento-en-coviti-san-martin-de-porres-3-dormitorios-147803995?n_src=Listado&n_pills=%C3%81rea+de+lavander%C3%ADa&n_pg=1&n_pos=5|2026-02-01
urbania|departamentos|alquiler|Lima Norte|San Martin de Porres|"Feliciti - Arquimia Inmobiliaria
San Martín de Porres, Lima"|S/ 1,000 · USD 266|1000|266|||"69 m² tot.
3 dorm.
2 baños"|69|3|2||Alquiler de departamento de 3 habitaciones en san martin de porresubicación: Cruce de Av. Trapiche con Av. Panamericana, a 5min del mall de Comas, a 5min del mercado Unicachi. precio alquiler: Departamento S/1, 000. dpto + Est. S/1, 260. Luz según consumoGas según consumoEl agua está incluido dentro del pago del mantenimiento S/120 (Variable) Descubre tu nuevo hogar en este espectacular departamento de 3 habitaciones, idealmente situado cerca de avenidas, a solo pasos de mall de Comas, cerca de la Universidad upn, ucv, uch. Tiendas y transporte público. características del departamento: Área 69. 4m²3 Habitación con iluminación natural2 Baños completosCocinaSala comedorÁrea de lavanderíaVista externaPiso 12El departamento se encuentra en óptimas condiciones, listo para ser habitadoamenidades del edificio: Área de Juego para NiñosVigilancia 24/7Cámaras de seguridadCuenta con 4 ascensoresEscaleras de emergencia10 meses de antigüedadSe acepta mascotasDepósito de basura en 1er piso*Actualmente Edificio de 1 torre de 20 pisos, cada piso cuenta con 12 departamentosDepartamentoIdeal para estudiantes, parejas o familias. Contáctame hoy mismo para agendar una visita y descubrir tu nuevo hogar. ¡No pierdas esta oportunidad! Espero que te guste. Si necesitas algo diferente, házmelo saber. R. U. C Ver datos|https://urbania.pe/inmueble/clasificado/alclapin-alquiler-de-departamento-en-san-martin-de-porres-lima-3-dormitorios-144822228?n_src=Listado&n_pills=%C3%81rea+de+lavander%C3%ADa&n_pg=1&n_pos=6|2026-02-01
urbania|departamentos|alquiler|Lima Norte|San Martin de Porres|"Los Rosales De Lima
San Martín de Porres, Lima"|S/ 1,600 · USD 448|1600|448|||"80 m² tot.
7 dorm.
6 baños"|80|7|6||Alquilo amplio duplexcuenta con 6 dormitorios6 baños, ala comedor, cocina, lavanderia, cuenta con servicios basicos Y gas calidaubicado en piso 2 Y 3. cerca A unos minutos A la municipalidad de los olivos, mini marktes, agentes, entre otros R. U. C Ver datos|https://urbania.pe/inmueble/clasificado/alclapin-alquiler-de-departamento-en-san-martin-de-porres-lima-5-a-mas-dormitorios-147189152?n_src=Listado&n_pills=%C3%81rea+de+lavander%C3%ADa&n_pg=1&n_pos=7|2026-02-01
urbania|departamentos|alquiler|Lima Norte|San Martin de Porres|"Av Platinos Mz G Lt 5
San Martín de Porres, Lima"|S/ 850 · USD 232|850|232|||"60 m² tot.
2 dorm.
2 baños"|60|2|2||Alquilo departamento av platinos+ sala comedor+ cocina americana+ 2 habitaciones+ 2 baños 1 de visita Y 1 en habitacion principal+ lavanderia+ conexion A gas naturaledificio cercano Y centrico A zona comercialav alisos / av universitaria / av olivosmercado de productores A unas cuadrasr. U. C Ver datos|https://urbania.pe/inmueble/clasificado/alclapin-alquiler-de-departamento-en-san-martin-de-porres-lima-2-dormitorios-147384428?n_src=Listado&n_pills=%C3%81rea+de+lavander%C3%ADa&n_pg=1&n_pos=8|2026-02-01
urbania|departamentos|alquiler|Lima Norte|San Martin de Porres|"Dominicos, San Martín de Porres 15112, Perú
San Martín de Porres, Lima"|S/ 900 · USD 267|900|267|||"70 m² tot.
2 dorm.
2 baños"|70|2|2||Alquiler De Departamento Flat – San Martín De Porres 70M² Ubicación privilegiada: en zona segura y tranquila, rodeada de comercios y con fácil acceso a Av. Dominicos, Av. Canta Callao y Av. Izaguirre Características del Departamento (70 m² – 2do Piso) 2 habitaciones iluminadas 2 baños completos Entrada independiente Vista a la calle Cocina con gas natural Excelente ventilación e iluminación natural Servicios independientes: Luz Agua Gas natural ¡Sin mantenimiento! No se acepta mascota Cochera: No Condiciones: Contrato mínimo: 1 año1 mes de garantía + 1 mes de adelanto (1x1) Ideal para quienes buscan comodidad, seguridad y un espacio práctico en una excelente zona de smp. Agenda tu visita hoy mismo y no dejes pasar esta oportunidadMas Informacion: Paul Castro: 9. 3. 6. 6. 8. 8. 7. 6. 7R. U. C Ver datos|https://urbania.pe/inmueble/clasificado/alclapin-alquiler-de-departamento-en-san-martin-de-porres-lima-2-dormitorios-148343808?n_src=Listado&n_pills=%C3%81rea+de+lavander%C3%ADa&n_pg=1&n_pos=9|2026-02-01
urbania|departamentos|alquiler|Lima Norte|San Martin de Porres|"Av. Tantamayo, Lima 15113, Perú
San Martín de Porres, Lima"|S/ 600 · USD 178|600|178|||"100 m² tot.
2 dorm.
1 baño"|100|2|||Departamento ubicado en prolongacion Paramonga a dos cuadras del mercado Tantamayo con vista al exteriorCuenta con amplio espacio para sala comedorCocina2 habitacionesBañoGas naturalluz y agua con contometroTendalPrecioS/6001X1E ldepartamento cuenta con camaraRequisitosOptimoSustentar sus ingresosNo mascotasNo extranjerosPara visitas contactameR. U. C Ver datos|https://urbania.pe/inmueble/clasificado/alclapin-alquiler-de-departamento-en-san-martin-de-porres-lima-2-dormitorios-148466866?n_src=Listado&n_pg=1&n_pos=10|2026-02-01
urbania|departamentos|alquiler|Lima Norte|San Martin de Porres|"Sta. Alicia 6458 al 6400
San Martín de Porres, Lima"|S/ 900|900||||"56 m² tot.
2 dorm.
1 baño"|56|2|||Contacto: carla picklingcel: 9*2*7*9*9*6*6*7*3¡Vive en una zona estratégica de San Martín de Porres! Este acogedor departamento en segundo piso, con excelente distribución e iluminación, es perfecto para quienes buscan comodidad y una ubicación realmente privilegiada. Características destacadas: 2 dormitorios amplios y luminosos1 baño completoSala y comedor integradosCocina práctica y ventiladaAmbientes cómodos y listos para mudarteUbicación estratégica: A la altura de la cuadra 21 de la Panamericana NorteCerca de la Urbanización Santa RosaEn la zona residencial de San Martín de PorresCercano a avenidas principales, transporte público, comercios y serviciosUn departamento ideal para quienes buscan vivir bien, en una zona de alta conectividad y demanda. ¡No dejes pasar esta oportunidad! Contáctame para agendar una visita. contacto: carla picklingcel: 9*2*7*9*9*6*6*7*3id: 1*1*6*4*6*1*5|https://urbania.pe/inmueble/clasificado/alclapin-alquiler-de-departamento-en-san-martin-de-porres-lima-2-dormitorios-148341708?n_src=Listado&n_pills=%C3%81rea+de+lavander%C3%ADa&n_pg=1&n_pos=11|2026-02-01
urbania|departamentos|alquiler|Lima Norte|San Martin de Porres|"Residencial Montecarlo mz I Lt 04
Montecarlo Et.1, San Martín de Porres"|S/ 1,300 · USD 386|1300|386|||"80 m² tot.
2 dorm.
1 baño"|80|2|||Departamento De Estreno En Alquiler – Zona Residencial De San Martín De PorresVive con comodidad, conectividad y tranquilidad en este departamento de estreno de 80 m², ubicado en 3er piso, dentro de una de las mejores zonas residenciales de San Martín de Porres. Ubicación estratégica: A pocas cuadras de las avenidas Carlos Izaguirre, Santa Rosa, Daniel Alcides Carrión y Av. 12 de Octubre. A solo 15 minutos de MegaPlaza y Plaza Lima Norte. Cercano a paraderos del Metropolitano (rutas Antúnez de Mayolo y Carlos Izaguirre). Zona rodeada de parques y colegios. Características del departamento: Área: 80 m²2 dormitorios con vista externa1 baño completoCocina moderna con muebles bajosExcelente iluminación y ventilación naturalAcceso por escaleras amplias y cómodasConstrucción de 3 años, en estado impecableNo se aceptan mascotas. Beneficio adicional clave: El edificio cuenta con pozo de agua y bomba propia, lo que garantiza abastecimiento de agua durante todo el año, brindando independencia ante cortes del servicio público y mayor tranquilidad para los residentes. Condiciones de alquiler: • Sustento de ingresos• Evaluación en Infocorp• 1 mes de adelanto + 1 mes de garantíaPagos adicionales: • Mantenimiento• Pago municipal• Servicios de luz, agua y gasAgenda tu visita y conoce tu próximo hogar. R. U. C Ver datos|https://urbania.pe/inmueble/clasificado/alclapin-alquiler-de-departamento-en-montecarlo-et1-san-martin-de-porres-2-dormitorios-148622778?n_src=Listado&n_pg=1&n_pos=12|2026-02-01
urbania|departamentos|alquiler|Lima Norte|San Martin de Porres|"Calle Ramón Herrera Mz. “O” Lote 36 Coop. Virgen de Fátima
San Martín de Porres, Lima"|S/ 890|890||||"90 m² tot.
2 dorm.
1 baño"|90|2|||Se alquila amplio y funcional departamento de 90 m², ubicado en una zona estratégica y residencial de San Martín de Porres, cerca de las avenidas Los Alisos, Santa Rosa y Carlos Izaguirre. * Características: • 2 habitaciones amplias• 1 baño completo + ½ baño• Cocina espaciosa con gas natural• Sala y comedor bien iluminados y ventilados• Piso 3 (sin ascensor) • Se acepta una sola mascota• No se paga mantenimiento* Ubicación privilegiada: Zona de fácil acceso, cercana a transporte público, mercados, colegios, comercios y servicios esenciales del Cono Norte. Precio de alquiler: S/ 890 mensuales* Condiciones: • 1 mes de adelanto + 1 mes de garantía• Sustento de ingresos• Buen historial crediticio (Infocorp) • Se prioriza arrendatarios nacionales Contáctanos al 9Ver datos para agendar una visita y no dejes pasar esta oportunidad. 121% comprometidos en brindarte un servicio de excelencia.|https://urbania.pe/inmueble/clasificado/alclapin-alquiler-de-departamento-en-san-martin-de-porres-lima-2-dormitorios-148626947?n_src=Listado&n_pg=1&n_pos=13|2026-02-01
urbania|departamentos|alquiler|Lima Norte|San Martin de Porres|"Los Poncianos, Lima 15112, Perú
San Martín de Porres, Lima"|S/ 800 · USD 238|800|238|||"80 m² tot.
2 dorm.
1 baño"|80|2|||Ubicación privilegiada: en zona segura y tranquila, rodeada de comercios y con fácil acceso a Av. San Jose con Av. Canta Callao Características del Departamento (80 m² – 4to Piso) 2 habitaciones amplias iluminadas 1 baño completos Entrada independienteVista a la calle Cocina Excelente ventilación e iluminación natural Servicios independientes: Luz Agua ¡Sin mantenimiento! No se acepta mascota Cochera: No Condiciones: Contrato mínimo: 1 año1 mes de garantía + 1 mes de adelanto (1x1) Ideal para quienes buscan comodidad, seguridad y un espacio práctico en una excelente zona de smp. Agenda tu visita hoy mismo y no dejes pasar esta oportunidadR. U. C Ver datos|https://urbania.pe/inmueble/clasificado/alclapin-alquiler-de-departamento-en-san-martin-de-porres-lima-2-dormitorios-148656824?n_src=Listado&n_pg=1&n_pos=14|2026-02-01
urbania|departamentos|alquiler|Lima Norte|San Martin de Porres|"Manuel Ramirez Sica
Palao, San Martín de Porres"|S/ 1,400 · USD 380|1400|380|||"90 m² tot.
2 dorm.
1 baño"|90|2|||Alquiler de hermoso y amplio departamento en smp cerca de Av. Alfredo Mendiola, Primera de Palao, Av Tupac AmaruCaracterísticas del departamento: Ingreso independiente: primer piso con entrada vista privada internaEspacios amplios: Cuenta con una amplia sala y comedor para tu comodidad. Cocina con muebles altos y bajosDormitorios: Dispone de 2 habitaciones ideales para familias pequeñas o parejas. Baño completo: Con baño completo para tu conveniencia. Gas calida: El departamento cuenta con gas calida y therma para mayor comodidad. Precio de alquiler: S/ 1400 soles al mes con 1 mes de adelanto y 1 mes de garantía. ¡No pierdas la oportunidad de vivir en este acogedor departamento en una ubicación conveniente de smp! Contáctanos para programar una visita o para obtener más información. R. U. C Ver datos|https://urbania.pe/inmueble/clasificado/alclapin-alquiler-de-departamento-en-palao-san-martin-de-porres-2-dormitorios-146691208?n_src=Listado&n_pills=Amoblado&n_pg=1&n_pos=15|2026-02-01
urbania|departamentos|alquiler|Lima Norte|San Martin de Porres|"San Martín de Porres 15109
San Martín de Porres, Lima"|S/ 690|690||||"70 m² tot.
3 dorm.
1 baño"|70|3|||¿Buscas espacio, comodidad y buena ubicación en el Cono Norte? ¡Este depa es para ti! *Area 70 m² bien distribuidos* 3 habitaciones amplias* 1 baño completo* Cocina grande con gas natural* Piso 4 (sin ascensor) * sin mantenimiento* Entre Av. Los Alisos, Av. Santa Rosa y Av. Carlos Izaguirre* Solo S/ 690 mensuales* Condiciones sencillas: - 1x1 (adelanto + garantía) - Sustento de ingresos- Buen Infocorp- Se da preferencia a inquilinos nacionales- Escríbenos ahora al Ver datos y agenda tu visita antes que se alquile 121% comprometidos en brindarte un servicio de excelencia.|https://urbania.pe/inmueble/clasificado/alclapin-alquiler-de-departamento-en-san-martin-de-porres-lima-3-dormitorios-148626945?n_src=Listado&n_pg=1&n_pos=16|2026-02-01
urbania|departamentos|alquiler|Lima Norte|San Martin de Porres|"Sta. Mercedes 308 al 300
San Martín de Porres, Lima"|S/ 1,000|1000||||"110 m² tot.
2 dorm.
1 baño"|110|2|||Contacto: narcelis mata cel: 9*1*7*1*9*9*6*2*9 Alquiler de Departamento en Av. Santa Mercedes, Urb. Palao (smp) Se ofrece en alquiler un cómodo departamento ubicado a pocos minutos de la Panamericana Norte, Av. Alfredo Mendiola, grifos, uni, británico, hospital clínica y universidad Cayetano Heredia, colegios, restaurantes, tiendas y Plaza Norte. Características principales: Área: 110 m²2 habitaciones (la principal con walking closet) 1 baño completo Vista exterior Cocina cerrada con muebles altos y bajos Sala-comedor amplia y acogedora Espacio adicional ideal para depósito Luz y agua con medidores independientes Se acepta 1 mascota pequeña con mucho gustoCondiciones: No se alquila a extranjeros Requiere 1 mes de adelanto y 1 mes de garantía Historial favorable en Infocorp y buen score crediticio Certiadulto vigente Últimas 3 boletas de pago Para independientes: ficha ruc e ingresos del último añocontacto: narcelis mata cel: 9*1*7*1*9*9*6*2*9 id: 1*1*3*5*3*4*0|https://urbania.pe/inmueble/clasificado/alclapin-alquiler-de-departamento-en-san-martin-de-porres-lima-2-dormitorios-146155106?n_src=Listado&n_pg=1&n_pos=17|2026-02-01
urbania|departamentos|alquiler|Lima Norte|San Martin de Porres|"0051, San Martín de Porres 15109, Perú
San Martín de Porres, Lima"|S/ 700 · USD 208|700|208|||"45 m² tot.
2 dorm.
1 baño
1 estac."|45|2||1|Ubicación privilegiada: en zona segura y tranquila, rodeada de comercios y con fácil acceso a Av. Pacasmayo, Av. Tomas Valle y Av. Canta Callao Características del Departamento (45 m² – 3er Piso) 2 habitaciones iluminadas 1 baño completo Entrada independiente Vista a la calle Cocina con gas natural Excelente ventilación e iluminación natural Servicios independientes: Luz Agua Gas natural ¡Sin mantenimiento! Se acepta 1 mascota pequeña Cochera: puede parquear al frontis Condiciones: Contrato mínimo: 1 año2 meses de garantía + 1 mes de adelanto (2x1) Ideal para quienes buscan comodidad, seguridad y un espacio práctico en una excelente zona de smp. Agenda tu visita hoy mismo y no dejes pasar esta oportunidadR. U. C Ver datos|https://urbania.pe/inmueble/clasificado/alclapin-alquiler-de-departamento-en-san-martin-de-porres-lima-2-dormitorios-148610773?n_src=Listado&n_pg=1&n_pos=18|2026-02-01
urbania|departamentos|alquiler|Lima Norte|San Martin de Porres|"2wr3+59x, Av. Tantamayo, Lima 15113, Perú
San Martín de Porres, Lima"|S/ 750 · USD 222|750|222|||"80 m² tot.
3 dorm.
1 baño"|80|3|||Departamento de 80 m2 ubicado en avenida Paramonga Residencial Viña delMar Mz A lote 24 en el distrito de San Martin de Porres, a dos cuadras del mercado TantamayoEn edifico de 6 pisos, ingreso y salida independiemteSalaComedorCocina3 habitacionesUn bañoPasadizoTendal en azoteaGas natutal en punto cocinaLuz y agua con contometroCamara en cada pisoPago mensuals/7501x1Sin mascotasNo extramjerosRequisitosSusentar sus ingresosEncontrarse optimo en InfocorpAgendamos visitasContactameR. U. C Ver datos|https://urbania.pe/inmueble/clasificado/alclapin-alquiler-de-departamento-en-san-martin-de-porres-lima-3-dormitorios-148466690?n_src=Listado&n_pg=1&n_pos=19|2026-02-01
urbania|departamentos|alquiler|Lima Norte|San Martin de Porres|"las Brizas al 829
San Martín de Porres, Lima"|S/ 1,500 · USD 450|1500|450|||"108 m² tot.
2 dorm.
1 baño"|108|2|||Contactar: Kely Navarro Diaz9. 0. 2. 5. 2. 0. 4. 1. 0. se alquila 3er piso de 108. 79m2. accesible buena ubicación: lote 33 de la manzana B con frente a calle las brisas. Urbanización Cayetano Heredia – 3to pisomodernos acabados, espacio optimos diseñada para tu nuevo hogar, listo para ocupar. Muy buena iluminacion, frente A un parque. Con gas calidad, agua Y luz. cuenta con 2 habitaciones. 1 baño completo. lavanderia. sala comedorcocina. condiciones: - No se alquila a extranjeros. - No se aceptan familias con mascotas. - máximo 3 personasalquiler: S/1, 500 (1 X 1) arbitrios: 24 mensuales. gas, luz Y agua paga su consumo/ arrendatario. ¡contactanos Y da el siguiente paso para el éxito de tu empresa ¡kely navarro diaz9. 0. 2. 5. 2. 0. 4. 1. 0|https://urbania.pe/inmueble/clasificado/alclapin-alquiler-de-departamento-en-san-martin-de-porres-lima-2-dormitorios-148265240?n_src=Listado&n_pills=%C3%81rea+de+lavander%C3%ADa&n_pg=1&n_pos=20|2026-02-01
urbania|departamentos|alquiler|Lima Norte|San Martin de Porres|"Mz C Lote 13 Los Robles de Santa Rosa
Los Robles De Santa Rosa, San Martín de Porres"|S/ 950 · USD 272|950|272|||"75 m² tot.
3 dorm.
1 baño"|75|3|||Alquiler de moderno departamento ubicado en San Martin de Porres. Este departamento ubicado en 5to piso de estreno y cuenta con las siguientes características: Ubicación: A una cuadra de Av. Pacasmayo - San Martin de Porres, con fácil acceso a una avenida principal, lo que facilita el transporte y conectividad con otras zonas de la ciudad. Habitaciones: Dispone de 3 habitaciones, lo que brinda espacio suficiente para una familia o un grupo de personas que busquen compartir el lugar. Baño: El departamento cuenta con un baño completo. Sala comedor: Espaciosa área de sala comedor, ideal para disfrutar de momentos en familia o con amigos. Cocina: La cocina es al aire, moderna lo que brinda comodidad y calidad en el uso de sus equipos. Precio: El alquiler mensual es de S/900 soles. Condiciones: Un mes de garantía y un mes de adelanto (1x1) Servicios son aparte; luz medidor independiente y agua se comparte con los demás departamentos*buen historial crediticio**no se aceptan mascotas*R. U. C Ver datos|https://urbania.pe/inmueble/clasificado/alclapin-alquiler-de-departamento-en-los-robles-de-santa-rosa-san-martin-de-porres-3-dormitorios-148457211?n_src=Listado&n_pg=1&n_pos=21|2026-02-01
urbania|departamentos|alquiler|Lima Norte|San Martin de Porres|"Urb Los Robles de Santa Rosa
Los Robles De Santa Rosa, San Martín de Porres"|S/ 1,000 · USD 264|1000|264|||"75 m² tot.
3 dorm.
1 baño"|75|3|||Alquiler de departamento en san martin de porres3 Dormitorios, 1 Baño4to Piso, 75 m2 ÁreaPor estrenarDescripción: 3 Dormitorios1 Baño compartido entre habitaciones y visitasSala y comedor amplioCocinaVista exterior (vista al parque) Luz: Medidor independienteAgua: CompartidoEl Edificio: 5 pisos3 departamentos por pisoAzotea para tendalUbicación: Av. Pacasmayo a 3 cuadras de Av. Canta CallaoFácil acceso al transporte público y privadoPrecio: S/ 1000 solesCondiciones: Contrato mínimo: 1 año. 1 mes de adelanto y 1 de garantía (1 x 1) R. U. C Ver datos|https://urbania.pe/inmueble/clasificado/alclapin-alquiler-de-departamento-en-los-robles-de-santa-rosa-san-martin-de-porres-3-dormitorios-142626099?n_src=Listado&n_pg=1&n_pos=22|2026-02-01
urbania|departamentos|alquiler|Lima Norte|San Martin de Porres|"Sta. Alicia 6458 al 6400
San Martín de Porres, Lima"|S/ 900|900||||"56 m² tot.
2 dorm.
1 baño"|56|2|||Contacto: carla picklingcel: 9*2*7*9*9*6*6*7*3¡Disfruta de un departamento práctico, iluminado y con una ubicación envidiable en San Martín de Porres! Ideal para parejas, familias pequeñas o quienes desean vivir en un lugar con gran conectividad. Características del departamento: 2 dormitorios con buena iluminación1 baño completoSala y comedor integradosCocina funcionalAmbientes ventilados y listos para implementar a tu estiloUbicación estratégica: A la altura de la cuadra 21 de la Panamericana NorteCerca de la Urbanización Santa RosaZona residencial de San Martín de PorresAcceso inmediato a avenidas principales, transporte público, mercados y comerciosUn departamento cómodo, práctico y con todo lo necesario para una vida tranquila en una zona de alta demanda. ¡Aprovecha esta oportunidad! Contáctame para coordinar una visita antes de que se alquile. contacto: carla picklingcel: 9*2*7*9*9*6*6*7*3id: 1*1*6*4*6*1*8|https://urbania.pe/inmueble/clasificado/alclapin-alquiler-de-departamento-en-san-martin-de-porres-lima-2-dormitorios-148341771?n_src=Listado&n_pills=%C3%81rea+de+lavander%C3%ADa&n_pg=1&n_pos=23|2026-02-01
urbania|departamentos|alquiler|Lima Norte|San Martin de Porres|"Av. Tantamayo, Lima 15113, Perú
San Martín de Porres, Lima"|S/ 650 · USD 192|650|192|||"70 m² tot.
2 dorm.
1 baño"|70|2|||Departamento ubicado en edificio de 6 pisos, en prolongacion Paramonga a dos cuadras de la avenida TantamayoArea 70 m2Cuenta conSala comedorCocina con punto gas natural2 habitacionesPasadizoTendal en azoteaLuz y agua con contometroCada piso cuenta con camarasIngreso y salida independientePrecios/6501x1RequisitosEncontrarse bien en el sistema financieroSustentar ingresosContactateR. U. C Ver datos|https://urbania.pe/inmueble/clasificado/alclapin-alquiler-de-departamento-en-san-martin-de-porres-lima-2-dormitorios-148469865?n_src=Listado&n_pg=1&n_pos=24|2026-02-01
urbania|departamentos|alquiler|Lima Norte|San Martin de Porres|"Av. Central, Lima 15112, Perú
San Martín de Porres, Lima"|S/ 850 · USD 252|850|252|||"100 m² tot.
3 dorm.
1 baño"|100|3|||Alquiler de Departamento en Estreno 100m2Urbanización Manizales Smp2do piso3 Habitaciones1 sala comedor1 cocina-lavanderia1 bañose permite 1 mascota pequeñacuenta con gas caliddaLuz cuenta con medidor internoaguaCerca al grifo Olimpocerca a la Prolongación Naranjal con PacasmayoFrente a loza deportivaPrecio: S/850. 001 mes de garantía 1 mes de adelanto. R. U. C Ver datos|https://urbania.pe/inmueble/clasificado/alclapin-alquiler-de-departamento-en-san-martin-de-porres-lima-3-dormitorios-148560436?n_src=Listado&n_pills=%C3%81rea+de+lavander%C3%ADa&n_pg=1&n_pos=25|2026-02-01
urbania|departamentos|alquiler|Lima Norte|San Martin de Porres|"las Brizas al 831
San Martín de Porres, Lima"|S/ 1,000 · USD 300|1000|300|||"41 m² tot.
1 dorm.
1 baño"|41|1|||Contactar: Kely Navarro Diaz9. 0. 2. 5. 2. 0. 4. 1. 0. Se alquila departamento 1piso – San Martín de Porres. modernos acabados, espacio optimos diseñada para tu nuevo hogar, listo para ocupar. Muy buena iluminacion, frente A un parque. Con gas calidad, agua Y luz. lote 33 de la manzana B con frente a calle las brisas. Urbanización Cayetano Heredia – 1er 41. 03 m²? Modernos acabados, lista para ocupar. Incluye: 1 habiente Cocina amplia. Lavandería. Ingreso independiente. Ideal para: Estudiantes, pareja joven. - No a extranjeros. - No se aceptan familias con mascotas. Alquiler: S/1, 000 (1x1) Arbitrios: S/41 mensuales Servicios (agua/luz): según consumo. Contáctanos Kely Navarro DíazVer datos|https://urbania.pe/inmueble/clasificado/alclapin-alquiler-de-departamento-en-san-martin-de-porres-lima-1-dormitorio-148292264?n_src=Listado&n_pills=%C3%81rea+de+lavander%C3%ADa&n_pg=1&n_pos=26|2026-02-01
urbania|departamentos|alquiler|Lima Norte|San Martin de Porres|"Canta Callao
San Martín de Porres, Lima"|S/ 1,200|1200||||"88 m² tot.
2 dorm.
2 baños
1 estac."|88|2|2|1|Contacto: joanna gardoiscel: 9*3*9*4*1*9*1*5*6Alquiler de cómodo departamento – Canta Callao*Ubicado a la espalda del Parque Uno – Mi TerruñoEl precio Incluye agua y luzNo paga mantenimiento*88 m² – Piso 4*El departamento cuenta con: - Sala y comedor con buena iluminación- Cocina con lavandería amplia- 2 habitaciones amplias- 2 baños completos con sistema de agua caliente independiente- Se acepta mascota ideal pequeñaExcelente ubicación, a solo 5 minutos de: -Aeropuerto-Hospital ii Luis Negreiros- Tottus- Sodimac- Restaurantes- Farmaciasopcion de cochera en alquiler apartecontrato por 1 año1 de adelanto X 1 de garantiano estar en las centrales de riesgo! Ideal para vivir en una zona tranquila y con fácil acceso a comercios y servicios. ¡Contáctame para agendar una visitacontacto: joanna gardoiscel: 9*3*9*4*1*9*1*5*6id: 1*1*6*4*0*5*6|https://urbania.pe/inmueble/clasificado/alclapin-alquiler-de-departamento-en-san-martin-de-porres-lima-2-dormitorios-148290888?n_src=Listado&n_pills=%C3%81rea+de+lavander%C3%ADa&n_pg=1&n_pos=27|2026-02-01
urbania|departamentos|alquiler|Lima Norte|San Martin de Porres|"0051, San Martín de Porres 15109, Perú
San Martín de Porres, Lima"|S/ 900 · USD 267|900|267|||"70 m² tot.
2 dorm.
1 baño"|70|2|||Alquiler De Departamento Flat – San Martín De Porres 70M² Ubicación privilegiada: Frente a parque, en zona segura y tranquila, rodeada de comercios y con fácil acceso a Av. Pacasmayo, Av. Dominicos y Av. Tomas ValleCaracterísticas del Departamento (70 m² – 1er Piso) 2 habitaciones iluminadas 1 baño completoEntrada independiente Vista a la calle Cocina con reposteros altos y bajos Excelente ventilación e iluminación natural Servicios independientes: Luz Agua Gas natural ¡Sin mantenimiento! Se acepta 1 mascota pequeña Cochera: Puede parquear libre al frontis Condiciones: Contrato mínimo: 1 año1 mes de garantía + 1 mes de adelanto (1x1) Ideal para quienes buscan comodidad, seguridad y un espacio práctico en una excelente zona de smp. Agenda tu visita hoy mismo y no dejes pasar esta oportunidadR. U. C Ver datos|https://urbania.pe/inmueble/clasificado/alclapin-alquiler-de-departamento-en-san-martin-de-porres-lima-2-dormitorios-147440512?n_src=Listado&n_pills=%C3%81rea+de+lavander%C3%ADa&n_pg=1&n_pos=28|2026-02-01
urbania|departamentos|alquiler|Lima Norte|San Martin de Porres|"Sta. Alicia 6458 al 6400
San Martín de Porres, Lima"|S/ 1,500|1500||||"158 m² tot.
3 dorm.
2 baños
1 estac."|158|3|2|1|Contacto: carla picklingcel: 9*2*7*9*9*6*6*7*3¡Descubre un espacio que lo tiene todo! Este departamento en primer piso, ubicado en una zona estratégica de San Martín de Porres, es perfecto para familias que desean comodidad, amplitud y áreas especiales para disfrutar cada día. Características premium del inmueble: -3 dormitorios amplios y bien ventilados-2 baños completos-Sala y comedor espaciosos-Cocina funcional-Lavandería independiente-Zona de bar ideal para reuniones-Jardín para relajarse o recibir visitas-Terraza amplia-2 puertas de ingreso (ideal para independencia y seguridad) -1 estacionamientoAmbientes frescos, iluminados y perfectos para el día a díaUbicación estratégica: A la altura de la cuadra 21 de la Panamericana NorteCerca de la Urbanización Santa RosaZona residencial de San Martín de PorresRápido acceso a avenidas principales, transporte público, mercados y comerciosEste departamento es una joya en primer piso, difícil de encontrar en la zona y perfecto para quienes buscan espacio, comodidad y una excelente ubicación. ¡Una propiedad así se alquila rápido! Contáctame ahora y agenda tu visita antes de que otro lo tome. contacto: carla picklingcel: 9*2*7*9*9*6*6*7*3id: 1*1*6*4*6*1*4|https://urbania.pe/inmueble/clasificado/alclapin-alquiler-de-departamento-en-san-martin-de-porres-lima-3-dormitorios-148341553?n_src=Listado&n_pills=%C3%81rea+de+lavander%C3%ADa&n_pg=1&n_pos=29|2026-02-01
urbania|departamentos|alquiler|Lima Norte|San Martin de Porres|"Av. Alfredo Mendiola 1101
Jardines, San Martín de Porres"|S/ 530|530||||"45 m² tot.
1 dorm.
1 baño"|45|1|||Alquilo amplio mini departamento en alfredo mendiola cuadra 11 san martin de porres 3er piso independiente amplia ventana A la calle baño propio una habitacion salita cocina amplia con espacio para comedor entrada totalmente independiente S/. 530 soles un mes de garantía Y un mes de adelanto cuenta con lavadero de lavanderia Y tendal, luz Y agua S/. 60 soles aproximadamente con medidor de luz cerca A las universidades de ingeniería Y cayetano heredia hospÌtal honorio delgado etc.|https://urbania.pe/inmueble/clasificado/alclapin-alquiler-de-departamento-en-jardines-san-martin-de-porres-1-dormitorio-148768018?n_src=Listado&n_pills=%C3%81rea+de+lavander%C3%ADa&n_pg=1&n_pos=30|2026-02-01
urbania|departamentos|alquiler|Lima Norte|San Martin de Porres|"JR PASCO 3287
Peru, San Martín de Porres"|S/ 1,200|1200|||50|"60 m² tot.
2 dorm.
2 baños
1 estac."|60|2|2|1|Asesor Inmobiliario: Ysabel Asto. Contacto: *9*9*5*6*5*6*7*9*5. S/1, 200 alquiler (No negociable). Mantenimiento: S/50. ac = 60 m2. Cochera frontis. condiciones: * Solo personas que cuenten con dni. * Disponibilidad inmediata. Características Y distribución: Ideal para familias o parejas. Sala con terraza (con vista al área de juegos y relax). Cocina kitchenette moderna - Equipada con: Cocina, Horno, Campana Extractora empotrada, Refrigerador grande y espacioso, Mesa de granito, Muebles altos y bajos de melamina, cuenta con Gas Cálidda. . 2 habitaciones con closets de melanina bien distribuidos. . 2 baños Modernos (cuarto principal y de visitas) completo, puerta de ducha vidrio templado, muebles altos y bajos de melamina. . Área de Estudio y/o Biblioteca (Escritorios de melamina empotrado) . Área de Lavandería y lavadero de loza (Los tendales en la Azotea). . Cuenta con Gas Cálidda y Agua caliente en todo el departamento Y Therma. . Piso 04. . Tanque de agua en Azotea. . Portero Eléctrico e intercomunicador. . Cochera en el frontis. . Zona Segura cuenta con cámaras y caseta de vigilancia 24 horas, intercomunicados con la Comisaria de Barboncitos que corresponde a la zona. 4 accesos al jirón Pasco “Parque Ricardo Palma”, las rejas se cierran a las 6 pm de la tarde, quedando solo la de la Avenida Perú para ingreso y salida vehicular. Es un hermoso e iluminado departamento moderno a la altura de la cuadra 32 de la Avenida Perú en San Martin de Porres, espalda de la clínica San Vicente, rodeado de un parque y de múltiples negocios y comercios para su comodidad, muy bien diseñado lo cual hace que los espacios sean amplios y aprovechados al máximo. Asesor Inmobiliario: Ysabel Asto. Contacto: *9*9*5*6*5*6*7*9*5. resumen: Antigüedad: 2 Años. # de dormitorios: 2 dormitorios. # Cochera: Frontis. # de baños: 2 baños. M2 ocupados: 60 m2. M2 en total: 60 m2|https://urbania.pe/inmueble/clasificado/alclapin-alquiler-de-departamento-en-peru-san-martin-de-porres-2-dormitorios-144799660?n_src=Listado&n_pills=Frente+a+parque&n_pg=2&n_pos=1|2026-02-01
urbania|departamentos|alquiler|Lima Norte|San Martin de Porres|"Urb. Narajal - Smp, Mz A Lt 29 Urb Boulevard de Naranjal Piso 2
San Martín de Porres, Lima"|S/ 850|850||||"60 m² tot.
2 dorm.
1 baño"|60|2|||Alquiler de departamento en segundo piso, con espacios ideales para ti. Estilo moderno, con vista exterior, habitaciones amplias donde puedes poner hasta una cama king!. *características: - 60 Mt2- Segundo Piso- Sala, Comedor- Baño completo- Cocina con instalación de gas naturalcondiciones de alquiler: - Se admite una mascota pequeña (gato, loro, hámster) - Servicios (luz y gas natural). - Servicio de agua. - Precio de alquiler: S/ 900. 00- Condiciones: 2 meses de garantía, un mes adelantado- Contrato mínimo: 1 año (legalizado en notaría) requisitos: - no estar reportado negativamente en centrales de riesgo- no contar con antecedentes policiales- tener sustento documentado de ingreso|https://urbania.pe/inmueble/clasificado/alclapin-alquiler-de-departamento-en-san-martin-de-porres-lima-2-dormitorios-148345309?n_src=Listado&n_pg=2&n_pos=2|2026-02-01
urbania|departamentos|alquiler|Lima Norte|San Martin de Porres|"Mz C Lote 11
San Juan De Dios, San Martín de Porres"|S/ 850 · USD 250|850|250|||"70 m² tot.
2 dorm.
1 baño"|70|2|||Agente Mike Cadenas telefo 974*624*682Exclusivo departamento en Piso 5 en Urb Montecarlo etapa 1 a 1 cdra del cruce de av. Izaguirre y 12 de Octubre y a ½ cdra de av Daniel A. Carrión, cerca a Mercados, Markets, parque, pollerías, canchas deportivas, seguridad las 24 horasÁrea 70m2Piso 5Distribución: Sala- comedor vista CalleCocina tipo kitchenette en mayólica y con gas naturalZona de Lavandería1er Dormitorio principal amplio para cama de 2 plazas vista interna2do Dormitorio con vista interna1 baño completo compartidoLimpieza 10 soles mensualesRenta mensual de S/ 850 SolesCondiciones: • 1 x 1 (mes de adelanto y mes de garantía) • No mascotas• Contrato 1 año con firma en NotariaRequisitos: • Interesados tener buen comportamiento la Central de Riesgo• sustentar ingresos (3 ultimas boletas de pago o independiente 3 últimos Pdts o Recibo por Honorario) • Antecedentes penales y policialesBeneficios: - Gas natural con medidor propio- agua y luz independiente con Contómetro- Zona de tendal en el ultimo pisoVivir en una de la zona más segura y tranquila de smp cerca a parques, zona de juegos para niños, canchas deportivas, bodegas, pollerías, lavanderías, etc. Contacto: Mike CadenasTelefono: 974*624*682|https://urbania.pe/inmueble/clasificado/alclapin-alquiler-de-departamento-en-san-juan-de-dios-san-martin-de-porres-2-dormitorios-148739127?n_src=Listado&n_pills=Seguridad&n_pg=2&n_pos=3|2026-02-01
urbania|departamentos|alquiler|Lima Norte|San Martin de Porres|"Monte de los Olivos
San Martín de Porres, Lima"|S/ 890|890||||"90 m² tot.
3 dorm.
2 baños"|90|3|2||*Alquiler de departamento en San Martin de Porres! * 90M2, quinto piso, sin ascensor. Ubicado en calle monte de los olivos, Urb. San Remo, a 2 cuadras entre la Av. Alisos y la Av. Canta. Consta de 3 dormitorios, 2 baños, sala comedor, cocina y lavandería. Reposteros a tratar. Mascota chica permitida. Cochera no disponible. Solicita vídeo al interno. *Condiciones del trato: * - S/900 (1x1) - Pago de servicios por consumo propio. - Contar con ingresos sustentados con boleta o reporte tributario. - No registrar deudas vencidas al menos el titular que firma. solo whatsapp. -kissy: Ver datos. -camila: Ver datos. -nelsy: Ver datos. broker en linea group|https://urbania.pe/inmueble/clasificado/alclapin-alquiler-de-departamento-en-san-martin-de-porres-lima-3-dormitorios-148825700?n_src=Listado&n_pills=%C3%81rea+de+lavander%C3%ADa&n_pg=2&n_pos=4|2026-02-01
urbania|departamentos|alquiler|Lima Norte|San Martin de Porres|"2V5R+QV2, San Martín de Porres 15
San Martín de Porres, Lima"|S/ 1,000|1000||||"100 m² tot.
2 dorm.
1 baño"|100|2|||Contacto: luisa peralta // cel: 960*412*660. Departamento Flat en Alquiler – San Martín de Porres. Se alquila acogedor y funcional departamento flat en alquiler, ubicado en el distrito de San Martín de Porres, en una excelente zona entre la avenida Dominicos y la avenida Canta Callao, muy cerca de la avenida Carlos Izaguirre, con fácil acceso a principales vías y transporte público. La zona cuenta con una amplia oferta de tiendas comerciales, grifos, farmacias, supermercados, restaurantes y otros servicios esenciales, lo que la convierte en una ubicación práctica y conveniente. El departamento dispone de: Sala comedor. 2 habitaciones amplias, bien ventiladas. 1 baño completo. Cocina con buena iluminación natural. Contáctame para más información o para agendar una visita.|https://urbania.pe/inmueble/clasificado/alclapin-alquiler-de-departamento-en-san-martin-de-porres-lima-2-dormitorios-148479909?n_src=Listado&n_pg=2&n_pos=5|2026-02-01
urbania|departamentos|alquiler|Lima Norte|San Martin de Porres|"Urb San Francisco de Cayran Mz H lote 7
San Francisco De Cayran, San Martín de Porres"|S/ 1,100|1100||||"160 m² tot.
2 dorm.
1 baño"|160|2|||Departamento semi amoblado, cocina totalmente equipada, cuarto principal con ropero empotrado, centro de entretenimiento, y con tarima. Baño con acabados completos. Sala y comedor y lavandería.|https://urbania.pe/inmueble/clasificado/alclappa-alquiler-de-departamento-en-san-francisco-de-cayran-san-martin-de-porres-2-dormitorios-148799307?n_src=Listado&n_pills=%C3%81rea+de+lavander%C3%ADa&n_pg=2&n_pos=6|2026-02-01
urbania|departamentos|alquiler|Lima Norte|San Martin de Porres|"Las Dalias 115
San Martín de Porres, Lima"|S/ 900|900||||"80 m² tot.
3 dorm.
1 baño"|80|3|||Departamento en alquiler en San Martín de Porres, ideal para familias. Ubicado en el piso 2 de un edificio de 2 pisos con 2 departamentos. Cuenta con 80 m² de superficie construida, distribuidos en 3 dormitorios y 1 baño. Disfruta de una cocina funcional y espacios bien iluminados. El departamento ofrece un balcón y una terraza para disfrutar del aire libre. En los alrededores, encontrarás escuelas cercanas, facilitando el acceso a la educación para tus hijos. San Martín de Porres es una zona residencial con acceso a diversos servicios. Encontrarás mercados locales y tiendas de conveniencia. El transporte público es accesible, con varias líneas de autobuses disponibles. La zona ofrece un ambiente familiar y dinámico, ideal para establecer tu hogar. Llamar a este numero para coordinar la visita: Ver datos|https://urbania.pe/inmueble/clasificado/alclapin-alquiler-de-departamento-en-san-martin-de-porres-lima-3-dormitorios-148799355?n_src=Listado&n_pills=Cerca+a+colegios&n_pg=2&n_pos=7|2026-02-01
urbania|departamentos|alquiler|Lima Norte|San Martin de Porres|"jiron huancavelica 3071
San Martín de Porres, Lima"|"S/ 800
11%"|800||11%||"60 m² tot.
1 dorm.
1 baño"|60|1|||"¿Buscas comodidad y cercanía? Este acogedor departamento de 60 m² es perfecto para quienes valoran vivir cerca de todo. Ubicado a un paso del cruce de Av. Perú con Av. Universitaria, tendrás transporte, comercio y servicios a la mano. Lo que te encantará: ️ Iluminación top: Ventanales grandes que inundan de luz natural cada rincón. ️ Espacios Inteligentes: Sala-comedor amplia para tus reuniones y cocina equipada con muebles bajos. ️ Versatilidad: 1 dormitorio principal + 1 habitación multiusos (ideal para oficina/home office o cuarto de visitas). Privacidad: Ubicado en el 3er piso, con acceso independiente y seguro. Inversión: S/ 800 mensuales. (Condiciones: 2x1 | Sustento de ingresos e Infocorp 100% verde | No mascotas)."|https://urbania.pe/inmueble/clasificado/alclapin-alquiler-de-departamento-en-san-martin-de-porres-lima-1-dormitorio-148571997?n_src=Listado&n_pg=2&n_pos=8|2026-02-01
urbania|departamentos|alquiler|Lima Norte|San Martin de Porres|"Jade 196
San Martín de Porres, Lima"|S/ 1,000|1000||||"70 m² tot.
2 dorm.
1 baño"|70|2|||Contacto: fiorella contreras // cel: 983*719*238. Se alquila acogedor departamento en San Martín de Porres, ubicado en una zona céntrica y tranquila, frente a un hermoso parque, ideal para disfrutar de áreas verdes y buena iluminación natural. Cuenta con: 2 dormitorios. 1 baño. Sala cómoda. Cocina funcional. Excelente ubicación, cerca de las avenidas Izaguirre y Universitaria, con fácil acceso a transporte público, comercios, mercados y servicios esenciales. Ideal para familias o parejas que buscan comodidad y buena ubicación|https://urbania.pe/inmueble/clasificado/alclapin-alquiler-de-departamento-en-san-martin-de-porres-lima-2-dormitorios-148549518?n_src=Listado&n_pg=2&n_pos=9|2026-02-01
urbania|departamentos|alquiler|Lima Norte|Ancon|"MALECON SAN MARTIN
Ancón, Lima"|S/ 31,320 · USD 200,000|31320|200000||500|"250 m² tot.
3 baños"|250||3||Alquiler la temporada hasta semana santa $ 9, 0000 dolares! Malecón San Martin. Edificio Ancon I. 8A. 250 mts2 (Es grande 250 mt y tiene una tremenda terraza, 12 x 4 aprox. 4 dorms / 3 baños. Sala comedor de diario, terraza amplia con comedor, en la mejor ubicación del balneario. 2 dormitorios c baño de servicio. Preciosa vista! El edificio es antiguo pero está bien mantenido, incluso el ascensor lo cambiaron hace poco. -El mantenimiento es. S/1500 trimestral. precio de venta $200, 000|https://urbania.pe/inmueble/clasificado/veclapin-venta-de-departamento-en-ancon-lima-146526629?n_src=Listado&n_pills=Ascensor&n_pg=1&n_pos=1|2026-02-01
